freeze OK t1=5ae1bdb0e71a all=0eeb421b90d4 engine={'engine_image': 'quantconnect/lean@sha256:dc84a683464681b2e6c9579bc7655e16d4802380367c77004e40a6a504088bd7', 'lean_cli': 'lean 1.0.227', 'git_rev': '9b3fa77586929e65f82783a225e06d28a144ecf1'}
jobs=2367 workers=8
[1/2367] BANK2_DONOR_pin__ref: exit=1 fills=None (6.9s)
[2/2367] BANK2_DONOR_pin__OAT_rsi_exit-cross: ok fills=250 (61.9s)
[3/2367] BANK2_DONOR_pin__OAT_warmup-ready_per_rule: ok fills=270 (64.6s)
[4/2367] BANK2_DONOR_pin__OAT_same_bar_reentry-wait_bar: ok fills=266 (66.8s)
[5/2367] BANK2_DONOR_pin__OAT_input_field-raw: ok fills=280 (67.3s)
[6/2367] BANK2_DONOR_pin__OAT_rsi_smoothing-simple: ok fills=320 (68.0s)
[7/2367] BANK2_DONOR_pin__OAT_a_exec-set_holdings: ok fills=270 (70.9s)
[8/2367] BANK2_DONOR_pin__OAT_warmup-ready_check: ok fills=266 (71.1s)
[9/2367] BANK2_DONOR_pin__OAT_cross_timing-today_ma: ok fills=266 (64.5s)
[10/2367] BANK2_DONOR_pin__SPOT_all_excluded_off: ok fills=280 (53.8s)
[11/2367] BANK2_BL-01a_SMA__ref: ok fills=270 (55.0s)
[12/2367] BANK2_BL-01a_SMA__T_cross_-both_d_input_-raw_warmup-strict: ok fills=280 (53.0s)
[13/2367] BANK2_BL-01a_SMA__T_cross_-today__input_-adjust_warmup-strict: ok fills=266 (57.9s)
[14/2367] BANK2_BL-01a_SMA__T_cross_-today__input_-raw_warmup-ready_: exit=1 fills=None (9.0s)
[15/2367] BANK2_BL-01a_SMA__T_cross_-today__input_-raw_warmup-strict: ok fills=278 (57.6s)
[16/2367] BANK2_BL-01a_SMA__T_cross_-both_d_input_-adjust_warmup-ready_: ok fills=266 (58.9s)
[17/2367] BANK2_BL-01a_SMA__OAT_rsi_exit-cross: exit=1 fills=None (9.7s)
[18/2367] BANK2_BL-01a_SMA__T_cross_-today__input_-adjust_warmup-ready_: ok fills=262 (58.9s)
[19/2367] BANK2_BL-01a_SMA__T_cross_-both_d_input_-raw_warmup-ready_: ok fills=276 (61.9s)
[20/2367] BANK2_BL-01a_SMA__OAT_rsi_smoothing-simple: ok fills=282 (49.0s)
[21/2367] BANK2_BL-01a_SMA__OAT_same_bar_reentry-wait_bar: ok fills=266 (49.0s)
[22/2367] BANK2_BL-01a_SMA__SPOT_all_excluded_off: ok fills=270 (48.5s)
[23/2367] BANK2_BL-01a_SMA__OAT_a_exec-set_holdings: ok fills=270 (49.7s)
[24/2367] BANK2_BL-01a_EMA__ref_wb-150: ok fills=282 (47.2s)
[25/2367] BANK2_BL-01a_EMA__ref: ok fills=282 (49.2s)
[26/2367] BANK2_BL-01a_EMA__ref_wb-252: ok fills=282 (48.4s)
[27/2367] BANK2_BL-01a_EMA__ref_wb-200: ok fills=282 (53.9s)
[28/2367] BANK2_BL-01a_EMA__T_cross_-today__input_-adjust_warmup-strict: ok fills=282 (57.0s)
[29/2367] BANK2_BL-01a_EMA__T_cross_-today__input_-adjust_warmup-strict_wb-252: ok fills=282 (53.5s)
[30/2367] BANK2_BL-01a_EMA__T_cross_-today__input_-adjust_warmup-strict_wb-200: ok fills=282 (57.7s)
[31/2367] BANK2_BL-01a_EMA__T_cross_-both_d_input_-raw_warmup-strict: ok fills=292 (55.5s)
[32/2367] BANK2_BL-01a_EMA__T_cross_-today__input_-adjust_warmup-strict_wb-150: ok fills=282 (64.5s)
[33/2367] BANK2_BL-01a_EMA__T_cross_-both_d_input_-raw_warmup-strict_wb-150: ok fills=294 (60.3s)
[34/2367] BANK2_BL-01a_EMA__T_cross_-both_d_input_-raw_warmup-strict_wb-200: ok fills=294 (59.6s)
[35/2367] BANK2_BL-01a_EMA__T_cross_-both_d_input_-raw_warmup-strict_wb-252: ok fills=294 (62.0s)
[36/2367] BANK2_BL-01a_EMA__T_cross_-today__input_-raw_warmup-strict: ok fills=292 (53.9s)
[37/2367] BANK2_BL-01a_EMA__T_cross_-today__input_-raw_warmup-strict_wb-150: ok fills=294 (55.3s)
[38/2367] BANK2_BL-01a_EMA__T_cross_-today__input_-raw_warmup-strict_wb-200: ok fills=294 (53.1s)
[39/2367] BANK2_BL-01a_EMA__T_cross_-today__input_-raw_warmup-strict_wb-252: ok fills=294 (52.6s)
[40/2367] BANK2_BL-01a_EMA__T_cross_-today__input_-adjust_warmup-ready_: ok fills=284 (52.8s)
[41/2367] BANK2_BL-01a_EMA__T_cross_-both_d_input_-adjust_warmup-ready_: ok fills=284 (54.3s)
[42/2367] BANK2_BL-01a_EMA__T_cross_-both_d_input_-raw_warmup-ready_: ok fills=286 (53.8s)
[43/2367] BANK2_BL-01a_EMA__T_cross_-today__input_-raw_warmup-ready_: ok fills=286 (54.0s)
[44/2367] BANK2_BL-01a_EMA__OAT_rsi_smoothing-simple: ok fills=332 (50.8s)
[45/2367] BANK2_BL-01a_EMA__OAT_rsi_exit-cross: ok fills=262 (52.3s)
[46/2367] BANK2_BL-01a_EMA__OAT_a_exec-set_holdings: ok fills=282 (54.2s)
[47/2367] BANK2_BL-01a_EMA__OAT_same_bar_reentry-wait_bar: ok fills=278 (55.2s)
[48/2367] BANK2_BL-01a_WMA__T_cross_-both_d_input_-raw_warmup-ready_: exit=1 fills=None (9.3s)
[49/2367] BANK2_BL-01a_WMA__ref: ok fills=314 (57.4s)
[50/2367] BANK2_BL-01a_WMA__T_cross_-today__input_-adjust_warmup-strict: ok fills=312 (58.0s)
[51/2367] BANK2_BL-01a_EMA__SPOT_all_excluded_off: ok fills=282 (61.6s)
[52/2367] BANK2_BL-01a_WMA__T_cross_-both_d_input_-raw_warmup-strict: ok fills=308 (61.3s)
[53/2367] BANK2_BL-01a_WMA__T_cross_-today__input_-raw_warmup-strict: ok fills=302 (59.4s)
[54/2367] BANK2_BL-01a_WMA__T_cross_-both_d_input_-adjust_warmup-ready_: ok fills=308 (56.2s)
[55/2367] BANK2_BL-01a_WMA__T_cross_-today__input_-adjust_warmup-ready_: ok fills=306 (53.1s)
[56/2367] BANK2_BL-01a_WMA__OAT_rsi_smoothing-simple: ok fills=364 (55.2s)
[57/2367] BANK2_BL-01a_WMA__T_cross_-today__input_-raw_warmup-ready_: ok fills=294 (57.3s)
[58/2367] BANK2_BL-01a_WMA__OAT_rsi_exit-cross: ok fills=294 (55.1s)
[59/2367] BANK2_BL-01a_WMA__OAT_a_exec-set_holdings: ok fills=314 (58.4s)
[60/2367] BANK2_BL-01a_WMA__OAT_same_bar_reentry-wait_bar: ok fills=310 (58.6s)
[61/2367] BANK2_BL-01a_WMA__SPOT_all_excluded_off: ok fills=314 (53.9s)
[62/2367] BANK2_BL-01b_p10__T_cross_-today__input_-adjust_warmup-strict: ok fills=600 (55.4s)
[63/2367] BANK2_BL-01b_p10__ref: ok fills=628 (56.6s)
[64/2367] BANK2_BL-01b_p10__T_cross_-both_d_input_-raw_warmup-strict: ok fills=610 (56.2s)
[65/2367] BANK2_BL-01b_p10__T_cross_-today__input_-raw_warmup-strict: ok fills=582 (55.7s)
[66/2367] BANK2_BL-01b_p10__T_cross_-both_d_input_-adjust_warmup-ready_: ok fills=626 (56.4s)
[67/2367] BANK2_BL-01b_p10__T_cross_-today__input_-adjust_warmup-ready_: ok fills=598 (61.2s)
[68/2367] BANK2_BL-01b_p10__T_cross_-both_d_input_-raw_warmup-ready_: ok fills=608 (58.3s)
[69/2367] BANK2_BL-01b_p10__T_cross_-today__input_-raw_warmup-ready_: ok fills=580 (55.6s)
[70/2367] BANK2_BL-01b_p10__OAT_rsi_smoothing-simple: ok fills=678 (54.9s)
[71/2367] BANK2_BL-01b_p10__OAT_rsi_exit-cross: ok fills=608 (55.3s)
[72/2367] BANK2_BL-01b_p10__OAT_a_exec-set_holdings: ok fills=628 (55.3s)
[73/2367] BANK2_BL-01b_p10__OAT_same_bar_reentry-wait_bar: ok fills=624 (55.7s)
[74/2367] BANK2_BL-01b_p10__SPOT_all_excluded_off: ok fills=628 (60.0s)
[75/2367] BANK2_BL-01b_p20__ref: ok fills=474 (56.5s)
[76/2367] BANK2_BL-01b_p20__T_cross_-today__input_-adjust_warmup-strict: ok fills=450 (57.3s)
[77/2367] BANK2_BL-01b_p20__T_cross_-both_d_input_-raw_warmup-strict: ok fills=462 (55.3s)
[78/2367] BANK2_BL-01b_p20__T_cross_-today__input_-raw_warmup-strict: ok fills=432 (54.6s)
[79/2367] BANK2_BL-01b_p20__T_cross_-both_d_input_-adjust_warmup-ready_: ok fills=470 (58.3s)
[80/2367] BANK2_BL-01b_p20__T_cross_-today__input_-adjust_warmup-ready_: ok fills=446 (50.9s)
[81/2367] BANK2_BL-01b_p20__T_cross_-both_d_input_-raw_warmup-ready_: ok fills=458 (50.2s)
[82/2367] BANK2_BL-01b_p20__T_cross_-today__input_-raw_warmup-ready_: ok fills=428 (55.2s)
[83/2367] BANK2_BL-01b_p20__OAT_rsi_smoothing-simple: ok fills=524 (55.7s)
[84/2367] BANK2_BL-01b_p20__OAT_rsi_exit-cross: ok fills=454 (56.1s)
[85/2367] BANK2_BL-01b_p50__T_cross_-today__input_-raw_warmup-strict: exit=1 fills=None (6.2s)
[86/2367] BANK2_BL-01b_p20__OAT_same_bar_reentry-wait_bar: ok fills=470 (52.0s)
[87/2367] BANK2_BL-01b_p20__OAT_a_exec-set_holdings: ok fills=474 (56.8s)
[88/2367] BANK2_BL-01b_p20__SPOT_all_excluded_off: ok fills=474 (59.9s)
[89/2367] BANK2_BL-01b_p50__ref: ok fills=344 (54.9s)
[90/2367] BANK2_BL-01b_p50__T_cross_-today__input_-adjust_warmup-strict: ok fills=332 (55.7s)
[91/2367] BANK2_BL-01b_p50__T_cross_-both_d_input_-raw_warmup-strict: ok fills=343 (57.5s)
[92/2367] BANK2_BL-01b_p50__T_cross_-both_d_input_-adjust_warmup-ready_: ok fills=338 (60.1s)
[93/2367] BANK2_BL-01b_p50__T_cross_-today__input_-adjust_warmup-ready_: ok fills=328 (60.8s)
[94/2367] BANK2_BL-01b_p50__T_cross_-both_d_input_-raw_warmup-ready_: ok fills=335 (54.6s)
[95/2367] BANK2_BL-01b_p50__T_cross_-today__input_-raw_warmup-ready_: ok fills=333 (55.5s)
[96/2367] BANK2_BL-01b_p50__OAT_rsi_smoothing-simple: ok fills=394 (53.3s)
[97/2367] BANK2_BL-01b_p50__OAT_a_exec-set_holdings: ok fills=344 (52.8s)
[98/2367] BANK2_BL-01b_p50__OAT_rsi_exit-cross: ok fills=324 (56.8s)
[99/2367] BANK2_BL-01b_p50__OAT_same_bar_reentry-wait_bar: ok fills=340 (50.0s)
[100/2367] BANK2_BL-01b_p50__SPOT_all_excluded_off: ok fills=344 (51.2s)
[101/2367] BANK2_BL-01b_p100__ref: ok fills=270 (52.6s)
[102/2367] BANK2_BL-01b_p100__T_cross_-today__input_-adjust_warmup-strict: ok fills=266 (53.9s)
[103/2367] BANK2_BL-01b_p100__T_cross_-both_d_input_-raw_warmup-strict: ok fills=280 (53.4s)
[104/2367] BANK2_BL-01b_p100__T_cross_-today__input_-raw_warmup-strict: ok fills=278 (55.4s)
[105/2367] BANK2_BL-01b_p100__T_cross_-both_d_input_-adjust_warmup-ready_: ok fills=266 (58.0s)
[106/2367] BANK2_BL-01b_p100__T_cross_-today__input_-adjust_warmup-ready_: ok fills=262 (56.7s)
[107/2367] BANK2_BL-01b_p100__T_cross_-both_d_input_-raw_warmup-ready_: ok fills=276 (52.7s)
[108/2367] BANK2_BL-01b_p100__T_cross_-today__input_-raw_warmup-ready_: ok fills=274 (57.2s)
[109/2367] BANK2_BL-01b_p100__OAT_rsi_smoothing-simple: ok fills=320 (55.4s)
[110/2367] BANK2_BL-01b_p100__OAT_rsi_exit-cross: ok fills=250 (56.3s)
[111/2367] BANK2_BL-01b_p100__OAT_a_exec-set_holdings: ok fills=270 (56.2s)
[112/2367] BANK2_BL-01b_p100__OAT_same_bar_reentry-wait_bar: ok fills=266 (57.4s)
[113/2367] BANK2_BL-01b_p100__SPOT_all_excluded_off: ok fills=270 (56.5s)
[114/2367] BANK2_BL-01b_p200__ref: ok fills=216 (56.1s)
[115/2367] BANK2_BL-01b_p200__T_cross_-today__input_-adjust_warmup-strict: ok fills=216 (57.0s)
[116/2367] BANK2_BL-01b_p200__T_cross_-today__input_-raw_warmup-strict: ok fills=213 (53.3s)
[117/2367] BANK2_BL-01b_p200__T_cross_-both_d_input_-raw_warmup-strict: ok fills=215 (55.5s)
[118/2367] BANK2_BL-01b_p200__T_cross_-both_d_input_-adjust_warmup-ready_: ok fills=196 (53.9s)
[119/2367] BANK2_BL-01b_p200__T_cross_-today__input_-adjust_warmup-ready_: ok fills=196 (52.8s)
[120/2367] BANK2_BL-01b_p200__T_cross_-both_d_input_-raw_warmup-ready_: ok fills=191 (54.5s)
[121/2367] BANK2_BL-01b_p200__OAT_rsi_smoothing-simple: ok fills=266 (55.3s)
[122/2367] BANK2_BL-01b_p200__T_cross_-today__input_-raw_warmup-ready_: ok fills=189 (64.0s)
[123/2367] BANK2_BL-01c_SMA10__T_cross_-today__input_-raw_warmup-strict: cached
[124/2367] BANK2_BL-01c_SMA10__T_cross_-both_d_input_-adjust_warmup-ready_: cached
[125/2367] BANK2_BL-01c_SMA10__T_cross_-today__input_-adjust_warmup-ready_: cached
[126/2367] BANK2_BL-01c_SMA10__T_cross_-both_d_input_-raw_warmup-ready_: cached
[127/2367] BANK2_BL-01b_p200__OAT_rsi_exit-cross: ok fills=196 (59.8s)
[128/2367] BANK2_BL-01c_SMA10__OAT_rsi_smoothing-simple: cached
[129/2367] BANK2_BL-01c_SMA10__OAT_rsi_exit-cross: cached
[130/2367] BANK2_BL-01c_SMA10__OAT_a_exec-set_holdings: cached
[131/2367] BANK2_BL-01c_SMA10__OAT_same_bar_reentry-wait_bar: cached
[132/2367] BANK2_BL-01c_SMA10__SPOT_all_excluded_off: cached
[133/2367] BANK2_BL-01c_SMA20__ref: cached
[134/2367] BANK2_BL-01c_SMA20__T_cross_-today__input_-adjust_warmup-strict: cached
[135/2367] BANK2_BL-01c_SMA20__T_cross_-both_d_input_-raw_warmup-strict: cached
[136/2367] BANK2_BL-01c_SMA20__T_cross_-today__input_-raw_warmup-strict: cached
[137/2367] BANK2_BL-01b_p200__OAT_a_exec-set_holdings: ok fills=216 (57.1s)
[138/2367] BANK2_BL-01b_p200__OAT_same_bar_reentry-wait_bar: ok fills=212 (57.8s)
[139/2367] BANK2_BL-01b_p200__SPOT_all_excluded_off: ok fills=216 (57.6s)
[140/2367] BANK2_BL-01c_SMA10__ref: ok fills=628 (57.1s)
[141/2367] BANK2_BL-01c_SMA10__T_cross_-today__input_-adjust_warmup-strict: ok fills=470 (54.5s)
[142/2367] BANK2_BL-01c_SMA10__T_cross_-both_d_input_-raw_warmup-strict: ok fills=610 (56.0s)
[143/2367] BANK2_BL-01c_SMA10__T_cross_-today__input_-raw_warmup-ready_: ok fills=580 (56.7s)
[144/2367] BANK2_BL-01c_SMA20__T_cross_-both_d_input_-adjust_warmup-ready_: ok fills=470 (59.1s)
[145/2367] BANK2_BL-01c_SMA20__T_cross_-today__input_-adjust_warmup-ready_: ok fills=446 (53.5s)
[146/2367] BANK2_BL-01c_SMA20__T_cross_-both_d_input_-raw_warmup-ready_: ok fills=458 (54.8s)
[147/2367] BANK2_BL-01c_SMA20__OAT_rsi_smoothing-simple: ok fills=524 (52.0s)
[148/2367] BANK2_BL-01c_SMA20__T_cross_-today__input_-raw_warmup-ready_: ok fills=428 (53.4s)
[149/2367] BANK2_BL-01c_SMA20__OAT_rsi_exit-cross: ok fills=454 (47.8s)
[150/2367] BANK2_BL-01c_SMA20__OAT_a_exec-set_holdings: ok fills=474 (50.9s)
[151/2367] BANK2_BL-01c_SMA20__OAT_same_bar_reentry-wait_bar: ok fills=470 (50.7s)
[152/2367] BANK2_BL-01c_SMA20__SPOT_all_excluded_off: ok fills=474 (53.3s)
[153/2367] BANK2_BL-01c_SMA50__ref: ok fills=344 (54.1s)
[154/2367] BANK2_BL-01c_SMA50__T_cross_-today__input_-adjust_warmup-strict: ok fills=332 (53.3s)
[155/2367] BANK2_BL-01c_SMA50__T_cross_-today__input_-raw_warmup-strict: ok fills=341 (54.7s)
[156/2367] BANK2_BL-01c_SMA50__T_cross_-both_d_input_-raw_warmup-strict: ok fills=343 (55.5s)
[157/2367] BANK2_BL-01c_SMA50__T_cross_-both_d_input_-adjust_warmup-ready_: ok fills=338 (52.1s)
[158/2367] BANK2_BL-01c_SMA50__T_cross_-today__input_-adjust_warmup-ready_: ok fills=328 (52.8s)
[159/2367] BANK2_BL-01c_SMA50__T_cross_-both_d_input_-raw_warmup-ready_: ok fills=335 (49.7s)
[160/2367] BANK2_BL-01c_SMA50__T_cross_-today__input_-raw_warmup-ready_: ok fills=333 (47.7s)
[161/2367] BANK2_BL-01c_SMA50__OAT_rsi_smoothing-simple: ok fills=394 (51.3s)
[162/2367] BANK2_BL-01c_SMA50__OAT_rsi_exit-cross: ok fills=324 (49.6s)
[163/2367] BANK2_BL-01c_SMA50__OAT_a_exec-set_holdings: ok fills=344 (50.9s)
[164/2367] BANK2_BL-01c_SMA50__SPOT_all_excluded_off: ok fills=344 (53.8s)
[165/2367] BANK2_BL-01c_SMA50__OAT_same_bar_reentry-wait_bar: ok fills=340 (58.6s)
[166/2367] BANK2_BL-01c_SMA100__ref: ok fills=270 (53.9s)
[167/2367] BANK2_BL-01c_SMA100__T_cross_-today__input_-raw_warmup-ready_: exit=1 fills=None (8.4s)
[168/2367] BANK2_BL-01c_SMA100__T_cross_-today__input_-adjust_warmup-strict: ok fills=266 (55.1s)
[169/2367] BANK2_BL-01c_SMA100__T_cross_-both_d_input_-raw_warmup-strict: ok fills=280 (52.9s)
[170/2367] BANK2_BL-01c_SMA100__T_cross_-both_d_input_-adjust_warmup-ready_: ok fills=266 (50.3s)
[171/2367] BANK2_BL-01c_SMA100__T_cross_-today__input_-raw_warmup-strict: ok fills=278 (51.7s)
[172/2367] BANK2_BL-01c_SMA100__T_cross_-today__input_-adjust_warmup-ready_: ok fills=262 (47.6s)
[173/2367] BANK2_BL-01c_SMA100__T_cross_-both_d_input_-raw_warmup-ready_: ok fills=276 (50.0s)
[174/2367] BANK2_BL-01c_SMA200__T_cross_-today__input_-adjust_warmup-strict: exit=1 fills=None (8.7s)
[175/2367] BANK2_BL-01c_SMA100__OAT_rsi_smoothing-simple: ok fills=320 (51.8s)
[176/2367] BANK2_BL-01c_SMA100__OAT_rsi_exit-cross: ok fills=250 (55.3s)
[177/2367] BANK2_BL-01c_SMA100__OAT_a_exec-set_holdings: ok fills=270 (55.4s)
[178/2367] BANK2_BL-01c_SMA100__OAT_same_bar_reentry-wait_bar: ok fills=266 (54.4s)
[179/2367] BANK2_BL-01c_SMA100__SPOT_all_excluded_off: ok fills=270 (52.8s)
[180/2367] BANK2_BL-01c_SMA200__ref: ok fills=216 (56.0s)
[181/2367] BANK2_BL-01c_SMA200__T_cross_-today__input_-raw_warmup-strict: ok fills=213 (49.3s)
[182/2367] BANK2_BL-01c_SMA200__T_cross_-both_d_input_-raw_warmup-strict: ok fills=215 (49.8s)
[183/2367] BANK2_BL-01c_SMA200__T_cross_-both_d_input_-adjust_warmup-ready_: ok fills=196 (49.3s)
[184/2367] BANK2_BL-01c_SMA200__T_cross_-today__input_-adjust_warmup-ready_: ok fills=196 (50.0s)
[185/2367] BANK2_BL-01c_SMA200__T_cross_-both_d_input_-raw_warmup-ready_: ok fills=191 (51.3s)
[186/2367] BANK2_BL-01c_EMA10__ref: exit=1 fills=None (8.7s)
[187/2367] BANK2_BL-01c_SMA200__T_cross_-today__input_-raw_warmup-ready_: ok fills=189 (53.4s)
[188/2367] BANK2_BL-01c_SMA200__OAT_rsi_smoothing-simple: ok fills=266 (56.0s)
[189/2367] BANK2_BL-01c_SMA200__OAT_rsi_exit-cross: ok fills=196 (55.3s)
[190/2367] BANK2_BL-01c_SMA200__OAT_same_bar_reentry-wait_bar: ok fills=212 (55.2s)
[191/2367] BANK2_BL-01c_SMA200__OAT_a_exec-set_holdings: ok fills=216 (56.9s)
[192/2367] BANK2_BL-01c_SMA200__SPOT_all_excluded_off: ok fills=216 (52.4s)
[193/2367] BANK2_BL-01c_EMA10__T_cross_-today__input_-adjust_warmup-strict_wb-252: exit=1 fills=None (7.8s)
[194/2367] BANK2_BL-01c_EMA10__ref_wb-150: ok fills=660 (52.8s)
[195/2367] BANK2_BL-01c_EMA10__ref_wb-200: ok fills=660 (54.0s)
[196/2367] BANK2_BL-01c_EMA10__ref_wb-252: ok fills=660 (51.8s)
[197/2367] BANK2_BL-01c_EMA10__T_cross_-today__input_-adjust_warmup-strict: ok fills=660 (52.7s)
[198/2367] BANK2_BL-01c_EMA10__T_cross_-today__input_-adjust_warmup-strict_wb-150: ok fills=660 (54.7s)
[199/2367] BANK2_BL-01c_EMA10__T_cross_-today__input_-adjust_warmup-strict_wb-200: ok fills=660 (54.5s)
[200/2367] BANK2_BL-01c_EMA10__T_cross_-both_d_input_-raw_warmup-strict_wb-150: ok fills=646 (57.8s)
[201/2367] BANK2_BL-01c_EMA10__T_cross_-both_d_input_-raw_warmup-strict: ok fills=646 (58.5s)
[202/2367] BANK2_BL-01c_EMA10__T_cross_-both_d_input_-raw_warmup-strict_wb-200: ok fills=646 (55.1s)
[203/2367] BANK2_BL-01c_EMA10__T_cross_-both_d_input_-raw_warmup-strict_wb-252: ok fills=646 (55.0s)
[204/2367] BANK2_BL-01c_EMA10__T_cross_-today__input_-raw_warmup-strict: ok fills=646 (55.0s)
[205/2367] BANK2_BL-01c_EMA10__T_cross_-today__input_-raw_warmup-strict_wb-150: ok fills=646 (52.3s)
[206/2367] BANK2_BL-01c_EMA10__T_cross_-today__input_-raw_warmup-strict_wb-200: ok fills=646 (50.0s)
[207/2367] BANK2_BL-01c_EMA10__T_cross_-today__input_-raw_warmup-strict_wb-252: ok fills=646 (48.9s)
[208/2367] BANK2_BL-01c_EMA10__T_cross_-both_d_input_-adjust_warmup-ready_: ok fills=656 (52.3s)
[209/2367] BANK2_BL-01c_EMA10__T_cross_-today__input_-adjust_warmup-ready_: ok fills=656 (52.5s)
[210/2367] BANK2_BL-01c_EMA10__T_cross_-both_d_input_-raw_warmup-ready_: ok fills=642 (55.7s)
[211/2367] BANK2_BL-01c_EMA10__OAT_rsi_smoothing-simple: ok fills=710 (56.1s)
[212/2367] BANK2_BL-01c_EMA10__T_cross_-today__input_-raw_warmup-ready_: ok fills=642 (57.5s)
[213/2367] BANK2_BL-01c_EMA10__OAT_rsi_exit-cross: ok fills=640 (55.2s)
[214/2367] BANK2_BL-01c_EMA10__OAT_a_exec-set_holdings: ok fills=660 (56.1s)
[215/2367] BANK2_BL-01c_EMA10__OAT_same_bar_reentry-wait_bar: ok fills=656 (53.9s)
[216/2367] BANK2_BL-01c_EMA20__ref: ok fills=508 (53.9s)
[217/2367] BANK2_BL-01c_EMA10__SPOT_all_excluded_off: ok fills=660 (54.4s)
[218/2367] BANK2_BL-01c_EMA20__ref_wb-150: ok fills=508 (54.2s)
[219/2367] BANK2_BL-01c_EMA20__ref_wb-252: ok fills=508 (53.4s)
[220/2367] BANK2_BL-01c_EMA20__ref_wb-200: ok fills=508 (56.2s)
[221/2367] BANK2_BL-01c_EMA20__T_cross_-today__input_-adjust_warmup-strict: ok fills=508 (55.4s)
[222/2367] BANK2_BL-01c_EMA20__T_cross_-today__input_-adjust_warmup-strict_wb-150: ok fills=508 (56.2s)
[223/2367] BANK2_BL-01c_EMA20__T_cross_-today__input_-adjust_warmup-strict_wb-200: ok fills=508 (54.6s)
[224/2367] BANK2_BL-01c_EMA20__T_cross_-both_d_input_-raw_warmup-strict: ok fills=514 (51.1s)
[225/2367] BANK2_BL-01c_EMA20__T_cross_-today__input_-adjust_warmup-strict_wb-252: ok fills=508 (53.7s)
[226/2367] BANK2_BL-01c_EMA20__T_cross_-both_d_input_-raw_warmup-strict_wb-150: ok fills=514 (52.2s)
[227/2367] BANK2_BL-01c_EMA20__T_cross_-both_d_input_-raw_warmup-strict_wb-200: ok fills=514 (52.5s)
[228/2367] BANK2_BL-01c_EMA20__T_cross_-both_d_input_-raw_warmup-strict_wb-252: ok fills=514 (51.9s)
[229/2367] BANK2_BL-01c_EMA20__T_cross_-today__input_-raw_warmup-strict: ok fills=514 (55.8s)
[230/2367] BANK2_BL-01c_EMA20__T_cross_-today__input_-raw_warmup-strict_wb-150: ok fills=514 (56.0s)
[231/2367] BANK2_BL-01c_EMA20__T_cross_-today__input_-raw_warmup-strict_wb-200: ok fills=514 (52.4s)
[232/2367] BANK2_BL-01c_EMA20__T_cross_-today__input_-raw_warmup-strict_wb-252: ok fills=514 (50.5s)
[233/2367] BANK2_BL-01c_EMA20__T_cross_-both_d_input_-adjust_warmup-ready_: ok fills=504 (50.6s)
[234/2367] BANK2_BL-01c_EMA20__T_cross_-today__input_-adjust_warmup-ready_: ok fills=504 (53.3s)
[235/2367] BANK2_BL-01c_EMA20__T_cross_-both_d_input_-raw_warmup-ready_: ok fills=510 (50.8s)
[236/2367] BANK2_BL-01c_EMA20__T_cross_-today__input_-raw_warmup-ready_: ok fills=510 (50.7s)
[237/2367] BANK2_BL-01c_EMA20__OAT_rsi_smoothing-simple: ok fills=558 (52.3s)
[238/2367] BANK2_BL-01c_EMA20__OAT_rsi_exit-cross: ok fills=488 (52.8s)
[239/2367] BANK2_BL-01c_EMA20__OAT_a_exec-set_holdings: ok fills=508 (54.0s)
[240/2367] BANK2_BL-01c_EMA20__OAT_same_bar_reentry-wait_bar: ok fills=504 (55.0s)
[241/2367] BANK2_BL-01c_EMA20__SPOT_all_excluded_off: ok fills=508 (53.0s)
[242/2367] BANK2_BL-01c_EMA50__ref_wb-150: ok fills=344 (51.0s)
[243/2367] BANK2_BL-01c_EMA50__ref_wb-200: ok fills=344 (50.3s)
[244/2367] BANK2_BL-01c_EMA50__ref: ok fills=344 (52.5s)
[245/2367] BANK2_BL-01c_EMA50__ref_wb-252: ok fills=344 (47.2s)
[246/2367] BANK2_BL-01c_EMA50__T_cross_-today__input_-adjust_warmup-strict: ok fills=344 (50.3s)
[247/2367] BANK2_BL-01c_EMA50__T_cross_-today__input_-adjust_warmup-strict_wb-150: ok fills=344 (50.3s)
[248/2367] BANK2_BL-01c_EMA50__T_cross_-today__input_-adjust_warmup-strict_wb-200: ok fills=344 (52.6s)
[249/2367] BANK2_BL-01c_EMA50__T_cross_-today__input_-adjust_warmup-strict_wb-252: ok fills=344 (52.2s)
[250/2367] BANK2_BL-01c_EMA50__T_cross_-both_d_input_-raw_warmup-strict_wb-150: ok fills=350 (51.9s)
[251/2367] BANK2_BL-01c_EMA50__T_cross_-both_d_input_-raw_warmup-strict: ok fills=346 (52.8s)
[252/2367] BANK2_BL-01c_EMA50__T_cross_-both_d_input_-raw_warmup-strict_wb-200: ok fills=350 (52.0s)
[253/2367] BANK2_BL-01c_EMA50__T_cross_-today__input_-adjust_warmup-ready_: exit=1 fills=None (3.5s)
[254/2367] BANK2_BL-01c_EMA50__T_cross_-both_d_input_-raw_warmup-strict_wb-252: ok fills=350 (51.6s)
[255/2367] BANK2_BL-01c_EMA50__T_cross_-today__input_-raw_warmup-strict: ok fills=348 (48.3s)
[256/2367] BANK2_BL-01c_EMA50__T_cross_-today__input_-raw_warmup-strict_wb-150: ok fills=350 (47.2s)
[257/2367] BANK2_BL-01c_EMA50__T_cross_-today__input_-raw_warmup-strict_wb-200: ok fills=350 (48.4s)
[258/2367] BANK2_BL-01c_EMA50__T_cross_-today__input_-raw_warmup-strict_wb-252: ok fills=350 (51.1s)
[259/2367] BANK2_BL-01c_EMA50__T_cross_-both_d_input_-adjust_warmup-ready_: ok fills=340 (52.1s)
[260/2367] BANK2_BL-01c_EMA50__T_cross_-both_d_input_-raw_warmup-ready_: ok fills=342 (53.7s)
[261/2367] BANK2_BL-01c_EMA50__T_cross_-today__input_-raw_warmup-ready_: ok fills=342 (54.5s)
[262/2367] BANK2_BL-01c_EMA50__OAT_rsi_smoothing-simple: ok fills=394 (55.2s)
[263/2367] BANK2_BL-01c_EMA50__OAT_rsi_exit-cross: ok fills=324 (53.9s)
[264/2367] BANK2_BL-01c_EMA50__OAT_a_exec-set_holdings: ok fills=344 (52.5s)
[265/2367] BANK2_BL-01c_EMA50__OAT_same_bar_reentry-wait_bar: ok fills=340 (51.2s)
[266/2367] BANK2_BL-01c_EMA50__SPOT_all_excluded_off: ok fills=344 (50.4s)
[267/2367] BANK2_BL-01c_EMA100__ref: ok fills=282 (51.1s)
[268/2367] BANK2_BL-01c_EMA100__ref_wb-150: ok fills=282 (51.5s)
[269/2367] BANK2_BL-01c_EMA100__ref_wb-200: ok fills=282 (50.5s)
[270/2367] BANK2_BL-01c_EMA100__ref_wb-252: ok fills=282 (52.8s)
[271/2367] BANK2_BL-01c_EMA100__T_cross_-today__input_-adjust_warmup-strict: ok fills=282 (55.5s)
[272/2367] BANK2_BL-01c_EMA100__T_cross_-today__input_-adjust_warmup-strict_wb-150: ok fills=282 (58.0s)
[273/2367] BANK2_BL-01c_EMA100__T_cross_-today__input_-adjust_warmup-strict_wb-200: ok fills=282 (56.6s)
[274/2367] BANK2_BL-01c_EMA100__T_cross_-today__input_-adjust_warmup-strict_wb-252: ok fills=282 (55.4s)
[275/2367] BANK2_BL-01c_EMA100__T_cross_-both_d_input_-raw_warmup-strict: ok fills=292 (54.1s)
[276/2367] BANK2_BL-01c_EMA100__T_cross_-both_d_input_-raw_warmup-strict_wb-150: ok fills=294 (53.8s)
[277/2367] BANK2_BL-01c_EMA100__T_cross_-both_d_input_-raw_warmup-strict_wb-200: ok fills=294 (51.8s)
[278/2367] BANK2_BL-01c_EMA100__T_cross_-both_d_input_-raw_warmup-strict_wb-252: ok fills=294 (49.6s)
[279/2367] BANK2_BL-01c_EMA100__T_cross_-today__input_-raw_warmup-strict: ok fills=292 (53.6s)
[280/2367] BANK2_BL-01c_EMA100__T_cross_-today__input_-raw_warmup-strict_wb-150: ok fills=294 (52.4s)
[281/2367] BANK2_BL-01c_EMA100__T_cross_-today__input_-raw_warmup-strict_wb-200: ok fills=294 (54.4s)
[282/2367] BANK2_BL-01c_EMA100__T_cross_-today__input_-raw_warmup-strict_wb-252: ok fills=294 (53.5s)
[283/2367] BANK2_BL-01c_EMA100__T_cross_-both_d_input_-adjust_warmup-ready_: ok fills=284 (53.8s)
[284/2367] BANK2_BL-01c_EMA100__T_cross_-both_d_input_-raw_warmup-ready_: ok fills=286 (52.5s)
[285/2367] BANK2_BL-01c_EMA100__T_cross_-today__input_-adjust_warmup-ready_: ok fills=284 (53.9s)
[286/2367] BANK2_BL-01c_EMA100__T_cross_-today__input_-raw_warmup-ready_: ok fills=286 (47.4s)
[287/2367] BANK2_BL-01c_EMA100__OAT_rsi_smoothing-simple: ok fills=332 (47.2s)
[288/2367] BANK2_BL-01c_EMA100__OAT_rsi_exit-cross: ok fills=262 (49.0s)
[289/2367] BANK2_BL-01c_EMA100__OAT_same_bar_reentry-wait_bar: ok fills=278 (51.6s)
[290/2367] BANK2_BL-01c_EMA100__OAT_a_exec-set_holdings: ok fills=282 (51.9s)
[291/2367] BANK2_BL-01c_EMA100__SPOT_all_excluded_off: ok fills=282 (54.3s)
[292/2367] BANK2_BL-01c_EMA200__ref: ok fills=234 (54.1s)
[293/2367] BANK2_BL-01c_EMA200__ref_wb-150: ok fills=234 (54.9s)
[294/2367] BANK2_BL-01c_EMA200__ref_wb-200: ok fills=234 (54.8s)
[295/2367] BANK2_BL-01c_EMA200__ref_wb-252: ok fills=236 (53.8s)
[296/2367] BANK2_BL-01c_EMA200__T_cross_-today__input_-adjust_warmup-strict: ok fills=234 (54.2s)
[297/2367] BANK2_BL-01c_EMA200__T_cross_-today__input_-adjust_warmup-strict_wb-200: ok fills=234 (52.5s)
[298/2367] BANK2_BL-01c_EMA200__T_cross_-today__input_-adjust_warmup-strict_wb-150: ok fills=234 (54.0s)
[299/2367] BANK2_BL-01c_EMA200__T_cross_-today__input_-adjust_warmup-strict_wb-252: ok fills=236 (53.3s)
[300/2367] BANK2_BL-01c_EMA200__T_cross_-both_d_input_-raw_warmup-strict: ok fills=232 (54.2s)
[301/2367] BANK2_BL-01c_EMA200__T_cross_-both_d_input_-raw_warmup-strict_wb-150: ok fills=232 (54.1s)
[302/2367] BANK2_BL-01c_EMA200__T_cross_-both_d_input_-raw_warmup-strict_wb-200: ok fills=232 (54.2s)
[303/2367] BANK2_BL-01c_EMA200__T_cross_-both_d_input_-raw_warmup-strict_wb-252: ok fills=232 (59.4s)
[304/2367] BANK2_BL-01c_EMA200__T_cross_-today__input_-raw_warmup-strict: ok fills=232 (56.7s)
[305/2367] BANK2_BL-01c_EMA200__T_cross_-today__input_-raw_warmup-strict_wb-200: ok fills=232 (57.9s)
[306/2367] BANK2_BL-01c_EMA200__T_cross_-today__input_-raw_warmup-strict_wb-150: ok fills=232 (59.4s)
[307/2367] BANK2_BL-01c_EMA200__T_cross_-today__input_-raw_warmup-strict_wb-252: ok fills=232 (53.4s)
[308/2367] BANK2_BL-01c_EMA200__T_cross_-today__input_-adjust_warmup-ready_: ok fills=212 (53.6s)
[309/2367] BANK2_BL-01c_EMA200__T_cross_-both_d_input_-adjust_warmup-ready_: ok fills=212 (55.2s)
[310/2367] BANK2_BL-01c_EMA200__T_cross_-both_d_input_-raw_warmup-ready_: ok fills=212 (52.8s)
[311/2367] BANK2_BL-01c_EMA200__T_cross_-today__input_-raw_warmup-ready_: ok fills=212 (55.4s)
[312/2367] BANK2_BL-01c_EMA200__OAT_rsi_smoothing-simple: ok fills=284 (54.5s)
[313/2367] BANK2_BL-01c_EMA200__OAT_rsi_exit-cross: ok fills=214 (52.8s)
[314/2367] BANK2_BL-01c_EMA200__OAT_a_exec-set_holdings: ok fills=234 (53.4s)
[315/2367] BANK2_BL-01c_EMA200__OAT_same_bar_reentry-wait_bar: ok fills=230 (50.2s)
[316/2367] BANK2_BL-01c_EMA200__SPOT_all_excluded_off: ok fills=234 (50.9s)
[317/2367] BANK2_BL-01c_WMA10__ref: ok fills=718 (52.7s)
[318/2367] BANK2_BL-01c_WMA10__T_cross_-today__input_-adjust_warmup-strict: ok fills=712 (52.2s)
[319/2367] BANK2_BL-01c_WMA10__T_cross_-both_d_input_-raw_warmup-strict: ok fills=712 (52.3s)
[320/2367] BANK2_BL-01c_WMA10__T_cross_-today__input_-raw_warmup-strict: ok fills=706 (51.6s)
[321/2367] BANK2_BL-01c_WMA10__T_cross_-today__input_-adjust_warmup-ready_: ok fills=710 (55.9s)
[322/2367] BANK2_BL-01c_WMA10__T_cross_-both_d_input_-adjust_warmup-ready_: ok fills=716 (56.9s)
[323/2367] BANK2_BL-01c_WMA10__T_cross_-both_d_input_-raw_warmup-ready_: ok fills=710 (54.5s)
[324/2367] BANK2_BL-01c_WMA10__T_cross_-today__input_-raw_warmup-ready_: ok fills=704 (55.2s)
[325/2367] BANK2_BL-01c_WMA10__OAT_rsi_exit-cross: ok fills=698 (57.7s)
[326/2367] BANK2_BL-01c_WMA10__OAT_rsi_smoothing-simple: ok fills=768 (59.0s)
[327/2367] BANK2_BL-01c_WMA10__OAT_a_exec-set_holdings: ok fills=718 (55.4s)
[328/2367] BANK2_BL-01c_WMA10__OAT_same_bar_reentry-wait_bar: ok fills=714 (56.6s)
[329/2367] BANK2_BL-01c_WMA10__SPOT_all_excluded_off: ok fills=718 (55.8s)
[330/2367] BANK2_BL-01c_WMA20__ref: ok fills=556 (58.0s)
[331/2367] BANK2_BL-01c_WMA20__T_cross_-today__input_-adjust_warmup-strict: ok fills=548 (57.3s)
[332/2367] BANK2_BL-01c_WMA20__T_cross_-both_d_input_-raw_warmup-strict: ok fills=544 (57.7s)
[333/2367] BANK2_BL-01c_WMA20__T_cross_-today__input_-raw_warmup-strict: ok fills=536 (57.7s)
[334/2367] BANK2_BL-01c_WMA20__T_cross_-both_d_input_-adjust_warmup-ready_: ok fills=552 (60.5s)
[335/2367] BANK2_BL-01c_WMA20__T_cross_-today__input_-adjust_warmup-ready_: ok fills=544 (61.9s)
[336/2367] BANK2_BL-01c_WMA20__T_cross_-both_d_input_-raw_warmup-ready_: ok fills=540 (59.3s)
[337/2367] BANK2_BL-01c_WMA20__SPOT_all_excluded_off: exit=1 fills=None (16.6s)
[338/2367] BANK2_BL-01c_WMA20__T_cross_-today__input_-raw_warmup-ready_: ok fills=532 (64.2s)
[339/2367] BANK2_BL-01c_WMA20__OAT_rsi_smoothing-simple: ok fills=606 (65.4s)
[340/2367] BANK2_BL-01c_WMA20__OAT_rsi_exit-cross: ok fills=536 (72.2s)
[341/2367] BANK2_BL-01c_WMA20__OAT_a_exec-set_holdings: ok fills=556 (67.2s)
[342/2367] BANK2_BL-01c_WMA20__OAT_same_bar_reentry-wait_bar: ok fills=552 (66.2s)
[343/2367] BANK2_BL-01c_WMA50__T_cross_-today__input_-adjust_warmup-strict: ok fills=390 (61.5s)
[344/2367] BANK2_BL-01c_WMA50__T_cross_-both_d_input_-raw_warmup-strict: ok fills=397 (61.8s)
[345/2367] BANK2_BL-01c_WMA50__ref: ok fills=392 (64.3s)
[346/2367] BANK2_BL-01c_WMA50__T_cross_-today__input_-raw_warmup-strict: ok fills=393 (60.9s)
[347/2367] BANK2_BL-01c_WMA50__T_cross_-both_d_input_-adjust_warmup-ready_: ok fills=382 (61.2s)
[348/2367] BANK2_BL-01c_WMA50__T_cross_-today__input_-raw_warmup-ready_: ok fills=385 (59.8s)
[349/2367] BANK2_BL-01c_WMA50__T_cross_-today__input_-adjust_warmup-ready_: ok fills=380 (65.7s)
[350/2367] BANK2_BL-01c_WMA50__T_cross_-both_d_input_-raw_warmup-ready_: ok fills=387 (65.2s)
[351/2367] BANK2_BL-01c_WMA50__OAT_rsi_smoothing-simple: ok fills=442 (62.2s)
[352/2367] BANK2_BL-01c_WMA50__OAT_rsi_exit-cross: ok fills=372 (70.1s)
[353/2367] BANK2_BL-01c_WMA50__OAT_a_exec-set_holdings: ok fills=392 (70.6s)
[354/2367] BANK2_BL-01c_WMA50__OAT_same_bar_reentry-wait_bar: ok fills=388 (53.6s)
[355/2367] BANK2_BL-01c_WMA50__SPOT_all_excluded_off: ok fills=392 (53.9s)
[356/2367] BANK2_BL-01c_WMA100__T_cross_-today__input_-adjust_warmup-ready_: exit=1 fills=None (11.2s)
[357/2367] BANK2_BL-01c_WMA100__T_cross_-both_d_input_-raw_warmup-strict: ok fills=308 (54.3s)
[358/2367] BANK2_BL-01c_WMA100__ref: ok fills=314 (55.4s)
[359/2367] BANK2_BL-01c_WMA100__T_cross_-today__input_-adjust_warmup-strict: ok fills=312 (55.9s)
[360/2367] BANK2_BL-01c_WMA100__T_cross_-today__input_-raw_warmup-strict: ok fills=302 (56.9s)
[361/2367] BANK2_BL-01c_WMA100__T_cross_-both_d_input_-adjust_warmup-ready_: ok fills=308 (56.4s)
[362/2367] BANK2_BL-01c_WMA100__T_cross_-both_d_input_-raw_warmup-ready_: ok fills=300 (55.7s)
[363/2367] BANK2_BL-01c_WMA100__OAT_rsi_smoothing-simple: ok fills=364 (54.3s)
[364/2367] BANK2_BL-01c_WMA100__T_cross_-today__input_-raw_warmup-ready_: ok fills=294 (55.7s)
[365/2367] BANK2_BL-01c_WMA100__OAT_rsi_exit-cross: ok fills=294 (53.8s)
[366/2367] BANK2_BL-01c_WMA100__OAT_same_bar_reentry-wait_bar: ok fills=310 (53.2s)
[367/2367] BANK2_BL-01c_WMA100__OAT_a_exec-set_holdings: ok fills=314 (55.3s)
[368/2367] BANK2_BL-01c_WMA100__SPOT_all_excluded_off: ok fills=314 (54.4s)
[369/2367] BANK2_BL-01c_WMA200__ref: ok fills=268 (53.0s)
[370/2367] BANK2_BL-01c_WMA200__T_cross_-today__input_-adjust_warmup-strict: ok fills=268 (52.8s)
[371/2367] BANK2_BL-01c_WMA200__T_cross_-today__input_-raw_warmup-strict: ok fills=258 (51.0s)
[372/2367] BANK2_BL-01c_WMA200__T_cross_-both_d_input_-raw_warmup-strict: ok fills=262 (53.3s)
[373/2367] BANK2_BL-01c_WMA200__T_cross_-today__input_-adjust_warmup-ready_: ok fills=240 (49.9s)
[374/2367] BANK2_BL-01c_WMA200__T_cross_-both_d_input_-adjust_warmup-ready_: ok fills=240 (51.3s)
[375/2367] BANK2_BL-01c_WMA200__T_cross_-both_d_input_-raw_warmup-ready_: ok fills=238 (53.5s)
[376/2367] BANK2_BL-01c_WMA200__T_cross_-today__input_-raw_warmup-ready_: ok fills=234 (53.8s)
[377/2367] BANK2_BL-01c_WMA200__OAT_rsi_smoothing-simple: ok fills=318 (54.8s)
[378/2367] BANK2_BL-01c_WMA200__OAT_rsi_exit-cross: ok fills=248 (54.8s)
[379/2367] BANK2_BL-01c_WMA200__OAT_a_exec-set_holdings: ok fills=268 (56.5s)
[380/2367] BANK2_BL-01c_WMA200__OAT_same_bar_reentry-wait_bar: ok fills=264 (55.4s)
[381/2367] BANK2_CROSS_conv_reent__ref: ok fills=270 (53.3s)
[382/2367] BANK2_BL-01c_WMA200__SPOT_all_excluded_off: ok fills=268 (55.8s)
[383/2367] BANK2_CROSS_conv_reent__T_cross_-today__input_-adjust_warmup-strict: ok fills=266 (52.3s)
[384/2367] BANK2_CROSS_conv_reent__T_cross_-both_d_input_-raw_warmup-strict: ok fills=280 (53.2s)
[385/2367] BANK2_CROSS_conv_reent__T_cross_-today__input_-raw_warmup-strict: ok fills=278 (53.4s)
[386/2367] BANK2_CROSS_conv_reent__T_cross_-both_d_input_-adjust_warmup-ready_: ok fills=266 (52.1s)
[387/2367] BANK2_CROSS_conv_reent__T_cross_-both_d_input_-raw_warmup-ready_: ok fills=276 (51.9s)
[388/2367] BANK2_CROSS_conv_reent__T_cross_-today__input_-adjust_warmup-ready_: ok fills=262 (55.0s)
[389/2367] BANK2_CROSS_conv_reent__T_cross_-today__input_-raw_warmup-ready_: ok fills=274 (53.4s)
[390/2367] BANK2_CROSS_conv_reent__OAT_rsi_smoothing-simple: ok fills=320 (52.4s)
[391/2367] BANK2_CROSS_conv_reent__OAT_rsi_exit-cross: ok fills=250 (52.5s)
[392/2367] BANK2_CROSS_conv_reent__OAT_a_exec-set_holdings: ok fills=270 (48.9s)
[393/2367] BANK2_CROSS_conv_reent__SPOT_all_excluded_off: ok fills=270 (49.7s)
[394/2367] BANK2_CROSS_conv_wait__ref: ok fills=266 (49.7s)
[395/2367] BANK2_CROSS_conv_wait__T_cross_-today__input_-adjust_warmup-strict: ok fills=262 (50.9s)
[396/2367] BANK2_CROSS_conv_wait__T_cross_-both_d_input_-raw_warmup-strict: ok fills=278 (53.9s)
[397/2367] BANK2_CROSS_conv_wait__T_cross_-today__input_-raw_warmup-strict: ok fills=276 (57.1s)
[398/2367] BANK2_CROSS_conv_wait__T_cross_-both_d_input_-adjust_warmup-ready_: ok fills=262 (56.1s)
[399/2367] BANK2_CROSS_conv_wait__T_cross_-today__input_-adjust_warmup-ready_: ok fills=258 (57.1s)
[400/2367] BANK2_CROSS_conv_wait__T_cross_-both_d_input_-raw_warmup-ready_: ok fills=274 (51.7s)
[401/2367] BANK2_CROSS_conv_wait__T_cross_-today__input_-raw_warmup-ready_: ok fills=272 (49.9s)
[402/2367] BANK2_CROSS_inv_reent__T_cross_-both_d_input_-raw_warmup-strict: exit=1 fills=None (7.2s)
[403/2367] BANK2_CROSS_conv_wait__OAT_rsi_smoothing-simple: ok fills=306 (54.0s)
[404/2367] BANK2_CROSS_conv_wait__OAT_rsi_exit-cross: ok fills=250 (50.6s)
[405/2367] BANK2_CROSS_conv_wait__OAT_a_exec-set_holdings: ok fills=266 (48.8s)
[406/2367] BANK2_CROSS_inv_reent__ref: ok fills=271 (49.1s)
[407/2367] BANK2_CROSS_conv_wait__SPOT_all_excluded_off: ok fills=270 (52.4s)
[408/2367] BANK2_CROSS_inv_reent__T_cross_-today__input_-adjust_warmup-strict: ok fills=267 (52.8s)
[409/2367] BANK2_CROSS_inv_reent__T_cross_-today__input_-raw_warmup-strict: ok fills=279 (53.0s)
[410/2367] BANK2_CROSS_inv_reent__T_cross_-both_d_input_-adjust_warmup-ready_: ok fills=265 (54.7s)
[411/2367] BANK2_CROSS_inv_reent__T_cross_-both_d_input_-raw_warmup-ready_: ok fills=275 (52.4s)
[412/2367] BANK2_CROSS_inv_reent__T_cross_-today__input_-adjust_warmup-ready_: ok fills=261 (54.6s)
[413/2367] BANK2_CROSS_inv_reent__T_cross_-today__input_-raw_warmup-ready_: ok fills=273 (51.3s)
[414/2367] BANK2_CROSS_inv_reent__OAT_rsi_smoothing-simple: ok fills=321 (50.2s)
[415/2367] BANK2_CROSS_inv_reent__OAT_rsi_exit-cross: ok fills=251 (49.3s)
[416/2367] BANK2_CROSS_inv_reent__OAT_a_exec-set_holdings: ok fills=271 (49.8s)
[417/2367] BANK2_CROSS_inv_reent__SPOT_all_excluded_off: ok fills=271 (52.9s)
[418/2367] BANK2_CROSS_inv_wait__ref: ok fills=267 (52.5s)
[419/2367] BANK2_CROSS_inv_wait__T_cross_-today__input_-adjust_warmup-strict: ok fills=263 (53.4s)
[420/2367] BANK2_CROSS_inv_wait__T_cross_-today__input_-raw_warmup-strict: ok fills=277 (52.8s)
[421/2367] BANK2_CROSS_inv_wait__T_cross_-both_d_input_-raw_warmup-strict: ok fills=279 (57.7s)
[422/2367] BANK2_CROSS_inv_wait__T_cross_-both_d_input_-adjust_warmup-ready_: ok fills=261 (52.3s)
[423/2367] BANK2_CROSS_inv_wait__T_cross_-today__input_-adjust_warmup-ready_: ok fills=257 (51.9s)
[424/2367] BANK2_CROSS_inv_wait__T_cross_-both_d_input_-raw_warmup-ready_: ok fills=273 (51.6s)
[425/2367] BANK2_CROSS_inv_wait__T_cross_-today__input_-raw_warmup-ready_: ok fills=271 (52.5s)
[426/2367] BANK2_CROSS_inv_wait__OAT_rsi_smoothing-simple: ok fills=307 (52.7s)
[427/2367] BANK2_CROSS_inv_wait__OAT_rsi_exit-cross: ok fills=251 (54.1s)
[428/2367] BANK2_CROSS_inv_wait__OAT_a_exec-set_holdings: ok fills=267 (55.1s)
[429/2367] BANK2_CROSS_inv_wait__SPOT_all_excluded_off: ok fills=271 (54.9s)
[430/2367] BANK2_CROSS_sym_reent__ref: ok fills=386 (51.9s)
[431/2367] BANK2_CROSS_sym_reent__T_cross_-today__input_-adjust_warmup-strict: ok fills=386 (56.5s)
[432/2367] BANK2_CROSS_sym_reent__T_cross_-both_d_input_-raw_warmup-strict: ok fills=416 (56.0s)
[433/2367] BANK2_CROSS_sym_reent__T_cross_-both_d_input_-adjust_warmup-ready_: ok fills=380 (51.7s)
[434/2367] BANK2_CROSS_sym_reent__T_cross_-today__input_-raw_warmup-strict: ok fills=418 (54.6s)
[435/2367] BANK2_CROSS_sym_reent__T_cross_-today__input_-adjust_warmup-ready_: ok fills=380 (52.9s)
[436/2367] BANK2_CROSS_sym_reent__T_cross_-both_d_input_-raw_warmup-ready_: ok fills=410 (56.1s)
[437/2367] BANK2_CROSS_sym_wait__T_cross_-today__input_-adjust_warmup-strict: exit=1 fills=None (6.8s)
[438/2367] BANK2_CROSS_sym_reent__T_cross_-today__input_-raw_warmup-ready_: ok fills=412 (55.7s)
[439/2367] BANK2_CROSS_sym_reent__OAT_rsi_smoothing-simple: ok fills=436 (54.4s)
[440/2367] BANK2_CROSS_sym_reent__OAT_rsi_exit-cross: ok fills=366 (53.4s)
[441/2367] BANK2_CROSS_sym_reent__OAT_a_exec-set_holdings: ok fills=386 (56.0s)
[442/2367] BANK2_CROSS_sym_wait__ref: ok fills=267 (50.4s)
[443/2367] BANK2_CROSS_sym_reent__SPOT_all_excluded_off: ok fills=386 (52.7s)
[444/2367] BANK2_CROSS_sym_wait__T_cross_-today__input_-raw_warmup-strict: ok fills=280 (53.1s)
[445/2367] BANK2_CROSS_sym_wait__T_cross_-both_d_input_-adjust_warmup-ready_: ok fills=262 (53.4s)
[446/2367] BANK2_CROSS_sym_wait__T_cross_-both_d_input_-raw_warmup-strict: ok fills=279 (56.7s)
[447/2367] BANK2_CROSS_sym_wait__T_cross_-today__input_-adjust_warmup-ready_: ok fills=262 (54.1s)
[448/2367] BANK2_CROSS_sym_wait__T_cross_-both_d_input_-raw_warmup-ready_: ok fills=274 (57.1s)
[449/2367] BANK2_CROSS_uu_reent__T_cross_-today__input_-adjust_warmup-strict: exit=1 fills=None (9.0s)
[450/2367] BANK2_CROSS_sym_wait__T_cross_-today__input_-raw_warmup-ready_: ok fills=275 (57.5s)
[451/2367] BANK2_CROSS_sym_wait__OAT_rsi_exit-cross: ok fills=251 (53.7s)
[452/2367] BANK2_CROSS_sym_wait__OAT_rsi_smoothing-simple: ok fills=307 (55.9s)
[453/2367] BANK2_CROSS_sym_wait__OAT_a_exec-set_holdings: ok fills=267 (48.5s)
[454/2367] BANK2_CROSS_sym_wait__SPOT_all_excluded_off: ok fills=271 (48.3s)
[455/2367] BANK2_CROSS_uu_reent__ref: ok fills=270 (49.9s)
[456/2367] BANK2_CROSS_uu_reent__T_cross_-both_d_input_-raw_warmup-strict: ok fills=280 (51.4s)
[457/2367] BANK2_CROSS_uu_reent__T_cross_-today__input_-raw_warmup-strict: ok fills=282 (53.2s)
[458/2367] BANK2_CROSS_uu_reent__T_cross_-both_d_input_-adjust_warmup-ready_: ok fills=266 (52.8s)
[459/2367] BANK2_CROSS_uu_reent__T_cross_-today__input_-adjust_warmup-ready_: ok fills=266 (55.2s)
[460/2367] BANK2_CROSS_uu_reent__T_cross_-both_d_input_-raw_warmup-ready_: ok fills=276 (57.2s)
[461/2367] BANK2_CROSS_uu_reent__T_cross_-today__input_-raw_warmup-ready_: ok fills=278 (57.1s)
[462/2367] BANK2_CROSS_uu_reent__OAT_rsi_smoothing-simple: ok fills=320 (55.9s)
[463/2367] BANK2_CROSS_uu_reent__OAT_rsi_exit-cross: ok fills=250 (54.3s)
[464/2367] BANK2_CROSS_uu_reent__OAT_a_exec-set_holdings: ok fills=270 (53.6s)
[465/2367] BANK2_CROSS_uu_reent__SPOT_all_excluded_off: ok fills=270 (54.4s)
[466/2367] BANK2_CROSS_uu_wait__ref: ok fills=209 (51.3s)
[467/2367] BANK2_CROSS_uu_wait__T_cross_-today__input_-adjust_warmup-strict: ok fills=209 (53.9s)
[468/2367] BANK2_CROSS_uu_wait__T_cross_-both_d_input_-raw_warmup-strict: ok fills=211 (52.8s)
[469/2367] BANK2_CROSS_uu_wait__T_cross_-both_d_input_-adjust_warmup-ready_: ok fills=205 (54.1s)
[470/2367] BANK2_CROSS_uu_wait__T_cross_-today__input_-raw_warmup-strict: ok fills=212 (54.8s)
[471/2367] BANK2_CROSS_uu_wait__T_cross_-today__input_-adjust_warmup-ready_: ok fills=205 (54.4s)
[472/2367] BANK2_CROSS_uu_wait__T_cross_-both_d_input_-raw_warmup-ready_: ok fills=207 (52.0s)
[473/2367] BANK2_CROSS_uu_wait__T_cross_-today__input_-raw_warmup-ready_: ok fills=208 (50.4s)
[474/2367] BANK2_CROSS_uu_wait__OAT_rsi_smoothing-simple: ok fills=249 (50.8s)
[475/2367] BANK2_CROSS_uu_wait__OAT_rsi_exit-cross: ok fills=193 (47.7s)
[476/2367] BANK2_CROSS_uu_wait__OAT_a_exec-set_holdings: ok fills=209 (47.6s)
[477/2367] BANK2_CROSS_uu_wait__SPOT_all_excluded_off: ok fills=213 (48.8s)
[478/2367] BANK2_CROSS_dd_reent__ref: ok fills=270 (50.0s)
[479/2367] BANK2_CROSS_dd_reent__T_cross_-today__input_-adjust_warmup-strict: ok fills=270 (49.4s)
[480/2367] BANK2_CROSS_dd_reent__T_cross_-both_d_input_-raw_warmup-strict: ok fills=280 (51.9s)
[481/2367] BANK2_CROSS_dd_reent__T_cross_-today__input_-raw_warmup-strict: ok fills=280 (52.2s)
[482/2367] BANK2_CROSS_dd_reent__T_cross_-both_d_input_-adjust_warmup-ready_: ok fills=264 (53.9s)
[483/2367] BANK2_CROSS_dd_reent__T_cross_-today__input_-adjust_warmup-ready_: ok fills=264 (57.4s)
[484/2367] BANK2_CROSS_dd_reent__T_cross_-both_d_input_-raw_warmup-ready_: ok fills=274 (55.5s)
[485/2367] BANK2_CROSS_dd_reent__T_cross_-today__input_-raw_warmup-ready_: ok fills=274 (52.0s)
[486/2367] BANK2_CROSS_dd_reent__OAT_rsi_smoothing-simple: ok fills=320 (53.6s)
[487/2367] BANK2_CROSS_dd_reent__OAT_rsi_exit-cross: ok fills=250 (53.3s)
[488/2367] BANK2_CROSS_dd_reent__OAT_a_exec-set_holdings: ok fills=270 (52.0s)
[489/2367] BANK2_CROSS_dd_reent__SPOT_all_excluded_off: ok fills=270 (52.2s)
[490/2367] BANK2_CROSS_dd_wait__ref: ok fills=209 (52.3s)
[491/2367] BANK2_CROSS_dd_wait__T_cross_-both_d_input_-raw_warmup-strict: ok fills=211 (53.1s)
[492/2367] BANK2_CROSS_dd_wait__T_cross_-today__input_-adjust_warmup-strict: ok fills=209 (53.8s)
[493/2367] BANK2_CROSS_dd_wait__T_cross_-today__input_-raw_warmup-strict: ok fills=211 (52.3s)
[494/2367] BANK2_CROSS_dd_wait__T_cross_-today__input_-adjust_warmup-ready_: ok fills=204 (50.8s)
[495/2367] BANK2_CROSS_dd_wait__T_cross_-both_d_input_-adjust_warmup-ready_: ok fills=204 (52.9s)
[496/2367] BANK2_CROSS_dd_wait__T_cross_-both_d_input_-raw_warmup-ready_: ok fills=206 (48.8s)
[497/2367] BANK2_CROSS_dd_wait__OAT_rsi_smoothing-simple: ok fills=249 (49.1s)
[498/2367] BANK2_CROSS_dd_wait__T_cross_-today__input_-raw_warmup-ready_: ok fills=206 (53.8s)
[499/2367] BANK2_CROSS_dd_wait__OAT_rsi_exit-cross: ok fills=193 (54.2s)
[500/2367] BANK2_CROSS_dd_wait__OAT_a_exec-set_holdings: ok fills=209 (57.7s)
[501/2367] BANK2_CROSS_dd_wait__SPOT_all_excluded_off: ok fills=213 (54.7s)
[502/2367] BANK2_CROSS_ua_reent__ref: ok fills=270 (52.8s)
[503/2367] BANK2_CROSS_ua_reent__T_cross_-today__input_-adjust_warmup-strict: ok fills=270 (53.3s)
[504/2367] BANK2_CROSS_ua_reent__T_cross_-both_d_input_-raw_warmup-strict: ok fills=280 (50.8s)
[505/2367] BANK2_CROSS_ua_reent__OAT_rsi_exit-cross: exit=1 fills=None (7.0s)
[506/2367] BANK2_CROSS_ua_reent__T_cross_-both_d_input_-adjust_warmup-ready_: ok fills=266 (49.1s)
[507/2367] BANK2_CROSS_ua_reent__T_cross_-today__input_-raw_warmup-strict: ok fills=282 (53.7s)
[508/2367] BANK2_CROSS_ua_reent__T_cross_-today__input_-adjust_warmup-ready_: ok fills=266 (52.2s)
[509/2367] BANK2_CROSS_ua_reent__T_cross_-both_d_input_-raw_warmup-ready_: ok fills=276 (50.4s)
[510/2367] BANK2_CROSS_ua_reent__T_cross_-today__input_-raw_warmup-ready_: ok fills=278 (51.8s)
[511/2367] BANK2_CROSS_ua_reent__OAT_rsi_smoothing-simple: ok fills=320 (53.0s)
[512/2367] BANK2_CROSS_ua_reent__SPOT_all_excluded_off: ok fills=270 (54.6s)
[513/2367] BANK2_CROSS_ua_reent__OAT_a_exec-set_holdings: ok fills=270 (57.3s)
[514/2367] BANK2_CROSS_ua_wait__ref: ok fills=266 (54.6s)
[515/2367] BANK2_CROSS_ua_wait__T_cross_-today__input_-adjust_warmup-strict: ok fills=262 (52.1s)
[516/2367] BANK2_CROSS_ua_wait__T_cross_-both_d_input_-raw_warmup-strict: ok fills=278 (50.7s)
[517/2367] BANK2_CROSS_ua_wait__T_cross_-today__input_-raw_warmup-strict: ok fills=276 (49.4s)
[518/2367] BANK2_CROSS_ua_wait__T_cross_-today__input_-adjust_warmup-ready_: ok fills=258 (48.1s)
[519/2367] BANK2_CROSS_ua_wait__T_cross_-both_d_input_-adjust_warmup-ready_: ok fills=262 (50.0s)
[520/2367] BANK2_CROSS_ua_wait__T_cross_-both_d_input_-raw_warmup-ready_: ok fills=274 (52.0s)
[521/2367] BANK2_CROSS_ua_wait__T_cross_-today__input_-raw_warmup-ready_: ok fills=272 (52.7s)
[522/2367] BANK2_CROSS_ua_wait__OAT_rsi_smoothing-simple: ok fills=306 (53.8s)
[523/2367] BANK2_CROSS_ua_wait__OAT_rsi_exit-cross: ok fills=250 (53.9s)
[524/2367] BANK2_CROSS_ua_wait__OAT_a_exec-set_holdings: ok fills=266 (51.1s)
[525/2367] BANK2_CROSS_ua_wait__SPOT_all_excluded_off: ok fills=270 (50.2s)
[526/2367] BANK2_CROSS_au_reent__ref: ok fills=272 (47.9s)
[527/2367] BANK2_CROSS_au_reent__T_cross_-today__input_-adjust_warmup-strict: ok fills=272 (48.2s)
[528/2367] BANK2_CROSS_au_reent__T_cross_-both_d_input_-raw_warmup-strict: ok fills=282 (44.8s)
[529/2367] BANK2_CROSS_au_reent__T_cross_-today__input_-raw_warmup-strict: ok fills=284 (45.7s)
[530/2367] BANK2_CROSS_au_reent__T_cross_-both_d_input_-adjust_warmup-ready_: ok fills=266 (48.5s)
[531/2367] BANK2_CROSS_au_reent__T_cross_-today__input_-adjust_warmup-ready_: ok fills=266 (49.2s)
[532/2367] BANK2_CROSS_au_reent__SPOT_all_excluded_off: exit=1 fills=None (8.8s)
[533/2367] BANK2_CROSS_au_reent__T_cross_-both_d_input_-raw_warmup-ready_: ok fills=276 (53.6s)
[534/2367] BANK2_CROSS_au_reent__T_cross_-today__input_-raw_warmup-ready_: ok fills=278 (58.4s)
[535/2367] BANK2_CROSS_au_reent__OAT_rsi_exit-cross: ok fills=252 (59.1s)
[536/2367] BANK2_CROSS_au_wait__T_cross_-both_d_input_-adjust_warmup-ready_: exit=1 fills=None (9.6s)
[537/2367] BANK2_CROSS_au_reent__OAT_rsi_smoothing-simple: ok fills=322 (62.2s)
[538/2367] BANK2_CROSS_au_reent__OAT_a_exec-set_holdings: ok fills=272 (58.5s)
[539/2367] BANK2_CROSS_au_wait__ref: ok fills=267 (59.4s)
[540/2367] BANK2_CROSS_au_wait__T_cross_-today__input_-adjust_warmup-strict: ok fills=263 (61.0s)
[541/2367] BANK2_CROSS_au_wait__T_cross_-both_d_input_-raw_warmup-strict: ok fills=279 (61.6s)
[542/2367] BANK2_CROSS_au_wait__T_cross_-today__input_-raw_warmup-strict: ok fills=277 (58.5s)
[543/2367] BANK2_CROSS_au_wait__T_cross_-both_d_input_-raw_warmup-ready_: ok fills=273 (57.6s)
[544/2367] BANK2_CROSS_au_wait__T_cross_-today__input_-raw_warmup-ready_: ok fills=271 (55.8s)
[545/2367] BANK2_CROSS_au_wait__T_cross_-today__input_-adjust_warmup-ready_: ok fills=257 (59.9s)
[546/2367] BANK2_CROSS_au_wait__OAT_rsi_smoothing-simple: ok fills=307 (53.1s)
[547/2367] BANK2_CROSS_au_wait__OAT_rsi_exit-cross: ok fills=251 (57.9s)
[548/2367] BANK2_CROSS_au_wait__OAT_a_exec-set_holdings: ok fills=267 (56.8s)
[549/2367] BANK2_CROSS_au_wait__SPOT_all_excluded_off: ok fills=271 (60.1s)
[550/2367] BANK2_CROSS_da_reent__ref: ok fills=271 (61.8s)
[551/2367] BANK2_CROSS_da_reent__T_cross_-today__input_-adjust_warmup-strict: ok fills=271 (70.9s)
[552/2367] BANK2_CROSS_da_reent__T_cross_-both_d_input_-raw_warmup-strict: ok fills=281 (71.1s)
[553/2367] BANK2_CROSS_da_reent__T_cross_-today__input_-raw_warmup-strict: ok fills=281 (70.4s)
[554/2367] BANK2_CROSS_da_reent__T_cross_-both_d_input_-adjust_warmup-ready_: ok fills=265 (68.6s)
[555/2367] BANK2_CROSS_da_reent__T_cross_-today__input_-adjust_warmup-ready_: ok fills=265 (75.3s)
[556/2367] BANK2_CROSS_da_reent__T_cross_-both_d_input_-raw_warmup-ready_: ok fills=275 (74.8s)
[557/2367] BANK2_CROSS_da_reent__T_cross_-today__input_-raw_warmup-ready_: ok fills=275 (73.7s)
[558/2367] BANK2_CROSS_da_reent__OAT_rsi_smoothing-simple: ok fills=321 (75.8s)
[559/2367] BANK2_CROSS_da_reent__OAT_rsi_exit-cross: ok fills=251 (71.5s)
[560/2367] BANK2_CROSS_da_wait__ref: ok fills=267 (71.5s)
[561/2367] BANK2_CROSS_da_reent__OAT_a_exec-set_holdings: ok fills=271 (74.3s)
[562/2367] BANK2_CROSS_da_reent__SPOT_all_excluded_off: ok fills=271 (73.9s)
[563/2367] BANK2_CROSS_da_wait__T_cross_-today__input_-adjust_warmup-strict: ok fills=263 (70.0s)
[564/2367] BANK2_CROSS_da_wait__T_cross_-today__input_-raw_warmup-strict: ok fills=277 (70.8s)
[565/2367] BANK2_CROSS_da_wait__T_cross_-both_d_input_-raw_warmup-strict: ok fills=279 (74.8s)
[566/2367] BANK2_CROSS_da_wait__T_cross_-both_d_input_-adjust_warmup-ready_: ok fills=261 (76.6s)
[567/2367] BANK2_CROSS_da_wait__T_cross_-today__input_-adjust_warmup-ready_: ok fills=257 (71.7s)
[568/2367] BANK2_CROSS_da_wait__T_cross_-today__input_-raw_warmup-ready_: ok fills=271 (74.4s)
[569/2367] BANK2_CROSS_da_wait__T_cross_-both_d_input_-raw_warmup-ready_: ok fills=273 (75.8s)
[570/2367] BANK2_CROSS_da_wait__OAT_rsi_smoothing-simple: ok fills=307 (75.1s)
[571/2367] BANK2_CROSS_da_wait__OAT_rsi_exit-cross: ok fills=251 (72.1s)
[572/2367] BANK2_CROSS_da_wait__OAT_a_exec-set_holdings: ok fills=267 (68.3s)
[573/2367] BANK2_CROSS_da_wait__SPOT_all_excluded_off: ok fills=271 (72.6s)
[574/2367] BANK2_CROSS_ad_reent__ref: ok fills=270 (73.3s)
[575/2367] BANK2_CROSS_ad_reent__T_cross_-today__input_-adjust_warmup-strict: ok fills=270 (71.5s)
[576/2367] BANK2_CROSS_ad_reent__T_cross_-both_d_input_-raw_warmup-strict: ok fills=280 (73.7s)
[577/2367] BANK2_CROSS_ad_reent__T_cross_-today__input_-raw_warmup-strict: ok fills=280 (73.8s)
[578/2367] BANK2_CROSS_ad_reent__T_cross_-both_d_input_-adjust_warmup-ready_: ok fills=266 (73.9s)
[579/2367] BANK2_CROSS_ad_reent__T_cross_-today__input_-adjust_warmup-ready_: ok fills=266 (73.2s)
[580/2367] BANK2_CROSS_ad_reent__T_cross_-both_d_input_-raw_warmup-ready_: ok fills=276 (73.3s)
[581/2367] BANK2_CROSS_ad_reent__T_cross_-today__input_-raw_warmup-ready_: ok fills=276 (76.5s)
[582/2367] BANK2_CROSS_ad_reent__OAT_rsi_smoothing-simple: ok fills=320 (75.8s)
[583/2367] BANK2_CROSS_ad_reent__OAT_rsi_exit-cross: ok fills=250 (72.5s)
[584/2367] BANK2_CROSS_ad_reent__OAT_a_exec-set_holdings: ok fills=270 (75.0s)
[585/2367] BANK2_CROSS_ad_reent__SPOT_all_excluded_off: ok fills=270 (74.9s)
[586/2367] BANK2_CROSS_ad_wait__ref: ok fills=266 (77.7s)
[587/2367] BANK2_CROSS_ad_wait__T_cross_-today__input_-adjust_warmup-strict: ok fills=262 (78.8s)
[588/2367] BANK2_CROSS_ad_wait__T_cross_-both_d_input_-raw_warmup-strict: ok fills=278 (77.7s)
[589/2367] BANK2_CROSS_ad_wait__T_cross_-today__input_-raw_warmup-strict: ok fills=276 (77.2s)
[590/2367] BANK2_CROSS_ad_wait__T_cross_-both_d_input_-adjust_warmup-ready_: ok fills=262 (76.1s)
[591/2367] BANK2_CROSS_ad_wait__T_cross_-today__input_-adjust_warmup-ready_: ok fills=258 (79.0s)
[592/2367] BANK2_CROSS_ad_wait__T_cross_-today__input_-raw_warmup-ready_: ok fills=272 (72.3s)
[593/2367] BANK2_CROSS_ad_wait__T_cross_-both_d_input_-raw_warmup-ready_: ok fills=274 (74.1s)
[594/2367] BANK2_CROSS_ad_wait__OAT_rsi_smoothing-simple: ok fills=306 (73.3s)
[595/2367] BANK2_CROSS_ad_wait__OAT_rsi_exit-cross: ok fills=250 (67.9s)
[596/2367] BANK2_CROSS_ad_wait__OAT_a_exec-set_holdings: ok fills=266 (69.5s)
[597/2367] BANK2_CROSS_ad_wait__SPOT_all_excluded_off: ok fills=270 (65.5s)
[598/2367] BANK2_CROSS_level_reent__ref: ok fills=272 (62.2s)
[599/2367] BANK2_CROSS_level_reent__T_cross_-today__input_-adjust_warmup-strict: ok fills=272 (57.4s)
[600/2367] BANK2_CROSS_level_reent__T_cross_-both_d_input_-raw_warmup-strict: ok fills=282 (59.4s)
[601/2367] BANK2_CROSS_level_reent__T_cross_-today__input_-raw_warmup-strict: ok fills=282 (61.3s)
[602/2367] BANK2_CROSS_level_reent__T_cross_-both_d_input_-adjust_warmup-ready_: ok fills=266 (58.3s)
[603/2367] BANK2_CROSS_level_reent__T_cross_-today__input_-adjust_warmup-ready_: ok fills=266 (55.6s)
[604/2367] BANK2_CROSS_level_reent__T_cross_-both_d_input_-raw_warmup-ready_: ok fills=276 (54.9s)
[605/2367] BANK2_CROSS_level_wait__ref: exit=1 fills=None (12.3s)
[606/2367] BANK2_CROSS_level_reent__T_cross_-today__input_-raw_warmup-ready_: ok fills=276 (53.5s)
[607/2367] BANK2_CROSS_level_reent__OAT_rsi_smoothing-simple: ok fills=322 (55.9s)
[608/2367] BANK2_CROSS_level_reent__OAT_rsi_exit-cross: ok fills=252 (54.5s)
[609/2367] BANK2_CROSS_level_reent__OAT_a_exec-set_holdings: ok fills=272 (60.1s)
[610/2367] BANK2_CROSS_level_reent__SPOT_all_excluded_off: ok fills=272 (59.7s)
[611/2367] BANK2_CROSS_level_wait__T_cross_-today__input_-adjust_warmup-strict: ok fills=268 (59.9s)
[612/2367] BANK2_CROSS_level_wait__T_cross_-both_d_input_-raw_warmup-strict: ok fills=280 (59.7s)
[613/2367] BANK2_CROSS_level_wait__T_cross_-both_d_input_-adjust_warmup-ready_: ok fills=262 (57.8s)
[614/2367] BANK2_CROSS_level_wait__T_cross_-today__input_-raw_warmup-strict: ok fills=280 (60.5s)
[615/2367] BANK2_CROSS_level_wait__T_cross_-today__input_-adjust_warmup-ready_: ok fills=262 (56.6s)
[616/2367] BANK2_CROSS_level_wait__T_cross_-both_d_input_-raw_warmup-ready_: ok fills=274 (55.5s)
[617/2367] BANK2_CROSS_level_wait__T_cross_-today__input_-raw_warmup-ready_: ok fills=274 (55.4s)
[618/2367] BANK2_CROSS_level_wait__OAT_rsi_smoothing-simple: ok fills=308 (56.3s)
[619/2367] BANK2_CROSS_level_wait__OAT_a_exec-set_holdings: ok fills=268 (55.7s)
[620/2367] BANK2_CROSS_level_wait__OAT_rsi_exit-cross: ok fills=252 (58.6s)
[621/2367] BANK2_BL-03_pct10__ref: ok fills=270 (56.7s)
[622/2367] BANK2_CROSS_level_wait__SPOT_all_excluded_off: ok fills=272 (57.5s)
[623/2367] BANK2_BL-03_pct10__T_a_exec-set_ho_cross_-both_d_input_-adjust_warmup-strict: ok fills=270 (52.8s)
[624/2367] BANK2_BL-03_pct10__T_a_exec-calc_s_cross_-today__input_-adjust_warmup-strict: ok fills=266 (50.8s)
[625/2367] BANK2_BL-03_pct10__T_a_exec-set_ho_cross_-today__input_-adjust_warmup-strict: ok fills=266 (51.0s)
[626/2367] BANK2_BL-03_pct10__T_a_exec-calc_s_cross_-both_d_input_-raw_warmup-strict: ok fills=280 (50.4s)
[627/2367] BANK2_BL-03_pct10__T_a_exec-set_ho_cross_-both_d_input_-raw_warmup-strict: ok fills=280 (54.4s)
[628/2367] BANK2_BL-03_pct10__T_a_exec-set_ho_cross_-today__input_-raw_warmup-strict: ok fills=278 (55.2s)
[629/2367] BANK2_BL-03_pct10__T_a_exec-calc_s_cross_-both_d_input_-adjust_warmup-ready_: ok fills=266 (56.0s)
[630/2367] BANK2_BL-03_pct10__T_a_exec-calc_s_cross_-today__input_-raw_warmup-strict: ok fills=278 (60.1s)
[631/2367] BANK2_BL-03_pct10__T_a_exec-set_ho_cross_-both_d_input_-adjust_warmup-ready_: ok fills=266 (57.1s)
[632/2367] BANK2_BL-03_pct10__T_a_exec-calc_s_cross_-today__input_-adjust_warmup-ready_: ok fills=262 (57.1s)
[633/2367] BANK2_BL-03_pct10__T_a_exec-set_ho_cross_-today__input_-adjust_warmup-ready_: ok fills=262 (54.0s)
[634/2367] BANK2_BL-03_pct10__OAT_same_bar_reentry-wait_bar: exit=1 fills=None (9.9s)
[635/2367] BANK2_BL-03_pct10__T_a_exec-calc_s_cross_-both_d_input_-raw_warmup-ready_: ok fills=276 (53.7s)
[636/2367] BANK2_BL-03_pct10__T_a_exec-set_ho_cross_-both_d_input_-raw_warmup-ready_: ok fills=276 (55.3s)
[637/2367] BANK2_BL-03_pct10__T_a_exec-set_ho_cross_-today__input_-raw_warmup-ready_: ok fills=274 (54.1s)
[638/2367] BANK2_BL-03_pct10__T_a_exec-calc_s_cross_-today__input_-raw_warmup-ready_: ok fills=274 (58.9s)
[639/2367] BANK2_BL-03_pct10__OAT_rsi_smoothing-simple: ok fills=320 (56.0s)
[640/2367] BANK2_BL-03_pct10__OAT_rsi_exit-cross: ok fills=250 (55.5s)
[641/2367] BANK2_BL-03_pct10__SPOT_all_excluded_off: ok fills=270 (56.5s)
[642/2367] BANK2_BL-03_pct20__T_a_exec-set_ho_cross_-both_d_input_-adjust_warmup-strict: ok fills=270 (56.3s)
[643/2367] BANK2_BL-03_pct20__ref: ok fills=270 (58.5s)
[644/2367] BANK2_BL-03_pct20__T_a_exec-calc_s_cross_-today__input_-adjust_warmup-strict: ok fills=266 (55.2s)
[645/2367] BANK2_BL-03_pct20__T_a_exec-set_ho_cross_-today__input_-adjust_warmup-strict: ok fills=266 (53.4s)
[646/2367] BANK2_BL-03_pct20__T_a_exec-calc_s_cross_-both_d_input_-raw_warmup-strict: ok fills=280 (63.3s)
[647/2367] BANK2_BL-03_pct20__T_a_exec-set_ho_cross_-both_d_input_-raw_warmup-strict: ok fills=280 (62.5s)
[648/2367] BANK2_BL-03_pct20__T_a_exec-calc_s_cross_-today__input_-raw_warmup-strict: ok fills=278 (60.4s)
[649/2367] BANK2_BL-03_pct20__T_a_exec-set_ho_cross_-today__input_-raw_warmup-strict: ok fills=278 (60.0s)
[650/2367] BANK2_BL-03_pct20__T_a_exec-set_ho_cross_-both_d_input_-adjust_warmup-ready_: ok fills=266 (59.3s)
[651/2367] BANK2_BL-03_pct20__T_a_exec-calc_s_cross_-both_d_input_-adjust_warmup-ready_: ok fills=266 (59.8s)
[652/2367] BANK2_BL-03_pct20__T_a_exec-calc_s_cross_-today__input_-adjust_warmup-ready_: ok fills=262 (53.7s)
[653/2367] BANK2_BL-03_pct20__OAT_rsi_smoothing-simple: exit=1 fills=None (10.9s)
[654/2367] BANK2_BL-03_pct20__T_a_exec-set_ho_cross_-today__input_-adjust_warmup-ready_: ok fills=262 (54.0s)
[655/2367] BANK2_BL-03_pct20__T_a_exec-calc_s_cross_-both_d_input_-raw_warmup-ready_: ok fills=276 (56.3s)
[656/2367] BANK2_BL-03_pct20__T_a_exec-set_ho_cross_-both_d_input_-raw_warmup-ready_: ok fills=276 (56.3s)
[657/2367] BANK2_BL-03_pct20__T_a_exec-calc_s_cross_-today__input_-raw_warmup-ready_: ok fills=274 (55.8s)
[658/2367] BANK2_BL-03_pct20__OAT_rsi_exit-cross: ok fills=250 (54.0s)
[659/2367] BANK2_BL-03_pct20__T_a_exec-set_ho_cross_-today__input_-raw_warmup-ready_: ok fills=274 (56.8s)
[660/2367] BANK2_BL-03_pct25__ref: ok fills=270 (51.8s)
[661/2367] BANK2_BL-03_pct20__OAT_same_bar_reentry-wait_bar: ok fills=266 (53.6s)
[662/2367] BANK2_BL-03_pct20__SPOT_all_excluded_off: ok fills=270 (53.4s)
[663/2367] BANK2_BL-03_pct25__T_a_exec-calc_s_cross_-today__input_-adjust_warmup-strict: ok fills=266 (54.3s)
[664/2367] BANK2_BL-03_pct25__T_a_exec-set_ho_cross_-both_d_input_-adjust_warmup-strict: ok fills=270 (54.5s)
[665/2367] BANK2_BL-03_pct25__T_a_exec-set_ho_cross_-today__input_-adjust_warmup-strict: ok fills=266 (54.0s)
[666/2367] BANK2_BL-03_pct25__T_a_exec-calc_s_cross_-both_d_input_-raw_warmup-strict: ok fills=280 (56.9s)
[667/2367] BANK2_BL-03_pct25__T_a_exec-set_ho_cross_-both_d_input_-raw_warmup-strict: ok fills=280 (56.6s)
[668/2367] BANK2_BL-03_pct25__T_a_exec-calc_s_cross_-today__input_-raw_warmup-strict: ok fills=278 (56.4s)
[669/2367] BANK2_BL-03_pct25__T_a_exec-calc_s_cross_-both_d_input_-adjust_warmup-ready_: ok fills=266 (56.6s)
[670/2367] BANK2_BL-03_pct25__T_a_exec-set_ho_cross_-today__input_-raw_warmup-strict: ok fills=278 (57.5s)
[671/2367] BANK2_BL-03_pct25__T_a_exec-set_ho_cross_-both_d_input_-adjust_warmup-ready_: ok fills=266 (53.5s)
[672/2367] BANK2_BL-03_pct25__T_a_exec-calc_s_cross_-today__input_-adjust_warmup-ready_: ok fills=262 (53.6s)
[673/2367] BANK2_BL-03_pct25__T_a_exec-set_ho_cross_-today__input_-adjust_warmup-ready_: ok fills=262 (53.4s)
[674/2367] BANK2_BL-03_pct25__T_a_exec-calc_s_cross_-both_d_input_-raw_warmup-ready_: ok fills=276 (52.5s)
[675/2367] BANK2_BL-03_pct25__T_a_exec-set_ho_cross_-both_d_input_-raw_warmup-ready_: ok fills=276 (54.6s)
[676/2367] BANK2_BL-03_pct25__OAT_rsi_smoothing-simple: ok fills=320 (55.9s)
[677/2367] BANK2_BL-03_pct25__T_a_exec-calc_s_cross_-today__input_-raw_warmup-ready_: ok fills=274 (58.2s)
[678/2367] BANK2_BL-03_pct25__T_a_exec-set_ho_cross_-today__input_-raw_warmup-ready_: ok fills=274 (57.7s)
[679/2367] BANK2_BL-03_pct25__OAT_same_bar_reentry-wait_bar: ok fills=266 (53.6s)
[680/2367] BANK2_BL-03_pct40__T_a_exec-calc_s_cross_-both_d_input_-raw_warmup-strict: exit=1 fills=None (11.8s)
[681/2367] BANK2_BL-03_pct25__OAT_rsi_exit-cross: ok fills=250 (56.5s)
[682/2367] BANK2_BL-03_pct25__SPOT_all_excluded_off: ok fills=270 (58.8s)
[683/2367] BANK2_BL-03_pct40__ref: ok fills=270 (58.1s)
[684/2367] BANK2_BL-03_pct40__T_a_exec-set_ho_cross_-both_d_input_-adjust_warmup-strict: ok fills=270 (56.9s)
[685/2367] BANK2_BL-03_pct40__T_a_exec-calc_s_cross_-today__input_-adjust_warmup-strict: ok fills=266 (57.7s)
[686/2367] BANK2_BL-03_pct40__T_a_exec-set_ho_cross_-today__input_-adjust_warmup-strict: ok fills=266 (58.4s)
[687/2367] BANK2_BL-03_pct40__T_a_exec-set_ho_cross_-both_d_input_-raw_warmup-strict: ok fills=280 (56.5s)
[688/2367] BANK2_BL-03_pct40__T_a_exec-calc_s_cross_-today__input_-raw_warmup-strict: ok fills=278 (56.9s)
[689/2367] BANK2_BL-03_pct40__T_a_exec-set_ho_cross_-today__input_-raw_warmup-strict: ok fills=278 (60.3s)
[690/2367] BANK2_BL-03_pct40__T_a_exec-calc_s_cross_-both_d_input_-adjust_warmup-ready_: ok fills=266 (57.0s)
[691/2367] BANK2_BL-03_pct40__T_a_exec-set_ho_cross_-both_d_input_-adjust_warmup-ready_: ok fills=266 (58.9s)
[692/2367] BANK2_BL-03_pct40__T_a_exec-calc_s_cross_-today__input_-adjust_warmup-ready_: ok fills=262 (60.3s)
[693/2367] BANK2_BL-03_pct40__T_a_exec-set_ho_cross_-today__input_-adjust_warmup-ready_: ok fills=262 (59.5s)
[694/2367] BANK2_BL-03_pct40__T_a_exec-calc_s_cross_-both_d_input_-raw_warmup-ready_: ok fills=276 (58.6s)
[695/2367] BANK2_BL-03_pct40__T_a_exec-set_ho_cross_-both_d_input_-raw_warmup-ready_: ok fills=276 (59.4s)
[696/2367] BANK2_BL-03_pct40__T_a_exec-calc_s_cross_-today__input_-raw_warmup-ready_: ok fills=274 (58.7s)
[697/2367] BANK2_BL-03_pct50__ref: exit=1 fills=None (10.8s)
[698/2367] BANK2_BL-03_pct40__T_a_exec-set_ho_cross_-today__input_-raw_warmup-ready_: ok fills=274 (56.4s)
[699/2367] BANK2_BL-03_pct40__OAT_rsi_smoothing-simple: ok fills=320 (58.6s)
[700/2367] BANK2_BL-03_pct40__OAT_rsi_exit-cross: ok fills=250 (56.9s)
[701/2367] BANK2_BL-03_pct40__OAT_same_bar_reentry-wait_bar: ok fills=266 (59.2s)
[702/2367] BANK2_BL-03_pct40__SPOT_all_excluded_off: ok fills=270 (57.8s)
[703/2367] BANK2_BL-03_pct50__T_a_exec-set_ho_cross_-today__input_-adjust_warmup-strict: ok fills=266 (58.6s)
[704/2367] BANK2_BL-03_pct50__T_a_exec-calc_s_cross_-today__input_-adjust_warmup-strict: ok fills=266 (59.1s)
[705/2367] BANK2_BL-03_pct50__T_a_exec-set_ho_cross_-both_d_input_-adjust_warmup-strict: ok fills=270 (60.7s)
[706/2367] BANK2_BL-03_pct50__T_a_exec-calc_s_cross_-both_d_input_-raw_warmup-strict: ok fills=280 (57.9s)
[707/2367] BANK2_BL-03_pct50__T_a_exec-set_ho_cross_-both_d_input_-raw_warmup-strict: ok fills=280 (55.0s)
[708/2367] BANK2_BL-03_pct50__T_a_exec-calc_s_cross_-today__input_-raw_warmup-strict: ok fills=278 (59.1s)
[709/2367] BANK2_BL-03_pct50__T_a_exec-set_ho_cross_-today__input_-raw_warmup-strict: ok fills=278 (59.8s)
[710/2367] BANK2_BL-03_pct50__T_a_exec-calc_s_cross_-both_d_input_-adjust_warmup-ready_: ok fills=266 (58.3s)
[711/2367] BANK2_BL-03_pct50__T_a_exec-set_ho_cross_-both_d_input_-adjust_warmup-ready_: ok fills=266 (60.2s)
[712/2367] BANK2_BL-03_pct50__T_a_exec-calc_s_cross_-both_d_input_-raw_warmup-ready_: ok fills=276 (59.3s)
[713/2367] BANK2_BL-03_pct50__T_a_exec-set_ho_cross_-today__input_-adjust_warmup-ready_: ok fills=262 (60.1s)
[714/2367] BANK2_BL-03_pct50__T_a_exec-calc_s_cross_-today__input_-adjust_warmup-ready_: ok fills=262 (63.5s)
[715/2367] BANK2_BL-03_pct50__T_a_exec-set_ho_cross_-both_d_input_-raw_warmup-ready_: ok fills=276 (60.0s)
[716/2367] BANK2_BL-03_pct50__T_a_exec-calc_s_cross_-today__input_-raw_warmup-ready_: ok fills=274 (54.2s)
[717/2367] BANK2_BL-03_pct50__T_a_exec-set_ho_cross_-today__input_-raw_warmup-ready_: ok fills=274 (54.4s)
[718/2367] BANK2_BL-03_pct50__OAT_rsi_smoothing-simple: ok fills=320 (55.5s)
[719/2367] BANK2_BL-03_pct100__T_a_exec-set_ho_cross_-today__input_-adjust_warmup-strict: exit=1 fills=None (9.7s)
[720/2367] BANK2_BL-03_pct50__SPOT_all_excluded_off: ok fills=270 (56.9s)
[721/2367] BANK2_BL-03_pct50__OAT_same_bar_reentry-wait_bar: ok fills=266 (58.7s)
[722/2367] BANK2_BL-03_pct50__OAT_rsi_exit-cross: ok fills=250 (60.3s)
[723/2367] BANK2_BL-03_pct100__ref: ok fills=171 (56.9s)
[724/2367] BANK2_BL-03_pct100__T_a_exec-set_ho_cross_-both_d_input_-adjust_warmup-strict: ok fills=171 (57.4s)
[725/2367] BANK2_BL-03_pct100__T_a_exec-calc_s_cross_-today__input_-adjust_warmup-strict: ok fills=181 (52.8s)
[726/2367] BANK2_BL-03_pct100__T_a_exec-set_ho_cross_-both_d_input_-raw_warmup-strict: ok fills=204 (54.0s)
[727/2367] BANK2_BL-03_pct100__T_a_exec-calc_s_cross_-both_d_input_-raw_warmup-strict: ok fills=202 (57.0s)
[728/2367] BANK2_BL-03_pct100__T_a_exec-calc_s_cross_-today__input_-raw_warmup-strict: ok fills=202 (54.2s)
[729/2367] BANK2_BL-03_pct100__T_a_exec-set_ho_cross_-today__input_-raw_warmup-strict: ok fills=204 (54.3s)
[730/2367] BANK2_BL-03_pct100__T_a_exec-calc_s_cross_-both_d_input_-adjust_warmup-ready_: ok fills=167 (57.0s)
[731/2367] BANK2_BL-03_pct100__T_a_exec-set_ho_cross_-both_d_input_-adjust_warmup-ready_: ok fills=167 (61.3s)
[732/2367] BANK2_BL-03_pct100__T_a_exec-calc_s_cross_-today__input_-adjust_warmup-ready_: ok fills=177 (60.9s)
[733/2367] BANK2_BL-03_pct100__T_a_exec-set_ho_cross_-today__input_-adjust_warmup-ready_: ok fills=177 (57.7s)
[734/2367] BANK2_BL-03_pct100__T_a_exec-calc_s_cross_-both_d_input_-raw_warmup-ready_: ok fills=198 (57.3s)
[735/2367] BANK2_BL-03_pct100__T_a_exec-set_ho_cross_-both_d_input_-raw_warmup-ready_: ok fills=200 (56.3s)
[736/2367] BANK2_BL-03_pct100__T_a_exec-calc_s_cross_-today__input_-raw_warmup-ready_: ok fills=198 (58.6s)
[737/2367] BANK2_BL-03_pct100__T_a_exec-set_ho_cross_-today__input_-raw_warmup-ready_: ok fills=200 (64.0s)
[738/2367] BANK2_BL-03_pct100__OAT_rsi_smoothing-simple: ok fills=201 (65.8s)
[739/2367] BANK2_BL-04_prev_close__T_input_-adjust_rsi_ex-level_rsi_sm-wilder_same_b-wait_b_warmup-strict: exit=1 fills=None (12.5s)
[740/2367] BANK2_BL-03_pct100__OAT_rsi_exit-cross: ok fills=169 (67.0s)
[741/2367] BANK2_BL-03_pct100__OAT_same_bar_reentry-wait_bar: ok fills=171 (65.9s)
[742/2367] BANK2_BL-03_pct100__SPOT_all_excluded_off: ok fills=187 (65.7s)
[743/2367] BANK2_BL-04_prev_close__ref: ok fills=270 (63.9s)
[744/2367] BANK2_BL-04_prev_close__T_input_-raw_rsi_ex-level_rsi_sm-wilder_same_b-allowe_warmup-strict: ok fills=280 (63.6s)
[745/2367] BANK2_BL-04_prev_close__T_input_-raw_rsi_ex-level_rsi_sm-wilder_same_b-wait_b_warmup-strict: ok fills=278 (57.4s)
[746/2367] BANK2_BL-04_prev_close__T_input_-adjust_rsi_ex-level_rsi_sm-wilder_same_b-allowe_warmup-ready_: ok fills=266 (56.4s)
[747/2367] BANK2_BL-04_prev_close__T_input_-raw_rsi_ex-level_rsi_sm-wilder_same_b-allowe_warmup-ready_: ok fills=276 (58.4s)
[748/2367] BANK2_BL-04_prev_close__T_input_-adjust_rsi_ex-level_rsi_sm-wilder_same_b-wait_b_warmup-ready_: ok fills=262 (54.0s)
[749/2367] BANK2_BL-04_prev_close__T_input_-raw_rsi_ex-level_rsi_sm-wilder_same_b-wait_b_warmup-ready_: ok fills=274 (59.5s)
[750/2367] BANK2_BL-04_prev_close__T_input_-adjust_rsi_ex-cross_rsi_sm-wilder_same_b-allowe_warmup-strict: ok fills=250 (56.4s)
[751/2367] BANK2_BL-04_prev_close__T_input_-raw_rsi_ex-cross_rsi_sm-wilder_same_b-allowe_warmup-strict: ok fills=264 (57.7s)
[752/2367] BANK2_BL-04_prev_close__T_input_-adjust_rsi_ex-cross_rsi_sm-wilder_same_b-wait_b_warmup-strict: ok fills=250 (58.5s)
[753/2367] BANK2_BL-04_prev_close__T_input_-raw_rsi_ex-cross_rsi_sm-wilder_same_b-wait_b_warmup-strict: ok fills=264 (52.5s)
[754/2367] BANK2_BL-04_prev_close__T_input_-adjust_rsi_ex-cross_rsi_sm-wilder_same_b-allowe_warmup-ready_: ok fills=246 (54.9s)
[755/2367] BANK2_BL-04_prev_close__T_input_-raw_rsi_ex-cross_rsi_sm-wilder_same_b-allowe_warmup-ready_: ok fills=260 (53.1s)
[756/2367] BANK2_BL-04_prev_close__T_input_-adjust_rsi_ex-cross_rsi_sm-wilder_same_b-wait_b_warmup-ready_: ok fills=246 (57.3s)
[757/2367] BANK2_BL-04_prev_close__T_input_-raw_rsi_ex-cross_rsi_sm-wilder_same_b-wait_b_warmup-ready_: ok fills=260 (57.5s)
[758/2367] BANK2_BL-04_prev_close__T_input_-adjust_rsi_ex-level_rsi_sm-simple_same_b-allowe_warmup-strict: ok fills=320 (58.5s)
[759/2367] BANK2_BL-04_prev_close__T_input_-raw_rsi_ex-level_rsi_sm-simple_same_b-allowe_warmup-strict: ok fills=338 (59.2s)
[760/2367] BANK2_BL-04_prev_close__T_input_-adjust_rsi_ex-level_rsi_sm-simple_same_b-wait_b_warmup-strict: ok fills=306 (60.2s)
[761/2367] BANK2_BL-04_prev_close__T_input_-raw_rsi_ex-level_rsi_sm-simple_same_b-wait_b_warmup-strict: ok fills=324 (59.2s)
[762/2367] BANK2_BL-04_prev_close__T_input_-raw_rsi_ex-level_rsi_sm-simple_same_b-allowe_warmup-ready_: ok fills=324 (59.6s)
[763/2367] BANK2_BL-04_prev_close__T_input_-adjust_rsi_ex-level_rsi_sm-simple_same_b-allowe_warmup-ready_: ok fills=306 (61.4s)
[764/2367] BANK2_BL-04_prev_close__T_input_-raw_rsi_ex-cross_rsi_sm-simple_same_b-wait_b_warmup-strict: exit=1 fills=None (9.1s)
[765/2367] BANK2_BL-04_prev_close__T_input_-adjust_rsi_ex-level_rsi_sm-simple_same_b-wait_b_warmup-ready_: ok fills=296 (59.2s)
[766/2367] BANK2_BL-04_prev_close__T_input_-raw_rsi_ex-level_rsi_sm-simple_same_b-wait_b_warmup-ready_: ok fills=314 (57.9s)
[767/2367] BANK2_BL-04_prev_close__T_input_-adjust_rsi_ex-cross_rsi_sm-simple_same_b-allowe_warmup-strict: ok fills=270 (57.5s)
[768/2367] BANK2_BL-04_prev_close__T_input_-raw_rsi_ex-cross_rsi_sm-simple_same_b-allowe_warmup-strict: ok fills=290 (55.2s)
[769/2367] BANK2_BL-04_prev_close__T_input_-adjust_rsi_ex-cross_rsi_sm-simple_same_b-wait_b_warmup-strict: ok fills=270 (55.2s)
[770/2367] BANK2_BL-04_prev_close__T_input_-raw_rsi_ex-cross_rsi_sm-simple_same_b-allowe_warmup-ready_: ok fills=282 (55.5s)
[771/2367] BANK2_BL-04_prev_close__T_input_-adjust_rsi_ex-cross_rsi_sm-simple_same_b-allowe_warmup-ready_: ok fills=262 (57.4s)
[772/2367] BANK2_BL-04_prev_close__T_input_-adjust_rsi_ex-cross_rsi_sm-simple_same_b-wait_b_warmup-ready_: ok fills=262 (57.2s)
[773/2367] BANK2_BL-04_prev_close__T_input_-raw_rsi_ex-cross_rsi_sm-simple_same_b-wait_b_warmup-ready_: ok fills=282 (54.7s)
[774/2367] BANK2_BL-04_prev_close__OAT_a_exec-set_holdings: ok fills=270 (52.1s)
[775/2367] BANK2_BL-04_prev_close__OAT_cross_timing-today_ma: ok fills=266 (54.5s)
[776/2367] BANK2_BL-04_prev_close__SPOT_all_excluded_off: ok fills=266 (52.5s)
[777/2367] BANK2_BL-04_open_close__ref: ok fills=306 (51.6s)
[778/2367] BANK2_BL-04_open_close__T_input_-raw_rsi_ex-level_rsi_sm-wilder_same_b-allowe_warmup-strict: ok fills=314 (52.4s)
[779/2367] BANK2_BL-04_open_close__T_input_-adjust_rsi_ex-level_rsi_sm-wilder_same_b-wait_b_warmup-strict: ok fills=288 (55.7s)
[780/2367] BANK2_BL-04_open_close__T_input_-raw_rsi_ex-level_rsi_sm-wilder_same_b-wait_b_warmup-strict: ok fills=298 (56.4s)
[781/2367] BANK2_BL-04_open_close__T_input_-adjust_rsi_ex-level_rsi_sm-wilder_same_b-allowe_warmup-ready_: ok fills=300 (56.2s)
[782/2367] BANK2_BL-04_open_close__T_input_-raw_rsi_ex-level_rsi_sm-wilder_same_b-allowe_warmup-ready_: ok fills=308 (54.7s)
[783/2367] BANK2_BL-04_open_close__T_input_-adjust_rsi_ex-level_rsi_sm-wilder_same_b-wait_b_warmup-ready_: ok fills=282 (54.0s)
[784/2367] BANK2_BL-04_open_close__T_input_-raw_rsi_ex-level_rsi_sm-wilder_same_b-wait_b_warmup-ready_: ok fills=292 (53.5s)
[785/2367] BANK2_BL-04_open_close__T_input_-adjust_rsi_ex-cross_rsi_sm-wilder_same_b-allowe_warmup-strict: ok fills=248 (53.9s)
[786/2367] BANK2_BL-04_open_close__T_input_-raw_rsi_ex-cross_rsi_sm-wilder_same_b-allowe_warmup-strict: ok fills=260 (49.8s)
[787/2367] BANK2_BL-04_open_close__T_input_-raw_rsi_ex-cross_rsi_sm-wilder_same_b-wait_b_warmup-strict: ok fills=260 (50.6s)
[788/2367] BANK2_BL-04_open_close__T_input_-adjust_rsi_ex-cross_rsi_sm-wilder_same_b-wait_b_warmup-strict: ok fills=248 (55.1s)
[789/2367] BANK2_BL-04_open_close__T_input_-adjust_rsi_ex-cross_rsi_sm-wilder_same_b-allowe_warmup-ready_: ok fills=244 (55.3s)
[790/2367] BANK2_BL-04_open_close__T_input_-raw_rsi_ex-cross_rsi_sm-wilder_same_b-allowe_warmup-ready_: ok fills=256 (59.1s)
[791/2367] BANK2_BL-04_open_close__T_input_-adjust_rsi_ex-cross_rsi_sm-wilder_same_b-wait_b_warmup-ready_: ok fills=244 (56.2s)
[792/2367] BANK2_BL-04_open_close__T_input_-raw_rsi_ex-cross_rsi_sm-wilder_same_b-wait_b_warmup-ready_: ok fills=256 (59.7s)
[793/2367] BANK2_BL-04_open_close__T_input_-adjust_rsi_ex-level_rsi_sm-simple_same_b-allowe_warmup-strict: ok fills=356 (57.3s)
[794/2367] BANK2_BL-04_open_close__T_input_-raw_rsi_ex-level_rsi_sm-simple_same_b-allowe_warmup-strict: ok fills=372 (53.9s)
[795/2367] BANK2_BL-04_open_close__T_input_-adjust_rsi_ex-level_rsi_sm-simple_same_b-wait_b_warmup-strict: ok fills=334 (55.7s)
[796/2367] BANK2_BL-04_open_close__T_input_-raw_rsi_ex-level_rsi_sm-simple_same_b-wait_b_warmup-strict: ok fills=352 (55.4s)
[797/2367] BANK2_BL-04_open_close__T_input_-raw_rsi_ex-cross_rsi_sm-simple_same_b-allowe_warmup-strict: exit=1 fills=None (12.0s)
[798/2367] BANK2_BL-04_open_close__T_input_-adjust_rsi_ex-level_rsi_sm-simple_same_b-allowe_warmup-ready_: ok fills=338 (56.2s)
[799/2367] BANK2_BL-04_open_close__T_input_-raw_rsi_ex-level_rsi_sm-simple_same_b-allowe_warmup-ready_: ok fills=354 (58.9s)
[800/2367] BANK2_BL-04_open_close__T_input_-adjust_rsi_ex-level_rsi_sm-simple_same_b-wait_b_warmup-ready_: ok fills=320 (59.8s)
[801/2367] BANK2_BL-04_open_close__T_input_-raw_rsi_ex-level_rsi_sm-simple_same_b-wait_b_warmup-ready_: ok fills=338 (61.7s)
[802/2367] BANK2_BL-04_open_close__T_input_-adjust_rsi_ex-cross_rsi_sm-simple_same_b-allowe_warmup-strict: ok fills=276 (61.6s)
[803/2367] BANK2_BL-04_open_close__T_input_-adjust_rsi_ex-cross_rsi_sm-simple_same_b-wait_b_warmup-strict: ok fills=276 (58.9s)
[804/2367] BANK2_BL-04_open_close__T_input_-adjust_rsi_ex-cross_rsi_sm-simple_same_b-allowe_warmup-ready_: ok fills=266 (56.0s)
[805/2367] BANK2_BL-04_open_close__T_input_-raw_rsi_ex-cross_rsi_sm-simple_same_b-wait_b_warmup-strict: ok fills=296 (57.8s)
[806/2367] BANK2_BL-04_open_close__T_input_-raw_rsi_ex-cross_rsi_sm-simple_same_b-allowe_warmup-ready_: ok fills=286 (54.5s)
[807/2367] BANK2_BL-04_open_close__T_input_-adjust_rsi_ex-cross_rsi_sm-simple_same_b-wait_b_warmup-ready_: ok fills=266 (53.8s)
[808/2367] BANK2_BL-04_open_close__T_input_-raw_rsi_ex-cross_rsi_sm-simple_same_b-wait_b_warmup-ready_: ok fills=286 (54.7s)
[809/2367] BANK2_BL-04_open_close__OAT_cross_timing-today_ma: ok fills=302 (58.6s)
[810/2367] BANK2_BL-04_open_close__OAT_a_exec-set_holdings: ok fills=306 (60.3s)
[811/2367] BANK2_BL-04_prev_close_le__ref: ok fills=270 (52.6s)
[812/2367] BANK2_BL-04_prev_close_le__T_input_-raw_rsi_ex-level_rsi_sm-wilder_same_b-allowe_warmup-strict: ok fills=280 (52.4s)
[813/2367] BANK2_BL-04_open_close__SPOT_all_excluded_off: ok fills=302 (55.1s)
[814/2367] BANK2_BL-04_prev_close_le__T_input_-adjust_rsi_ex-level_rsi_sm-wilder_same_b-wait_b_warmup-strict: ok fills=266 (54.1s)
[815/2367] BANK2_BL-04_prev_close_le__T_input_-raw_rsi_ex-level_rsi_sm-wilder_same_b-wait_b_warmup-strict: ok fills=278 (51.8s)
[816/2367] BANK2_BL-04_prev_close_le__T_input_-adjust_rsi_ex-level_rsi_sm-wilder_same_b-allowe_warmup-ready_: ok fills=266 (50.4s)
[817/2367] BANK2_BL-04_prev_close_le__T_input_-raw_rsi_ex-level_rsi_sm-wilder_same_b-allowe_warmup-ready_: ok fills=276 (54.7s)
[818/2367] BANK2_BL-04_prev_close_le__T_input_-adjust_rsi_ex-level_rsi_sm-wilder_same_b-wait_b_warmup-ready_: ok fills=262 (54.4s)
[819/2367] BANK2_BL-04_prev_close_le__T_input_-raw_rsi_ex-level_rsi_sm-wilder_same_b-wait_b_warmup-ready_: ok fills=274 (58.4s)
[820/2367] BANK2_BL-04_prev_close_le__T_input_-raw_rsi_ex-cross_rsi_sm-wilder_same_b-allowe_warmup-strict: ok fills=264 (56.7s)
[821/2367] BANK2_BL-04_prev_close_le__T_input_-adjust_rsi_ex-cross_rsi_sm-wilder_same_b-allowe_warmup-strict: ok fills=250 (58.9s)
[822/2367] BANK2_BL-04_prev_close_le__T_input_-adjust_rsi_ex-cross_rsi_sm-wilder_same_b-wait_b_warmup-strict: ok fills=250 (57.5s)
[823/2367] BANK2_BL-04_prev_close_le__T_input_-raw_rsi_ex-cross_rsi_sm-wilder_same_b-wait_b_warmup-strict: ok fills=264 (55.2s)
[824/2367] BANK2_BL-04_prev_close_le__T_input_-adjust_rsi_ex-cross_rsi_sm-wilder_same_b-allowe_warmup-ready_: ok fills=246 (57.7s)
[825/2367] BANK2_BL-04_prev_close_le__T_input_-raw_rsi_ex-cross_rsi_sm-wilder_same_b-allowe_warmup-ready_: ok fills=260 (51.1s)
[826/2367] BANK2_BL-04_prev_close_le__T_input_-adjust_rsi_ex-cross_rsi_sm-wilder_same_b-wait_b_warmup-ready_: ok fills=246 (51.0s)
[827/2367] BANK2_BL-04_prev_close_le__T_input_-raw_rsi_ex-cross_rsi_sm-wilder_same_b-wait_b_warmup-ready_: ok fills=260 (50.3s)
[828/2367] BANK2_BL-04_prev_close_le__T_input_-raw_rsi_ex-level_rsi_sm-simple_same_b-allowe_warmup-strict: ok fills=338 (51.7s)
[829/2367] BANK2_BL-04_prev_close_le__T_input_-adjust_rsi_ex-level_rsi_sm-simple_same_b-allowe_warmup-strict: ok fills=320 (52.5s)
[830/2367] BANK2_BL-04_prev_close_le__T_input_-adjust_rsi_ex-level_rsi_sm-simple_same_b-wait_b_warmup-strict: ok fills=306 (51.3s)
[831/2367] BANK2_BL-04_prev_close_le__T_input_-raw_rsi_ex-level_rsi_sm-simple_same_b-wait_b_warmup-strict: ok fills=324 (55.0s)
[832/2367] BANK2_BL-04_prev_close_le__T_input_-adjust_rsi_ex-level_rsi_sm-simple_same_b-allowe_warmup-ready_: ok fills=306 (57.1s)
[833/2367] BANK2_BL-04_prev_close_le__T_input_-raw_rsi_ex-level_rsi_sm-simple_same_b-allowe_warmup-ready_: ok fills=324 (52.3s)
[834/2367] BANK2_BL-04_prev_close_le__T_input_-adjust_rsi_ex-level_rsi_sm-simple_same_b-wait_b_warmup-ready_: ok fills=296 (53.4s)
[835/2367] BANK2_BL-04_prev_close_le__T_input_-raw_rsi_ex-level_rsi_sm-simple_same_b-wait_b_warmup-ready_: ok fills=314 (53.1s)
[836/2367] BANK2_BL-04_prev_close_le__T_input_-raw_rsi_ex-cross_rsi_sm-simple_same_b-allowe_warmup-strict: ok fills=290 (52.6s)
[837/2367] BANK2_BL-04_prev_close_le__T_input_-adjust_rsi_ex-cross_rsi_sm-simple_same_b-allowe_warmup-strict: ok fills=270 (53.9s)
[838/2367] BANK2_BL-04_prev_close_le__T_input_-adjust_rsi_ex-cross_rsi_sm-simple_same_b-wait_b_warmup-strict: ok fills=270 (55.0s)
[839/2367] BANK2_BL-04_prev_close_le__T_input_-raw_rsi_ex-cross_rsi_sm-simple_same_b-wait_b_warmup-strict: ok fills=290 (56.9s)
[840/2367] BANK2_BL-04_prev_close_le__T_input_-adjust_rsi_ex-cross_rsi_sm-simple_same_b-allowe_warmup-ready_: ok fills=262 (58.6s)
[841/2367] BANK2_BL-04_prev_close_le__T_input_-raw_rsi_ex-cross_rsi_sm-simple_same_b-allowe_warmup-ready_: ok fills=282 (54.0s)
[842/2367] BANK2_BL-04_prev_close_le__T_input_-adjust_rsi_ex-cross_rsi_sm-simple_same_b-wait_b_warmup-ready_: ok fills=262 (53.5s)
[843/2367] BANK2_BL-04_prev_close_le__T_input_-raw_rsi_ex-cross_rsi_sm-simple_same_b-wait_b_warmup-ready_: ok fills=282 (47.8s)
[844/2367] BANK2_BL-05_d2__T_input_-adjust_rsi_ex-level_rsi_sm-wilder_same_b-wait_b_warmup-strict: exit=1 fills=None (11.4s)
[845/2367] BANK2_BL-04_prev_close_le__OAT_cross_timing-today_ma: ok fills=266 (48.1s)
[846/2367] BANK2_BL-04_prev_close_le__SPOT_all_excluded_off: ok fills=266 (49.3s)
[847/2367] BANK2_BL-04_prev_close_le__OAT_a_exec-set_holdings: ok fills=270 (52.2s)
[848/2367] BANK2_BL-05_d2__ref: ok fills=416 (52.1s)
[849/2367] BANK2_BL-05_d2__T_input_-raw_rsi_ex-level_rsi_sm-wilder_same_b-allowe_warmup-strict: ok fills=420 (55.3s)
[850/2367] BANK2_BL-05_d2__T_input_-raw_rsi_ex-level_rsi_sm-wilder_same_b-wait_b_warmup-strict: ok fills=398 (56.8s)
[851/2367] BANK2_BL-05_d2__T_input_-adjust_rsi_ex-level_rsi_sm-wilder_same_b-allowe_warmup-ready_: ok fills=410 (56.0s)
[852/2367] BANK2_BL-05_d2__T_input_-raw_rsi_ex-cross_rsi_sm-wilder_same_b-wait_b_warmup-strict: exit=1 fills=None (8.2s)
[853/2367] BANK2_BL-05_d2__T_input_-raw_rsi_ex-level_rsi_sm-wilder_same_b-allowe_warmup-ready_: ok fills=414 (57.7s)
[854/2367] BANK2_BL-05_d2__T_input_-adjust_rsi_ex-cross_rsi_sm-wilder_same_b-allowe_warmup-strict: ok fills=298 (55.5s)
[855/2367] BANK2_BL-05_d2__T_input_-adjust_rsi_ex-level_rsi_sm-wilder_same_b-wait_b_warmup-ready_: ok fills=384 (59.7s)
[856/2367] BANK2_BL-05_d2__T_input_-raw_rsi_ex-level_rsi_sm-wilder_same_b-wait_b_warmup-ready_: ok fills=392 (59.7s)
[857/2367] BANK2_BL-05_d2__T_input_-raw_rsi_ex-cross_rsi_sm-wilder_same_b-allowe_warmup-strict: ok fills=310 (56.7s)
[858/2367] BANK2_BL-05_d2__T_input_-adjust_rsi_ex-cross_rsi_sm-wilder_same_b-wait_b_warmup-strict: ok fills=298 (55.9s)
[859/2367] BANK2_BL-05_d2__T_input_-raw_rsi_ex-cross_rsi_sm-wilder_same_b-allowe_warmup-ready_: ok fills=306 (53.3s)
[860/2367] BANK2_BL-05_d2__T_input_-adjust_rsi_ex-cross_rsi_sm-wilder_same_b-allowe_warmup-ready_: ok fills=294 (55.8s)
[861/2367] BANK2_BL-05_d2__T_input_-adjust_rsi_ex-cross_rsi_sm-wilder_same_b-wait_b_warmup-ready_: ok fills=294 (56.3s)
[862/2367] BANK2_BL-05_d2__T_input_-raw_rsi_ex-cross_rsi_sm-wilder_same_b-wait_b_warmup-ready_: ok fills=306 (57.1s)
[863/2367] BANK2_BL-05_d2__T_input_-adjust_rsi_ex-level_rsi_sm-simple_same_b-allowe_warmup-strict: ok fills=516 (57.1s)
[864/2367] BANK2_BL-05_d2__T_input_-raw_rsi_ex-level_rsi_sm-simple_same_b-allowe_warmup-strict: ok fills=532 (58.0s)
[865/2367] BANK2_BL-05_d2__T_input_-adjust_rsi_ex-level_rsi_sm-simple_same_b-wait_b_warmup-strict: ok fills=458 (56.4s)
[866/2367] BANK2_BL-05_d2__T_input_-raw_rsi_ex-level_rsi_sm-simple_same_b-wait_b_warmup-strict: ok fills=476 (59.6s)
[867/2367] BANK2_BL-05_d2__T_input_-adjust_rsi_ex-level_rsi_sm-simple_same_b-allowe_warmup-ready_: ok fills=494 (57.0s)
[868/2367] BANK2_BL-05_d2__T_input_-raw_rsi_ex-level_rsi_sm-simple_same_b-allowe_warmup-ready_: ok fills=510 (56.5s)
[869/2367] BANK2_BL-05_d2__T_input_-adjust_rsi_ex-level_rsi_sm-simple_same_b-wait_b_warmup-ready_: ok fills=440 (60.5s)
[870/2367] BANK2_BL-05_d2__T_input_-adjust_rsi_ex-cross_rsi_sm-simple_same_b-allowe_warmup-strict: ok fills=322 (57.2s)
[871/2367] BANK2_BL-05_d2__T_input_-raw_rsi_ex-level_rsi_sm-simple_same_b-wait_b_warmup-ready_: ok fills=458 (58.4s)
[872/2367] BANK2_BL-05_d2__T_input_-raw_rsi_ex-cross_rsi_sm-simple_same_b-allowe_warmup-ready_: exit=1 fills=None (9.2s)
[873/2367] BANK2_BL-05_d2__T_input_-raw_rsi_ex-cross_rsi_sm-simple_same_b-allowe_warmup-strict: ok fills=342 (54.2s)
[874/2367] BANK2_BL-05_d2__T_input_-adjust_rsi_ex-cross_rsi_sm-simple_same_b-wait_b_warmup-strict: ok fills=316 (54.9s)
[875/2367] BANK2_BL-05_d2__T_input_-raw_rsi_ex-cross_rsi_sm-simple_same_b-wait_b_warmup-strict: ok fills=336 (54.0s)
[876/2367] BANK2_BL-05_d2__T_input_-adjust_rsi_ex-cross_rsi_sm-simple_same_b-allowe_warmup-ready_: ok fills=312 (53.2s)
[877/2367] BANK2_BL-05_d2__T_input_-adjust_rsi_ex-cross_rsi_sm-simple_same_b-wait_b_warmup-ready_: ok fills=306 (58.4s)
[878/2367] BANK2_BL-05_d2__OAT_cross_timing-today_ma: ok fills=412 (56.9s)
[879/2367] BANK2_BL-05_d2__OAT_a_exec-set_holdings: ok fills=416 (58.2s)
[880/2367] BANK2_BL-05_d2__SPOT_all_excluded_off: ok fills=412 (58.0s)
[881/2367] BANK2_BL-05_d2__T_input_-raw_rsi_ex-cross_rsi_sm-simple_same_b-wait_b_warmup-ready_: ok fills=326 (59.3s)
[882/2367] BANK2_BL-05_d3__ref: ok fills=270 (57.3s)
[883/2367] BANK2_BL-05_d3__T_input_-raw_rsi_ex-level_rsi_sm-wilder_same_b-allowe_warmup-strict: ok fills=280 (56.4s)
[884/2367] BANK2_BL-05_d3__T_input_-adjust_rsi_ex-level_rsi_sm-wilder_same_b-wait_b_warmup-strict: ok fills=266 (51.5s)
[885/2367] BANK2_BL-05_d3__T_input_-adjust_rsi_ex-level_rsi_sm-wilder_same_b-allowe_warmup-ready_: ok fills=266 (49.7s)
[886/2367] BANK2_BL-05_d3__T_input_-raw_rsi_ex-level_rsi_sm-wilder_same_b-wait_b_warmup-strict: ok fills=278 (53.1s)
[887/2367] BANK2_BL-05_d3__T_input_-raw_rsi_ex-level_rsi_sm-wilder_same_b-allowe_warmup-ready_: ok fills=276 (54.5s)
[888/2367] BANK2_BL-05_d3__T_input_-adjust_rsi_ex-level_rsi_sm-wilder_same_b-wait_b_warmup-ready_: ok fills=262 (57.0s)
[889/2367] BANK2_BL-05_d3__T_input_-raw_rsi_ex-level_rsi_sm-wilder_same_b-wait_b_warmup-ready_: ok fills=274 (58.3s)
[890/2367] BANK2_BL-05_d3__T_input_-adjust_rsi_ex-cross_rsi_sm-wilder_same_b-allowe_warmup-strict: ok fills=250 (61.3s)
[891/2367] BANK2_BL-05_d3__T_input_-raw_rsi_ex-cross_rsi_sm-wilder_same_b-allowe_warmup-strict: ok fills=264 (61.4s)
[892/2367] BANK2_BL-05_d3__T_input_-adjust_rsi_ex-cross_rsi_sm-wilder_same_b-wait_b_warmup-strict: ok fills=250 (54.5s)
[893/2367] BANK2_BL-05_d3__T_input_-raw_rsi_ex-cross_rsi_sm-wilder_same_b-wait_b_warmup-strict: ok fills=264 (54.7s)
[894/2367] BANK2_BL-05_d3__T_input_-raw_rsi_ex-cross_rsi_sm-wilder_same_b-allowe_warmup-ready_: ok fills=260 (52.4s)
[895/2367] BANK2_BL-05_d3__T_input_-adjust_rsi_ex-cross_rsi_sm-wilder_same_b-allowe_warmup-ready_: ok fills=246 (55.4s)
[896/2367] BANK2_BL-05_d3__T_input_-adjust_rsi_ex-cross_rsi_sm-wilder_same_b-wait_b_warmup-ready_: ok fills=246 (52.0s)
[897/2367] BANK2_BL-05_d3__T_input_-raw_rsi_ex-cross_rsi_sm-wilder_same_b-wait_b_warmup-ready_: ok fills=260 (50.5s)
[898/2367] BANK2_BL-05_d3__T_input_-adjust_rsi_ex-level_rsi_sm-simple_same_b-allowe_warmup-strict: ok fills=320 (54.2s)
[899/2367] BANK2_BL-05_d3__T_input_-raw_rsi_ex-level_rsi_sm-simple_same_b-allowe_warmup-strict: ok fills=338 (55.4s)
[900/2367] BANK2_BL-05_d3__T_input_-adjust_rsi_ex-level_rsi_sm-simple_same_b-wait_b_warmup-strict: ok fills=306 (55.5s)
[901/2367] BANK2_BL-05_d3__T_input_-raw_rsi_ex-level_rsi_sm-simple_same_b-wait_b_warmup-strict: ok fills=324 (53.2s)
[902/2367] BANK2_BL-05_d3__T_input_-adjust_rsi_ex-level_rsi_sm-simple_same_b-allowe_warmup-ready_: ok fills=306 (52.6s)
[903/2367] BANK2_BL-05_d3__T_input_-raw_rsi_ex-level_rsi_sm-simple_same_b-allowe_warmup-ready_: ok fills=324 (56.0s)
[904/2367] BANK2_BL-05_d3__T_input_-raw_rsi_ex-level_rsi_sm-simple_same_b-wait_b_warmup-ready_: ok fills=314 (53.6s)
[905/2367] BANK2_BL-05_d3__T_input_-adjust_rsi_ex-level_rsi_sm-simple_same_b-wait_b_warmup-ready_: ok fills=296 (54.9s)
[906/2367] BANK2_BL-05_d3__T_input_-adjust_rsi_ex-cross_rsi_sm-simple_same_b-allowe_warmup-strict: ok fills=270 (51.0s)
[907/2367] BANK2_BL-05_d3__T_input_-adjust_rsi_ex-cross_rsi_sm-simple_same_b-wait_b_warmup-strict: ok fills=270 (51.1s)
[908/2367] BANK2_BL-05_d3__T_input_-raw_rsi_ex-cross_rsi_sm-simple_same_b-allowe_warmup-strict: ok fills=290 (55.1s)
[909/2367] BANK2_BL-05_d3__T_input_-raw_rsi_ex-cross_rsi_sm-simple_same_b-wait_b_warmup-strict: ok fills=290 (53.8s)
[910/2367] BANK2_BL-05_d3__T_input_-adjust_rsi_ex-cross_rsi_sm-simple_same_b-allowe_warmup-ready_: ok fills=262 (52.8s)
[911/2367] BANK2_BL-05_d3__T_input_-adjust_rsi_ex-cross_rsi_sm-simple_same_b-wait_b_warmup-ready_: ok fills=262 (53.1s)
[912/2367] BANK2_BL-05_d3__T_input_-raw_rsi_ex-cross_rsi_sm-simple_same_b-allowe_warmup-ready_: ok fills=282 (54.7s)
[913/2367] BANK2_BL-05_d4__ref: exit=1 fills=None (7.4s)
[914/2367] BANK2_BL-05_d3__T_input_-raw_rsi_ex-cross_rsi_sm-simple_same_b-wait_b_warmup-ready_: ok fills=282 (53.8s)
[915/2367] BANK2_BL-05_d3__OAT_a_exec-set_holdings: ok fills=270 (51.6s)
[916/2367] BANK2_BL-05_d3__OAT_cross_timing-today_ma: ok fills=266 (49.1s)
[917/2367] BANK2_BL-05_d3__SPOT_all_excluded_off: ok fills=266 (50.9s)
[918/2367] BANK2_BL-05_d4__T_input_-raw_rsi_ex-level_rsi_sm-wilder_same_b-allowe_warmup-strict: ok fills=210 (49.6s)
[919/2367] BANK2_BL-05_d4__T_input_-adjust_rsi_ex-level_rsi_sm-wilder_same_b-wait_b_warmup-strict: ok fills=194 (52.2s)
[920/2367] BANK2_BL-05_d4__T_input_-raw_rsi_ex-level_rsi_sm-wilder_same_b-wait_b_warmup-strict: ok fills=210 (51.5s)
[921/2367] BANK2_BL-05_d4__T_input_-raw_rsi_ex-level_rsi_sm-wilder_same_b-allowe_warmup-ready_: ok fills=206 (53.3s)
[922/2367] BANK2_BL-05_d4__T_input_-adjust_rsi_ex-level_rsi_sm-wilder_same_b-allowe_warmup-ready_: ok fills=190 (54.1s)
[923/2367] BANK2_BL-05_d4__T_input_-adjust_rsi_ex-level_rsi_sm-wilder_same_b-wait_b_warmup-ready_: ok fills=190 (55.2s)
[924/2367] BANK2_BL-05_d4__T_input_-raw_rsi_ex-level_rsi_sm-wilder_same_b-wait_b_warmup-ready_: ok fills=206 (52.2s)
[925/2367] BANK2_BL-05_d4__T_input_-adjust_rsi_ex-cross_rsi_sm-wilder_same_b-allowe_warmup-strict: ok fills=192 (51.1s)
[926/2367] BANK2_BL-05_d4__T_input_-raw_rsi_ex-cross_rsi_sm-wilder_same_b-allowe_warmup-strict: ok fills=208 (45.2s)
[927/2367] BANK2_BL-05_d4__T_input_-raw_rsi_ex-cross_rsi_sm-wilder_same_b-wait_b_warmup-strict: ok fills=208 (44.7s)
[928/2367] BANK2_BL-05_d4__T_input_-adjust_rsi_ex-cross_rsi_sm-wilder_same_b-wait_b_warmup-strict: ok fills=192 (47.0s)
[929/2367] BANK2_BL-05_d4__T_input_-raw_rsi_ex-cross_rsi_sm-wilder_same_b-allowe_warmup-ready_: ok fills=204 (47.4s)
[930/2367] BANK2_BL-05_d4__T_input_-adjust_rsi_ex-cross_rsi_sm-wilder_same_b-allowe_warmup-ready_: ok fills=188 (50.0s)
[931/2367] BANK2_BL-05_d4__T_input_-adjust_rsi_ex-cross_rsi_sm-wilder_same_b-wait_b_warmup-ready_: ok fills=188 (49.0s)
[932/2367] BANK2_BL-05_d4__T_input_-raw_rsi_ex-cross_rsi_sm-wilder_same_b-wait_b_warmup-ready_: ok fills=204 (51.9s)
[933/2367] BANK2_BL-05_d4__T_input_-adjust_rsi_ex-level_rsi_sm-simple_same_b-allowe_warmup-strict: ok fills=223 (53.3s)
[934/2367] BANK2_BL-05_d4__T_input_-raw_rsi_ex-level_rsi_sm-simple_same_b-allowe_warmup-strict: ok fills=243 (51.9s)
[935/2367] BANK2_BL-05_d4__T_input_-adjust_rsi_ex-level_rsi_sm-simple_same_b-wait_b_warmup-strict: ok fills=219 (51.3s)
[936/2367] BANK2_BL-05_d4__T_input_-raw_rsi_ex-level_rsi_sm-simple_same_b-wait_b_warmup-strict: ok fills=239 (53.6s)
[937/2367] BANK2_BL-05_d4__T_input_-adjust_rsi_ex-level_rsi_sm-simple_same_b-allowe_warmup-ready_: ok fills=211 (52.1s)
[938/2367] BANK2_BL-05_d4__T_input_-raw_rsi_ex-level_rsi_sm-simple_same_b-allowe_warmup-ready_: ok fills=231 (51.5s)
[939/2367] BANK2_BL-05_d4__T_input_-adjust_rsi_ex-level_rsi_sm-simple_same_b-wait_b_warmup-ready_: ok fills=209 (51.1s)
[940/2367] BANK2_BL-05_d4__T_input_-raw_rsi_ex-level_rsi_sm-simple_same_b-wait_b_warmup-ready_: ok fills=229 (50.7s)
[941/2367] BANK2_BL-05_d4__T_input_-adjust_rsi_ex-cross_rsi_sm-simple_same_b-allowe_warmup-strict: ok fills=213 (51.8s)
[942/2367] BANK2_BL-05_d4__T_input_-raw_rsi_ex-cross_rsi_sm-simple_same_b-allowe_warmup-strict: ok fills=233 (49.2s)
[943/2367] BANK2_BL-05_d4__T_input_-adjust_rsi_ex-cross_rsi_sm-simple_same_b-wait_b_warmup-strict: ok fills=213 (52.2s)
[944/2367] BANK2_BL-05_d4__T_input_-raw_rsi_ex-cross_rsi_sm-simple_same_b-wait_b_warmup-strict: ok fills=233 (52.9s)
[945/2367] BANK2_BL-05_d4__T_input_-adjust_rsi_ex-cross_rsi_sm-simple_same_b-allowe_warmup-ready_: ok fills=205 (54.4s)
[946/2367] BANK2_BL-05_d4__T_input_-raw_rsi_ex-cross_rsi_sm-simple_same_b-allowe_warmup-ready_: ok fills=225 (57.1s)
[947/2367] BANK2_BL-05_d4__T_input_-adjust_rsi_ex-cross_rsi_sm-simple_same_b-wait_b_warmup-ready_: ok fills=205 (53.2s)
[948/2367] BANK2_BL-05_d4__T_input_-raw_rsi_ex-cross_rsi_sm-simple_same_b-wait_b_warmup-ready_: ok fills=225 (53.6s)
[949/2367] BANK2_BL-05_d4__OAT_a_exec-set_holdings: ok fills=194 (50.3s)
[950/2367] BANK2_BL-05_d4__OAT_cross_timing-today_ma: ok fills=190 (49.6s)
[951/2367] BANK2_BL-05_d4__SPOT_all_excluded_off: ok fills=190 (47.6s)
[952/2367] BANK2_BL-05_d5__T_input_-raw_rsi_ex-level_rsi_sm-wilder_same_b-allowe_warmup-ready_: exit=1 fills=None (10.4s)
[953/2367] BANK2_BL-05_d5__ref: ok fills=154 (52.4s)
[954/2367] BANK2_BL-05_d5__T_input_-raw_rsi_ex-level_rsi_sm-wilder_same_b-wait_b_warmup-ready_: exit=1 fills=None (9.6s)
[955/2367] BANK2_BL-05_d5__T_input_-adjust_rsi_ex-cross_rsi_sm-wilder_same_b-allowe_warmup-strict: exit=1 fills=None (9.5s)
[956/2367] BANK2_BL-05_d5__T_input_-raw_rsi_ex-level_rsi_sm-wilder_same_b-allowe_warmup-strict: ok fills=174 (53.3s)
[957/2367] BANK2_BL-05_d5__T_input_-adjust_rsi_ex-level_rsi_sm-wilder_same_b-wait_b_warmup-strict: ok fills=154 (51.1s)
[958/2367] BANK2_BL-05_d5__T_input_-raw_rsi_ex-level_rsi_sm-wilder_same_b-wait_b_warmup-strict: ok fills=174 (54.0s)
[959/2367] BANK2_BL-05_d5__T_input_-adjust_rsi_ex-level_rsi_sm-wilder_same_b-wait_b_warmup-ready_: ok fills=150 (48.9s)
[960/2367] BANK2_BL-05_d5__T_input_-adjust_rsi_ex-level_rsi_sm-wilder_same_b-allowe_warmup-ready_: ok fills=150 (52.8s)
[961/2367] BANK2_BL-05_d5__T_input_-raw_rsi_ex-cross_rsi_sm-wilder_same_b-wait_b_warmup-strict: ok fills=174 (45.8s)
[962/2367] BANK2_BL-05_d5__T_input_-raw_rsi_ex-cross_rsi_sm-wilder_same_b-allowe_warmup-strict: ok fills=174 (48.3s)
[963/2367] BANK2_BL-05_d5__T_input_-adjust_rsi_ex-cross_rsi_sm-wilder_same_b-wait_b_warmup-strict: ok fills=154 (49.1s)
[964/2367] BANK2_BL-05_d5__T_input_-adjust_rsi_ex-cross_rsi_sm-wilder_same_b-allowe_warmup-ready_: ok fills=150 (48.0s)
[965/2367] BANK2_BL-05_d5__T_input_-raw_rsi_ex-cross_rsi_sm-wilder_same_b-allowe_warmup-ready_: ok fills=170 (46.4s)
[966/2367] BANK2_BL-05_d5__T_input_-adjust_rsi_ex-cross_rsi_sm-wilder_same_b-wait_b_warmup-ready_: ok fills=150 (50.8s)
[967/2367] BANK2_BL-05_d5__T_input_-adjust_rsi_ex-level_rsi_sm-simple_same_b-allowe_warmup-strict: ok fills=161 (51.8s)
[968/2367] BANK2_BL-05_d5__T_input_-raw_rsi_ex-cross_rsi_sm-wilder_same_b-wait_b_warmup-ready_: ok fills=170 (53.7s)
[969/2367] BANK2_BL-05_d5__T_input_-adjust_rsi_ex-level_rsi_sm-simple_same_b-wait_b_warmup-strict: ok fills=157 (46.7s)
[970/2367] BANK2_BL-05_d5__T_input_-raw_rsi_ex-level_rsi_sm-simple_same_b-allowe_warmup-strict: ok fills=181 (49.8s)
[971/2367] BANK2_BL-05_d5__T_input_-raw_rsi_ex-level_rsi_sm-simple_same_b-wait_b_warmup-strict: ok fills=177 (50.0s)
[972/2367] BANK2_BL-05_d5__T_input_-raw_rsi_ex-level_rsi_sm-simple_same_b-allowe_warmup-ready_: ok fills=175 (49.7s)
[973/2367] BANK2_BL-05_d5__T_input_-adjust_rsi_ex-level_rsi_sm-simple_same_b-allowe_warmup-ready_: ok fills=155 (50.0s)
[974/2367] BANK2_BL-05_d5__T_input_-adjust_rsi_ex-level_rsi_sm-simple_same_b-wait_b_warmup-ready_: ok fills=153 (46.5s)
[975/2367] BANK2_BL-05_d5__T_input_-raw_rsi_ex-level_rsi_sm-simple_same_b-wait_b_warmup-ready_: ok fills=173 (49.3s)
[976/2367] BANK2_BL-05_d5__T_input_-adjust_rsi_ex-cross_rsi_sm-simple_same_b-allowe_warmup-strict: ok fills=157 (50.7s)
[977/2367] BANK2_BL-05_d5__T_input_-raw_rsi_ex-cross_rsi_sm-simple_same_b-allowe_warmup-strict: ok fills=177 (53.5s)
[978/2367] BANK2_BL-05_d5__T_input_-adjust_rsi_ex-cross_rsi_sm-simple_same_b-wait_b_warmup-strict: ok fills=157 (53.3s)
[979/2367] BANK2_BL-05_d5__T_input_-raw_rsi_ex-cross_rsi_sm-simple_same_b-wait_b_warmup-strict: ok fills=177 (51.6s)
[980/2367] BANK2_BL-05_d5__T_input_-raw_rsi_ex-cross_rsi_sm-simple_same_b-allowe_warmup-ready_: ok fills=173 (54.5s)
[981/2367] BANK2_BL-05_d5__T_input_-adjust_rsi_ex-cross_rsi_sm-simple_same_b-allowe_warmup-ready_: ok fills=153 (55.6s)
[982/2367] BANK2_BL-05_d5__OAT_cross_timing-today_ma: exit=1 fills=None (9.8s)
[983/2367] BANK2_BL-05_d5__T_input_-adjust_rsi_ex-cross_rsi_sm-simple_same_b-wait_b_warmup-ready_: ok fills=153 (52.5s)
[984/2367] BANK2_BL-05_d5__T_input_-raw_rsi_ex-cross_rsi_sm-simple_same_b-wait_b_warmup-ready_: ok fills=173 (50.3s)
[985/2367] BANK2_BL-05_d5__OAT_a_exec-set_holdings: ok fills=154 (48.5s)
[986/2367] BANK2_BL-05_d5__SPOT_all_excluded_off: ok fills=150 (51.6s)
[987/2367] BANK2_BL-07_p7__ref: ok fills=302 (49.9s)
[988/2367] BANK2_BL-07_p7__T_input_-raw_rsi_ex-level_rsi_sm-wilder_same_b-allowe_warmup-strict: ok fills=316 (52.2s)
[989/2367] BANK2_BL-07_p7__T_input_-adjust_rsi_ex-cross_rsi_sm-wilder_same_b-allowe_warmup-strict: exit=1 fills=None (9.1s)
[990/2367] BANK2_BL-07_p7__T_input_-raw_rsi_ex-level_rsi_sm-wilder_same_b-wait_b_warmup-strict: ok fills=316 (53.1s)
[991/2367] BANK2_BL-07_p7__T_input_-adjust_rsi_ex-level_rsi_sm-wilder_same_b-wait_b_warmup-strict: ok fills=300 (56.9s)
[992/2367] BANK2_BL-07_p7__T_input_-adjust_rsi_ex-level_rsi_sm-wilder_same_b-allowe_warmup-ready_: ok fills=298 (54.5s)
[993/2367] BANK2_BL-07_p7__T_input_-adjust_rsi_ex-level_rsi_sm-wilder_same_b-wait_b_warmup-ready_: ok fills=296 (52.1s)
[994/2367] BANK2_BL-07_p7__T_input_-raw_rsi_ex-level_rsi_sm-wilder_same_b-allowe_warmup-ready_: ok fills=312 (54.3s)
[995/2367] BANK2_BL-07_p7__T_input_-raw_rsi_ex-level_rsi_sm-wilder_same_b-wait_b_warmup-ready_: ok fills=312 (49.1s)
[996/2367] BANK2_BL-07_p7__T_input_-adjust_rsi_ex-cross_rsi_sm-wilder_same_b-wait_b_warmup-strict: ok fills=296 (48.4s)
[997/2367] BANK2_BL-07_p7__T_input_-raw_rsi_ex-cross_rsi_sm-wilder_same_b-wait_b_warmup-strict: ok fills=312 (48.7s)
[998/2367] BANK2_BL-07_p7__T_input_-raw_rsi_ex-cross_rsi_sm-wilder_same_b-allowe_warmup-strict: ok fills=312 (51.0s)
[999/2367] BANK2_BL-07_p7__T_input_-adjust_rsi_ex-cross_rsi_sm-wilder_same_b-allowe_warmup-ready_: ok fills=292 (50.7s)
[1000/2367] BANK2_BL-07_p7__T_input_-raw_rsi_ex-cross_rsi_sm-wilder_same_b-allowe_warmup-ready_: ok fills=308 (53.2s)
[1001/2367] BANK2_BL-07_p7__T_input_-raw_rsi_ex-cross_rsi_sm-wilder_same_b-wait_b_warmup-ready_: ok fills=308 (56.8s)
[1002/2367] BANK2_BL-07_p7__T_input_-adjust_rsi_ex-cross_rsi_sm-wilder_same_b-wait_b_warmup-ready_: ok fills=292 (59.2s)
[1003/2367] BANK2_BL-07_p7__T_input_-adjust_rsi_ex-level_rsi_sm-simple_same_b-allowe_warmup-strict: ok fills=324 (52.1s)
[1004/2367] BANK2_BL-07_p7__T_input_-raw_rsi_ex-level_rsi_sm-simple_same_b-allowe_warmup-strict: ok fills=344 (51.9s)
[1005/2367] BANK2_BL-07_p7__T_input_-adjust_rsi_ex-cross_rsi_sm-simple_same_b-allowe_warmup-strict: exit=1 fills=None (8.4s)
[1006/2367] BANK2_BL-07_p7__T_input_-adjust_rsi_ex-level_rsi_sm-simple_same_b-wait_b_warmup-strict: ok fills=320 (52.7s)
[1007/2367] BANK2_BL-07_p7__T_input_-raw_rsi_ex-level_rsi_sm-simple_same_b-wait_b_warmup-strict: ok fills=340 (52.4s)
[1008/2367] BANK2_BL-07_p7__T_input_-adjust_rsi_ex-level_rsi_sm-simple_same_b-allowe_warmup-ready_: ok fills=314 (52.6s)
[1009/2367] BANK2_BL-07_p7__T_input_-adjust_rsi_ex-cross_rsi_sm-simple_same_b-wait_b_warmup-strict: exit=1 fills=None (8.1s)
[1010/2367] BANK2_BL-07_p7__T_input_-raw_rsi_ex-level_rsi_sm-simple_same_b-allowe_warmup-ready_: ok fills=334 (53.6s)
[1011/2367] BANK2_BL-07_p7__T_input_-adjust_rsi_ex-level_rsi_sm-simple_same_b-wait_b_warmup-ready_: ok fills=312 (54.8s)
[1012/2367] BANK2_BL-07_p7__T_input_-raw_rsi_ex-level_rsi_sm-simple_same_b-wait_b_warmup-ready_: ok fills=332 (54.4s)
[1013/2367] BANK2_BL-07_p7__T_input_-raw_rsi_ex-cross_rsi_sm-simple_same_b-allowe_warmup-strict: ok fills=326 (50.9s)
[1014/2367] BANK2_BL-07_p7__T_input_-raw_rsi_ex-cross_rsi_sm-simple_same_b-wait_b_warmup-strict: ok fills=326 (50.5s)
[1015/2367] BANK2_BL-07_p7__T_input_-adjust_rsi_ex-cross_rsi_sm-simple_same_b-allowe_warmup-ready_: ok fills=300 (52.9s)
[1016/2367] BANK2_BL-07_p7__T_input_-raw_rsi_ex-cross_rsi_sm-simple_same_b-allowe_warmup-ready_: ok fills=320 (54.2s)
[1017/2367] BANK2_BL-07_p7__T_input_-adjust_rsi_ex-cross_rsi_sm-simple_same_b-wait_b_warmup-ready_: ok fills=300 (55.3s)
[1018/2367] BANK2_BL-07_p7__T_input_-raw_rsi_ex-cross_rsi_sm-simple_same_b-wait_b_warmup-ready_: ok fills=320 (53.7s)
[1019/2367] BANK2_BL-07_p7__OAT_cross_timing-today_ma: ok fills=298 (51.5s)
[1020/2367] BANK2_BL-07_p7__OAT_a_exec-set_holdings: ok fills=302 (52.8s)
[1021/2367] BANK2_BL-07_p7__SPOT_all_excluded_off: ok fills=298 (52.0s)
[1022/2367] BANK2_BL-07_p9__ref: ok fills=292 (51.4s)
[1023/2367] BANK2_BL-07_p9__T_input_-raw_rsi_ex-level_rsi_sm-wilder_same_b-allowe_warmup-strict: ok fills=308 (51.1s)
[1024/2367] BANK2_BL-07_p9__T_input_-adjust_rsi_ex-level_rsi_sm-wilder_same_b-wait_b_warmup-strict: ok fills=290 (54.4s)
[1025/2367] BANK2_BL-07_p9__T_input_-raw_rsi_ex-level_rsi_sm-wilder_same_b-wait_b_warmup-strict: ok fills=306 (53.7s)
[1026/2367] BANK2_BL-07_p9__T_input_-adjust_rsi_ex-level_rsi_sm-wilder_same_b-allowe_warmup-ready_: ok fills=288 (53.9s)
[1027/2367] BANK2_BL-07_p9__T_input_-raw_rsi_ex-level_rsi_sm-wilder_same_b-allowe_warmup-ready_: ok fills=304 (53.0s)
[1028/2367] BANK2_BL-07_p9__T_input_-adjust_rsi_ex-level_rsi_sm-wilder_same_b-wait_b_warmup-ready_: ok fills=286 (53.4s)
[1029/2367] BANK2_BL-07_p9__T_input_-raw_rsi_ex-level_rsi_sm-wilder_same_b-wait_b_warmup-ready_: ok fills=302 (58.3s)
[1030/2367] BANK2_BL-07_p9__T_input_-raw_rsi_ex-cross_rsi_sm-wilder_same_b-allowe_warmup-strict: ok fills=298 (55.1s)
[1031/2367] BANK2_BL-07_p9__T_input_-adjust_rsi_ex-cross_rsi_sm-wilder_same_b-allowe_warmup-strict: ok fills=282 (58.3s)
[1032/2367] BANK2_BL-07_p9__T_input_-raw_rsi_ex-cross_rsi_sm-wilder_same_b-wait_b_warmup-strict: ok fills=298 (57.7s)
[1033/2367] BANK2_BL-07_p9__T_input_-adjust_rsi_ex-cross_rsi_sm-wilder_same_b-wait_b_warmup-strict: ok fills=282 (59.3s)
[1034/2367] BANK2_BL-07_p9__T_input_-adjust_rsi_ex-cross_rsi_sm-wilder_same_b-allowe_warmup-ready_: ok fills=278 (59.4s)
[1035/2367] BANK2_BL-07_p9__T_input_-raw_rsi_ex-cross_rsi_sm-wilder_same_b-allowe_warmup-ready_: ok fills=294 (55.9s)
[1036/2367] BANK2_BL-07_p9__T_input_-adjust_rsi_ex-cross_rsi_sm-wilder_same_b-wait_b_warmup-ready_: ok fills=278 (55.1s)
[1037/2367] BANK2_BL-07_p9__T_input_-raw_rsi_ex-level_rsi_sm-simple_same_b-allowe_warmup-strict: ok fills=332 (55.2s)
[1038/2367] BANK2_BL-07_p9__T_input_-adjust_rsi_ex-level_rsi_sm-simple_same_b-allowe_warmup-strict: ok fills=314 (56.3s)
[1039/2367] BANK2_BL-07_p9__T_input_-raw_rsi_ex-cross_rsi_sm-wilder_same_b-wait_b_warmup-ready_: ok fills=294 (57.1s)
[1040/2367] BANK2_BL-07_p9__T_input_-adjust_rsi_ex-level_rsi_sm-simple_same_b-wait_b_warmup-strict: ok fills=310 (58.1s)
[1041/2367] BANK2_BL-07_p9__T_input_-raw_rsi_ex-level_rsi_sm-simple_same_b-wait_b_warmup-strict: ok fills=330 (57.8s)
[1042/2367] BANK2_BL-07_p9__T_input_-adjust_rsi_ex-level_rsi_sm-simple_same_b-allowe_warmup-ready_: ok fills=304 (57.8s)
[1043/2367] BANK2_BL-07_p9__T_input_-raw_rsi_ex-level_rsi_sm-simple_same_b-allowe_warmup-ready_: ok fills=322 (54.1s)
[1044/2367] BANK2_BL-07_p9__T_input_-adjust_rsi_ex-cross_rsi_sm-simple_same_b-allowe_warmup-ready_: exit=1 fills=None (9.4s)
[1045/2367] BANK2_BL-07_p9__T_input_-adjust_rsi_ex-level_rsi_sm-simple_same_b-wait_b_warmup-ready_: ok fills=302 (55.0s)
[1046/2367] BANK2_BL-07_p9__T_input_-raw_rsi_ex-level_rsi_sm-simple_same_b-wait_b_warmup-ready_: ok fills=322 (54.5s)
[1047/2367] BANK2_BL-07_p9__T_input_-adjust_rsi_ex-cross_rsi_sm-simple_same_b-allowe_warmup-strict: ok fills=286 (55.7s)
[1048/2367] BANK2_BL-07_p9__T_input_-raw_rsi_ex-cross_rsi_sm-simple_same_b-allowe_warmup-strict: ok fills=306 (56.2s)
[1049/2367] BANK2_BL-07_p9__T_input_-raw_rsi_ex-cross_rsi_sm-simple_same_b-wait_b_warmup-strict: ok fills=306 (55.1s)
[1050/2367] BANK2_BL-07_p9__T_input_-adjust_rsi_ex-cross_rsi_sm-simple_same_b-wait_b_warmup-strict: ok fills=286 (56.3s)
[1051/2367] BANK2_BL-07_p9__T_input_-adjust_rsi_ex-cross_rsi_sm-simple_same_b-wait_b_warmup-ready_: ok fills=280 (53.7s)
[1052/2367] BANK2_BL-07_p9__T_input_-raw_rsi_ex-cross_rsi_sm-simple_same_b-allowe_warmup-ready_: ok fills=300 (55.5s)
[1053/2367] BANK2_BL-07_p9__T_input_-raw_rsi_ex-cross_rsi_sm-simple_same_b-wait_b_warmup-ready_: ok fills=300 (55.2s)
[1054/2367] BANK2_BL-07_p9__OAT_cross_timing-today_ma: ok fills=288 (49.5s)
[1055/2367] BANK2_BL-07_p9__OAT_a_exec-set_holdings: ok fills=292 (51.2s)
[1056/2367] BANK2_BL-07_p9__SPOT_all_excluded_off: ok fills=288 (52.5s)
[1057/2367] BANK2_BL-07_p14__T_input_-raw_rsi_ex-level_rsi_sm-wilder_same_b-allowe_warmup-strict: ok fills=280 (52.9s)
[1058/2367] BANK2_BL-07_p14__ref: ok fills=270 (54.0s)
[1059/2367] BANK2_BL-07_p14__T_input_-adjust_rsi_ex-level_rsi_sm-wilder_same_b-wait_b_warmup-strict: ok fills=266 (53.1s)
[1060/2367] BANK2_BL-07_p14__T_input_-adjust_rsi_ex-level_rsi_sm-wilder_same_b-allowe_warmup-ready_: ok fills=266 (53.8s)
[1061/2367] BANK2_BL-07_p14__T_input_-raw_rsi_ex-level_rsi_sm-wilder_same_b-wait_b_warmup-strict: ok fills=278 (55.0s)
[1062/2367] BANK2_BL-07_p14__T_input_-adjust_rsi_ex-level_rsi_sm-wilder_same_b-wait_b_warmup-ready_: ok fills=262 (50.8s)
[1063/2367] BANK2_BL-07_p14__T_input_-raw_rsi_ex-cross_rsi_sm-wilder_same_b-wait_b_warmup-strict: exit=1 fills=None (9.9s)
[1064/2367] BANK2_BL-07_p14__T_input_-raw_rsi_ex-level_rsi_sm-wilder_same_b-allowe_warmup-ready_: ok fills=276 (53.1s)
[1065/2367] BANK2_BL-07_p14__T_input_-raw_rsi_ex-level_rsi_sm-wilder_same_b-wait_b_warmup-ready_: ok fills=274 (51.1s)
[1066/2367] BANK2_BL-07_p14__T_input_-raw_rsi_ex-cross_rsi_sm-wilder_same_b-allowe_warmup-strict: ok fills=264 (49.9s)
[1067/2367] BANK2_BL-07_p14__T_input_-adjust_rsi_ex-cross_rsi_sm-wilder_same_b-allowe_warmup-strict: ok fills=250 (52.4s)
[1068/2367] BANK2_BL-07_p14__T_input_-adjust_rsi_ex-cross_rsi_sm-wilder_same_b-wait_b_warmup-strict: ok fills=250 (53.4s)
[1069/2367] BANK2_BL-07_p14__T_input_-adjust_rsi_ex-cross_rsi_sm-wilder_same_b-allowe_warmup-ready_: ok fills=246 (55.4s)
[1070/2367] BANK2_BL-07_p14__T_input_-raw_rsi_ex-cross_rsi_sm-wilder_same_b-wait_b_warmup-ready_: ok fills=260 (51.4s)
[1071/2367] BANK2_BL-07_p14__T_input_-raw_rsi_ex-cross_rsi_sm-wilder_same_b-allowe_warmup-ready_: ok fills=260 (53.3s)
[1072/2367] BANK2_BL-07_p14__T_input_-adjust_rsi_ex-cross_rsi_sm-wilder_same_b-wait_b_warmup-ready_: ok fills=246 (55.6s)
[1073/2367] BANK2_BL-07_p14__T_input_-adjust_rsi_ex-level_rsi_sm-simple_same_b-allowe_warmup-strict: ok fills=320 (52.7s)
[1074/2367] BANK2_BL-07_p14__T_input_-raw_rsi_ex-level_rsi_sm-simple_same_b-allowe_warmup-strict: ok fills=338 (50.4s)
[1075/2367] BANK2_BL-07_p14__T_input_-adjust_rsi_ex-level_rsi_sm-simple_same_b-wait_b_warmup-strict: ok fills=306 (50.9s)
[1076/2367] BANK2_BL-07_p14__T_input_-raw_rsi_ex-level_rsi_sm-simple_same_b-wait_b_warmup-strict: ok fills=324 (53.6s)
[1077/2367] BANK2_BL-07_p14__T_input_-adjust_rsi_ex-level_rsi_sm-simple_same_b-allowe_warmup-ready_: ok fills=306 (50.1s)
[1078/2367] BANK2_BL-07_p14__T_input_-adjust_rsi_ex-level_rsi_sm-simple_same_b-wait_b_warmup-ready_: ok fills=296 (55.5s)
[1079/2367] BANK2_BL-07_p14__T_input_-adjust_rsi_ex-cross_rsi_sm-simple_same_b-allowe_warmup-strict: ok fills=270 (54.3s)
[1080/2367] BANK2_BL-07_p14__T_input_-raw_rsi_ex-level_rsi_sm-simple_same_b-wait_b_warmup-ready_: ok fills=314 (56.1s)
[1081/2367] BANK2_BL-07_p14__T_input_-raw_rsi_ex-level_rsi_sm-simple_same_b-allowe_warmup-ready_: ok fills=324 (59.3s)
[1082/2367] BANK2_BL-07_p14__T_input_-raw_rsi_ex-cross_rsi_sm-simple_same_b-allowe_warmup-strict: ok fills=290 (54.8s)
[1083/2367] BANK2_BL-07_p14__T_input_-raw_rsi_ex-cross_rsi_sm-simple_same_b-wait_b_warmup-ready_: exit=1 fills=None (11.6s)
[1084/2367] BANK2_BL-07_p14__T_input_-adjust_rsi_ex-cross_rsi_sm-simple_same_b-wait_b_warmup-strict: ok fills=270 (52.9s)
[1085/2367] BANK2_BL-07_p14__T_input_-raw_rsi_ex-cross_rsi_sm-simple_same_b-wait_b_warmup-strict: ok fills=290 (50.2s)
[1086/2367] BANK2_BL-07_p14__T_input_-adjust_rsi_ex-cross_rsi_sm-simple_same_b-allowe_warmup-ready_: ok fills=262 (51.2s)
[1087/2367] BANK2_BL-07_p14__T_input_-raw_rsi_ex-cross_rsi_sm-simple_same_b-allowe_warmup-ready_: ok fills=282 (49.3s)
[1088/2367] BANK2_BL-07_p14__T_input_-adjust_rsi_ex-cross_rsi_sm-simple_same_b-wait_b_warmup-ready_: ok fills=262 (49.5s)
[1089/2367] BANK2_BL-07_p14__OAT_a_exec-set_holdings: ok fills=270 (50.1s)
[1090/2367] BANK2_BL-07_p14__SPOT_all_excluded_off: ok fills=266 (50.8s)
[1091/2367] BANK2_BL-07_p21__ref: ok fills=256 (52.6s)
[1092/2367] BANK2_BL-07_p14__OAT_cross_timing-today_ma: ok fills=266 (55.0s)
[1093/2367] BANK2_BL-07_p21__T_input_-raw_rsi_ex-level_rsi_sm-wilder_same_b-allowe_warmup-strict: ok fills=264 (51.8s)
[1094/2367] BANK2_BL-07_p21__T_input_-adjust_rsi_ex-level_rsi_sm-wilder_same_b-wait_b_warmup-strict: ok fills=252 (51.2s)
[1095/2367] BANK2_BL-07_p21__T_input_-raw_rsi_ex-level_rsi_sm-wilder_same_b-wait_b_warmup-strict: ok fills=262 (50.3s)
[1096/2367] BANK2_BL-07_p21__T_input_-adjust_rsi_ex-level_rsi_sm-wilder_same_b-allowe_warmup-ready_: ok fills=256 (48.5s)
[1097/2367] BANK2_BL-07_p21__T_input_-raw_rsi_ex-level_rsi_sm-wilder_same_b-allowe_warmup-ready_: ok fills=264 (47.2s)
[1098/2367] BANK2_BL-07_p21__T_input_-adjust_rsi_ex-level_rsi_sm-wilder_same_b-wait_b_warmup-ready_: ok fills=252 (50.2s)
[1099/2367] BANK2_BL-07_p21__T_input_-raw_rsi_ex-level_rsi_sm-wilder_same_b-wait_b_warmup-ready_: ok fills=262 (51.6s)
[1100/2367] BANK2_BL-07_p21__T_input_-adjust_rsi_ex-cross_rsi_sm-wilder_same_b-allowe_warmup-strict: ok fills=228 (49.7s)
[1101/2367] BANK2_BL-07_p21__T_input_-raw_rsi_ex-cross_rsi_sm-wilder_same_b-allowe_warmup-strict: ok fills=244 (52.0s)
[1102/2367] BANK2_BL-07_p21__T_input_-adjust_rsi_ex-cross_rsi_sm-wilder_same_b-wait_b_warmup-strict: ok fills=228 (52.7s)
[1103/2367] BANK2_BL-07_p21__T_input_-raw_rsi_ex-cross_rsi_sm-wilder_same_b-wait_b_warmup-strict: ok fills=244 (50.4s)
[1104/2367] BANK2_BL-07_p21__T_input_-raw_rsi_ex-cross_rsi_sm-wilder_same_b-allowe_warmup-ready_: ok fills=244 (50.8s)
[1105/2367] BANK2_BL-07_p21__T_input_-adjust_rsi_ex-cross_rsi_sm-wilder_same_b-allowe_warmup-ready_: ok fills=228 (52.8s)
[1106/2367] BANK2_BL-07_p21__T_input_-adjust_rsi_ex-cross_rsi_sm-wilder_same_b-wait_b_warmup-ready_: ok fills=228 (48.1s)
[1107/2367] BANK2_BL-07_p21__T_input_-adjust_rsi_ex-level_rsi_sm-simple_same_b-allowe_warmup-strict: ok fills=282 (50.4s)
[1108/2367] BANK2_BL-07_p21__T_input_-raw_rsi_ex-cross_rsi_sm-wilder_same_b-wait_b_warmup-ready_: ok fills=244 (51.5s)
[1109/2367] BANK2_BL-07_p21__T_input_-raw_rsi_ex-level_rsi_sm-simple_same_b-allowe_warmup-strict: ok fills=300 (55.1s)
[1110/2367] BANK2_BL-07_p21__T_input_-adjust_rsi_ex-level_rsi_sm-simple_same_b-wait_b_warmup-strict: ok fills=268 (54.1s)
[1111/2367] BANK2_BL-07_p21__T_input_-raw_rsi_ex-level_rsi_sm-simple_same_b-wait_b_warmup-strict: ok fills=286 (53.9s)
[1112/2367] BANK2_BL-07_p21__T_input_-raw_rsi_ex-cross_rsi_sm-simple_same_b-allowe_warmup-strict: exit=1 fills=None (8.6s)
[1113/2367] BANK2_BL-07_p21__T_input_-adjust_rsi_ex-cross_rsi_sm-simple_same_b-wait_b_warmup-strict: exit=1 fills=None (8.2s)
[1114/2367] BANK2_BL-07_p21__T_input_-adjust_rsi_ex-level_rsi_sm-simple_same_b-allowe_warmup-ready_: ok fills=280 (54.8s)
[1115/2367] BANK2_BL-07_p21__T_input_-raw_rsi_ex-level_rsi_sm-simple_same_b-allowe_warmup-ready_: ok fills=298 (55.3s)
[1116/2367] BANK2_BL-07_p21__T_input_-adjust_rsi_ex-level_rsi_sm-simple_same_b-wait_b_warmup-ready_: ok fills=266 (49.7s)
[1117/2367] BANK2_BL-07_p21__T_input_-raw_rsi_ex-level_rsi_sm-simple_same_b-wait_b_warmup-ready_: ok fills=284 (51.7s)
[1118/2367] BANK2_BL-07_p21__T_input_-adjust_rsi_ex-cross_rsi_sm-simple_same_b-allowe_warmup-strict: ok fills=228 (52.2s)
[1119/2367] BANK2_BL-07_p21__T_input_-raw_rsi_ex-cross_rsi_sm-simple_same_b-allowe_warmup-ready_: ok fills=246 (46.9s)
[1120/2367] BANK2_BL-07_p21__T_input_-adjust_rsi_ex-cross_rsi_sm-simple_same_b-allowe_warmup-ready_: ok fills=226 (47.9s)
[1121/2367] BANK2_BL-07_p21__T_input_-raw_rsi_ex-cross_rsi_sm-simple_same_b-wait_b_warmup-strict: ok fills=248 (50.0s)
[1122/2367] BANK2_BL-07_p21__T_input_-raw_rsi_ex-cross_rsi_sm-simple_same_b-wait_b_warmup-ready_: ok fills=246 (49.1s)
[1123/2367] BANK2_BL-07_p21__T_input_-adjust_rsi_ex-cross_rsi_sm-simple_same_b-wait_b_warmup-ready_: ok fills=226 (50.5s)
[1124/2367] BANK2_BL-07_p21__OAT_a_exec-set_holdings: ok fills=256 (49.7s)
[1125/2367] BANK2_BL-07_p21__OAT_cross_timing-today_ma: ok fills=252 (53.3s)
[1126/2367] BANK2_BL-07_p21__SPOT_all_excluded_off: ok fills=252 (54.9s)
[1127/2367] BANK2_BL-08_t50__T_input_-raw_rsi_ex-level_rsi_sm-wilder_same_b-allowe_warmup-strict: ok fills=378 (51.8s)
[1128/2367] BANK2_BL-08_t50__T_input_-adjust_rsi_ex-level_rsi_sm-wilder_same_b-wait_b_warmup-strict: ok fills=346 (50.7s)
[1129/2367] BANK2_BL-08_t50__ref: ok fills=370 (53.7s)
[1130/2367] BANK2_BL-08_t50__T_input_-raw_rsi_ex-level_rsi_sm-wilder_same_b-wait_b_warmup-strict: ok fills=356 (52.1s)
[1131/2367] BANK2_BL-08_t50__T_input_-adjust_rsi_ex-level_rsi_sm-wilder_same_b-allowe_warmup-ready_: ok fills=358 (57.9s)
[1132/2367] BANK2_BL-08_t50__T_input_-raw_rsi_ex-level_rsi_sm-wilder_same_b-allowe_warmup-ready_: ok fills=366 (55.1s)
[1133/2367] BANK2_BL-08_t50__T_input_-raw_rsi_ex-cross_rsi_sm-wilder_same_b-wait_b_warmup-strict: exit=1 fills=None (9.6s)
[1134/2367] BANK2_BL-08_t50__T_input_-adjust_rsi_ex-level_rsi_sm-wilder_same_b-wait_b_warmup-ready_: ok fills=336 (57.0s)
[1135/2367] BANK2_BL-08_t50__T_input_-raw_rsi_ex-level_rsi_sm-wilder_same_b-wait_b_warmup-ready_: ok fills=346 (55.8s)
[1136/2367] BANK2_BL-08_t50__T_input_-adjust_rsi_ex-cross_rsi_sm-wilder_same_b-allowe_warmup-strict: ok fills=272 (56.2s)
[1137/2367] BANK2_BL-08_t50__T_input_-raw_rsi_ex-cross_rsi_sm-wilder_same_b-allowe_warmup-strict: ok fills=292 (56.7s)
[1138/2367] BANK2_BL-08_t50__T_input_-adjust_rsi_ex-cross_rsi_sm-wilder_same_b-wait_b_warmup-strict: ok fills=272 (56.1s)
[1139/2367] BANK2_BL-08_t50__T_input_-adjust_rsi_ex-cross_rsi_sm-wilder_same_b-allowe_warmup-ready_: ok fills=264 (54.0s)
[1140/2367] BANK2_BL-08_t50__T_input_-raw_rsi_ex-cross_rsi_sm-wilder_same_b-allowe_warmup-ready_: ok fills=284 (57.5s)
[1141/2367] BANK2_BL-08_t50__T_input_-adjust_rsi_ex-cross_rsi_sm-wilder_same_b-wait_b_warmup-ready_: ok fills=264 (59.2s)
[1142/2367] BANK2_BL-08_t50__T_input_-raw_rsi_ex-cross_rsi_sm-wilder_same_b-wait_b_warmup-ready_: ok fills=284 (58.8s)
[1143/2367] BANK2_BL-08_t50__T_input_-adjust_rsi_ex-level_rsi_sm-simple_same_b-allowe_warmup-strict: ok fills=402 (59.8s)
[1144/2367] BANK2_BL-08_t50__T_input_-raw_rsi_ex-level_rsi_sm-simple_same_b-allowe_warmup-strict: ok fills=420 (56.3s)
[1145/2367] BANK2_BL-08_t50__T_input_-adjust_rsi_ex-level_rsi_sm-simple_same_b-wait_b_warmup-strict: ok fills=362 (57.7s)
[1146/2367] BANK2_BL-08_t50__T_input_-raw_rsi_ex-level_rsi_sm-simple_same_b-wait_b_warmup-strict: ok fills=380 (57.1s)
[1147/2367] BANK2_BL-08_t50__T_input_-adjust_rsi_ex-level_rsi_sm-simple_same_b-allowe_warmup-ready_: ok fills=380 (59.5s)
[1148/2367] BANK2_BL-08_t50__T_input_-adjust_rsi_ex-cross_rsi_sm-simple_same_b-wait_b_warmup-strict: exit=1 fills=None (9.4s)
[1149/2367] BANK2_BL-08_t50__T_input_-raw_rsi_ex-level_rsi_sm-simple_same_b-allowe_warmup-ready_: ok fills=398 (56.6s)
[1150/2367] BANK2_BL-08_t50__T_input_-adjust_rsi_ex-level_rsi_sm-simple_same_b-wait_b_warmup-ready_: ok fills=348 (59.1s)
[1151/2367] BANK2_BL-08_t50__T_input_-raw_rsi_ex-level_rsi_sm-simple_same_b-wait_b_warmup-ready_: ok fills=366 (62.3s)
[1152/2367] BANK2_BL-08_t50__T_input_-adjust_rsi_ex-cross_rsi_sm-simple_same_b-allowe_warmup-strict: ok fills=290 (63.7s)
[1153/2367] BANK2_BL-08_t50__T_input_-raw_rsi_ex-cross_rsi_sm-simple_same_b-allowe_warmup-strict: ok fills=310 (59.6s)
[1154/2367] BANK2_BL-08_t50__T_input_-raw_rsi_ex-cross_rsi_sm-simple_same_b-wait_b_warmup-strict: ok fills=310 (57.9s)
[1155/2367] BANK2_BL-08_t50__T_input_-adjust_rsi_ex-cross_rsi_sm-simple_same_b-allowe_warmup-ready_: ok fills=284 (55.5s)
[1156/2367] BANK2_BL-08_t50__T_input_-raw_rsi_ex-cross_rsi_sm-simple_same_b-allowe_warmup-ready_: ok fills=304 (57.9s)
[1157/2367] BANK2_BL-08_t50__T_input_-adjust_rsi_ex-cross_rsi_sm-simple_same_b-wait_b_warmup-ready_: ok fills=284 (54.2s)
[1158/2367] BANK2_BL-08_t50__SPOT_all_excluded_off: exit=1 fills=None (11.1s)
[1159/2367] BANK2_BL-08_t50__T_input_-raw_rsi_ex-cross_rsi_sm-simple_same_b-wait_b_warmup-ready_: ok fills=304 (53.3s)
[1160/2367] BANK2_BL-08_t50__OAT_a_exec-set_holdings: ok fills=370 (52.4s)
[1161/2367] BANK2_BL-08_t50__OAT_cross_timing-today_ma: ok fills=366 (54.4s)
[1162/2367] BANK2_BL-08_t60__T_input_-adjust_rsi_ex-level_rsi_sm-wilder_same_b-wait_b_warmup-ready_: exit=1 fills=None (6.5s)
[1163/2367] BANK2_BL-08_t60__ref: ok fills=270 (49.7s)
[1164/2367] BANK2_BL-08_t60__T_input_-raw_rsi_ex-level_rsi_sm-wilder_same_b-allowe_warmup-strict: ok fills=280 (48.1s)
[1165/2367] BANK2_BL-08_t60__T_input_-raw_rsi_ex-level_rsi_sm-wilder_same_b-wait_b_warmup-strict: ok fills=278 (50.0s)
[1166/2367] BANK2_BL-08_t60__T_input_-adjust_rsi_ex-level_rsi_sm-wilder_same_b-wait_b_warmup-strict: ok fills=266 (51.8s)
[1167/2367] BANK2_BL-08_t60__T_input_-adjust_rsi_ex-level_rsi_sm-wilder_same_b-allowe_warmup-ready_: ok fills=266 (51.9s)
[1168/2367] BANK2_BL-08_t60__T_input_-raw_rsi_ex-level_rsi_sm-wilder_same_b-allowe_warmup-ready_: ok fills=276 (50.0s)
[1169/2367] BANK2_BL-08_t60__T_input_-adjust_rsi_ex-cross_rsi_sm-wilder_same_b-wait_b_warmup-strict: exit=1 fills=None (8.5s)
[1170/2367] BANK2_BL-08_t60__T_input_-raw_rsi_ex-level_rsi_sm-wilder_same_b-wait_b_warmup-ready_: ok fills=274 (51.9s)
[1171/2367] BANK2_BL-08_t60__T_input_-adjust_rsi_ex-cross_rsi_sm-wilder_same_b-allowe_warmup-strict: ok fills=250 (51.7s)
[1172/2367] BANK2_BL-08_t60__T_input_-raw_rsi_ex-cross_rsi_sm-wilder_same_b-allowe_warmup-strict: ok fills=264 (51.7s)
[1173/2367] BANK2_BL-08_t60__T_input_-raw_rsi_ex-cross_rsi_sm-wilder_same_b-wait_b_warmup-strict: ok fills=264 (50.5s)
[1174/2367] BANK2_BL-08_t60__T_input_-adjust_rsi_ex-cross_rsi_sm-wilder_same_b-allowe_warmup-ready_: ok fills=246 (51.4s)
[1175/2367] BANK2_BL-08_t60__T_input_-raw_rsi_ex-cross_rsi_sm-wilder_same_b-allowe_warmup-ready_: ok fills=260 (51.7s)
[1176/2367] BANK2_BL-08_t60__T_input_-raw_rsi_ex-cross_rsi_sm-wilder_same_b-wait_b_warmup-ready_: ok fills=260 (52.6s)
[1177/2367] BANK2_BL-08_t60__T_input_-adjust_rsi_ex-cross_rsi_sm-wilder_same_b-wait_b_warmup-ready_: ok fills=246 (54.1s)
[1178/2367] BANK2_BL-08_t60__T_input_-adjust_rsi_ex-level_rsi_sm-simple_same_b-allowe_warmup-strict: ok fills=320 (50.0s)
[1179/2367] BANK2_BL-08_t60__T_input_-raw_rsi_ex-level_rsi_sm-simple_same_b-allowe_warmup-strict: ok fills=338 (54.4s)
[1180/2367] BANK2_BL-08_t60__T_input_-adjust_rsi_ex-level_rsi_sm-simple_same_b-wait_b_warmup-strict: ok fills=306 (53.5s)
[1181/2367] BANK2_BL-08_t60__T_input_-raw_rsi_ex-level_rsi_sm-simple_same_b-wait_b_warmup-strict: ok fills=324 (53.6s)
[1182/2367] BANK2_BL-08_t60__T_input_-adjust_rsi_ex-cross_rsi_sm-simple_same_b-wait_b_warmup-strict: exit=1 fills=None (9.6s)
[1183/2367] BANK2_BL-08_t60__T_input_-adjust_rsi_ex-level_rsi_sm-simple_same_b-allowe_warmup-ready_: ok fills=306 (61.3s)
[1184/2367] BANK2_BL-08_t60__T_input_-raw_rsi_ex-level_rsi_sm-simple_same_b-allowe_warmup-ready_: ok fills=324 (60.2s)
[1185/2367] BANK2_BL-08_t60__T_input_-adjust_rsi_ex-cross_rsi_sm-simple_same_b-allowe_warmup-ready_: exit=1 fills=None (10.2s)
[1186/2367] BANK2_BL-08_t60__T_input_-adjust_rsi_ex-level_rsi_sm-simple_same_b-wait_b_warmup-ready_: ok fills=296 (58.6s)
[1187/2367] BANK2_BL-08_t60__T_input_-raw_rsi_ex-cross_rsi_sm-simple_same_b-wait_b_warmup-strict: exit=1 fills=None (10.7s)
[1188/2367] BANK2_BL-08_t60__T_input_-raw_rsi_ex-level_rsi_sm-simple_same_b-wait_b_warmup-ready_: ok fills=314 (61.1s)
[1189/2367] BANK2_BL-08_t60__T_input_-adjust_rsi_ex-cross_rsi_sm-simple_same_b-allowe_warmup-strict: ok fills=270 (59.9s)
[1190/2367] BANK2_BL-08_t60__T_input_-raw_rsi_ex-cross_rsi_sm-simple_same_b-allowe_warmup-strict: ok fills=290 (59.4s)
[1191/2367] BANK2_BL-08_t60__T_input_-raw_rsi_ex-cross_rsi_sm-simple_same_b-allowe_warmup-ready_: ok fills=282 (49.7s)
[1192/2367] BANK2_BL-08_t60__T_input_-raw_rsi_ex-cross_rsi_sm-simple_same_b-wait_b_warmup-ready_: ok fills=282 (50.2s)
[1193/2367] BANK2_BL-08_t60__OAT_a_exec-set_holdings: ok fills=270 (51.9s)
[1194/2367] BANK2_BL-08_t60__T_input_-adjust_rsi_ex-cross_rsi_sm-simple_same_b-wait_b_warmup-ready_: ok fills=262 (52.7s)
[1195/2367] BANK2_BL-08_t60__OAT_cross_timing-today_ma: ok fills=266 (55.6s)
[1196/2367] BANK2_BL-08_t60__SPOT_all_excluded_off: ok fills=266 (54.0s)
[1197/2367] BANK2_BL-08_t70__T_input_-raw_rsi_ex-level_rsi_sm-wilder_same_b-wait_b_warmup-strict: exit=1 fills=None (8.7s)
[1198/2367] BANK2_BL-08_t70__ref: ok fills=202 (54.0s)
[1199/2367] BANK2_BL-08_t70__T_input_-raw_rsi_ex-level_rsi_sm-wilder_same_b-allowe_warmup-strict: ok fills=216 (52.9s)
[1200/2367] BANK2_BL-08_t70__T_input_-adjust_rsi_ex-level_rsi_sm-wilder_same_b-wait_b_warmup-strict: ok fills=202 (48.5s)
[1201/2367] BANK2_BL-08_t70__T_input_-adjust_rsi_ex-level_rsi_sm-wilder_same_b-allowe_warmup-ready_: ok fills=202 (45.8s)
[1202/2367] BANK2_BL-08_t70__T_input_-raw_rsi_ex-level_rsi_sm-wilder_same_b-allowe_warmup-ready_: ok fills=216 (48.4s)
[1203/2367] BANK2_BL-08_t70__T_input_-adjust_rsi_ex-level_rsi_sm-wilder_same_b-wait_b_warmup-ready_: ok fills=202 (48.6s)
[1204/2367] BANK2_BL-08_t70__T_input_-raw_rsi_ex-level_rsi_sm-wilder_same_b-wait_b_warmup-ready_: ok fills=216 (52.5s)
[1205/2367] BANK2_BL-08_t70__T_input_-adjust_rsi_ex-cross_rsi_sm-wilder_same_b-allowe_warmup-strict: ok fills=200 (52.5s)
[1206/2367] BANK2_BL-08_t70__T_input_-raw_rsi_ex-cross_rsi_sm-wilder_same_b-allowe_warmup-strict: ok fills=214 (56.5s)
[1207/2367] BANK2_BL-08_t70__T_input_-adjust_rsi_ex-cross_rsi_sm-wilder_same_b-wait_b_warmup-strict: ok fills=200 (55.5s)
[1208/2367] BANK2_BL-08_t70__T_input_-adjust_rsi_ex-cross_rsi_sm-wilder_same_b-allowe_warmup-ready_: ok fills=200 (56.2s)
[1209/2367] BANK2_BL-08_t70__T_input_-raw_rsi_ex-cross_rsi_sm-wilder_same_b-wait_b_warmup-strict: ok fills=214 (58.4s)
[1210/2367] BANK2_BL-08_t70__T_input_-raw_rsi_ex-cross_rsi_sm-wilder_same_b-allowe_warmup-ready_: ok fills=214 (56.2s)
[1211/2367] BANK2_BL-08_t70__T_input_-adjust_rsi_ex-cross_rsi_sm-wilder_same_b-wait_b_warmup-ready_: ok fills=200 (54.5s)
[1212/2367] BANK2_BL-08_t70__T_input_-raw_rsi_ex-cross_rsi_sm-wilder_same_b-wait_b_warmup-ready_: ok fills=214 (54.5s)
[1213/2367] BANK2_BL-08_t70__T_input_-adjust_rsi_ex-level_rsi_sm-simple_same_b-allowe_warmup-strict: ok fills=248 (54.7s)
[1214/2367] BANK2_BL-08_t70__T_input_-adjust_rsi_ex-level_rsi_sm-simple_same_b-allowe_warmup-ready_: exit=1 fills=None (10.9s)
[1215/2367] BANK2_BL-08_t70__T_input_-raw_rsi_ex-level_rsi_sm-simple_same_b-allowe_warmup-strict: ok fills=264 (57.5s)
[1216/2367] BANK2_BL-08_t70__T_input_-adjust_rsi_ex-level_rsi_sm-simple_same_b-wait_b_warmup-strict: ok fills=242 (58.5s)
[1217/2367] BANK2_BL-08_t70__T_input_-raw_rsi_ex-level_rsi_sm-simple_same_b-wait_b_warmup-strict: ok fills=260 (52.5s)
[1218/2367] BANK2_BL-08_t70__T_input_-raw_rsi_ex-level_rsi_sm-simple_same_b-allowe_warmup-ready_: ok fills=262 (55.3s)
[1219/2367] BANK2_BL-08_t70__T_input_-adjust_rsi_ex-level_rsi_sm-simple_same_b-wait_b_warmup-ready_: ok fills=240 (56.4s)
[1220/2367] BANK2_BL-08_t70__T_input_-raw_rsi_ex-level_rsi_sm-simple_same_b-wait_b_warmup-ready_: ok fills=258 (54.8s)
[1221/2367] BANK2_BL-08_t70__T_input_-adjust_rsi_ex-cross_rsi_sm-simple_same_b-allowe_warmup-strict: ok fills=232 (56.7s)
[1222/2367] BANK2_BL-08_t70__T_input_-raw_rsi_ex-cross_rsi_sm-simple_same_b-allowe_warmup-strict: ok fills=250 (58.8s)
[1223/2367] BANK2_BL-08_t70__T_input_-adjust_rsi_ex-cross_rsi_sm-simple_same_b-wait_b_warmup-strict: ok fills=232 (57.7s)
[1224/2367] BANK2_BL-08_t70__T_input_-raw_rsi_ex-cross_rsi_sm-simple_same_b-wait_b_warmup-strict: ok fills=250 (57.1s)
[1225/2367] BANK2_BL-08_t70__T_input_-adjust_rsi_ex-cross_rsi_sm-simple_same_b-allowe_warmup-ready_: ok fills=230 (55.1s)
[1226/2367] BANK2_BL-08_t70__T_input_-raw_rsi_ex-cross_rsi_sm-simple_same_b-allowe_warmup-ready_: ok fills=248 (56.9s)
[1227/2367] BANK2_BL-08_t70__T_input_-adjust_rsi_ex-cross_rsi_sm-simple_same_b-wait_b_warmup-ready_: ok fills=230 (56.0s)
[1228/2367] BANK2_BL-08_t70__T_input_-raw_rsi_ex-cross_rsi_sm-simple_same_b-wait_b_warmup-ready_: ok fills=248 (58.5s)
[1229/2367] BANK2_BL-08_t80__T_input_-adjust_rsi_ex-level_rsi_sm-wilder_same_b-wait_b_warmup-strict: exit=1 fills=None (9.3s)
[1230/2367] BANK2_BL-08_t70__OAT_a_exec-set_holdings: ok fills=202 (57.7s)
[1231/2367] BANK2_BL-08_t80__T_input_-raw_rsi_ex-level_rsi_sm-wilder_same_b-wait_b_warmup-strict: exit=1 fills=None (10.1s)
[1232/2367] BANK2_BL-08_t70__OAT_cross_timing-today_ma: ok fills=198 (59.3s)
[1233/2367] BANK2_BL-08_t80__T_input_-raw_rsi_ex-level_rsi_sm-wilder_same_b-allowe_warmup-ready_: exit=1 fills=None (6.6s)
[1234/2367] BANK2_BL-08_t70__SPOT_all_excluded_off: ok fills=198 (53.2s)
[1235/2367] BANK2_BL-08_t80__ref: ok fills=144 (52.3s)
[1236/2367] BANK2_BL-08_t80__T_input_-raw_rsi_ex-level_rsi_sm-wilder_same_b-allowe_warmup-strict: ok fills=162 (53.9s)
[1237/2367] BANK2_BL-08_t80__T_input_-adjust_rsi_ex-level_rsi_sm-wilder_same_b-allowe_warmup-ready_: ok fills=144 (54.1s)
[1238/2367] BANK2_BL-08_t80__T_input_-adjust_rsi_ex-level_rsi_sm-wilder_same_b-wait_b_warmup-ready_: ok fills=144 (54.3s)
[1239/2367] BANK2_BL-08_t80__T_input_-raw_rsi_ex-level_rsi_sm-wilder_same_b-wait_b_warmup-ready_: ok fills=162 (56.4s)
[1240/2367] BANK2_BL-08_t80__T_input_-adjust_rsi_ex-cross_rsi_sm-wilder_same_b-allowe_warmup-strict: ok fills=144 (57.9s)
[1241/2367] BANK2_BL-08_t80__T_input_-raw_rsi_ex-cross_rsi_sm-wilder_same_b-allowe_warmup-strict: ok fills=162 (59.9s)
[1242/2367] BANK2_BL-08_t80__T_input_-raw_rsi_ex-cross_rsi_sm-wilder_same_b-wait_b_warmup-ready_: exit=1 fills=None (7.2s)
[1243/2367] BANK2_BL-08_t80__T_input_-raw_rsi_ex-cross_rsi_sm-wilder_same_b-wait_b_warmup-strict: ok fills=162 (56.2s)
[1244/2367] BANK2_BL-08_t80__T_input_-adjust_rsi_ex-cross_rsi_sm-wilder_same_b-wait_b_warmup-strict: ok fills=144 (58.3s)
[1245/2367] BANK2_BL-08_t80__T_input_-adjust_rsi_ex-cross_rsi_sm-wilder_same_b-allowe_warmup-ready_: ok fills=144 (51.2s)
[1246/2367] BANK2_BL-08_t80__T_input_-adjust_rsi_ex-level_rsi_sm-simple_same_b-allowe_warmup-ready_: exit=1 fills=None (7.9s)
[1247/2367] BANK2_BL-08_t80__T_input_-raw_rsi_ex-cross_rsi_sm-wilder_same_b-allowe_warmup-ready_: ok fills=162 (51.7s)
[1248/2367] BANK2_BL-08_t80__T_input_-adjust_rsi_ex-cross_rsi_sm-wilder_same_b-wait_b_warmup-ready_: ok fills=144 (51.9s)
[1249/2367] BANK2_BL-08_t80__T_input_-adjust_rsi_ex-level_rsi_sm-simple_same_b-allowe_warmup-strict: ok fills=192 (52.4s)
[1250/2367] BANK2_BL-08_t80__T_input_-adjust_rsi_ex-level_rsi_sm-simple_same_b-wait_b_warmup-strict: ok fills=190 (53.6s)
[1251/2367] BANK2_BL-08_t80__T_input_-raw_rsi_ex-level_rsi_sm-simple_same_b-allowe_warmup-strict: ok fills=212 (54.3s)
[1252/2367] BANK2_BL-08_t80__T_input_-raw_rsi_ex-level_rsi_sm-simple_same_b-wait_b_warmup-strict: ok fills=210 (56.1s)
[1253/2367] BANK2_BL-08_t80__T_input_-raw_rsi_ex-level_rsi_sm-simple_same_b-allowe_warmup-ready_: ok fills=212 (54.3s)
[1254/2367] BANK2_BL-08_t80__T_input_-adjust_rsi_ex-level_rsi_sm-simple_same_b-wait_b_warmup-ready_: ok fills=190 (58.1s)
[1255/2367] BANK2_BL-08_t80__T_input_-raw_rsi_ex-level_rsi_sm-simple_same_b-wait_b_warmup-ready_: ok fills=210 (53.1s)
[1256/2367] BANK2_BL-08_t80__T_input_-adjust_rsi_ex-cross_rsi_sm-simple_same_b-allowe_warmup-strict: ok fills=186 (53.5s)
[1257/2367] BANK2_BL-08_t80__T_input_-raw_rsi_ex-cross_rsi_sm-simple_same_b-allowe_warmup-strict: ok fills=206 (56.3s)
[1258/2367] BANK2_BL-08_t80__T_input_-raw_rsi_ex-cross_rsi_sm-simple_same_b-wait_b_warmup-strict: ok fills=206 (56.0s)
[1259/2367] BANK2_BL-08_t80__T_input_-adjust_rsi_ex-cross_rsi_sm-simple_same_b-wait_b_warmup-strict: ok fills=186 (56.6s)
[1260/2367] BANK2_BL-08_t80__T_input_-adjust_rsi_ex-cross_rsi_sm-simple_same_b-allowe_warmup-ready_: ok fills=186 (53.9s)
[1261/2367] BANK2_BL-08_t80__T_input_-raw_rsi_ex-cross_rsi_sm-simple_same_b-allowe_warmup-ready_: ok fills=206 (50.5s)
[1262/2367] BANK2_BL-08_t80__T_input_-adjust_rsi_ex-cross_rsi_sm-simple_same_b-wait_b_warmup-ready_: ok fills=186 (55.9s)
[1263/2367] BANK2_BL-08_t80__T_input_-raw_rsi_ex-cross_rsi_sm-simple_same_b-wait_b_warmup-ready_: ok fills=206 (53.8s)
[1264/2367] BANK2_BL-08_t80__OAT_a_exec-set_holdings: ok fills=144 (54.3s)
[1265/2367] BANK2_BL-08_t80__OAT_cross_timing-today_ma: ok fills=140 (55.5s)
[1266/2367] BANK2_BL-09_all__ref: ok fills=270 (55.0s)
[1267/2367] BANK2_BL-08_t80__SPOT_all_excluded_off: ok fills=140 (55.9s)
[1268/2367] BANK2_BL-09_all__T_cross_-today__input_-adjust_warmup-strict: ok fills=266 (54.6s)
[1269/2367] BANK2_BL-09_all__T_cross_-both_d_input_-raw_warmup-strict: ok fills=280 (54.0s)
[1270/2367] BANK2_BL-09_all__T_cross_-today__input_-raw_warmup-strict: ok fills=278 (50.7s)
[1271/2367] BANK2_BL-09_all__T_cross_-both_d_input_-adjust_warmup-ready_: ok fills=266 (53.0s)
[1272/2367] BANK2_BL-09_all__T_cross_-today__input_-adjust_warmup-ready_: ok fills=262 (52.7s)
[1273/2367] BANK2_BL-09_all__T_cross_-both_d_input_-raw_warmup-ready_: ok fills=276 (51.6s)
[1274/2367] BANK2_BL-09_all__OAT_rsi_smoothing-simple: ok fills=320 (52.4s)
[1275/2367] BANK2_BL-09_all__T_cross_-today__input_-raw_warmup-ready_: ok fills=274 (53.5s)
[1276/2367] BANK2_BL-09_all__OAT_rsi_exit-cross: ok fills=250 (53.7s)
[1277/2367] BANK2_BL-09_all__OAT_a_exec-set_holdings: ok fills=270 (55.7s)
[1278/2367] BANK2_BL-09_all__OAT_same_bar_reentry-wait_bar: ok fills=266 (52.5s)
[1279/2367] BANK2_BL-09_half_down_lastsell__T_cross_-both_d_input_-adjust_warmup-ready_: exit=1 fills=None (8.4s)
[1280/2367] BANK2_BL-09_all__SPOT_all_excluded_off: ok fills=270 (53.9s)
[1281/2367] BANK2_BL-09_half_down_lastsell__ref: ok fills=217 (50.8s)
[1282/2367] BANK2_BL-09_half_down_lastsell__T_cross_-today__input_-adjust_warmup-strict: ok fills=217 (55.1s)
[1283/2367] BANK2_BL-09_half_down_lastsell__T_cross_-today__input_-raw_warmup-strict: ok fills=218 (52.3s)
[1284/2367] BANK2_BL-09_half_down_lastsell__T_cross_-both_d_input_-raw_warmup-strict: ok fills=218 (53.1s)
[1285/2367] BANK2_BL-09_half_down_lastsell__T_cross_-today__input_-adjust_warmup-ready_: ok fills=213 (52.8s)
[1286/2367] BANK2_BL-09_half_down_lastsell__T_cross_-both_d_input_-raw_warmup-ready_: ok fills=214 (55.4s)
[1287/2367] BANK2_BL-09_half_down_lastsell__T_cross_-today__input_-raw_warmup-ready_: ok fills=214 (55.7s)
[1288/2367] BANK2_BL-09_half_down_lastsell__OAT_rsi_exit-cross: ok fills=197 (52.3s)
[1289/2367] BANK2_BL-09_half_down_hold__T_cross_-today__input_-adjust_warmup-strict: exit=1 fills=None (11.2s)
[1290/2367] BANK2_BL-09_half_down_lastsell__OAT_rsi_smoothing-simple: ok fills=267 (54.2s)
[1291/2367] BANK2_BL-09_half_down_lastsell__OAT_a_exec-set_holdings: ok fills=217 (51.8s)
[1292/2367] BANK2_BL-09_half_down_lastsell__OAT_same_bar_reentry-wait_bar: ok fills=213 (52.7s)
[1293/2367] BANK2_BL-09_half_down_lastsell__SPOT_all_excluded_off: ok fills=217 (55.4s)
[1294/2367] BANK2_BL-09_half_down_hold__ref: ok fills=169 (56.0s)
[1295/2367] BANK2_BL-09_half_down_hold__T_cross_-both_d_input_-raw_warmup-strict: ok fills=158 (53.7s)
[1296/2367] BANK2_BL-09_half_down_hold__T_cross_-today__input_-raw_warmup-strict: ok fills=158 (51.1s)
[1297/2367] BANK2_BL-09_half_down_hold__T_cross_-today__input_-adjust_warmup-ready_: ok fills=165 (51.2s)
[1298/2367] BANK2_BL-09_half_down_hold__T_cross_-both_d_input_-adjust_warmup-ready_: ok fills=165 (53.9s)
[1299/2367] BANK2_BL-09_half_down_hold__T_cross_-both_d_input_-raw_warmup-ready_: ok fills=154 (52.0s)
[1300/2367] BANK2_BL-09_half_down_hold__T_cross_-today__input_-raw_warmup-ready_: ok fills=154 (52.3s)
[1301/2367] BANK2_BL-09_half_down_hold__OAT_rsi_smoothing-simple: ok fills=219 (53.8s)
[1302/2367] BANK2_BL-09_half_down_hold__OAT_rsi_exit-cross: ok fills=149 (58.0s)
[1303/2367] BANK2_BL-09_half_down_hold__OAT_a_exec-set_holdings: ok fills=169 (61.2s)
[1304/2367] BANK2_BL-09_half_down_hold__OAT_same_bar_reentry-wait_bar: ok fills=165 (58.7s)
[1305/2367] BANK2_BL-09_half_up__ref: ok fills=217 (56.6s)
[1306/2367] BANK2_BL-09_half_down_hold__SPOT_all_excluded_off: ok fills=169 (58.7s)
[1307/2367] BANK2_BL-09_half_up__T_cross_-today__input_-adjust_warmup-strict: ok fills=217 (57.1s)
[1308/2367] BANK2_BL-09_half_up__T_cross_-both_d_input_-raw_warmup-strict: ok fills=218 (54.7s)
[1309/2367] BANK2_BL-09_half_up__T_cross_-today__input_-raw_warmup-strict: ok fills=218 (54.1s)
[1310/2367] BANK2_BL-09_half_up__T_cross_-both_d_input_-adjust_warmup-ready_: ok fills=213 (52.6s)
[1311/2367] BANK2_BL-09_half_up__T_cross_-today__input_-adjust_warmup-ready_: ok fills=213 (53.7s)
[1312/2367] BANK2_BL-09_half_up__T_cross_-both_d_input_-raw_warmup-ready_: ok fills=214 (56.4s)
[1313/2367] BANK2_BL-09_half_up__T_cross_-today__input_-raw_warmup-ready_: ok fills=214 (56.0s)
[1314/2367] BANK2_BL-09_half_up__OAT_rsi_smoothing-simple: ok fills=267 (58.8s)
[1315/2367] BANK2_BL-09_half_up__OAT_rsi_exit-cross: ok fills=197 (57.4s)
[1316/2367] BANK2_BL-09_half_up__OAT_a_exec-set_holdings: ok fills=217 (60.4s)
[1317/2367] BANK2_BL-09_half_up__OAT_same_bar_reentry-wait_bar: ok fills=213 (59.1s)
[1318/2367] BANK2_ER-01_R1__T_cross_-both_d_input_-adjust_warmup-ready_: exit=1 fills=None (7.3s)
[1319/2367] BANK2_BL-09_half_up__SPOT_all_excluded_off: ok fills=217 (53.6s)
[1320/2367] BANK2_ER-01_R1__ref: ok fills=191 (49.8s)
[1321/2367] BANK2_ER-01_R1__T_cross_-both_d_input_-raw_warmup-strict: ok fills=189 (54.3s)
[1322/2367] BANK2_ER-01_R1__T_cross_-today__input_-adjust_warmup-strict: ok fills=190 (55.4s)
[1323/2367] BANK2_ER-01_R1__T_cross_-today__input_-raw_warmup-strict: ok fills=189 (55.5s)
[1324/2367] BANK2_ER-01_R1__T_cross_-today__input_-adjust_warmup-ready_: ok fills=174 (55.8s)
[1325/2367] BANK2_ER-01_R1__T_cross_-both_d_input_-raw_warmup-ready_: ok fills=173 (57.6s)
[1326/2367] BANK2_ER-01_R1__T_cross_-today__input_-raw_warmup-ready_: ok fills=173 (59.6s)
[1327/2367] BANK2_ER-01_R1__OAT_rsi_smoothing-simple: ok fills=241 (54.9s)
[1328/2367] BANK2_ER-01_R1__OAT_rsi_exit-cross: ok fills=171 (52.6s)
[1329/2367] BANK2_ER-01_R1__OAT_a_exec-set_holdings: ok fills=191 (52.1s)
[1330/2367] BANK2_ER-01_R1__OAT_same_bar_reentry-wait_bar: ok fills=187 (54.4s)
[1331/2367] BANK2_ER-01_R1__SPOT_all_excluded_off: ok fills=191 (50.5s)
[1332/2367] BANK2_ER-01_R2__ref: ok fills=193 (53.7s)
[1333/2367] BANK2_ER-01_R2__T_cross_-today__input_-adjust_warmup-strict: ok fills=193 (54.3s)
[1334/2367] BANK2_ER-01_R2__T_cross_-both_d_input_-raw_warmup-strict: ok fills=188 (56.7s)
[1335/2367] BANK2_ER-01_R2__T_cross_-today__input_-raw_warmup-strict: ok fills=188 (57.5s)
[1336/2367] BANK2_ER-01_R2__T_cross_-both_d_input_-adjust_warmup-ready_: ok fills=175 (59.0s)
[1337/2367] BANK2_ER-01_R2__T_cross_-today__input_-adjust_warmup-ready_: ok fills=175 (57.5s)
[1338/2367] BANK2_ER-01_R2__T_cross_-both_d_input_-raw_warmup-ready_: ok fills=172 (55.9s)
[1339/2367] BANK2_ER-01_R2__T_cross_-today__input_-raw_warmup-ready_: ok fills=172 (59.0s)
[1340/2367] BANK2_ER-01_R2__OAT_rsi_smoothing-simple: ok fills=243 (53.3s)
[1341/2367] BANK2_ER-01_R2__OAT_rsi_exit-cross: ok fills=173 (51.8s)
[1342/2367] BANK2_ER-01_R2__OAT_a_exec-set_holdings: ok fills=193 (52.7s)
[1343/2367] BANK2_ER-01_R3__T_cross_-today__input_-raw_warmup-strict: exit=1 fills=None (9.8s)
[1344/2367] BANK2_ER-01_R2__OAT_same_bar_reentry-wait_bar: ok fills=185 (55.6s)
[1345/2367] BANK2_ER-01_R2__SPOT_all_excluded_off: ok fills=189 (55.4s)
[1346/2367] BANK2_ER-01_R3__T_cross_-today__input_-adjust_warmup-strict: ok fills=166 (57.2s)
[1347/2367] BANK2_ER-01_R3__ref: ok fills=166 (58.4s)
[1348/2367] BANK2_ER-01_R3__T_cross_-both_d_input_-raw_warmup-strict: ok fills=156 (54.4s)
[1349/2367] BANK2_ER-01_R3__T_cross_-both_d_input_-adjust_warmup-ready_: ok fills=152 (57.1s)
[1350/2367] BANK2_ER-01_R3__T_cross_-today__input_-adjust_warmup-ready_: ok fills=152 (57.9s)
[1351/2367] BANK2_ER-01_R3__T_cross_-both_d_input_-raw_warmup-ready_: ok fills=142 (58.1s)
[1352/2367] BANK2_ER-01_R3__SPOT_all_excluded_off: exit=1 fills=None (7.4s)
[1353/2367] BANK2_ER-01_R3__T_cross_-today__input_-raw_warmup-ready_: ok fills=142 (53.9s)
[1354/2367] BANK2_ER-01_R3__OAT_rsi_smoothing-simple: ok fills=216 (54.1s)
[1355/2367] BANK2_ER-01_R3__OAT_rsi_exit-cross: ok fills=146 (53.4s)
[1356/2367] BANK2_ER-01_R3__OAT_a_exec-set_holdings: ok fills=166 (54.0s)
[1357/2367] BANK2_ER-01_R3__OAT_same_bar_reentry-wait_bar: ok fills=162 (54.5s)
[1358/2367] BANK2_ER-01_R4__ref: ok fills=166 (52.0s)
[1359/2367] BANK2_ER-01_R4__T_cross_-today__input_-adjust_warmup-strict: ok fills=166 (54.2s)
[1360/2367] BANK2_ER-01_R4__T_cross_-both_d_input_-raw_warmup-strict: ok fills=156 (55.5s)
[1361/2367] BANK2_ER-01_R4__T_cross_-today__input_-raw_warmup-strict: ok fills=156 (53.5s)
[1362/2367] BANK2_ER-01_R4__OAT_a_exec-set_holdings: exit=1 fills=None (7.7s)
[1363/2367] BANK2_ER-01_R4__T_cross_-both_d_input_-adjust_warmup-ready_: ok fills=152 (54.4s)
[1364/2367] BANK2_ER-01_R4__T_cross_-today__input_-adjust_warmup-ready_: ok fills=152 (54.4s)
[1365/2367] BANK2_ER-01_R4__T_cross_-both_d_input_-raw_warmup-ready_: ok fills=142 (57.4s)
[1366/2367] BANK2_ER-01_R4__T_cross_-today__input_-raw_warmup-ready_: ok fills=142 (57.5s)
[1367/2367] BANK2_ER-01_R4__OAT_rsi_smoothing-simple: ok fills=216 (50.0s)
[1368/2367] BANK2_ER-01_R4__OAT_rsi_exit-cross: ok fills=146 (49.0s)
[1369/2367] BANK2_ER-01_R4__OAT_same_bar_reentry-wait_bar: ok fills=162 (51.8s)
[1370/2367] BANK2_ER-01_R4__SPOT_all_excluded_off: ok fills=166 (55.3s)
[1371/2367] BANK2_ER-01_R5__ref: ok fills=193 (52.3s)
[1372/2367] BANK2_ER-01_R5__T_cross_-today__input_-adjust_warmup-strict: ok fills=193 (54.8s)
[1373/2367] BANK2_ER-01_R5__T_cross_-both_d_input_-raw_warmup-strict: ok fills=191 (52.1s)
[1374/2367] BANK2_ER-01_R5__T_cross_-today__input_-raw_warmup-strict: ok fills=191 (53.0s)
[1375/2367] BANK2_ER-01_R5__T_cross_-both_d_input_-adjust_warmup-ready_: ok fills=175 (50.5s)
[1376/2367] BANK2_ER-01_R5__T_cross_-today__input_-adjust_warmup-ready_: ok fills=175 (50.2s)
[1377/2367] BANK2_ER-01_R5__T_cross_-both_d_input_-raw_warmup-ready_: ok fills=175 (51.8s)
[1378/2367] BANK2_ER-01_R5__T_cross_-today__input_-raw_warmup-ready_: ok fills=175 (50.7s)
[1379/2367] BANK2_ER-01_R5__OAT_rsi_smoothing-simple: ok fills=243 (53.4s)
[1380/2367] BANK2_ER-01_R5__OAT_a_exec-set_holdings: ok fills=193 (55.8s)
[1381/2367] BANK2_ER-01_R5__OAT_rsi_exit-cross: ok fills=173 (57.2s)
[1382/2367] BANK2_ER-01_R5__OAT_same_bar_reentry-wait_bar: ok fills=187 (55.9s)
[1383/2367] BANK2_ER-01_R5__SPOT_all_excluded_off: ok fills=191 (52.5s)
[1384/2367] BANK2_ER-01_R6__ref: ok fills=172 (51.3s)
[1385/2367] BANK2_ER-01_R6__T_cross_-both_d_input_-raw_warmup-strict: ok fills=164 (49.1s)
[1386/2367] BANK2_ER-01_R6__T_cross_-today__input_-adjust_warmup-strict: ok fills=172 (52.1s)
[1387/2367] BANK2_ER-01_R6__T_cross_-today__input_-raw_warmup-strict: ok fills=164 (48.8s)
[1388/2367] BANK2_ER-01_R6__OAT_same_bar_reentry-wait_bar: exit=1 fills=None (1.7s)
[1389/2367] BANK2_ER-01_R6__T_cross_-both_d_input_-adjust_warmup-ready_: ok fills=158 (55.8s)
[1390/2367] BANK2_ER-01_R6__T_cross_-today__input_-adjust_warmup-ready_: ok fills=158 (61.0s)
[1391/2367] BANK2_ER-01_R6__T_cross_-both_d_input_-raw_warmup-ready_: ok fills=148 (63.2s)
[1392/2367] BANK2_ER-01_R6__T_cross_-today__input_-raw_warmup-ready_: ok fills=148 (65.0s)
[1393/2367] BANK2_ER-01_R6__OAT_rsi_smoothing-simple: ok fills=222 (67.4s)
[1394/2367] BANK2_ER-01_R6__OAT_a_exec-set_holdings: ok fills=172 (65.7s)
[1395/2367] BANK2_ER-01_R6__OAT_rsi_exit-cross: ok fills=152 (67.8s)
[1396/2367] BANK2_ER-01_R6__SPOT_all_excluded_off: ok fills=172 (69.5s)
[1397/2367] BANK2_OM-B_private__ref: ok fills=270 (60.1s)
[1398/2367] BANK2_OM-B_private__T_cross_-both_d_input_-adjust_rsi_ex-level_rsi_sm-wilder_same_b-allowe_warmup-ready_: ok fills=266 (62.4s)
[1399/2367] BANK2_OM-B_private__T_cross_-both_d_input_-adjust_rsi_ex-level_rsi_sm-wilder_same_b-wait_b_warmup-strict: ok fills=266 (63.8s)
[1400/2367] BANK2_OM-B_private__T_cross_-both_d_input_-adjust_rsi_ex-level_rsi_sm-wilder_same_b-wait_b_warmup-ready_: ok fills=262 (60.4s)
[1401/2367] BANK2_OM-B_private__T_cross_-both_d_input_-adjust_rsi_ex-level_rsi_sm-simple_same_b-allowe_warmup-strict: ok fills=320 (64.9s)
[1402/2367] BANK2_OM-B_private__T_cross_-both_d_input_-adjust_rsi_ex-level_rsi_sm-simple_same_b-allowe_warmup-ready_: ok fills=306 (61.8s)
[1403/2367] BANK2_OM-B_private__T_cross_-both_d_input_-adjust_rsi_ex-level_rsi_sm-simple_same_b-wait_b_warmup-strict: ok fills=306 (60.9s)
[1404/2367] BANK2_OM-B_private__T_cross_-both_d_input_-adjust_rsi_ex-level_rsi_sm-simple_same_b-wait_b_warmup-ready_: ok fills=296 (58.6s)
[1405/2367] BANK2_OM-B_private__T_cross_-both_d_input_-adjust_rsi_ex-cross_rsi_sm-wilder_same_b-allowe_warmup-strict: ok fills=250 (54.8s)
[1406/2367] BANK2_OM-B_private__T_cross_-both_d_input_-adjust_rsi_ex-cross_rsi_sm-wilder_same_b-allowe_warmup-ready_: ok fills=246 (53.7s)
[1407/2367] BANK2_OM-B_private__T_cross_-both_d_input_-adjust_rsi_ex-cross_rsi_sm-wilder_same_b-wait_b_warmup-strict: ok fills=250 (51.9s)
[1408/2367] BANK2_OM-B_private__T_cross_-both_d_input_-adjust_rsi_ex-cross_rsi_sm-wilder_same_b-wait_b_warmup-ready_: ok fills=246 (53.5s)
[1409/2367] BANK2_OM-B_private__T_cross_-both_d_input_-adjust_rsi_ex-cross_rsi_sm-simple_same_b-allowe_warmup-strict: ok fills=270 (53.6s)
[1410/2367] BANK2_OM-B_private__T_cross_-both_d_input_-raw_rsi_ex-level_rsi_sm-wilder_same_b-wait_b_warmup-ready_: exit=1 fills=None (7.6s)
[1411/2367] BANK2_OM-B_private__T_cross_-both_d_input_-adjust_rsi_ex-cross_rsi_sm-simple_same_b-allowe_warmup-ready_: ok fills=262 (56.4s)
[1412/2367] BANK2_OM-B_private__T_cross_-both_d_input_-adjust_rsi_ex-cross_rsi_sm-simple_same_b-wait_b_warmup-strict: ok fills=270 (57.4s)
[1413/2367] BANK2_OM-B_private__T_cross_-both_d_input_-adjust_rsi_ex-cross_rsi_sm-simple_same_b-wait_b_warmup-ready_: ok fills=262 (55.7s)
[1414/2367] BANK2_OM-B_private__T_cross_-both_d_input_-raw_rsi_ex-level_rsi_sm-wilder_same_b-allowe_warmup-strict: ok fills=280 (55.6s)
[1415/2367] BANK2_OM-B_private__T_cross_-both_d_input_-raw_rsi_ex-level_rsi_sm-wilder_same_b-allowe_warmup-ready_: ok fills=276 (53.4s)
[1416/2367] BANK2_OM-B_private__T_cross_-both_d_input_-raw_rsi_ex-level_rsi_sm-wilder_same_b-wait_b_warmup-strict: ok fills=278 (51.2s)
[1417/2367] BANK2_OM-B_private__T_cross_-both_d_input_-raw_rsi_ex-level_rsi_sm-simple_same_b-allowe_warmup-strict: ok fills=338 (51.5s)
[1418/2367] BANK2_OM-B_private__T_cross_-both_d_input_-raw_rsi_ex-level_rsi_sm-simple_same_b-allowe_warmup-ready_: ok fills=324 (54.3s)
[1419/2367] BANK2_OM-B_private__T_cross_-both_d_input_-raw_rsi_ex-level_rsi_sm-simple_same_b-wait_b_warmup-strict: ok fills=324 (56.7s)
[1420/2367] BANK2_OM-B_private__T_cross_-both_d_input_-raw_rsi_ex-level_rsi_sm-simple_same_b-wait_b_warmup-ready_: ok fills=314 (56.4s)
[1421/2367] BANK2_OM-B_private__T_cross_-both_d_input_-raw_rsi_ex-cross_rsi_sm-wilder_same_b-allowe_warmup-strict: ok fills=264 (55.3s)
[1422/2367] BANK2_OM-B_private__T_cross_-both_d_input_-raw_rsi_ex-cross_rsi_sm-wilder_same_b-allowe_warmup-ready_: ok fills=260 (54.1s)
[1423/2367] BANK2_OM-B_private__T_cross_-both_d_input_-raw_rsi_ex-cross_rsi_sm-wilder_same_b-wait_b_warmup-ready_: ok fills=260 (54.5s)
[1424/2367] BANK2_OM-B_private__T_cross_-both_d_input_-raw_rsi_ex-cross_rsi_sm-wilder_same_b-wait_b_warmup-strict: ok fills=264 (56.8s)
[1425/2367] BANK2_OM-B_private__T_cross_-today__input_-adjust_rsi_ex-level_rsi_sm-wilder_same_b-allowe_warmup-ready_: exit=1 fills=None (7.3s)
[1426/2367] BANK2_OM-B_private__T_cross_-both_d_input_-raw_rsi_ex-cross_rsi_sm-simple_same_b-allowe_warmup-strict: ok fills=290 (52.8s)
[1427/2367] BANK2_OM-B_private__T_cross_-both_d_input_-raw_rsi_ex-cross_rsi_sm-simple_same_b-allowe_warmup-ready_: ok fills=282 (51.5s)
[1428/2367] BANK2_OM-B_private__T_cross_-both_d_input_-raw_rsi_ex-cross_rsi_sm-simple_same_b-wait_b_warmup-strict: ok fills=290 (51.7s)
[1429/2367] BANK2_OM-B_private__T_cross_-both_d_input_-raw_rsi_ex-cross_rsi_sm-simple_same_b-wait_b_warmup-ready_: ok fills=282 (51.6s)
[1430/2367] BANK2_OM-B_private__T_cross_-today__input_-adjust_rsi_ex-level_rsi_sm-wilder_same_b-allowe_warmup-strict: ok fills=266 (52.0s)
[1431/2367] BANK2_OM-B_private__T_cross_-today__input_-adjust_rsi_ex-level_rsi_sm-wilder_same_b-wait_b_warmup-strict: ok fills=262 (54.1s)
[1432/2367] BANK2_OM-B_private__T_cross_-today__input_-adjust_rsi_ex-level_rsi_sm-wilder_same_b-wait_b_warmup-ready_: ok fills=258 (54.0s)
[1433/2367] BANK2_OM-B_private__T_cross_-today__input_-adjust_rsi_ex-level_rsi_sm-simple_same_b-allowe_warmup-strict: ok fills=316 (54.0s)
[1434/2367] BANK2_OM-B_private__T_cross_-today__input_-adjust_rsi_ex-level_rsi_sm-simple_same_b-allowe_warmup-ready_: ok fills=302 (50.8s)
[1435/2367] BANK2_OM-B_private__T_cross_-today__input_-adjust_rsi_ex-level_rsi_sm-simple_same_b-wait_b_warmup-strict: ok fills=302 (50.8s)
[1436/2367] BANK2_OM-B_private__T_cross_-today__input_-adjust_rsi_ex-level_rsi_sm-simple_same_b-wait_b_warmup-ready_: ok fills=292 (50.1s)
[1437/2367] BANK2_OM-B_private__T_cross_-today__input_-adjust_rsi_ex-cross_rsi_sm-wilder_same_b-allowe_warmup-strict: ok fills=246 (50.3s)
[1438/2367] BANK2_OM-B_private__T_cross_-today__input_-adjust_rsi_ex-cross_rsi_sm-wilder_same_b-allowe_warmup-ready_: ok fills=242 (48.3s)
[1439/2367] BANK2_OM-B_private__T_cross_-today__input_-adjust_rsi_ex-cross_rsi_sm-simple_same_b-allowe_warmup-strict: ok fills=266 (48.5s)
[1440/2367] BANK2_OM-B_private__T_cross_-today__input_-adjust_rsi_ex-cross_rsi_sm-wilder_same_b-wait_b_warmup-strict: ok fills=246 (52.2s)
[1441/2367] BANK2_OM-B_private__T_cross_-today__input_-adjust_rsi_ex-cross_rsi_sm-wilder_same_b-wait_b_warmup-ready_: ok fills=242 (51.4s)
[1442/2367] BANK2_OM-B_private__T_cross_-today__input_-adjust_rsi_ex-cross_rsi_sm-simple_same_b-allowe_warmup-ready_: ok fills=258 (54.2s)
[1443/2367] BANK2_OM-B_private__T_cross_-today__input_-adjust_rsi_ex-cross_rsi_sm-simple_same_b-wait_b_warmup-strict: ok fills=266 (53.9s)
[1444/2367] BANK2_OM-B_private__T_cross_-today__input_-adjust_rsi_ex-cross_rsi_sm-simple_same_b-wait_b_warmup-ready_: ok fills=258 (52.1s)
[1445/2367] BANK2_OM-B_private__T_cross_-today__input_-raw_rsi_ex-level_rsi_sm-wilder_same_b-allowe_warmup-strict: ok fills=278 (52.1s)
[1446/2367] BANK2_OM-B_private__T_cross_-today__input_-raw_rsi_ex-level_rsi_sm-wilder_same_b-allowe_warmup-ready_: ok fills=274 (52.2s)
[1447/2367] BANK2_OM-B_private__T_cross_-today__input_-raw_rsi_ex-level_rsi_sm-wilder_same_b-wait_b_warmup-ready_: ok fills=272 (47.7s)
[1448/2367] BANK2_OM-B_private__T_cross_-today__input_-raw_rsi_ex-level_rsi_sm-simple_same_b-allowe_warmup-strict: ok fills=336 (50.6s)
[1449/2367] BANK2_OM-B_private__T_cross_-today__input_-raw_rsi_ex-level_rsi_sm-wilder_same_b-wait_b_warmup-strict: ok fills=276 (53.6s)
[1450/2367] BANK2_OM-B_private__T_cross_-today__input_-raw_rsi_ex-level_rsi_sm-simple_same_b-wait_b_warmup-strict: ok fills=322 (51.5s)
[1451/2367] BANK2_OM-B_private__T_cross_-today__input_-raw_rsi_ex-level_rsi_sm-simple_same_b-allowe_warmup-ready_: ok fills=322 (54.0s)
[1452/2367] BANK2_OM-B_private__T_cross_-today__input_-raw_rsi_ex-level_rsi_sm-simple_same_b-wait_b_warmup-ready_: ok fills=312 (54.8s)
[1453/2367] BANK2_OM-B_private__T_cross_-today__input_-raw_rsi_ex-cross_rsi_sm-wilder_same_b-allowe_warmup-strict: ok fills=262 (53.7s)
[1454/2367] BANK2_OM-B_private__T_cross_-today__input_-raw_rsi_ex-cross_rsi_sm-wilder_same_b-allowe_warmup-ready_: ok fills=258 (53.7s)
[1455/2367] BANK2_OM-B_private__T_cross_-today__input_-raw_rsi_ex-cross_rsi_sm-wilder_same_b-wait_b_warmup-strict: ok fills=262 (49.3s)
[1456/2367] BANK2_OM-B_private__T_cross_-today__input_-raw_rsi_ex-cross_rsi_sm-wilder_same_b-wait_b_warmup-ready_: ok fills=258 (50.2s)
[1457/2367] BANK2_OM-B_private__T_cross_-today__input_-raw_rsi_ex-cross_rsi_sm-simple_same_b-allowe_warmup-strict: ok fills=288 (54.7s)
[1458/2367] BANK2_OM-B_private__T_cross_-today__input_-raw_rsi_ex-cross_rsi_sm-simple_same_b-allowe_warmup-ready_: ok fills=280 (47.7s)
[1459/2367] BANK2_OM-B_private__T_cross_-today__input_-raw_rsi_ex-cross_rsi_sm-simple_same_b-wait_b_warmup-strict: ok fills=288 (47.8s)
[1460/2367] BANK2_OM-B_private__T_cross_-today__input_-raw_rsi_ex-cross_rsi_sm-simple_same_b-wait_b_warmup-ready_: ok fills=280 (52.2s)
[1461/2367] BANK2_OM-B_private__OAT_a_exec-set_holdings: ok fills=270 (52.6s)
[1462/2367] BANK2_OM-B_private__SPOT_all_excluded_off: ok fills=270 (55.7s)
[1463/2367] BANK2_OM-B_invested_gate__ref: ok fills=266 (54.5s)
[1464/2367] BANK2_OM-B_invested_gate__T_cross_-both_d_input_-adjust_rsi_ex-level_rsi_sm-wilder_same_b-allowe_warmup-ready_: ok fills=262 (54.6s)
[1465/2367] BANK2_OM-B_invested_gate__T_cross_-both_d_input_-adjust_rsi_ex-level_rsi_sm-wilder_same_b-wait_b_warmup-strict: ok fills=266 (54.3s)
[1466/2367] BANK2_OM-B_invested_gate__T_cross_-both_d_input_-adjust_rsi_ex-level_rsi_sm-wilder_same_b-wait_b_warmup-ready_: ok fills=262 (53.1s)
[1467/2367] BANK2_OM-B_invested_gate__T_cross_-both_d_input_-adjust_rsi_ex-level_rsi_sm-simple_same_b-allowe_warmup-strict: ok fills=306 (56.3s)
[1468/2367] BANK2_OM-B_invested_gate__T_cross_-both_d_input_-adjust_rsi_ex-level_rsi_sm-simple_same_b-wait_b_warmup-strict: ok fills=306 (52.3s)
[1469/2367] BANK2_OM-B_invested_gate__T_cross_-both_d_input_-adjust_rsi_ex-level_rsi_sm-simple_same_b-allowe_warmup-ready_: ok fills=296 (55.5s)
[1470/2367] BANK2_OM-B_invested_gate__T_cross_-both_d_input_-adjust_rsi_ex-level_rsi_sm-simple_same_b-wait_b_warmup-ready_: ok fills=296 (52.7s)
[1471/2367] BANK2_OM-B_invested_gate__T_cross_-both_d_input_-adjust_rsi_ex-cross_rsi_sm-wilder_same_b-allowe_warmup-strict: ok fills=250 (53.6s)
[1472/2367] BANK2_OM-B_invested_gate__T_cross_-both_d_input_-adjust_rsi_ex-cross_rsi_sm-wilder_same_b-allowe_warmup-ready_: ok fills=246 (55.1s)
[1473/2367] BANK2_OM-B_invested_gate__T_cross_-both_d_input_-adjust_rsi_ex-cross_rsi_sm-wilder_same_b-wait_b_warmup-strict: ok fills=250 (57.1s)
[1474/2367] BANK2_OM-B_invested_gate__T_cross_-both_d_input_-raw_rsi_ex-level_rsi_sm-wilder_same_b-allowe_warmup-ready_: exit=1 fills=None (7.0s)
[1475/2367] BANK2_OM-B_invested_gate__T_cross_-both_d_input_-adjust_rsi_ex-cross_rsi_sm-wilder_same_b-wait_b_warmup-ready_: ok fills=246 (56.8s)
[1476/2367] BANK2_OM-B_invested_gate__T_cross_-both_d_input_-raw_rsi_ex-level_rsi_sm-wilder_same_b-wait_b_warmup-strict: exit=1 fills=None (8.6s)
[1477/2367] BANK2_OM-B_invested_gate__T_cross_-both_d_input_-adjust_rsi_ex-cross_rsi_sm-simple_same_b-allowe_warmup-strict: ok fills=270 (56.3s)
[1478/2367] BANK2_OM-B_invested_gate__T_cross_-both_d_input_-adjust_rsi_ex-cross_rsi_sm-simple_same_b-allowe_warmup-ready_: ok fills=262 (52.8s)
[1479/2367] BANK2_OM-B_invested_gate__T_cross_-both_d_input_-adjust_rsi_ex-cross_rsi_sm-simple_same_b-wait_b_warmup-ready_: ok fills=262 (52.2s)
[1480/2367] BANK2_OM-B_invested_gate__T_cross_-both_d_input_-adjust_rsi_ex-cross_rsi_sm-simple_same_b-wait_b_warmup-strict: ok fills=270 (54.4s)
[1481/2367] BANK2_OM-B_invested_gate__T_cross_-both_d_input_-raw_rsi_ex-level_rsi_sm-wilder_same_b-allowe_warmup-strict: ok fills=278 (53.6s)
[1482/2367] BANK2_OM-B_invested_gate__T_cross_-both_d_input_-raw_rsi_ex-level_rsi_sm-wilder_same_b-wait_b_warmup-ready_: ok fills=274 (54.4s)
[1483/2367] BANK2_OM-B_invested_gate__T_cross_-both_d_input_-raw_rsi_ex-level_rsi_sm-simple_same_b-allowe_warmup-strict: ok fills=324 (56.7s)
[1484/2367] BANK2_OM-B_invested_gate__T_cross_-both_d_input_-raw_rsi_ex-level_rsi_sm-simple_same_b-allowe_warmup-ready_: ok fills=314 (59.0s)
[1485/2367] BANK2_OM-B_invested_gate__T_cross_-both_d_input_-raw_rsi_ex-level_rsi_sm-simple_same_b-wait_b_warmup-strict: ok fills=324 (56.5s)
[1486/2367] BANK2_OM-B_invested_gate__T_cross_-both_d_input_-raw_rsi_ex-level_rsi_sm-simple_same_b-wait_b_warmup-ready_: ok fills=314 (53.4s)
[1487/2367] BANK2_OM-B_invested_gate__T_cross_-both_d_input_-raw_rsi_ex-cross_rsi_sm-wilder_same_b-allowe_warmup-ready_: ok fills=260 (55.2s)
[1488/2367] BANK2_OM-B_invested_gate__T_cross_-both_d_input_-raw_rsi_ex-cross_rsi_sm-wilder_same_b-allowe_warmup-strict: ok fills=264 (58.1s)
[1489/2367] BANK2_OM-B_invested_gate__T_cross_-both_d_input_-raw_rsi_ex-cross_rsi_sm-wilder_same_b-wait_b_warmup-strict: ok fills=264 (54.6s)
[1490/2367] BANK2_OM-B_invested_gate__T_cross_-both_d_input_-raw_rsi_ex-cross_rsi_sm-wilder_same_b-wait_b_warmup-ready_: ok fills=260 (54.4s)
[1491/2367] BANK2_OM-B_invested_gate__T_cross_-both_d_input_-raw_rsi_ex-cross_rsi_sm-simple_same_b-allowe_warmup-ready_: ok fills=282 (55.5s)
[1492/2367] BANK2_OM-B_invested_gate__T_cross_-both_d_input_-raw_rsi_ex-cross_rsi_sm-simple_same_b-wait_b_warmup-strict: ok fills=290 (56.8s)
[1493/2367] BANK2_OM-B_invested_gate__T_cross_-both_d_input_-raw_rsi_ex-cross_rsi_sm-simple_same_b-allowe_warmup-strict: ok fills=290 (60.6s)
[1494/2367] BANK2_OM-B_invested_gate__T_cross_-both_d_input_-raw_rsi_ex-cross_rsi_sm-simple_same_b-wait_b_warmup-ready_: ok fills=282 (55.8s)
[1495/2367] BANK2_OM-B_invested_gate__T_cross_-today__input_-adjust_rsi_ex-level_rsi_sm-wilder_same_b-allowe_warmup-strict: ok fills=262 (55.3s)
[1496/2367] BANK2_OM-B_invested_gate__T_cross_-today__input_-adjust_rsi_ex-level_rsi_sm-wilder_same_b-allowe_warmup-ready_: ok fills=258 (56.1s)
[1497/2367] BANK2_OM-B_invested_gate__T_cross_-today__input_-adjust_rsi_ex-level_rsi_sm-wilder_same_b-wait_b_warmup-strict: ok fills=262 (55.2s)
[1498/2367] BANK2_OM-B_invested_gate__T_cross_-today__input_-adjust_rsi_ex-level_rsi_sm-wilder_same_b-wait_b_warmup-ready_: ok fills=258 (54.3s)
[1499/2367] BANK2_OM-B_invested_gate__T_cross_-today__input_-adjust_rsi_ex-level_rsi_sm-simple_same_b-allowe_warmup-strict: ok fills=302 (54.8s)
[1500/2367] BANK2_OM-B_invested_gate__T_cross_-today__input_-adjust_rsi_ex-level_rsi_sm-simple_same_b-allowe_warmup-ready_: ok fills=292 (54.2s)
[1501/2367] BANK2_OM-B_invested_gate__T_cross_-today__input_-adjust_rsi_ex-level_rsi_sm-simple_same_b-wait_b_warmup-strict: ok fills=302 (54.9s)
[1502/2367] BANK2_OM-B_invested_gate__T_cross_-today__input_-adjust_rsi_ex-level_rsi_sm-simple_same_b-wait_b_warmup-ready_: ok fills=292 (49.9s)
[1503/2367] BANK2_OM-B_invested_gate__T_cross_-today__input_-adjust_rsi_ex-cross_rsi_sm-wilder_same_b-allowe_warmup-strict: ok fills=246 (53.3s)
[1504/2367] BANK2_OM-B_invested_gate__T_cross_-today__input_-adjust_rsi_ex-cross_rsi_sm-wilder_same_b-allowe_warmup-ready_: ok fills=242 (51.4s)
[1505/2367] BANK2_OM-B_invested_gate__T_cross_-today__input_-adjust_rsi_ex-cross_rsi_sm-simple_same_b-wait_b_warmup-ready_: exit=1 fills=None (9.6s)
[1506/2367] BANK2_OM-B_invested_gate__T_cross_-today__input_-adjust_rsi_ex-cross_rsi_sm-wilder_same_b-wait_b_warmup-strict: ok fills=246 (50.0s)
[1507/2367] BANK2_OM-B_invested_gate__T_cross_-today__input_-adjust_rsi_ex-cross_rsi_sm-wilder_same_b-wait_b_warmup-ready_: ok fills=242 (53.9s)
[1508/2367] BANK2_OM-B_invested_gate__T_cross_-today__input_-adjust_rsi_ex-cross_rsi_sm-simple_same_b-allowe_warmup-strict: ok fills=266 (58.5s)
[1509/2367] BANK2_OM-B_invested_gate__T_cross_-today__input_-adjust_rsi_ex-cross_rsi_sm-simple_same_b-allowe_warmup-ready_: ok fills=258 (57.3s)
[1510/2367] BANK2_OM-B_invested_gate__T_cross_-today__input_-adjust_rsi_ex-cross_rsi_sm-simple_same_b-wait_b_warmup-strict: ok fills=266 (57.0s)
[1511/2367] BANK2_OM-B_invested_gate__T_cross_-today__input_-raw_rsi_ex-level_rsi_sm-wilder_same_b-allowe_warmup-strict: ok fills=276 (60.0s)
[1512/2367] BANK2_OM-B_invested_gate__T_cross_-today__input_-raw_rsi_ex-level_rsi_sm-wilder_same_b-wait_b_warmup-strict: ok fills=276 (60.2s)
[1513/2367] BANK2_OM-B_invested_gate__T_cross_-today__input_-raw_rsi_ex-level_rsi_sm-wilder_same_b-allowe_warmup-ready_: ok fills=272 (63.4s)
[1514/2367] BANK2_OM-B_invested_gate__T_cross_-today__input_-raw_rsi_ex-level_rsi_sm-wilder_same_b-wait_b_warmup-ready_: ok fills=272 (58.6s)
[1515/2367] BANK2_OM-B_invested_gate__T_cross_-today__input_-raw_rsi_ex-level_rsi_sm-simple_same_b-allowe_warmup-strict: ok fills=322 (61.3s)
[1516/2367] BANK2_OM-B_invested_gate__T_cross_-today__input_-raw_rsi_ex-level_rsi_sm-simple_same_b-allowe_warmup-ready_: ok fills=312 (61.5s)
[1517/2367] BANK2_OM-B_invested_gate__T_cross_-today__input_-raw_rsi_ex-level_rsi_sm-simple_same_b-wait_b_warmup-strict: ok fills=322 (62.1s)
[1518/2367] BANK2_OM-B_invested_gate__T_cross_-today__input_-raw_rsi_ex-level_rsi_sm-simple_same_b-wait_b_warmup-ready_: ok fills=312 (63.0s)
[1519/2367] BANK2_OM-B_invested_gate__T_cross_-today__input_-raw_rsi_ex-cross_rsi_sm-wilder_same_b-allowe_warmup-strict: ok fills=262 (63.0s)
[1520/2367] BANK2_OM-B_invested_gate__T_cross_-today__input_-raw_rsi_ex-cross_rsi_sm-wilder_same_b-allowe_warmup-ready_: ok fills=258 (62.0s)
[1521/2367] BANK2_OM-B_invested_gate__T_cross_-today__input_-raw_rsi_ex-cross_rsi_sm-wilder_same_b-wait_b_warmup-strict: ok fills=262 (64.1s)
[1522/2367] BANK2_OM-B_invested_gate__T_cross_-today__input_-raw_rsi_ex-cross_rsi_sm-wilder_same_b-wait_b_warmup-ready_: ok fills=258 (60.8s)
[1523/2367] BANK2_OM-B_invested_gate__T_cross_-today__input_-raw_rsi_ex-cross_rsi_sm-simple_same_b-allowe_warmup-strict: ok fills=288 (62.2s)
[1524/2367] BANK2_OM-B_invested_gate__T_cross_-today__input_-raw_rsi_ex-cross_rsi_sm-simple_same_b-allowe_warmup-ready_: ok fills=280 (58.7s)
[1525/2367] BANK2_OM-B_invested_gate__T_cross_-today__input_-raw_rsi_ex-cross_rsi_sm-simple_same_b-wait_b_warmup-strict: ok fills=288 (58.9s)
[1526/2367] BANK2_OM-B_invested_gate__T_cross_-today__input_-raw_rsi_ex-cross_rsi_sm-simple_same_b-wait_b_warmup-ready_: ok fills=280 (57.7s)
[1527/2367] BANK2_OM-B_invested_gate__SPOT_all_excluded_off: ok fills=266 (56.2s)
[1528/2367] BANK2_OM-B_invested_gate__OAT_a_exec-set_holdings: ok fills=266 (59.2s)
[1529/2367] BANK2_OM-B_netting__ref: ok fills=448 (61.1s)
[1530/2367] BANK2_OM-B_netting__T_cross_-both_d_input_-adjust_rsi_ex-level_rsi_sm-wilder_same_b-allowe_warmup-ready_: ok fills=428 (63.3s)
[1531/2367] BANK2_OM-B_netting__T_cross_-both_d_input_-adjust_rsi_ex-level_rsi_sm-wilder_same_b-wait_b_warmup-strict: ok fills=448 (57.4s)
[1532/2367] BANK2_OM-B_netting__T_cross_-both_d_input_-adjust_rsi_ex-level_rsi_sm-wilder_same_b-wait_b_warmup-ready_: ok fills=428 (54.7s)
[1533/2367] BANK2_OM-B_netting__T_cross_-both_d_input_-adjust_rsi_ex-level_rsi_sm-simple_same_b-allowe_warmup-ready_: ok fills=448 (53.3s)
[1534/2367] BANK2_OM-B_netting__T_cross_-both_d_input_-adjust_rsi_ex-level_rsi_sm-simple_same_b-allowe_warmup-strict: ok fills=473 (54.8s)
[1535/2367] BANK2_OM-B_netting__T_cross_-both_d_input_-adjust_rsi_ex-level_rsi_sm-simple_same_b-wait_b_warmup-strict: ok fills=473 (54.3s)
[1536/2367] BANK2_OM-B_netting__T_cross_-both_d_input_-adjust_rsi_ex-level_rsi_sm-simple_same_b-wait_b_warmup-ready_: ok fills=448 (52.6s)
[1537/2367] BANK2_OM-B_netting__T_cross_-both_d_input_-adjust_rsi_ex-cross_rsi_sm-wilder_same_b-allowe_warmup-strict: ok fills=438 (59.3s)
[1538/2367] BANK2_OM-B_netting__T_cross_-both_d_input_-adjust_rsi_ex-cross_rsi_sm-wilder_same_b-allowe_warmup-ready_: ok fills=418 (59.6s)
[1539/2367] BANK2_OM-B_netting__T_cross_-both_d_input_-adjust_rsi_ex-cross_rsi_sm-wilder_same_b-wait_b_warmup-strict: ok fills=438 (58.2s)
[1540/2367] BANK2_OM-B_netting__T_cross_-both_d_input_-adjust_rsi_ex-cross_rsi_sm-wilder_same_b-wait_b_warmup-ready_: ok fills=418 (58.0s)
[1541/2367] BANK2_OM-B_netting__T_cross_-both_d_input_-adjust_rsi_ex-cross_rsi_sm-simple_same_b-allowe_warmup-strict: ok fills=448 (60.1s)
[1542/2367] BANK2_OM-B_netting__T_cross_-both_d_input_-adjust_rsi_ex-cross_rsi_sm-simple_same_b-allowe_warmup-ready_: ok fills=426 (59.2s)
[1543/2367] BANK2_OM-B_netting__T_cross_-both_d_input_-adjust_rsi_ex-cross_rsi_sm-simple_same_b-wait_b_warmup-ready_: ok fills=426 (57.4s)
[1544/2367] BANK2_OM-B_netting__T_cross_-both_d_input_-adjust_rsi_ex-cross_rsi_sm-simple_same_b-wait_b_warmup-strict: ok fills=448 (59.3s)
[1545/2367] BANK2_OM-B_netting__T_cross_-both_d_input_-raw_rsi_ex-level_rsi_sm-wilder_same_b-allowe_warmup-strict: ok fills=463 (58.3s)
[1546/2367] BANK2_OM-B_netting__T_cross_-both_d_input_-raw_rsi_ex-level_rsi_sm-wilder_same_b-allowe_warmup-ready_: ok fills=443 (56.3s)
[1547/2367] BANK2_OM-B_netting__T_cross_-both_d_input_-raw_rsi_ex-level_rsi_sm-wilder_same_b-wait_b_warmup-strict: ok fills=463 (57.5s)
[1548/2367] BANK2_OM-B_netting__T_cross_-both_d_input_-raw_rsi_ex-level_rsi_sm-wilder_same_b-wait_b_warmup-ready_: ok fills=443 (57.1s)
[1549/2367] BANK2_OM-B_netting__T_cross_-both_d_input_-raw_rsi_ex-level_rsi_sm-simple_same_b-allowe_warmup-strict: ok fills=492 (56.0s)
[1550/2367] BANK2_OM-B_netting__T_cross_-both_d_input_-raw_rsi_ex-level_rsi_sm-simple_same_b-allowe_warmup-ready_: ok fills=467 (56.3s)
[1551/2367] BANK2_OM-B_netting__T_cross_-both_d_input_-raw_rsi_ex-level_rsi_sm-simple_same_b-wait_b_warmup-ready_: ok fills=467 (53.3s)
[1552/2367] BANK2_OM-B_netting__T_cross_-both_d_input_-raw_rsi_ex-level_rsi_sm-simple_same_b-wait_b_warmup-strict: ok fills=492 (57.0s)
[1553/2367] BANK2_OM-B_netting__T_cross_-both_d_input_-raw_rsi_ex-cross_rsi_sm-wilder_same_b-allowe_warmup-strict: ok fills=455 (56.3s)
[1554/2367] BANK2_OM-B_netting__T_cross_-both_d_input_-raw_rsi_ex-cross_rsi_sm-wilder_same_b-allowe_warmup-ready_: ok fills=435 (55.9s)
[1555/2367] BANK2_OM-B_netting__T_cross_-both_d_input_-raw_rsi_ex-cross_rsi_sm-wilder_same_b-wait_b_warmup-strict: ok fills=455 (56.1s)
[1556/2367] BANK2_OM-B_netting__T_cross_-both_d_input_-raw_rsi_ex-cross_rsi_sm-wilder_same_b-wait_b_warmup-ready_: ok fills=435 (60.5s)
[1557/2367] BANK2_OM-B_netting__T_cross_-both_d_input_-raw_rsi_ex-cross_rsi_sm-simple_same_b-allowe_warmup-ready_: ok fills=446 (58.7s)
[1558/2367] BANK2_OM-B_netting__T_cross_-both_d_input_-raw_rsi_ex-cross_rsi_sm-simple_same_b-allowe_warmup-strict: ok fills=468 (59.5s)
[1559/2367] BANK2_OM-B_netting__T_cross_-both_d_input_-raw_rsi_ex-cross_rsi_sm-simple_same_b-wait_b_warmup-strict: ok fills=468 (59.2s)
[1560/2367] BANK2_OM-B_netting__T_cross_-both_d_input_-raw_rsi_ex-cross_rsi_sm-simple_same_b-wait_b_warmup-ready_: ok fills=446 (58.6s)
[1561/2367] BANK2_OM-B_netting__T_cross_-today__input_-adjust_rsi_ex-level_rsi_sm-wilder_same_b-allowe_warmup-strict: ok fills=446 (56.4s)
[1562/2367] BANK2_OM-B_netting__T_cross_-today__input_-adjust_rsi_ex-level_rsi_sm-wilder_same_b-allowe_warmup-ready_: ok fills=426 (57.4s)
[1563/2367] BANK2_OM-B_netting__T_cross_-today__input_-adjust_rsi_ex-level_rsi_sm-wilder_same_b-wait_b_warmup-strict: ok fills=446 (55.7s)
[1564/2367] BANK2_OM-B_netting__T_cross_-today__input_-adjust_rsi_ex-level_rsi_sm-simple_same_b-allowe_warmup-strict: ok fills=471 (57.4s)
[1565/2367] BANK2_OM-B_netting__T_cross_-today__input_-adjust_rsi_ex-level_rsi_sm-simple_same_b-allowe_warmup-ready_: ok fills=446 (58.5s)
[1566/2367] BANK2_OM-B_netting__T_cross_-today__input_-adjust_rsi_ex-level_rsi_sm-wilder_same_b-wait_b_warmup-ready_: ok fills=426 (59.9s)
[1567/2367] BANK2_OM-B_netting__T_cross_-today__input_-adjust_rsi_ex-level_rsi_sm-simple_same_b-wait_b_warmup-strict: ok fills=471 (60.0s)
[1568/2367] BANK2_OM-B_netting__T_cross_-today__input_-adjust_rsi_ex-level_rsi_sm-simple_same_b-wait_b_warmup-ready_: ok fills=446 (59.5s)
[1569/2367] BANK2_OM-B_netting__T_cross_-today__input_-adjust_rsi_ex-cross_rsi_sm-wilder_same_b-allowe_warmup-strict: ok fills=436 (58.9s)
[1570/2367] BANK2_OM-B_netting__T_cross_-today__input_-adjust_rsi_ex-cross_rsi_sm-wilder_same_b-allowe_warmup-ready_: ok fills=416 (59.3s)
[1571/2367] BANK2_OM-B_netting__T_cross_-today__input_-adjust_rsi_ex-cross_rsi_sm-wilder_same_b-wait_b_warmup-strict: ok fills=436 (54.8s)
[1572/2367] BANK2_OM-B_netting__T_cross_-today__input_-adjust_rsi_ex-cross_rsi_sm-wilder_same_b-wait_b_warmup-ready_: ok fills=416 (52.1s)
[1573/2367] BANK2_OM-B_netting__T_cross_-today__input_-adjust_rsi_ex-cross_rsi_sm-simple_same_b-allowe_warmup-strict: ok fills=446 (52.4s)
[1574/2367] BANK2_OM-B_netting__T_cross_-today__input_-adjust_rsi_ex-cross_rsi_sm-simple_same_b-allowe_warmup-ready_: ok fills=424 (54.9s)
[1575/2367] BANK2_OM-B_netting__T_cross_-today__input_-adjust_rsi_ex-cross_rsi_sm-simple_same_b-wait_b_warmup-strict: ok fills=446 (57.7s)
[1576/2367] BANK2_OM-B_netting__T_cross_-today__input_-adjust_rsi_ex-cross_rsi_sm-simple_same_b-wait_b_warmup-ready_: ok fills=424 (58.1s)
[1577/2367] BANK2_OM-B_netting__T_cross_-today__input_-raw_rsi_ex-level_rsi_sm-wilder_same_b-allowe_warmup-strict: ok fills=452 (59.6s)
[1578/2367] BANK2_OM-B_netting__T_cross_-today__input_-raw_rsi_ex-level_rsi_sm-wilder_same_b-allowe_warmup-ready_: ok fills=431 (64.0s)
[1579/2367] BANK2_OM-B_netting__T_cross_-today__input_-raw_rsi_ex-level_rsi_sm-wilder_same_b-wait_b_warmup-strict: ok fills=452 (60.1s)
[1580/2367] BANK2_OM-B_netting__T_cross_-today__input_-raw_rsi_ex-level_rsi_sm-simple_same_b-allowe_warmup-strict: ok fills=492 (57.9s)
[1581/2367] BANK2_OM-B_netting__T_cross_-today__input_-raw_rsi_ex-level_rsi_sm-wilder_same_b-wait_b_warmup-ready_: ok fills=431 (60.0s)
[1582/2367] BANK2_OM-B_netting__T_cross_-today__input_-raw_rsi_ex-level_rsi_sm-simple_same_b-allowe_warmup-ready_: ok fills=467 (56.8s)
[1583/2367] BANK2_OM-B_netting__T_cross_-today__input_-raw_rsi_ex-level_rsi_sm-simple_same_b-wait_b_warmup-strict: ok fills=492 (56.0s)
[1584/2367] BANK2_OM-B_netting__T_cross_-today__input_-raw_rsi_ex-level_rsi_sm-simple_same_b-wait_b_warmup-ready_: ok fills=467 (56.4s)
[1585/2367] BANK2_OM-B_netting__T_cross_-today__input_-raw_rsi_ex-cross_rsi_sm-wilder_same_b-allowe_warmup-strict: ok fills=444 (57.6s)
[1586/2367] BANK2_OM-B_netting__T_cross_-today__input_-raw_rsi_ex-cross_rsi_sm-wilder_same_b-allowe_warmup-ready_: ok fills=423 (60.0s)
[1587/2367] BANK2_OM-B_netting__T_cross_-today__input_-raw_rsi_ex-cross_rsi_sm-wilder_same_b-wait_b_warmup-strict: ok fills=444 (59.5s)
[1588/2367] BANK2_OM-B_netting__T_cross_-today__input_-raw_rsi_ex-cross_rsi_sm-wilder_same_b-wait_b_warmup-ready_: ok fills=423 (56.8s)
[1589/2367] BANK2_OM-B_netting__T_cross_-today__input_-raw_rsi_ex-cross_rsi_sm-simple_same_b-allowe_warmup-strict: ok fills=468 (57.7s)
[1590/2367] BANK2_OM-B_netting__T_cross_-today__input_-raw_rsi_ex-cross_rsi_sm-simple_same_b-allowe_warmup-ready_: ok fills=446 (57.3s)
[1591/2367] BANK2_OM-B_netting__T_cross_-today__input_-raw_rsi_ex-cross_rsi_sm-simple_same_b-wait_b_warmup-strict: ok fills=468 (55.6s)
[1592/2367] BANK2_OM-B_netting__T_cross_-today__input_-raw_rsi_ex-cross_rsi_sm-simple_same_b-wait_b_warmup-ready_: ok fills=446 (53.7s)
[1593/2367] BANK2_OM-B_netting__OAT_a_exec-set_holdings: ok fills=448 (52.3s)
[1594/2367] BANK2_OM-B_netting__SPOT_all_excluded_off: ok fills=448 (51.4s)
[1595/2367] BANK2_OM-B_buys_first__ref: ok fills=266 (53.2s)
[1596/2367] BANK2_OM-B_buys_first__T_cross_-both_d_input_-adjust_rsi_ex-level_rsi_sm-wilder_same_b-allowe_warmup-ready_: ok fills=262 (55.6s)
[1597/2367] BANK2_OM-B_buys_first__T_cross_-both_d_input_-adjust_rsi_ex-level_rsi_sm-wilder_same_b-wait_b_warmup-strict: ok fills=266 (56.2s)
[1598/2367] BANK2_OM-B_buys_first__T_cross_-both_d_input_-adjust_rsi_ex-level_rsi_sm-wilder_same_b-wait_b_warmup-ready_: ok fills=262 (57.1s)
[1599/2367] BANK2_OM-B_buys_first__T_cross_-both_d_input_-adjust_rsi_ex-level_rsi_sm-simple_same_b-allowe_warmup-ready_: ok fills=296 (56.9s)
[1600/2367] BANK2_OM-B_buys_first__T_cross_-both_d_input_-adjust_rsi_ex-level_rsi_sm-simple_same_b-allowe_warmup-strict: ok fills=306 (58.9s)
[1601/2367] BANK2_OM-B_buys_first__T_cross_-both_d_input_-adjust_rsi_ex-level_rsi_sm-simple_same_b-wait_b_warmup-strict: ok fills=306 (52.8s)
[1602/2367] BANK2_OM-B_buys_first__T_cross_-both_d_input_-adjust_rsi_ex-level_rsi_sm-simple_same_b-wait_b_warmup-ready_: ok fills=296 (53.1s)
[1603/2367] BANK2_OM-B_buys_first__T_cross_-both_d_input_-adjust_rsi_ex-cross_rsi_sm-simple_same_b-wait_b_warmup-strict: exit=1 fills=None (8.2s)
[1604/2367] BANK2_OM-B_buys_first__T_cross_-both_d_input_-adjust_rsi_ex-cross_rsi_sm-wilder_same_b-allowe_warmup-strict: ok fills=250 (51.7s)
[1605/2367] BANK2_OM-B_buys_first__T_cross_-both_d_input_-adjust_rsi_ex-cross_rsi_sm-wilder_same_b-allowe_warmup-ready_: ok fills=246 (51.2s)
[1606/2367] BANK2_OM-B_buys_first__T_cross_-both_d_input_-adjust_rsi_ex-cross_rsi_sm-wilder_same_b-wait_b_warmup-strict: ok fills=250 (55.0s)
[1607/2367] BANK2_OM-B_buys_first__T_cross_-both_d_input_-adjust_rsi_ex-cross_rsi_sm-wilder_same_b-wait_b_warmup-ready_: ok fills=246 (53.2s)
[1608/2367] BANK2_OM-B_buys_first__T_cross_-both_d_input_-adjust_rsi_ex-cross_rsi_sm-simple_same_b-allowe_warmup-strict: ok fills=270 (55.6s)
[1609/2367] BANK2_OM-B_buys_first__T_cross_-both_d_input_-adjust_rsi_ex-cross_rsi_sm-simple_same_b-allowe_warmup-ready_: ok fills=262 (56.2s)
[1610/2367] BANK2_OM-B_buys_first__T_cross_-both_d_input_-adjust_rsi_ex-cross_rsi_sm-simple_same_b-wait_b_warmup-ready_: ok fills=262 (56.3s)
[1611/2367] BANK2_OM-B_buys_first__T_cross_-both_d_input_-raw_rsi_ex-level_rsi_sm-wilder_same_b-allowe_warmup-strict: ok fills=278 (56.8s)
[1612/2367] BANK2_OM-B_buys_first__T_cross_-both_d_input_-raw_rsi_ex-level_rsi_sm-wilder_same_b-allowe_warmup-ready_: ok fills=274 (54.5s)
[1613/2367] BANK2_OM-B_buys_first__T_cross_-both_d_input_-raw_rsi_ex-level_rsi_sm-wilder_same_b-wait_b_warmup-strict: ok fills=278 (55.4s)
[1614/2367] BANK2_OM-B_buys_first__T_cross_-both_d_input_-raw_rsi_ex-level_rsi_sm-simple_same_b-allowe_warmup-strict: ok fills=324 (56.6s)
[1615/2367] BANK2_OM-B_buys_first__T_cross_-both_d_input_-raw_rsi_ex-level_rsi_sm-wilder_same_b-wait_b_warmup-ready_: ok fills=274 (58.0s)
[1616/2367] BANK2_OM-B_buys_first__T_cross_-both_d_input_-raw_rsi_ex-level_rsi_sm-simple_same_b-allowe_warmup-ready_: ok fills=314 (60.2s)
[1617/2367] BANK2_OM-B_buys_first__T_cross_-both_d_input_-raw_rsi_ex-level_rsi_sm-simple_same_b-wait_b_warmup-strict: ok fills=324 (59.8s)
[1618/2367] BANK2_OM-B_buys_first__T_cross_-both_d_input_-raw_rsi_ex-level_rsi_sm-simple_same_b-wait_b_warmup-ready_: ok fills=314 (60.5s)
[1619/2367] BANK2_OM-B_buys_first__T_cross_-both_d_input_-raw_rsi_ex-cross_rsi_sm-wilder_same_b-allowe_warmup-strict: ok fills=264 (61.1s)
[1620/2367] BANK2_OM-B_buys_first__T_cross_-both_d_input_-raw_rsi_ex-cross_rsi_sm-wilder_same_b-allowe_warmup-ready_: ok fills=260 (62.5s)
[1621/2367] BANK2_OM-B_buys_first__T_cross_-both_d_input_-raw_rsi_ex-cross_rsi_sm-wilder_same_b-wait_b_warmup-strict: ok fills=264 (54.6s)
[1622/2367] BANK2_OM-B_buys_first__T_cross_-today__input_-adjust_rsi_ex-level_rsi_sm-wilder_same_b-allowe_warmup-strict: exit=1 fills=None (10.4s)
[1623/2367] BANK2_OM-B_buys_first__T_cross_-both_d_input_-raw_rsi_ex-cross_rsi_sm-simple_same_b-allowe_warmup-strict: ok fills=290 (55.5s)
[1624/2367] BANK2_OM-B_buys_first__T_cross_-both_d_input_-raw_rsi_ex-cross_rsi_sm-wilder_same_b-wait_b_warmup-ready_: ok fills=260 (58.6s)
[1625/2367] BANK2_OM-B_buys_first__T_cross_-both_d_input_-raw_rsi_ex-cross_rsi_sm-simple_same_b-allowe_warmup-ready_: ok fills=282 (58.6s)
[1626/2367] BANK2_OM-B_buys_first__T_cross_-both_d_input_-raw_rsi_ex-cross_rsi_sm-simple_same_b-wait_b_warmup-strict: ok fills=290 (58.6s)
[1627/2367] BANK2_OM-B_buys_first__T_cross_-both_d_input_-raw_rsi_ex-cross_rsi_sm-simple_same_b-wait_b_warmup-ready_: ok fills=282 (58.7s)
[1628/2367] BANK2_OM-B_buys_first__T_cross_-today__input_-adjust_rsi_ex-level_rsi_sm-wilder_same_b-allowe_warmup-ready_: ok fills=258 (58.6s)
[1629/2367] BANK2_OM-B_buys_first__T_cross_-today__input_-adjust_rsi_ex-level_rsi_sm-wilder_same_b-wait_b_warmup-ready_: ok fills=258 (59.4s)
[1630/2367] BANK2_OM-B_buys_first__T_cross_-today__input_-adjust_rsi_ex-level_rsi_sm-wilder_same_b-wait_b_warmup-strict: ok fills=262 (60.0s)
[1631/2367] BANK2_OM-B_buys_first__T_cross_-today__input_-adjust_rsi_ex-level_rsi_sm-simple_same_b-allowe_warmup-strict: ok fills=302 (56.3s)
[1632/2367] BANK2_OM-B_buys_first__T_cross_-today__input_-adjust_rsi_ex-level_rsi_sm-simple_same_b-allowe_warmup-ready_: ok fills=292 (57.3s)
[1633/2367] BANK2_OM-B_buys_first__T_cross_-today__input_-adjust_rsi_ex-level_rsi_sm-simple_same_b-wait_b_warmup-strict: ok fills=302 (58.4s)
[1634/2367] BANK2_OM-B_buys_first__T_cross_-today__input_-adjust_rsi_ex-level_rsi_sm-simple_same_b-wait_b_warmup-ready_: ok fills=292 (61.0s)
[1635/2367] BANK2_OM-B_buys_first__T_cross_-today__input_-adjust_rsi_ex-cross_rsi_sm-wilder_same_b-allowe_warmup-strict: ok fills=246 (63.2s)
[1636/2367] BANK2_OM-B_buys_first__T_cross_-today__input_-adjust_rsi_ex-cross_rsi_sm-wilder_same_b-allowe_warmup-ready_: ok fills=242 (58.9s)
[1637/2367] BANK2_OM-B_buys_first__T_cross_-today__input_-adjust_rsi_ex-cross_rsi_sm-wilder_same_b-wait_b_warmup-strict: ok fills=246 (60.3s)
[1638/2367] BANK2_OM-B_buys_first__T_cross_-today__input_-adjust_rsi_ex-cross_rsi_sm-wilder_same_b-wait_b_warmup-ready_: ok fills=242 (61.1s)
[1639/2367] BANK2_OM-B_buys_first__T_cross_-today__input_-adjust_rsi_ex-cross_rsi_sm-simple_same_b-allowe_warmup-strict: ok fills=266 (61.1s)
[1640/2367] BANK2_OM-B_buys_first__T_cross_-today__input_-adjust_rsi_ex-cross_rsi_sm-simple_same_b-allowe_warmup-ready_: ok fills=258 (59.6s)
[1641/2367] BANK2_OM-B_buys_first__T_cross_-today__input_-raw_rsi_ex-level_rsi_sm-wilder_same_b-wait_b_warmup-ready_: exit=1 fills=None (8.0s)
[1642/2367] BANK2_OM-B_buys_first__T_cross_-today__input_-adjust_rsi_ex-cross_rsi_sm-simple_same_b-wait_b_warmup-strict: ok fills=266 (52.6s)
[1643/2367] BANK2_OM-B_buys_first__T_cross_-today__input_-adjust_rsi_ex-cross_rsi_sm-simple_same_b-wait_b_warmup-ready_: ok fills=258 (52.7s)
[1644/2367] BANK2_OM-B_buys_first__T_cross_-today__input_-raw_rsi_ex-level_rsi_sm-wilder_same_b-allowe_warmup-strict: ok fills=276 (54.1s)
[1645/2367] BANK2_OM-B_buys_first__T_cross_-today__input_-raw_rsi_ex-level_rsi_sm-wilder_same_b-allowe_warmup-ready_: ok fills=272 (54.8s)
[1646/2367] BANK2_OM-B_buys_first__T_cross_-today__input_-raw_rsi_ex-level_rsi_sm-wilder_same_b-wait_b_warmup-strict: ok fills=276 (56.8s)
[1647/2367] BANK2_OM-B_buys_first__T_cross_-today__input_-raw_rsi_ex-level_rsi_sm-simple_same_b-allowe_warmup-strict: ok fills=322 (61.5s)
[1648/2367] BANK2_OM-B_buys_first__T_cross_-today__input_-raw_rsi_ex-level_rsi_sm-simple_same_b-allowe_warmup-ready_: ok fills=312 (60.2s)
[1649/2367] BANK2_OM-B_buys_first__T_cross_-today__input_-raw_rsi_ex-level_rsi_sm-simple_same_b-wait_b_warmup-strict: ok fills=322 (60.8s)
[1650/2367] BANK2_OM-B_buys_first__T_cross_-today__input_-raw_rsi_ex-level_rsi_sm-simple_same_b-wait_b_warmup-ready_: ok fills=312 (63.1s)
[1651/2367] BANK2_OM-B_buys_first__T_cross_-today__input_-raw_rsi_ex-cross_rsi_sm-wilder_same_b-allowe_warmup-strict: ok fills=262 (60.7s)
[1652/2367] BANK2_OM-B_buys_first__T_cross_-today__input_-raw_rsi_ex-cross_rsi_sm-wilder_same_b-allowe_warmup-ready_: ok fills=258 (57.6s)
[1653/2367] BANK2_OM-B_buys_first__T_cross_-today__input_-raw_rsi_ex-cross_rsi_sm-wilder_same_b-wait_b_warmup-strict: ok fills=262 (59.3s)
[1654/2367] BANK2_OM-B_buys_first__T_cross_-today__input_-raw_rsi_ex-cross_rsi_sm-wilder_same_b-wait_b_warmup-ready_: ok fills=258 (55.4s)
[1655/2367] BANK2_OM-B_buys_first__T_cross_-today__input_-raw_rsi_ex-cross_rsi_sm-simple_same_b-allowe_warmup-ready_: ok fills=280 (57.0s)
[1656/2367] BANK2_OM-B_buys_first__T_cross_-today__input_-raw_rsi_ex-cross_rsi_sm-simple_same_b-allowe_warmup-strict: ok fills=288 (60.2s)
[1657/2367] BANK2_OM-B_buys_first__T_cross_-today__input_-raw_rsi_ex-cross_rsi_sm-simple_same_b-wait_b_warmup-strict: ok fills=288 (60.9s)
[1658/2367] BANK2_OM-B_buys_first__T_cross_-today__input_-raw_rsi_ex-cross_rsi_sm-simple_same_b-wait_b_warmup-ready_: ok fills=280 (60.0s)
[1659/2367] BANK2_OM-B_buys_first__OAT_a_exec-set_holdings: ok fills=266 (59.9s)
[1660/2367] BANK2_OM-B_buys_first__SPOT_all_excluded_off: ok fills=266 (59.6s)
[1661/2367] BANK2_OM-C_parallel__ref: ok fills=270 (57.7s)
[1662/2367] BANK2_OM-C_parallel__T_cross_-both_d_input_-adjust_rsi_ex-level_rsi_sm-wilder_same_b-allowe_warmup-ready_: ok fills=266 (54.6s)
[1663/2367] BANK2_OM-C_parallel__T_cross_-both_d_input_-adjust_rsi_ex-level_rsi_sm-wilder_same_b-wait_b_warmup-strict: ok fills=266 (56.1s)
[1664/2367] BANK2_OM-C_parallel__T_cross_-both_d_input_-adjust_rsi_ex-level_rsi_sm-wilder_same_b-wait_b_warmup-ready_: ok fills=262 (56.2s)
[1665/2367] BANK2_OM-C_parallel__T_cross_-both_d_input_-adjust_rsi_ex-level_rsi_sm-simple_same_b-allowe_warmup-strict: ok fills=320 (58.7s)
[1666/2367] BANK2_OM-C_parallel__T_cross_-both_d_input_-adjust_rsi_ex-level_rsi_sm-simple_same_b-allowe_warmup-ready_: ok fills=306 (58.9s)
[1667/2367] BANK2_OM-C_parallel__T_cross_-both_d_input_-adjust_rsi_ex-level_rsi_sm-simple_same_b-wait_b_warmup-strict: ok fills=306 (61.4s)
[1668/2367] BANK2_OM-C_parallel__T_cross_-both_d_input_-adjust_rsi_ex-cross_rsi_sm-wilder_same_b-allowe_warmup-strict: ok fills=250 (58.9s)
[1669/2367] BANK2_OM-C_parallel__T_cross_-both_d_input_-adjust_rsi_ex-level_rsi_sm-simple_same_b-wait_b_warmup-ready_: ok fills=296 (62.9s)
[1670/2367] BANK2_OM-C_parallel__T_cross_-both_d_input_-adjust_rsi_ex-cross_rsi_sm-wilder_same_b-allowe_warmup-ready_: ok fills=246 (62.1s)
[1671/2367] BANK2_OM-C_parallel__T_cross_-both_d_input_-adjust_rsi_ex-cross_rsi_sm-wilder_same_b-wait_b_warmup-strict: ok fills=250 (62.0s)
[1672/2367] BANK2_OM-C_parallel__T_cross_-both_d_input_-adjust_rsi_ex-cross_rsi_sm-wilder_same_b-wait_b_warmup-ready_: ok fills=246 (61.8s)
[1673/2367] BANK2_OM-C_parallel__T_cross_-both_d_input_-adjust_rsi_ex-cross_rsi_sm-simple_same_b-allowe_warmup-strict: ok fills=270 (63.3s)
[1674/2367] BANK2_OM-C_parallel__T_cross_-both_d_input_-adjust_rsi_ex-cross_rsi_sm-simple_same_b-allowe_warmup-ready_: ok fills=262 (63.9s)
[1675/2367] BANK2_OM-C_parallel__T_cross_-both_d_input_-adjust_rsi_ex-cross_rsi_sm-simple_same_b-wait_b_warmup-strict: ok fills=270 (65.8s)
[1676/2367] BANK2_OM-C_parallel__T_cross_-both_d_input_-adjust_rsi_ex-cross_rsi_sm-simple_same_b-wait_b_warmup-ready_: ok fills=262 (65.5s)
[1677/2367] BANK2_OM-C_parallel__T_cross_-both_d_input_-raw_rsi_ex-level_rsi_sm-wilder_same_b-allowe_warmup-strict: ok fills=280 (67.1s)
[1678/2367] BANK2_OM-C_parallel__T_cross_-both_d_input_-raw_rsi_ex-level_rsi_sm-wilder_same_b-allowe_warmup-ready_: ok fills=276 (65.4s)
[1679/2367] BANK2_OM-C_parallel__T_cross_-both_d_input_-raw_rsi_ex-level_rsi_sm-wilder_same_b-wait_b_warmup-strict: ok fills=278 (61.4s)
[1680/2367] BANK2_OM-C_parallel__T_cross_-both_d_input_-raw_rsi_ex-level_rsi_sm-wilder_same_b-wait_b_warmup-ready_: ok fills=274 (62.5s)
[1681/2367] BANK2_OM-C_parallel__T_cross_-both_d_input_-raw_rsi_ex-level_rsi_sm-simple_same_b-allowe_warmup-strict: ok fills=338 (59.8s)
[1682/2367] BANK2_OM-C_parallel__T_cross_-both_d_input_-raw_rsi_ex-level_rsi_sm-simple_same_b-allowe_warmup-ready_: ok fills=324 (58.7s)
[1683/2367] BANK2_OM-C_parallel__T_cross_-both_d_input_-raw_rsi_ex-level_rsi_sm-simple_same_b-wait_b_warmup-strict: ok fills=324 (56.0s)
[1684/2367] BANK2_OM-C_parallel__T_cross_-both_d_input_-raw_rsi_ex-level_rsi_sm-simple_same_b-wait_b_warmup-ready_: ok fills=314 (57.1s)
[1685/2367] BANK2_OM-C_parallel__T_cross_-both_d_input_-raw_rsi_ex-cross_rsi_sm-wilder_same_b-allowe_warmup-strict: ok fills=264 (54.2s)
[1686/2367] BANK2_OM-C_parallel__T_cross_-both_d_input_-raw_rsi_ex-cross_rsi_sm-wilder_same_b-allowe_warmup-ready_: ok fills=260 (54.6s)
[1687/2367] BANK2_OM-C_parallel__T_cross_-both_d_input_-raw_rsi_ex-cross_rsi_sm-wilder_same_b-wait_b_warmup-strict: ok fills=264 (54.2s)
[1688/2367] BANK2_OM-C_parallel__T_cross_-both_d_input_-raw_rsi_ex-cross_rsi_sm-wilder_same_b-wait_b_warmup-ready_: ok fills=260 (55.0s)
[1689/2367] BANK2_OM-C_parallel__T_cross_-both_d_input_-raw_rsi_ex-cross_rsi_sm-simple_same_b-allowe_warmup-strict: ok fills=290 (55.6s)
[1690/2367] BANK2_OM-C_parallel__T_cross_-both_d_input_-raw_rsi_ex-cross_rsi_sm-simple_same_b-allowe_warmup-ready_: ok fills=282 (57.5s)
[1691/2367] BANK2_OM-C_parallel__T_cross_-both_d_input_-raw_rsi_ex-cross_rsi_sm-simple_same_b-wait_b_warmup-strict: ok fills=290 (56.8s)
[1692/2367] BANK2_OM-C_parallel__T_cross_-both_d_input_-raw_rsi_ex-cross_rsi_sm-simple_same_b-wait_b_warmup-ready_: ok fills=282 (58.8s)
[1693/2367] BANK2_OM-C_parallel__T_cross_-today__input_-adjust_rsi_ex-level_rsi_sm-wilder_same_b-allowe_warmup-strict: ok fills=266 (58.5s)
[1694/2367] BANK2_OM-C_parallel__T_cross_-today__input_-adjust_rsi_ex-level_rsi_sm-wilder_same_b-allowe_warmup-ready_: ok fills=262 (60.2s)
[1695/2367] BANK2_OM-C_parallel__T_cross_-today__input_-adjust_rsi_ex-level_rsi_sm-wilder_same_b-wait_b_warmup-strict: ok fills=262 (58.5s)
[1696/2367] BANK2_OM-C_parallel__T_cross_-today__input_-adjust_rsi_ex-level_rsi_sm-wilder_same_b-wait_b_warmup-ready_: ok fills=258 (58.5s)
[1697/2367] BANK2_OM-C_parallel__T_cross_-today__input_-adjust_rsi_ex-level_rsi_sm-simple_same_b-allowe_warmup-strict: ok fills=316 (56.1s)
[1698/2367] BANK2_OM-C_parallel__T_cross_-today__input_-adjust_rsi_ex-level_rsi_sm-simple_same_b-allowe_warmup-ready_: ok fills=302 (56.9s)
[1699/2367] BANK2_OM-C_parallel__T_cross_-today__input_-adjust_rsi_ex-level_rsi_sm-simple_same_b-wait_b_warmup-strict: ok fills=302 (61.6s)
[1700/2367] BANK2_OM-C_parallel__T_cross_-today__input_-adjust_rsi_ex-level_rsi_sm-simple_same_b-wait_b_warmup-ready_: ok fills=292 (56.0s)
[1701/2367] BANK2_OM-C_parallel__T_cross_-today__input_-adjust_rsi_ex-cross_rsi_sm-wilder_same_b-allowe_warmup-strict: ok fills=246 (56.2s)
[1702/2367] BANK2_OM-C_parallel__T_cross_-today__input_-adjust_rsi_ex-cross_rsi_sm-wilder_same_b-allowe_warmup-ready_: ok fills=242 (55.6s)
[1703/2367] BANK2_OM-C_parallel__T_cross_-today__input_-adjust_rsi_ex-cross_rsi_sm-wilder_same_b-wait_b_warmup-ready_: ok fills=242 (52.6s)
[1704/2367] BANK2_OM-C_parallel__T_cross_-today__input_-adjust_rsi_ex-cross_rsi_sm-wilder_same_b-wait_b_warmup-strict: ok fills=246 (58.1s)
[1705/2367] BANK2_OM-C_parallel__T_cross_-today__input_-adjust_rsi_ex-cross_rsi_sm-simple_same_b-allowe_warmup-strict: ok fills=266 (56.2s)
[1706/2367] BANK2_OM-C_parallel__T_cross_-today__input_-adjust_rsi_ex-cross_rsi_sm-simple_same_b-allowe_warmup-ready_: ok fills=258 (54.3s)
[1707/2367] BANK2_OM-C_parallel__T_cross_-today__input_-adjust_rsi_ex-cross_rsi_sm-simple_same_b-wait_b_warmup-strict: ok fills=266 (55.4s)
[1708/2367] BANK2_OM-C_parallel__T_cross_-today__input_-adjust_rsi_ex-cross_rsi_sm-simple_same_b-wait_b_warmup-ready_: ok fills=258 (57.3s)
[1709/2367] BANK2_OM-C_parallel__T_cross_-today__input_-raw_rsi_ex-level_rsi_sm-wilder_same_b-allowe_warmup-strict: ok fills=278 (58.0s)
[1710/2367] BANK2_OM-C_parallel__T_cross_-today__input_-raw_rsi_ex-level_rsi_sm-wilder_same_b-allowe_warmup-ready_: ok fills=274 (55.6s)
[1711/2367] BANK2_OM-C_parallel__T_cross_-today__input_-raw_rsi_ex-level_rsi_sm-wilder_same_b-wait_b_warmup-ready_: ok fills=272 (51.2s)
[1712/2367] BANK2_OM-C_parallel__T_cross_-today__input_-raw_rsi_ex-cross_rsi_sm-wilder_same_b-allowe_warmup-ready_: exit=1 fills=None (7.5s)
[1713/2367] BANK2_OM-C_parallel__T_cross_-today__input_-raw_rsi_ex-level_rsi_sm-wilder_same_b-wait_b_warmup-strict: ok fills=276 (55.3s)
[1714/2367] BANK2_OM-C_parallel__T_cross_-today__input_-raw_rsi_ex-level_rsi_sm-simple_same_b-allowe_warmup-strict: ok fills=336 (53.2s)
[1715/2367] BANK2_OM-C_parallel__T_cross_-today__input_-raw_rsi_ex-level_rsi_sm-simple_same_b-allowe_warmup-ready_: ok fills=322 (51.4s)
[1716/2367] BANK2_OM-C_parallel__T_cross_-today__input_-raw_rsi_ex-level_rsi_sm-simple_same_b-wait_b_warmup-strict: ok fills=322 (53.3s)
[1717/2367] BANK2_OM-C_parallel__T_cross_-today__input_-raw_rsi_ex-level_rsi_sm-simple_same_b-wait_b_warmup-ready_: ok fills=312 (54.2s)
[1718/2367] BANK2_OM-C_parallel__T_cross_-today__input_-raw_rsi_ex-cross_rsi_sm-wilder_same_b-allowe_warmup-strict: ok fills=262 (52.7s)
[1719/2367] BANK2_OM-C_parallel__T_cross_-today__input_-raw_rsi_ex-cross_rsi_sm-wilder_same_b-wait_b_warmup-ready_: ok fills=258 (59.1s)
[1720/2367] BANK2_OM-C_parallel__T_cross_-today__input_-raw_rsi_ex-cross_rsi_sm-wilder_same_b-wait_b_warmup-strict: ok fills=262 (59.9s)
[1721/2367] BANK2_OM-C_parallel__T_cross_-today__input_-raw_rsi_ex-cross_rsi_sm-simple_same_b-allowe_warmup-strict: ok fills=288 (57.6s)
[1722/2367] BANK2_OM-C_parallel__T_cross_-today__input_-raw_rsi_ex-cross_rsi_sm-simple_same_b-allowe_warmup-ready_: ok fills=280 (57.1s)
[1723/2367] BANK2_OM-C_parallel__T_cross_-today__input_-raw_rsi_ex-cross_rsi_sm-simple_same_b-wait_b_warmup-strict: ok fills=288 (56.6s)
[1724/2367] BANK2_OM-C_parallel__T_cross_-today__input_-raw_rsi_ex-cross_rsi_sm-simple_same_b-wait_b_warmup-ready_: ok fills=280 (56.1s)
[1725/2367] BANK2_OM-C_parallel__OAT_a_exec-set_holdings: ok fills=270 (54.5s)
[1726/2367] BANK2_OM-C_parallel__SPOT_all_excluded_off: ok fills=270 (53.8s)
[1727/2367] BANK2_OM-C_race__T_cross_-both_d_input_-adjust_rsi_ex-level_rsi_sm-wilder_same_b-wait_b_warmup-strict: ok fills=145 (52.5s)
[1728/2367] BANK2_OM-C_race__ref: ok fills=131 (56.0s)
[1729/2367] BANK2_OM-C_race__T_cross_-both_d_input_-adjust_rsi_ex-level_rsi_sm-wilder_same_b-allowe_warmup-ready_: ok fills=127 (55.6s)
[1730/2367] BANK2_OM-C_race__T_cross_-both_d_input_-adjust_rsi_ex-level_rsi_sm-wilder_same_b-wait_b_warmup-ready_: ok fills=141 (54.5s)
[1731/2367] BANK2_OM-C_race__T_cross_-both_d_input_-adjust_rsi_ex-level_rsi_sm-simple_same_b-allowe_warmup-strict: ok fills=179 (56.8s)
[1732/2367] BANK2_OM-C_race__T_cross_-both_d_input_-adjust_rsi_ex-level_rsi_sm-simple_same_b-allowe_warmup-ready_: ok fills=169 (59.0s)
[1733/2367] BANK2_OM-C_race__T_cross_-both_d_input_-adjust_rsi_ex-level_rsi_sm-simple_same_b-wait_b_warmup-strict: ok fills=191 (54.1s)
[1734/2367] BANK2_OM-C_race__T_cross_-both_d_input_-adjust_rsi_ex-level_rsi_sm-simple_same_b-wait_b_warmup-ready_: ok fills=181 (54.8s)
[1735/2367] BANK2_OM-C_race__T_cross_-both_d_input_-adjust_rsi_ex-cross_rsi_sm-wilder_same_b-allowe_warmup-strict: ok fills=135 (56.9s)
[1736/2367] BANK2_OM-C_race__T_cross_-both_d_input_-adjust_rsi_ex-cross_rsi_sm-wilder_same_b-allowe_warmup-ready_: ok fills=131 (55.4s)
[1737/2367] BANK2_OM-C_race__T_cross_-both_d_input_-adjust_rsi_ex-cross_rsi_sm-wilder_same_b-wait_b_warmup-strict: ok fills=135 (56.0s)
[1738/2367] BANK2_OM-C_race__T_cross_-both_d_input_-adjust_rsi_ex-cross_rsi_sm-wilder_same_b-wait_b_warmup-ready_: ok fills=131 (54.6s)
[1739/2367] BANK2_OM-C_race__T_cross_-both_d_input_-adjust_rsi_ex-cross_rsi_sm-simple_same_b-allowe_warmup-strict: ok fills=175 (55.6s)
[1740/2367] BANK2_OM-C_race__T_cross_-both_d_input_-adjust_rsi_ex-cross_rsi_sm-simple_same_b-allowe_warmup-ready_: ok fills=167 (54.1s)
[1741/2367] BANK2_OM-C_race__T_cross_-both_d_input_-adjust_rsi_ex-cross_rsi_sm-simple_same_b-wait_b_warmup-strict: ok fills=169 (54.7s)
[1742/2367] BANK2_OM-C_race__T_cross_-both_d_input_-adjust_rsi_ex-cross_rsi_sm-simple_same_b-wait_b_warmup-ready_: ok fills=161 (53.7s)
[1743/2367] BANK2_OM-C_race__T_cross_-both_d_input_-raw_rsi_ex-level_rsi_sm-simple_same_b-allowe_warmup-ready_: exit=1 fills=None (9.0s)
[1744/2367] BANK2_OM-C_race__T_cross_-both_d_input_-raw_rsi_ex-level_rsi_sm-wilder_same_b-allowe_warmup-strict: ok fills=155 (51.4s)
[1745/2367] BANK2_OM-C_race__T_cross_-both_d_input_-raw_rsi_ex-level_rsi_sm-wilder_same_b-allowe_warmup-ready_: ok fills=151 (52.8s)
[1746/2367] BANK2_OM-C_race__T_cross_-both_d_input_-raw_rsi_ex-level_rsi_sm-wilder_same_b-wait_b_warmup-ready_: ok fills=131 (51.5s)
[1747/2367] BANK2_OM-C_race__T_cross_-both_d_input_-raw_rsi_ex-level_rsi_sm-wilder_same_b-wait_b_warmup-strict: ok fills=135 (52.4s)
[1748/2367] BANK2_OM-C_race__T_cross_-both_d_input_-raw_rsi_ex-level_rsi_sm-simple_same_b-allowe_warmup-strict: ok fills=195 (54.1s)
[1749/2367] BANK2_OM-C_race__T_cross_-both_d_input_-raw_rsi_ex-level_rsi_sm-simple_same_b-wait_b_warmup-ready_: ok fills=167 (51.1s)
[1750/2367] BANK2_OM-C_race__T_cross_-both_d_input_-raw_rsi_ex-cross_rsi_sm-wilder_same_b-allowe_warmup-strict: ok fills=149 (52.1s)
[1751/2367] BANK2_OM-C_race__T_cross_-both_d_input_-raw_rsi_ex-level_rsi_sm-simple_same_b-wait_b_warmup-strict: ok fills=177 (53.0s)
[1752/2367] BANK2_OM-C_race__T_cross_-both_d_input_-raw_rsi_ex-cross_rsi_sm-wilder_same_b-allowe_warmup-ready_: ok fills=145 (50.5s)
[1753/2367] BANK2_OM-C_race__T_cross_-both_d_input_-raw_rsi_ex-cross_rsi_sm-wilder_same_b-wait_b_warmup-ready_: ok fills=125 (50.1s)
[1754/2367] BANK2_OM-C_race__T_cross_-both_d_input_-raw_rsi_ex-cross_rsi_sm-simple_same_b-allowe_warmup-strict: ok fills=181 (50.5s)
[1755/2367] BANK2_OM-C_race__T_cross_-both_d_input_-raw_rsi_ex-cross_rsi_sm-wilder_same_b-wait_b_warmup-strict: ok fills=129 (52.0s)
[1756/2367] BANK2_OM-C_race__T_cross_-both_d_input_-raw_rsi_ex-cross_rsi_sm-simple_same_b-allowe_warmup-ready_: ok fills=173 (53.1s)
[1757/2367] BANK2_OM-C_race__T_cross_-both_d_input_-raw_rsi_ex-cross_rsi_sm-simple_same_b-wait_b_warmup-strict: ok fills=159 (55.6s)
[1758/2367] BANK2_OM-C_race__T_cross_-both_d_input_-raw_rsi_ex-cross_rsi_sm-simple_same_b-wait_b_warmup-ready_: ok fills=151 (55.4s)
[1759/2367] BANK2_OM-C_race__T_cross_-today__input_-adjust_rsi_ex-level_rsi_sm-wilder_same_b-allowe_warmup-strict: ok fills=141 (56.0s)
[1760/2367] BANK2_OM-C_race__T_cross_-today__input_-adjust_rsi_ex-level_rsi_sm-wilder_same_b-wait_b_warmup-ready_: ok fills=153 (50.1s)
[1761/2367] BANK2_OM-C_race__T_cross_-today__input_-adjust_rsi_ex-level_rsi_sm-wilder_same_b-wait_b_warmup-strict: ok fills=157 (51.3s)
[1762/2367] BANK2_OM-C_race__T_cross_-today__input_-adjust_rsi_ex-level_rsi_sm-wilder_same_b-allowe_warmup-ready_: ok fills=137 (55.5s)
[1763/2367] BANK2_OM-C_race__T_cross_-today__input_-adjust_rsi_ex-level_rsi_sm-simple_same_b-allowe_warmup-strict: ok fills=191 (51.9s)
[1764/2367] BANK2_OM-C_race__T_cross_-today__input_-adjust_rsi_ex-level_rsi_sm-simple_same_b-allowe_warmup-ready_: ok fills=181 (48.3s)
[1765/2367] BANK2_OM-C_race__T_cross_-today__input_-adjust_rsi_ex-cross_rsi_sm-wilder_same_b-allowe_warmup-strict: ok fills=135 (46.7s)
[1766/2367] BANK2_OM-C_race__T_cross_-today__input_-adjust_rsi_ex-level_rsi_sm-simple_same_b-wait_b_warmup-strict: ok fills=205 (50.6s)
[1767/2367] BANK2_OM-C_race__T_cross_-today__input_-adjust_rsi_ex-level_rsi_sm-simple_same_b-wait_b_warmup-ready_: ok fills=195 (49.5s)
[1768/2367] BANK2_OM-C_race__T_cross_-today__input_-adjust_rsi_ex-cross_rsi_sm-wilder_same_b-allowe_warmup-ready_: ok fills=131 (54.6s)
[1769/2367] BANK2_OM-C_race__T_cross_-today__input_-adjust_rsi_ex-cross_rsi_sm-wilder_same_b-wait_b_warmup-strict: ok fills=141 (54.5s)
[1770/2367] BANK2_OM-C_race__T_cross_-today__input_-adjust_rsi_ex-cross_rsi_sm-wilder_same_b-wait_b_warmup-ready_: ok fills=137 (52.8s)
[1771/2367] BANK2_OM-C_race__T_cross_-today__input_-adjust_rsi_ex-cross_rsi_sm-simple_same_b-allowe_warmup-strict: ok fills=185 (52.9s)
[1772/2367] BANK2_OM-C_race__T_cross_-today__input_-adjust_rsi_ex-cross_rsi_sm-simple_same_b-allowe_warmup-ready_: ok fills=177 (53.1s)
[1773/2367] BANK2_OM-C_race__T_cross_-today__input_-adjust_rsi_ex-cross_rsi_sm-simple_same_b-wait_b_warmup-strict: ok fills=181 (48.4s)
[1774/2367] BANK2_OM-C_race__T_cross_-today__input_-adjust_rsi_ex-cross_rsi_sm-simple_same_b-wait_b_warmup-ready_: ok fills=173 (47.2s)
[1775/2367] BANK2_OM-C_race__T_cross_-today__input_-raw_rsi_ex-level_rsi_sm-wilder_same_b-allowe_warmup-strict: ok fills=155 (48.9s)
[1776/2367] BANK2_OM-C_race__T_cross_-today__input_-raw_rsi_ex-level_rsi_sm-wilder_same_b-wait_b_warmup-strict: ok fills=135 (49.7s)
[1777/2367] BANK2_OM-C_race__T_cross_-today__input_-raw_rsi_ex-level_rsi_sm-simple_same_b-allowe_warmup-strict: ok fills=193 (50.3s)
[1778/2367] BANK2_OM-C_race__T_cross_-today__input_-raw_rsi_ex-level_rsi_sm-wilder_same_b-wait_b_warmup-ready_: ok fills=131 (51.2s)
[1779/2367] BANK2_OM-C_race__T_cross_-today__input_-raw_rsi_ex-level_rsi_sm-wilder_same_b-allowe_warmup-ready_: ok fills=151 (52.7s)
[1780/2367] BANK2_OM-C_race__T_cross_-today__input_-raw_rsi_ex-level_rsi_sm-simple_same_b-allowe_warmup-ready_: ok fills=183 (53.1s)
[1781/2367] BANK2_OM-C_race__T_cross_-today__input_-raw_rsi_ex-level_rsi_sm-simple_same_b-wait_b_warmup-ready_: ok fills=165 (51.1s)
[1782/2367] BANK2_OM-C_race__T_cross_-today__input_-raw_rsi_ex-cross_rsi_sm-wilder_same_b-allowe_warmup-strict: ok fills=149 (51.3s)
[1783/2367] BANK2_OM-C_race__T_cross_-today__input_-raw_rsi_ex-level_rsi_sm-simple_same_b-wait_b_warmup-strict: ok fills=175 (54.3s)
[1784/2367] BANK2_OM-C_race__T_cross_-today__input_-raw_rsi_ex-cross_rsi_sm-wilder_same_b-wait_b_warmup-strict: ok fills=129 (49.1s)
[1785/2367] BANK2_OM-C_race__T_cross_-today__input_-raw_rsi_ex-cross_rsi_sm-wilder_same_b-allowe_warmup-ready_: ok fills=145 (50.5s)
[1786/2367] BANK2_OM-C_race__T_cross_-today__input_-raw_rsi_ex-cross_rsi_sm-simple_same_b-allowe_warmup-strict: ok fills=179 (51.0s)
[1787/2367] BANK2_OM-C_race__T_cross_-today__input_-raw_rsi_ex-cross_rsi_sm-wilder_same_b-wait_b_warmup-ready_: ok fills=125 (52.0s)
[1788/2367] BANK2_OM-C_race__T_cross_-today__input_-raw_rsi_ex-cross_rsi_sm-simple_same_b-allowe_warmup-ready_: ok fills=171 (53.5s)
[1789/2367] BANK2_OM-C_race__T_cross_-today__input_-raw_rsi_ex-cross_rsi_sm-simple_same_b-wait_b_warmup-ready_: ok fills=149 (54.4s)
[1790/2367] BANK2_OM-C_race__T_cross_-today__input_-raw_rsi_ex-cross_rsi_sm-simple_same_b-wait_b_warmup-strict: ok fills=157 (57.1s)
[1791/2367] BANK2_OM-C_race__OAT_a_exec-set_holdings: ok fills=131 (55.5s)
[1792/2367] BANK2_OM-C_race__SPOT_all_excluded_off: ok fills=131 (51.3s)
[1793/2367] BANK2_OM-C_sequence__T_cross_-both_d_input_-adjust_rsi_ex-level_rsi_sm-wilder_same_b-allowe_warmup-ready_: ok fills=95 (50.5s)
[1794/2367] BANK2_OM-C_sequence__ref: ok fills=95 (54.2s)
[1795/2367] BANK2_OM-C_sequence__T_cross_-both_d_input_-adjust_rsi_ex-level_rsi_sm-wilder_same_b-wait_b_warmup-strict: ok fills=91 (52.4s)
[1796/2367] BANK2_OM-C_sequence__T_cross_-both_d_input_-adjust_rsi_ex-level_rsi_sm-wilder_same_b-wait_b_warmup-ready_: ok fills=91 (48.2s)
[1797/2367] BANK2_OM-C_sequence__T_cross_-both_d_input_-adjust_rsi_ex-level_rsi_sm-simple_same_b-allowe_warmup-strict: ok fills=98 (51.9s)
[1798/2367] BANK2_OM-C_sequence__T_cross_-both_d_input_-adjust_rsi_ex-level_rsi_sm-simple_same_b-allowe_warmup-ready_: ok fills=98 (51.7s)
[1799/2367] BANK2_OM-C_sequence__T_cross_-both_d_input_-adjust_rsi_ex-level_rsi_sm-simple_same_b-wait_b_warmup-strict: ok fills=94 (52.3s)
[1800/2367] BANK2_OM-C_sequence__T_cross_-both_d_input_-adjust_rsi_ex-level_rsi_sm-simple_same_b-wait_b_warmup-ready_: ok fills=94 (54.7s)
[1801/2367] BANK2_OM-C_sequence__T_cross_-both_d_input_-adjust_rsi_ex-cross_rsi_sm-wilder_same_b-allowe_warmup-ready_: ok fills=95 (53.0s)
[1802/2367] BANK2_OM-C_sequence__T_cross_-both_d_input_-adjust_rsi_ex-cross_rsi_sm-wilder_same_b-allowe_warmup-strict: ok fills=95 (53.6s)
[1803/2367] BANK2_OM-C_sequence__T_cross_-both_d_input_-adjust_rsi_ex-cross_rsi_sm-wilder_same_b-wait_b_warmup-strict: ok fills=91 (53.0s)
[1804/2367] BANK2_OM-C_sequence__T_cross_-both_d_input_-adjust_rsi_ex-cross_rsi_sm-wilder_same_b-wait_b_warmup-ready_: ok fills=91 (53.3s)
[1805/2367] BANK2_OM-C_sequence__T_cross_-both_d_input_-adjust_rsi_ex-cross_rsi_sm-simple_same_b-allowe_warmup-ready_: ok fills=94 (47.4s)
[1806/2367] BANK2_OM-C_sequence__T_cross_-both_d_input_-adjust_rsi_ex-cross_rsi_sm-simple_same_b-allowe_warmup-strict: ok fills=94 (48.3s)
[1807/2367] BANK2_OM-C_sequence__T_cross_-both_d_input_-adjust_rsi_ex-cross_rsi_sm-simple_same_b-wait_b_warmup-strict: ok fills=90 (48.2s)
[1808/2367] BANK2_OM-C_sequence__T_cross_-both_d_input_-adjust_rsi_ex-cross_rsi_sm-simple_same_b-wait_b_warmup-ready_: ok fills=90 (48.0s)
[1809/2367] BANK2_OM-C_sequence__T_cross_-both_d_input_-raw_rsi_ex-level_rsi_sm-wilder_same_b-allowe_warmup-strict: ok fills=115 (49.3s)
[1810/2367] BANK2_OM-C_sequence__T_cross_-both_d_input_-raw_rsi_ex-level_rsi_sm-wilder_same_b-allowe_warmup-ready_: ok fills=115 (53.4s)
[1811/2367] BANK2_OM-C_sequence__T_cross_-both_d_input_-raw_rsi_ex-level_rsi_sm-wilder_same_b-wait_b_warmup-strict: ok fills=111 (52.6s)
[1812/2367] BANK2_OM-C_sequence__T_cross_-both_d_input_-raw_rsi_ex-level_rsi_sm-wilder_same_b-wait_b_warmup-ready_: ok fills=111 (53.5s)
[1813/2367] BANK2_OM-C_sequence__T_cross_-both_d_input_-raw_rsi_ex-level_rsi_sm-simple_same_b-allowe_warmup-strict: ok fills=114 (52.5s)
[1814/2367] BANK2_OM-C_sequence__T_cross_-both_d_input_-raw_rsi_ex-level_rsi_sm-simple_same_b-allowe_warmup-ready_: ok fills=114 (54.3s)
[1815/2367] BANK2_OM-C_sequence__T_cross_-both_d_input_-raw_rsi_ex-level_rsi_sm-simple_same_b-wait_b_warmup-strict: ok fills=114 (53.0s)
[1816/2367] BANK2_OM-C_sequence__T_cross_-both_d_input_-raw_rsi_ex-level_rsi_sm-simple_same_b-wait_b_warmup-ready_: ok fills=114 (47.0s)
[1817/2367] BANK2_OM-C_sequence__T_cross_-both_d_input_-raw_rsi_ex-cross_rsi_sm-wilder_same_b-allowe_warmup-strict: ok fills=111 (51.1s)
[1818/2367] BANK2_OM-C_sequence__T_cross_-both_d_input_-raw_rsi_ex-cross_rsi_sm-wilder_same_b-allowe_warmup-ready_: ok fills=111 (49.0s)
[1819/2367] BANK2_OM-C_sequence__T_cross_-both_d_input_-raw_rsi_ex-cross_rsi_sm-simple_same_b-wait_b_warmup-ready_: exit=1 fills=None (9.5s)
[1820/2367] BANK2_OM-C_sequence__T_cross_-both_d_input_-raw_rsi_ex-cross_rsi_sm-wilder_same_b-wait_b_warmup-strict: ok fills=107 (52.6s)
[1821/2367] BANK2_OM-C_sequence__T_cross_-both_d_input_-raw_rsi_ex-cross_rsi_sm-wilder_same_b-wait_b_warmup-ready_: ok fills=107 (53.6s)
[1822/2367] BANK2_OM-C_sequence__T_cross_-both_d_input_-raw_rsi_ex-cross_rsi_sm-simple_same_b-allowe_warmup-strict: ok fills=106 (58.7s)
[1823/2367] BANK2_OM-C_sequence__T_cross_-both_d_input_-raw_rsi_ex-cross_rsi_sm-simple_same_b-wait_b_warmup-strict: ok fills=106 (56.4s)
[1824/2367] BANK2_OM-C_sequence__T_cross_-both_d_input_-raw_rsi_ex-cross_rsi_sm-simple_same_b-allowe_warmup-ready_: ok fills=106 (57.5s)
[1825/2367] BANK2_OM-C_sequence__T_cross_-today__input_-adjust_rsi_ex-level_rsi_sm-wilder_same_b-allowe_warmup-strict: ok fills=99 (54.2s)
[1826/2367] BANK2_OM-C_sequence__T_cross_-today__input_-adjust_rsi_ex-level_rsi_sm-wilder_same_b-wait_b_warmup-strict: ok fills=91 (53.9s)
[1827/2367] BANK2_OM-C_sequence__T_cross_-today__input_-adjust_rsi_ex-level_rsi_sm-wilder_same_b-allowe_warmup-ready_: ok fills=99 (54.6s)
[1828/2367] BANK2_OM-C_sequence__T_cross_-today__input_-adjust_rsi_ex-level_rsi_sm-wilder_same_b-wait_b_warmup-ready_: ok fills=91 (54.1s)
[1829/2367] BANK2_OM-C_sequence__T_cross_-today__input_-adjust_rsi_ex-level_rsi_sm-simple_same_b-allowe_warmup-strict: ok fills=102 (51.7s)
[1830/2367] BANK2_OM-C_sequence__T_cross_-today__input_-adjust_rsi_ex-level_rsi_sm-simple_same_b-wait_b_warmup-strict: ok fills=94 (51.6s)
[1831/2367] BANK2_OM-C_sequence__T_cross_-today__input_-adjust_rsi_ex-level_rsi_sm-simple_same_b-allowe_warmup-ready_: ok fills=102 (53.9s)
[1832/2367] BANK2_OM-C_sequence__T_cross_-today__input_-adjust_rsi_ex-level_rsi_sm-simple_same_b-wait_b_warmup-ready_: ok fills=94 (54.3s)
[1833/2367] BANK2_OM-C_sequence__T_cross_-today__input_-adjust_rsi_ex-cross_rsi_sm-wilder_same_b-allowe_warmup-strict: ok fills=99 (51.8s)
[1834/2367] BANK2_OM-C_sequence__T_cross_-today__input_-adjust_rsi_ex-cross_rsi_sm-wilder_same_b-wait_b_warmup-strict: ok fills=91 (53.7s)
[1835/2367] BANK2_OM-C_sequence__T_cross_-today__input_-adjust_rsi_ex-cross_rsi_sm-wilder_same_b-allowe_warmup-ready_: ok fills=99 (55.3s)
[1836/2367] BANK2_OM-C_sequence__T_cross_-today__input_-adjust_rsi_ex-cross_rsi_sm-wilder_same_b-wait_b_warmup-ready_: ok fills=91 (56.7s)
[1837/2367] BANK2_OM-C_sequence__T_cross_-today__input_-adjust_rsi_ex-cross_rsi_sm-simple_same_b-allowe_warmup-strict: ok fills=98 (55.3s)
[1838/2367] BANK2_OM-C_sequence__T_cross_-today__input_-adjust_rsi_ex-cross_rsi_sm-simple_same_b-allowe_warmup-ready_: ok fills=98 (51.7s)
[1839/2367] BANK2_OM-C_sequence__T_cross_-today__input_-adjust_rsi_ex-cross_rsi_sm-simple_same_b-wait_b_warmup-strict: ok fills=90 (51.1s)
[1840/2367] BANK2_OM-C_sequence__T_cross_-today__input_-adjust_rsi_ex-cross_rsi_sm-simple_same_b-wait_b_warmup-ready_: ok fills=90 (51.2s)
[1841/2367] BANK2_OM-C_sequence__T_cross_-today__input_-raw_rsi_ex-level_rsi_sm-wilder_same_b-allowe_warmup-strict: ok fills=119 (49.0s)
[1842/2367] BANK2_OM-C_sequence__T_cross_-today__input_-raw_rsi_ex-level_rsi_sm-wilder_same_b-wait_b_warmup-strict: ok fills=111 (50.7s)
[1843/2367] BANK2_OM-C_sequence__T_cross_-today__input_-raw_rsi_ex-level_rsi_sm-wilder_same_b-allowe_warmup-ready_: ok fills=119 (53.4s)
[1844/2367] BANK2_OM-C_sequence__T_cross_-today__input_-raw_rsi_ex-level_rsi_sm-wilder_same_b-wait_b_warmup-ready_: ok fills=111 (53.4s)
[1845/2367] BANK2_OM-C_sequence__T_cross_-today__input_-raw_rsi_ex-level_rsi_sm-simple_same_b-allowe_warmup-strict: ok fills=118 (55.6s)
[1846/2367] BANK2_OM-C_sequence__T_cross_-today__input_-raw_rsi_ex-level_rsi_sm-simple_same_b-wait_b_warmup-strict: ok fills=114 (52.8s)
[1847/2367] BANK2_OM-C_sequence__T_cross_-today__input_-raw_rsi_ex-level_rsi_sm-simple_same_b-allowe_warmup-ready_: ok fills=118 (54.0s)
[1848/2367] BANK2_OM-C_sequence__T_cross_-today__input_-raw_rsi_ex-level_rsi_sm-simple_same_b-wait_b_warmup-ready_: ok fills=114 (51.8s)
[1849/2367] BANK2_OM-C_sequence__T_cross_-today__input_-raw_rsi_ex-cross_rsi_sm-wilder_same_b-allowe_warmup-strict: ok fills=115 (49.5s)
[1850/2367] BANK2_OM-C_sequence__T_cross_-today__input_-raw_rsi_ex-cross_rsi_sm-wilder_same_b-allowe_warmup-ready_: ok fills=115 (52.3s)
[1851/2367] BANK2_OM-C_sequence__T_cross_-today__input_-raw_rsi_ex-cross_rsi_sm-wilder_same_b-wait_b_warmup-strict: ok fills=107 (52.5s)
[1852/2367] BANK2_OM-C_sequence__T_cross_-today__input_-raw_rsi_ex-cross_rsi_sm-wilder_same_b-wait_b_warmup-ready_: ok fills=107 (51.6s)
[1853/2367] BANK2_OM-C_sequence__T_cross_-today__input_-raw_rsi_ex-cross_rsi_sm-simple_same_b-allowe_warmup-strict: ok fills=110 (54.2s)
[1854/2367] BANK2_OM-C_sequence__T_cross_-today__input_-raw_rsi_ex-cross_rsi_sm-simple_same_b-wait_b_warmup-strict: ok fills=106 (54.6s)
[1855/2367] BANK2_OM-C_sequence__T_cross_-today__input_-raw_rsi_ex-cross_rsi_sm-simple_same_b-allowe_warmup-ready_: ok fills=110 (56.5s)
[1856/2367] BANK2_OM-C_sequence__T_cross_-today__input_-raw_rsi_ex-cross_rsi_sm-simple_same_b-wait_b_warmup-ready_: ok fills=106 (56.4s)
[1857/2367] BANK2_OM-C_sequence__OAT_a_exec-set_holdings: ok fills=95 (52.9s)
[1858/2367] BANK2_OM-C_sequence__SPOT_all_excluded_off: ok fills=95 (52.3s)
[1859/2367] BANK2_OM-C_shared_state__ref: ok fills=125 (53.6s)
[1860/2367] BANK2_OM-C_shared_state__T_cross_-both_d_input_-adjust_rsi_ex-level_rsi_sm-wilder_same_b-allowe_warmup-ready_: ok fills=121 (52.1s)
[1861/2367] BANK2_OM-C_shared_state__T_cross_-both_d_input_-adjust_rsi_ex-level_rsi_sm-wilder_same_b-wait_b_warmup-strict: ok fills=131 (51.3s)
[1862/2367] BANK2_OM-C_shared_state__T_cross_-both_d_input_-adjust_rsi_ex-level_rsi_sm-wilder_same_b-wait_b_warmup-ready_: ok fills=127 (50.6s)
[1863/2367] BANK2_OM-C_shared_state__T_cross_-both_d_input_-adjust_rsi_ex-level_rsi_sm-simple_same_b-allowe_warmup-strict: ok fills=193 (50.4s)
[1864/2367] BANK2_OM-C_shared_state__T_cross_-both_d_input_-adjust_rsi_ex-level_rsi_sm-simple_same_b-wait_b_warmup-strict: ok fills=179 (53.0s)
[1865/2367] BANK2_OM-C_shared_state__T_cross_-both_d_input_-adjust_rsi_ex-level_rsi_sm-simple_same_b-allowe_warmup-ready_: ok fills=179 (55.6s)
[1866/2367] BANK2_OM-C_shared_state__T_cross_-both_d_input_-adjust_rsi_ex-level_rsi_sm-simple_same_b-wait_b_warmup-ready_: ok fills=169 (56.0s)
[1867/2367] BANK2_OM-C_shared_state__T_cross_-both_d_input_-adjust_rsi_ex-cross_rsi_sm-wilder_same_b-allowe_warmup-strict: ok fills=119 (59.1s)
[1868/2367] BANK2_OM-C_shared_state__T_cross_-both_d_input_-adjust_rsi_ex-cross_rsi_sm-simple_same_b-wait_b_warmup-ready_: exit=1 fills=None (6.3s)
[1869/2367] BANK2_OM-C_shared_state__T_cross_-both_d_input_-adjust_rsi_ex-cross_rsi_sm-wilder_same_b-allowe_warmup-ready_: ok fills=115 (58.8s)
[1870/2367] BANK2_OM-C_shared_state__T_cross_-both_d_input_-adjust_rsi_ex-cross_rsi_sm-wilder_same_b-wait_b_warmup-strict: ok fills=110 (53.5s)
[1871/2367] BANK2_OM-C_shared_state__T_cross_-both_d_input_-adjust_rsi_ex-cross_rsi_sm-wilder_same_b-wait_b_warmup-ready_: ok fills=106 (45.8s)
[1872/2367] BANK2_OM-C_shared_state__T_cross_-both_d_input_-adjust_rsi_ex-cross_rsi_sm-simple_same_b-allowe_warmup-strict: ok fills=179 (50.6s)
[1873/2367] BANK2_OM-C_shared_state__T_cross_-both_d_input_-adjust_rsi_ex-cross_rsi_sm-simple_same_b-wait_b_warmup-strict: ok fills=175 (46.3s)
[1874/2367] BANK2_OM-C_shared_state__T_cross_-both_d_input_-adjust_rsi_ex-cross_rsi_sm-simple_same_b-allowe_warmup-ready_: ok fills=171 (51.5s)
[1875/2367] BANK2_OM-C_shared_state__T_cross_-both_d_input_-raw_rsi_ex-level_rsi_sm-wilder_same_b-allowe_warmup-strict: ok fills=137 (51.9s)
[1876/2367] BANK2_OM-C_shared_state__T_cross_-both_d_input_-raw_rsi_ex-level_rsi_sm-wilder_same_b-allowe_warmup-ready_: ok fills=133 (54.5s)
[1877/2367] BANK2_OM-C_shared_state__T_cross_-both_d_input_-raw_rsi_ex-level_rsi_sm-wilder_same_b-wait_b_warmup-strict: ok fills=155 (54.9s)
[1878/2367] BANK2_OM-C_shared_state__T_cross_-both_d_input_-raw_rsi_ex-level_rsi_sm-wilder_same_b-wait_b_warmup-ready_: ok fills=151 (56.0s)
[1879/2367] BANK2_OM-C_shared_state__T_cross_-both_d_input_-raw_rsi_ex-level_rsi_sm-simple_same_b-allowe_warmup-strict: ok fills=201 (55.8s)
[1880/2367] BANK2_OM-C_shared_state__T_cross_-both_d_input_-raw_rsi_ex-level_rsi_sm-simple_same_b-allowe_warmup-ready_: ok fills=187 (57.9s)
[1881/2367] BANK2_OM-C_shared_state__T_cross_-both_d_input_-raw_rsi_ex-cross_rsi_sm-simple_same_b-allowe_warmup-strict: exit=1 fills=None (8.7s)
[1882/2367] BANK2_OM-C_shared_state__T_cross_-both_d_input_-raw_rsi_ex-level_rsi_sm-simple_same_b-wait_b_warmup-strict: ok fills=195 (57.7s)
[1883/2367] BANK2_OM-C_shared_state__T_cross_-both_d_input_-raw_rsi_ex-level_rsi_sm-simple_same_b-wait_b_warmup-ready_: ok fills=185 (55.3s)
[1884/2367] BANK2_OM-C_shared_state__T_cross_-both_d_input_-raw_rsi_ex-cross_rsi_sm-wilder_same_b-allowe_warmup-strict: ok fills=133 (56.5s)
[1885/2367] BANK2_OM-C_shared_state__T_cross_-both_d_input_-raw_rsi_ex-cross_rsi_sm-wilder_same_b-allowe_warmup-ready_: ok fills=129 (56.9s)
[1886/2367] BANK2_OM-C_shared_state__T_cross_-both_d_input_-raw_rsi_ex-cross_rsi_sm-wilder_same_b-wait_b_warmup-strict: ok fills=149 (61.6s)
[1887/2367] BANK2_OM-C_shared_state__T_cross_-both_d_input_-raw_rsi_ex-cross_rsi_sm-wilder_same_b-wait_b_warmup-ready_: ok fills=145 (59.0s)
[1888/2367] BANK2_OM-C_shared_state__T_cross_-both_d_input_-raw_rsi_ex-cross_rsi_sm-simple_same_b-allowe_warmup-ready_: ok fills=167 (59.2s)
[1889/2367] BANK2_OM-C_shared_state__T_cross_-both_d_input_-raw_rsi_ex-cross_rsi_sm-simple_same_b-wait_b_warmup-strict: ok fills=181 (60.6s)
[1890/2367] BANK2_OM-C_shared_state__T_cross_-today__input_-adjust_rsi_ex-level_rsi_sm-wilder_same_b-allowe_warmup-strict: ok fills=135 (58.4s)
[1891/2367] BANK2_OM-C_shared_state__T_cross_-today__input_-adjust_rsi_ex-level_rsi_sm-wilder_same_b-allowe_warmup-ready_: ok fills=131 (50.1s)
[1892/2367] BANK2_OM-C_shared_state__T_cross_-today__input_-adjust_rsi_ex-level_rsi_sm-wilder_same_b-wait_b_warmup-strict: ok fills=141 (49.6s)
[1893/2367] BANK2_OM-C_shared_state__T_cross_-today__input_-adjust_rsi_ex-level_rsi_sm-wilder_same_b-wait_b_warmup-ready_: ok fills=137 (47.1s)
[1894/2367] BANK2_OM-C_shared_state__T_cross_-today__input_-adjust_rsi_ex-level_rsi_sm-simple_same_b-allowe_warmup-strict: ok fills=205 (46.8s)
[1895/2367] BANK2_OM-C_shared_state__T_cross_-today__input_-adjust_rsi_ex-level_rsi_sm-simple_same_b-allowe_warmup-ready_: ok fills=191 (53.8s)
[1896/2367] BANK2_OM-C_shared_state__T_cross_-today__input_-adjust_rsi_ex-level_rsi_sm-simple_same_b-wait_b_warmup-ready_: ok fills=181 (52.6s)
[1897/2367] BANK2_OM-C_shared_state__T_cross_-today__input_-adjust_rsi_ex-level_rsi_sm-simple_same_b-wait_b_warmup-strict: ok fills=191 (57.9s)
[1898/2367] BANK2_OM-C_shared_state__T_cross_-today__input_-adjust_rsi_ex-cross_rsi_sm-simple_same_b-allowe_warmup-strict: exit=1 fills=None (6.0s)
[1899/2367] BANK2_OM-C_shared_state__T_cross_-today__input_-adjust_rsi_ex-cross_rsi_sm-wilder_same_b-allowe_warmup-strict: ok fills=129 (51.4s)
[1900/2367] BANK2_OM-C_shared_state__T_cross_-today__input_-adjust_rsi_ex-cross_rsi_sm-simple_same_b-wait_b_warmup-strict: exit=1 fills=None (5.7s)
[1901/2367] BANK2_OM-C_shared_state__T_cross_-today__input_-adjust_rsi_ex-cross_rsi_sm-wilder_same_b-allowe_warmup-ready_: ok fills=125 (50.8s)
[1902/2367] BANK2_OM-C_shared_state__T_cross_-today__input_-adjust_rsi_ex-cross_rsi_sm-wilder_same_b-wait_b_warmup-strict: ok fills=135 (49.8s)
[1903/2367] BANK2_OM-C_shared_state__T_cross_-today__input_-adjust_rsi_ex-cross_rsi_sm-wilder_same_b-wait_b_warmup-ready_: ok fills=131 (47.2s)
[1904/2367] BANK2_OM-C_shared_state__T_cross_-today__input_-raw_rsi_ex-level_rsi_sm-wilder_same_b-wait_b_warmup-ready_: exit=1 fills=None (7.2s)
[1905/2367] BANK2_OM-C_shared_state__T_cross_-today__input_-adjust_rsi_ex-cross_rsi_sm-simple_same_b-allowe_warmup-ready_: ok fills=181 (47.2s)
[1906/2367] BANK2_OM-C_shared_state__T_cross_-today__input_-adjust_rsi_ex-cross_rsi_sm-simple_same_b-wait_b_warmup-ready_: ok fills=177 (46.2s)
[1907/2367] BANK2_OM-C_shared_state__T_cross_-today__input_-raw_rsi_ex-level_rsi_sm-wilder_same_b-allowe_warmup-ready_: ok fills=133 (47.6s)
[1908/2367] BANK2_OM-C_shared_state__T_cross_-today__input_-raw_rsi_ex-level_rsi_sm-wilder_same_b-wait_b_warmup-strict: ok fills=155 (45.9s)
[1909/2367] BANK2_OM-C_shared_state__T_cross_-today__input_-raw_rsi_ex-level_rsi_sm-wilder_same_b-allowe_warmup-strict: ok fills=137 (50.8s)
[1910/2367] BANK2_OM-C_shared_state__T_cross_-today__input_-raw_rsi_ex-level_rsi_sm-simple_same_b-allowe_warmup-strict: ok fills=199 (49.8s)
[1911/2367] BANK2_OM-C_shared_state__T_cross_-today__input_-raw_rsi_ex-level_rsi_sm-simple_same_b-allowe_warmup-ready_: ok fills=185 (50.1s)
[1912/2367] BANK2_OM-C_shared_state__T_cross_-today__input_-raw_rsi_ex-level_rsi_sm-simple_same_b-wait_b_warmup-strict: ok fills=193 (44.3s)
[1913/2367] BANK2_OM-C_shared_state__T_cross_-today__input_-raw_rsi_ex-level_rsi_sm-simple_same_b-wait_b_warmup-ready_: ok fills=183 (43.2s)
[1914/2367] BANK2_OM-C_shared_state__T_cross_-today__input_-raw_rsi_ex-cross_rsi_sm-wilder_same_b-allowe_warmup-ready_: ok fills=129 (44.5s)
[1915/2367] BANK2_OM-C_shared_state__T_cross_-today__input_-raw_rsi_ex-cross_rsi_sm-wilder_same_b-allowe_warmup-strict: ok fills=133 (46.2s)
[1916/2367] BANK2_OM-C_shared_state__T_cross_-today__input_-raw_rsi_ex-cross_rsi_sm-wilder_same_b-wait_b_warmup-strict: ok fills=149 (45.9s)
[1917/2367] BANK2_OM-C_shared_state__T_cross_-today__input_-raw_rsi_ex-cross_rsi_sm-simple_same_b-allowe_warmup-strict: ok fills=173 (48.9s)
[1918/2367] BANK2_OM-C_shared_state__T_cross_-today__input_-raw_rsi_ex-cross_rsi_sm-wilder_same_b-wait_b_warmup-ready_: ok fills=145 (50.1s)
[1919/2367] BANK2_OM-C_shared_state__T_cross_-today__input_-raw_rsi_ex-cross_rsi_sm-simple_same_b-allowe_warmup-ready_: ok fills=165 (49.2s)
[1920/2367] BANK2_OM-C_shared_state__T_cross_-today__input_-raw_rsi_ex-cross_rsi_sm-simple_same_b-wait_b_warmup-strict: ok fills=179 (48.3s)
[1921/2367] BANK2_OM-C_shared_state__OAT_a_exec-set_holdings: ok fills=125 (46.5s)
[1922/2367] BANK2_OM-C_shared_state__T_cross_-today__input_-raw_rsi_ex-cross_rsi_sm-simple_same_b-wait_b_warmup-ready_: ok fills=171 (47.9s)
[1923/2367] BANK2_OM-C_shared_state__SPOT_all_excluded_off: ok fills=125 (45.6s)
[1924/2367] BANK2_PX-01_c5000__ref: ok fills=270 (46.4s)
[1925/2367] BANK2_PX-01_c5000__T_input_-raw_rsi_ex-level_rsi_sm-wilder_same_b-allowe_warmup-strict: ok fills=280 (47.1s)
[1926/2367] BANK2_PX-01_c5000__T_input_-adjust_rsi_ex-level_rsi_sm-wilder_same_b-wait_b_warmup-strict: ok fills=266 (47.8s)
[1927/2367] BANK2_PX-01_c5000__T_input_-raw_rsi_ex-level_rsi_sm-wilder_same_b-wait_b_warmup-strict: ok fills=278 (46.6s)
[1928/2367] BANK2_PX-01_c5000__T_input_-adjust_rsi_ex-level_rsi_sm-wilder_same_b-allowe_warmup-ready_: ok fills=266 (49.7s)
[1929/2367] BANK2_PX-01_c5000__T_input_-raw_rsi_ex-level_rsi_sm-wilder_same_b-allowe_warmup-ready_: ok fills=276 (50.2s)
[1930/2367] BANK2_PX-01_c5000__T_input_-adjust_rsi_ex-level_rsi_sm-wilder_same_b-wait_b_warmup-ready_: ok fills=262 (52.3s)
[1931/2367] BANK2_PX-01_c5000__T_input_-raw_rsi_ex-level_rsi_sm-wilder_same_b-wait_b_warmup-ready_: ok fills=274 (47.8s)
[1932/2367] BANK2_PX-01_c5000__T_input_-adjust_rsi_ex-cross_rsi_sm-wilder_same_b-allowe_warmup-strict: ok fills=250 (47.5s)
[1933/2367] BANK2_PX-01_c5000__T_input_-raw_rsi_ex-cross_rsi_sm-wilder_same_b-allowe_warmup-strict: ok fills=264 (44.4s)
[1934/2367] BANK2_PX-01_c5000__T_input_-adjust_rsi_ex-cross_rsi_sm-wilder_same_b-wait_b_warmup-strict: ok fills=250 (45.8s)
[1935/2367] BANK2_PX-01_c5000__T_input_-adjust_rsi_ex-cross_rsi_sm-wilder_same_b-allowe_warmup-ready_: ok fills=246 (48.5s)
[1936/2367] BANK2_PX-01_c5000__T_input_-raw_rsi_ex-cross_rsi_sm-wilder_same_b-wait_b_warmup-strict: ok fills=264 (49.5s)
[1937/2367] BANK2_PX-01_c5000__T_input_-raw_rsi_ex-cross_rsi_sm-wilder_same_b-allowe_warmup-ready_: ok fills=260 (49.2s)
[1938/2367] BANK2_PX-01_c5000__T_input_-adjust_rsi_ex-cross_rsi_sm-wilder_same_b-wait_b_warmup-ready_: ok fills=246 (48.4s)
[1939/2367] BANK2_PX-01_c5000__T_input_-raw_rsi_ex-cross_rsi_sm-wilder_same_b-wait_b_warmup-ready_: ok fills=260 (48.1s)
[1940/2367] BANK2_PX-01_c5000__T_input_-adjust_rsi_ex-level_rsi_sm-simple_same_b-allowe_warmup-strict: ok fills=320 (45.4s)
[1941/2367] BANK2_PX-01_c5000__T_input_-raw_rsi_ex-level_rsi_sm-simple_same_b-allowe_warmup-strict: ok fills=338 (44.7s)
[1942/2367] BANK2_PX-01_c5000__T_input_-raw_rsi_ex-level_rsi_sm-simple_same_b-wait_b_warmup-strict: ok fills=324 (48.2s)
[1943/2367] BANK2_PX-01_c5000__T_input_-adjust_rsi_ex-level_rsi_sm-simple_same_b-wait_b_warmup-strict: ok fills=306 (48.7s)
[1944/2367] BANK2_PX-01_c5000__T_input_-adjust_rsi_ex-level_rsi_sm-simple_same_b-allowe_warmup-ready_: ok fills=306 (49.3s)
[1945/2367] BANK2_PX-01_c5000__T_input_-adjust_rsi_ex-level_rsi_sm-simple_same_b-wait_b_warmup-ready_: ok fills=296 (52.1s)
[1946/2367] BANK2_PX-01_c5000__T_input_-raw_rsi_ex-level_rsi_sm-simple_same_b-allowe_warmup-ready_: ok fills=324 (53.0s)
[1947/2367] BANK2_PX-01_c5000__T_input_-adjust_rsi_ex-cross_rsi_sm-simple_same_b-allowe_warmup-strict: ok fills=270 (49.5s)
[1948/2367] BANK2_PX-01_c5000__T_input_-raw_rsi_ex-level_rsi_sm-simple_same_b-wait_b_warmup-ready_: ok fills=314 (53.2s)
[1949/2367] BANK2_PX-01_c5000__T_input_-adjust_rsi_ex-cross_rsi_sm-simple_same_b-wait_b_warmup-strict: ok fills=270 (46.3s)
[1950/2367] BANK2_PX-01_c5000__T_input_-raw_rsi_ex-cross_rsi_sm-simple_same_b-allowe_warmup-strict: ok fills=290 (48.5s)
[1951/2367] BANK2_PX-01_c5000__T_input_-raw_rsi_ex-cross_rsi_sm-simple_same_b-wait_b_warmup-strict: ok fills=290 (45.1s)
[1952/2367] BANK2_PX-01_c5000__T_input_-adjust_rsi_ex-cross_rsi_sm-simple_same_b-allowe_warmup-ready_: ok fills=262 (48.5s)
[1953/2367] BANK2_PX-01_c5000__T_input_-raw_rsi_ex-cross_rsi_sm-simple_same_b-allowe_warmup-ready_: ok fills=282 (51.6s)
[1954/2367] BANK2_PX-01_c5000__T_input_-adjust_rsi_ex-cross_rsi_sm-simple_same_b-wait_b_warmup-ready_: ok fills=262 (51.4s)
[1955/2367] BANK2_PX-01_c5000__T_input_-raw_rsi_ex-cross_rsi_sm-simple_same_b-wait_b_warmup-ready_: ok fills=282 (51.8s)
[1956/2367] BANK2_PX-01_c5000__OAT_a_exec-set_holdings: ok fills=270 (53.2s)
[1957/2367] BANK2_PX-01_c5000__OAT_cross_timing-today_ma: ok fills=266 (55.2s)
[1958/2367] BANK2_PX-01_c5000__SPOT_all_excluded_off: ok fills=266 (54.0s)
[1959/2367] BANK2_PX-01_c10000__ref: ok fills=270 (47.0s)
[1960/2367] BANK2_PX-01_c10000__T_input_-raw_rsi_ex-level_rsi_sm-wilder_same_b-allowe_warmup-strict: ok fills=280 (46.4s)
[1961/2367] BANK2_PX-01_c10000__T_input_-adjust_rsi_ex-level_rsi_sm-wilder_same_b-wait_b_warmup-strict: ok fills=266 (48.6s)
[1962/2367] BANK2_PX-01_c10000__T_input_-raw_rsi_ex-level_rsi_sm-wilder_same_b-wait_b_warmup-strict: ok fills=278 (47.7s)
[1963/2367] BANK2_PX-01_c10000__T_input_-adjust_rsi_ex-level_rsi_sm-wilder_same_b-allowe_warmup-ready_: ok fills=266 (50.8s)
[1964/2367] BANK2_PX-01_c10000__T_input_-adjust_rsi_ex-level_rsi_sm-wilder_same_b-wait_b_warmup-ready_: ok fills=262 (49.7s)
[1965/2367] BANK2_PX-01_c10000__T_input_-raw_rsi_ex-level_rsi_sm-wilder_same_b-allowe_warmup-ready_: ok fills=276 (53.7s)
[1966/2367] BANK2_PX-01_c10000__T_input_-raw_rsi_ex-level_rsi_sm-wilder_same_b-wait_b_warmup-ready_: ok fills=274 (50.7s)
[1967/2367] BANK2_PX-01_c10000__T_input_-adjust_rsi_ex-cross_rsi_sm-wilder_same_b-allowe_warmup-strict: ok fills=250 (50.0s)
[1968/2367] BANK2_PX-01_c10000__T_input_-adjust_rsi_ex-cross_rsi_sm-wilder_same_b-wait_b_warmup-strict: ok fills=250 (48.2s)
[1969/2367] BANK2_PX-01_c10000__T_input_-raw_rsi_ex-cross_rsi_sm-wilder_same_b-allowe_warmup-strict: ok fills=264 (50.4s)
[1970/2367] BANK2_PX-01_c10000__T_input_-raw_rsi_ex-cross_rsi_sm-wilder_same_b-wait_b_warmup-strict: ok fills=264 (47.4s)
[1971/2367] BANK2_PX-01_c10000__T_input_-adjust_rsi_ex-cross_rsi_sm-wilder_same_b-allowe_warmup-ready_: ok fills=246 (48.1s)
[1972/2367] BANK2_PX-01_c10000__T_input_-raw_rsi_ex-cross_rsi_sm-wilder_same_b-allowe_warmup-ready_: ok fills=260 (52.5s)
[1973/2367] BANK2_PX-01_c10000__T_input_-adjust_rsi_ex-cross_rsi_sm-wilder_same_b-wait_b_warmup-ready_: ok fills=246 (52.6s)
[1974/2367] BANK2_PX-01_c10000__T_input_-raw_rsi_ex-cross_rsi_sm-wilder_same_b-wait_b_warmup-ready_: ok fills=260 (53.9s)
[1975/2367] BANK2_PX-01_c10000__T_input_-adjust_rsi_ex-level_rsi_sm-simple_same_b-allowe_warmup-strict: ok fills=320 (58.9s)
[1976/2367] BANK2_PX-01_c10000__T_input_-raw_rsi_ex-level_rsi_sm-simple_same_b-allowe_warmup-strict: ok fills=338 (59.2s)
[1977/2367] BANK2_PX-01_c10000__T_input_-adjust_rsi_ex-level_rsi_sm-simple_same_b-wait_b_warmup-strict: ok fills=306 (52.9s)
[1978/2367] BANK2_PX-01_c10000__T_input_-raw_rsi_ex-level_rsi_sm-simple_same_b-wait_b_warmup-strict: ok fills=324 (52.7s)
[1979/2367] BANK2_PX-01_c10000__T_input_-adjust_rsi_ex-level_rsi_sm-simple_same_b-allowe_warmup-ready_: ok fills=306 (55.4s)
[1980/2367] BANK2_PX-01_c10000__T_input_-raw_rsi_ex-level_rsi_sm-simple_same_b-allowe_warmup-ready_: ok fills=324 (55.5s)
[1981/2367] BANK2_PX-01_c10000__T_input_-adjust_rsi_ex-level_rsi_sm-simple_same_b-wait_b_warmup-ready_: ok fills=296 (55.9s)
[1982/2367] BANK2_PX-01_c10000__T_input_-raw_rsi_ex-level_rsi_sm-simple_same_b-wait_b_warmup-ready_: ok fills=314 (53.8s)
[1983/2367] BANK2_PX-01_c10000__T_input_-adjust_rsi_ex-cross_rsi_sm-simple_same_b-allowe_warmup-strict: ok fills=270 (54.7s)
[1984/2367] BANK2_PX-01_c10000__T_input_-raw_rsi_ex-cross_rsi_sm-simple_same_b-allowe_warmup-strict: ok fills=290 (54.3s)
[1985/2367] BANK2_PX-01_c10000__T_input_-raw_rsi_ex-cross_rsi_sm-simple_same_b-wait_b_warmup-ready_: exit=1 fills=None (9.3s)
[1986/2367] BANK2_PX-01_c10000__T_input_-adjust_rsi_ex-cross_rsi_sm-simple_same_b-wait_b_warmup-strict: ok fills=270 (55.2s)
[1987/2367] BANK2_PX-01_c10000__T_input_-raw_rsi_ex-cross_rsi_sm-simple_same_b-wait_b_warmup-strict: ok fills=290 (55.8s)
[1988/2367] BANK2_PX-01_c10000__T_input_-adjust_rsi_ex-cross_rsi_sm-simple_same_b-allowe_warmup-ready_: ok fills=262 (53.3s)
[1989/2367] BANK2_PX-01_c10000__T_input_-raw_rsi_ex-cross_rsi_sm-simple_same_b-allowe_warmup-ready_: ok fills=282 (52.6s)
[1990/2367] BANK2_PX-01_c10000__T_input_-adjust_rsi_ex-cross_rsi_sm-simple_same_b-wait_b_warmup-ready_: ok fills=262 (51.3s)
[1991/2367] BANK2_PX-01_c10000__OAT_a_exec-set_holdings: ok fills=270 (49.9s)
[1992/2367] BANK2_PX-01_c10000__OAT_cross_timing-today_ma: ok fills=266 (50.3s)
[1993/2367] BANK2_PX-01_c10000__SPOT_all_excluded_off: ok fills=266 (46.9s)
[1994/2367] BANK2_PX-01_c20000__ref: ok fills=270 (46.4s)
[1995/2367] BANK2_PX-01_c20000__T_input_-raw_rsi_ex-level_rsi_sm-wilder_same_b-allowe_warmup-strict: ok fills=280 (45.7s)
[1996/2367] BANK2_PX-01_c20000__T_input_-adjust_rsi_ex-level_rsi_sm-wilder_same_b-wait_b_warmup-strict: ok fills=266 (45.4s)
[1997/2367] BANK2_PX-01_c20000__T_input_-raw_rsi_ex-level_rsi_sm-wilder_same_b-wait_b_warmup-strict: ok fills=278 (48.3s)
[1998/2367] BANK2_PX-01_c20000__T_input_-adjust_rsi_ex-level_rsi_sm-wilder_same_b-allowe_warmup-ready_: ok fills=266 (55.1s)
[1999/2367] BANK2_PX-01_c20000__T_input_-adjust_rsi_ex-level_rsi_sm-wilder_same_b-wait_b_warmup-ready_: ok fills=262 (53.2s)
[2000/2367] BANK2_PX-01_c20000__T_input_-raw_rsi_ex-level_rsi_sm-wilder_same_b-allowe_warmup-ready_: ok fills=276 (56.0s)
[2001/2367] BANK2_PX-01_c20000__T_input_-raw_rsi_ex-level_rsi_sm-wilder_same_b-wait_b_warmup-ready_: ok fills=274 (55.2s)
[2002/2367] BANK2_PX-01_c20000__T_input_-adjust_rsi_ex-cross_rsi_sm-wilder_same_b-allowe_warmup-strict: ok fills=250 (56.2s)
[2003/2367] BANK2_PX-01_c20000__T_input_-raw_rsi_ex-cross_rsi_sm-wilder_same_b-allowe_warmup-strict: ok fills=264 (57.7s)
[2004/2367] BANK2_PX-01_c20000__T_input_-adjust_rsi_ex-cross_rsi_sm-wilder_same_b-wait_b_warmup-strict: ok fills=250 (52.9s)
[2005/2367] BANK2_PX-01_c20000__T_input_-raw_rsi_ex-cross_rsi_sm-wilder_same_b-wait_b_warmup-strict: ok fills=264 (54.2s)
[2006/2367] BANK2_PX-01_c20000__T_input_-raw_rsi_ex-cross_rsi_sm-wilder_same_b-allowe_warmup-ready_: ok fills=260 (56.8s)
[2007/2367] BANK2_PX-01_c20000__T_input_-adjust_rsi_ex-cross_rsi_sm-wilder_same_b-allowe_warmup-ready_: ok fills=246 (59.3s)
[2008/2367] BANK2_PX-01_c20000__T_input_-adjust_rsi_ex-cross_rsi_sm-wilder_same_b-wait_b_warmup-ready_: ok fills=246 (57.0s)
[2009/2367] BANK2_PX-01_c20000__T_input_-raw_rsi_ex-cross_rsi_sm-wilder_same_b-wait_b_warmup-ready_: ok fills=260 (54.8s)
[2010/2367] BANK2_PX-01_c20000__T_input_-adjust_rsi_ex-level_rsi_sm-simple_same_b-allowe_warmup-strict: ok fills=320 (53.0s)
[2011/2367] BANK2_OM-C_shared_state__T_cross_-both_d_input_-raw_rsi_ex-cross_rsi_sm-simple_same_b-wait_b_warmup-ready_: timeout fills=None (903.4s)
[2012/2367] BANK2_PX-01_c20000__T_input_-raw_rsi_ex-level_rsi_sm-simple_same_b-allowe_warmup-strict: ok fills=338 (51.1s)
[2013/2367] BANK2_PX-01_c20000__T_input_-adjust_rsi_ex-level_rsi_sm-simple_same_b-wait_b_warmup-strict: ok fills=306 (46.2s)
[2014/2367] BANK2_PX-01_c20000__T_input_-raw_rsi_ex-level_rsi_sm-simple_same_b-wait_b_warmup-strict: ok fills=324 (45.9s)
[2015/2367] BANK2_PX-01_c20000__T_input_-adjust_rsi_ex-level_rsi_sm-simple_same_b-allowe_warmup-ready_: ok fills=306 (47.2s)
[2016/2367] BANK2_PX-01_c20000__T_input_-raw_rsi_ex-level_rsi_sm-simple_same_b-allowe_warmup-ready_: ok fills=324 (49.5s)
[2017/2367] BANK2_PX-01_c20000__T_input_-adjust_rsi_ex-level_rsi_sm-simple_same_b-wait_b_warmup-ready_: ok fills=296 (52.6s)
[2018/2367] BANK2_PX-01_c20000__T_input_-raw_rsi_ex-level_rsi_sm-simple_same_b-wait_b_warmup-ready_: ok fills=314 (53.4s)
[2019/2367] BANK2_PX-01_c20000__T_input_-adjust_rsi_ex-cross_rsi_sm-simple_same_b-allowe_warmup-strict: ok fills=270 (59.8s)
[2020/2367] BANK2_PX-01_c20000__T_input_-raw_rsi_ex-cross_rsi_sm-simple_same_b-allowe_warmup-strict: ok fills=290 (57.3s)
[2021/2367] BANK2_PX-01_c20000__T_input_-adjust_rsi_ex-cross_rsi_sm-simple_same_b-wait_b_warmup-strict: ok fills=270 (58.8s)
[2022/2367] BANK2_PX-01_c20000__T_input_-raw_rsi_ex-cross_rsi_sm-simple_same_b-wait_b_warmup-strict: ok fills=290 (55.8s)
[2023/2367] BANK2_PX-01_c20000__T_input_-adjust_rsi_ex-cross_rsi_sm-simple_same_b-allowe_warmup-ready_: ok fills=262 (60.7s)
[2024/2367] BANK2_PX-01_c20000__T_input_-raw_rsi_ex-cross_rsi_sm-simple_same_b-allowe_warmup-ready_: ok fills=282 (58.4s)
[2025/2367] BANK2_PX-01_c20000__T_input_-adjust_rsi_ex-cross_rsi_sm-simple_same_b-wait_b_warmup-ready_: ok fills=262 (59.9s)
[2026/2367] BANK2_PX-01_c20000__T_input_-raw_rsi_ex-cross_rsi_sm-simple_same_b-wait_b_warmup-ready_: ok fills=282 (58.1s)
[2027/2367] BANK2_PX-01_c20000__OAT_a_exec-set_holdings: ok fills=270 (58.8s)
[2028/2367] BANK2_PX-01_c20000__OAT_cross_timing-today_ma: ok fills=266 (58.3s)
[2029/2367] BANK2_PX-01_c20000__SPOT_all_excluded_off: ok fills=266 (56.2s)
[2030/2367] BANK2_PX-01_c50000__ref: ok fills=270 (56.1s)
[2031/2367] BANK2_PX-01_c50000__T_input_-raw_rsi_ex-level_rsi_sm-wilder_same_b-allowe_warmup-strict: ok fills=280 (53.9s)
[2032/2367] BANK2_PX-01_c50000__T_input_-adjust_rsi_ex-level_rsi_sm-wilder_same_b-wait_b_warmup-strict: ok fills=266 (54.1s)
[2033/2367] BANK2_PX-01_c50000__T_input_-adjust_rsi_ex-level_rsi_sm-wilder_same_b-allowe_warmup-ready_: ok fills=266 (54.0s)
[2034/2367] BANK2_PX-01_c50000__T_input_-raw_rsi_ex-level_rsi_sm-wilder_same_b-wait_b_warmup-strict: ok fills=278 (57.1s)
[2035/2367] BANK2_PX-01_c50000__T_input_-raw_rsi_ex-level_rsi_sm-wilder_same_b-allowe_warmup-ready_: ok fills=276 (58.4s)
[2036/2367] BANK2_PX-01_c50000__T_input_-adjust_rsi_ex-level_rsi_sm-wilder_same_b-wait_b_warmup-ready_: ok fills=262 (59.2s)
[2037/2367] BANK2_PX-01_c50000__T_input_-raw_rsi_ex-level_rsi_sm-wilder_same_b-wait_b_warmup-ready_: ok fills=274 (56.3s)
[2038/2367] BANK2_PX-01_c50000__T_input_-adjust_rsi_ex-cross_rsi_sm-wilder_same_b-allowe_warmup-strict: ok fills=250 (57.0s)
[2039/2367] BANK2_PX-01_c50000__T_input_-raw_rsi_ex-cross_rsi_sm-wilder_same_b-allowe_warmup-strict: ok fills=264 (56.0s)
[2040/2367] BANK2_PX-01_c50000__T_input_-adjust_rsi_ex-cross_rsi_sm-wilder_same_b-wait_b_warmup-strict: ok fills=250 (53.6s)
[2041/2367] BANK2_PX-01_c50000__T_input_-raw_rsi_ex-cross_rsi_sm-wilder_same_b-wait_b_warmup-strict: ok fills=264 (55.1s)
[2042/2367] BANK2_PX-01_c50000__T_input_-adjust_rsi_ex-cross_rsi_sm-wilder_same_b-allowe_warmup-ready_: ok fills=246 (55.3s)
[2043/2367] BANK2_PX-01_c50000__T_input_-raw_rsi_ex-cross_rsi_sm-wilder_same_b-allowe_warmup-ready_: ok fills=260 (53.8s)
[2044/2367] BANK2_PX-01_c50000__T_input_-adjust_rsi_ex-cross_rsi_sm-wilder_same_b-wait_b_warmup-ready_: ok fills=246 (57.1s)
[2045/2367] BANK2_PX-01_c50000__T_input_-raw_rsi_ex-cross_rsi_sm-wilder_same_b-wait_b_warmup-ready_: ok fills=260 (56.3s)
[2046/2367] BANK2_PX-01_c50000__T_input_-adjust_rsi_ex-level_rsi_sm-simple_same_b-allowe_warmup-strict: ok fills=320 (57.7s)
[2047/2367] BANK2_PX-01_c50000__T_input_-raw_rsi_ex-level_rsi_sm-simple_same_b-allowe_warmup-strict: ok fills=338 (56.8s)
[2048/2367] BANK2_PX-01_c50000__T_input_-adjust_rsi_ex-level_rsi_sm-simple_same_b-wait_b_warmup-strict: ok fills=306 (54.7s)
[2049/2367] BANK2_PX-01_c50000__T_input_-raw_rsi_ex-level_rsi_sm-simple_same_b-wait_b_warmup-strict: ok fills=324 (55.2s)
[2050/2367] BANK2_PX-01_c50000__T_input_-adjust_rsi_ex-level_rsi_sm-simple_same_b-allowe_warmup-ready_: ok fills=306 (54.7s)
[2051/2367] BANK2_PX-01_c50000__T_input_-raw_rsi_ex-level_rsi_sm-simple_same_b-allowe_warmup-ready_: ok fills=324 (55.8s)
[2052/2367] BANK2_PX-01_c50000__T_input_-adjust_rsi_ex-level_rsi_sm-simple_same_b-wait_b_warmup-ready_: ok fills=296 (54.3s)
[2053/2367] BANK2_PX-01_c50000__T_input_-raw_rsi_ex-level_rsi_sm-simple_same_b-wait_b_warmup-ready_: ok fills=314 (59.6s)
[2054/2367] BANK2_PX-01_c50000__T_input_-adjust_rsi_ex-cross_rsi_sm-simple_same_b-allowe_warmup-strict: ok fills=270 (58.8s)
[2055/2367] BANK2_PX-01_c50000__T_input_-raw_rsi_ex-cross_rsi_sm-simple_same_b-allowe_warmup-strict: ok fills=290 (58.1s)
[2056/2367] BANK2_PX-01_c50000__T_input_-adjust_rsi_ex-cross_rsi_sm-simple_same_b-wait_b_warmup-strict: ok fills=270 (58.3s)
[2057/2367] BANK2_PX-01_c50000__T_input_-raw_rsi_ex-cross_rsi_sm-simple_same_b-wait_b_warmup-strict: ok fills=290 (56.4s)
[2058/2367] BANK2_PX-01_c50000__T_input_-adjust_rsi_ex-cross_rsi_sm-simple_same_b-allowe_warmup-ready_: ok fills=262 (58.0s)
[2059/2367] BANK2_PX-01_c50000__T_input_-raw_rsi_ex-cross_rsi_sm-simple_same_b-allowe_warmup-ready_: ok fills=282 (56.0s)
[2060/2367] BANK2_PX-01_c50000__T_input_-adjust_rsi_ex-cross_rsi_sm-simple_same_b-wait_b_warmup-ready_: ok fills=262 (55.0s)
[2061/2367] BANK2_PX-01_c50000__T_input_-raw_rsi_ex-cross_rsi_sm-simple_same_b-wait_b_warmup-ready_: ok fills=282 (56.5s)
[2062/2367] BANK2_PX-01_c50000__OAT_cross_timing-today_ma: ok fills=266 (54.9s)
[2063/2367] BANK2_PX-01_c50000__OAT_a_exec-set_holdings: ok fills=270 (57.8s)
[2064/2367] BANK2_BL-06_skip__T_input_-adjust_rsi_ex-level_rsi_sm-wilder_same_b-allowe_warmup-ready_: exit=1 fills=None (6.9s)
[2065/2367] BANK2_PX-01_c50000__SPOT_all_excluded_off: ok fills=266 (52.8s)
[2066/2367] BANK2_BL-06_skip__ref: ok fills=270 (51.8s)
[2067/2367] BANK2_BL-06_skip__T_input_-raw_rsi_ex-level_rsi_sm-wilder_same_b-allowe_warmup-strict: ok fills=280 (52.1s)
[2068/2367] BANK2_BL-06_skip__T_input_-adjust_rsi_ex-level_rsi_sm-wilder_same_b-wait_b_warmup-strict: ok fills=266 (53.6s)
[2069/2367] BANK2_BL-06_skip__T_input_-raw_rsi_ex-level_rsi_sm-wilder_same_b-wait_b_warmup-strict: ok fills=278 (53.4s)
[2070/2367] BANK2_BL-06_skip__T_input_-raw_rsi_ex-level_rsi_sm-wilder_same_b-allowe_warmup-ready_: ok fills=276 (55.3s)
[2071/2367] BANK2_BL-06_skip__T_input_-adjust_rsi_ex-level_rsi_sm-wilder_same_b-wait_b_warmup-ready_: ok fills=262 (57.1s)
[2072/2367] BANK2_BL-06_skip__T_input_-raw_rsi_ex-level_rsi_sm-wilder_same_b-wait_b_warmup-ready_: ok fills=274 (55.8s)
[2073/2367] BANK2_BL-06_skip__T_input_-adjust_rsi_ex-cross_rsi_sm-wilder_same_b-allowe_warmup-strict: ok fills=250 (57.9s)
[2074/2367] BANK2_BL-06_skip__T_input_-raw_rsi_ex-cross_rsi_sm-wilder_same_b-allowe_warmup-strict: ok fills=264 (56.0s)
[2075/2367] BANK2_BL-06_skip__T_input_-adjust_rsi_ex-cross_rsi_sm-wilder_same_b-wait_b_warmup-strict: ok fills=250 (54.8s)
[2076/2367] BANK2_BL-06_skip__T_input_-raw_rsi_ex-cross_rsi_sm-wilder_same_b-wait_b_warmup-strict: ok fills=264 (51.7s)
[2077/2367] BANK2_BL-06_skip__T_input_-adjust_rsi_ex-level_rsi_sm-simple_same_b-wait_b_warmup-strict: exit=1 fills=None (10.2s)
[2078/2367] BANK2_BL-06_skip__T_input_-adjust_rsi_ex-cross_rsi_sm-wilder_same_b-allowe_warmup-ready_: ok fills=246 (52.7s)
[2079/2367] BANK2_BL-06_skip__T_input_-raw_rsi_ex-cross_rsi_sm-wilder_same_b-allowe_warmup-ready_: ok fills=260 (55.0s)
[2080/2367] BANK2_BL-06_skip__T_input_-adjust_rsi_ex-cross_rsi_sm-wilder_same_b-wait_b_warmup-ready_: ok fills=246 (54.2s)
[2081/2367] BANK2_BL-06_skip__T_input_-adjust_rsi_ex-level_rsi_sm-simple_same_b-allowe_warmup-strict: ok fills=320 (56.5s)
[2082/2367] BANK2_BL-06_skip__T_input_-raw_rsi_ex-cross_rsi_sm-wilder_same_b-wait_b_warmup-ready_: ok fills=260 (59.2s)
[2083/2367] BANK2_BL-06_skip__T_input_-raw_rsi_ex-level_rsi_sm-simple_same_b-allowe_warmup-strict: ok fills=338 (55.4s)
[2084/2367] BANK2_BL-06_skip__T_input_-adjust_rsi_ex-level_rsi_sm-simple_same_b-allowe_warmup-ready_: ok fills=306 (50.9s)
[2085/2367] BANK2_BL-06_skip__T_input_-raw_rsi_ex-level_rsi_sm-simple_same_b-wait_b_warmup-strict: ok fills=324 (54.1s)
[2086/2367] BANK2_BL-06_skip__T_input_-raw_rsi_ex-level_rsi_sm-simple_same_b-allowe_warmup-ready_: ok fills=324 (50.5s)
[2087/2367] BANK2_BL-06_skip__T_input_-adjust_rsi_ex-level_rsi_sm-simple_same_b-wait_b_warmup-ready_: ok fills=296 (50.1s)
[2088/2367] BANK2_BL-06_skip__T_input_-raw_rsi_ex-level_rsi_sm-simple_same_b-wait_b_warmup-ready_: ok fills=314 (50.5s)
[2089/2367] BANK2_BL-06_skip__T_input_-raw_rsi_ex-cross_rsi_sm-simple_same_b-allowe_warmup-strict: ok fills=290 (51.9s)
[2090/2367] BANK2_BL-06_skip__T_input_-adjust_rsi_ex-cross_rsi_sm-simple_same_b-allowe_warmup-strict: ok fills=270 (55.3s)
[2091/2367] BANK2_BL-06_skip__T_input_-adjust_rsi_ex-cross_rsi_sm-simple_same_b-wait_b_warmup-strict: ok fills=270 (51.4s)
[2092/2367] BANK2_BL-06_skip__T_input_-raw_rsi_ex-cross_rsi_sm-simple_same_b-wait_b_warmup-strict: ok fills=290 (53.5s)
[2093/2367] BANK2_BL-06_skip__T_input_-raw_rsi_ex-cross_rsi_sm-simple_same_b-allowe_warmup-ready_: ok fills=282 (53.0s)
[2094/2367] BANK2_BL-06_skip__T_input_-adjust_rsi_ex-cross_rsi_sm-simple_same_b-allowe_warmup-ready_: ok fills=262 (55.6s)
[2095/2367] BANK2_BL-06_skip__T_input_-adjust_rsi_ex-cross_rsi_sm-simple_same_b-wait_b_warmup-ready_: ok fills=262 (51.5s)
[2096/2367] BANK2_BL-06_skip__T_input_-raw_rsi_ex-cross_rsi_sm-simple_same_b-wait_b_warmup-ready_: ok fills=282 (51.4s)
[2097/2367] BANK2_BL-06_skip__OAT_a_exec-set_holdings: ok fills=270 (55.8s)
[2098/2367] BANK2_BL-06_skip__OAT_cross_timing-today_ma: ok fills=266 (54.1s)
[2099/2367] BANK2_BL-06_skip__SPOT_all_excluded_off: ok fills=266 (53.7s)
[2100/2367] BANK2_BL-06_partial__ref: ok fills=270 (57.3s)
[2101/2367] BANK2_BL-06_partial__T_input_-raw_rsi_ex-level_rsi_sm-wilder_same_b-allowe_warmup-strict: ok fills=280 (55.1s)
[2102/2367] BANK2_BL-06_partial__T_input_-adjust_rsi_ex-level_rsi_sm-wilder_same_b-wait_b_warmup-strict: ok fills=266 (58.0s)
[2103/2367] BANK2_BL-06_partial__T_input_-raw_rsi_ex-level_rsi_sm-wilder_same_b-wait_b_warmup-strict: ok fills=278 (57.7s)
[2104/2367] BANK2_BL-06_partial__T_input_-adjust_rsi_ex-level_rsi_sm-wilder_same_b-allowe_warmup-ready_: ok fills=266 (57.2s)
[2105/2367] BANK2_BL-06_partial__T_input_-adjust_rsi_ex-level_rsi_sm-wilder_same_b-wait_b_warmup-ready_: ok fills=262 (51.9s)
[2106/2367] BANK2_BL-06_partial__T_input_-raw_rsi_ex-level_rsi_sm-wilder_same_b-allowe_warmup-ready_: ok fills=276 (54.2s)
[2107/2367] BANK2_BL-06_partial__T_input_-raw_rsi_ex-level_rsi_sm-wilder_same_b-wait_b_warmup-ready_: ok fills=274 (50.7s)
[2108/2367] BANK2_BL-06_partial__T_input_-adjust_rsi_ex-cross_rsi_sm-wilder_same_b-allowe_warmup-strict: ok fills=250 (51.8s)
[2109/2367] BANK2_BL-06_partial__T_input_-raw_rsi_ex-cross_rsi_sm-wilder_same_b-allowe_warmup-strict: ok fills=264 (52.3s)
[2110/2367] BANK2_BL-06_partial__T_input_-adjust_rsi_ex-cross_rsi_sm-wilder_same_b-wait_b_warmup-strict: ok fills=250 (48.2s)
[2111/2367] BANK2_BL-06_partial__T_input_-raw_rsi_ex-cross_rsi_sm-wilder_same_b-wait_b_warmup-strict: ok fills=264 (55.2s)
[2112/2367] BANK2_BL-06_partial__T_input_-adjust_rsi_ex-cross_rsi_sm-wilder_same_b-allowe_warmup-ready_: ok fills=246 (56.3s)
[2113/2367] BANK2_BL-06_partial__T_input_-raw_rsi_ex-cross_rsi_sm-wilder_same_b-allowe_warmup-ready_: ok fills=260 (55.3s)
[2114/2367] BANK2_BL-06_partial__T_input_-adjust_rsi_ex-level_rsi_sm-simple_same_b-allowe_warmup-ready_: exit=1 fills=None (8.9s)
[2115/2367] BANK2_BL-06_partial__T_input_-adjust_rsi_ex-cross_rsi_sm-wilder_same_b-wait_b_warmup-ready_: ok fills=246 (55.0s)
[2116/2367] BANK2_BL-06_partial__T_input_-raw_rsi_ex-cross_rsi_sm-wilder_same_b-wait_b_warmup-ready_: ok fills=260 (55.4s)
[2117/2367] BANK2_BL-06_partial__T_input_-adjust_rsi_ex-level_rsi_sm-simple_same_b-allowe_warmup-strict: ok fills=320 (53.4s)
[2118/2367] BANK2_BL-06_partial__T_input_-raw_rsi_ex-level_rsi_sm-simple_same_b-allowe_warmup-strict: ok fills=338 (54.3s)
[2119/2367] BANK2_BL-06_partial__T_input_-adjust_rsi_ex-level_rsi_sm-simple_same_b-wait_b_warmup-strict: ok fills=306 (53.5s)
[2120/2367] BANK2_BL-06_partial__T_input_-raw_rsi_ex-level_rsi_sm-simple_same_b-wait_b_warmup-strict: ok fills=324 (52.6s)
[2121/2367] BANK2_BL-06_partial__T_input_-adjust_rsi_ex-level_rsi_sm-simple_same_b-wait_b_warmup-ready_: ok fills=296 (50.6s)
[2122/2367] BANK2_BL-06_partial__T_input_-raw_rsi_ex-level_rsi_sm-simple_same_b-allowe_warmup-ready_: ok fills=324 (53.6s)
[2123/2367] BANK2_BL-06_partial__T_input_-raw_rsi_ex-level_rsi_sm-simple_same_b-wait_b_warmup-ready_: ok fills=314 (53.8s)
[2124/2367] BANK2_BL-06_partial__T_input_-adjust_rsi_ex-cross_rsi_sm-simple_same_b-allowe_warmup-strict: ok fills=270 (54.1s)
[2125/2367] BANK2_BL-06_partial__T_input_-raw_rsi_ex-cross_rsi_sm-simple_same_b-allowe_warmup-strict: ok fills=290 (53.3s)
[2126/2367] BANK2_BL-06_partial__T_input_-adjust_rsi_ex-cross_rsi_sm-simple_same_b-wait_b_warmup-strict: ok fills=270 (53.9s)
[2127/2367] BANK2_BL-06_partial__T_input_-raw_rsi_ex-cross_rsi_sm-simple_same_b-wait_b_warmup-strict: ok fills=290 (55.0s)
[2128/2367] BANK2_BL-06_partial__T_input_-adjust_rsi_ex-cross_rsi_sm-simple_same_b-allowe_warmup-ready_: ok fills=262 (49.2s)
[2129/2367] BANK2_BL-06_partial__T_input_-raw_rsi_ex-cross_rsi_sm-simple_same_b-allowe_warmup-ready_: ok fills=282 (51.1s)
[2130/2367] BANK2_BL-06_partial__T_input_-adjust_rsi_ex-cross_rsi_sm-simple_same_b-wait_b_warmup-ready_: ok fills=262 (51.4s)
[2131/2367] BANK2_BL-06_partial__OAT_a_exec-set_holdings: ok fills=270 (49.4s)
[2132/2367] BANK2_BL-06_partial__T_input_-raw_rsi_ex-cross_rsi_sm-simple_same_b-wait_b_warmup-ready_: ok fills=282 (52.6s)
[2133/2367] BANK2_BL-06_partial__OAT_cross_timing-today_ma: ok fills=266 (52.4s)
[2134/2367] BANK2_BL-06_partial__SPOT_all_excluded_off: ok fills=266 (52.6s)
[2135/2367] BANK2_BL-06_nocheck__ref: ok fills=270 (54.2s)
[2136/2367] BANK2_BL-06_nocheck__T_input_-raw_rsi_ex-level_rsi_sm-wilder_same_b-allowe_warmup-strict: ok fills=280 (54.3s)
[2137/2367] BANK2_BL-06_nocheck__T_input_-adjust_rsi_ex-level_rsi_sm-wilder_same_b-wait_b_warmup-strict: ok fills=266 (52.9s)
[2138/2367] BANK2_BL-06_nocheck__T_input_-raw_rsi_ex-level_rsi_sm-wilder_same_b-wait_b_warmup-strict: ok fills=278 (50.8s)
[2139/2367] BANK2_BL-06_nocheck__T_input_-raw_rsi_ex-level_rsi_sm-wilder_same_b-allowe_warmup-ready_: ok fills=276 (50.0s)
[2140/2367] BANK2_BL-06_nocheck__T_input_-adjust_rsi_ex-level_rsi_sm-wilder_same_b-allowe_warmup-ready_: ok fills=266 (52.9s)
[2141/2367] BANK2_BL-06_nocheck__T_input_-adjust_rsi_ex-level_rsi_sm-wilder_same_b-wait_b_warmup-ready_: ok fills=262 (52.2s)
[2142/2367] BANK2_BL-06_nocheck__T_input_-raw_rsi_ex-level_rsi_sm-wilder_same_b-wait_b_warmup-ready_: ok fills=274 (49.7s)
[2143/2367] BANK2_BL-06_nocheck__T_input_-adjust_rsi_ex-cross_rsi_sm-wilder_same_b-allowe_warmup-strict: ok fills=250 (55.2s)
[2144/2367] BANK2_BL-06_nocheck__T_input_-raw_rsi_ex-cross_rsi_sm-wilder_same_b-wait_b_warmup-ready_: exit=1 fills=None (9.1s)
[2145/2367] BANK2_BL-06_nocheck__T_input_-raw_rsi_ex-cross_rsi_sm-wilder_same_b-allowe_warmup-strict: ok fills=264 (52.1s)
[2146/2367] BANK2_BL-06_nocheck__T_input_-adjust_rsi_ex-cross_rsi_sm-wilder_same_b-wait_b_warmup-strict: ok fills=250 (54.4s)
[2147/2367] BANK2_BL-06_nocheck__T_input_-raw_rsi_ex-cross_rsi_sm-wilder_same_b-wait_b_warmup-strict: ok fills=264 (55.2s)
[2148/2367] BANK2_BL-06_nocheck__T_input_-raw_rsi_ex-cross_rsi_sm-wilder_same_b-allowe_warmup-ready_: ok fills=260 (54.0s)
[2149/2367] BANK2_BL-06_nocheck__T_input_-adjust_rsi_ex-cross_rsi_sm-wilder_same_b-allowe_warmup-ready_: ok fills=246 (58.5s)
[2150/2367] BANK2_BL-06_nocheck__T_input_-adjust_rsi_ex-cross_rsi_sm-wilder_same_b-wait_b_warmup-ready_: ok fills=246 (52.0s)
[2151/2367] BANK2_BL-06_nocheck__T_input_-adjust_rsi_ex-level_rsi_sm-simple_same_b-allowe_warmup-strict: ok fills=320 (54.4s)
[2152/2367] BANK2_BL-06_nocheck__T_input_-raw_rsi_ex-level_rsi_sm-simple_same_b-allowe_warmup-strict: ok fills=338 (54.0s)
[2153/2367] BANK2_BL-06_nocheck__T_input_-adjust_rsi_ex-level_rsi_sm-simple_same_b-wait_b_warmup-strict: ok fills=306 (55.3s)
[2154/2367] BANK2_BL-06_nocheck__T_input_-raw_rsi_ex-level_rsi_sm-simple_same_b-wait_b_warmup-strict: ok fills=324 (57.7s)
[2155/2367] BANK2_BL-06_nocheck__T_input_-adjust_rsi_ex-level_rsi_sm-simple_same_b-allowe_warmup-ready_: ok fills=306 (56.8s)
[2156/2367] BANK2_BL-06_nocheck__T_input_-raw_rsi_ex-level_rsi_sm-simple_same_b-allowe_warmup-ready_: ok fills=324 (56.6s)
[2157/2367] BANK2_BL-06_nocheck__T_input_-adjust_rsi_ex-level_rsi_sm-simple_same_b-wait_b_warmup-ready_: ok fills=296 (56.9s)
[2158/2367] BANK2_BL-06_nocheck__T_input_-raw_rsi_ex-level_rsi_sm-simple_same_b-wait_b_warmup-ready_: ok fills=314 (55.9s)
[2159/2367] BANK2_BL-06_nocheck__T_input_-adjust_rsi_ex-cross_rsi_sm-simple_same_b-allowe_warmup-strict: ok fills=270 (53.6s)
[2160/2367] BANK2_BL-06_nocheck__T_input_-raw_rsi_ex-cross_rsi_sm-simple_same_b-allowe_warmup-strict: ok fills=290 (53.3s)
[2161/2367] BANK2_BL-06_nocheck__T_input_-raw_rsi_ex-cross_rsi_sm-simple_same_b-wait_b_warmup-ready_: exit=1 fills=None (9.5s)
[2162/2367] BANK2_BL-06_nocheck__T_input_-adjust_rsi_ex-cross_rsi_sm-simple_same_b-wait_b_warmup-strict: ok fills=270 (52.4s)
[2163/2367] BANK2_BL-06_nocheck__T_input_-adjust_rsi_ex-cross_rsi_sm-simple_same_b-allowe_warmup-ready_: ok fills=262 (54.4s)
[2164/2367] BANK2_BL-06_nocheck__T_input_-raw_rsi_ex-cross_rsi_sm-simple_same_b-wait_b_warmup-strict: ok fills=290 (55.7s)
[2165/2367] BANK2_BL-06_nocheck__T_input_-raw_rsi_ex-cross_rsi_sm-simple_same_b-allowe_warmup-ready_: ok fills=282 (58.9s)
[2166/2367] BANK2_BL-06_nocheck__T_input_-adjust_rsi_ex-cross_rsi_sm-simple_same_b-wait_b_warmup-ready_: ok fills=262 (56.9s)
[2167/2367] BANK2_BL-06_nocheck__OAT_cross_timing-today_ma: ok fills=266 (58.2s)
[2168/2367] BANK2_BL-06_nocheck__OAT_a_exec-set_holdings: ok fills=270 (58.5s)
[2169/2367] BANK2_BL-06_nocheck__SPOT_all_excluded_off: ok fills=266 (58.6s)
[2170/2367] BANK2_OM-A_skip_all__ref: ok fills=270 (51.1s)
[2171/2367] BANK2_OM-A_skip_all__T_cross_-both_d_input_-adjust_rsi_ex-level_rsi_sm-wilder_same_b-wait_b_warmup-strict: ok fills=266 (50.8s)
[2172/2367] BANK2_OM-A_skip_all__T_cross_-both_d_input_-adjust_rsi_ex-level_rsi_sm-wilder_same_b-allowe_warmup-ready_: ok fills=266 (52.2s)
[2173/2367] BANK2_OM-A_skip_all__T_cross_-both_d_input_-adjust_rsi_ex-level_rsi_sm-wilder_same_b-wait_b_warmup-ready_: ok fills=262 (51.2s)
[2174/2367] BANK2_OM-A_skip_all__T_cross_-both_d_input_-adjust_rsi_ex-level_rsi_sm-simple_same_b-allowe_warmup-strict: ok fills=320 (52.1s)
[2175/2367] BANK2_OM-A_skip_all__T_cross_-both_d_input_-adjust_rsi_ex-cross_rsi_sm-wilder_same_b-wait_b_warmup-strict: exit=1 fills=None (7.6s)
[2176/2367] BANK2_OM-A_skip_all__T_cross_-both_d_input_-adjust_rsi_ex-level_rsi_sm-simple_same_b-wait_b_warmup-strict: ok fills=306 (50.2s)
[2177/2367] BANK2_OM-A_skip_all__T_cross_-both_d_input_-adjust_rsi_ex-level_rsi_sm-simple_same_b-allowe_warmup-ready_: ok fills=306 (53.4s)
[2178/2367] BANK2_OM-A_skip_all__T_cross_-both_d_input_-adjust_rsi_ex-level_rsi_sm-simple_same_b-wait_b_warmup-ready_: ok fills=296 (55.3s)
[2179/2367] BANK2_OM-A_skip_all__T_cross_-both_d_input_-adjust_rsi_ex-cross_rsi_sm-wilder_same_b-allowe_warmup-strict: ok fills=250 (51.2s)
[2180/2367] BANK2_OM-A_skip_all__T_cross_-both_d_input_-adjust_rsi_ex-cross_rsi_sm-wilder_same_b-allowe_warmup-ready_: ok fills=246 (50.4s)
[2181/2367] BANK2_OM-A_skip_all__T_cross_-both_d_input_-adjust_rsi_ex-cross_rsi_sm-wilder_same_b-wait_b_warmup-ready_: ok fills=246 (55.4s)
[2182/2367] BANK2_OM-A_skip_all__T_cross_-both_d_input_-adjust_rsi_ex-cross_rsi_sm-simple_same_b-allowe_warmup-ready_: ok fills=262 (55.3s)
[2183/2367] BANK2_OM-A_skip_all__T_cross_-both_d_input_-adjust_rsi_ex-cross_rsi_sm-simple_same_b-allowe_warmup-strict: ok fills=270 (57.1s)
[2184/2367] BANK2_OM-A_skip_all__T_cross_-both_d_input_-adjust_rsi_ex-cross_rsi_sm-simple_same_b-wait_b_warmup-strict: ok fills=270 (55.0s)
[2185/2367] BANK2_OM-A_skip_all__T_cross_-both_d_input_-adjust_rsi_ex-cross_rsi_sm-simple_same_b-wait_b_warmup-ready_: ok fills=262 (53.7s)
[2186/2367] BANK2_OM-A_skip_all__T_cross_-both_d_input_-raw_rsi_ex-level_rsi_sm-wilder_same_b-allowe_warmup-strict: ok fills=280 (55.1s)
[2187/2367] BANK2_OM-A_skip_all__T_cross_-both_d_input_-raw_rsi_ex-level_rsi_sm-wilder_same_b-allowe_warmup-ready_: ok fills=276 (55.5s)
[2188/2367] BANK2_OM-A_skip_all__T_cross_-both_d_input_-raw_rsi_ex-level_rsi_sm-simple_same_b-wait_b_warmup-ready_: exit=1 fills=None (8.8s)
[2189/2367] BANK2_OM-A_skip_all__T_cross_-both_d_input_-raw_rsi_ex-level_rsi_sm-wilder_same_b-wait_b_warmup-strict: ok fills=278 (49.3s)
[2190/2367] BANK2_OM-A_skip_all__T_cross_-both_d_input_-raw_rsi_ex-level_rsi_sm-wilder_same_b-wait_b_warmup-ready_: ok fills=274 (55.2s)
[2191/2367] BANK2_OM-A_skip_all__T_cross_-both_d_input_-raw_rsi_ex-level_rsi_sm-simple_same_b-allowe_warmup-ready_: ok fills=324 (52.1s)
[2192/2367] BANK2_OM-A_skip_all__T_cross_-both_d_input_-raw_rsi_ex-level_rsi_sm-simple_same_b-allowe_warmup-strict: ok fills=338 (54.0s)
[2193/2367] BANK2_OM-A_skip_all__T_cross_-both_d_input_-raw_rsi_ex-level_rsi_sm-simple_same_b-wait_b_warmup-strict: ok fills=324 (54.3s)
[2194/2367] BANK2_OM-A_skip_all__T_cross_-both_d_input_-raw_rsi_ex-cross_rsi_sm-wilder_same_b-allowe_warmup-strict: ok fills=264 (52.2s)
[2195/2367] BANK2_OM-A_skip_all__T_cross_-both_d_input_-raw_rsi_ex-cross_rsi_sm-wilder_same_b-allowe_warmup-ready_: ok fills=260 (53.5s)
[2196/2367] BANK2_OM-A_skip_all__T_cross_-both_d_input_-raw_rsi_ex-cross_rsi_sm-wilder_same_b-wait_b_warmup-strict: ok fills=264 (53.3s)
[2197/2367] BANK2_OM-A_skip_all__T_cross_-both_d_input_-raw_rsi_ex-cross_rsi_sm-wilder_same_b-wait_b_warmup-ready_: ok fills=260 (51.2s)
[2198/2367] BANK2_OM-A_skip_all__T_cross_-both_d_input_-raw_rsi_ex-cross_rsi_sm-simple_same_b-allowe_warmup-ready_: ok fills=282 (53.7s)
[2199/2367] BANK2_OM-A_skip_all__T_cross_-both_d_input_-raw_rsi_ex-cross_rsi_sm-simple_same_b-wait_b_warmup-strict: ok fills=290 (53.6s)
[2200/2367] BANK2_OM-A_skip_all__T_cross_-both_d_input_-raw_rsi_ex-cross_rsi_sm-simple_same_b-allowe_warmup-strict: ok fills=290 (54.4s)
[2201/2367] BANK2_OM-A_skip_all__T_cross_-both_d_input_-raw_rsi_ex-cross_rsi_sm-simple_same_b-wait_b_warmup-ready_: ok fills=282 (51.5s)
[2202/2367] BANK2_OM-A_skip_all__T_cross_-today__input_-adjust_rsi_ex-level_rsi_sm-wilder_same_b-allowe_warmup-strict: ok fills=266 (51.7s)
[2203/2367] BANK2_OM-A_skip_all__T_cross_-today__input_-adjust_rsi_ex-level_rsi_sm-wilder_same_b-allowe_warmup-ready_: ok fills=262 (53.8s)
[2204/2367] BANK2_OM-A_skip_all__T_cross_-today__input_-adjust_rsi_ex-level_rsi_sm-wilder_same_b-wait_b_warmup-strict: ok fills=262 (56.7s)
[2205/2367] BANK2_OM-A_skip_all__T_cross_-today__input_-adjust_rsi_ex-level_rsi_sm-wilder_same_b-wait_b_warmup-ready_: ok fills=258 (51.6s)
[2206/2367] BANK2_OM-A_skip_all__T_cross_-today__input_-adjust_rsi_ex-level_rsi_sm-simple_same_b-wait_b_warmup-strict: ok fills=302 (51.0s)
[2207/2367] BANK2_OM-A_skip_all__T_cross_-today__input_-adjust_rsi_ex-level_rsi_sm-simple_same_b-allowe_warmup-strict: ok fills=316 (52.5s)
[2208/2367] BANK2_OM-A_skip_all__T_cross_-today__input_-adjust_rsi_ex-level_rsi_sm-simple_same_b-allowe_warmup-ready_: ok fills=302 (54.8s)
[2209/2367] BANK2_OM-A_skip_all__T_cross_-today__input_-adjust_rsi_ex-level_rsi_sm-simple_same_b-wait_b_warmup-ready_: ok fills=292 (51.7s)
[2210/2367] BANK2_OM-A_skip_all__T_cross_-today__input_-adjust_rsi_ex-cross_rsi_sm-wilder_same_b-allowe_warmup-strict: ok fills=246 (52.9s)
[2211/2367] BANK2_OM-A_skip_all__T_cross_-today__input_-adjust_rsi_ex-cross_rsi_sm-wilder_same_b-allowe_warmup-ready_: ok fills=242 (55.6s)
[2212/2367] BANK2_OM-A_skip_all__T_cross_-today__input_-adjust_rsi_ex-cross_rsi_sm-wilder_same_b-wait_b_warmup-strict: ok fills=246 (57.8s)
[2213/2367] BANK2_OM-A_skip_all__T_cross_-today__input_-adjust_rsi_ex-cross_rsi_sm-wilder_same_b-wait_b_warmup-ready_: ok fills=242 (57.0s)
[2214/2367] BANK2_OM-A_skip_all__T_cross_-today__input_-adjust_rsi_ex-cross_rsi_sm-simple_same_b-allowe_warmup-strict: ok fills=266 (53.3s)
[2215/2367] BANK2_OM-A_skip_all__T_cross_-today__input_-adjust_rsi_ex-cross_rsi_sm-simple_same_b-allowe_warmup-ready_: ok fills=258 (54.8s)
[2216/2367] BANK2_OM-A_skip_all__T_cross_-today__input_-adjust_rsi_ex-cross_rsi_sm-simple_same_b-wait_b_warmup-strict: ok fills=266 (53.3s)
[2217/2367] BANK2_OM-A_skip_all__T_cross_-today__input_-adjust_rsi_ex-cross_rsi_sm-simple_same_b-wait_b_warmup-ready_: ok fills=258 (52.6s)
[2218/2367] BANK2_OM-A_skip_all__T_cross_-today__input_-raw_rsi_ex-level_rsi_sm-wilder_same_b-allowe_warmup-strict: ok fills=278 (51.4s)
[2219/2367] BANK2_OM-A_skip_all__T_cross_-today__input_-raw_rsi_ex-level_rsi_sm-wilder_same_b-allowe_warmup-ready_: ok fills=274 (53.6s)
[2220/2367] BANK2_OM-A_skip_all__T_cross_-today__input_-raw_rsi_ex-level_rsi_sm-wilder_same_b-wait_b_warmup-strict: ok fills=276 (55.7s)
[2221/2367] BANK2_OM-A_skip_all__T_cross_-today__input_-raw_rsi_ex-cross_rsi_sm-wilder_same_b-allowe_warmup-ready_: exit=1 fills=None (8.4s)
[2222/2367] BANK2_OM-A_skip_all__T_cross_-today__input_-raw_rsi_ex-level_rsi_sm-wilder_same_b-wait_b_warmup-ready_: ok fills=272 (56.5s)
[2223/2367] BANK2_OM-A_skip_all__T_cross_-today__input_-raw_rsi_ex-level_rsi_sm-simple_same_b-allowe_warmup-strict: ok fills=336 (54.7s)
[2224/2367] BANK2_OM-A_skip_all__T_cross_-today__input_-raw_rsi_ex-level_rsi_sm-simple_same_b-allowe_warmup-ready_: ok fills=322 (53.9s)
[2225/2367] BANK2_OM-A_skip_all__T_cross_-today__input_-raw_rsi_ex-level_rsi_sm-simple_same_b-wait_b_warmup-strict: ok fills=322 (53.3s)
[2226/2367] BANK2_OM-A_skip_all__T_cross_-today__input_-raw_rsi_ex-level_rsi_sm-simple_same_b-wait_b_warmup-ready_: ok fills=312 (51.9s)
[2227/2367] BANK2_OM-A_skip_all__T_cross_-today__input_-raw_rsi_ex-cross_rsi_sm-wilder_same_b-allowe_warmup-strict: ok fills=262 (50.7s)
[2228/2367] BANK2_OM-A_skip_all__T_cross_-today__input_-raw_rsi_ex-cross_rsi_sm-wilder_same_b-wait_b_warmup-ready_: ok fills=258 (53.4s)
[2229/2367] BANK2_OM-A_skip_all__T_cross_-today__input_-raw_rsi_ex-cross_rsi_sm-wilder_same_b-wait_b_warmup-strict: ok fills=262 (54.3s)
[2230/2367] BANK2_OM-A_skip_all__T_cross_-today__input_-raw_rsi_ex-cross_rsi_sm-simple_same_b-allowe_warmup-strict: ok fills=288 (53.2s)
[2231/2367] BANK2_OM-A_skip_all__T_cross_-today__input_-raw_rsi_ex-cross_rsi_sm-simple_same_b-allowe_warmup-ready_: ok fills=280 (53.2s)
[2232/2367] BANK2_OM-A_skip_all__T_cross_-today__input_-raw_rsi_ex-cross_rsi_sm-simple_same_b-wait_b_warmup-ready_: ok fills=280 (53.7s)
[2233/2367] BANK2_OM-A_skip_all__T_cross_-today__input_-raw_rsi_ex-cross_rsi_sm-simple_same_b-wait_b_warmup-strict: ok fills=288 (55.2s)
[2234/2367] BANK2_OM-A_skip_all__OAT_a_exec-set_holdings: ok fills=270 (58.7s)
[2235/2367] BANK2_OM-A_skip_all__SPOT_all_excluded_off: ok fills=270 (56.0s)
[2236/2367] BANK2_OM-A_try_except__ref: ok fills=270 (62.2s)
[2237/2367] BANK2_OM-A_try_except__T_cross_-both_d_input_-adjust_rsi_ex-level_rsi_sm-wilder_same_b-allowe_warmup-ready_: ok fills=266 (62.5s)
[2238/2367] BANK2_OM-A_try_except__T_cross_-both_d_input_-adjust_rsi_ex-level_rsi_sm-wilder_same_b-wait_b_warmup-strict: ok fills=266 (61.4s)
[2239/2367] BANK2_OM-A_try_except__T_cross_-both_d_input_-adjust_rsi_ex-level_rsi_sm-wilder_same_b-wait_b_warmup-ready_: ok fills=262 (61.5s)
[2240/2367] BANK2_OM-A_try_except__T_cross_-both_d_input_-adjust_rsi_ex-level_rsi_sm-simple_same_b-allowe_warmup-strict: ok fills=320 (65.2s)
[2241/2367] BANK2_OM-A_try_except__T_cross_-both_d_input_-adjust_rsi_ex-level_rsi_sm-simple_same_b-allowe_warmup-ready_: ok fills=306 (66.3s)
[2242/2367] BANK2_OM-A_try_except__T_cross_-both_d_input_-adjust_rsi_ex-level_rsi_sm-simple_same_b-wait_b_warmup-ready_: ok fills=296 (70.3s)
[2243/2367] BANK2_OM-A_try_except__T_cross_-both_d_input_-adjust_rsi_ex-level_rsi_sm-simple_same_b-wait_b_warmup-strict: ok fills=306 (71.0s)
[2244/2367] BANK2_OM-A_try_except__T_cross_-both_d_input_-adjust_rsi_ex-cross_rsi_sm-wilder_same_b-allowe_warmup-strict: ok fills=250 (59.4s)
[2245/2367] BANK2_OM-A_try_except__T_cross_-both_d_input_-adjust_rsi_ex-cross_rsi_sm-wilder_same_b-wait_b_warmup-strict: ok fills=250 (60.6s)
[2246/2367] BANK2_OM-A_try_except__T_cross_-both_d_input_-adjust_rsi_ex-cross_rsi_sm-wilder_same_b-allowe_warmup-ready_: ok fills=246 (62.1s)
[2247/2367] BANK2_OM-A_try_except__T_cross_-both_d_input_-adjust_rsi_ex-cross_rsi_sm-wilder_same_b-wait_b_warmup-ready_: ok fills=246 (54.5s)
[2248/2367] BANK2_OM-A_try_except__T_cross_-both_d_input_-adjust_rsi_ex-cross_rsi_sm-simple_same_b-allowe_warmup-strict: ok fills=270 (56.8s)
[2249/2367] BANK2_OM-A_try_except__T_cross_-both_d_input_-adjust_rsi_ex-cross_rsi_sm-simple_same_b-allowe_warmup-ready_: ok fills=262 (58.7s)
[2250/2367] BANK2_OM-A_try_except__T_cross_-both_d_input_-adjust_rsi_ex-cross_rsi_sm-simple_same_b-wait_b_warmup-strict: ok fills=270 (58.5s)
[2251/2367] BANK2_OM-A_try_except__T_cross_-both_d_input_-adjust_rsi_ex-cross_rsi_sm-simple_same_b-wait_b_warmup-ready_: ok fills=262 (60.2s)
[2252/2367] BANK2_OM-A_try_except__T_cross_-both_d_input_-raw_rsi_ex-level_rsi_sm-wilder_same_b-allowe_warmup-strict: ok fills=280 (57.2s)
[2253/2367] BANK2_OM-A_try_except__T_cross_-both_d_input_-raw_rsi_ex-level_rsi_sm-wilder_same_b-allowe_warmup-ready_: ok fills=276 (57.4s)
[2254/2367] BANK2_OM-A_try_except__T_cross_-both_d_input_-raw_rsi_ex-level_rsi_sm-wilder_same_b-wait_b_warmup-strict: ok fills=278 (57.1s)
[2255/2367] BANK2_OM-A_try_except__T_cross_-both_d_input_-raw_rsi_ex-level_rsi_sm-wilder_same_b-wait_b_warmup-ready_: ok fills=274 (57.0s)
[2256/2367] BANK2_OM-A_try_except__T_cross_-both_d_input_-raw_rsi_ex-level_rsi_sm-simple_same_b-allowe_warmup-strict: ok fills=338 (57.5s)
[2257/2367] BANK2_OM-A_try_except__T_cross_-both_d_input_-raw_rsi_ex-level_rsi_sm-simple_same_b-allowe_warmup-ready_: ok fills=324 (54.9s)
[2258/2367] BANK2_OM-A_try_except__T_cross_-both_d_input_-raw_rsi_ex-level_rsi_sm-simple_same_b-wait_b_warmup-strict: ok fills=324 (52.9s)
[2259/2367] BANK2_OM-A_try_except__T_cross_-both_d_input_-raw_rsi_ex-level_rsi_sm-simple_same_b-wait_b_warmup-ready_: ok fills=314 (55.2s)
[2260/2367] BANK2_OM-A_try_except__T_cross_-both_d_input_-raw_rsi_ex-cross_rsi_sm-wilder_same_b-allowe_warmup-strict: ok fills=264 (56.4s)
[2261/2367] BANK2_OM-A_try_except__T_cross_-both_d_input_-raw_rsi_ex-cross_rsi_sm-wilder_same_b-allowe_warmup-ready_: ok fills=260 (54.8s)
[2262/2367] BANK2_OM-A_try_except__T_cross_-both_d_input_-raw_rsi_ex-cross_rsi_sm-wilder_same_b-wait_b_warmup-strict: ok fills=264 (54.6s)
[2263/2367] BANK2_OM-A_try_except__T_cross_-both_d_input_-raw_rsi_ex-cross_rsi_sm-wilder_same_b-wait_b_warmup-ready_: ok fills=260 (57.8s)
[2264/2367] BANK2_OM-A_try_except__T_cross_-both_d_input_-raw_rsi_ex-cross_rsi_sm-simple_same_b-allowe_warmup-strict: ok fills=290 (57.3s)
[2265/2367] BANK2_OM-A_try_except__T_cross_-both_d_input_-raw_rsi_ex-cross_rsi_sm-simple_same_b-allowe_warmup-ready_: ok fills=282 (59.3s)
[2266/2367] BANK2_OM-A_try_except__T_cross_-both_d_input_-raw_rsi_ex-cross_rsi_sm-simple_same_b-wait_b_warmup-strict: ok fills=290 (56.9s)
[2267/2367] BANK2_OM-A_try_except__T_cross_-both_d_input_-raw_rsi_ex-cross_rsi_sm-simple_same_b-wait_b_warmup-ready_: ok fills=282 (53.5s)
[2268/2367] BANK2_OM-A_try_except__T_cross_-today__input_-adjust_rsi_ex-level_rsi_sm-wilder_same_b-allowe_warmup-ready_: ok fills=262 (54.2s)
[2269/2367] BANK2_OM-A_try_except__T_cross_-today__input_-adjust_rsi_ex-level_rsi_sm-wilder_same_b-allowe_warmup-strict: ok fills=266 (55.4s)
[2270/2367] BANK2_OM-A_try_except__T_cross_-today__input_-adjust_rsi_ex-level_rsi_sm-wilder_same_b-wait_b_warmup-strict: ok fills=262 (55.5s)
[2271/2367] BANK2_OM-A_try_except__T_cross_-today__input_-adjust_rsi_ex-level_rsi_sm-wilder_same_b-wait_b_warmup-ready_: ok fills=258 (58.5s)
[2272/2367] BANK2_OM-A_try_except__T_cross_-today__input_-adjust_rsi_ex-level_rsi_sm-simple_same_b-allowe_warmup-strict: ok fills=316 (58.5s)
[2273/2367] BANK2_OM-A_try_except__T_cross_-today__input_-adjust_rsi_ex-level_rsi_sm-simple_same_b-allowe_warmup-ready_: ok fills=302 (58.1s)
[2274/2367] BANK2_OM-A_try_except__T_cross_-today__input_-adjust_rsi_ex-level_rsi_sm-simple_same_b-wait_b_warmup-strict: ok fills=302 (57.5s)
[2275/2367] BANK2_OM-A_try_except__T_cross_-today__input_-adjust_rsi_ex-level_rsi_sm-simple_same_b-wait_b_warmup-ready_: ok fills=292 (58.7s)
[2276/2367] BANK2_OM-A_try_except__T_cross_-today__input_-adjust_rsi_ex-cross_rsi_sm-wilder_same_b-allowe_warmup-strict: ok fills=246 (57.1s)
[2277/2367] BANK2_OM-A_try_except__T_cross_-today__input_-adjust_rsi_ex-cross_rsi_sm-wilder_same_b-wait_b_warmup-strict: ok fills=246 (57.3s)
[2278/2367] BANK2_OM-A_try_except__T_cross_-today__input_-adjust_rsi_ex-cross_rsi_sm-wilder_same_b-allowe_warmup-ready_: ok fills=242 (60.0s)
[2279/2367] BANK2_OM-A_try_except__T_cross_-today__input_-adjust_rsi_ex-cross_rsi_sm-wilder_same_b-wait_b_warmup-ready_: ok fills=242 (57.9s)
[2280/2367] BANK2_OM-A_try_except__T_cross_-today__input_-adjust_rsi_ex-cross_rsi_sm-simple_same_b-allowe_warmup-strict: ok fills=266 (58.9s)
[2281/2367] BANK2_OM-A_try_except__T_cross_-today__input_-adjust_rsi_ex-cross_rsi_sm-simple_same_b-allowe_warmup-ready_: ok fills=258 (61.1s)
[2282/2367] BANK2_OM-A_try_except__T_cross_-today__input_-adjust_rsi_ex-cross_rsi_sm-simple_same_b-wait_b_warmup-ready_: ok fills=258 (58.7s)
[2283/2367] BANK2_OM-A_try_except__T_cross_-today__input_-adjust_rsi_ex-cross_rsi_sm-simple_same_b-wait_b_warmup-strict: ok fills=266 (61.7s)
[2284/2367] BANK2_OM-A_try_except__T_cross_-today__input_-raw_rsi_ex-level_rsi_sm-wilder_same_b-allowe_warmup-strict: ok fills=278 (57.0s)
[2285/2367] BANK2_OM-A_try_except__T_cross_-today__input_-raw_rsi_ex-level_rsi_sm-wilder_same_b-allowe_warmup-ready_: ok fills=274 (55.9s)
[2286/2367] BANK2_OM-A_try_except__T_cross_-today__input_-raw_rsi_ex-level_rsi_sm-wilder_same_b-wait_b_warmup-strict: ok fills=276 (57.5s)
[2287/2367] BANK2_OM-A_try_except__T_cross_-today__input_-raw_rsi_ex-level_rsi_sm-wilder_same_b-wait_b_warmup-ready_: ok fills=272 (57.8s)
[2288/2367] BANK2_OM-A_try_except__T_cross_-today__input_-raw_rsi_ex-level_rsi_sm-simple_same_b-allowe_warmup-strict: ok fills=336 (60.3s)
[2289/2367] BANK2_OM-A_try_except__T_cross_-today__input_-raw_rsi_ex-level_rsi_sm-simple_same_b-allowe_warmup-ready_: ok fills=322 (59.7s)
[2290/2367] BANK2_OM-A_try_except__T_cross_-today__input_-raw_rsi_ex-level_rsi_sm-simple_same_b-wait_b_warmup-ready_: ok fills=312 (61.4s)
[2291/2367] BANK2_OM-A_try_except__T_cross_-today__input_-raw_rsi_ex-level_rsi_sm-simple_same_b-wait_b_warmup-strict: ok fills=322 (62.5s)
[2292/2367] BANK2_OM-A_try_except__T_cross_-today__input_-raw_rsi_ex-cross_rsi_sm-wilder_same_b-allowe_warmup-strict: ok fills=262 (60.1s)
[2293/2367] BANK2_OM-A_try_except__T_cross_-today__input_-raw_rsi_ex-cross_rsi_sm-wilder_same_b-allowe_warmup-ready_: ok fills=258 (62.1s)
[2294/2367] BANK2_OM-A_try_except__T_cross_-today__input_-raw_rsi_ex-cross_rsi_sm-wilder_same_b-wait_b_warmup-strict: ok fills=262 (62.3s)
[2295/2367] BANK2_OM-A_try_except__T_cross_-today__input_-raw_rsi_ex-cross_rsi_sm-wilder_same_b-wait_b_warmup-ready_: ok fills=258 (58.1s)
[2296/2367] BANK2_OM-A_try_except__T_cross_-today__input_-raw_rsi_ex-cross_rsi_sm-simple_same_b-allowe_warmup-strict: ok fills=288 (58.5s)
[2297/2367] BANK2_OM-A_try_except__T_cross_-today__input_-raw_rsi_ex-cross_rsi_sm-simple_same_b-allowe_warmup-ready_: ok fills=280 (58.3s)
[2298/2367] BANK2_OM-A_try_except__T_cross_-today__input_-raw_rsi_ex-cross_rsi_sm-simple_same_b-wait_b_warmup-strict: ok fills=288 (57.0s)
[2299/2367] BANK2_OM-A_try_except__T_cross_-today__input_-raw_rsi_ex-cross_rsi_sm-simple_same_b-wait_b_warmup-ready_: ok fills=280 (56.5s)
[2300/2367] BANK2_OM-A_try_except__OAT_a_exec-set_holdings: ok fills=270 (60.8s)
[2301/2367] BANK2_OM-A_try_except__SPOT_all_excluded_off: ok fills=270 (59.5s)
[2302/2367] BANK2_OM-A_per_ticker__ref: ok fills=270 (62.4s)
[2303/2367] BANK2_OM-A_per_ticker__T_cross_-both_d_input_-adjust_rsi_ex-level_rsi_sm-wilder_same_b-allowe_warmup-ready_: ok fills=266 (58.6s)
[2304/2367] BANK2_OM-A_per_ticker__T_cross_-both_d_input_-adjust_rsi_ex-level_rsi_sm-wilder_same_b-wait_b_warmup-strict: ok fills=266 (54.8s)
[2305/2367] BANK2_OM-A_per_ticker__T_cross_-both_d_input_-adjust_rsi_ex-cross_rsi_sm-wilder_same_b-allowe_warmup-ready_: exit=1 fills=None (9.4s)
[2306/2367] BANK2_OM-A_per_ticker__T_cross_-both_d_input_-adjust_rsi_ex-level_rsi_sm-wilder_same_b-wait_b_warmup-ready_: ok fills=262 (53.9s)
[2307/2367] BANK2_OM-A_per_ticker__T_cross_-both_d_input_-adjust_rsi_ex-level_rsi_sm-simple_same_b-allowe_warmup-strict: ok fills=320 (56.5s)
[2308/2367] BANK2_OM-A_per_ticker__T_cross_-both_d_input_-adjust_rsi_ex-level_rsi_sm-simple_same_b-allowe_warmup-ready_: ok fills=306 (56.6s)
[2309/2367] BANK2_OM-A_per_ticker__T_cross_-both_d_input_-adjust_rsi_ex-level_rsi_sm-simple_same_b-wait_b_warmup-ready_: ok fills=296 (56.5s)
[2310/2367] BANK2_OM-A_per_ticker__T_cross_-both_d_input_-adjust_rsi_ex-level_rsi_sm-simple_same_b-wait_b_warmup-strict: ok fills=306 (58.9s)
[2311/2367] BANK2_OM-A_per_ticker__T_cross_-both_d_input_-adjust_rsi_ex-cross_rsi_sm-wilder_same_b-allowe_warmup-strict: ok fills=250 (55.1s)
[2312/2367] BANK2_OM-A_per_ticker__T_cross_-both_d_input_-adjust_rsi_ex-cross_rsi_sm-wilder_same_b-wait_b_warmup-strict: ok fills=250 (57.5s)
[2313/2367] BANK2_OM-A_per_ticker__T_cross_-both_d_input_-adjust_rsi_ex-cross_rsi_sm-wilder_same_b-wait_b_warmup-ready_: ok fills=246 (57.5s)
[2314/2367] BANK2_OM-A_per_ticker__T_cross_-both_d_input_-adjust_rsi_ex-cross_rsi_sm-simple_same_b-allowe_warmup-strict: ok fills=270 (55.2s)
[2315/2367] BANK2_OM-A_per_ticker__T_cross_-both_d_input_-adjust_rsi_ex-cross_rsi_sm-simple_same_b-wait_b_warmup-strict: ok fills=270 (54.5s)
[2316/2367] BANK2_OM-A_per_ticker__T_cross_-both_d_input_-adjust_rsi_ex-cross_rsi_sm-simple_same_b-allowe_warmup-ready_: ok fills=262 (55.6s)
[2317/2367] BANK2_OM-A_per_ticker__T_cross_-both_d_input_-adjust_rsi_ex-cross_rsi_sm-simple_same_b-wait_b_warmup-ready_: ok fills=262 (56.1s)
[2318/2367] BANK2_OM-A_per_ticker__T_cross_-both_d_input_-raw_rsi_ex-level_rsi_sm-wilder_same_b-allowe_warmup-strict: ok fills=280 (57.2s)
[2319/2367] BANK2_OM-A_per_ticker__T_cross_-both_d_input_-raw_rsi_ex-level_rsi_sm-wilder_same_b-allowe_warmup-ready_: ok fills=276 (56.8s)
[2320/2367] BANK2_OM-A_per_ticker__T_cross_-both_d_input_-raw_rsi_ex-level_rsi_sm-wilder_same_b-wait_b_warmup-strict: ok fills=278 (59.5s)
[2321/2367] BANK2_OM-A_per_ticker__T_cross_-both_d_input_-raw_rsi_ex-level_rsi_sm-simple_same_b-allowe_warmup-strict: ok fills=338 (60.2s)
[2322/2367] BANK2_OM-A_per_ticker__T_cross_-both_d_input_-raw_rsi_ex-level_rsi_sm-wilder_same_b-wait_b_warmup-ready_: ok fills=274 (61.2s)
[2323/2367] BANK2_OM-A_per_ticker__T_cross_-both_d_input_-raw_rsi_ex-level_rsi_sm-simple_same_b-allowe_warmup-ready_: ok fills=324 (53.9s)
[2324/2367] BANK2_OM-A_per_ticker__T_cross_-both_d_input_-raw_rsi_ex-level_rsi_sm-simple_same_b-wait_b_warmup-strict: ok fills=324 (53.2s)
[2325/2367] BANK2_OM-A_per_ticker__T_cross_-both_d_input_-raw_rsi_ex-cross_rsi_sm-wilder_same_b-wait_b_warmup-ready_: exit=1 fills=None (10.2s)
[2326/2367] BANK2_OM-A_per_ticker__T_cross_-both_d_input_-raw_rsi_ex-level_rsi_sm-simple_same_b-wait_b_warmup-ready_: ok fills=314 (52.4s)
[2327/2367] BANK2_OM-A_per_ticker__T_cross_-both_d_input_-raw_rsi_ex-cross_rsi_sm-wilder_same_b-allowe_warmup-strict: ok fills=264 (54.1s)
[2328/2367] BANK2_OM-A_per_ticker__T_cross_-both_d_input_-raw_rsi_ex-cross_rsi_sm-wilder_same_b-allowe_warmup-ready_: ok fills=260 (51.4s)
[2329/2367] BANK2_OM-A_per_ticker__T_cross_-both_d_input_-raw_rsi_ex-cross_rsi_sm-simple_same_b-allowe_warmup-strict: ok fills=290 (51.7s)
[2330/2367] BANK2_OM-A_per_ticker__T_cross_-both_d_input_-raw_rsi_ex-cross_rsi_sm-wilder_same_b-wait_b_warmup-strict: ok fills=264 (54.3s)
[2331/2367] BANK2_OM-A_per_ticker__T_cross_-both_d_input_-raw_rsi_ex-cross_rsi_sm-simple_same_b-allowe_warmup-ready_: ok fills=282 (52.7s)
[2332/2367] BANK2_OM-A_per_ticker__T_cross_-both_d_input_-raw_rsi_ex-cross_rsi_sm-simple_same_b-wait_b_warmup-strict: ok fills=290 (53.6s)
[2333/2367] BANK2_OM-A_per_ticker__T_cross_-both_d_input_-raw_rsi_ex-cross_rsi_sm-simple_same_b-wait_b_warmup-ready_: ok fills=282 (54.4s)
[2334/2367] BANK2_OM-A_per_ticker__T_cross_-today__input_-adjust_rsi_ex-level_rsi_sm-wilder_same_b-allowe_warmup-strict: ok fills=266 (51.2s)
[2335/2367] BANK2_OM-A_per_ticker__T_cross_-today__input_-adjust_rsi_ex-level_rsi_sm-wilder_same_b-allowe_warmup-ready_: ok fills=262 (53.8s)
[2336/2367] BANK2_OM-A_per_ticker__T_cross_-today__input_-adjust_rsi_ex-level_rsi_sm-wilder_same_b-wait_b_warmup-strict: ok fills=262 (53.6s)
[2337/2367] BANK2_OM-A_per_ticker__T_cross_-today__input_-adjust_rsi_ex-level_rsi_sm-wilder_same_b-wait_b_warmup-ready_: ok fills=258 (53.6s)
[2338/2367] BANK2_OM-A_per_ticker__T_cross_-today__input_-adjust_rsi_ex-level_rsi_sm-simple_same_b-allowe_warmup-strict: ok fills=316 (56.0s)
[2339/2367] BANK2_OM-A_per_ticker__T_cross_-today__input_-adjust_rsi_ex-level_rsi_sm-simple_same_b-allowe_warmup-ready_: ok fills=302 (57.8s)
[2340/2367] BANK2_OM-A_per_ticker__T_cross_-today__input_-adjust_rsi_ex-level_rsi_sm-simple_same_b-wait_b_warmup-ready_: ok fills=292 (55.6s)
[2341/2367] BANK2_OM-A_per_ticker__T_cross_-today__input_-adjust_rsi_ex-level_rsi_sm-simple_same_b-wait_b_warmup-strict: ok fills=302 (57.9s)
[2342/2367] BANK2_OM-A_per_ticker__T_cross_-today__input_-adjust_rsi_ex-cross_rsi_sm-wilder_same_b-allowe_warmup-strict: ok fills=246 (51.7s)
[2343/2367] BANK2_OM-A_per_ticker__T_cross_-today__input_-adjust_rsi_ex-cross_rsi_sm-wilder_same_b-wait_b_warmup-strict: ok fills=246 (53.7s)
[2344/2367] BANK2_OM-A_per_ticker__T_cross_-today__input_-adjust_rsi_ex-cross_rsi_sm-wilder_same_b-allowe_warmup-ready_: ok fills=242 (55.5s)
[2345/2367] BANK2_OM-A_per_ticker__T_cross_-today__input_-adjust_rsi_ex-cross_rsi_sm-wilder_same_b-wait_b_warmup-ready_: ok fills=242 (50.5s)
[2346/2367] BANK2_OM-A_per_ticker__T_cross_-today__input_-adjust_rsi_ex-cross_rsi_sm-simple_same_b-allowe_warmup-strict: ok fills=266 (50.9s)
[2347/2367] BANK2_OM-A_per_ticker__T_cross_-today__input_-adjust_rsi_ex-cross_rsi_sm-simple_same_b-wait_b_warmup-strict: ok fills=266 (53.8s)
[2348/2367] BANK2_OM-A_per_ticker__T_cross_-today__input_-adjust_rsi_ex-cross_rsi_sm-simple_same_b-allowe_warmup-ready_: ok fills=258 (55.1s)
[2349/2367] BANK2_OM-A_per_ticker__T_cross_-today__input_-adjust_rsi_ex-cross_rsi_sm-simple_same_b-wait_b_warmup-ready_: ok fills=258 (56.4s)
[2350/2367] BANK2_OM-A_per_ticker__T_cross_-today__input_-raw_rsi_ex-level_rsi_sm-wilder_same_b-allowe_warmup-strict: ok fills=278 (55.6s)
[2351/2367] BANK2_OM-A_per_ticker__T_cross_-today__input_-raw_rsi_ex-level_rsi_sm-wilder_same_b-allowe_warmup-ready_: ok fills=274 (58.6s)
[2352/2367] BANK2_OM-A_per_ticker__T_cross_-today__input_-raw_rsi_ex-level_rsi_sm-wilder_same_b-wait_b_warmup-strict: ok fills=276 (58.7s)
[2353/2367] BANK2_OM-A_per_ticker__T_cross_-today__input_-raw_rsi_ex-level_rsi_sm-wilder_same_b-wait_b_warmup-ready_: ok fills=272 (54.7s)
[2354/2367] BANK2_OM-A_per_ticker__T_cross_-today__input_-raw_rsi_ex-level_rsi_sm-simple_same_b-allowe_warmup-strict: ok fills=336 (52.8s)
[2355/2367] BANK2_OM-A_per_ticker__T_cross_-today__input_-raw_rsi_ex-level_rsi_sm-simple_same_b-allowe_warmup-ready_: ok fills=322 (52.3s)
[2356/2367] BANK2_OM-A_per_ticker__T_cross_-today__input_-raw_rsi_ex-level_rsi_sm-simple_same_b-wait_b_warmup-strict: ok fills=322 (51.6s)
[2357/2367] BANK2_OM-A_per_ticker__T_cross_-today__input_-raw_rsi_ex-level_rsi_sm-simple_same_b-wait_b_warmup-ready_: ok fills=312 (52.6s)
[2358/2367] BANK2_OM-A_per_ticker__T_cross_-today__input_-raw_rsi_ex-cross_rsi_sm-wilder_same_b-allowe_warmup-strict: ok fills=262 (53.6s)
[2359/2367] BANK2_OM-A_per_ticker__T_cross_-today__input_-raw_rsi_ex-cross_rsi_sm-wilder_same_b-wait_b_warmup-strict: ok fills=262 (55.6s)
[2360/2367] BANK2_OM-A_per_ticker__T_cross_-today__input_-raw_rsi_ex-cross_rsi_sm-wilder_same_b-allowe_warmup-ready_: ok fills=258 (57.0s)
[2361/2367] BANK2_OM-A_per_ticker__T_cross_-today__input_-raw_rsi_ex-cross_rsi_sm-wilder_same_b-wait_b_warmup-ready_: ok fills=258 (57.5s)
[2362/2367] BANK2_OM-A_per_ticker__T_cross_-today__input_-raw_rsi_ex-cross_rsi_sm-simple_same_b-allowe_warmup-strict: ok fills=288 (56.8s)
[2363/2367] BANK2_OM-A_per_ticker__T_cross_-today__input_-raw_rsi_ex-cross_rsi_sm-simple_same_b-wait_b_warmup-strict: ok fills=288 (50.5s)
[2364/2367] BANK2_OM-A_per_ticker__T_cross_-today__input_-raw_rsi_ex-cross_rsi_sm-simple_same_b-allowe_warmup-ready_: ok fills=280 (51.4s)
[2365/2367] BANK2_OM-A_per_ticker__T_cross_-today__input_-raw_rsi_ex-cross_rsi_sm-simple_same_b-wait_b_warmup-ready_: ok fills=280 (50.0s)
[2366/2367] BANK2_OM-A_per_ticker__OAT_a_exec-set_holdings: ok fills=270 (42.4s)
[2367/2367] BANK2_OM-A_per_ticker__SPOT_all_excluded_off: ok fills=270 (32.7s)
BUILD DONE
