freeze OK t1=5ae1bdb0e71a all=0eeb421b90d4 engine={'engine_image': 'quantconnect/lean@sha256:dc84a683464681b2e6c9579bc7655e16d4802380367c77004e40a6a504088bd7', 'lean_cli': 'lean 1.0.227', 'git_rev': 'b11f5d122f97867cc5ed6d1c49ddee57e4628667'}
jobs=2367 workers=4
[1/2367] BANK2_DONOR_pin__OAT_rsi_smoothing-simple: cached
[2/2367] BANK2_DONOR_pin__OAT_rsi_exit-cross: cached
[3/2367] BANK2_DONOR_pin__OAT_warmup-ready_check: cached
[4/2367] BANK2_DONOR_pin__OAT_warmup-ready_per_rule: cached
[5/2367] BANK2_DONOR_pin__OAT_a_exec-set_holdings: cached
[6/2367] BANK2_DONOR_pin__OAT_same_bar_reentry-wait_bar: cached
[7/2367] BANK2_DONOR_pin__OAT_cross_timing-today_ma: cached
[8/2367] BANK2_DONOR_pin__SPOT_all_excluded_off: cached
[9/2367] BANK2_DONOR_pin__OAT_input_field-raw: cached
[10/2367] BANK2_BL-01a_SMA__T_cross_-both_d_input_-raw_warmup-strict: cached
[11/2367] BANK2_BL-01a_SMA__ref: cached
[12/2367] BANK2_BL-01a_SMA__T_cross_-today__input_-adjust_warmup-strict: cached
[13/2367] BANK2_BL-01a_SMA__T_cross_-today__input_-adjust_warmup-ready_: cached
[14/2367] BANK2_BL-01a_SMA__T_cross_-both_d_input_-adjust_warmup-ready_: cached
[15/2367] BANK2_BL-01a_SMA__T_cross_-today__input_-raw_warmup-strict: cached
[16/2367] BANK2_BL-01a_SMA__T_cross_-both_d_input_-raw_warmup-ready_: cached
[17/2367] BANK2_BL-01a_SMA__OAT_rsi_smoothing-simple: cached
[18/2367] BANK2_BL-01a_SMA__OAT_a_exec-set_holdings: cached
[19/2367] BANK2_BL-01a_SMA__OAT_same_bar_reentry-wait_bar: cached
[20/2367] BANK2_BL-01a_SMA__SPOT_all_excluded_off: cached
[21/2367] BANK2_BL-01a_EMA__ref: cached
[22/2367] BANK2_BL-01a_EMA__ref_wb-150: cached
[23/2367] BANK2_BL-01a_EMA__ref_wb-200: cached
[24/2367] BANK2_BL-01a_EMA__ref_wb-252: cached
[25/2367] BANK2_BL-01a_EMA__T_cross_-today__input_-adjust_warmup-strict: cached
[26/2367] BANK2_BL-01a_EMA__T_cross_-today__input_-adjust_warmup-strict_wb-150: cached
[27/2367] BANK2_BL-01a_EMA__T_cross_-today__input_-adjust_warmup-strict_wb-200: cached
[28/2367] BANK2_BL-01a_EMA__T_cross_-today__input_-adjust_warmup-strict_wb-252: cached
[29/2367] BANK2_BL-01a_EMA__T_cross_-both_d_input_-raw_warmup-strict: cached
[30/2367] BANK2_BL-01a_EMA__T_cross_-both_d_input_-raw_warmup-strict_wb-150: cached
[31/2367] BANK2_BL-01a_EMA__T_cross_-both_d_input_-raw_warmup-strict_wb-200: cached
[32/2367] BANK2_BL-01a_EMA__T_cross_-both_d_input_-raw_warmup-strict_wb-252: cached
[33/2367] BANK2_BL-01a_EMA__T_cross_-today__input_-raw_warmup-strict: cached
[34/2367] BANK2_BL-01a_EMA__T_cross_-today__input_-raw_warmup-strict_wb-150: cached
[35/2367] BANK2_BL-01a_EMA__T_cross_-today__input_-raw_warmup-strict_wb-200: cached
[36/2367] BANK2_BL-01a_EMA__T_cross_-today__input_-raw_warmup-strict_wb-252: cached
[37/2367] BANK2_BL-01a_EMA__T_cross_-both_d_input_-adjust_warmup-ready_: cached
[38/2367] BANK2_BL-01a_EMA__T_cross_-today__input_-adjust_warmup-ready_: cached
[39/2367] BANK2_BL-01a_EMA__T_cross_-both_d_input_-raw_warmup-ready_: cached
[40/2367] BANK2_BL-01a_EMA__T_cross_-today__input_-raw_warmup-ready_: cached
[41/2367] BANK2_BL-01a_EMA__OAT_rsi_smoothing-simple: cached
[42/2367] BANK2_BL-01a_EMA__OAT_rsi_exit-cross: cached
[43/2367] BANK2_BL-01a_EMA__OAT_a_exec-set_holdings: cached
[44/2367] BANK2_BL-01a_EMA__OAT_same_bar_reentry-wait_bar: cached
[45/2367] BANK2_BL-01a_EMA__SPOT_all_excluded_off: cached
[46/2367] BANK2_BL-01a_WMA__ref: cached
[47/2367] BANK2_BL-01a_WMA__T_cross_-today__input_-adjust_warmup-strict: cached
[48/2367] BANK2_BL-01a_WMA__T_cross_-both_d_input_-raw_warmup-strict: cached
[49/2367] BANK2_BL-01a_WMA__T_cross_-today__input_-raw_warmup-strict: cached
[50/2367] BANK2_BL-01a_WMA__T_cross_-both_d_input_-adjust_warmup-ready_: cached
[51/2367] BANK2_BL-01a_WMA__T_cross_-today__input_-adjust_warmup-ready_: cached
[52/2367] BANK2_BL-01a_SMA__OAT_rsi_exit-cross: ok fills=250 (33.6s)
[53/2367] BANK2_BL-01a_WMA__T_cross_-today__input_-raw_warmup-ready_: cached
[54/2367] BANK2_BL-01a_WMA__OAT_rsi_smoothing-simple: cached
[55/2367] BANK2_BL-01a_WMA__OAT_rsi_exit-cross: cached
[56/2367] BANK2_BL-01a_WMA__OAT_a_exec-set_holdings: cached
[57/2367] BANK2_BL-01a_WMA__OAT_same_bar_reentry-wait_bar: cached
[58/2367] BANK2_BL-01a_WMA__SPOT_all_excluded_off: cached
[59/2367] BANK2_BL-01b_p10__ref: cached
[60/2367] BANK2_BL-01b_p10__T_cross_-today__input_-adjust_warmup-strict: cached
[61/2367] BANK2_BL-01b_p10__T_cross_-both_d_input_-raw_warmup-strict: cached
[62/2367] BANK2_BL-01b_p10__T_cross_-today__input_-raw_warmup-strict: cached
[63/2367] BANK2_BL-01b_p10__T_cross_-both_d_input_-adjust_warmup-ready_: cached
[64/2367] BANK2_BL-01b_p10__T_cross_-today__input_-adjust_warmup-ready_: cached
[65/2367] BANK2_BL-01b_p10__T_cross_-both_d_input_-raw_warmup-ready_: cached
[66/2367] BANK2_BL-01b_p10__T_cross_-today__input_-raw_warmup-ready_: cached
[67/2367] BANK2_BL-01b_p10__OAT_rsi_smoothing-simple: cached
[68/2367] BANK2_BL-01b_p10__OAT_rsi_exit-cross: cached
[69/2367] BANK2_BL-01b_p10__OAT_a_exec-set_holdings: cached
[70/2367] BANK2_BL-01b_p10__OAT_same_bar_reentry-wait_bar: cached
[71/2367] BANK2_BL-01b_p10__SPOT_all_excluded_off: cached
[72/2367] BANK2_BL-01b_p20__ref: cached
[73/2367] BANK2_BL-01b_p20__T_cross_-today__input_-adjust_warmup-strict: cached
[74/2367] BANK2_BL-01b_p20__T_cross_-both_d_input_-raw_warmup-strict: cached
[75/2367] BANK2_BL-01b_p20__T_cross_-today__input_-raw_warmup-strict: cached
[76/2367] BANK2_BL-01b_p20__T_cross_-both_d_input_-adjust_warmup-ready_: cached
[77/2367] BANK2_BL-01b_p20__T_cross_-today__input_-adjust_warmup-ready_: cached
[78/2367] BANK2_BL-01b_p20__T_cross_-both_d_input_-raw_warmup-ready_: cached
[79/2367] BANK2_BL-01b_p20__T_cross_-today__input_-raw_warmup-ready_: cached
[80/2367] BANK2_BL-01b_p20__OAT_rsi_smoothing-simple: cached
[81/2367] BANK2_BL-01b_p20__OAT_rsi_exit-cross: cached
[82/2367] BANK2_BL-01b_p20__OAT_a_exec-set_holdings: cached
[83/2367] BANK2_BL-01b_p20__OAT_same_bar_reentry-wait_bar: cached
[84/2367] BANK2_BL-01b_p20__SPOT_all_excluded_off: cached
[85/2367] BANK2_BL-01b_p50__ref: cached
[86/2367] BANK2_BL-01b_p50__T_cross_-today__input_-adjust_warmup-strict: cached
[87/2367] BANK2_BL-01b_p50__T_cross_-both_d_input_-raw_warmup-strict: cached
[88/2367] BANK2_BL-01a_SMA__T_cross_-today__input_-raw_warmup-ready_: ok fills=274 (33.9s)
[89/2367] BANK2_BL-01b_p50__T_cross_-both_d_input_-adjust_warmup-ready_: cached
[90/2367] BANK2_BL-01b_p50__T_cross_-today__input_-adjust_warmup-ready_: cached
[91/2367] BANK2_BL-01b_p50__T_cross_-both_d_input_-raw_warmup-ready_: cached
[92/2367] BANK2_BL-01b_p50__T_cross_-today__input_-raw_warmup-ready_: cached
[93/2367] BANK2_BL-01b_p50__OAT_rsi_smoothing-simple: cached
[94/2367] BANK2_BL-01b_p50__OAT_rsi_exit-cross: cached
[95/2367] BANK2_BL-01b_p50__OAT_a_exec-set_holdings: cached
[96/2367] BANK2_BL-01b_p50__OAT_same_bar_reentry-wait_bar: cached
[97/2367] BANK2_BL-01b_p50__SPOT_all_excluded_off: cached
[98/2367] BANK2_BL-01b_p100__ref: cached
[99/2367] BANK2_BL-01b_p100__T_cross_-today__input_-adjust_warmup-strict: cached
[100/2367] BANK2_BL-01b_p100__T_cross_-both_d_input_-raw_warmup-strict: cached
[101/2367] BANK2_BL-01b_p100__T_cross_-today__input_-raw_warmup-strict: cached
[102/2367] BANK2_BL-01b_p100__T_cross_-both_d_input_-adjust_warmup-ready_: cached
[103/2367] BANK2_BL-01b_p100__T_cross_-today__input_-adjust_warmup-ready_: cached
[104/2367] BANK2_BL-01b_p100__T_cross_-both_d_input_-raw_warmup-ready_: cached
[105/2367] BANK2_BL-01b_p100__T_cross_-today__input_-raw_warmup-ready_: cached
[106/2367] BANK2_BL-01b_p100__OAT_rsi_smoothing-simple: cached
[107/2367] BANK2_BL-01b_p100__OAT_rsi_exit-cross: cached
[108/2367] BANK2_BL-01b_p100__OAT_a_exec-set_holdings: cached
[109/2367] BANK2_BL-01b_p100__OAT_same_bar_reentry-wait_bar: cached
[110/2367] BANK2_BL-01b_p100__SPOT_all_excluded_off: cached
[111/2367] BANK2_BL-01b_p200__ref: cached
[112/2367] BANK2_BL-01b_p200__T_cross_-today__input_-adjust_warmup-strict: cached
[113/2367] BANK2_BL-01b_p200__T_cross_-both_d_input_-raw_warmup-strict: cached
[114/2367] BANK2_BL-01b_p200__T_cross_-today__input_-raw_warmup-strict: cached
[115/2367] BANK2_BL-01b_p200__T_cross_-both_d_input_-adjust_warmup-ready_: cached
[116/2367] BANK2_BL-01b_p200__T_cross_-today__input_-adjust_warmup-ready_: cached
[117/2367] BANK2_BL-01b_p200__T_cross_-both_d_input_-raw_warmup-ready_: cached
[118/2367] BANK2_BL-01b_p200__T_cross_-today__input_-raw_warmup-ready_: cached
[119/2367] BANK2_BL-01b_p200__OAT_rsi_smoothing-simple: cached
[120/2367] BANK2_BL-01b_p200__OAT_rsi_exit-cross: cached
[121/2367] BANK2_BL-01b_p200__OAT_a_exec-set_holdings: cached
[122/2367] BANK2_BL-01b_p200__OAT_same_bar_reentry-wait_bar: cached
[123/2367] BANK2_BL-01b_p200__SPOT_all_excluded_off: cached
[124/2367] BANK2_BL-01c_SMA10__ref: cached
[125/2367] BANK2_BL-01c_SMA10__T_cross_-today__input_-adjust_warmup-strict: cached
[126/2367] BANK2_BL-01c_SMA10__T_cross_-both_d_input_-raw_warmup-strict: cached
[127/2367] BANK2_BL-01c_SMA10__T_cross_-today__input_-raw_warmup-strict: cached
[128/2367] BANK2_BL-01c_SMA10__T_cross_-both_d_input_-adjust_warmup-ready_: cached
[129/2367] BANK2_BL-01c_SMA10__T_cross_-today__input_-adjust_warmup-ready_: cached
[130/2367] BANK2_BL-01c_SMA10__T_cross_-both_d_input_-raw_warmup-ready_: cached
[131/2367] BANK2_BL-01c_SMA10__T_cross_-today__input_-raw_warmup-ready_: cached
[132/2367] BANK2_BL-01c_SMA10__OAT_rsi_smoothing-simple: cached
[133/2367] BANK2_BL-01c_SMA10__OAT_rsi_exit-cross: cached
[134/2367] BANK2_BL-01c_SMA10__OAT_a_exec-set_holdings: cached
[135/2367] BANK2_BL-01c_SMA10__OAT_same_bar_reentry-wait_bar: cached
[136/2367] BANK2_BL-01c_SMA10__SPOT_all_excluded_off: cached
[137/2367] BANK2_BL-01c_SMA20__ref: cached
[138/2367] BANK2_BL-01c_SMA20__T_cross_-today__input_-adjust_warmup-strict: cached
[139/2367] BANK2_BL-01c_SMA20__T_cross_-both_d_input_-raw_warmup-strict: cached
[140/2367] BANK2_BL-01c_SMA20__T_cross_-today__input_-raw_warmup-strict: cached
[141/2367] BANK2_BL-01c_SMA20__T_cross_-both_d_input_-adjust_warmup-ready_: cached
[142/2367] BANK2_BL-01c_SMA20__T_cross_-today__input_-adjust_warmup-ready_: cached
[143/2367] BANK2_BL-01c_SMA20__T_cross_-both_d_input_-raw_warmup-ready_: cached
[144/2367] BANK2_BL-01c_SMA20__T_cross_-today__input_-raw_warmup-ready_: cached
[145/2367] BANK2_BL-01c_SMA20__OAT_rsi_smoothing-simple: cached
[146/2367] BANK2_BL-01c_SMA20__OAT_rsi_exit-cross: cached
[147/2367] BANK2_BL-01c_SMA20__OAT_a_exec-set_holdings: cached
[148/2367] BANK2_BL-01c_SMA20__OAT_same_bar_reentry-wait_bar: cached
[149/2367] BANK2_BL-01c_SMA20__SPOT_all_excluded_off: cached
[150/2367] BANK2_BL-01c_SMA50__ref: cached
[151/2367] BANK2_BL-01c_SMA50__T_cross_-today__input_-adjust_warmup-strict: cached
[152/2367] BANK2_BL-01c_SMA50__T_cross_-both_d_input_-raw_warmup-strict: cached
[153/2367] BANK2_BL-01c_SMA50__T_cross_-today__input_-raw_warmup-strict: cached
[154/2367] BANK2_BL-01c_SMA50__T_cross_-both_d_input_-adjust_warmup-ready_: cached
[155/2367] BANK2_BL-01c_SMA50__T_cross_-today__input_-adjust_warmup-ready_: cached
[156/2367] BANK2_BL-01c_SMA50__T_cross_-both_d_input_-raw_warmup-ready_: cached
[157/2367] BANK2_BL-01c_SMA50__T_cross_-today__input_-raw_warmup-ready_: cached
[158/2367] BANK2_BL-01c_SMA50__OAT_rsi_smoothing-simple: cached
[159/2367] BANK2_BL-01c_SMA50__OAT_rsi_exit-cross: cached
[160/2367] BANK2_BL-01c_SMA50__OAT_a_exec-set_holdings: cached
[161/2367] BANK2_BL-01c_SMA50__OAT_same_bar_reentry-wait_bar: cached
[162/2367] BANK2_BL-01c_SMA50__SPOT_all_excluded_off: cached
[163/2367] BANK2_BL-01c_SMA100__ref: cached
[164/2367] BANK2_BL-01c_SMA100__T_cross_-today__input_-adjust_warmup-strict: cached
[165/2367] BANK2_BL-01c_SMA100__T_cross_-both_d_input_-raw_warmup-strict: cached
[166/2367] BANK2_BL-01c_SMA100__T_cross_-today__input_-raw_warmup-strict: cached
[167/2367] BANK2_BL-01c_SMA100__T_cross_-both_d_input_-adjust_warmup-ready_: cached
[168/2367] BANK2_BL-01c_SMA100__T_cross_-today__input_-adjust_warmup-ready_: cached
[169/2367] BANK2_BL-01c_SMA100__T_cross_-both_d_input_-raw_warmup-ready_: cached
[170/2367] BANK2_DONOR_pin__ref: ok fills=270 (34.6s)
[171/2367] BANK2_BL-01c_SMA100__OAT_rsi_smoothing-simple: cached
[172/2367] BANK2_BL-01c_SMA100__OAT_rsi_exit-cross: cached
[173/2367] BANK2_BL-01c_SMA100__OAT_a_exec-set_holdings: cached
[174/2367] BANK2_BL-01c_SMA100__OAT_same_bar_reentry-wait_bar: cached
[175/2367] BANK2_BL-01c_SMA100__SPOT_all_excluded_off: cached
[176/2367] BANK2_BL-01c_SMA200__ref: cached
[177/2367] BANK2_BL-01a_WMA__T_cross_-both_d_input_-raw_warmup-ready_: ok fills=300 (34.4s)
[178/2367] BANK2_BL-01c_SMA200__T_cross_-both_d_input_-raw_warmup-strict: cached
[179/2367] BANK2_BL-01c_SMA200__T_cross_-today__input_-raw_warmup-strict: cached
[180/2367] BANK2_BL-01c_SMA200__T_cross_-both_d_input_-adjust_warmup-ready_: cached
[181/2367] BANK2_BL-01c_SMA200__T_cross_-today__input_-adjust_warmup-ready_: cached
[182/2367] BANK2_BL-01c_SMA200__T_cross_-both_d_input_-raw_warmup-ready_: cached
[183/2367] BANK2_BL-01c_SMA200__T_cross_-today__input_-raw_warmup-ready_: cached
[184/2367] BANK2_BL-01c_SMA200__OAT_rsi_smoothing-simple: cached
[185/2367] BANK2_BL-01c_SMA200__OAT_rsi_exit-cross: cached
[186/2367] BANK2_BL-01c_SMA200__OAT_a_exec-set_holdings: cached
[187/2367] BANK2_BL-01c_SMA200__OAT_same_bar_reentry-wait_bar: cached
[188/2367] BANK2_BL-01c_SMA200__SPOT_all_excluded_off: cached
[189/2367] BANK2_BL-01b_p50__T_cross_-today__input_-raw_warmup-strict: ok fills=341 (26.8s)
[190/2367] BANK2_BL-01c_EMA10__ref_wb-150: cached
[191/2367] BANK2_BL-01c_EMA10__ref_wb-200: cached
[192/2367] BANK2_BL-01c_EMA10__ref_wb-252: cached
[193/2367] BANK2_BL-01c_EMA10__T_cross_-today__input_-adjust_warmup-strict: cached
[194/2367] BANK2_BL-01c_EMA10__T_cross_-today__input_-adjust_warmup-strict_wb-150: cached
[195/2367] BANK2_BL-01c_EMA10__T_cross_-today__input_-adjust_warmup-strict_wb-200: cached
[196/2367] BANK2_BL-01c_SMA100__T_cross_-today__input_-raw_warmup-ready_: ok fills=274 (27.9s)
[197/2367] BANK2_BL-01c_EMA10__T_cross_-both_d_input_-raw_warmup-strict: cached
[198/2367] BANK2_BL-01c_EMA10__T_cross_-both_d_input_-raw_warmup-strict_wb-150: cached
[199/2367] BANK2_BL-01c_EMA10__T_cross_-both_d_input_-raw_warmup-strict_wb-200: cached
[200/2367] BANK2_BL-01c_EMA10__T_cross_-both_d_input_-raw_warmup-strict_wb-252: cached
[201/2367] BANK2_BL-01c_EMA10__T_cross_-today__input_-raw_warmup-strict: cached
[202/2367] BANK2_BL-01c_EMA10__T_cross_-today__input_-raw_warmup-strict_wb-150: cached
[203/2367] BANK2_BL-01c_EMA10__T_cross_-today__input_-raw_warmup-strict_wb-200: cached
[204/2367] BANK2_BL-01c_EMA10__T_cross_-today__input_-raw_warmup-strict_wb-252: cached
[205/2367] BANK2_BL-01c_EMA10__T_cross_-both_d_input_-adjust_warmup-ready_: cached
[206/2367] BANK2_BL-01c_EMA10__T_cross_-today__input_-adjust_warmup-ready_: cached
[207/2367] BANK2_BL-01c_EMA10__T_cross_-both_d_input_-raw_warmup-ready_: cached
[208/2367] BANK2_BL-01c_EMA10__T_cross_-today__input_-raw_warmup-ready_: cached
[209/2367] BANK2_BL-01c_EMA10__OAT_rsi_smoothing-simple: cached
[210/2367] BANK2_BL-01c_EMA10__OAT_rsi_exit-cross: cached
[211/2367] BANK2_BL-01c_EMA10__OAT_a_exec-set_holdings: cached
[212/2367] BANK2_BL-01c_EMA10__OAT_same_bar_reentry-wait_bar: cached
[213/2367] BANK2_BL-01c_EMA10__SPOT_all_excluded_off: cached
[214/2367] BANK2_BL-01c_EMA20__ref: cached
[215/2367] BANK2_BL-01c_EMA20__ref_wb-150: cached
[216/2367] BANK2_BL-01c_EMA20__ref_wb-200: cached
[217/2367] BANK2_BL-01c_EMA20__ref_wb-252: cached
[218/2367] BANK2_BL-01c_EMA20__T_cross_-today__input_-adjust_warmup-strict: cached
[219/2367] BANK2_BL-01c_EMA20__T_cross_-today__input_-adjust_warmup-strict_wb-150: cached
[220/2367] BANK2_BL-01c_EMA20__T_cross_-today__input_-adjust_warmup-strict_wb-200: cached
[221/2367] BANK2_BL-01c_EMA20__T_cross_-today__input_-adjust_warmup-strict_wb-252: cached
[222/2367] BANK2_BL-01c_EMA20__T_cross_-both_d_input_-raw_warmup-strict: cached
[223/2367] BANK2_BL-01c_EMA20__T_cross_-both_d_input_-raw_warmup-strict_wb-150: cached
[224/2367] BANK2_BL-01c_EMA20__T_cross_-both_d_input_-raw_warmup-strict_wb-200: cached
[225/2367] BANK2_BL-01c_EMA20__T_cross_-both_d_input_-raw_warmup-strict_wb-252: cached
[226/2367] BANK2_BL-01c_EMA20__T_cross_-today__input_-raw_warmup-strict: cached
[227/2367] BANK2_BL-01c_EMA20__T_cross_-today__input_-raw_warmup-strict_wb-150: cached
[228/2367] BANK2_BL-01c_EMA20__T_cross_-today__input_-raw_warmup-strict_wb-200: cached
[229/2367] BANK2_BL-01c_EMA20__T_cross_-today__input_-raw_warmup-strict_wb-252: cached
[230/2367] BANK2_BL-01c_EMA20__T_cross_-both_d_input_-adjust_warmup-ready_: cached
[231/2367] BANK2_BL-01c_EMA20__T_cross_-today__input_-adjust_warmup-ready_: cached
[232/2367] BANK2_BL-01c_EMA20__T_cross_-both_d_input_-raw_warmup-ready_: cached
[233/2367] BANK2_BL-01c_EMA20__T_cross_-today__input_-raw_warmup-ready_: cached
[234/2367] BANK2_BL-01c_EMA20__OAT_rsi_smoothing-simple: cached
[235/2367] BANK2_BL-01c_EMA20__OAT_rsi_exit-cross: cached
[236/2367] BANK2_BL-01c_EMA20__OAT_a_exec-set_holdings: cached
[237/2367] BANK2_BL-01c_EMA20__OAT_same_bar_reentry-wait_bar: cached
[238/2367] BANK2_BL-01c_EMA20__SPOT_all_excluded_off: cached
[239/2367] BANK2_BL-01c_EMA50__ref: cached
[240/2367] BANK2_BL-01c_EMA50__ref_wb-150: cached
[241/2367] BANK2_BL-01c_EMA50__ref_wb-200: cached
[242/2367] BANK2_BL-01c_EMA50__ref_wb-252: cached
[243/2367] BANK2_BL-01c_EMA50__T_cross_-today__input_-adjust_warmup-strict: cached
[244/2367] BANK2_BL-01c_EMA50__T_cross_-today__input_-adjust_warmup-strict_wb-150: cached
[245/2367] BANK2_BL-01c_EMA50__T_cross_-today__input_-adjust_warmup-strict_wb-200: cached
[246/2367] BANK2_BL-01c_EMA50__T_cross_-today__input_-adjust_warmup-strict_wb-252: cached
[247/2367] BANK2_BL-01c_EMA50__T_cross_-both_d_input_-raw_warmup-strict: cached
[248/2367] BANK2_BL-01c_EMA50__T_cross_-both_d_input_-raw_warmup-strict_wb-150: cached
[249/2367] BANK2_BL-01c_EMA50__T_cross_-both_d_input_-raw_warmup-strict_wb-200: cached
[250/2367] BANK2_BL-01c_EMA50__T_cross_-both_d_input_-raw_warmup-strict_wb-252: cached
[251/2367] BANK2_BL-01c_EMA50__T_cross_-today__input_-raw_warmup-strict: cached
[252/2367] BANK2_BL-01c_EMA50__T_cross_-today__input_-raw_warmup-strict_wb-150: cached
[253/2367] BANK2_BL-01c_EMA50__T_cross_-today__input_-raw_warmup-strict_wb-200: cached
[254/2367] BANK2_BL-01c_EMA50__T_cross_-today__input_-raw_warmup-strict_wb-252: cached
[255/2367] BANK2_BL-01c_EMA50__T_cross_-both_d_input_-adjust_warmup-ready_: cached
[256/2367] BANK2_BL-01c_EMA10__ref: ok fills=660 (29.0s)
[257/2367] BANK2_BL-01c_EMA50__T_cross_-both_d_input_-raw_warmup-ready_: cached
[258/2367] BANK2_BL-01c_EMA50__T_cross_-today__input_-raw_warmup-ready_: cached
[259/2367] BANK2_BL-01c_EMA50__OAT_rsi_smoothing-simple: cached
[260/2367] BANK2_BL-01c_EMA50__OAT_rsi_exit-cross: cached
[261/2367] BANK2_BL-01c_EMA50__OAT_a_exec-set_holdings: cached
[262/2367] BANK2_BL-01c_EMA50__OAT_same_bar_reentry-wait_bar: cached
[263/2367] BANK2_BL-01c_EMA50__SPOT_all_excluded_off: cached
[264/2367] BANK2_BL-01c_EMA100__ref: cached
[265/2367] BANK2_BL-01c_EMA100__ref_wb-150: cached
[266/2367] BANK2_BL-01c_EMA100__ref_wb-200: cached
[267/2367] BANK2_BL-01c_EMA100__ref_wb-252: cached
[268/2367] BANK2_BL-01c_EMA100__T_cross_-today__input_-adjust_warmup-strict: cached
[269/2367] BANK2_BL-01c_EMA100__T_cross_-today__input_-adjust_warmup-strict_wb-150: cached
[270/2367] BANK2_BL-01c_EMA100__T_cross_-today__input_-adjust_warmup-strict_wb-200: cached
[271/2367] BANK2_BL-01c_EMA100__T_cross_-today__input_-adjust_warmup-strict_wb-252: cached
[272/2367] BANK2_BL-01c_EMA100__T_cross_-both_d_input_-raw_warmup-strict: cached
[273/2367] BANK2_BL-01c_EMA100__T_cross_-both_d_input_-raw_warmup-strict_wb-150: cached
[274/2367] BANK2_BL-01c_EMA100__T_cross_-both_d_input_-raw_warmup-strict_wb-200: cached
[275/2367] BANK2_BL-01c_EMA100__T_cross_-both_d_input_-raw_warmup-strict_wb-252: cached
[276/2367] BANK2_BL-01c_EMA100__T_cross_-today__input_-raw_warmup-strict: cached
[277/2367] BANK2_BL-01c_EMA100__T_cross_-today__input_-raw_warmup-strict_wb-150: cached
[278/2367] BANK2_BL-01c_EMA100__T_cross_-today__input_-raw_warmup-strict_wb-200: cached
[279/2367] BANK2_BL-01c_EMA100__T_cross_-today__input_-raw_warmup-strict_wb-252: cached
[280/2367] BANK2_BL-01c_EMA100__T_cross_-both_d_input_-adjust_warmup-ready_: cached
[281/2367] BANK2_BL-01c_EMA100__T_cross_-today__input_-adjust_warmup-ready_: cached
[282/2367] BANK2_BL-01c_EMA100__T_cross_-both_d_input_-raw_warmup-ready_: cached
[283/2367] BANK2_BL-01c_EMA100__T_cross_-today__input_-raw_warmup-ready_: cached
[284/2367] BANK2_BL-01c_EMA100__OAT_rsi_smoothing-simple: cached
[285/2367] BANK2_BL-01c_SMA200__T_cross_-today__input_-adjust_warmup-strict: ok fills=660 (29.2s)
[286/2367] BANK2_BL-01c_EMA100__OAT_rsi_exit-cross: cached
[287/2367] BANK2_BL-01c_EMA100__OAT_a_exec-set_holdings: cached
[288/2367] BANK2_BL-01c_EMA100__OAT_same_bar_reentry-wait_bar: cached
[289/2367] BANK2_BL-01c_EMA100__SPOT_all_excluded_off: cached
[290/2367] BANK2_BL-01c_EMA200__ref: cached
[291/2367] BANK2_BL-01c_EMA200__ref_wb-150: cached
[292/2367] BANK2_BL-01c_EMA200__ref_wb-252: cached
[293/2367] BANK2_BL-01c_EMA200__ref_wb-200: cached
[294/2367] BANK2_BL-01c_EMA200__T_cross_-today__input_-adjust_warmup-strict: cached
[295/2367] BANK2_BL-01c_EMA200__T_cross_-today__input_-adjust_warmup-strict_wb-150: cached
[296/2367] BANK2_BL-01c_EMA200__T_cross_-today__input_-adjust_warmup-strict_wb-200: cached
[297/2367] BANK2_BL-01c_EMA200__T_cross_-today__input_-adjust_warmup-strict_wb-252: cached
[298/2367] BANK2_BL-01c_EMA200__T_cross_-both_d_input_-raw_warmup-strict: cached
[299/2367] BANK2_BL-01c_EMA200__T_cross_-both_d_input_-raw_warmup-strict_wb-150: cached
[300/2367] BANK2_BL-01c_EMA200__T_cross_-both_d_input_-raw_warmup-strict_wb-200: cached
[301/2367] BANK2_BL-01c_EMA200__T_cross_-both_d_input_-raw_warmup-strict_wb-252: cached
[302/2367] BANK2_BL-01c_EMA200__T_cross_-today__input_-raw_warmup-strict: cached
[303/2367] BANK2_BL-01c_EMA200__T_cross_-today__input_-raw_warmup-strict_wb-150: cached
[304/2367] BANK2_BL-01c_EMA200__T_cross_-today__input_-raw_warmup-strict_wb-200: cached
[305/2367] BANK2_BL-01c_EMA200__T_cross_-today__input_-raw_warmup-strict_wb-252: cached
[306/2367] BANK2_BL-01c_EMA200__T_cross_-both_d_input_-adjust_warmup-ready_: cached
[307/2367] BANK2_BL-01c_EMA200__T_cross_-today__input_-adjust_warmup-ready_: cached
[308/2367] BANK2_BL-01c_EMA200__T_cross_-both_d_input_-raw_warmup-ready_: cached
[309/2367] BANK2_BL-01c_EMA200__T_cross_-today__input_-raw_warmup-ready_: cached
[310/2367] BANK2_BL-01c_EMA200__OAT_rsi_smoothing-simple: cached
[311/2367] BANK2_BL-01c_EMA200__OAT_rsi_exit-cross: cached
[312/2367] BANK2_BL-01c_EMA200__OAT_a_exec-set_holdings: cached
[313/2367] BANK2_BL-01c_EMA200__OAT_same_bar_reentry-wait_bar: cached
[314/2367] BANK2_BL-01c_EMA200__SPOT_all_excluded_off: cached
[315/2367] BANK2_BL-01c_WMA10__ref: cached
[316/2367] BANK2_BL-01c_WMA10__T_cross_-today__input_-adjust_warmup-strict: cached
[317/2367] BANK2_BL-01c_WMA10__T_cross_-both_d_input_-raw_warmup-strict: cached
[318/2367] BANK2_BL-01c_WMA10__T_cross_-today__input_-raw_warmup-strict: cached
[319/2367] BANK2_BL-01c_WMA10__T_cross_-both_d_input_-adjust_warmup-ready_: cached
[320/2367] BANK2_BL-01c_WMA10__T_cross_-today__input_-adjust_warmup-ready_: cached
[321/2367] BANK2_BL-01c_WMA10__T_cross_-both_d_input_-raw_warmup-ready_: cached
[322/2367] BANK2_BL-01c_WMA10__T_cross_-today__input_-raw_warmup-ready_: cached
[323/2367] BANK2_BL-01c_WMA10__OAT_rsi_smoothing-simple: cached
[324/2367] BANK2_BL-01c_WMA10__OAT_rsi_exit-cross: cached
[325/2367] BANK2_BL-01c_WMA10__OAT_a_exec-set_holdings: cached
[326/2367] BANK2_BL-01c_WMA10__OAT_same_bar_reentry-wait_bar: cached
[327/2367] BANK2_BL-01c_WMA10__SPOT_all_excluded_off: cached
[328/2367] BANK2_BL-01c_WMA20__ref: cached
[329/2367] BANK2_BL-01c_WMA20__T_cross_-today__input_-adjust_warmup-strict: cached
[330/2367] BANK2_BL-01c_WMA20__T_cross_-both_d_input_-raw_warmup-strict: cached
[331/2367] BANK2_BL-01c_WMA20__T_cross_-today__input_-raw_warmup-strict: cached
[332/2367] BANK2_BL-01c_WMA20__T_cross_-both_d_input_-adjust_warmup-ready_: cached
[333/2367] BANK2_BL-01c_WMA20__T_cross_-today__input_-adjust_warmup-ready_: cached
[334/2367] BANK2_BL-01c_WMA20__T_cross_-both_d_input_-raw_warmup-ready_: cached
[335/2367] BANK2_BL-01c_WMA20__T_cross_-today__input_-raw_warmup-ready_: cached
[336/2367] BANK2_BL-01c_WMA20__OAT_rsi_exit-cross: cached
[337/2367] BANK2_BL-01c_WMA20__OAT_rsi_smoothing-simple: cached
[338/2367] BANK2_BL-01c_WMA20__OAT_same_bar_reentry-wait_bar: cached
[339/2367] BANK2_BL-01c_WMA20__OAT_a_exec-set_holdings: cached
[340/2367] BANK2_BL-01c_WMA50__ref: cached
[341/2367] BANK2_BL-01c_WMA50__T_cross_-today__input_-adjust_warmup-strict: cached
[342/2367] BANK2_BL-01c_WMA50__T_cross_-both_d_input_-raw_warmup-strict: cached
[343/2367] BANK2_BL-01c_WMA50__T_cross_-today__input_-raw_warmup-strict: cached
[344/2367] BANK2_BL-01c_WMA50__T_cross_-both_d_input_-adjust_warmup-ready_: cached
[345/2367] BANK2_BL-01c_WMA50__T_cross_-today__input_-adjust_warmup-ready_: cached
[346/2367] BANK2_BL-01c_WMA50__T_cross_-both_d_input_-raw_warmup-ready_: cached
[347/2367] BANK2_BL-01c_WMA50__T_cross_-today__input_-raw_warmup-ready_: cached
[348/2367] BANK2_BL-01c_WMA50__OAT_rsi_smoothing-simple: cached
[349/2367] BANK2_BL-01c_WMA50__OAT_rsi_exit-cross: cached
[350/2367] BANK2_BL-01c_WMA50__OAT_a_exec-set_holdings: cached
[351/2367] BANK2_BL-01c_WMA50__OAT_same_bar_reentry-wait_bar: cached
[352/2367] BANK2_BL-01c_WMA50__SPOT_all_excluded_off: cached
[353/2367] BANK2_BL-01c_WMA100__ref: cached
[354/2367] BANK2_BL-01c_WMA100__T_cross_-today__input_-adjust_warmup-strict: cached
[355/2367] BANK2_BL-01c_WMA100__T_cross_-both_d_input_-raw_warmup-strict: cached
[356/2367] BANK2_BL-01c_WMA100__T_cross_-today__input_-raw_warmup-strict: cached
[357/2367] BANK2_BL-01c_WMA100__T_cross_-both_d_input_-adjust_warmup-ready_: cached
[358/2367] BANK2_BL-01c_EMA10__T_cross_-today__input_-adjust_warmup-strict_wb-252: ok fills=340 (33.5s)
[359/2367] BANK2_BL-01c_WMA100__T_cross_-both_d_input_-raw_warmup-ready_: cached
[360/2367] BANK2_BL-01c_WMA100__T_cross_-today__input_-raw_warmup-ready_: cached
[361/2367] BANK2_BL-01c_WMA100__OAT_rsi_smoothing-simple: cached
[362/2367] BANK2_BL-01c_WMA100__OAT_rsi_exit-cross: cached
[363/2367] BANK2_BL-01c_WMA100__OAT_a_exec-set_holdings: cached
[364/2367] BANK2_BL-01c_WMA100__OAT_same_bar_reentry-wait_bar: cached
[365/2367] BANK2_BL-01c_WMA100__SPOT_all_excluded_off: cached
[366/2367] BANK2_BL-01c_WMA200__ref: cached
[367/2367] BANK2_BL-01c_WMA200__T_cross_-today__input_-adjust_warmup-strict: cached
[368/2367] BANK2_BL-01c_WMA200__T_cross_-both_d_input_-raw_warmup-strict: cached
[369/2367] BANK2_BL-01c_WMA200__T_cross_-today__input_-raw_warmup-strict: cached
[370/2367] BANK2_BL-01c_WMA200__T_cross_-both_d_input_-adjust_warmup-ready_: cached
[371/2367] BANK2_BL-01c_WMA200__T_cross_-today__input_-adjust_warmup-ready_: cached
[372/2367] BANK2_BL-01c_WMA200__T_cross_-both_d_input_-raw_warmup-ready_: cached
[373/2367] BANK2_BL-01c_WMA200__T_cross_-today__input_-raw_warmup-ready_: cached
[374/2367] BANK2_BL-01c_WMA200__OAT_rsi_smoothing-simple: cached
[375/2367] BANK2_BL-01c_WMA200__OAT_rsi_exit-cross: cached
[376/2367] BANK2_BL-01c_WMA200__OAT_a_exec-set_holdings: cached
[377/2367] BANK2_BL-01c_WMA200__OAT_same_bar_reentry-wait_bar: cached
[378/2367] BANK2_BL-01c_WMA200__SPOT_all_excluded_off: cached
[379/2367] BANK2_CROSS_conv_reent__ref: cached
[380/2367] BANK2_CROSS_conv_reent__T_cross_-today__input_-adjust_warmup-strict: cached
[381/2367] BANK2_CROSS_conv_reent__T_cross_-both_d_input_-raw_warmup-strict: cached
[382/2367] BANK2_CROSS_conv_reent__T_cross_-today__input_-raw_warmup-strict: cached
[383/2367] BANK2_CROSS_conv_reent__T_cross_-both_d_input_-adjust_warmup-ready_: cached
[384/2367] BANK2_CROSS_conv_reent__T_cross_-today__input_-adjust_warmup-ready_: cached
[385/2367] BANK2_CROSS_conv_reent__T_cross_-both_d_input_-raw_warmup-ready_: cached
[386/2367] BANK2_CROSS_conv_reent__T_cross_-today__input_-raw_warmup-ready_: cached
[387/2367] BANK2_CROSS_conv_reent__OAT_rsi_smoothing-simple: cached
[388/2367] BANK2_CROSS_conv_reent__OAT_rsi_exit-cross: cached
[389/2367] BANK2_CROSS_conv_reent__OAT_a_exec-set_holdings: cached
[390/2367] BANK2_CROSS_conv_reent__SPOT_all_excluded_off: cached
[391/2367] BANK2_CROSS_conv_wait__ref: cached
[392/2367] BANK2_CROSS_conv_wait__T_cross_-today__input_-adjust_warmup-strict: cached
[393/2367] BANK2_CROSS_conv_wait__T_cross_-both_d_input_-raw_warmup-strict: cached
[394/2367] BANK2_CROSS_conv_wait__T_cross_-today__input_-raw_warmup-strict: cached
[395/2367] BANK2_CROSS_conv_wait__T_cross_-both_d_input_-adjust_warmup-ready_: cached
[396/2367] BANK2_CROSS_conv_wait__T_cross_-today__input_-adjust_warmup-ready_: cached
[397/2367] BANK2_CROSS_conv_wait__T_cross_-both_d_input_-raw_warmup-ready_: cached
[398/2367] BANK2_CROSS_conv_wait__T_cross_-today__input_-raw_warmup-ready_: cached
[399/2367] BANK2_CROSS_conv_wait__OAT_rsi_smoothing-simple: cached
[400/2367] BANK2_CROSS_conv_wait__OAT_rsi_exit-cross: cached
[401/2367] BANK2_CROSS_conv_wait__OAT_a_exec-set_holdings: cached
[402/2367] BANK2_CROSS_conv_wait__SPOT_all_excluded_off: cached
[403/2367] BANK2_CROSS_inv_reent__ref: cached
[404/2367] BANK2_CROSS_inv_reent__T_cross_-today__input_-adjust_warmup-strict: cached
[405/2367] BANK2_BL-01c_EMA50__T_cross_-today__input_-adjust_warmup-ready_: ok fills=340 (33.3s)
[406/2367] BANK2_CROSS_inv_reent__T_cross_-today__input_-raw_warmup-strict: cached
[407/2367] BANK2_CROSS_inv_reent__T_cross_-both_d_input_-adjust_warmup-ready_: cached
[408/2367] BANK2_CROSS_inv_reent__T_cross_-today__input_-adjust_warmup-ready_: cached
[409/2367] BANK2_CROSS_inv_reent__T_cross_-both_d_input_-raw_warmup-ready_: cached
[410/2367] BANK2_CROSS_inv_reent__T_cross_-today__input_-raw_warmup-ready_: cached
[411/2367] BANK2_CROSS_inv_reent__OAT_rsi_smoothing-simple: cached
[412/2367] BANK2_CROSS_inv_reent__OAT_rsi_exit-cross: cached
[413/2367] BANK2_CROSS_inv_reent__OAT_a_exec-set_holdings: cached
[414/2367] BANK2_CROSS_inv_reent__SPOT_all_excluded_off: cached
[415/2367] BANK2_CROSS_inv_wait__ref: cached
[416/2367] BANK2_CROSS_inv_wait__T_cross_-today__input_-adjust_warmup-strict: cached
[417/2367] BANK2_CROSS_inv_wait__T_cross_-both_d_input_-raw_warmup-strict: cached
[418/2367] BANK2_CROSS_inv_wait__T_cross_-today__input_-raw_warmup-strict: cached
[419/2367] BANK2_CROSS_inv_wait__T_cross_-both_d_input_-adjust_warmup-ready_: cached
[420/2367] BANK2_CROSS_inv_wait__T_cross_-today__input_-adjust_warmup-ready_: cached
[421/2367] BANK2_CROSS_inv_wait__T_cross_-both_d_input_-raw_warmup-ready_: cached
[422/2367] BANK2_CROSS_inv_wait__T_cross_-today__input_-raw_warmup-ready_: cached
[423/2367] BANK2_CROSS_inv_wait__OAT_rsi_smoothing-simple: cached
[424/2367] BANK2_CROSS_inv_wait__OAT_rsi_exit-cross: cached
[425/2367] BANK2_CROSS_inv_wait__OAT_a_exec-set_holdings: cached
[426/2367] BANK2_CROSS_inv_wait__SPOT_all_excluded_off: cached
[427/2367] BANK2_CROSS_sym_reent__ref: cached
[428/2367] BANK2_CROSS_sym_reent__T_cross_-today__input_-adjust_warmup-strict: cached
[429/2367] BANK2_CROSS_sym_reent__T_cross_-both_d_input_-raw_warmup-strict: cached
[430/2367] BANK2_CROSS_sym_reent__T_cross_-today__input_-raw_warmup-strict: cached
[431/2367] BANK2_CROSS_sym_reent__T_cross_-both_d_input_-adjust_warmup-ready_: cached
[432/2367] BANK2_CROSS_sym_reent__T_cross_-today__input_-adjust_warmup-ready_: cached
[433/2367] BANK2_CROSS_sym_reent__T_cross_-both_d_input_-raw_warmup-ready_: cached
[434/2367] BANK2_CROSS_sym_reent__T_cross_-today__input_-raw_warmup-ready_: cached
[435/2367] BANK2_CROSS_sym_reent__OAT_rsi_smoothing-simple: cached
[436/2367] BANK2_CROSS_sym_reent__OAT_rsi_exit-cross: cached
[437/2367] BANK2_CROSS_sym_reent__OAT_a_exec-set_holdings: cached
[438/2367] BANK2_CROSS_sym_reent__SPOT_all_excluded_off: cached
[439/2367] BANK2_CROSS_sym_wait__ref: cached
[440/2367] BANK2_BL-01c_WMA100__T_cross_-today__input_-adjust_warmup-ready_: ok fills=306 (32.4s)
[441/2367] BANK2_CROSS_sym_wait__T_cross_-both_d_input_-raw_warmup-strict: cached
[442/2367] BANK2_CROSS_sym_wait__T_cross_-today__input_-raw_warmup-strict: cached
[443/2367] BANK2_CROSS_sym_wait__T_cross_-both_d_input_-adjust_warmup-ready_: cached
[444/2367] BANK2_CROSS_sym_wait__T_cross_-today__input_-adjust_warmup-ready_: cached
[445/2367] BANK2_CROSS_sym_wait__T_cross_-both_d_input_-raw_warmup-ready_: cached
[446/2367] BANK2_CROSS_sym_wait__T_cross_-today__input_-raw_warmup-ready_: cached
[447/2367] BANK2_CROSS_sym_wait__OAT_rsi_smoothing-simple: cached
[448/2367] BANK2_CROSS_sym_wait__OAT_rsi_exit-cross: cached
[449/2367] BANK2_CROSS_sym_wait__OAT_a_exec-set_holdings: cached
[450/2367] BANK2_CROSS_sym_wait__SPOT_all_excluded_off: cached
[451/2367] BANK2_CROSS_uu_reent__ref: cached
[452/2367] BANK2_BL-01c_WMA20__SPOT_all_excluded_off: ok fills=556 (34.0s)
[453/2367] BANK2_CROSS_uu_reent__T_cross_-both_d_input_-raw_warmup-strict: cached
[454/2367] BANK2_CROSS_uu_reent__T_cross_-today__input_-raw_warmup-strict: cached
[455/2367] BANK2_CROSS_uu_reent__T_cross_-both_d_input_-adjust_warmup-ready_: cached
[456/2367] BANK2_CROSS_uu_reent__T_cross_-today__input_-adjust_warmup-ready_: cached
[457/2367] BANK2_CROSS_uu_reent__T_cross_-both_d_input_-raw_warmup-ready_: cached
[458/2367] BANK2_CROSS_uu_reent__T_cross_-today__input_-raw_warmup-ready_: cached
[459/2367] BANK2_CROSS_uu_reent__OAT_rsi_smoothing-simple: cached
[460/2367] BANK2_CROSS_uu_reent__OAT_rsi_exit-cross: cached
[461/2367] BANK2_CROSS_uu_reent__OAT_a_exec-set_holdings: cached
[462/2367] BANK2_CROSS_uu_reent__SPOT_all_excluded_off: cached
[463/2367] BANK2_CROSS_uu_wait__ref: cached
[464/2367] BANK2_CROSS_uu_wait__T_cross_-today__input_-adjust_warmup-strict: cached
[465/2367] BANK2_CROSS_uu_wait__T_cross_-both_d_input_-raw_warmup-strict: cached
[466/2367] BANK2_CROSS_uu_wait__T_cross_-today__input_-raw_warmup-strict: cached
[467/2367] BANK2_CROSS_uu_wait__T_cross_-both_d_input_-adjust_warmup-ready_: cached
[468/2367] BANK2_CROSS_uu_wait__T_cross_-today__input_-adjust_warmup-ready_: cached
[469/2367] BANK2_CROSS_uu_wait__T_cross_-both_d_input_-raw_warmup-ready_: cached
[470/2367] BANK2_CROSS_uu_wait__T_cross_-today__input_-raw_warmup-ready_: cached
[471/2367] BANK2_CROSS_uu_wait__OAT_rsi_smoothing-simple: cached
[472/2367] BANK2_CROSS_uu_wait__OAT_rsi_exit-cross: cached
[473/2367] BANK2_CROSS_uu_wait__OAT_a_exec-set_holdings: cached
[474/2367] BANK2_CROSS_uu_wait__SPOT_all_excluded_off: cached
[475/2367] BANK2_CROSS_dd_reent__ref: cached
[476/2367] BANK2_CROSS_dd_reent__T_cross_-today__input_-adjust_warmup-strict: cached
[477/2367] BANK2_CROSS_dd_reent__T_cross_-both_d_input_-raw_warmup-strict: cached
[478/2367] BANK2_CROSS_dd_reent__T_cross_-today__input_-raw_warmup-strict: cached
[479/2367] BANK2_CROSS_dd_reent__T_cross_-both_d_input_-adjust_warmup-ready_: cached
[480/2367] BANK2_CROSS_dd_reent__T_cross_-today__input_-adjust_warmup-ready_: cached
[481/2367] BANK2_CROSS_dd_reent__T_cross_-both_d_input_-raw_warmup-ready_: cached
[482/2367] BANK2_CROSS_dd_reent__T_cross_-today__input_-raw_warmup-ready_: cached
[483/2367] BANK2_CROSS_dd_reent__OAT_rsi_smoothing-simple: cached
[484/2367] BANK2_CROSS_dd_reent__OAT_rsi_exit-cross: cached
[485/2367] BANK2_CROSS_dd_reent__OAT_a_exec-set_holdings: cached
[486/2367] BANK2_CROSS_dd_reent__SPOT_all_excluded_off: cached
[487/2367] BANK2_CROSS_dd_wait__ref: cached
[488/2367] BANK2_CROSS_dd_wait__T_cross_-today__input_-adjust_warmup-strict: cached
[489/2367] BANK2_CROSS_dd_wait__T_cross_-both_d_input_-raw_warmup-strict: cached
[490/2367] BANK2_CROSS_dd_wait__T_cross_-today__input_-raw_warmup-strict: cached
[491/2367] BANK2_CROSS_dd_wait__T_cross_-both_d_input_-adjust_warmup-ready_: cached
[492/2367] BANK2_CROSS_dd_wait__T_cross_-today__input_-adjust_warmup-ready_: cached
[493/2367] BANK2_CROSS_dd_wait__T_cross_-both_d_input_-raw_warmup-ready_: cached
[494/2367] BANK2_CROSS_dd_wait__T_cross_-today__input_-raw_warmup-ready_: cached
[495/2367] BANK2_CROSS_dd_wait__OAT_rsi_smoothing-simple: cached
[496/2367] BANK2_CROSS_dd_wait__OAT_rsi_exit-cross: cached
[497/2367] BANK2_CROSS_dd_wait__OAT_a_exec-set_holdings: cached
[498/2367] BANK2_CROSS_dd_wait__SPOT_all_excluded_off: cached
[499/2367] BANK2_CROSS_ua_reent__ref: cached
[500/2367] BANK2_CROSS_ua_reent__T_cross_-today__input_-adjust_warmup-strict: cached
[501/2367] BANK2_CROSS_ua_reent__T_cross_-both_d_input_-raw_warmup-strict: cached
[502/2367] BANK2_CROSS_ua_reent__T_cross_-today__input_-raw_warmup-strict: cached
[503/2367] BANK2_CROSS_ua_reent__T_cross_-both_d_input_-adjust_warmup-ready_: cached
[504/2367] BANK2_CROSS_ua_reent__T_cross_-today__input_-adjust_warmup-ready_: cached
[505/2367] BANK2_CROSS_ua_reent__T_cross_-both_d_input_-raw_warmup-ready_: cached
[506/2367] BANK2_CROSS_ua_reent__T_cross_-today__input_-raw_warmup-ready_: cached
[507/2367] BANK2_CROSS_ua_reent__OAT_rsi_smoothing-simple: cached
[508/2367] BANK2_CROSS_inv_reent__T_cross_-both_d_input_-raw_warmup-strict: ok fills=281 (26.7s)
[509/2367] BANK2_CROSS_ua_reent__OAT_a_exec-set_holdings: cached
[510/2367] BANK2_CROSS_ua_reent__SPOT_all_excluded_off: cached
[511/2367] BANK2_CROSS_ua_wait__ref: cached
[512/2367] BANK2_CROSS_ua_wait__T_cross_-today__input_-adjust_warmup-strict: cached
[513/2367] BANK2_CROSS_ua_wait__T_cross_-both_d_input_-raw_warmup-strict: cached
[514/2367] BANK2_CROSS_ua_wait__T_cross_-today__input_-raw_warmup-strict: cached
[515/2367] BANK2_CROSS_ua_wait__T_cross_-both_d_input_-adjust_warmup-ready_: cached
[516/2367] BANK2_CROSS_ua_wait__T_cross_-today__input_-adjust_warmup-ready_: cached
[517/2367] BANK2_CROSS_ua_wait__T_cross_-both_d_input_-raw_warmup-ready_: cached
[518/2367] BANK2_CROSS_ua_wait__T_cross_-today__input_-raw_warmup-ready_: cached
[519/2367] BANK2_CROSS_ua_wait__OAT_rsi_smoothing-simple: cached
[520/2367] BANK2_CROSS_ua_wait__OAT_rsi_exit-cross: cached
[521/2367] BANK2_CROSS_ua_wait__OAT_a_exec-set_holdings: cached
[522/2367] BANK2_CROSS_ua_wait__SPOT_all_excluded_off: cached
[523/2367] BANK2_CROSS_au_reent__ref: cached
[524/2367] BANK2_CROSS_au_reent__T_cross_-today__input_-adjust_warmup-strict: cached
[525/2367] BANK2_CROSS_au_reent__T_cross_-both_d_input_-raw_warmup-strict: cached
[526/2367] BANK2_CROSS_au_reent__T_cross_-today__input_-raw_warmup-strict: cached
[527/2367] BANK2_CROSS_au_reent__T_cross_-both_d_input_-adjust_warmup-ready_: cached
[528/2367] BANK2_CROSS_au_reent__T_cross_-today__input_-adjust_warmup-ready_: cached
[529/2367] BANK2_CROSS_au_reent__T_cross_-both_d_input_-raw_warmup-ready_: cached
[530/2367] BANK2_CROSS_au_reent__T_cross_-today__input_-raw_warmup-ready_: cached
[531/2367] BANK2_CROSS_au_reent__OAT_rsi_smoothing-simple: cached
[532/2367] BANK2_CROSS_au_reent__OAT_rsi_exit-cross: cached
[533/2367] BANK2_CROSS_au_reent__OAT_a_exec-set_holdings: cached
[534/2367] BANK2_CROSS_uu_reent__T_cross_-today__input_-adjust_warmup-strict: ok fills=250 (26.9s)
[535/2367] BANK2_CROSS_au_wait__ref: cached
[536/2367] BANK2_CROSS_au_wait__T_cross_-today__input_-adjust_warmup-strict: cached
[537/2367] BANK2_CROSS_au_wait__T_cross_-both_d_input_-raw_warmup-strict: cached
[538/2367] BANK2_CROSS_au_wait__T_cross_-today__input_-raw_warmup-strict: cached
[539/2367] BANK2_CROSS_sym_wait__T_cross_-today__input_-adjust_warmup-strict: ok fills=250 (27.4s)
[540/2367] BANK2_CROSS_au_wait__T_cross_-today__input_-adjust_warmup-ready_: cached
[541/2367] BANK2_CROSS_au_wait__T_cross_-both_d_input_-raw_warmup-ready_: cached
[542/2367] BANK2_CROSS_au_wait__T_cross_-today__input_-raw_warmup-ready_: cached
[543/2367] BANK2_CROSS_au_wait__OAT_rsi_smoothing-simple: cached
[544/2367] BANK2_CROSS_au_wait__OAT_rsi_exit-cross: cached
[545/2367] BANK2_CROSS_au_wait__OAT_a_exec-set_holdings: cached
[546/2367] BANK2_CROSS_au_wait__SPOT_all_excluded_off: cached
[547/2367] BANK2_CROSS_da_reent__ref: cached
[548/2367] BANK2_CROSS_da_reent__T_cross_-today__input_-adjust_warmup-strict: cached
[549/2367] BANK2_CROSS_da_reent__T_cross_-both_d_input_-raw_warmup-strict: cached
[550/2367] BANK2_CROSS_da_reent__T_cross_-today__input_-raw_warmup-strict: cached
[551/2367] BANK2_CROSS_da_reent__T_cross_-both_d_input_-adjust_warmup-ready_: cached
[552/2367] BANK2_CROSS_da_reent__T_cross_-today__input_-adjust_warmup-ready_: cached
[553/2367] BANK2_CROSS_da_reent__T_cross_-both_d_input_-raw_warmup-ready_: cached
[554/2367] BANK2_CROSS_da_reent__T_cross_-today__input_-raw_warmup-ready_: cached
[555/2367] BANK2_CROSS_da_reent__OAT_rsi_smoothing-simple: cached
[556/2367] BANK2_CROSS_da_reent__OAT_rsi_exit-cross: cached
[557/2367] BANK2_CROSS_da_reent__OAT_a_exec-set_holdings: cached
[558/2367] BANK2_CROSS_da_reent__SPOT_all_excluded_off: cached
[559/2367] BANK2_CROSS_da_wait__ref: cached
[560/2367] BANK2_CROSS_da_wait__T_cross_-today__input_-adjust_warmup-strict: cached
[561/2367] BANK2_CROSS_da_wait__T_cross_-both_d_input_-raw_warmup-strict: cached
[562/2367] BANK2_CROSS_da_wait__T_cross_-today__input_-raw_warmup-strict: cached
[563/2367] BANK2_CROSS_da_wait__T_cross_-both_d_input_-adjust_warmup-ready_: cached
[564/2367] BANK2_CROSS_da_wait__T_cross_-today__input_-adjust_warmup-ready_: cached
[565/2367] BANK2_CROSS_da_wait__T_cross_-both_d_input_-raw_warmup-ready_: cached
[566/2367] BANK2_CROSS_da_wait__T_cross_-today__input_-raw_warmup-ready_: cached
[567/2367] BANK2_CROSS_da_wait__OAT_rsi_smoothing-simple: cached
[568/2367] BANK2_CROSS_da_wait__OAT_rsi_exit-cross: cached
[569/2367] BANK2_CROSS_da_wait__OAT_a_exec-set_holdings: cached
[570/2367] BANK2_CROSS_da_wait__SPOT_all_excluded_off: cached
[571/2367] BANK2_CROSS_ad_reent__ref: cached
[572/2367] BANK2_CROSS_ad_reent__T_cross_-today__input_-adjust_warmup-strict: cached
[573/2367] BANK2_CROSS_ad_reent__T_cross_-both_d_input_-raw_warmup-strict: cached
[574/2367] BANK2_CROSS_ad_reent__T_cross_-today__input_-raw_warmup-strict: cached
[575/2367] BANK2_CROSS_ad_reent__T_cross_-both_d_input_-adjust_warmup-ready_: cached
[576/2367] BANK2_CROSS_ad_reent__T_cross_-today__input_-adjust_warmup-ready_: cached
[577/2367] BANK2_CROSS_ad_reent__T_cross_-both_d_input_-raw_warmup-ready_: cached
[578/2367] BANK2_CROSS_ad_reent__T_cross_-today__input_-raw_warmup-ready_: cached
[579/2367] BANK2_CROSS_ad_reent__OAT_rsi_smoothing-simple: cached
[580/2367] BANK2_CROSS_ad_reent__OAT_rsi_exit-cross: cached
[581/2367] BANK2_CROSS_ad_reent__OAT_a_exec-set_holdings: cached
[582/2367] BANK2_CROSS_ad_reent__SPOT_all_excluded_off: cached
[583/2367] BANK2_CROSS_ad_wait__ref: cached
[584/2367] BANK2_CROSS_ad_wait__T_cross_-today__input_-adjust_warmup-strict: cached
[585/2367] BANK2_CROSS_ad_wait__T_cross_-both_d_input_-raw_warmup-strict: cached
[586/2367] BANK2_CROSS_ad_wait__T_cross_-today__input_-raw_warmup-strict: cached
[587/2367] BANK2_CROSS_ad_wait__T_cross_-both_d_input_-adjust_warmup-ready_: cached
[588/2367] BANK2_CROSS_ad_wait__T_cross_-today__input_-adjust_warmup-ready_: cached
[589/2367] BANK2_CROSS_ad_wait__T_cross_-both_d_input_-raw_warmup-ready_: cached
[590/2367] BANK2_CROSS_ad_wait__T_cross_-today__input_-raw_warmup-ready_: cached
[591/2367] BANK2_CROSS_ad_wait__OAT_rsi_smoothing-simple: cached
[592/2367] BANK2_CROSS_ad_wait__OAT_rsi_exit-cross: cached
[593/2367] BANK2_CROSS_ad_wait__OAT_a_exec-set_holdings: cached
[594/2367] BANK2_CROSS_ad_wait__SPOT_all_excluded_off: cached
[595/2367] BANK2_CROSS_level_reent__ref: cached
[596/2367] BANK2_CROSS_level_reent__T_cross_-today__input_-adjust_warmup-strict: cached
[597/2367] BANK2_CROSS_level_reent__T_cross_-both_d_input_-raw_warmup-strict: cached
[598/2367] BANK2_CROSS_level_reent__T_cross_-today__input_-raw_warmup-strict: cached
[599/2367] BANK2_CROSS_level_reent__T_cross_-both_d_input_-adjust_warmup-ready_: cached
[600/2367] BANK2_CROSS_level_reent__T_cross_-today__input_-adjust_warmup-ready_: cached
[601/2367] BANK2_CROSS_level_reent__T_cross_-both_d_input_-raw_warmup-ready_: cached
[602/2367] BANK2_CROSS_level_reent__T_cross_-today__input_-raw_warmup-ready_: cached
[603/2367] BANK2_CROSS_level_reent__OAT_rsi_smoothing-simple: cached
[604/2367] BANK2_CROSS_level_reent__OAT_rsi_exit-cross: cached
[605/2367] BANK2_CROSS_level_reent__OAT_a_exec-set_holdings: cached
[606/2367] BANK2_CROSS_level_reent__SPOT_all_excluded_off: cached
[607/2367] BANK2_CROSS_ua_reent__OAT_rsi_exit-cross: ok fills=250 (29.5s)
[608/2367] BANK2_CROSS_level_wait__T_cross_-today__input_-adjust_warmup-strict: cached
[609/2367] BANK2_CROSS_level_wait__T_cross_-both_d_input_-raw_warmup-strict: cached
[610/2367] BANK2_CROSS_level_wait__T_cross_-today__input_-raw_warmup-strict: cached
[611/2367] BANK2_CROSS_level_wait__T_cross_-both_d_input_-adjust_warmup-ready_: cached
[612/2367] BANK2_CROSS_level_wait__T_cross_-today__input_-adjust_warmup-ready_: cached
[613/2367] BANK2_CROSS_level_wait__T_cross_-both_d_input_-raw_warmup-ready_: cached
[614/2367] BANK2_CROSS_level_wait__T_cross_-today__input_-raw_warmup-ready_: cached
[615/2367] BANK2_CROSS_level_wait__OAT_rsi_smoothing-simple: cached
[616/2367] BANK2_CROSS_level_wait__OAT_rsi_exit-cross: cached
[617/2367] BANK2_CROSS_level_wait__OAT_a_exec-set_holdings: cached
[618/2367] BANK2_CROSS_level_wait__SPOT_all_excluded_off: cached
[619/2367] BANK2_BL-03_pct10__ref: cached
[620/2367] BANK2_BL-03_pct10__T_a_exec-set_ho_cross_-both_d_input_-adjust_warmup-strict: cached
[621/2367] BANK2_BL-03_pct10__T_a_exec-calc_s_cross_-today__input_-adjust_warmup-strict: cached
[622/2367] BANK2_BL-03_pct10__T_a_exec-set_ho_cross_-today__input_-adjust_warmup-strict: cached
[623/2367] BANK2_BL-03_pct10__T_a_exec-calc_s_cross_-both_d_input_-raw_warmup-strict: cached
[624/2367] BANK2_BL-03_pct10__T_a_exec-set_ho_cross_-both_d_input_-raw_warmup-strict: cached
[625/2367] BANK2_BL-03_pct10__T_a_exec-calc_s_cross_-today__input_-raw_warmup-strict: cached
[626/2367] BANK2_BL-03_pct10__T_a_exec-set_ho_cross_-today__input_-raw_warmup-strict: cached
[627/2367] BANK2_BL-03_pct10__T_a_exec-calc_s_cross_-both_d_input_-adjust_warmup-ready_: cached
[628/2367] BANK2_BL-03_pct10__T_a_exec-set_ho_cross_-both_d_input_-adjust_warmup-ready_: cached
[629/2367] BANK2_BL-03_pct10__T_a_exec-calc_s_cross_-today__input_-adjust_warmup-ready_: cached
[630/2367] BANK2_BL-03_pct10__T_a_exec-set_ho_cross_-today__input_-adjust_warmup-ready_: cached
[631/2367] BANK2_BL-03_pct10__T_a_exec-calc_s_cross_-both_d_input_-raw_warmup-ready_: cached
[632/2367] BANK2_BL-03_pct10__T_a_exec-set_ho_cross_-both_d_input_-raw_warmup-ready_: cached
[633/2367] BANK2_BL-03_pct10__T_a_exec-calc_s_cross_-today__input_-raw_warmup-ready_: cached
[634/2367] BANK2_BL-03_pct10__T_a_exec-set_ho_cross_-today__input_-raw_warmup-ready_: cached
[635/2367] BANK2_BL-03_pct10__OAT_rsi_smoothing-simple: cached
[636/2367] BANK2_BL-03_pct10__OAT_rsi_exit-cross: cached
[637/2367] BANK2_CROSS_au_reent__SPOT_all_excluded_off: ok fills=272 (33.2s)
[638/2367] BANK2_BL-03_pct10__SPOT_all_excluded_off: cached
[639/2367] BANK2_BL-03_pct20__ref: cached
[640/2367] BANK2_BL-03_pct20__T_a_exec-set_ho_cross_-both_d_input_-adjust_warmup-strict: cached
[641/2367] BANK2_BL-03_pct20__T_a_exec-calc_s_cross_-today__input_-adjust_warmup-strict: cached
[642/2367] BANK2_BL-03_pct20__T_a_exec-set_ho_cross_-today__input_-adjust_warmup-strict: cached
[643/2367] BANK2_BL-03_pct20__T_a_exec-calc_s_cross_-both_d_input_-raw_warmup-strict: cached
[644/2367] BANK2_BL-03_pct20__T_a_exec-set_ho_cross_-both_d_input_-raw_warmup-strict: cached
[645/2367] BANK2_BL-03_pct20__T_a_exec-calc_s_cross_-today__input_-raw_warmup-strict: cached
[646/2367] BANK2_BL-03_pct20__T_a_exec-set_ho_cross_-today__input_-raw_warmup-strict: cached
[647/2367] BANK2_BL-03_pct20__T_a_exec-calc_s_cross_-both_d_input_-adjust_warmup-ready_: cached
[648/2367] BANK2_BL-03_pct20__T_a_exec-set_ho_cross_-both_d_input_-adjust_warmup-ready_: cached
[649/2367] BANK2_BL-03_pct20__T_a_exec-calc_s_cross_-today__input_-adjust_warmup-ready_: cached
[650/2367] BANK2_BL-03_pct20__T_a_exec-set_ho_cross_-today__input_-adjust_warmup-ready_: cached
[651/2367] BANK2_BL-03_pct20__T_a_exec-calc_s_cross_-both_d_input_-raw_warmup-ready_: cached
[652/2367] BANK2_BL-03_pct20__T_a_exec-set_ho_cross_-both_d_input_-raw_warmup-ready_: cached
[653/2367] BANK2_BL-03_pct20__T_a_exec-calc_s_cross_-today__input_-raw_warmup-ready_: cached
[654/2367] BANK2_BL-03_pct20__T_a_exec-set_ho_cross_-today__input_-raw_warmup-ready_: cached
[655/2367] BANK2_CROSS_au_wait__T_cross_-both_d_input_-adjust_warmup-ready_: ok fills=268 (33.3s)
[656/2367] BANK2_BL-03_pct20__OAT_rsi_exit-cross: cached
[657/2367] BANK2_BL-03_pct20__OAT_same_bar_reentry-wait_bar: cached
[658/2367] BANK2_BL-03_pct20__SPOT_all_excluded_off: cached
[659/2367] BANK2_BL-03_pct25__ref: cached
[660/2367] BANK2_BL-03_pct25__T_a_exec-set_ho_cross_-both_d_input_-adjust_warmup-strict: cached
[661/2367] BANK2_BL-03_pct25__T_a_exec-calc_s_cross_-today__input_-adjust_warmup-strict: cached
[662/2367] BANK2_BL-03_pct25__T_a_exec-set_ho_cross_-today__input_-adjust_warmup-strict: cached
[663/2367] BANK2_BL-03_pct25__T_a_exec-calc_s_cross_-both_d_input_-raw_warmup-strict: cached
[664/2367] BANK2_BL-03_pct25__T_a_exec-set_ho_cross_-both_d_input_-raw_warmup-strict: cached
[665/2367] BANK2_BL-03_pct25__T_a_exec-calc_s_cross_-today__input_-raw_warmup-strict: cached
[666/2367] BANK2_BL-03_pct25__T_a_exec-set_ho_cross_-today__input_-raw_warmup-strict: cached
[667/2367] BANK2_BL-03_pct25__T_a_exec-calc_s_cross_-both_d_input_-adjust_warmup-ready_: cached
[668/2367] BANK2_BL-03_pct25__T_a_exec-set_ho_cross_-both_d_input_-adjust_warmup-ready_: cached
[669/2367] BANK2_BL-03_pct25__T_a_exec-calc_s_cross_-today__input_-adjust_warmup-ready_: cached
[670/2367] BANK2_BL-03_pct25__T_a_exec-set_ho_cross_-today__input_-adjust_warmup-ready_: cached
[671/2367] BANK2_BL-03_pct25__T_a_exec-calc_s_cross_-both_d_input_-raw_warmup-ready_: cached
[672/2367] BANK2_BL-03_pct25__T_a_exec-set_ho_cross_-both_d_input_-raw_warmup-ready_: cached
[673/2367] BANK2_BL-03_pct25__T_a_exec-calc_s_cross_-today__input_-raw_warmup-ready_: cached
[674/2367] BANK2_BL-03_pct25__T_a_exec-set_ho_cross_-today__input_-raw_warmup-ready_: cached
[675/2367] BANK2_BL-03_pct25__OAT_rsi_smoothing-simple: cached
[676/2367] BANK2_BL-03_pct25__OAT_rsi_exit-cross: cached
[677/2367] BANK2_BL-03_pct25__OAT_same_bar_reentry-wait_bar: cached
[678/2367] BANK2_BL-03_pct25__SPOT_all_excluded_off: cached
[679/2367] BANK2_BL-03_pct40__ref: cached
[680/2367] BANK2_BL-03_pct40__T_a_exec-set_ho_cross_-both_d_input_-adjust_warmup-strict: cached
[681/2367] BANK2_BL-03_pct40__T_a_exec-calc_s_cross_-today__input_-adjust_warmup-strict: cached
[682/2367] BANK2_BL-03_pct40__T_a_exec-set_ho_cross_-today__input_-adjust_warmup-strict: cached
[683/2367] BANK2_CROSS_level_wait__ref: ok fills=268 (33.2s)
[684/2367] BANK2_BL-03_pct40__T_a_exec-set_ho_cross_-both_d_input_-raw_warmup-strict: cached
[685/2367] BANK2_BL-03_pct40__T_a_exec-calc_s_cross_-today__input_-raw_warmup-strict: cached
[686/2367] BANK2_BL-03_pct40__T_a_exec-set_ho_cross_-today__input_-raw_warmup-strict: cached
[687/2367] BANK2_BL-03_pct40__T_a_exec-calc_s_cross_-both_d_input_-adjust_warmup-ready_: cached
[688/2367] BANK2_BL-03_pct40__T_a_exec-set_ho_cross_-both_d_input_-adjust_warmup-ready_: cached
[689/2367] BANK2_BL-03_pct40__T_a_exec-calc_s_cross_-today__input_-adjust_warmup-ready_: cached
[690/2367] BANK2_BL-03_pct40__T_a_exec-set_ho_cross_-today__input_-adjust_warmup-ready_: cached
[691/2367] BANK2_BL-03_pct40__T_a_exec-calc_s_cross_-both_d_input_-raw_warmup-ready_: cached
[692/2367] BANK2_BL-03_pct40__T_a_exec-set_ho_cross_-both_d_input_-raw_warmup-ready_: cached
[693/2367] BANK2_BL-03_pct40__T_a_exec-calc_s_cross_-today__input_-raw_warmup-ready_: cached
[694/2367] BANK2_BL-03_pct40__T_a_exec-set_ho_cross_-today__input_-raw_warmup-ready_: cached
[695/2367] BANK2_BL-03_pct40__OAT_rsi_smoothing-simple: cached
[696/2367] BANK2_BL-03_pct40__OAT_rsi_exit-cross: cached
[697/2367] BANK2_BL-03_pct40__OAT_same_bar_reentry-wait_bar: cached
[698/2367] BANK2_BL-03_pct40__SPOT_all_excluded_off: cached
[699/2367] BANK2_BL-03_pct10__OAT_same_bar_reentry-wait_bar: ok fills=266 (31.1s)
[700/2367] BANK2_BL-03_pct50__T_a_exec-set_ho_cross_-both_d_input_-adjust_warmup-strict: cached
[701/2367] BANK2_BL-03_pct50__T_a_exec-calc_s_cross_-today__input_-adjust_warmup-strict: cached
[702/2367] BANK2_BL-03_pct50__T_a_exec-set_ho_cross_-today__input_-adjust_warmup-strict: cached
[703/2367] BANK2_BL-03_pct50__T_a_exec-calc_s_cross_-both_d_input_-raw_warmup-strict: cached
[704/2367] BANK2_BL-03_pct50__T_a_exec-set_ho_cross_-both_d_input_-raw_warmup-strict: cached
[705/2367] BANK2_BL-03_pct50__T_a_exec-calc_s_cross_-today__input_-raw_warmup-strict: cached
[706/2367] BANK2_BL-03_pct50__T_a_exec-set_ho_cross_-today__input_-raw_warmup-strict: cached
[707/2367] BANK2_BL-03_pct50__T_a_exec-calc_s_cross_-both_d_input_-adjust_warmup-ready_: cached
[708/2367] BANK2_BL-03_pct50__T_a_exec-set_ho_cross_-both_d_input_-adjust_warmup-ready_: cached
[709/2367] BANK2_BL-03_pct50__T_a_exec-calc_s_cross_-today__input_-adjust_warmup-ready_: cached
[710/2367] BANK2_BL-03_pct50__T_a_exec-set_ho_cross_-today__input_-adjust_warmup-ready_: cached
[711/2367] BANK2_BL-03_pct50__T_a_exec-calc_s_cross_-both_d_input_-raw_warmup-ready_: cached
[712/2367] BANK2_BL-03_pct50__T_a_exec-set_ho_cross_-both_d_input_-raw_warmup-ready_: cached
[713/2367] BANK2_BL-03_pct50__T_a_exec-calc_s_cross_-today__input_-raw_warmup-ready_: cached
[714/2367] BANK2_BL-03_pct50__T_a_exec-set_ho_cross_-today__input_-raw_warmup-ready_: cached
[715/2367] BANK2_BL-03_pct50__OAT_rsi_smoothing-simple: cached
[716/2367] BANK2_BL-03_pct50__OAT_rsi_exit-cross: cached
[717/2367] BANK2_BL-03_pct50__OAT_same_bar_reentry-wait_bar: cached
[718/2367] BANK2_BL-03_pct50__SPOT_all_excluded_off: cached
[719/2367] BANK2_BL-03_pct100__ref: cached
[720/2367] BANK2_BL-03_pct100__T_a_exec-set_ho_cross_-both_d_input_-adjust_warmup-strict: cached
[721/2367] BANK2_BL-03_pct100__T_a_exec-calc_s_cross_-today__input_-adjust_warmup-strict: cached
[722/2367] BANK2_BL-03_pct20__OAT_rsi_smoothing-simple: ok fills=270 (27.9s)
[723/2367] BANK2_BL-03_pct100__T_a_exec-calc_s_cross_-both_d_input_-raw_warmup-strict: cached
[724/2367] BANK2_BL-03_pct100__T_a_exec-set_ho_cross_-both_d_input_-raw_warmup-strict: cached
[725/2367] BANK2_BL-03_pct100__T_a_exec-calc_s_cross_-today__input_-raw_warmup-strict: cached
[726/2367] BANK2_BL-03_pct100__T_a_exec-set_ho_cross_-today__input_-raw_warmup-strict: cached
[727/2367] BANK2_BL-03_pct100__T_a_exec-calc_s_cross_-both_d_input_-adjust_warmup-ready_: cached
[728/2367] BANK2_BL-03_pct100__T_a_exec-set_ho_cross_-both_d_input_-adjust_warmup-ready_: cached
[729/2367] BANK2_BL-03_pct100__T_a_exec-calc_s_cross_-today__input_-adjust_warmup-ready_: cached
[730/2367] BANK2_BL-03_pct100__T_a_exec-set_ho_cross_-today__input_-adjust_warmup-ready_: cached
[731/2367] BANK2_BL-03_pct100__T_a_exec-calc_s_cross_-both_d_input_-raw_warmup-ready_: cached
[732/2367] BANK2_BL-03_pct100__T_a_exec-set_ho_cross_-both_d_input_-raw_warmup-ready_: cached
[733/2367] BANK2_BL-03_pct100__T_a_exec-calc_s_cross_-today__input_-raw_warmup-ready_: cached
[734/2367] BANK2_BL-03_pct100__T_a_exec-set_ho_cross_-today__input_-raw_warmup-ready_: cached
[735/2367] BANK2_BL-03_pct100__OAT_rsi_smoothing-simple: cached
[736/2367] BANK2_BL-03_pct100__OAT_rsi_exit-cross: cached
[737/2367] BANK2_BL-03_pct100__OAT_same_bar_reentry-wait_bar: cached
[738/2367] BANK2_BL-03_pct100__SPOT_all_excluded_off: cached
[739/2367] BANK2_BL-04_prev_close__ref: cached
[740/2367] BANK2_BL-04_prev_close__T_input_-raw_rsi_ex-level_rsi_sm-wilder_same_b-allowe_warmup-strict: cached
[741/2367] BANK2_BL-03_pct40__T_a_exec-calc_s_cross_-both_d_input_-raw_warmup-strict: ok fills=270 (27.3s)
[742/2367] BANK2_BL-04_prev_close__T_input_-raw_rsi_ex-level_rsi_sm-wilder_same_b-wait_b_warmup-strict: cached
[743/2367] BANK2_BL-04_prev_close__T_input_-adjust_rsi_ex-level_rsi_sm-wilder_same_b-allowe_warmup-ready_: cached
[744/2367] BANK2_BL-04_prev_close__T_input_-raw_rsi_ex-level_rsi_sm-wilder_same_b-allowe_warmup-ready_: cached
[745/2367] BANK2_BL-04_prev_close__T_input_-adjust_rsi_ex-level_rsi_sm-wilder_same_b-wait_b_warmup-ready_: cached
[746/2367] BANK2_BL-04_prev_close__T_input_-raw_rsi_ex-level_rsi_sm-wilder_same_b-wait_b_warmup-ready_: cached
[747/2367] BANK2_BL-04_prev_close__T_input_-adjust_rsi_ex-cross_rsi_sm-wilder_same_b-allowe_warmup-strict: cached
[748/2367] BANK2_BL-04_prev_close__T_input_-raw_rsi_ex-cross_rsi_sm-wilder_same_b-allowe_warmup-strict: cached
[749/2367] BANK2_BL-04_prev_close__T_input_-adjust_rsi_ex-cross_rsi_sm-wilder_same_b-wait_b_warmup-strict: cached
[750/2367] BANK2_BL-04_prev_close__T_input_-raw_rsi_ex-cross_rsi_sm-wilder_same_b-wait_b_warmup-strict: cached
[751/2367] BANK2_BL-04_prev_close__T_input_-adjust_rsi_ex-cross_rsi_sm-wilder_same_b-allowe_warmup-ready_: cached
[752/2367] BANK2_BL-04_prev_close__T_input_-raw_rsi_ex-cross_rsi_sm-wilder_same_b-allowe_warmup-ready_: cached
[753/2367] BANK2_BL-04_prev_close__T_input_-adjust_rsi_ex-cross_rsi_sm-wilder_same_b-wait_b_warmup-ready_: cached
[754/2367] BANK2_BL-04_prev_close__T_input_-raw_rsi_ex-cross_rsi_sm-wilder_same_b-wait_b_warmup-ready_: cached
[755/2367] BANK2_BL-04_prev_close__T_input_-adjust_rsi_ex-level_rsi_sm-simple_same_b-allowe_warmup-strict: cached
[756/2367] BANK2_BL-04_prev_close__T_input_-raw_rsi_ex-level_rsi_sm-simple_same_b-allowe_warmup-strict: cached
[757/2367] BANK2_BL-04_prev_close__T_input_-adjust_rsi_ex-level_rsi_sm-simple_same_b-wait_b_warmup-strict: cached
[758/2367] BANK2_BL-04_prev_close__T_input_-raw_rsi_ex-level_rsi_sm-simple_same_b-wait_b_warmup-strict: cached
[759/2367] BANK2_BL-04_prev_close__T_input_-adjust_rsi_ex-level_rsi_sm-simple_same_b-allowe_warmup-ready_: cached
[760/2367] BANK2_BL-04_prev_close__T_input_-raw_rsi_ex-level_rsi_sm-simple_same_b-allowe_warmup-ready_: cached
[761/2367] BANK2_BL-04_prev_close__T_input_-adjust_rsi_ex-level_rsi_sm-simple_same_b-wait_b_warmup-ready_: cached
[762/2367] BANK2_BL-04_prev_close__T_input_-raw_rsi_ex-level_rsi_sm-simple_same_b-wait_b_warmup-ready_: cached
[763/2367] BANK2_BL-04_prev_close__T_input_-adjust_rsi_ex-cross_rsi_sm-simple_same_b-allowe_warmup-strict: cached
[764/2367] BANK2_BL-04_prev_close__T_input_-raw_rsi_ex-cross_rsi_sm-simple_same_b-allowe_warmup-strict: cached
[765/2367] BANK2_BL-04_prev_close__T_input_-adjust_rsi_ex-cross_rsi_sm-simple_same_b-wait_b_warmup-strict: cached
[766/2367] BANK2_BL-03_pct50__ref: ok fills=270 (27.1s)
[767/2367] BANK2_BL-04_prev_close__T_input_-adjust_rsi_ex-cross_rsi_sm-simple_same_b-allowe_warmup-ready_: cached
[768/2367] BANK2_BL-04_prev_close__T_input_-raw_rsi_ex-cross_rsi_sm-simple_same_b-allowe_warmup-ready_: cached
[769/2367] BANK2_BL-04_prev_close__T_input_-adjust_rsi_ex-cross_rsi_sm-simple_same_b-wait_b_warmup-ready_: cached
[770/2367] BANK2_BL-04_prev_close__T_input_-raw_rsi_ex-cross_rsi_sm-simple_same_b-wait_b_warmup-ready_: cached
[771/2367] BANK2_BL-04_prev_close__OAT_a_exec-set_holdings: cached
[772/2367] BANK2_BL-04_prev_close__OAT_cross_timing-today_ma: cached
[773/2367] BANK2_BL-04_prev_close__SPOT_all_excluded_off: cached
[774/2367] BANK2_BL-04_open_close__ref: cached
[775/2367] BANK2_BL-04_open_close__T_input_-raw_rsi_ex-level_rsi_sm-wilder_same_b-allowe_warmup-strict: cached
[776/2367] BANK2_BL-04_open_close__T_input_-adjust_rsi_ex-level_rsi_sm-wilder_same_b-wait_b_warmup-strict: cached
[777/2367] BANK2_BL-04_open_close__T_input_-raw_rsi_ex-level_rsi_sm-wilder_same_b-wait_b_warmup-strict: cached
[778/2367] BANK2_BL-04_open_close__T_input_-adjust_rsi_ex-level_rsi_sm-wilder_same_b-allowe_warmup-ready_: cached
[779/2367] BANK2_BL-04_open_close__T_input_-raw_rsi_ex-level_rsi_sm-wilder_same_b-allowe_warmup-ready_: cached
[780/2367] BANK2_BL-04_open_close__T_input_-adjust_rsi_ex-level_rsi_sm-wilder_same_b-wait_b_warmup-ready_: cached
[781/2367] BANK2_BL-04_open_close__T_input_-raw_rsi_ex-level_rsi_sm-wilder_same_b-wait_b_warmup-ready_: cached
[782/2367] BANK2_BL-04_open_close__T_input_-adjust_rsi_ex-cross_rsi_sm-wilder_same_b-allowe_warmup-strict: cached
[783/2367] BANK2_BL-04_open_close__T_input_-raw_rsi_ex-cross_rsi_sm-wilder_same_b-allowe_warmup-strict: cached
[784/2367] BANK2_BL-04_open_close__T_input_-adjust_rsi_ex-cross_rsi_sm-wilder_same_b-wait_b_warmup-strict: cached
[785/2367] BANK2_BL-04_open_close__T_input_-raw_rsi_ex-cross_rsi_sm-wilder_same_b-wait_b_warmup-strict: cached
[786/2367] BANK2_BL-04_open_close__T_input_-adjust_rsi_ex-cross_rsi_sm-wilder_same_b-allowe_warmup-ready_: cached
[787/2367] BANK2_BL-04_open_close__T_input_-raw_rsi_ex-cross_rsi_sm-wilder_same_b-allowe_warmup-ready_: cached
[788/2367] BANK2_BL-04_open_close__T_input_-adjust_rsi_ex-cross_rsi_sm-wilder_same_b-wait_b_warmup-ready_: cached
[789/2367] BANK2_BL-04_open_close__T_input_-raw_rsi_ex-cross_rsi_sm-wilder_same_b-wait_b_warmup-ready_: cached
[790/2367] BANK2_BL-04_open_close__T_input_-adjust_rsi_ex-level_rsi_sm-simple_same_b-allowe_warmup-strict: cached
[791/2367] BANK2_BL-04_open_close__T_input_-raw_rsi_ex-level_rsi_sm-simple_same_b-allowe_warmup-strict: cached
[792/2367] BANK2_BL-04_open_close__T_input_-adjust_rsi_ex-level_rsi_sm-simple_same_b-wait_b_warmup-strict: cached
[793/2367] BANK2_BL-04_open_close__T_input_-raw_rsi_ex-level_rsi_sm-simple_same_b-wait_b_warmup-strict: cached
[794/2367] BANK2_BL-04_open_close__T_input_-adjust_rsi_ex-level_rsi_sm-simple_same_b-allowe_warmup-ready_: cached
[795/2367] BANK2_BL-04_open_close__T_input_-raw_rsi_ex-level_rsi_sm-simple_same_b-allowe_warmup-ready_: cached
[796/2367] BANK2_BL-04_open_close__T_input_-adjust_rsi_ex-level_rsi_sm-simple_same_b-wait_b_warmup-ready_: cached
[797/2367] BANK2_BL-04_open_close__T_input_-raw_rsi_ex-level_rsi_sm-simple_same_b-wait_b_warmup-ready_: cached
[798/2367] BANK2_BL-04_open_close__T_input_-adjust_rsi_ex-cross_rsi_sm-simple_same_b-allowe_warmup-strict: cached
[799/2367] BANK2_BL-03_pct100__T_a_exec-set_ho_cross_-today__input_-adjust_warmup-strict: ok fills=181 (27.2s)
[800/2367] BANK2_BL-04_open_close__T_input_-adjust_rsi_ex-cross_rsi_sm-simple_same_b-wait_b_warmup-strict: cached
[801/2367] BANK2_BL-04_open_close__T_input_-raw_rsi_ex-cross_rsi_sm-simple_same_b-wait_b_warmup-strict: cached
[802/2367] BANK2_BL-04_open_close__T_input_-adjust_rsi_ex-cross_rsi_sm-simple_same_b-allowe_warmup-ready_: cached
[803/2367] BANK2_BL-04_open_close__T_input_-raw_rsi_ex-cross_rsi_sm-simple_same_b-allowe_warmup-ready_: cached
[804/2367] BANK2_BL-04_open_close__T_input_-adjust_rsi_ex-cross_rsi_sm-simple_same_b-wait_b_warmup-ready_: cached
[805/2367] BANK2_BL-04_open_close__T_input_-raw_rsi_ex-cross_rsi_sm-simple_same_b-wait_b_warmup-ready_: cached
[806/2367] BANK2_BL-04_open_close__OAT_a_exec-set_holdings: cached
[807/2367] BANK2_BL-04_open_close__OAT_cross_timing-today_ma: cached
[808/2367] BANK2_BL-04_open_close__SPOT_all_excluded_off: cached
[809/2367] BANK2_BL-04_prev_close_le__ref: cached
[810/2367] BANK2_BL-04_prev_close_le__T_input_-raw_rsi_ex-level_rsi_sm-wilder_same_b-allowe_warmup-strict: cached
[811/2367] BANK2_BL-04_prev_close_le__T_input_-adjust_rsi_ex-level_rsi_sm-wilder_same_b-wait_b_warmup-strict: cached
[812/2367] BANK2_BL-04_prev_close_le__T_input_-raw_rsi_ex-level_rsi_sm-wilder_same_b-wait_b_warmup-strict: cached
[813/2367] BANK2_BL-04_prev_close_le__T_input_-adjust_rsi_ex-level_rsi_sm-wilder_same_b-allowe_warmup-ready_: cached
[814/2367] BANK2_BL-04_prev_close_le__T_input_-raw_rsi_ex-level_rsi_sm-wilder_same_b-allowe_warmup-ready_: cached
[815/2367] BANK2_BL-04_prev_close_le__T_input_-adjust_rsi_ex-level_rsi_sm-wilder_same_b-wait_b_warmup-ready_: cached
[816/2367] BANK2_BL-04_prev_close_le__T_input_-raw_rsi_ex-level_rsi_sm-wilder_same_b-wait_b_warmup-ready_: cached
[817/2367] BANK2_BL-04_prev_close_le__T_input_-adjust_rsi_ex-cross_rsi_sm-wilder_same_b-allowe_warmup-strict: cached
[818/2367] BANK2_BL-04_prev_close_le__T_input_-raw_rsi_ex-cross_rsi_sm-wilder_same_b-allowe_warmup-strict: cached
[819/2367] BANK2_BL-04_prev_close_le__T_input_-adjust_rsi_ex-cross_rsi_sm-wilder_same_b-wait_b_warmup-strict: cached
[820/2367] BANK2_BL-04_prev_close_le__T_input_-raw_rsi_ex-cross_rsi_sm-wilder_same_b-wait_b_warmup-strict: cached
[821/2367] BANK2_BL-04_prev_close_le__T_input_-adjust_rsi_ex-cross_rsi_sm-wilder_same_b-allowe_warmup-ready_: cached
[822/2367] BANK2_BL-04_prev_close_le__T_input_-raw_rsi_ex-cross_rsi_sm-wilder_same_b-allowe_warmup-ready_: cached
[823/2367] BANK2_BL-04_prev_close_le__T_input_-adjust_rsi_ex-cross_rsi_sm-wilder_same_b-wait_b_warmup-ready_: cached
[824/2367] BANK2_BL-04_prev_close_le__T_input_-raw_rsi_ex-cross_rsi_sm-wilder_same_b-wait_b_warmup-ready_: cached
[825/2367] BANK2_BL-04_prev_close_le__T_input_-adjust_rsi_ex-level_rsi_sm-simple_same_b-allowe_warmup-strict: cached
[826/2367] BANK2_BL-04_prev_close_le__T_input_-raw_rsi_ex-level_rsi_sm-simple_same_b-allowe_warmup-strict: cached
[827/2367] BANK2_BL-04_prev_close_le__T_input_-adjust_rsi_ex-level_rsi_sm-simple_same_b-wait_b_warmup-strict: cached
[828/2367] BANK2_BL-04_prev_close_le__T_input_-raw_rsi_ex-level_rsi_sm-simple_same_b-wait_b_warmup-strict: cached
[829/2367] BANK2_BL-04_prev_close_le__T_input_-adjust_rsi_ex-level_rsi_sm-simple_same_b-allowe_warmup-ready_: cached
[830/2367] BANK2_BL-04_prev_close_le__T_input_-raw_rsi_ex-level_rsi_sm-simple_same_b-allowe_warmup-ready_: cached
[831/2367] BANK2_BL-04_prev_close_le__T_input_-adjust_rsi_ex-level_rsi_sm-simple_same_b-wait_b_warmup-ready_: cached
[832/2367] BANK2_BL-04_prev_close_le__T_input_-raw_rsi_ex-level_rsi_sm-simple_same_b-wait_b_warmup-ready_: cached
[833/2367] BANK2_BL-04_prev_close_le__T_input_-adjust_rsi_ex-cross_rsi_sm-simple_same_b-allowe_warmup-strict: cached
[834/2367] BANK2_BL-04_prev_close_le__T_input_-raw_rsi_ex-cross_rsi_sm-simple_same_b-allowe_warmup-strict: cached
[835/2367] BANK2_BL-04_prev_close_le__T_input_-adjust_rsi_ex-cross_rsi_sm-simple_same_b-wait_b_warmup-strict: cached
[836/2367] BANK2_BL-04_prev_close_le__T_input_-raw_rsi_ex-cross_rsi_sm-simple_same_b-wait_b_warmup-strict: cached
[837/2367] BANK2_BL-04_prev_close_le__T_input_-adjust_rsi_ex-cross_rsi_sm-simple_same_b-allowe_warmup-ready_: cached
[838/2367] BANK2_BL-04_prev_close_le__T_input_-raw_rsi_ex-cross_rsi_sm-simple_same_b-allowe_warmup-ready_: cached
[839/2367] BANK2_BL-04_prev_close_le__T_input_-adjust_rsi_ex-cross_rsi_sm-simple_same_b-wait_b_warmup-ready_: cached
[840/2367] BANK2_BL-04_prev_close_le__T_input_-raw_rsi_ex-cross_rsi_sm-simple_same_b-wait_b_warmup-ready_: cached
[841/2367] BANK2_BL-04_prev_close_le__OAT_a_exec-set_holdings: cached
[842/2367] BANK2_BL-04_prev_close_le__OAT_cross_timing-today_ma: cached
[843/2367] BANK2_BL-04_prev_close_le__SPOT_all_excluded_off: cached
[844/2367] BANK2_BL-05_d2__ref: cached
[845/2367] BANK2_BL-05_d2__T_input_-raw_rsi_ex-level_rsi_sm-wilder_same_b-allowe_warmup-strict: cached
[846/2367] BANK2_BL-04_prev_close__T_input_-adjust_rsi_ex-level_rsi_sm-wilder_same_b-wait_b_warmup-strict: ok fills=266 (31.8s)
[847/2367] BANK2_BL-05_d2__T_input_-raw_rsi_ex-level_rsi_sm-wilder_same_b-wait_b_warmup-strict: cached
[848/2367] BANK2_BL-05_d2__T_input_-adjust_rsi_ex-level_rsi_sm-wilder_same_b-allowe_warmup-ready_: cached
[849/2367] BANK2_BL-05_d2__T_input_-raw_rsi_ex-level_rsi_sm-wilder_same_b-allowe_warmup-ready_: cached
[850/2367] BANK2_BL-05_d2__T_input_-adjust_rsi_ex-level_rsi_sm-wilder_same_b-wait_b_warmup-ready_: cached
[851/2367] BANK2_BL-05_d2__T_input_-raw_rsi_ex-level_rsi_sm-wilder_same_b-wait_b_warmup-ready_: cached
[852/2367] BANK2_BL-05_d2__T_input_-adjust_rsi_ex-cross_rsi_sm-wilder_same_b-allowe_warmup-strict: cached
[853/2367] BANK2_BL-05_d2__T_input_-raw_rsi_ex-cross_rsi_sm-wilder_same_b-allowe_warmup-strict: cached
[854/2367] BANK2_BL-05_d2__T_input_-adjust_rsi_ex-cross_rsi_sm-wilder_same_b-wait_b_warmup-strict: cached
[855/2367] BANK2_BL-04_prev_close__T_input_-raw_rsi_ex-cross_rsi_sm-simple_same_b-wait_b_warmup-strict: ok fills=390 (32.1s)
[856/2367] BANK2_BL-05_d2__T_input_-adjust_rsi_ex-cross_rsi_sm-wilder_same_b-allowe_warmup-ready_: cached
[857/2367] BANK2_BL-05_d2__T_input_-raw_rsi_ex-cross_rsi_sm-wilder_same_b-allowe_warmup-ready_: cached
[858/2367] BANK2_BL-05_d2__T_input_-adjust_rsi_ex-cross_rsi_sm-wilder_same_b-wait_b_warmup-ready_: cached
[859/2367] BANK2_BL-05_d2__T_input_-raw_rsi_ex-cross_rsi_sm-wilder_same_b-wait_b_warmup-ready_: cached
[860/2367] BANK2_BL-05_d2__T_input_-adjust_rsi_ex-level_rsi_sm-simple_same_b-allowe_warmup-strict: cached
[861/2367] BANK2_BL-05_d2__T_input_-raw_rsi_ex-level_rsi_sm-simple_same_b-allowe_warmup-strict: cached
[862/2367] BANK2_BL-05_d2__T_input_-adjust_rsi_ex-level_rsi_sm-simple_same_b-wait_b_warmup-strict: cached
[863/2367] BANK2_BL-05_d2__T_input_-raw_rsi_ex-level_rsi_sm-simple_same_b-wait_b_warmup-strict: cached
[864/2367] BANK2_BL-05_d2__T_input_-adjust_rsi_ex-level_rsi_sm-simple_same_b-allowe_warmup-ready_: cached
[865/2367] BANK2_BL-05_d2__T_input_-raw_rsi_ex-level_rsi_sm-simple_same_b-allowe_warmup-ready_: cached
[866/2367] BANK2_BL-05_d2__T_input_-adjust_rsi_ex-level_rsi_sm-simple_same_b-wait_b_warmup-ready_: cached
[867/2367] BANK2_BL-05_d2__T_input_-raw_rsi_ex-level_rsi_sm-simple_same_b-wait_b_warmup-ready_: cached
[868/2367] BANK2_BL-05_d2__T_input_-adjust_rsi_ex-cross_rsi_sm-simple_same_b-allowe_warmup-strict: cached
[869/2367] BANK2_BL-05_d2__T_input_-raw_rsi_ex-cross_rsi_sm-simple_same_b-allowe_warmup-strict: cached
[870/2367] BANK2_BL-05_d2__T_input_-adjust_rsi_ex-cross_rsi_sm-simple_same_b-wait_b_warmup-strict: cached
[871/2367] BANK2_BL-05_d2__T_input_-raw_rsi_ex-cross_rsi_sm-simple_same_b-wait_b_warmup-strict: cached
[872/2367] BANK2_BL-05_d2__T_input_-adjust_rsi_ex-cross_rsi_sm-simple_same_b-allowe_warmup-ready_: cached
[873/2367] BANK2_BL-04_open_close__T_input_-raw_rsi_ex-cross_rsi_sm-simple_same_b-allowe_warmup-strict: ok fills=296 (33.2s)
[874/2367] BANK2_BL-05_d2__T_input_-adjust_rsi_ex-cross_rsi_sm-simple_same_b-wait_b_warmup-ready_: cached
[875/2367] BANK2_BL-05_d2__T_input_-raw_rsi_ex-cross_rsi_sm-simple_same_b-wait_b_warmup-ready_: cached
[876/2367] BANK2_BL-05_d2__OAT_a_exec-set_holdings: cached
[877/2367] BANK2_BL-05_d2__OAT_cross_timing-today_ma: cached
[878/2367] BANK2_BL-05_d2__SPOT_all_excluded_off: cached
[879/2367] BANK2_BL-05_d3__ref: cached
[880/2367] BANK2_BL-05_d3__T_input_-raw_rsi_ex-level_rsi_sm-wilder_same_b-allowe_warmup-strict: cached
[881/2367] BANK2_BL-05_d3__T_input_-adjust_rsi_ex-level_rsi_sm-wilder_same_b-wait_b_warmup-strict: cached
[882/2367] BANK2_BL-05_d3__T_input_-raw_rsi_ex-level_rsi_sm-wilder_same_b-wait_b_warmup-strict: cached
[883/2367] BANK2_BL-05_d3__T_input_-adjust_rsi_ex-level_rsi_sm-wilder_same_b-allowe_warmup-ready_: cached
[884/2367] BANK2_BL-05_d3__T_input_-raw_rsi_ex-level_rsi_sm-wilder_same_b-allowe_warmup-ready_: cached
[885/2367] BANK2_BL-05_d3__T_input_-adjust_rsi_ex-level_rsi_sm-wilder_same_b-wait_b_warmup-ready_: cached
[886/2367] BANK2_BL-05_d3__T_input_-raw_rsi_ex-level_rsi_sm-wilder_same_b-wait_b_warmup-ready_: cached
[887/2367] BANK2_BL-05_d3__T_input_-adjust_rsi_ex-cross_rsi_sm-wilder_same_b-allowe_warmup-strict: cached
[888/2367] BANK2_BL-05_d3__T_input_-raw_rsi_ex-cross_rsi_sm-wilder_same_b-allowe_warmup-strict: cached
[889/2367] BANK2_BL-05_d3__T_input_-adjust_rsi_ex-cross_rsi_sm-wilder_same_b-wait_b_warmup-strict: cached
[890/2367] BANK2_BL-05_d3__T_input_-raw_rsi_ex-cross_rsi_sm-wilder_same_b-wait_b_warmup-strict: cached
[891/2367] BANK2_BL-05_d3__T_input_-adjust_rsi_ex-cross_rsi_sm-wilder_same_b-allowe_warmup-ready_: cached
[892/2367] BANK2_BL-05_d3__T_input_-raw_rsi_ex-cross_rsi_sm-wilder_same_b-allowe_warmup-ready_: cached
[893/2367] BANK2_BL-05_d3__T_input_-adjust_rsi_ex-cross_rsi_sm-wilder_same_b-wait_b_warmup-ready_: cached
[894/2367] BANK2_BL-05_d3__T_input_-raw_rsi_ex-cross_rsi_sm-wilder_same_b-wait_b_warmup-ready_: cached
[895/2367] BANK2_BL-05_d3__T_input_-adjust_rsi_ex-level_rsi_sm-simple_same_b-allowe_warmup-strict: cached
[896/2367] BANK2_BL-05_d3__T_input_-raw_rsi_ex-level_rsi_sm-simple_same_b-allowe_warmup-strict: cached
[897/2367] BANK2_BL-05_d3__T_input_-adjust_rsi_ex-level_rsi_sm-simple_same_b-wait_b_warmup-strict: cached
[898/2367] BANK2_BL-05_d3__T_input_-raw_rsi_ex-level_rsi_sm-simple_same_b-wait_b_warmup-strict: cached
[899/2367] BANK2_BL-05_d3__T_input_-adjust_rsi_ex-level_rsi_sm-simple_same_b-allowe_warmup-ready_: cached
[900/2367] BANK2_BL-05_d3__T_input_-raw_rsi_ex-level_rsi_sm-simple_same_b-allowe_warmup-ready_: cached
[901/2367] BANK2_BL-05_d3__T_input_-adjust_rsi_ex-level_rsi_sm-simple_same_b-wait_b_warmup-ready_: cached
[902/2367] BANK2_BL-05_d3__T_input_-raw_rsi_ex-level_rsi_sm-simple_same_b-wait_b_warmup-ready_: cached
[903/2367] BANK2_BL-05_d3__T_input_-adjust_rsi_ex-cross_rsi_sm-simple_same_b-allowe_warmup-strict: cached
[904/2367] BANK2_BL-05_d3__T_input_-raw_rsi_ex-cross_rsi_sm-simple_same_b-allowe_warmup-strict: cached
[905/2367] BANK2_BL-05_d3__T_input_-adjust_rsi_ex-cross_rsi_sm-simple_same_b-wait_b_warmup-strict: cached
[906/2367] BANK2_BL-05_d3__T_input_-raw_rsi_ex-cross_rsi_sm-simple_same_b-wait_b_warmup-strict: cached
[907/2367] BANK2_BL-05_d3__T_input_-adjust_rsi_ex-cross_rsi_sm-simple_same_b-allowe_warmup-ready_: cached
[908/2367] BANK2_BL-05_d3__T_input_-raw_rsi_ex-cross_rsi_sm-simple_same_b-allowe_warmup-ready_: cached
[909/2367] BANK2_BL-05_d3__T_input_-adjust_rsi_ex-cross_rsi_sm-simple_same_b-wait_b_warmup-ready_: cached
[910/2367] BANK2_BL-05_d3__T_input_-raw_rsi_ex-cross_rsi_sm-simple_same_b-wait_b_warmup-ready_: cached
[911/2367] BANK2_BL-05_d3__OAT_a_exec-set_holdings: cached
[912/2367] BANK2_BL-05_d3__OAT_cross_timing-today_ma: cached
[913/2367] BANK2_BL-05_d3__SPOT_all_excluded_off: cached
[914/2367] BANK2_BL-05_d2__T_input_-adjust_rsi_ex-level_rsi_sm-wilder_same_b-wait_b_warmup-strict: ok fills=390 (31.6s)
[915/2367] BANK2_BL-05_d4__T_input_-raw_rsi_ex-level_rsi_sm-wilder_same_b-allowe_warmup-strict: cached
[916/2367] BANK2_BL-05_d4__T_input_-adjust_rsi_ex-level_rsi_sm-wilder_same_b-wait_b_warmup-strict: cached
[917/2367] BANK2_BL-05_d4__T_input_-raw_rsi_ex-level_rsi_sm-wilder_same_b-wait_b_warmup-strict: cached
[918/2367] BANK2_BL-05_d4__T_input_-adjust_rsi_ex-level_rsi_sm-wilder_same_b-allowe_warmup-ready_: cached
[919/2367] BANK2_BL-05_d4__T_input_-raw_rsi_ex-level_rsi_sm-wilder_same_b-allowe_warmup-ready_: cached
[920/2367] BANK2_BL-05_d4__T_input_-adjust_rsi_ex-level_rsi_sm-wilder_same_b-wait_b_warmup-ready_: cached
[921/2367] BANK2_BL-05_d4__T_input_-raw_rsi_ex-level_rsi_sm-wilder_same_b-wait_b_warmup-ready_: cached
[922/2367] BANK2_BL-05_d4__T_input_-adjust_rsi_ex-cross_rsi_sm-wilder_same_b-allowe_warmup-strict: cached
[923/2367] BANK2_BL-05_d4__T_input_-raw_rsi_ex-cross_rsi_sm-wilder_same_b-allowe_warmup-strict: cached
[924/2367] BANK2_BL-05_d4__T_input_-adjust_rsi_ex-cross_rsi_sm-wilder_same_b-wait_b_warmup-strict: cached
[925/2367] BANK2_BL-05_d4__T_input_-raw_rsi_ex-cross_rsi_sm-wilder_same_b-wait_b_warmup-strict: cached
[926/2367] BANK2_BL-05_d4__T_input_-adjust_rsi_ex-cross_rsi_sm-wilder_same_b-allowe_warmup-ready_: cached
[927/2367] BANK2_BL-05_d4__T_input_-raw_rsi_ex-cross_rsi_sm-wilder_same_b-allowe_warmup-ready_: cached
[928/2367] BANK2_BL-05_d4__T_input_-adjust_rsi_ex-cross_rsi_sm-wilder_same_b-wait_b_warmup-ready_: cached
[929/2367] BANK2_BL-05_d4__T_input_-raw_rsi_ex-cross_rsi_sm-wilder_same_b-wait_b_warmup-ready_: cached
[930/2367] BANK2_BL-05_d4__T_input_-adjust_rsi_ex-level_rsi_sm-simple_same_b-allowe_warmup-strict: cached
[931/2367] BANK2_BL-05_d4__T_input_-raw_rsi_ex-level_rsi_sm-simple_same_b-allowe_warmup-strict: cached
[932/2367] BANK2_BL-05_d4__T_input_-adjust_rsi_ex-level_rsi_sm-simple_same_b-wait_b_warmup-strict: cached
[933/2367] BANK2_BL-05_d4__T_input_-raw_rsi_ex-level_rsi_sm-simple_same_b-wait_b_warmup-strict: cached
[934/2367] BANK2_BL-05_d4__T_input_-adjust_rsi_ex-level_rsi_sm-simple_same_b-allowe_warmup-ready_: cached
[935/2367] BANK2_BL-05_d4__T_input_-raw_rsi_ex-level_rsi_sm-simple_same_b-allowe_warmup-ready_: cached
[936/2367] BANK2_BL-05_d4__T_input_-adjust_rsi_ex-level_rsi_sm-simple_same_b-wait_b_warmup-ready_: cached
[937/2367] BANK2_BL-05_d4__T_input_-raw_rsi_ex-level_rsi_sm-simple_same_b-wait_b_warmup-ready_: cached
[938/2367] BANK2_BL-05_d4__T_input_-adjust_rsi_ex-cross_rsi_sm-simple_same_b-allowe_warmup-strict: cached
[939/2367] BANK2_BL-05_d4__T_input_-raw_rsi_ex-cross_rsi_sm-simple_same_b-allowe_warmup-strict: cached
[940/2367] BANK2_BL-05_d4__T_input_-adjust_rsi_ex-cross_rsi_sm-simple_same_b-wait_b_warmup-strict: cached
[941/2367] BANK2_BL-05_d4__T_input_-raw_rsi_ex-cross_rsi_sm-simple_same_b-wait_b_warmup-strict: cached
[942/2367] BANK2_BL-05_d4__T_input_-adjust_rsi_ex-cross_rsi_sm-simple_same_b-allowe_warmup-ready_: cached
[943/2367] BANK2_BL-05_d4__T_input_-raw_rsi_ex-cross_rsi_sm-simple_same_b-allowe_warmup-ready_: cached
[944/2367] BANK2_BL-05_d4__T_input_-adjust_rsi_ex-cross_rsi_sm-simple_same_b-wait_b_warmup-ready_: cached
[945/2367] BANK2_BL-05_d4__T_input_-raw_rsi_ex-cross_rsi_sm-simple_same_b-wait_b_warmup-ready_: cached
[946/2367] BANK2_BL-05_d4__OAT_a_exec-set_holdings: cached
[947/2367] BANK2_BL-05_d4__OAT_cross_timing-today_ma: cached
[948/2367] BANK2_BL-05_d4__SPOT_all_excluded_off: cached
[949/2367] BANK2_BL-05_d5__ref: cached
[950/2367] BANK2_BL-05_d5__T_input_-raw_rsi_ex-level_rsi_sm-wilder_same_b-allowe_warmup-strict: cached
[951/2367] BANK2_BL-05_d5__T_input_-adjust_rsi_ex-level_rsi_sm-wilder_same_b-wait_b_warmup-strict: cached
[952/2367] BANK2_BL-05_d5__T_input_-raw_rsi_ex-level_rsi_sm-wilder_same_b-wait_b_warmup-strict: cached
[953/2367] BANK2_BL-05_d5__T_input_-adjust_rsi_ex-level_rsi_sm-wilder_same_b-allowe_warmup-ready_: cached
[954/2367] BANK2_BL-05_d2__T_input_-raw_rsi_ex-cross_rsi_sm-wilder_same_b-wait_b_warmup-strict: ok fills=310 (25.9s)
[955/2367] BANK2_BL-05_d5__T_input_-adjust_rsi_ex-level_rsi_sm-wilder_same_b-wait_b_warmup-ready_: cached
[956/2367] BANK2_BL-05_d2__T_input_-raw_rsi_ex-cross_rsi_sm-simple_same_b-allowe_warmup-ready_: ok fills=332 (26.4s)
[957/2367] BANK2_BL-05_d4__ref: ok fills=170 (26.4s)
[958/2367] BANK2_BL-05_d5__T_input_-raw_rsi_ex-cross_rsi_sm-wilder_same_b-allowe_warmup-strict: cached
[959/2367] BANK2_BL-05_d5__T_input_-adjust_rsi_ex-cross_rsi_sm-wilder_same_b-wait_b_warmup-strict: cached
[960/2367] BANK2_BL-05_d5__T_input_-raw_rsi_ex-cross_rsi_sm-wilder_same_b-wait_b_warmup-strict: cached
[961/2367] BANK2_BL-05_d5__T_input_-adjust_rsi_ex-cross_rsi_sm-wilder_same_b-allowe_warmup-ready_: cached
[962/2367] BANK2_BL-05_d5__T_input_-raw_rsi_ex-cross_rsi_sm-wilder_same_b-allowe_warmup-ready_: cached
[963/2367] BANK2_BL-05_d5__T_input_-adjust_rsi_ex-cross_rsi_sm-wilder_same_b-wait_b_warmup-ready_: cached
[964/2367] BANK2_BL-05_d5__T_input_-raw_rsi_ex-cross_rsi_sm-wilder_same_b-wait_b_warmup-ready_: cached
[965/2367] BANK2_BL-05_d5__T_input_-adjust_rsi_ex-level_rsi_sm-simple_same_b-allowe_warmup-strict: cached
[966/2367] BANK2_BL-05_d5__T_input_-raw_rsi_ex-level_rsi_sm-simple_same_b-allowe_warmup-strict: cached
[967/2367] BANK2_BL-05_d5__T_input_-adjust_rsi_ex-level_rsi_sm-simple_same_b-wait_b_warmup-strict: cached
[968/2367] BANK2_BL-05_d5__T_input_-raw_rsi_ex-level_rsi_sm-simple_same_b-wait_b_warmup-strict: cached
[969/2367] BANK2_BL-05_d5__T_input_-adjust_rsi_ex-level_rsi_sm-simple_same_b-allowe_warmup-ready_: cached
[970/2367] BANK2_BL-05_d5__T_input_-raw_rsi_ex-level_rsi_sm-simple_same_b-allowe_warmup-ready_: cached
[971/2367] BANK2_BL-05_d5__T_input_-adjust_rsi_ex-level_rsi_sm-simple_same_b-wait_b_warmup-ready_: cached
[972/2367] BANK2_BL-05_d5__T_input_-raw_rsi_ex-level_rsi_sm-simple_same_b-wait_b_warmup-ready_: cached
[973/2367] BANK2_BL-05_d5__T_input_-adjust_rsi_ex-cross_rsi_sm-simple_same_b-allowe_warmup-strict: cached
[974/2367] BANK2_BL-05_d5__T_input_-raw_rsi_ex-cross_rsi_sm-simple_same_b-allowe_warmup-strict: cached
[975/2367] BANK2_BL-05_d5__T_input_-adjust_rsi_ex-cross_rsi_sm-simple_same_b-wait_b_warmup-strict: cached
[976/2367] BANK2_BL-05_d5__T_input_-raw_rsi_ex-cross_rsi_sm-simple_same_b-wait_b_warmup-strict: cached
[977/2367] BANK2_BL-05_d5__T_input_-adjust_rsi_ex-cross_rsi_sm-simple_same_b-allowe_warmup-ready_: cached
[978/2367] BANK2_BL-05_d5__T_input_-raw_rsi_ex-cross_rsi_sm-simple_same_b-allowe_warmup-ready_: cached
[979/2367] BANK2_BL-05_d5__T_input_-adjust_rsi_ex-cross_rsi_sm-simple_same_b-wait_b_warmup-ready_: cached
[980/2367] BANK2_BL-05_d5__T_input_-raw_rsi_ex-cross_rsi_sm-simple_same_b-wait_b_warmup-ready_: cached
[981/2367] BANK2_BL-05_d5__OAT_a_exec-set_holdings: cached
[982/2367] BANK2_BL-05_d5__T_input_-raw_rsi_ex-level_rsi_sm-wilder_same_b-allowe_warmup-ready_: ok fills=170 (27.1s)
[983/2367] BANK2_BL-05_d5__SPOT_all_excluded_off: cached
[984/2367] BANK2_BL-07_p7__ref: cached
[985/2367] BANK2_BL-07_p7__T_input_-raw_rsi_ex-level_rsi_sm-wilder_same_b-allowe_warmup-strict: cached
[986/2367] BANK2_BL-07_p7__T_input_-adjust_rsi_ex-level_rsi_sm-wilder_same_b-wait_b_warmup-strict: cached
[987/2367] BANK2_BL-07_p7__T_input_-raw_rsi_ex-level_rsi_sm-wilder_same_b-wait_b_warmup-strict: cached
[988/2367] BANK2_BL-07_p7__T_input_-adjust_rsi_ex-level_rsi_sm-wilder_same_b-allowe_warmup-ready_: cached
[989/2367] BANK2_BL-07_p7__T_input_-raw_rsi_ex-level_rsi_sm-wilder_same_b-allowe_warmup-ready_: cached
[990/2367] BANK2_BL-07_p7__T_input_-adjust_rsi_ex-level_rsi_sm-wilder_same_b-wait_b_warmup-ready_: cached
[991/2367] BANK2_BL-07_p7__T_input_-raw_rsi_ex-level_rsi_sm-wilder_same_b-wait_b_warmup-ready_: cached
[992/2367] BANK2_BL-05_d5__T_input_-raw_rsi_ex-level_rsi_sm-wilder_same_b-wait_b_warmup-ready_: ok fills=296 (31.6s)
[993/2367] BANK2_BL-07_p7__T_input_-raw_rsi_ex-cross_rsi_sm-wilder_same_b-allowe_warmup-strict: cached
[994/2367] BANK2_BL-07_p7__T_input_-adjust_rsi_ex-cross_rsi_sm-wilder_same_b-wait_b_warmup-strict: cached
[995/2367] BANK2_BL-07_p7__T_input_-raw_rsi_ex-cross_rsi_sm-wilder_same_b-wait_b_warmup-strict: cached
[996/2367] BANK2_BL-07_p7__T_input_-adjust_rsi_ex-cross_rsi_sm-wilder_same_b-allowe_warmup-ready_: cached
[997/2367] BANK2_BL-07_p7__T_input_-raw_rsi_ex-cross_rsi_sm-wilder_same_b-allowe_warmup-ready_: cached
[998/2367] BANK2_BL-07_p7__T_input_-adjust_rsi_ex-cross_rsi_sm-wilder_same_b-wait_b_warmup-ready_: cached
[999/2367] BANK2_BL-07_p7__T_input_-raw_rsi_ex-cross_rsi_sm-wilder_same_b-wait_b_warmup-ready_: cached
[1000/2367] BANK2_BL-07_p7__T_input_-adjust_rsi_ex-level_rsi_sm-simple_same_b-allowe_warmup-strict: cached
[1001/2367] BANK2_BL-07_p7__T_input_-raw_rsi_ex-level_rsi_sm-simple_same_b-allowe_warmup-strict: cached
[1002/2367] BANK2_BL-07_p7__T_input_-adjust_rsi_ex-level_rsi_sm-simple_same_b-wait_b_warmup-strict: cached
[1003/2367] BANK2_BL-07_p7__T_input_-raw_rsi_ex-level_rsi_sm-simple_same_b-wait_b_warmup-strict: cached
[1004/2367] BANK2_BL-07_p7__T_input_-adjust_rsi_ex-level_rsi_sm-simple_same_b-allowe_warmup-ready_: cached
[1005/2367] BANK2_BL-07_p7__T_input_-raw_rsi_ex-level_rsi_sm-simple_same_b-allowe_warmup-ready_: cached
[1006/2367] BANK2_BL-07_p7__T_input_-adjust_rsi_ex-level_rsi_sm-simple_same_b-wait_b_warmup-ready_: cached
[1007/2367] BANK2_BL-07_p7__T_input_-raw_rsi_ex-level_rsi_sm-simple_same_b-wait_b_warmup-ready_: cached
[1008/2367] BANK2_BL-05_d5__OAT_cross_timing-today_ma: ok fills=150 (31.8s)
[1009/2367] BANK2_BL-07_p7__T_input_-raw_rsi_ex-cross_rsi_sm-simple_same_b-allowe_warmup-strict: cached
[1010/2367] BANK2_BL-05_d5__T_input_-adjust_rsi_ex-cross_rsi_sm-wilder_same_b-allowe_warmup-strict: ok fills=154 (34.7s)
[1011/2367] BANK2_BL-07_p7__T_input_-raw_rsi_ex-cross_rsi_sm-simple_same_b-wait_b_warmup-strict: cached
[1012/2367] BANK2_BL-07_p7__T_input_-adjust_rsi_ex-cross_rsi_sm-simple_same_b-allowe_warmup-ready_: cached
[1013/2367] BANK2_BL-07_p7__T_input_-raw_rsi_ex-cross_rsi_sm-simple_same_b-allowe_warmup-ready_: cached
[1014/2367] BANK2_BL-07_p7__T_input_-adjust_rsi_ex-cross_rsi_sm-simple_same_b-wait_b_warmup-ready_: cached
[1015/2367] BANK2_BL-07_p7__T_input_-raw_rsi_ex-cross_rsi_sm-simple_same_b-wait_b_warmup-ready_: cached
[1016/2367] BANK2_BL-07_p7__OAT_a_exec-set_holdings: cached
[1017/2367] BANK2_BL-07_p7__OAT_cross_timing-today_ma: cached
[1018/2367] BANK2_BL-07_p7__SPOT_all_excluded_off: cached
[1019/2367] BANK2_BL-07_p9__ref: cached
[1020/2367] BANK2_BL-07_p9__T_input_-raw_rsi_ex-level_rsi_sm-wilder_same_b-allowe_warmup-strict: cached
[1021/2367] BANK2_BL-07_p9__T_input_-adjust_rsi_ex-level_rsi_sm-wilder_same_b-wait_b_warmup-strict: cached
[1022/2367] BANK2_BL-07_p9__T_input_-raw_rsi_ex-level_rsi_sm-wilder_same_b-wait_b_warmup-strict: cached
[1023/2367] BANK2_BL-07_p9__T_input_-adjust_rsi_ex-level_rsi_sm-wilder_same_b-allowe_warmup-ready_: cached
[1024/2367] BANK2_BL-07_p9__T_input_-raw_rsi_ex-level_rsi_sm-wilder_same_b-allowe_warmup-ready_: cached
[1025/2367] BANK2_BL-07_p9__T_input_-adjust_rsi_ex-level_rsi_sm-wilder_same_b-wait_b_warmup-ready_: cached
[1026/2367] BANK2_BL-07_p9__T_input_-raw_rsi_ex-level_rsi_sm-wilder_same_b-wait_b_warmup-ready_: cached
[1027/2367] BANK2_BL-07_p9__T_input_-adjust_rsi_ex-cross_rsi_sm-wilder_same_b-allowe_warmup-strict: cached
[1028/2367] BANK2_BL-07_p9__T_input_-raw_rsi_ex-cross_rsi_sm-wilder_same_b-allowe_warmup-strict: cached
[1029/2367] BANK2_BL-07_p9__T_input_-adjust_rsi_ex-cross_rsi_sm-wilder_same_b-wait_b_warmup-strict: cached
[1030/2367] BANK2_BL-07_p9__T_input_-raw_rsi_ex-cross_rsi_sm-wilder_same_b-wait_b_warmup-strict: cached
[1031/2367] BANK2_BL-07_p9__T_input_-adjust_rsi_ex-cross_rsi_sm-wilder_same_b-allowe_warmup-ready_: cached
[1032/2367] BANK2_BL-07_p9__T_input_-raw_rsi_ex-cross_rsi_sm-wilder_same_b-allowe_warmup-ready_: cached
[1033/2367] BANK2_BL-07_p9__T_input_-adjust_rsi_ex-cross_rsi_sm-wilder_same_b-wait_b_warmup-ready_: cached
[1034/2367] BANK2_BL-07_p9__T_input_-raw_rsi_ex-cross_rsi_sm-wilder_same_b-wait_b_warmup-ready_: cached
[1035/2367] BANK2_BL-07_p9__T_input_-adjust_rsi_ex-level_rsi_sm-simple_same_b-allowe_warmup-strict: cached
[1036/2367] BANK2_BL-07_p9__T_input_-raw_rsi_ex-level_rsi_sm-simple_same_b-allowe_warmup-strict: cached
[1037/2367] BANK2_BL-07_p9__T_input_-adjust_rsi_ex-level_rsi_sm-simple_same_b-wait_b_warmup-strict: cached
[1038/2367] BANK2_BL-07_p9__T_input_-raw_rsi_ex-level_rsi_sm-simple_same_b-wait_b_warmup-strict: cached
[1039/2367] BANK2_BL-07_p9__T_input_-adjust_rsi_ex-level_rsi_sm-simple_same_b-allowe_warmup-ready_: cached
[1040/2367] BANK2_BL-07_p9__T_input_-raw_rsi_ex-level_rsi_sm-simple_same_b-allowe_warmup-ready_: cached
[1041/2367] BANK2_BL-07_p9__T_input_-adjust_rsi_ex-level_rsi_sm-simple_same_b-wait_b_warmup-ready_: cached
[1042/2367] BANK2_BL-07_p9__T_input_-raw_rsi_ex-level_rsi_sm-simple_same_b-wait_b_warmup-ready_: cached
[1043/2367] BANK2_BL-07_p9__T_input_-adjust_rsi_ex-cross_rsi_sm-simple_same_b-allowe_warmup-strict: cached
[1044/2367] BANK2_BL-07_p9__T_input_-raw_rsi_ex-cross_rsi_sm-simple_same_b-allowe_warmup-strict: cached
[1045/2367] BANK2_BL-07_p9__T_input_-adjust_rsi_ex-cross_rsi_sm-simple_same_b-wait_b_warmup-strict: cached
[1046/2367] BANK2_BL-07_p9__T_input_-raw_rsi_ex-cross_rsi_sm-simple_same_b-wait_b_warmup-strict: cached
[1047/2367] BANK2_BL-07_p7__T_input_-adjust_rsi_ex-cross_rsi_sm-wilder_same_b-allowe_warmup-strict: ok fills=296 (33.7s)
[1048/2367] BANK2_BL-07_p9__T_input_-raw_rsi_ex-cross_rsi_sm-simple_same_b-allowe_warmup-ready_: cached
[1049/2367] BANK2_BL-07_p9__T_input_-adjust_rsi_ex-cross_rsi_sm-simple_same_b-wait_b_warmup-ready_: cached
[1050/2367] BANK2_BL-07_p9__T_input_-raw_rsi_ex-cross_rsi_sm-simple_same_b-wait_b_warmup-ready_: cached
[1051/2367] BANK2_BL-07_p9__OAT_a_exec-set_holdings: cached
[1052/2367] BANK2_BL-07_p9__OAT_cross_timing-today_ma: cached
[1053/2367] BANK2_BL-07_p9__SPOT_all_excluded_off: cached
[1054/2367] BANK2_BL-07_p14__ref: cached
[1055/2367] BANK2_BL-07_p14__T_input_-raw_rsi_ex-level_rsi_sm-wilder_same_b-allowe_warmup-strict: cached
[1056/2367] BANK2_BL-07_p14__T_input_-adjust_rsi_ex-level_rsi_sm-wilder_same_b-wait_b_warmup-strict: cached
[1057/2367] BANK2_BL-07_p14__T_input_-raw_rsi_ex-level_rsi_sm-wilder_same_b-wait_b_warmup-strict: cached
[1058/2367] BANK2_BL-07_p14__T_input_-adjust_rsi_ex-level_rsi_sm-wilder_same_b-allowe_warmup-ready_: cached
[1059/2367] BANK2_BL-07_p14__T_input_-raw_rsi_ex-level_rsi_sm-wilder_same_b-allowe_warmup-ready_: cached
[1060/2367] BANK2_BL-07_p14__T_input_-adjust_rsi_ex-level_rsi_sm-wilder_same_b-wait_b_warmup-ready_: cached
[1061/2367] BANK2_BL-07_p14__T_input_-raw_rsi_ex-level_rsi_sm-wilder_same_b-wait_b_warmup-ready_: cached
[1062/2367] BANK2_BL-07_p14__T_input_-adjust_rsi_ex-cross_rsi_sm-wilder_same_b-allowe_warmup-strict: cached
[1063/2367] BANK2_BL-07_p14__T_input_-raw_rsi_ex-cross_rsi_sm-wilder_same_b-allowe_warmup-strict: cached
[1064/2367] BANK2_BL-07_p14__T_input_-adjust_rsi_ex-cross_rsi_sm-wilder_same_b-wait_b_warmup-strict: cached
[1065/2367] BANK2_BL-07_p7__T_input_-adjust_rsi_ex-cross_rsi_sm-simple_same_b-allowe_warmup-strict: ok fills=306 (29.9s)
[1066/2367] BANK2_BL-07_p14__T_input_-adjust_rsi_ex-cross_rsi_sm-wilder_same_b-allowe_warmup-ready_: cached
[1067/2367] BANK2_BL-07_p14__T_input_-raw_rsi_ex-cross_rsi_sm-wilder_same_b-allowe_warmup-ready_: cached
[1068/2367] BANK2_BL-07_p14__T_input_-adjust_rsi_ex-cross_rsi_sm-wilder_same_b-wait_b_warmup-ready_: cached
[1069/2367] BANK2_BL-07_p14__T_input_-raw_rsi_ex-cross_rsi_sm-wilder_same_b-wait_b_warmup-ready_: cached
[1070/2367] BANK2_BL-07_p14__T_input_-adjust_rsi_ex-level_rsi_sm-simple_same_b-allowe_warmup-strict: cached
[1071/2367] BANK2_BL-07_p14__T_input_-raw_rsi_ex-level_rsi_sm-simple_same_b-allowe_warmup-strict: cached
[1072/2367] BANK2_BL-07_p14__T_input_-adjust_rsi_ex-level_rsi_sm-simple_same_b-wait_b_warmup-strict: cached
[1073/2367] BANK2_BL-07_p14__T_input_-raw_rsi_ex-level_rsi_sm-simple_same_b-wait_b_warmup-strict: cached
[1074/2367] BANK2_BL-07_p14__T_input_-adjust_rsi_ex-level_rsi_sm-simple_same_b-allowe_warmup-ready_: cached
[1075/2367] BANK2_BL-07_p14__T_input_-raw_rsi_ex-level_rsi_sm-simple_same_b-allowe_warmup-ready_: cached
[1076/2367] BANK2_BL-07_p14__T_input_-adjust_rsi_ex-level_rsi_sm-simple_same_b-wait_b_warmup-ready_: cached
[1077/2367] BANK2_BL-07_p14__T_input_-raw_rsi_ex-level_rsi_sm-simple_same_b-wait_b_warmup-ready_: cached
[1078/2367] BANK2_BL-07_p14__T_input_-adjust_rsi_ex-cross_rsi_sm-simple_same_b-allowe_warmup-strict: cached
[1079/2367] BANK2_BL-07_p14__T_input_-raw_rsi_ex-cross_rsi_sm-simple_same_b-allowe_warmup-strict: cached
[1080/2367] BANK2_BL-07_p14__T_input_-adjust_rsi_ex-cross_rsi_sm-simple_same_b-wait_b_warmup-strict: cached
[1081/2367] BANK2_BL-07_p14__T_input_-raw_rsi_ex-cross_rsi_sm-simple_same_b-wait_b_warmup-strict: cached
[1082/2367] BANK2_BL-07_p14__T_input_-adjust_rsi_ex-cross_rsi_sm-simple_same_b-allowe_warmup-ready_: cached
[1083/2367] BANK2_BL-07_p14__T_input_-raw_rsi_ex-cross_rsi_sm-simple_same_b-allowe_warmup-ready_: cached
[1084/2367] BANK2_BL-07_p14__T_input_-adjust_rsi_ex-cross_rsi_sm-simple_same_b-wait_b_warmup-ready_: cached
[1085/2367] BANK2_BL-07_p7__T_input_-adjust_rsi_ex-cross_rsi_sm-simple_same_b-wait_b_warmup-strict: ok fills=306 (28.7s)
[1086/2367] BANK2_BL-07_p14__OAT_a_exec-set_holdings: cached
[1087/2367] BANK2_BL-07_p14__OAT_cross_timing-today_ma: cached
[1088/2367] BANK2_BL-07_p14__SPOT_all_excluded_off: cached
[1089/2367] BANK2_BL-07_p21__ref: cached
[1090/2367] BANK2_BL-07_p21__T_input_-raw_rsi_ex-level_rsi_sm-wilder_same_b-allowe_warmup-strict: cached
[1091/2367] BANK2_BL-07_p21__T_input_-adjust_rsi_ex-level_rsi_sm-wilder_same_b-wait_b_warmup-strict: cached
[1092/2367] BANK2_BL-07_p21__T_input_-raw_rsi_ex-level_rsi_sm-wilder_same_b-wait_b_warmup-strict: cached
[1093/2367] BANK2_BL-07_p21__T_input_-adjust_rsi_ex-level_rsi_sm-wilder_same_b-allowe_warmup-ready_: cached
[1094/2367] BANK2_BL-07_p21__T_input_-raw_rsi_ex-level_rsi_sm-wilder_same_b-allowe_warmup-ready_: cached
[1095/2367] BANK2_BL-07_p21__T_input_-adjust_rsi_ex-level_rsi_sm-wilder_same_b-wait_b_warmup-ready_: cached
[1096/2367] BANK2_BL-07_p21__T_input_-raw_rsi_ex-level_rsi_sm-wilder_same_b-wait_b_warmup-ready_: cached
[1097/2367] BANK2_BL-07_p21__T_input_-adjust_rsi_ex-cross_rsi_sm-wilder_same_b-allowe_warmup-strict: cached
[1098/2367] BANK2_BL-07_p21__T_input_-raw_rsi_ex-cross_rsi_sm-wilder_same_b-allowe_warmup-strict: cached
[1099/2367] BANK2_BL-07_p21__T_input_-adjust_rsi_ex-cross_rsi_sm-wilder_same_b-wait_b_warmup-strict: cached
[1100/2367] BANK2_BL-07_p21__T_input_-raw_rsi_ex-cross_rsi_sm-wilder_same_b-wait_b_warmup-strict: cached
[1101/2367] BANK2_BL-07_p21__T_input_-adjust_rsi_ex-cross_rsi_sm-wilder_same_b-allowe_warmup-ready_: cached
[1102/2367] BANK2_BL-07_p21__T_input_-raw_rsi_ex-cross_rsi_sm-wilder_same_b-allowe_warmup-ready_: cached
[1103/2367] BANK2_BL-07_p21__T_input_-adjust_rsi_ex-cross_rsi_sm-wilder_same_b-wait_b_warmup-ready_: cached
[1104/2367] BANK2_BL-07_p21__T_input_-raw_rsi_ex-cross_rsi_sm-wilder_same_b-wait_b_warmup-ready_: cached
[1105/2367] BANK2_BL-07_p21__T_input_-adjust_rsi_ex-level_rsi_sm-simple_same_b-allowe_warmup-strict: cached
[1106/2367] BANK2_BL-07_p21__T_input_-raw_rsi_ex-level_rsi_sm-simple_same_b-allowe_warmup-strict: cached
[1107/2367] BANK2_BL-07_p21__T_input_-adjust_rsi_ex-level_rsi_sm-simple_same_b-wait_b_warmup-strict: cached
[1108/2367] BANK2_BL-07_p21__T_input_-raw_rsi_ex-level_rsi_sm-simple_same_b-wait_b_warmup-strict: cached
[1109/2367] BANK2_BL-07_p21__T_input_-adjust_rsi_ex-level_rsi_sm-simple_same_b-allowe_warmup-ready_: cached
[1110/2367] BANK2_BL-07_p21__T_input_-raw_rsi_ex-level_rsi_sm-simple_same_b-allowe_warmup-ready_: cached
[1111/2367] BANK2_BL-07_p21__T_input_-adjust_rsi_ex-level_rsi_sm-simple_same_b-wait_b_warmup-ready_: cached
[1112/2367] BANK2_BL-07_p21__T_input_-raw_rsi_ex-level_rsi_sm-simple_same_b-wait_b_warmup-ready_: cached
[1113/2367] BANK2_BL-07_p21__T_input_-adjust_rsi_ex-cross_rsi_sm-simple_same_b-allowe_warmup-strict: cached
[1114/2367] BANK2_BL-07_p14__T_input_-raw_rsi_ex-cross_rsi_sm-wilder_same_b-wait_b_warmup-strict: ok fills=264 (28.0s)
[1115/2367] BANK2_BL-07_p9__T_input_-adjust_rsi_ex-cross_rsi_sm-simple_same_b-allowe_warmup-ready_: ok fills=280 (30.4s)
[1116/2367] BANK2_BL-07_p21__T_input_-raw_rsi_ex-cross_rsi_sm-simple_same_b-wait_b_warmup-strict: cached
[1117/2367] BANK2_BL-07_p21__T_input_-adjust_rsi_ex-cross_rsi_sm-simple_same_b-allowe_warmup-ready_: cached
[1118/2367] BANK2_BL-07_p21__T_input_-raw_rsi_ex-cross_rsi_sm-simple_same_b-allowe_warmup-ready_: cached
[1119/2367] BANK2_BL-07_p21__T_input_-adjust_rsi_ex-cross_rsi_sm-simple_same_b-wait_b_warmup-ready_: cached
[1120/2367] BANK2_BL-07_p21__T_input_-raw_rsi_ex-cross_rsi_sm-simple_same_b-wait_b_warmup-ready_: cached
[1121/2367] BANK2_BL-07_p21__OAT_a_exec-set_holdings: cached
[1122/2367] BANK2_BL-07_p21__OAT_cross_timing-today_ma: cached
[1123/2367] BANK2_BL-07_p21__SPOT_all_excluded_off: cached
[1124/2367] BANK2_BL-08_t50__ref: cached
[1125/2367] BANK2_BL-08_t50__T_input_-raw_rsi_ex-level_rsi_sm-wilder_same_b-allowe_warmup-strict: cached
[1126/2367] BANK2_BL-08_t50__T_input_-adjust_rsi_ex-level_rsi_sm-wilder_same_b-wait_b_warmup-strict: cached
[1127/2367] BANK2_BL-08_t50__T_input_-raw_rsi_ex-level_rsi_sm-wilder_same_b-wait_b_warmup-strict: cached
[1128/2367] BANK2_BL-08_t50__T_input_-adjust_rsi_ex-level_rsi_sm-wilder_same_b-allowe_warmup-ready_: cached
[1129/2367] BANK2_BL-08_t50__T_input_-raw_rsi_ex-level_rsi_sm-wilder_same_b-allowe_warmup-ready_: cached
[1130/2367] BANK2_BL-08_t50__T_input_-adjust_rsi_ex-level_rsi_sm-wilder_same_b-wait_b_warmup-ready_: cached
[1131/2367] BANK2_BL-08_t50__T_input_-raw_rsi_ex-level_rsi_sm-wilder_same_b-wait_b_warmup-ready_: cached
[1132/2367] BANK2_BL-08_t50__T_input_-adjust_rsi_ex-cross_rsi_sm-wilder_same_b-allowe_warmup-strict: cached
[1133/2367] BANK2_BL-08_t50__T_input_-raw_rsi_ex-cross_rsi_sm-wilder_same_b-allowe_warmup-strict: cached
[1134/2367] BANK2_BL-08_t50__T_input_-adjust_rsi_ex-cross_rsi_sm-wilder_same_b-wait_b_warmup-strict: cached
[1135/2367] BANK2_BL-07_p14__T_input_-raw_rsi_ex-cross_rsi_sm-simple_same_b-wait_b_warmup-ready_: ok fills=282 (29.8s)
[1136/2367] BANK2_BL-08_t50__T_input_-adjust_rsi_ex-cross_rsi_sm-wilder_same_b-allowe_warmup-ready_: cached
[1137/2367] BANK2_BL-08_t50__T_input_-raw_rsi_ex-cross_rsi_sm-wilder_same_b-allowe_warmup-ready_: cached
[1138/2367] BANK2_BL-08_t50__T_input_-adjust_rsi_ex-cross_rsi_sm-wilder_same_b-wait_b_warmup-ready_: cached
[1139/2367] BANK2_BL-08_t50__T_input_-raw_rsi_ex-cross_rsi_sm-wilder_same_b-wait_b_warmup-ready_: cached
[1140/2367] BANK2_BL-08_t50__T_input_-adjust_rsi_ex-level_rsi_sm-simple_same_b-allowe_warmup-strict: cached
[1141/2367] BANK2_BL-08_t50__T_input_-raw_rsi_ex-level_rsi_sm-simple_same_b-allowe_warmup-strict: cached
[1142/2367] BANK2_BL-08_t50__T_input_-adjust_rsi_ex-level_rsi_sm-simple_same_b-wait_b_warmup-strict: cached
[1143/2367] BANK2_BL-08_t50__T_input_-raw_rsi_ex-level_rsi_sm-simple_same_b-wait_b_warmup-strict: cached
[1144/2367] BANK2_BL-08_t50__T_input_-adjust_rsi_ex-level_rsi_sm-simple_same_b-allowe_warmup-ready_: cached
[1145/2367] BANK2_BL-08_t50__T_input_-raw_rsi_ex-level_rsi_sm-simple_same_b-allowe_warmup-ready_: cached
[1146/2367] BANK2_BL-08_t50__T_input_-adjust_rsi_ex-level_rsi_sm-simple_same_b-wait_b_warmup-ready_: cached
[1147/2367] BANK2_BL-08_t50__T_input_-raw_rsi_ex-level_rsi_sm-simple_same_b-wait_b_warmup-ready_: cached
[1148/2367] BANK2_BL-08_t50__T_input_-adjust_rsi_ex-cross_rsi_sm-simple_same_b-allowe_warmup-strict: cached
[1149/2367] BANK2_BL-08_t50__T_input_-raw_rsi_ex-cross_rsi_sm-simple_same_b-allowe_warmup-strict: cached
[1150/2367] BANK2_BL-07_p21__T_input_-raw_rsi_ex-cross_rsi_sm-simple_same_b-allowe_warmup-strict: ok fills=248 (31.8s)
[1151/2367] BANK2_BL-08_t50__T_input_-raw_rsi_ex-cross_rsi_sm-simple_same_b-wait_b_warmup-strict: cached
[1152/2367] BANK2_BL-08_t50__T_input_-adjust_rsi_ex-cross_rsi_sm-simple_same_b-allowe_warmup-ready_: cached
[1153/2367] BANK2_BL-08_t50__T_input_-raw_rsi_ex-cross_rsi_sm-simple_same_b-allowe_warmup-ready_: cached
[1154/2367] BANK2_BL-08_t50__T_input_-adjust_rsi_ex-cross_rsi_sm-simple_same_b-wait_b_warmup-ready_: cached
[1155/2367] BANK2_BL-08_t50__T_input_-raw_rsi_ex-cross_rsi_sm-simple_same_b-wait_b_warmup-ready_: cached
[1156/2367] BANK2_BL-08_t50__OAT_a_exec-set_holdings: cached
[1157/2367] BANK2_BL-08_t50__OAT_cross_timing-today_ma: cached
[1158/2367] BANK2_BL-08_t50__T_input_-raw_rsi_ex-cross_rsi_sm-wilder_same_b-wait_b_warmup-strict: ok fills=292 (31.4s)
[1159/2367] BANK2_BL-08_t60__ref: cached
[1160/2367] BANK2_BL-08_t60__T_input_-raw_rsi_ex-level_rsi_sm-wilder_same_b-allowe_warmup-strict: cached
[1161/2367] BANK2_BL-08_t60__T_input_-adjust_rsi_ex-level_rsi_sm-wilder_same_b-wait_b_warmup-strict: cached
[1162/2367] BANK2_BL-08_t60__T_input_-raw_rsi_ex-level_rsi_sm-wilder_same_b-wait_b_warmup-strict: cached
[1163/2367] BANK2_BL-08_t60__T_input_-adjust_rsi_ex-level_rsi_sm-wilder_same_b-allowe_warmup-ready_: cached
[1164/2367] BANK2_BL-08_t60__T_input_-raw_rsi_ex-level_rsi_sm-wilder_same_b-allowe_warmup-ready_: cached
[1165/2367] BANK2_BL-07_p21__T_input_-adjust_rsi_ex-cross_rsi_sm-simple_same_b-wait_b_warmup-strict: ok fills=292 (32.6s)
[1166/2367] BANK2_BL-08_t60__T_input_-raw_rsi_ex-level_rsi_sm-wilder_same_b-wait_b_warmup-ready_: cached
[1167/2367] BANK2_BL-08_t60__T_input_-adjust_rsi_ex-cross_rsi_sm-wilder_same_b-allowe_warmup-strict: cached
[1168/2367] BANK2_BL-08_t60__T_input_-raw_rsi_ex-cross_rsi_sm-wilder_same_b-allowe_warmup-strict: cached
[1169/2367] BANK2_BL-08_t50__T_input_-adjust_rsi_ex-cross_rsi_sm-simple_same_b-wait_b_warmup-strict: ok fills=366 (34.1s)
[1170/2367] BANK2_BL-08_t60__T_input_-raw_rsi_ex-cross_rsi_sm-wilder_same_b-wait_b_warmup-strict: cached
[1171/2367] BANK2_BL-08_t60__T_input_-adjust_rsi_ex-cross_rsi_sm-wilder_same_b-allowe_warmup-ready_: cached
[1172/2367] BANK2_BL-08_t60__T_input_-raw_rsi_ex-cross_rsi_sm-wilder_same_b-allowe_warmup-ready_: cached
[1173/2367] BANK2_BL-08_t60__T_input_-adjust_rsi_ex-cross_rsi_sm-wilder_same_b-wait_b_warmup-ready_: cached
[1174/2367] BANK2_BL-08_t60__T_input_-raw_rsi_ex-cross_rsi_sm-wilder_same_b-wait_b_warmup-ready_: cached
[1175/2367] BANK2_BL-08_t60__T_input_-adjust_rsi_ex-level_rsi_sm-simple_same_b-allowe_warmup-strict: cached
[1176/2367] BANK2_BL-08_t60__T_input_-raw_rsi_ex-level_rsi_sm-simple_same_b-allowe_warmup-strict: cached
[1177/2367] BANK2_BL-08_t60__T_input_-adjust_rsi_ex-level_rsi_sm-simple_same_b-wait_b_warmup-strict: cached
[1178/2367] BANK2_BL-08_t60__T_input_-raw_rsi_ex-level_rsi_sm-simple_same_b-wait_b_warmup-strict: cached
[1179/2367] BANK2_BL-08_t60__T_input_-adjust_rsi_ex-level_rsi_sm-simple_same_b-allowe_warmup-ready_: cached
[1180/2367] BANK2_BL-08_t60__T_input_-raw_rsi_ex-level_rsi_sm-simple_same_b-allowe_warmup-ready_: cached
[1181/2367] BANK2_BL-08_t60__T_input_-adjust_rsi_ex-level_rsi_sm-simple_same_b-wait_b_warmup-ready_: cached
[1182/2367] BANK2_BL-08_t60__T_input_-raw_rsi_ex-level_rsi_sm-simple_same_b-wait_b_warmup-ready_: cached
[1183/2367] BANK2_BL-08_t60__T_input_-adjust_rsi_ex-cross_rsi_sm-simple_same_b-allowe_warmup-strict: cached
[1184/2367] BANK2_BL-08_t60__T_input_-raw_rsi_ex-cross_rsi_sm-simple_same_b-allowe_warmup-strict: cached
[1185/2367] BANK2_BL-08_t50__SPOT_all_excluded_off: ok fills=366 (32.1s)
[1186/2367] BANK2_BL-08_t60__T_input_-adjust_rsi_ex-cross_rsi_sm-wilder_same_b-wait_b_warmup-strict: ok fills=250 (32.2s)
[1187/2367] BANK2_BL-08_t60__T_input_-adjust_rsi_ex-level_rsi_sm-wilder_same_b-wait_b_warmup-ready_: ok fills=250 (32.7s)
[1188/2367] BANK2_BL-08_t60__T_input_-raw_rsi_ex-cross_rsi_sm-simple_same_b-allowe_warmup-ready_: cached
[1189/2367] BANK2_BL-08_t60__T_input_-adjust_rsi_ex-cross_rsi_sm-simple_same_b-wait_b_warmup-ready_: cached
[1190/2367] BANK2_BL-08_t60__T_input_-raw_rsi_ex-cross_rsi_sm-simple_same_b-wait_b_warmup-ready_: cached
[1191/2367] BANK2_BL-08_t60__OAT_a_exec-set_holdings: cached
[1192/2367] BANK2_BL-08_t60__OAT_cross_timing-today_ma: cached
[1193/2367] BANK2_BL-08_t60__SPOT_all_excluded_off: cached
[1194/2367] BANK2_BL-08_t70__ref: cached
[1195/2367] BANK2_BL-08_t70__T_input_-raw_rsi_ex-level_rsi_sm-wilder_same_b-allowe_warmup-strict: cached
[1196/2367] BANK2_BL-08_t70__T_input_-adjust_rsi_ex-level_rsi_sm-wilder_same_b-wait_b_warmup-strict: cached
[1197/2367] BANK2_BL-08_t60__T_input_-adjust_rsi_ex-cross_rsi_sm-simple_same_b-wait_b_warmup-strict: ok fills=216 (28.2s)
[1198/2367] BANK2_BL-08_t70__T_input_-adjust_rsi_ex-level_rsi_sm-wilder_same_b-allowe_warmup-ready_: cached
[1199/2367] BANK2_BL-08_t70__T_input_-raw_rsi_ex-level_rsi_sm-wilder_same_b-allowe_warmup-ready_: cached
[1200/2367] BANK2_BL-08_t70__T_input_-adjust_rsi_ex-level_rsi_sm-wilder_same_b-wait_b_warmup-ready_: cached
[1201/2367] BANK2_BL-08_t70__T_input_-raw_rsi_ex-level_rsi_sm-wilder_same_b-wait_b_warmup-ready_: cached
[1202/2367] BANK2_BL-08_t70__T_input_-adjust_rsi_ex-cross_rsi_sm-wilder_same_b-allowe_warmup-strict: cached
[1203/2367] BANK2_BL-08_t70__T_input_-raw_rsi_ex-cross_rsi_sm-wilder_same_b-allowe_warmup-strict: cached
[1204/2367] BANK2_BL-08_t70__T_input_-adjust_rsi_ex-cross_rsi_sm-wilder_same_b-wait_b_warmup-strict: cached
[1205/2367] BANK2_BL-08_t70__T_input_-raw_rsi_ex-cross_rsi_sm-wilder_same_b-wait_b_warmup-strict: cached
[1206/2367] BANK2_BL-08_t70__T_input_-adjust_rsi_ex-cross_rsi_sm-wilder_same_b-allowe_warmup-ready_: cached
[1207/2367] BANK2_BL-08_t70__T_input_-raw_rsi_ex-cross_rsi_sm-wilder_same_b-allowe_warmup-ready_: cached
[1208/2367] BANK2_BL-08_t70__T_input_-adjust_rsi_ex-cross_rsi_sm-wilder_same_b-wait_b_warmup-ready_: cached
[1209/2367] BANK2_BL-08_t70__T_input_-raw_rsi_ex-cross_rsi_sm-wilder_same_b-wait_b_warmup-ready_: cached
[1210/2367] BANK2_BL-08_t70__T_input_-adjust_rsi_ex-level_rsi_sm-simple_same_b-allowe_warmup-strict: cached
[1211/2367] BANK2_BL-08_t70__T_input_-raw_rsi_ex-level_rsi_sm-simple_same_b-allowe_warmup-strict: cached
[1212/2367] BANK2_BL-08_t70__T_input_-adjust_rsi_ex-level_rsi_sm-simple_same_b-wait_b_warmup-strict: cached
[1213/2367] BANK2_BL-08_t70__T_input_-raw_rsi_ex-level_rsi_sm-simple_same_b-wait_b_warmup-strict: cached
[1214/2367] BANK2_BL-08_t60__T_input_-raw_rsi_ex-cross_rsi_sm-simple_same_b-wait_b_warmup-strict: ok fills=290 (31.4s)
[1215/2367] BANK2_BL-08_t70__T_input_-raw_rsi_ex-level_rsi_sm-simple_same_b-allowe_warmup-ready_: cached
[1216/2367] BANK2_BL-08_t70__T_input_-adjust_rsi_ex-level_rsi_sm-simple_same_b-wait_b_warmup-ready_: cached
[1217/2367] BANK2_BL-08_t70__T_input_-raw_rsi_ex-level_rsi_sm-simple_same_b-wait_b_warmup-ready_: cached
[1218/2367] BANK2_BL-08_t70__T_input_-adjust_rsi_ex-cross_rsi_sm-simple_same_b-allowe_warmup-strict: cached
[1219/2367] BANK2_BL-08_t70__T_input_-raw_rsi_ex-cross_rsi_sm-simple_same_b-allowe_warmup-strict: cached
[1220/2367] BANK2_BL-08_t70__T_input_-adjust_rsi_ex-cross_rsi_sm-simple_same_b-wait_b_warmup-strict: cached
[1221/2367] BANK2_BL-08_t70__T_input_-raw_rsi_ex-cross_rsi_sm-simple_same_b-wait_b_warmup-strict: cached
[1222/2367] BANK2_BL-08_t70__T_input_-adjust_rsi_ex-cross_rsi_sm-simple_same_b-allowe_warmup-ready_: cached
[1223/2367] BANK2_BL-08_t70__T_input_-raw_rsi_ex-cross_rsi_sm-simple_same_b-allowe_warmup-ready_: cached
[1224/2367] BANK2_BL-08_t70__T_input_-adjust_rsi_ex-cross_rsi_sm-simple_same_b-wait_b_warmup-ready_: cached
[1225/2367] BANK2_BL-08_t70__T_input_-raw_rsi_ex-cross_rsi_sm-simple_same_b-wait_b_warmup-ready_: cached
[1226/2367] BANK2_BL-08_t70__OAT_a_exec-set_holdings: cached
[1227/2367] BANK2_BL-08_t70__OAT_cross_timing-today_ma: cached
[1228/2367] BANK2_BL-08_t70__SPOT_all_excluded_off: cached
[1229/2367] BANK2_BL-08_t80__ref: cached
[1230/2367] BANK2_BL-08_t80__T_input_-raw_rsi_ex-level_rsi_sm-wilder_same_b-allowe_warmup-strict: cached
[1231/2367] BANK2_BL-08_t60__T_input_-adjust_rsi_ex-cross_rsi_sm-simple_same_b-allowe_warmup-ready_: ok fills=262 (29.6s)
[1232/2367] BANK2_BL-08_t70__T_input_-raw_rsi_ex-level_rsi_sm-wilder_same_b-wait_b_warmup-strict: ok fills=216 (30.8s)
[1233/2367] BANK2_BL-08_t80__T_input_-adjust_rsi_ex-level_rsi_sm-wilder_same_b-allowe_warmup-ready_: cached
[1234/2367] BANK2_BL-08_t70__T_input_-adjust_rsi_ex-level_rsi_sm-simple_same_b-allowe_warmup-ready_: ok fills=162 (32.0s)
[1235/2367] BANK2_BL-08_t80__T_input_-adjust_rsi_ex-level_rsi_sm-wilder_same_b-wait_b_warmup-ready_: cached
[1236/2367] BANK2_BL-08_t80__T_input_-raw_rsi_ex-level_rsi_sm-wilder_same_b-wait_b_warmup-ready_: cached
[1237/2367] BANK2_BL-08_t80__T_input_-adjust_rsi_ex-cross_rsi_sm-wilder_same_b-allowe_warmup-strict: cached
[1238/2367] BANK2_BL-08_t80__T_input_-raw_rsi_ex-cross_rsi_sm-wilder_same_b-allowe_warmup-strict: cached
[1239/2367] BANK2_BL-08_t80__T_input_-adjust_rsi_ex-cross_rsi_sm-wilder_same_b-wait_b_warmup-strict: cached
[1240/2367] BANK2_BL-08_t80__T_input_-raw_rsi_ex-cross_rsi_sm-wilder_same_b-wait_b_warmup-strict: cached
[1241/2367] BANK2_BL-08_t80__T_input_-adjust_rsi_ex-cross_rsi_sm-wilder_same_b-allowe_warmup-ready_: cached
[1242/2367] BANK2_BL-08_t80__T_input_-raw_rsi_ex-cross_rsi_sm-wilder_same_b-allowe_warmup-ready_: cached
[1243/2367] BANK2_BL-08_t80__T_input_-adjust_rsi_ex-cross_rsi_sm-wilder_same_b-wait_b_warmup-ready_: cached
[1244/2367] BANK2_BL-08_t80__T_input_-adjust_rsi_ex-level_rsi_sm-wilder_same_b-wait_b_warmup-strict: ok fills=144 (29.5s)
[1245/2367] BANK2_BL-08_t80__T_input_-adjust_rsi_ex-level_rsi_sm-simple_same_b-allowe_warmup-strict: cached
[1246/2367] BANK2_BL-08_t80__T_input_-raw_rsi_ex-level_rsi_sm-simple_same_b-allowe_warmup-strict: cached
[1247/2367] BANK2_BL-08_t80__T_input_-adjust_rsi_ex-level_rsi_sm-simple_same_b-wait_b_warmup-strict: cached
[1248/2367] BANK2_BL-08_t80__T_input_-raw_rsi_ex-level_rsi_sm-simple_same_b-wait_b_warmup-strict: cached
[1249/2367] BANK2_BL-08_t80__T_input_-raw_rsi_ex-level_rsi_sm-wilder_same_b-wait_b_warmup-strict: ok fills=162 (29.3s)
[1250/2367] BANK2_BL-08_t80__T_input_-raw_rsi_ex-level_rsi_sm-simple_same_b-allowe_warmup-ready_: cached
[1251/2367] BANK2_BL-08_t80__T_input_-adjust_rsi_ex-level_rsi_sm-simple_same_b-wait_b_warmup-ready_: cached
[1252/2367] BANK2_BL-08_t80__T_input_-raw_rsi_ex-level_rsi_sm-simple_same_b-wait_b_warmup-ready_: cached
[1253/2367] BANK2_BL-08_t80__T_input_-adjust_rsi_ex-cross_rsi_sm-simple_same_b-allowe_warmup-strict: cached
[1254/2367] BANK2_BL-08_t80__T_input_-raw_rsi_ex-cross_rsi_sm-simple_same_b-allowe_warmup-strict: cached
[1255/2367] BANK2_BL-08_t80__T_input_-adjust_rsi_ex-cross_rsi_sm-simple_same_b-wait_b_warmup-strict: cached
[1256/2367] BANK2_BL-08_t80__T_input_-raw_rsi_ex-cross_rsi_sm-simple_same_b-wait_b_warmup-strict: cached
[1257/2367] BANK2_BL-08_t80__T_input_-adjust_rsi_ex-cross_rsi_sm-simple_same_b-allowe_warmup-ready_: cached
[1258/2367] BANK2_BL-08_t80__T_input_-raw_rsi_ex-cross_rsi_sm-simple_same_b-allowe_warmup-ready_: cached
[1259/2367] BANK2_BL-08_t80__T_input_-adjust_rsi_ex-cross_rsi_sm-simple_same_b-wait_b_warmup-ready_: cached
[1260/2367] BANK2_BL-08_t80__T_input_-raw_rsi_ex-cross_rsi_sm-simple_same_b-wait_b_warmup-ready_: cached
[1261/2367] BANK2_BL-08_t80__OAT_a_exec-set_holdings: cached
[1262/2367] BANK2_BL-08_t80__OAT_cross_timing-today_ma: cached
[1263/2367] BANK2_BL-08_t80__SPOT_all_excluded_off: cached
[1264/2367] BANK2_BL-09_all__ref: cached
[1265/2367] BANK2_BL-09_all__T_cross_-today__input_-adjust_warmup-strict: cached
[1266/2367] BANK2_BL-09_all__T_cross_-both_d_input_-raw_warmup-strict: cached
[1267/2367] BANK2_BL-09_all__T_cross_-today__input_-raw_warmup-strict: cached
[1268/2367] BANK2_BL-09_all__T_cross_-both_d_input_-adjust_warmup-ready_: cached
[1269/2367] BANK2_BL-09_all__T_cross_-today__input_-adjust_warmup-ready_: cached
[1270/2367] BANK2_BL-09_all__T_cross_-both_d_input_-raw_warmup-ready_: cached
[1271/2367] BANK2_BL-09_all__T_cross_-today__input_-raw_warmup-ready_: cached
[1272/2367] BANK2_BL-09_all__OAT_rsi_smoothing-simple: cached
[1273/2367] BANK2_BL-09_all__OAT_rsi_exit-cross: cached
[1274/2367] BANK2_BL-09_all__OAT_a_exec-set_holdings: cached
[1275/2367] BANK2_BL-09_all__OAT_same_bar_reentry-wait_bar: cached
[1276/2367] BANK2_BL-09_all__SPOT_all_excluded_off: cached
[1277/2367] BANK2_BL-09_half_down_lastsell__ref: cached
[1278/2367] BANK2_BL-09_half_down_lastsell__T_cross_-today__input_-adjust_warmup-strict: cached
[1279/2367] BANK2_BL-09_half_down_lastsell__T_cross_-both_d_input_-raw_warmup-strict: cached
[1280/2367] BANK2_BL-09_half_down_lastsell__T_cross_-today__input_-raw_warmup-strict: cached
[1281/2367] BANK2_BL-08_t80__T_input_-raw_rsi_ex-level_rsi_sm-wilder_same_b-allowe_warmup-ready_: ok fills=162 (29.5s)
[1282/2367] BANK2_BL-09_half_down_lastsell__T_cross_-today__input_-adjust_warmup-ready_: cached
[1283/2367] BANK2_BL-09_half_down_lastsell__T_cross_-both_d_input_-raw_warmup-ready_: cached
[1284/2367] BANK2_BL-09_half_down_lastsell__T_cross_-today__input_-raw_warmup-ready_: cached
[1285/2367] BANK2_BL-09_half_down_lastsell__OAT_rsi_smoothing-simple: cached
[1286/2367] BANK2_BL-09_half_down_lastsell__OAT_rsi_exit-cross: cached
[1287/2367] BANK2_BL-09_half_down_lastsell__OAT_a_exec-set_holdings: cached
[1288/2367] BANK2_BL-09_half_down_lastsell__OAT_same_bar_reentry-wait_bar: cached
[1289/2367] BANK2_BL-09_half_down_lastsell__SPOT_all_excluded_off: cached
[1290/2367] BANK2_BL-09_half_down_hold__ref: cached
[1291/2367] BANK2_BL-08_t80__T_input_-raw_rsi_ex-cross_rsi_sm-wilder_same_b-wait_b_warmup-ready_: ok fills=162 (29.7s)
[1292/2367] BANK2_BL-09_half_down_hold__T_cross_-both_d_input_-raw_warmup-strict: cached
[1293/2367] BANK2_BL-09_half_down_hold__T_cross_-today__input_-raw_warmup-strict: cached
[1294/2367] BANK2_BL-09_half_down_hold__T_cross_-both_d_input_-adjust_warmup-ready_: cached
[1295/2367] BANK2_BL-09_half_down_hold__T_cross_-today__input_-adjust_warmup-ready_: cached
[1296/2367] BANK2_BL-09_half_down_hold__T_cross_-both_d_input_-raw_warmup-ready_: cached
[1297/2367] BANK2_BL-09_half_down_hold__T_cross_-today__input_-raw_warmup-ready_: cached
[1298/2367] BANK2_BL-09_half_down_hold__OAT_rsi_smoothing-simple: cached
[1299/2367] BANK2_BL-09_half_down_hold__OAT_rsi_exit-cross: cached
[1300/2367] BANK2_BL-09_half_down_hold__OAT_a_exec-set_holdings: cached
[1301/2367] BANK2_BL-09_half_down_hold__OAT_same_bar_reentry-wait_bar: cached
[1302/2367] BANK2_BL-09_half_down_hold__SPOT_all_excluded_off: cached
[1303/2367] BANK2_BL-09_half_up__ref: cached
[1304/2367] BANK2_BL-09_half_up__T_cross_-today__input_-adjust_warmup-strict: cached
[1305/2367] BANK2_BL-09_half_up__T_cross_-both_d_input_-raw_warmup-strict: cached
[1306/2367] BANK2_BL-09_half_up__T_cross_-today__input_-raw_warmup-strict: cached
[1307/2367] BANK2_BL-09_half_up__T_cross_-both_d_input_-adjust_warmup-ready_: cached
[1308/2367] BANK2_BL-09_half_up__T_cross_-today__input_-adjust_warmup-ready_: cached
[1309/2367] BANK2_BL-09_half_up__T_cross_-both_d_input_-raw_warmup-ready_: cached
[1310/2367] BANK2_BL-09_half_up__T_cross_-today__input_-raw_warmup-ready_: cached
[1311/2367] BANK2_BL-09_half_up__OAT_rsi_smoothing-simple: cached
[1312/2367] BANK2_BL-09_half_up__OAT_rsi_exit-cross: cached
[1313/2367] BANK2_BL-09_half_up__OAT_a_exec-set_holdings: cached
[1314/2367] BANK2_BL-09_half_up__OAT_same_bar_reentry-wait_bar: cached
[1315/2367] BANK2_BL-09_half_up__SPOT_all_excluded_off: cached
[1316/2367] BANK2_ER-01_R1__ref: cached
[1317/2367] BANK2_ER-01_R1__T_cross_-today__input_-adjust_warmup-strict: cached
[1318/2367] BANK2_ER-01_R1__T_cross_-both_d_input_-raw_warmup-strict: cached
[1319/2367] BANK2_ER-01_R1__T_cross_-today__input_-raw_warmup-strict: cached
[1320/2367] BANK2_BL-08_t80__T_input_-adjust_rsi_ex-level_rsi_sm-simple_same_b-allowe_warmup-ready_: ok fills=213 (30.1s)
[1321/2367] BANK2_ER-01_R1__T_cross_-today__input_-adjust_warmup-ready_: cached
[1322/2367] BANK2_ER-01_R1__T_cross_-both_d_input_-raw_warmup-ready_: cached
[1323/2367] BANK2_ER-01_R1__T_cross_-today__input_-raw_warmup-ready_: cached
[1324/2367] BANK2_ER-01_R1__OAT_rsi_smoothing-simple: cached
[1325/2367] BANK2_ER-01_R1__OAT_rsi_exit-cross: cached
[1326/2367] BANK2_ER-01_R1__OAT_a_exec-set_holdings: cached
[1327/2367] BANK2_ER-01_R1__OAT_same_bar_reentry-wait_bar: cached
[1328/2367] BANK2_ER-01_R1__SPOT_all_excluded_off: cached
[1329/2367] BANK2_ER-01_R2__ref: cached
[1330/2367] BANK2_ER-01_R2__T_cross_-today__input_-adjust_warmup-strict: cached
[1331/2367] BANK2_ER-01_R2__T_cross_-both_d_input_-raw_warmup-strict: cached
[1332/2367] BANK2_ER-01_R2__T_cross_-today__input_-raw_warmup-strict: cached
[1333/2367] BANK2_ER-01_R2__T_cross_-both_d_input_-adjust_warmup-ready_: cached
[1334/2367] BANK2_ER-01_R2__T_cross_-today__input_-adjust_warmup-ready_: cached
[1335/2367] BANK2_ER-01_R2__T_cross_-both_d_input_-raw_warmup-ready_: cached
[1336/2367] BANK2_ER-01_R2__T_cross_-today__input_-raw_warmup-ready_: cached
[1337/2367] BANK2_ER-01_R2__OAT_rsi_smoothing-simple: cached
[1338/2367] BANK2_ER-01_R2__OAT_rsi_exit-cross: cached
[1339/2367] BANK2_ER-01_R2__OAT_a_exec-set_holdings: cached
[1340/2367] BANK2_ER-01_R2__OAT_same_bar_reentry-wait_bar: cached
[1341/2367] BANK2_ER-01_R2__SPOT_all_excluded_off: cached
[1342/2367] BANK2_ER-01_R3__ref: cached
[1343/2367] BANK2_ER-01_R3__T_cross_-today__input_-adjust_warmup-strict: cached
[1344/2367] BANK2_ER-01_R3__T_cross_-both_d_input_-raw_warmup-strict: cached
[1345/2367] BANK2_BL-09_half_down_hold__T_cross_-today__input_-adjust_warmup-strict: ok fills=169 (29.5s)
[1346/2367] BANK2_ER-01_R3__T_cross_-both_d_input_-adjust_warmup-ready_: cached
[1347/2367] BANK2_ER-01_R3__T_cross_-today__input_-adjust_warmup-ready_: cached
[1348/2367] BANK2_ER-01_R3__T_cross_-both_d_input_-raw_warmup-ready_: cached
[1349/2367] BANK2_ER-01_R3__T_cross_-today__input_-raw_warmup-ready_: cached
[1350/2367] BANK2_ER-01_R3__OAT_rsi_smoothing-simple: cached
[1351/2367] BANK2_ER-01_R3__OAT_rsi_exit-cross: cached
[1352/2367] BANK2_ER-01_R3__OAT_a_exec-set_holdings: cached
[1353/2367] BANK2_ER-01_R3__OAT_same_bar_reentry-wait_bar: cached
[1354/2367] BANK2_BL-09_half_down_lastsell__T_cross_-both_d_input_-adjust_warmup-ready_: ok fills=213 (31.3s)
[1355/2367] BANK2_ER-01_R4__ref: cached
[1356/2367] BANK2_ER-01_R4__T_cross_-today__input_-adjust_warmup-strict: cached
[1357/2367] BANK2_ER-01_R4__T_cross_-both_d_input_-raw_warmup-strict: cached
[1358/2367] BANK2_ER-01_R4__T_cross_-today__input_-raw_warmup-strict: cached
[1359/2367] BANK2_ER-01_R4__T_cross_-both_d_input_-adjust_warmup-ready_: cached
[1360/2367] BANK2_ER-01_R4__T_cross_-today__input_-adjust_warmup-ready_: cached
[1361/2367] BANK2_ER-01_R4__T_cross_-both_d_input_-raw_warmup-ready_: cached
[1362/2367] BANK2_ER-01_R4__T_cross_-today__input_-raw_warmup-ready_: cached
[1363/2367] BANK2_ER-01_R4__OAT_rsi_smoothing-simple: cached
[1364/2367] BANK2_ER-01_R4__OAT_rsi_exit-cross: cached
[1365/2367] BANK2_ER-01_R1__T_cross_-both_d_input_-adjust_warmup-ready_: ok fills=175 (34.0s)
[1366/2367] BANK2_ER-01_R4__OAT_same_bar_reentry-wait_bar: cached
[1367/2367] BANK2_ER-01_R4__SPOT_all_excluded_off: cached
[1368/2367] BANK2_ER-01_R5__ref: cached
[1369/2367] BANK2_ER-01_R5__T_cross_-today__input_-adjust_warmup-strict: cached
[1370/2367] BANK2_ER-01_R5__T_cross_-both_d_input_-raw_warmup-strict: cached
[1371/2367] BANK2_ER-01_R5__T_cross_-today__input_-raw_warmup-strict: cached
[1372/2367] BANK2_ER-01_R5__T_cross_-both_d_input_-adjust_warmup-ready_: cached
[1373/2367] BANK2_ER-01_R5__T_cross_-today__input_-adjust_warmup-ready_: cached
[1374/2367] BANK2_ER-01_R5__T_cross_-both_d_input_-raw_warmup-ready_: cached
[1375/2367] BANK2_ER-01_R5__T_cross_-today__input_-raw_warmup-ready_: cached
[1376/2367] BANK2_ER-01_R5__OAT_rsi_smoothing-simple: cached
[1377/2367] BANK2_ER-01_R5__OAT_rsi_exit-cross: cached
[1378/2367] BANK2_ER-01_R5__OAT_a_exec-set_holdings: cached
[1379/2367] BANK2_ER-01_R5__OAT_same_bar_reentry-wait_bar: cached
[1380/2367] BANK2_ER-01_R5__SPOT_all_excluded_off: cached
[1381/2367] BANK2_ER-01_R6__ref: cached
[1382/2367] BANK2_ER-01_R6__T_cross_-today__input_-adjust_warmup-strict: cached
[1383/2367] BANK2_ER-01_R6__T_cross_-both_d_input_-raw_warmup-strict: cached
[1384/2367] BANK2_ER-01_R6__T_cross_-today__input_-raw_warmup-strict: cached
[1385/2367] BANK2_ER-01_R6__T_cross_-both_d_input_-adjust_warmup-ready_: cached
[1386/2367] BANK2_ER-01_R6__T_cross_-today__input_-adjust_warmup-ready_: cached
[1387/2367] BANK2_ER-01_R6__T_cross_-both_d_input_-raw_warmup-ready_: cached
[1388/2367] BANK2_ER-01_R6__T_cross_-today__input_-raw_warmup-ready_: cached
[1389/2367] BANK2_ER-01_R6__OAT_rsi_smoothing-simple: cached
[1390/2367] BANK2_ER-01_R6__OAT_rsi_exit-cross: cached
[1391/2367] BANK2_ER-01_R6__OAT_a_exec-set_holdings: cached
[1392/2367] BANK2_ER-01_R3__T_cross_-today__input_-raw_warmup-strict: ok fills=166 (31.7s)
[1393/2367] BANK2_ER-01_R6__SPOT_all_excluded_off: cached
[1394/2367] BANK2_OM-B_private__ref: cached
[1395/2367] BANK2_OM-B_private__T_cross_-both_d_input_-adjust_rsi_ex-level_rsi_sm-wilder_same_b-allowe_warmup-ready_: cached
[1396/2367] BANK2_OM-B_private__T_cross_-both_d_input_-adjust_rsi_ex-level_rsi_sm-wilder_same_b-wait_b_warmup-strict: cached
[1397/2367] BANK2_OM-B_private__T_cross_-both_d_input_-adjust_rsi_ex-level_rsi_sm-wilder_same_b-wait_b_warmup-ready_: cached
[1398/2367] BANK2_OM-B_private__T_cross_-both_d_input_-adjust_rsi_ex-level_rsi_sm-simple_same_b-allowe_warmup-strict: cached
[1399/2367] BANK2_OM-B_private__T_cross_-both_d_input_-adjust_rsi_ex-level_rsi_sm-simple_same_b-allowe_warmup-ready_: cached
[1400/2367] BANK2_OM-B_private__T_cross_-both_d_input_-adjust_rsi_ex-level_rsi_sm-simple_same_b-wait_b_warmup-strict: cached
[1401/2367] BANK2_OM-B_private__T_cross_-both_d_input_-adjust_rsi_ex-level_rsi_sm-simple_same_b-wait_b_warmup-ready_: cached
[1402/2367] BANK2_OM-B_private__T_cross_-both_d_input_-adjust_rsi_ex-cross_rsi_sm-wilder_same_b-allowe_warmup-strict: cached
[1403/2367] BANK2_OM-B_private__T_cross_-both_d_input_-adjust_rsi_ex-cross_rsi_sm-wilder_same_b-allowe_warmup-ready_: cached
[1404/2367] BANK2_OM-B_private__T_cross_-both_d_input_-adjust_rsi_ex-cross_rsi_sm-wilder_same_b-wait_b_warmup-strict: cached
[1405/2367] BANK2_OM-B_private__T_cross_-both_d_input_-adjust_rsi_ex-cross_rsi_sm-wilder_same_b-wait_b_warmup-ready_: cached
[1406/2367] BANK2_OM-B_private__T_cross_-both_d_input_-adjust_rsi_ex-cross_rsi_sm-simple_same_b-allowe_warmup-strict: cached
[1407/2367] BANK2_OM-B_private__T_cross_-both_d_input_-adjust_rsi_ex-cross_rsi_sm-simple_same_b-allowe_warmup-ready_: cached
[1408/2367] BANK2_OM-B_private__T_cross_-both_d_input_-adjust_rsi_ex-cross_rsi_sm-simple_same_b-wait_b_warmup-strict: cached
[1409/2367] BANK2_OM-B_private__T_cross_-both_d_input_-adjust_rsi_ex-cross_rsi_sm-simple_same_b-wait_b_warmup-ready_: cached
[1410/2367] BANK2_OM-B_private__T_cross_-both_d_input_-raw_rsi_ex-level_rsi_sm-wilder_same_b-allowe_warmup-strict: cached
[1411/2367] BANK2_OM-B_private__T_cross_-both_d_input_-raw_rsi_ex-level_rsi_sm-wilder_same_b-allowe_warmup-ready_: cached
[1412/2367] BANK2_OM-B_private__T_cross_-both_d_input_-raw_rsi_ex-level_rsi_sm-wilder_same_b-wait_b_warmup-strict: cached
[1413/2367] BANK2_ER-01_R4__OAT_a_exec-set_holdings: ok fills=166 (31.3s)
[1414/2367] BANK2_OM-B_private__T_cross_-both_d_input_-raw_rsi_ex-level_rsi_sm-simple_same_b-allowe_warmup-strict: cached
[1415/2367] BANK2_OM-B_private__T_cross_-both_d_input_-raw_rsi_ex-level_rsi_sm-simple_same_b-allowe_warmup-ready_: cached
[1416/2367] BANK2_OM-B_private__T_cross_-both_d_input_-raw_rsi_ex-level_rsi_sm-simple_same_b-wait_b_warmup-strict: cached
[1417/2367] BANK2_OM-B_private__T_cross_-both_d_input_-raw_rsi_ex-level_rsi_sm-simple_same_b-wait_b_warmup-ready_: cached
[1418/2367] BANK2_OM-B_private__T_cross_-both_d_input_-raw_rsi_ex-cross_rsi_sm-wilder_same_b-allowe_warmup-strict: cached
[1419/2367] BANK2_OM-B_private__T_cross_-both_d_input_-raw_rsi_ex-cross_rsi_sm-wilder_same_b-allowe_warmup-ready_: cached
[1420/2367] BANK2_OM-B_private__T_cross_-both_d_input_-raw_rsi_ex-cross_rsi_sm-wilder_same_b-wait_b_warmup-strict: cached
[1421/2367] BANK2_OM-B_private__T_cross_-both_d_input_-raw_rsi_ex-cross_rsi_sm-wilder_same_b-wait_b_warmup-ready_: cached
[1422/2367] BANK2_OM-B_private__T_cross_-both_d_input_-raw_rsi_ex-cross_rsi_sm-simple_same_b-allowe_warmup-strict: cached
[1423/2367] BANK2_OM-B_private__T_cross_-both_d_input_-raw_rsi_ex-cross_rsi_sm-simple_same_b-allowe_warmup-ready_: cached
[1424/2367] BANK2_OM-B_private__T_cross_-both_d_input_-raw_rsi_ex-cross_rsi_sm-simple_same_b-wait_b_warmup-strict: cached
[1425/2367] BANK2_OM-B_private__T_cross_-both_d_input_-raw_rsi_ex-cross_rsi_sm-simple_same_b-wait_b_warmup-ready_: cached
[1426/2367] BANK2_OM-B_private__T_cross_-today__input_-adjust_rsi_ex-level_rsi_sm-wilder_same_b-allowe_warmup-strict: cached
[1427/2367] BANK2_ER-01_R3__SPOT_all_excluded_off: ok fills=166 (31.6s)
[1428/2367] BANK2_OM-B_private__T_cross_-today__input_-adjust_rsi_ex-level_rsi_sm-wilder_same_b-wait_b_warmup-strict: cached
[1429/2367] BANK2_OM-B_private__T_cross_-today__input_-adjust_rsi_ex-level_rsi_sm-wilder_same_b-wait_b_warmup-ready_: cached
[1430/2367] BANK2_OM-B_private__T_cross_-today__input_-adjust_rsi_ex-level_rsi_sm-simple_same_b-allowe_warmup-strict: cached
[1431/2367] BANK2_OM-B_private__T_cross_-today__input_-adjust_rsi_ex-level_rsi_sm-simple_same_b-allowe_warmup-ready_: cached
[1432/2367] BANK2_OM-B_private__T_cross_-today__input_-adjust_rsi_ex-level_rsi_sm-simple_same_b-wait_b_warmup-strict: cached
[1433/2367] BANK2_OM-B_private__T_cross_-today__input_-adjust_rsi_ex-level_rsi_sm-simple_same_b-wait_b_warmup-ready_: cached
[1434/2367] BANK2_OM-B_private__T_cross_-today__input_-adjust_rsi_ex-cross_rsi_sm-wilder_same_b-allowe_warmup-strict: cached
[1435/2367] BANK2_OM-B_private__T_cross_-today__input_-adjust_rsi_ex-cross_rsi_sm-wilder_same_b-allowe_warmup-ready_: cached
[1436/2367] BANK2_OM-B_private__T_cross_-today__input_-adjust_rsi_ex-cross_rsi_sm-wilder_same_b-wait_b_warmup-strict: cached
[1437/2367] BANK2_OM-B_private__T_cross_-today__input_-adjust_rsi_ex-cross_rsi_sm-wilder_same_b-wait_b_warmup-ready_: cached
[1438/2367] BANK2_OM-B_private__T_cross_-today__input_-adjust_rsi_ex-cross_rsi_sm-simple_same_b-allowe_warmup-strict: cached
[1439/2367] BANK2_OM-B_private__T_cross_-today__input_-adjust_rsi_ex-cross_rsi_sm-simple_same_b-allowe_warmup-ready_: cached
[1440/2367] BANK2_OM-B_private__T_cross_-today__input_-adjust_rsi_ex-cross_rsi_sm-simple_same_b-wait_b_warmup-strict: cached
[1441/2367] BANK2_OM-B_private__T_cross_-today__input_-adjust_rsi_ex-cross_rsi_sm-simple_same_b-wait_b_warmup-ready_: cached
[1442/2367] BANK2_OM-B_private__T_cross_-today__input_-raw_rsi_ex-level_rsi_sm-wilder_same_b-allowe_warmup-strict: cached
[1443/2367] BANK2_OM-B_private__T_cross_-today__input_-raw_rsi_ex-level_rsi_sm-wilder_same_b-allowe_warmup-ready_: cached
[1444/2367] BANK2_OM-B_private__T_cross_-today__input_-raw_rsi_ex-level_rsi_sm-wilder_same_b-wait_b_warmup-strict: cached
[1445/2367] BANK2_OM-B_private__T_cross_-today__input_-raw_rsi_ex-level_rsi_sm-wilder_same_b-wait_b_warmup-ready_: cached
[1446/2367] BANK2_OM-B_private__T_cross_-today__input_-raw_rsi_ex-level_rsi_sm-simple_same_b-allowe_warmup-strict: cached
[1447/2367] BANK2_OM-B_private__T_cross_-today__input_-raw_rsi_ex-level_rsi_sm-simple_same_b-allowe_warmup-ready_: cached
[1448/2367] BANK2_OM-B_private__T_cross_-today__input_-raw_rsi_ex-level_rsi_sm-simple_same_b-wait_b_warmup-strict: cached
[1449/2367] BANK2_OM-B_private__T_cross_-today__input_-raw_rsi_ex-level_rsi_sm-simple_same_b-wait_b_warmup-ready_: cached
[1450/2367] BANK2_OM-B_private__T_cross_-today__input_-raw_rsi_ex-cross_rsi_sm-wilder_same_b-allowe_warmup-strict: cached
[1451/2367] BANK2_OM-B_private__T_cross_-today__input_-raw_rsi_ex-cross_rsi_sm-wilder_same_b-allowe_warmup-ready_: cached
[1452/2367] BANK2_OM-B_private__T_cross_-today__input_-raw_rsi_ex-cross_rsi_sm-wilder_same_b-wait_b_warmup-strict: cached
[1453/2367] BANK2_OM-B_private__T_cross_-today__input_-raw_rsi_ex-cross_rsi_sm-wilder_same_b-wait_b_warmup-ready_: cached
[1454/2367] BANK2_OM-B_private__T_cross_-today__input_-raw_rsi_ex-cross_rsi_sm-simple_same_b-allowe_warmup-strict: cached
[1455/2367] BANK2_OM-B_private__T_cross_-today__input_-raw_rsi_ex-cross_rsi_sm-simple_same_b-allowe_warmup-ready_: cached
[1456/2367] BANK2_OM-B_private__T_cross_-today__input_-raw_rsi_ex-cross_rsi_sm-simple_same_b-wait_b_warmup-strict: cached
[1457/2367] BANK2_OM-B_private__T_cross_-today__input_-raw_rsi_ex-cross_rsi_sm-simple_same_b-wait_b_warmup-ready_: cached
[1458/2367] BANK2_OM-B_private__OAT_a_exec-set_holdings: cached
[1459/2367] BANK2_OM-B_private__SPOT_all_excluded_off: cached
[1460/2367] BANK2_OM-B_invested_gate__ref: cached
[1461/2367] BANK2_OM-B_invested_gate__T_cross_-both_d_input_-adjust_rsi_ex-level_rsi_sm-wilder_same_b-allowe_warmup-ready_: cached
[1462/2367] BANK2_OM-B_invested_gate__T_cross_-both_d_input_-adjust_rsi_ex-level_rsi_sm-wilder_same_b-wait_b_warmup-strict: cached
[1463/2367] BANK2_OM-B_invested_gate__T_cross_-both_d_input_-adjust_rsi_ex-level_rsi_sm-wilder_same_b-wait_b_warmup-ready_: cached
[1464/2367] BANK2_OM-B_invested_gate__T_cross_-both_d_input_-adjust_rsi_ex-level_rsi_sm-simple_same_b-allowe_warmup-strict: cached
[1465/2367] BANK2_OM-B_invested_gate__T_cross_-both_d_input_-adjust_rsi_ex-level_rsi_sm-simple_same_b-allowe_warmup-ready_: cached
[1466/2367] BANK2_OM-B_invested_gate__T_cross_-both_d_input_-adjust_rsi_ex-level_rsi_sm-simple_same_b-wait_b_warmup-strict: cached
[1467/2367] BANK2_OM-B_invested_gate__T_cross_-both_d_input_-adjust_rsi_ex-level_rsi_sm-simple_same_b-wait_b_warmup-ready_: cached
[1468/2367] BANK2_OM-B_invested_gate__T_cross_-both_d_input_-adjust_rsi_ex-cross_rsi_sm-wilder_same_b-allowe_warmup-strict: cached
[1469/2367] BANK2_OM-B_invested_gate__T_cross_-both_d_input_-adjust_rsi_ex-cross_rsi_sm-wilder_same_b-allowe_warmup-ready_: cached
[1470/2367] BANK2_OM-B_invested_gate__T_cross_-both_d_input_-adjust_rsi_ex-cross_rsi_sm-wilder_same_b-wait_b_warmup-strict: cached
[1471/2367] BANK2_OM-B_invested_gate__T_cross_-both_d_input_-adjust_rsi_ex-cross_rsi_sm-wilder_same_b-wait_b_warmup-ready_: cached
[1472/2367] BANK2_OM-B_invested_gate__T_cross_-both_d_input_-adjust_rsi_ex-cross_rsi_sm-simple_same_b-allowe_warmup-strict: cached
[1473/2367] BANK2_OM-B_invested_gate__T_cross_-both_d_input_-adjust_rsi_ex-cross_rsi_sm-simple_same_b-allowe_warmup-ready_: cached
[1474/2367] BANK2_OM-B_invested_gate__T_cross_-both_d_input_-adjust_rsi_ex-cross_rsi_sm-simple_same_b-wait_b_warmup-strict: cached
[1475/2367] BANK2_OM-B_invested_gate__T_cross_-both_d_input_-adjust_rsi_ex-cross_rsi_sm-simple_same_b-wait_b_warmup-ready_: cached
[1476/2367] BANK2_OM-B_invested_gate__T_cross_-both_d_input_-raw_rsi_ex-level_rsi_sm-wilder_same_b-allowe_warmup-strict: cached
[1477/2367] BANK2_ER-01_R6__OAT_same_bar_reentry-wait_bar: ok fills=168 (26.4s)
[1478/2367] BANK2_OM-B_private__T_cross_-both_d_input_-raw_rsi_ex-level_rsi_sm-wilder_same_b-wait_b_warmup-ready_: ok fills=274 (26.7s)
[1479/2367] BANK2_OM-B_invested_gate__T_cross_-both_d_input_-raw_rsi_ex-level_rsi_sm-wilder_same_b-wait_b_warmup-ready_: cached
[1480/2367] BANK2_OM-B_invested_gate__T_cross_-both_d_input_-raw_rsi_ex-level_rsi_sm-simple_same_b-allowe_warmup-strict: cached
[1481/2367] BANK2_OM-B_invested_gate__T_cross_-both_d_input_-raw_rsi_ex-level_rsi_sm-simple_same_b-allowe_warmup-ready_: cached
[1482/2367] BANK2_OM-B_invested_gate__T_cross_-both_d_input_-raw_rsi_ex-level_rsi_sm-simple_same_b-wait_b_warmup-strict: cached
[1483/2367] BANK2_OM-B_invested_gate__T_cross_-both_d_input_-raw_rsi_ex-level_rsi_sm-simple_same_b-wait_b_warmup-ready_: cached
[1484/2367] BANK2_OM-B_invested_gate__T_cross_-both_d_input_-raw_rsi_ex-cross_rsi_sm-wilder_same_b-allowe_warmup-strict: cached
[1485/2367] BANK2_OM-B_invested_gate__T_cross_-both_d_input_-raw_rsi_ex-cross_rsi_sm-wilder_same_b-allowe_warmup-ready_: cached
[1486/2367] BANK2_OM-B_invested_gate__T_cross_-both_d_input_-raw_rsi_ex-cross_rsi_sm-wilder_same_b-wait_b_warmup-strict: cached
[1487/2367] BANK2_OM-B_invested_gate__T_cross_-both_d_input_-raw_rsi_ex-cross_rsi_sm-wilder_same_b-wait_b_warmup-ready_: cached
[1488/2367] BANK2_OM-B_invested_gate__T_cross_-both_d_input_-raw_rsi_ex-cross_rsi_sm-simple_same_b-allowe_warmup-strict: cached
[1489/2367] BANK2_OM-B_invested_gate__T_cross_-both_d_input_-raw_rsi_ex-cross_rsi_sm-simple_same_b-allowe_warmup-ready_: cached
[1490/2367] BANK2_OM-B_invested_gate__T_cross_-both_d_input_-raw_rsi_ex-cross_rsi_sm-simple_same_b-wait_b_warmup-strict: cached
[1491/2367] BANK2_OM-B_invested_gate__T_cross_-both_d_input_-raw_rsi_ex-cross_rsi_sm-simple_same_b-wait_b_warmup-ready_: cached
[1492/2367] BANK2_OM-B_invested_gate__T_cross_-today__input_-adjust_rsi_ex-level_rsi_sm-wilder_same_b-allowe_warmup-strict: cached
[1493/2367] BANK2_OM-B_invested_gate__T_cross_-today__input_-adjust_rsi_ex-level_rsi_sm-wilder_same_b-allowe_warmup-ready_: cached
[1494/2367] BANK2_OM-B_invested_gate__T_cross_-today__input_-adjust_rsi_ex-level_rsi_sm-wilder_same_b-wait_b_warmup-strict: cached
[1495/2367] BANK2_OM-B_invested_gate__T_cross_-today__input_-adjust_rsi_ex-level_rsi_sm-wilder_same_b-wait_b_warmup-ready_: cached
[1496/2367] BANK2_OM-B_invested_gate__T_cross_-today__input_-adjust_rsi_ex-level_rsi_sm-simple_same_b-allowe_warmup-strict: cached
[1497/2367] BANK2_OM-B_invested_gate__T_cross_-today__input_-adjust_rsi_ex-level_rsi_sm-simple_same_b-allowe_warmup-ready_: cached
[1498/2367] BANK2_OM-B_invested_gate__T_cross_-today__input_-adjust_rsi_ex-level_rsi_sm-simple_same_b-wait_b_warmup-strict: cached
[1499/2367] BANK2_OM-B_invested_gate__T_cross_-today__input_-adjust_rsi_ex-level_rsi_sm-simple_same_b-wait_b_warmup-ready_: cached
[1500/2367] BANK2_OM-B_invested_gate__T_cross_-today__input_-adjust_rsi_ex-cross_rsi_sm-wilder_same_b-allowe_warmup-strict: cached
[1501/2367] BANK2_OM-B_invested_gate__T_cross_-today__input_-adjust_rsi_ex-cross_rsi_sm-wilder_same_b-allowe_warmup-ready_: cached
[1502/2367] BANK2_OM-B_invested_gate__T_cross_-today__input_-adjust_rsi_ex-cross_rsi_sm-wilder_same_b-wait_b_warmup-strict: cached
[1503/2367] BANK2_OM-B_invested_gate__T_cross_-today__input_-adjust_rsi_ex-cross_rsi_sm-wilder_same_b-wait_b_warmup-ready_: cached
[1504/2367] BANK2_OM-B_invested_gate__T_cross_-today__input_-adjust_rsi_ex-cross_rsi_sm-simple_same_b-allowe_warmup-strict: cached
[1505/2367] BANK2_OM-B_invested_gate__T_cross_-today__input_-adjust_rsi_ex-cross_rsi_sm-simple_same_b-allowe_warmup-ready_: cached
[1506/2367] BANK2_OM-B_invested_gate__T_cross_-today__input_-adjust_rsi_ex-cross_rsi_sm-simple_same_b-wait_b_warmup-strict: cached
[1507/2367] BANK2_OM-B_invested_gate__T_cross_-both_d_input_-raw_rsi_ex-level_rsi_sm-wilder_same_b-allowe_warmup-ready_: ok fills=274 (26.7s)
[1508/2367] BANK2_OM-B_invested_gate__T_cross_-today__input_-raw_rsi_ex-level_rsi_sm-wilder_same_b-allowe_warmup-strict: cached
[1509/2367] BANK2_OM-B_invested_gate__T_cross_-today__input_-raw_rsi_ex-level_rsi_sm-wilder_same_b-allowe_warmup-ready_: cached
[1510/2367] BANK2_OM-B_invested_gate__T_cross_-today__input_-raw_rsi_ex-level_rsi_sm-wilder_same_b-wait_b_warmup-strict: cached
[1511/2367] BANK2_OM-B_invested_gate__T_cross_-today__input_-raw_rsi_ex-level_rsi_sm-wilder_same_b-wait_b_warmup-ready_: cached
[1512/2367] BANK2_OM-B_invested_gate__T_cross_-today__input_-raw_rsi_ex-level_rsi_sm-simple_same_b-allowe_warmup-strict: cached
[1513/2367] BANK2_OM-B_invested_gate__T_cross_-today__input_-raw_rsi_ex-level_rsi_sm-simple_same_b-allowe_warmup-ready_: cached
[1514/2367] BANK2_OM-B_invested_gate__T_cross_-today__input_-raw_rsi_ex-level_rsi_sm-simple_same_b-wait_b_warmup-strict: cached
[1515/2367] BANK2_OM-B_invested_gate__T_cross_-today__input_-raw_rsi_ex-level_rsi_sm-simple_same_b-wait_b_warmup-ready_: cached
[1516/2367] BANK2_OM-B_invested_gate__T_cross_-today__input_-raw_rsi_ex-cross_rsi_sm-wilder_same_b-allowe_warmup-strict: cached
[1517/2367] BANK2_OM-B_invested_gate__T_cross_-today__input_-raw_rsi_ex-cross_rsi_sm-wilder_same_b-allowe_warmup-ready_: cached
[1518/2367] BANK2_OM-B_invested_gate__T_cross_-today__input_-raw_rsi_ex-cross_rsi_sm-wilder_same_b-wait_b_warmup-strict: cached
[1519/2367] BANK2_OM-B_invested_gate__T_cross_-today__input_-raw_rsi_ex-cross_rsi_sm-wilder_same_b-wait_b_warmup-ready_: cached
[1520/2367] BANK2_OM-B_invested_gate__T_cross_-today__input_-raw_rsi_ex-cross_rsi_sm-simple_same_b-allowe_warmup-strict: cached
[1521/2367] BANK2_OM-B_invested_gate__T_cross_-today__input_-raw_rsi_ex-cross_rsi_sm-simple_same_b-allowe_warmup-ready_: cached
[1522/2367] BANK2_OM-B_invested_gate__T_cross_-today__input_-raw_rsi_ex-cross_rsi_sm-simple_same_b-wait_b_warmup-strict: cached
[1523/2367] BANK2_OM-B_invested_gate__T_cross_-today__input_-raw_rsi_ex-cross_rsi_sm-simple_same_b-wait_b_warmup-ready_: cached
[1524/2367] BANK2_OM-B_invested_gate__OAT_a_exec-set_holdings: cached
[1525/2367] BANK2_OM-B_invested_gate__SPOT_all_excluded_off: cached
[1526/2367] BANK2_OM-B_netting__ref: cached
[1527/2367] BANK2_OM-B_netting__T_cross_-both_d_input_-adjust_rsi_ex-level_rsi_sm-wilder_same_b-allowe_warmup-ready_: cached
[1528/2367] BANK2_OM-B_netting__T_cross_-both_d_input_-adjust_rsi_ex-level_rsi_sm-wilder_same_b-wait_b_warmup-strict: cached
[1529/2367] BANK2_OM-B_netting__T_cross_-both_d_input_-adjust_rsi_ex-level_rsi_sm-wilder_same_b-wait_b_warmup-ready_: cached
[1530/2367] BANK2_OM-B_netting__T_cross_-both_d_input_-adjust_rsi_ex-level_rsi_sm-simple_same_b-allowe_warmup-strict: cached
[1531/2367] BANK2_OM-B_netting__T_cross_-both_d_input_-adjust_rsi_ex-level_rsi_sm-simple_same_b-allowe_warmup-ready_: cached
[1532/2367] BANK2_OM-B_netting__T_cross_-both_d_input_-adjust_rsi_ex-level_rsi_sm-simple_same_b-wait_b_warmup-strict: cached
[1533/2367] BANK2_OM-B_netting__T_cross_-both_d_input_-adjust_rsi_ex-level_rsi_sm-simple_same_b-wait_b_warmup-ready_: cached
[1534/2367] BANK2_OM-B_netting__T_cross_-both_d_input_-adjust_rsi_ex-cross_rsi_sm-wilder_same_b-allowe_warmup-strict: cached
[1535/2367] BANK2_OM-B_netting__T_cross_-both_d_input_-adjust_rsi_ex-cross_rsi_sm-wilder_same_b-allowe_warmup-ready_: cached
[1536/2367] BANK2_OM-B_netting__T_cross_-both_d_input_-adjust_rsi_ex-cross_rsi_sm-wilder_same_b-wait_b_warmup-strict: cached
[1537/2367] BANK2_OM-B_netting__T_cross_-both_d_input_-adjust_rsi_ex-cross_rsi_sm-wilder_same_b-wait_b_warmup-ready_: cached
[1538/2367] BANK2_OM-B_netting__T_cross_-both_d_input_-adjust_rsi_ex-cross_rsi_sm-simple_same_b-allowe_warmup-strict: cached
[1539/2367] BANK2_OM-B_netting__T_cross_-both_d_input_-adjust_rsi_ex-cross_rsi_sm-simple_same_b-allowe_warmup-ready_: cached
[1540/2367] BANK2_OM-B_netting__T_cross_-both_d_input_-adjust_rsi_ex-cross_rsi_sm-simple_same_b-wait_b_warmup-strict: cached
[1541/2367] BANK2_OM-B_netting__T_cross_-both_d_input_-adjust_rsi_ex-cross_rsi_sm-simple_same_b-wait_b_warmup-ready_: cached
[1542/2367] BANK2_OM-B_netting__T_cross_-both_d_input_-raw_rsi_ex-level_rsi_sm-wilder_same_b-allowe_warmup-strict: cached
[1543/2367] BANK2_OM-B_netting__T_cross_-both_d_input_-raw_rsi_ex-level_rsi_sm-wilder_same_b-allowe_warmup-ready_: cached
[1544/2367] BANK2_OM-B_netting__T_cross_-both_d_input_-raw_rsi_ex-level_rsi_sm-wilder_same_b-wait_b_warmup-strict: cached
[1545/2367] BANK2_OM-B_netting__T_cross_-both_d_input_-raw_rsi_ex-level_rsi_sm-wilder_same_b-wait_b_warmup-ready_: cached
[1546/2367] BANK2_OM-B_netting__T_cross_-both_d_input_-raw_rsi_ex-level_rsi_sm-simple_same_b-allowe_warmup-strict: cached
[1547/2367] BANK2_OM-B_netting__T_cross_-both_d_input_-raw_rsi_ex-level_rsi_sm-simple_same_b-allowe_warmup-ready_: cached
[1548/2367] BANK2_OM-B_netting__T_cross_-both_d_input_-raw_rsi_ex-level_rsi_sm-simple_same_b-wait_b_warmup-strict: cached
[1549/2367] BANK2_OM-B_netting__T_cross_-both_d_input_-raw_rsi_ex-level_rsi_sm-simple_same_b-wait_b_warmup-ready_: cached
[1550/2367] BANK2_OM-B_netting__T_cross_-both_d_input_-raw_rsi_ex-cross_rsi_sm-wilder_same_b-allowe_warmup-strict: cached
[1551/2367] BANK2_OM-B_netting__T_cross_-both_d_input_-raw_rsi_ex-cross_rsi_sm-wilder_same_b-allowe_warmup-ready_: cached
[1552/2367] BANK2_OM-B_netting__T_cross_-both_d_input_-raw_rsi_ex-cross_rsi_sm-wilder_same_b-wait_b_warmup-strict: cached
[1553/2367] BANK2_OM-B_netting__T_cross_-both_d_input_-raw_rsi_ex-cross_rsi_sm-wilder_same_b-wait_b_warmup-ready_: cached
[1554/2367] BANK2_OM-B_netting__T_cross_-both_d_input_-raw_rsi_ex-cross_rsi_sm-simple_same_b-allowe_warmup-strict: cached
[1555/2367] BANK2_OM-B_netting__T_cross_-both_d_input_-raw_rsi_ex-cross_rsi_sm-simple_same_b-allowe_warmup-ready_: cached
[1556/2367] BANK2_OM-B_netting__T_cross_-both_d_input_-raw_rsi_ex-cross_rsi_sm-simple_same_b-wait_b_warmup-strict: cached
[1557/2367] BANK2_OM-B_netting__T_cross_-both_d_input_-raw_rsi_ex-cross_rsi_sm-simple_same_b-wait_b_warmup-ready_: cached
[1558/2367] BANK2_OM-B_netting__T_cross_-today__input_-adjust_rsi_ex-level_rsi_sm-wilder_same_b-allowe_warmup-strict: cached
[1559/2367] BANK2_OM-B_netting__T_cross_-today__input_-adjust_rsi_ex-level_rsi_sm-wilder_same_b-allowe_warmup-ready_: cached
[1560/2367] BANK2_OM-B_netting__T_cross_-today__input_-adjust_rsi_ex-level_rsi_sm-wilder_same_b-wait_b_warmup-strict: cached
[1561/2367] BANK2_OM-B_netting__T_cross_-today__input_-adjust_rsi_ex-level_rsi_sm-wilder_same_b-wait_b_warmup-ready_: cached
[1562/2367] BANK2_OM-B_netting__T_cross_-today__input_-adjust_rsi_ex-level_rsi_sm-simple_same_b-allowe_warmup-strict: cached
[1563/2367] BANK2_OM-B_netting__T_cross_-today__input_-adjust_rsi_ex-level_rsi_sm-simple_same_b-allowe_warmup-ready_: cached
[1564/2367] BANK2_OM-B_netting__T_cross_-today__input_-adjust_rsi_ex-level_rsi_sm-simple_same_b-wait_b_warmup-strict: cached
[1565/2367] BANK2_OM-B_netting__T_cross_-today__input_-adjust_rsi_ex-level_rsi_sm-simple_same_b-wait_b_warmup-ready_: cached
[1566/2367] BANK2_OM-B_netting__T_cross_-today__input_-adjust_rsi_ex-cross_rsi_sm-wilder_same_b-allowe_warmup-strict: cached
[1567/2367] BANK2_OM-B_netting__T_cross_-today__input_-adjust_rsi_ex-cross_rsi_sm-wilder_same_b-allowe_warmup-ready_: cached
[1568/2367] BANK2_OM-B_netting__T_cross_-today__input_-adjust_rsi_ex-cross_rsi_sm-wilder_same_b-wait_b_warmup-strict: cached
[1569/2367] BANK2_OM-B_netting__T_cross_-today__input_-adjust_rsi_ex-cross_rsi_sm-wilder_same_b-wait_b_warmup-ready_: cached
[1570/2367] BANK2_OM-B_netting__T_cross_-today__input_-adjust_rsi_ex-cross_rsi_sm-simple_same_b-allowe_warmup-strict: cached
[1571/2367] BANK2_OM-B_netting__T_cross_-today__input_-adjust_rsi_ex-cross_rsi_sm-simple_same_b-allowe_warmup-ready_: cached
[1572/2367] BANK2_OM-B_netting__T_cross_-today__input_-adjust_rsi_ex-cross_rsi_sm-simple_same_b-wait_b_warmup-strict: cached
[1573/2367] BANK2_OM-B_netting__T_cross_-today__input_-adjust_rsi_ex-cross_rsi_sm-simple_same_b-wait_b_warmup-ready_: cached
[1574/2367] BANK2_OM-B_netting__T_cross_-today__input_-raw_rsi_ex-level_rsi_sm-wilder_same_b-allowe_warmup-strict: cached
[1575/2367] BANK2_OM-B_netting__T_cross_-today__input_-raw_rsi_ex-level_rsi_sm-wilder_same_b-allowe_warmup-ready_: cached
[1576/2367] BANK2_OM-B_netting__T_cross_-today__input_-raw_rsi_ex-level_rsi_sm-wilder_same_b-wait_b_warmup-strict: cached
[1577/2367] BANK2_OM-B_netting__T_cross_-today__input_-raw_rsi_ex-level_rsi_sm-wilder_same_b-wait_b_warmup-ready_: cached
[1578/2367] BANK2_OM-B_netting__T_cross_-today__input_-raw_rsi_ex-level_rsi_sm-simple_same_b-allowe_warmup-strict: cached
[1579/2367] BANK2_OM-B_netting__T_cross_-today__input_-raw_rsi_ex-level_rsi_sm-simple_same_b-allowe_warmup-ready_: cached
[1580/2367] BANK2_OM-B_netting__T_cross_-today__input_-raw_rsi_ex-level_rsi_sm-simple_same_b-wait_b_warmup-strict: cached
[1581/2367] BANK2_OM-B_netting__T_cross_-today__input_-raw_rsi_ex-level_rsi_sm-simple_same_b-wait_b_warmup-ready_: cached
[1582/2367] BANK2_OM-B_netting__T_cross_-today__input_-raw_rsi_ex-cross_rsi_sm-wilder_same_b-allowe_warmup-strict: cached
[1583/2367] BANK2_OM-B_netting__T_cross_-today__input_-raw_rsi_ex-cross_rsi_sm-wilder_same_b-allowe_warmup-ready_: cached
[1584/2367] BANK2_OM-B_netting__T_cross_-today__input_-raw_rsi_ex-cross_rsi_sm-wilder_same_b-wait_b_warmup-strict: cached
[1585/2367] BANK2_OM-B_netting__T_cross_-today__input_-raw_rsi_ex-cross_rsi_sm-wilder_same_b-wait_b_warmup-ready_: cached
[1586/2367] BANK2_OM-B_netting__T_cross_-today__input_-raw_rsi_ex-cross_rsi_sm-simple_same_b-allowe_warmup-strict: cached
[1587/2367] BANK2_OM-B_netting__T_cross_-today__input_-raw_rsi_ex-cross_rsi_sm-simple_same_b-allowe_warmup-ready_: cached
[1588/2367] BANK2_OM-B_netting__T_cross_-today__input_-raw_rsi_ex-cross_rsi_sm-simple_same_b-wait_b_warmup-strict: cached
[1589/2367] BANK2_OM-B_netting__T_cross_-today__input_-raw_rsi_ex-cross_rsi_sm-simple_same_b-wait_b_warmup-ready_: cached
[1590/2367] BANK2_OM-B_netting__OAT_a_exec-set_holdings: cached
[1591/2367] BANK2_OM-B_netting__SPOT_all_excluded_off: cached
[1592/2367] BANK2_OM-B_buys_first__ref: cached
[1593/2367] BANK2_OM-B_buys_first__T_cross_-both_d_input_-adjust_rsi_ex-level_rsi_sm-wilder_same_b-allowe_warmup-ready_: cached
[1594/2367] BANK2_OM-B_buys_first__T_cross_-both_d_input_-adjust_rsi_ex-level_rsi_sm-wilder_same_b-wait_b_warmup-strict: cached
[1595/2367] BANK2_OM-B_buys_first__T_cross_-both_d_input_-adjust_rsi_ex-level_rsi_sm-wilder_same_b-wait_b_warmup-ready_: cached
[1596/2367] BANK2_OM-B_buys_first__T_cross_-both_d_input_-adjust_rsi_ex-level_rsi_sm-simple_same_b-allowe_warmup-strict: cached
[1597/2367] BANK2_OM-B_buys_first__T_cross_-both_d_input_-adjust_rsi_ex-level_rsi_sm-simple_same_b-allowe_warmup-ready_: cached
[1598/2367] BANK2_OM-B_buys_first__T_cross_-both_d_input_-adjust_rsi_ex-level_rsi_sm-simple_same_b-wait_b_warmup-strict: cached
[1599/2367] BANK2_OM-B_buys_first__T_cross_-both_d_input_-adjust_rsi_ex-level_rsi_sm-simple_same_b-wait_b_warmup-ready_: cached
[1600/2367] BANK2_OM-B_buys_first__T_cross_-both_d_input_-adjust_rsi_ex-cross_rsi_sm-wilder_same_b-allowe_warmup-strict: cached
[1601/2367] BANK2_OM-B_buys_first__T_cross_-both_d_input_-adjust_rsi_ex-cross_rsi_sm-wilder_same_b-allowe_warmup-ready_: cached
[1602/2367] BANK2_OM-B_buys_first__T_cross_-both_d_input_-adjust_rsi_ex-cross_rsi_sm-wilder_same_b-wait_b_warmup-strict: cached
[1603/2367] BANK2_OM-B_buys_first__T_cross_-both_d_input_-adjust_rsi_ex-cross_rsi_sm-wilder_same_b-wait_b_warmup-ready_: cached
[1604/2367] BANK2_OM-B_buys_first__T_cross_-both_d_input_-adjust_rsi_ex-cross_rsi_sm-simple_same_b-allowe_warmup-strict: cached
[1605/2367] BANK2_OM-B_buys_first__T_cross_-both_d_input_-adjust_rsi_ex-cross_rsi_sm-simple_same_b-allowe_warmup-ready_: cached
[1606/2367] BANK2_OM-B_private__T_cross_-today__input_-adjust_rsi_ex-level_rsi_sm-wilder_same_b-allowe_warmup-ready_: ok fills=262 (27.6s)
[1607/2367] BANK2_OM-B_buys_first__T_cross_-both_d_input_-adjust_rsi_ex-cross_rsi_sm-simple_same_b-wait_b_warmup-ready_: cached
[1608/2367] BANK2_OM-B_buys_first__T_cross_-both_d_input_-raw_rsi_ex-level_rsi_sm-wilder_same_b-allowe_warmup-strict: cached
[1609/2367] BANK2_OM-B_buys_first__T_cross_-both_d_input_-raw_rsi_ex-level_rsi_sm-wilder_same_b-allowe_warmup-ready_: cached
[1610/2367] BANK2_OM-B_buys_first__T_cross_-both_d_input_-raw_rsi_ex-level_rsi_sm-wilder_same_b-wait_b_warmup-strict: cached
[1611/2367] BANK2_OM-B_buys_first__T_cross_-both_d_input_-raw_rsi_ex-level_rsi_sm-wilder_same_b-wait_b_warmup-ready_: cached
[1612/2367] BANK2_OM-B_buys_first__T_cross_-both_d_input_-raw_rsi_ex-level_rsi_sm-simple_same_b-allowe_warmup-strict: cached
[1613/2367] BANK2_OM-B_buys_first__T_cross_-both_d_input_-raw_rsi_ex-level_rsi_sm-simple_same_b-allowe_warmup-ready_: cached
[1614/2367] BANK2_OM-B_buys_first__T_cross_-both_d_input_-raw_rsi_ex-level_rsi_sm-simple_same_b-wait_b_warmup-strict: cached
[1615/2367] BANK2_OM-B_buys_first__T_cross_-both_d_input_-raw_rsi_ex-level_rsi_sm-simple_same_b-wait_b_warmup-ready_: cached
[1616/2367] BANK2_OM-B_buys_first__T_cross_-both_d_input_-raw_rsi_ex-cross_rsi_sm-wilder_same_b-allowe_warmup-strict: cached
[1617/2367] BANK2_OM-B_buys_first__T_cross_-both_d_input_-raw_rsi_ex-cross_rsi_sm-wilder_same_b-allowe_warmup-ready_: cached
[1618/2367] BANK2_OM-B_buys_first__T_cross_-both_d_input_-raw_rsi_ex-cross_rsi_sm-wilder_same_b-wait_b_warmup-strict: cached
[1619/2367] BANK2_OM-B_buys_first__T_cross_-both_d_input_-raw_rsi_ex-cross_rsi_sm-wilder_same_b-wait_b_warmup-ready_: cached
[1620/2367] BANK2_OM-B_buys_first__T_cross_-both_d_input_-raw_rsi_ex-cross_rsi_sm-simple_same_b-allowe_warmup-strict: cached
[1621/2367] BANK2_OM-B_buys_first__T_cross_-both_d_input_-raw_rsi_ex-cross_rsi_sm-simple_same_b-allowe_warmup-ready_: cached
[1622/2367] BANK2_OM-B_buys_first__T_cross_-both_d_input_-raw_rsi_ex-cross_rsi_sm-simple_same_b-wait_b_warmup-strict: cached
[1623/2367] BANK2_OM-B_buys_first__T_cross_-both_d_input_-raw_rsi_ex-cross_rsi_sm-simple_same_b-wait_b_warmup-ready_: cached
[1624/2367] BANK2_OM-B_invested_gate__T_cross_-both_d_input_-raw_rsi_ex-level_rsi_sm-wilder_same_b-wait_b_warmup-strict: ok fills=270 (33.6s)
[1625/2367] BANK2_OM-B_buys_first__T_cross_-today__input_-adjust_rsi_ex-level_rsi_sm-wilder_same_b-allowe_warmup-ready_: cached
[1626/2367] BANK2_OM-B_buys_first__T_cross_-today__input_-adjust_rsi_ex-level_rsi_sm-wilder_same_b-wait_b_warmup-strict: cached
[1627/2367] BANK2_OM-B_buys_first__T_cross_-today__input_-adjust_rsi_ex-level_rsi_sm-wilder_same_b-wait_b_warmup-ready_: cached
[1628/2367] BANK2_OM-B_buys_first__T_cross_-today__input_-adjust_rsi_ex-level_rsi_sm-simple_same_b-allowe_warmup-strict: cached
[1629/2367] BANK2_OM-B_buys_first__T_cross_-today__input_-adjust_rsi_ex-level_rsi_sm-simple_same_b-allowe_warmup-ready_: cached
[1630/2367] BANK2_OM-B_buys_first__T_cross_-today__input_-adjust_rsi_ex-level_rsi_sm-simple_same_b-wait_b_warmup-strict: cached
[1631/2367] BANK2_OM-B_buys_first__T_cross_-today__input_-adjust_rsi_ex-level_rsi_sm-simple_same_b-wait_b_warmup-ready_: cached
[1632/2367] BANK2_OM-B_buys_first__T_cross_-today__input_-adjust_rsi_ex-cross_rsi_sm-wilder_same_b-allowe_warmup-strict: cached
[1633/2367] BANK2_OM-B_buys_first__T_cross_-today__input_-adjust_rsi_ex-cross_rsi_sm-wilder_same_b-allowe_warmup-ready_: cached
[1634/2367] BANK2_OM-B_buys_first__T_cross_-today__input_-adjust_rsi_ex-cross_rsi_sm-wilder_same_b-wait_b_warmup-strict: cached
[1635/2367] BANK2_OM-B_buys_first__T_cross_-today__input_-adjust_rsi_ex-cross_rsi_sm-wilder_same_b-wait_b_warmup-ready_: cached
[1636/2367] BANK2_OM-B_buys_first__T_cross_-today__input_-adjust_rsi_ex-cross_rsi_sm-simple_same_b-allowe_warmup-strict: cached
[1637/2367] BANK2_OM-B_buys_first__T_cross_-today__input_-adjust_rsi_ex-cross_rsi_sm-simple_same_b-allowe_warmup-ready_: cached
[1638/2367] BANK2_OM-B_buys_first__T_cross_-today__input_-adjust_rsi_ex-cross_rsi_sm-simple_same_b-wait_b_warmup-strict: cached
[1639/2367] BANK2_OM-B_buys_first__T_cross_-today__input_-adjust_rsi_ex-cross_rsi_sm-simple_same_b-wait_b_warmup-ready_: cached
[1640/2367] BANK2_OM-B_buys_first__T_cross_-today__input_-raw_rsi_ex-level_rsi_sm-wilder_same_b-allowe_warmup-strict: cached
[1641/2367] BANK2_OM-B_buys_first__T_cross_-today__input_-raw_rsi_ex-level_rsi_sm-wilder_same_b-allowe_warmup-ready_: cached
[1642/2367] BANK2_OM-B_buys_first__T_cross_-today__input_-raw_rsi_ex-level_rsi_sm-wilder_same_b-wait_b_warmup-strict: cached
[1643/2367] BANK2_OM-B_invested_gate__T_cross_-today__input_-adjust_rsi_ex-cross_rsi_sm-simple_same_b-wait_b_warmup-ready_: ok fills=258 (32.3s)
[1644/2367] BANK2_OM-B_buys_first__T_cross_-today__input_-raw_rsi_ex-level_rsi_sm-simple_same_b-allowe_warmup-strict: cached
[1645/2367] BANK2_OM-B_buys_first__T_cross_-today__input_-raw_rsi_ex-level_rsi_sm-simple_same_b-allowe_warmup-ready_: cached
[1646/2367] BANK2_OM-B_buys_first__T_cross_-today__input_-raw_rsi_ex-level_rsi_sm-simple_same_b-wait_b_warmup-strict: cached
[1647/2367] BANK2_OM-B_buys_first__T_cross_-today__input_-raw_rsi_ex-level_rsi_sm-simple_same_b-wait_b_warmup-ready_: cached
[1648/2367] BANK2_OM-B_buys_first__T_cross_-today__input_-raw_rsi_ex-cross_rsi_sm-wilder_same_b-allowe_warmup-strict: cached
[1649/2367] BANK2_OM-B_buys_first__T_cross_-today__input_-raw_rsi_ex-cross_rsi_sm-wilder_same_b-allowe_warmup-ready_: cached
[1650/2367] BANK2_OM-B_buys_first__T_cross_-today__input_-raw_rsi_ex-cross_rsi_sm-wilder_same_b-wait_b_warmup-strict: cached
[1651/2367] BANK2_OM-B_buys_first__T_cross_-today__input_-raw_rsi_ex-cross_rsi_sm-wilder_same_b-wait_b_warmup-ready_: cached
[1652/2367] BANK2_OM-B_buys_first__T_cross_-today__input_-raw_rsi_ex-cross_rsi_sm-simple_same_b-allowe_warmup-strict: cached
[1653/2367] BANK2_OM-B_buys_first__T_cross_-today__input_-raw_rsi_ex-cross_rsi_sm-simple_same_b-allowe_warmup-ready_: cached
[1654/2367] BANK2_OM-B_buys_first__T_cross_-today__input_-raw_rsi_ex-cross_rsi_sm-simple_same_b-wait_b_warmup-strict: cached
[1655/2367] BANK2_OM-B_buys_first__T_cross_-today__input_-raw_rsi_ex-cross_rsi_sm-simple_same_b-wait_b_warmup-ready_: cached
[1656/2367] BANK2_OM-B_buys_first__OAT_a_exec-set_holdings: cached
[1657/2367] BANK2_OM-B_buys_first__SPOT_all_excluded_off: cached
[1658/2367] BANK2_OM-C_parallel__ref: cached
[1659/2367] BANK2_OM-C_parallel__T_cross_-both_d_input_-adjust_rsi_ex-level_rsi_sm-wilder_same_b-allowe_warmup-ready_: cached
[1660/2367] BANK2_OM-C_parallel__T_cross_-both_d_input_-adjust_rsi_ex-level_rsi_sm-wilder_same_b-wait_b_warmup-strict: cached
[1661/2367] BANK2_OM-C_parallel__T_cross_-both_d_input_-adjust_rsi_ex-level_rsi_sm-wilder_same_b-wait_b_warmup-ready_: cached
[1662/2367] BANK2_OM-C_parallel__T_cross_-both_d_input_-adjust_rsi_ex-level_rsi_sm-simple_same_b-allowe_warmup-strict: cached
[1663/2367] BANK2_OM-C_parallel__T_cross_-both_d_input_-adjust_rsi_ex-level_rsi_sm-simple_same_b-allowe_warmup-ready_: cached
[1664/2367] BANK2_OM-C_parallel__T_cross_-both_d_input_-adjust_rsi_ex-level_rsi_sm-simple_same_b-wait_b_warmup-strict: cached
[1665/2367] BANK2_OM-C_parallel__T_cross_-both_d_input_-adjust_rsi_ex-level_rsi_sm-simple_same_b-wait_b_warmup-ready_: cached
[1666/2367] BANK2_OM-C_parallel__T_cross_-both_d_input_-adjust_rsi_ex-cross_rsi_sm-wilder_same_b-allowe_warmup-strict: cached
[1667/2367] BANK2_OM-C_parallel__T_cross_-both_d_input_-adjust_rsi_ex-cross_rsi_sm-wilder_same_b-allowe_warmup-ready_: cached
[1668/2367] BANK2_OM-C_parallel__T_cross_-both_d_input_-adjust_rsi_ex-cross_rsi_sm-wilder_same_b-wait_b_warmup-strict: cached
[1669/2367] BANK2_OM-C_parallel__T_cross_-both_d_input_-adjust_rsi_ex-cross_rsi_sm-wilder_same_b-wait_b_warmup-ready_: cached
[1670/2367] BANK2_OM-C_parallel__T_cross_-both_d_input_-adjust_rsi_ex-cross_rsi_sm-simple_same_b-allowe_warmup-strict: cached
[1671/2367] BANK2_OM-C_parallel__T_cross_-both_d_input_-adjust_rsi_ex-cross_rsi_sm-simple_same_b-allowe_warmup-ready_: cached
[1672/2367] BANK2_OM-C_parallel__T_cross_-both_d_input_-adjust_rsi_ex-cross_rsi_sm-simple_same_b-wait_b_warmup-strict: cached
[1673/2367] BANK2_OM-C_parallel__T_cross_-both_d_input_-adjust_rsi_ex-cross_rsi_sm-simple_same_b-wait_b_warmup-ready_: cached
[1674/2367] BANK2_OM-C_parallel__T_cross_-both_d_input_-raw_rsi_ex-level_rsi_sm-wilder_same_b-allowe_warmup-strict: cached
[1675/2367] BANK2_OM-C_parallel__T_cross_-both_d_input_-raw_rsi_ex-level_rsi_sm-wilder_same_b-allowe_warmup-ready_: cached
[1676/2367] BANK2_OM-C_parallel__T_cross_-both_d_input_-raw_rsi_ex-level_rsi_sm-wilder_same_b-wait_b_warmup-strict: cached
[1677/2367] BANK2_OM-C_parallel__T_cross_-both_d_input_-raw_rsi_ex-level_rsi_sm-wilder_same_b-wait_b_warmup-ready_: cached
[1678/2367] BANK2_OM-C_parallel__T_cross_-both_d_input_-raw_rsi_ex-level_rsi_sm-simple_same_b-allowe_warmup-strict: cached
[1679/2367] BANK2_OM-C_parallel__T_cross_-both_d_input_-raw_rsi_ex-level_rsi_sm-simple_same_b-allowe_warmup-ready_: cached
[1680/2367] BANK2_OM-C_parallel__T_cross_-both_d_input_-raw_rsi_ex-level_rsi_sm-simple_same_b-wait_b_warmup-strict: cached
[1681/2367] BANK2_OM-C_parallel__T_cross_-both_d_input_-raw_rsi_ex-level_rsi_sm-simple_same_b-wait_b_warmup-ready_: cached
[1682/2367] BANK2_OM-C_parallel__T_cross_-both_d_input_-raw_rsi_ex-cross_rsi_sm-wilder_same_b-allowe_warmup-strict: cached
[1683/2367] BANK2_OM-C_parallel__T_cross_-both_d_input_-raw_rsi_ex-cross_rsi_sm-wilder_same_b-allowe_warmup-ready_: cached
[1684/2367] BANK2_OM-C_parallel__T_cross_-both_d_input_-raw_rsi_ex-cross_rsi_sm-wilder_same_b-wait_b_warmup-strict: cached
[1685/2367] BANK2_OM-C_parallel__T_cross_-both_d_input_-raw_rsi_ex-cross_rsi_sm-wilder_same_b-wait_b_warmup-ready_: cached
[1686/2367] BANK2_OM-C_parallel__T_cross_-both_d_input_-raw_rsi_ex-cross_rsi_sm-simple_same_b-allowe_warmup-strict: cached
[1687/2367] BANK2_OM-C_parallel__T_cross_-both_d_input_-raw_rsi_ex-cross_rsi_sm-simple_same_b-allowe_warmup-ready_: cached
[1688/2367] BANK2_OM-C_parallel__T_cross_-both_d_input_-raw_rsi_ex-cross_rsi_sm-simple_same_b-wait_b_warmup-strict: cached
[1689/2367] BANK2_OM-C_parallel__T_cross_-both_d_input_-raw_rsi_ex-cross_rsi_sm-simple_same_b-wait_b_warmup-ready_: cached
[1690/2367] BANK2_OM-C_parallel__T_cross_-today__input_-adjust_rsi_ex-level_rsi_sm-wilder_same_b-allowe_warmup-strict: cached
[1691/2367] BANK2_OM-C_parallel__T_cross_-today__input_-adjust_rsi_ex-level_rsi_sm-wilder_same_b-allowe_warmup-ready_: cached
[1692/2367] BANK2_OM-C_parallel__T_cross_-today__input_-adjust_rsi_ex-level_rsi_sm-wilder_same_b-wait_b_warmup-strict: cached
[1693/2367] BANK2_OM-C_parallel__T_cross_-today__input_-adjust_rsi_ex-level_rsi_sm-wilder_same_b-wait_b_warmup-ready_: cached
[1694/2367] BANK2_OM-C_parallel__T_cross_-today__input_-adjust_rsi_ex-level_rsi_sm-simple_same_b-allowe_warmup-strict: cached
[1695/2367] BANK2_OM-C_parallel__T_cross_-today__input_-adjust_rsi_ex-level_rsi_sm-simple_same_b-allowe_warmup-ready_: cached
[1696/2367] BANK2_OM-C_parallel__T_cross_-today__input_-adjust_rsi_ex-level_rsi_sm-simple_same_b-wait_b_warmup-strict: cached
[1697/2367] BANK2_OM-C_parallel__T_cross_-today__input_-adjust_rsi_ex-level_rsi_sm-simple_same_b-wait_b_warmup-ready_: cached
[1698/2367] BANK2_OM-C_parallel__T_cross_-today__input_-adjust_rsi_ex-cross_rsi_sm-wilder_same_b-allowe_warmup-strict: cached
[1699/2367] BANK2_OM-C_parallel__T_cross_-today__input_-adjust_rsi_ex-cross_rsi_sm-wilder_same_b-allowe_warmup-ready_: cached
[1700/2367] BANK2_OM-C_parallel__T_cross_-today__input_-adjust_rsi_ex-cross_rsi_sm-wilder_same_b-wait_b_warmup-strict: cached
[1701/2367] BANK2_OM-C_parallel__T_cross_-today__input_-adjust_rsi_ex-cross_rsi_sm-wilder_same_b-wait_b_warmup-ready_: cached
[1702/2367] BANK2_OM-C_parallel__T_cross_-today__input_-adjust_rsi_ex-cross_rsi_sm-simple_same_b-allowe_warmup-strict: cached
[1703/2367] BANK2_OM-C_parallel__T_cross_-today__input_-adjust_rsi_ex-cross_rsi_sm-simple_same_b-allowe_warmup-ready_: cached
[1704/2367] BANK2_OM-C_parallel__T_cross_-today__input_-adjust_rsi_ex-cross_rsi_sm-simple_same_b-wait_b_warmup-strict: cached
[1705/2367] BANK2_OM-C_parallel__T_cross_-today__input_-adjust_rsi_ex-cross_rsi_sm-simple_same_b-wait_b_warmup-ready_: cached
[1706/2367] BANK2_OM-C_parallel__T_cross_-today__input_-raw_rsi_ex-level_rsi_sm-wilder_same_b-allowe_warmup-strict: cached
[1707/2367] BANK2_OM-C_parallel__T_cross_-today__input_-raw_rsi_ex-level_rsi_sm-wilder_same_b-allowe_warmup-ready_: cached
[1708/2367] BANK2_OM-C_parallel__T_cross_-today__input_-raw_rsi_ex-level_rsi_sm-wilder_same_b-wait_b_warmup-strict: cached
[1709/2367] BANK2_OM-C_parallel__T_cross_-today__input_-raw_rsi_ex-level_rsi_sm-wilder_same_b-wait_b_warmup-ready_: cached
[1710/2367] BANK2_OM-C_parallel__T_cross_-today__input_-raw_rsi_ex-level_rsi_sm-simple_same_b-allowe_warmup-strict: cached
[1711/2367] BANK2_OM-C_parallel__T_cross_-today__input_-raw_rsi_ex-level_rsi_sm-simple_same_b-allowe_warmup-ready_: cached
[1712/2367] BANK2_OM-C_parallel__T_cross_-today__input_-raw_rsi_ex-level_rsi_sm-simple_same_b-wait_b_warmup-strict: cached
[1713/2367] BANK2_OM-C_parallel__T_cross_-today__input_-raw_rsi_ex-level_rsi_sm-simple_same_b-wait_b_warmup-ready_: cached
[1714/2367] BANK2_OM-C_parallel__T_cross_-today__input_-raw_rsi_ex-cross_rsi_sm-wilder_same_b-allowe_warmup-strict: cached
[1715/2367] BANK2_OM-B_buys_first__T_cross_-both_d_input_-adjust_rsi_ex-cross_rsi_sm-simple_same_b-wait_b_warmup-strict: ok fills=270 (31.7s)
[1716/2367] BANK2_OM-C_parallel__T_cross_-today__input_-raw_rsi_ex-cross_rsi_sm-wilder_same_b-wait_b_warmup-strict: cached
[1717/2367] BANK2_OM-C_parallel__T_cross_-today__input_-raw_rsi_ex-cross_rsi_sm-wilder_same_b-wait_b_warmup-ready_: cached
[1718/2367] BANK2_OM-C_parallel__T_cross_-today__input_-raw_rsi_ex-cross_rsi_sm-simple_same_b-allowe_warmup-strict: cached
[1719/2367] BANK2_OM-C_parallel__T_cross_-today__input_-raw_rsi_ex-cross_rsi_sm-simple_same_b-allowe_warmup-ready_: cached
[1720/2367] BANK2_OM-C_parallel__T_cross_-today__input_-raw_rsi_ex-cross_rsi_sm-simple_same_b-wait_b_warmup-strict: cached
[1721/2367] BANK2_OM-C_parallel__T_cross_-today__input_-raw_rsi_ex-cross_rsi_sm-simple_same_b-wait_b_warmup-ready_: cached
[1722/2367] BANK2_OM-C_parallel__OAT_a_exec-set_holdings: cached
[1723/2367] BANK2_OM-C_parallel__SPOT_all_excluded_off: cached
[1724/2367] BANK2_OM-C_race__ref: cached
[1725/2367] BANK2_OM-C_race__T_cross_-both_d_input_-adjust_rsi_ex-level_rsi_sm-wilder_same_b-allowe_warmup-ready_: cached
[1726/2367] BANK2_OM-C_race__T_cross_-both_d_input_-adjust_rsi_ex-level_rsi_sm-wilder_same_b-wait_b_warmup-strict: cached
[1727/2367] BANK2_OM-C_race__T_cross_-both_d_input_-adjust_rsi_ex-level_rsi_sm-wilder_same_b-wait_b_warmup-ready_: cached
[1728/2367] BANK2_OM-C_race__T_cross_-both_d_input_-adjust_rsi_ex-level_rsi_sm-simple_same_b-allowe_warmup-strict: cached
[1729/2367] BANK2_OM-C_race__T_cross_-both_d_input_-adjust_rsi_ex-level_rsi_sm-simple_same_b-allowe_warmup-ready_: cached
[1730/2367] BANK2_OM-C_race__T_cross_-both_d_input_-adjust_rsi_ex-level_rsi_sm-simple_same_b-wait_b_warmup-strict: cached
[1731/2367] BANK2_OM-C_race__T_cross_-both_d_input_-adjust_rsi_ex-level_rsi_sm-simple_same_b-wait_b_warmup-ready_: cached
[1732/2367] BANK2_OM-C_race__T_cross_-both_d_input_-adjust_rsi_ex-cross_rsi_sm-wilder_same_b-allowe_warmup-strict: cached
[1733/2367] BANK2_OM-C_race__T_cross_-both_d_input_-adjust_rsi_ex-cross_rsi_sm-wilder_same_b-allowe_warmup-ready_: cached
[1734/2367] BANK2_OM-C_race__T_cross_-both_d_input_-adjust_rsi_ex-cross_rsi_sm-wilder_same_b-wait_b_warmup-strict: cached
[1735/2367] BANK2_OM-C_race__T_cross_-both_d_input_-adjust_rsi_ex-cross_rsi_sm-wilder_same_b-wait_b_warmup-ready_: cached
[1736/2367] BANK2_OM-C_race__T_cross_-both_d_input_-adjust_rsi_ex-cross_rsi_sm-simple_same_b-allowe_warmup-strict: cached
[1737/2367] BANK2_OM-C_race__T_cross_-both_d_input_-adjust_rsi_ex-cross_rsi_sm-simple_same_b-allowe_warmup-ready_: cached
[1738/2367] BANK2_OM-C_race__T_cross_-both_d_input_-adjust_rsi_ex-cross_rsi_sm-simple_same_b-wait_b_warmup-strict: cached
[1739/2367] BANK2_OM-C_race__T_cross_-both_d_input_-adjust_rsi_ex-cross_rsi_sm-simple_same_b-wait_b_warmup-ready_: cached
[1740/2367] BANK2_OM-C_race__T_cross_-both_d_input_-raw_rsi_ex-level_rsi_sm-wilder_same_b-allowe_warmup-strict: cached
[1741/2367] BANK2_OM-C_race__T_cross_-both_d_input_-raw_rsi_ex-level_rsi_sm-wilder_same_b-allowe_warmup-ready_: cached
[1742/2367] BANK2_OM-C_race__T_cross_-both_d_input_-raw_rsi_ex-level_rsi_sm-wilder_same_b-wait_b_warmup-strict: cached
[1743/2367] BANK2_OM-C_race__T_cross_-both_d_input_-raw_rsi_ex-level_rsi_sm-wilder_same_b-wait_b_warmup-ready_: cached
[1744/2367] BANK2_OM-C_race__T_cross_-both_d_input_-raw_rsi_ex-level_rsi_sm-simple_same_b-allowe_warmup-strict: cached
[1745/2367] BANK2_OM-B_buys_first__T_cross_-today__input_-adjust_rsi_ex-level_rsi_sm-wilder_same_b-allowe_warmup-strict: ok fills=262 (31.3s)
[1746/2367] BANK2_OM-C_race__T_cross_-both_d_input_-raw_rsi_ex-level_rsi_sm-simple_same_b-wait_b_warmup-strict: cached
[1747/2367] BANK2_OM-C_race__T_cross_-both_d_input_-raw_rsi_ex-level_rsi_sm-simple_same_b-wait_b_warmup-ready_: cached
[1748/2367] BANK2_OM-C_race__T_cross_-both_d_input_-raw_rsi_ex-cross_rsi_sm-wilder_same_b-allowe_warmup-strict: cached
[1749/2367] BANK2_OM-C_race__T_cross_-both_d_input_-raw_rsi_ex-cross_rsi_sm-wilder_same_b-allowe_warmup-ready_: cached
[1750/2367] BANK2_OM-C_race__T_cross_-both_d_input_-raw_rsi_ex-cross_rsi_sm-wilder_same_b-wait_b_warmup-strict: cached
[1751/2367] BANK2_OM-C_race__T_cross_-both_d_input_-raw_rsi_ex-cross_rsi_sm-wilder_same_b-wait_b_warmup-ready_: cached
[1752/2367] BANK2_OM-C_race__T_cross_-both_d_input_-raw_rsi_ex-cross_rsi_sm-simple_same_b-allowe_warmup-strict: cached
[1753/2367] BANK2_OM-C_race__T_cross_-both_d_input_-raw_rsi_ex-cross_rsi_sm-simple_same_b-allowe_warmup-ready_: cached
[1754/2367] BANK2_OM-C_race__T_cross_-both_d_input_-raw_rsi_ex-cross_rsi_sm-simple_same_b-wait_b_warmup-strict: cached
[1755/2367] BANK2_OM-C_race__T_cross_-both_d_input_-raw_rsi_ex-cross_rsi_sm-simple_same_b-wait_b_warmup-ready_: cached
[1756/2367] BANK2_OM-C_race__T_cross_-today__input_-adjust_rsi_ex-level_rsi_sm-wilder_same_b-allowe_warmup-strict: cached
[1757/2367] BANK2_OM-C_race__T_cross_-today__input_-adjust_rsi_ex-level_rsi_sm-wilder_same_b-allowe_warmup-ready_: cached
[1758/2367] BANK2_OM-C_race__T_cross_-today__input_-adjust_rsi_ex-level_rsi_sm-wilder_same_b-wait_b_warmup-strict: cached
[1759/2367] BANK2_OM-C_race__T_cross_-today__input_-adjust_rsi_ex-level_rsi_sm-wilder_same_b-wait_b_warmup-ready_: cached
[1760/2367] BANK2_OM-C_race__T_cross_-today__input_-adjust_rsi_ex-level_rsi_sm-simple_same_b-allowe_warmup-strict: cached
[1761/2367] BANK2_OM-C_race__T_cross_-today__input_-adjust_rsi_ex-level_rsi_sm-simple_same_b-allowe_warmup-ready_: cached
[1762/2367] BANK2_OM-C_race__T_cross_-today__input_-adjust_rsi_ex-level_rsi_sm-simple_same_b-wait_b_warmup-strict: cached
[1763/2367] BANK2_OM-C_race__T_cross_-today__input_-adjust_rsi_ex-level_rsi_sm-simple_same_b-wait_b_warmup-ready_: cached
[1764/2367] BANK2_OM-C_race__T_cross_-today__input_-adjust_rsi_ex-cross_rsi_sm-wilder_same_b-allowe_warmup-strict: cached
[1765/2367] BANK2_OM-C_race__T_cross_-today__input_-adjust_rsi_ex-cross_rsi_sm-wilder_same_b-allowe_warmup-ready_: cached
[1766/2367] BANK2_OM-C_race__T_cross_-today__input_-adjust_rsi_ex-cross_rsi_sm-wilder_same_b-wait_b_warmup-strict: cached
[1767/2367] BANK2_OM-C_race__T_cross_-today__input_-adjust_rsi_ex-cross_rsi_sm-wilder_same_b-wait_b_warmup-ready_: cached
[1768/2367] BANK2_OM-C_race__T_cross_-today__input_-adjust_rsi_ex-cross_rsi_sm-simple_same_b-allowe_warmup-strict: cached
[1769/2367] BANK2_OM-C_race__T_cross_-today__input_-adjust_rsi_ex-cross_rsi_sm-simple_same_b-allowe_warmup-ready_: cached
[1770/2367] BANK2_OM-C_race__T_cross_-today__input_-adjust_rsi_ex-cross_rsi_sm-simple_same_b-wait_b_warmup-strict: cached
[1771/2367] BANK2_OM-C_race__T_cross_-today__input_-adjust_rsi_ex-cross_rsi_sm-simple_same_b-wait_b_warmup-ready_: cached
[1772/2367] BANK2_OM-C_race__T_cross_-today__input_-raw_rsi_ex-level_rsi_sm-wilder_same_b-allowe_warmup-strict: cached
[1773/2367] BANK2_OM-C_race__T_cross_-today__input_-raw_rsi_ex-level_rsi_sm-wilder_same_b-allowe_warmup-ready_: cached
[1774/2367] BANK2_OM-C_race__T_cross_-today__input_-raw_rsi_ex-level_rsi_sm-wilder_same_b-wait_b_warmup-strict: cached
[1775/2367] BANK2_OM-C_race__T_cross_-today__input_-raw_rsi_ex-level_rsi_sm-wilder_same_b-wait_b_warmup-ready_: cached
[1776/2367] BANK2_OM-C_race__T_cross_-today__input_-raw_rsi_ex-level_rsi_sm-simple_same_b-allowe_warmup-strict: cached
[1777/2367] BANK2_OM-C_race__T_cross_-today__input_-raw_rsi_ex-level_rsi_sm-simple_same_b-allowe_warmup-ready_: cached
[1778/2367] BANK2_OM-C_race__T_cross_-today__input_-raw_rsi_ex-level_rsi_sm-simple_same_b-wait_b_warmup-strict: cached
[1779/2367] BANK2_OM-C_race__T_cross_-today__input_-raw_rsi_ex-level_rsi_sm-simple_same_b-wait_b_warmup-ready_: cached
[1780/2367] BANK2_OM-C_race__T_cross_-today__input_-raw_rsi_ex-cross_rsi_sm-wilder_same_b-allowe_warmup-strict: cached
[1781/2367] BANK2_OM-C_race__T_cross_-today__input_-raw_rsi_ex-cross_rsi_sm-wilder_same_b-allowe_warmup-ready_: cached
[1782/2367] BANK2_OM-C_race__T_cross_-today__input_-raw_rsi_ex-cross_rsi_sm-wilder_same_b-wait_b_warmup-strict: cached
[1783/2367] BANK2_OM-C_race__T_cross_-today__input_-raw_rsi_ex-cross_rsi_sm-wilder_same_b-wait_b_warmup-ready_: cached
[1784/2367] BANK2_OM-C_race__T_cross_-today__input_-raw_rsi_ex-cross_rsi_sm-simple_same_b-allowe_warmup-strict: cached
[1785/2367] BANK2_OM-C_race__T_cross_-today__input_-raw_rsi_ex-cross_rsi_sm-simple_same_b-allowe_warmup-ready_: cached
[1786/2367] BANK2_OM-C_race__T_cross_-today__input_-raw_rsi_ex-cross_rsi_sm-simple_same_b-wait_b_warmup-strict: cached
[1787/2367] BANK2_OM-C_race__T_cross_-today__input_-raw_rsi_ex-cross_rsi_sm-simple_same_b-wait_b_warmup-ready_: cached
[1788/2367] BANK2_OM-C_race__OAT_a_exec-set_holdings: cached
[1789/2367] BANK2_OM-C_race__SPOT_all_excluded_off: cached
[1790/2367] BANK2_OM-C_sequence__ref: cached
[1791/2367] BANK2_OM-C_sequence__T_cross_-both_d_input_-adjust_rsi_ex-level_rsi_sm-wilder_same_b-allowe_warmup-ready_: cached
[1792/2367] BANK2_OM-C_sequence__T_cross_-both_d_input_-adjust_rsi_ex-level_rsi_sm-wilder_same_b-wait_b_warmup-strict: cached
[1793/2367] BANK2_OM-C_sequence__T_cross_-both_d_input_-adjust_rsi_ex-level_rsi_sm-wilder_same_b-wait_b_warmup-ready_: cached
[1794/2367] BANK2_OM-C_sequence__T_cross_-both_d_input_-adjust_rsi_ex-level_rsi_sm-simple_same_b-allowe_warmup-strict: cached
[1795/2367] BANK2_OM-C_sequence__T_cross_-both_d_input_-adjust_rsi_ex-level_rsi_sm-simple_same_b-allowe_warmup-ready_: cached
[1796/2367] BANK2_OM-C_sequence__T_cross_-both_d_input_-adjust_rsi_ex-level_rsi_sm-simple_same_b-wait_b_warmup-strict: cached
[1797/2367] BANK2_OM-C_sequence__T_cross_-both_d_input_-adjust_rsi_ex-level_rsi_sm-simple_same_b-wait_b_warmup-ready_: cached
[1798/2367] BANK2_OM-C_sequence__T_cross_-both_d_input_-adjust_rsi_ex-cross_rsi_sm-wilder_same_b-allowe_warmup-strict: cached
[1799/2367] BANK2_OM-C_sequence__T_cross_-both_d_input_-adjust_rsi_ex-cross_rsi_sm-wilder_same_b-allowe_warmup-ready_: cached
[1800/2367] BANK2_OM-C_sequence__T_cross_-both_d_input_-adjust_rsi_ex-cross_rsi_sm-wilder_same_b-wait_b_warmup-strict: cached
[1801/2367] BANK2_OM-C_sequence__T_cross_-both_d_input_-adjust_rsi_ex-cross_rsi_sm-wilder_same_b-wait_b_warmup-ready_: cached
[1802/2367] BANK2_OM-C_sequence__T_cross_-both_d_input_-adjust_rsi_ex-cross_rsi_sm-simple_same_b-allowe_warmup-strict: cached
[1803/2367] BANK2_OM-C_sequence__T_cross_-both_d_input_-adjust_rsi_ex-cross_rsi_sm-simple_same_b-allowe_warmup-ready_: cached
[1804/2367] BANK2_OM-C_sequence__T_cross_-both_d_input_-adjust_rsi_ex-cross_rsi_sm-simple_same_b-wait_b_warmup-strict: cached
[1805/2367] BANK2_OM-C_sequence__T_cross_-both_d_input_-adjust_rsi_ex-cross_rsi_sm-simple_same_b-wait_b_warmup-ready_: cached
[1806/2367] BANK2_OM-C_sequence__T_cross_-both_d_input_-raw_rsi_ex-level_rsi_sm-wilder_same_b-allowe_warmup-strict: cached
[1807/2367] BANK2_OM-C_sequence__T_cross_-both_d_input_-raw_rsi_ex-level_rsi_sm-wilder_same_b-allowe_warmup-ready_: cached
[1808/2367] BANK2_OM-C_sequence__T_cross_-both_d_input_-raw_rsi_ex-level_rsi_sm-wilder_same_b-wait_b_warmup-strict: cached
[1809/2367] BANK2_OM-C_sequence__T_cross_-both_d_input_-raw_rsi_ex-level_rsi_sm-wilder_same_b-wait_b_warmup-ready_: cached
[1810/2367] BANK2_OM-C_sequence__T_cross_-both_d_input_-raw_rsi_ex-level_rsi_sm-simple_same_b-allowe_warmup-strict: cached
[1811/2367] BANK2_OM-C_sequence__T_cross_-both_d_input_-raw_rsi_ex-level_rsi_sm-simple_same_b-allowe_warmup-ready_: cached
[1812/2367] BANK2_OM-C_sequence__T_cross_-both_d_input_-raw_rsi_ex-level_rsi_sm-simple_same_b-wait_b_warmup-strict: cached
[1813/2367] BANK2_OM-C_sequence__T_cross_-both_d_input_-raw_rsi_ex-level_rsi_sm-simple_same_b-wait_b_warmup-ready_: cached
[1814/2367] BANK2_OM-C_sequence__T_cross_-both_d_input_-raw_rsi_ex-cross_rsi_sm-wilder_same_b-allowe_warmup-strict: cached
[1815/2367] BANK2_OM-C_sequence__T_cross_-both_d_input_-raw_rsi_ex-cross_rsi_sm-wilder_same_b-allowe_warmup-ready_: cached
[1816/2367] BANK2_OM-C_sequence__T_cross_-both_d_input_-raw_rsi_ex-cross_rsi_sm-wilder_same_b-wait_b_warmup-strict: cached
[1817/2367] BANK2_OM-C_sequence__T_cross_-both_d_input_-raw_rsi_ex-cross_rsi_sm-wilder_same_b-wait_b_warmup-ready_: cached
[1818/2367] BANK2_OM-C_sequence__T_cross_-both_d_input_-raw_rsi_ex-cross_rsi_sm-simple_same_b-allowe_warmup-strict: cached
[1819/2367] BANK2_OM-C_sequence__T_cross_-both_d_input_-raw_rsi_ex-cross_rsi_sm-simple_same_b-allowe_warmup-ready_: cached
[1820/2367] BANK2_OM-C_sequence__T_cross_-both_d_input_-raw_rsi_ex-cross_rsi_sm-simple_same_b-wait_b_warmup-strict: cached
[1821/2367] BANK2_OM-B_buys_first__T_cross_-today__input_-raw_rsi_ex-level_rsi_sm-wilder_same_b-wait_b_warmup-ready_: ok fills=258 (27.4s)
[1822/2367] BANK2_OM-C_sequence__T_cross_-today__input_-adjust_rsi_ex-level_rsi_sm-wilder_same_b-allowe_warmup-strict: cached
[1823/2367] BANK2_OM-C_sequence__T_cross_-today__input_-adjust_rsi_ex-level_rsi_sm-wilder_same_b-allowe_warmup-ready_: cached
[1824/2367] BANK2_OM-C_sequence__T_cross_-today__input_-adjust_rsi_ex-level_rsi_sm-wilder_same_b-wait_b_warmup-strict: cached
[1825/2367] BANK2_OM-C_sequence__T_cross_-today__input_-adjust_rsi_ex-level_rsi_sm-wilder_same_b-wait_b_warmup-ready_: cached
[1826/2367] BANK2_OM-C_sequence__T_cross_-today__input_-adjust_rsi_ex-level_rsi_sm-simple_same_b-allowe_warmup-strict: cached
[1827/2367] BANK2_OM-C_sequence__T_cross_-today__input_-adjust_rsi_ex-level_rsi_sm-simple_same_b-allowe_warmup-ready_: cached
[1828/2367] BANK2_OM-C_sequence__T_cross_-today__input_-adjust_rsi_ex-level_rsi_sm-simple_same_b-wait_b_warmup-strict: cached
[1829/2367] BANK2_OM-C_sequence__T_cross_-today__input_-adjust_rsi_ex-level_rsi_sm-simple_same_b-wait_b_warmup-ready_: cached
[1830/2367] BANK2_OM-C_sequence__T_cross_-today__input_-adjust_rsi_ex-cross_rsi_sm-wilder_same_b-allowe_warmup-strict: cached
[1831/2367] BANK2_OM-C_sequence__T_cross_-today__input_-adjust_rsi_ex-cross_rsi_sm-wilder_same_b-allowe_warmup-ready_: cached
[1832/2367] BANK2_OM-C_sequence__T_cross_-today__input_-adjust_rsi_ex-cross_rsi_sm-wilder_same_b-wait_b_warmup-strict: cached
[1833/2367] BANK2_OM-C_sequence__T_cross_-today__input_-adjust_rsi_ex-cross_rsi_sm-wilder_same_b-wait_b_warmup-ready_: cached
[1834/2367] BANK2_OM-C_sequence__T_cross_-today__input_-adjust_rsi_ex-cross_rsi_sm-simple_same_b-allowe_warmup-strict: cached
[1835/2367] BANK2_OM-C_sequence__T_cross_-today__input_-adjust_rsi_ex-cross_rsi_sm-simple_same_b-allowe_warmup-ready_: cached
[1836/2367] BANK2_OM-C_sequence__T_cross_-today__input_-adjust_rsi_ex-cross_rsi_sm-simple_same_b-wait_b_warmup-strict: cached
[1837/2367] BANK2_OM-C_sequence__T_cross_-today__input_-adjust_rsi_ex-cross_rsi_sm-simple_same_b-wait_b_warmup-ready_: cached
[1838/2367] BANK2_OM-C_sequence__T_cross_-today__input_-raw_rsi_ex-level_rsi_sm-wilder_same_b-allowe_warmup-strict: cached
[1839/2367] BANK2_OM-C_sequence__T_cross_-today__input_-raw_rsi_ex-level_rsi_sm-wilder_same_b-allowe_warmup-ready_: cached
[1840/2367] BANK2_OM-C_sequence__T_cross_-today__input_-raw_rsi_ex-level_rsi_sm-wilder_same_b-wait_b_warmup-strict: cached
[1841/2367] BANK2_OM-C_sequence__T_cross_-today__input_-raw_rsi_ex-level_rsi_sm-wilder_same_b-wait_b_warmup-ready_: cached
[1842/2367] BANK2_OM-C_sequence__T_cross_-today__input_-raw_rsi_ex-level_rsi_sm-simple_same_b-allowe_warmup-strict: cached
[1843/2367] BANK2_OM-C_sequence__T_cross_-today__input_-raw_rsi_ex-level_rsi_sm-simple_same_b-allowe_warmup-ready_: cached
[1844/2367] BANK2_OM-C_sequence__T_cross_-today__input_-raw_rsi_ex-level_rsi_sm-simple_same_b-wait_b_warmup-strict: cached
[1845/2367] BANK2_OM-C_sequence__T_cross_-today__input_-raw_rsi_ex-level_rsi_sm-simple_same_b-wait_b_warmup-ready_: cached
[1846/2367] BANK2_OM-C_sequence__T_cross_-today__input_-raw_rsi_ex-cross_rsi_sm-wilder_same_b-allowe_warmup-strict: cached
[1847/2367] BANK2_OM-C_sequence__T_cross_-today__input_-raw_rsi_ex-cross_rsi_sm-wilder_same_b-allowe_warmup-ready_: cached
[1848/2367] BANK2_OM-C_sequence__T_cross_-today__input_-raw_rsi_ex-cross_rsi_sm-wilder_same_b-wait_b_warmup-strict: cached
[1849/2367] BANK2_OM-C_sequence__T_cross_-today__input_-raw_rsi_ex-cross_rsi_sm-wilder_same_b-wait_b_warmup-ready_: cached
[1850/2367] BANK2_OM-C_sequence__T_cross_-today__input_-raw_rsi_ex-cross_rsi_sm-simple_same_b-allowe_warmup-strict: cached
[1851/2367] BANK2_OM-C_sequence__T_cross_-today__input_-raw_rsi_ex-cross_rsi_sm-simple_same_b-allowe_warmup-ready_: cached
[1852/2367] BANK2_OM-C_sequence__T_cross_-today__input_-raw_rsi_ex-cross_rsi_sm-simple_same_b-wait_b_warmup-strict: cached
[1853/2367] BANK2_OM-C_sequence__T_cross_-today__input_-raw_rsi_ex-cross_rsi_sm-simple_same_b-wait_b_warmup-ready_: cached
[1854/2367] BANK2_OM-C_sequence__OAT_a_exec-set_holdings: cached
[1855/2367] BANK2_OM-C_sequence__SPOT_all_excluded_off: cached
[1856/2367] BANK2_OM-C_shared_state__ref: cached
[1857/2367] BANK2_OM-C_shared_state__T_cross_-both_d_input_-adjust_rsi_ex-level_rsi_sm-wilder_same_b-allowe_warmup-ready_: cached
[1858/2367] BANK2_OM-C_shared_state__T_cross_-both_d_input_-adjust_rsi_ex-level_rsi_sm-wilder_same_b-wait_b_warmup-strict: cached
[1859/2367] BANK2_OM-C_shared_state__T_cross_-both_d_input_-adjust_rsi_ex-level_rsi_sm-wilder_same_b-wait_b_warmup-ready_: cached
[1860/2367] BANK2_OM-C_shared_state__T_cross_-both_d_input_-adjust_rsi_ex-level_rsi_sm-simple_same_b-allowe_warmup-strict: cached
[1861/2367] BANK2_OM-C_shared_state__T_cross_-both_d_input_-adjust_rsi_ex-level_rsi_sm-simple_same_b-allowe_warmup-ready_: cached
[1862/2367] BANK2_OM-C_shared_state__T_cross_-both_d_input_-adjust_rsi_ex-level_rsi_sm-simple_same_b-wait_b_warmup-strict: cached
[1863/2367] BANK2_OM-C_shared_state__T_cross_-both_d_input_-adjust_rsi_ex-level_rsi_sm-simple_same_b-wait_b_warmup-ready_: cached
[1864/2367] BANK2_OM-C_shared_state__T_cross_-both_d_input_-adjust_rsi_ex-cross_rsi_sm-wilder_same_b-allowe_warmup-strict: cached
[1865/2367] BANK2_OM-C_shared_state__T_cross_-both_d_input_-adjust_rsi_ex-cross_rsi_sm-wilder_same_b-allowe_warmup-ready_: cached
[1866/2367] BANK2_OM-C_shared_state__T_cross_-both_d_input_-adjust_rsi_ex-cross_rsi_sm-wilder_same_b-wait_b_warmup-strict: cached
[1867/2367] BANK2_OM-C_shared_state__T_cross_-both_d_input_-adjust_rsi_ex-cross_rsi_sm-wilder_same_b-wait_b_warmup-ready_: cached
[1868/2367] BANK2_OM-C_shared_state__T_cross_-both_d_input_-adjust_rsi_ex-cross_rsi_sm-simple_same_b-allowe_warmup-strict: cached
[1869/2367] BANK2_OM-C_shared_state__T_cross_-both_d_input_-adjust_rsi_ex-cross_rsi_sm-simple_same_b-allowe_warmup-ready_: cached
[1870/2367] BANK2_OM-C_shared_state__T_cross_-both_d_input_-adjust_rsi_ex-cross_rsi_sm-simple_same_b-wait_b_warmup-strict: cached
[1871/2367] BANK2_OM-C_parallel__T_cross_-today__input_-raw_rsi_ex-cross_rsi_sm-wilder_same_b-allowe_warmup-ready_: ok fills=258 (27.2s)
[1872/2367] BANK2_OM-C_shared_state__T_cross_-both_d_input_-raw_rsi_ex-level_rsi_sm-wilder_same_b-allowe_warmup-strict: cached
[1873/2367] BANK2_OM-C_shared_state__T_cross_-both_d_input_-raw_rsi_ex-level_rsi_sm-wilder_same_b-allowe_warmup-ready_: cached
[1874/2367] BANK2_OM-C_shared_state__T_cross_-both_d_input_-raw_rsi_ex-level_rsi_sm-wilder_same_b-wait_b_warmup-strict: cached
[1875/2367] BANK2_OM-C_shared_state__T_cross_-both_d_input_-raw_rsi_ex-level_rsi_sm-wilder_same_b-wait_b_warmup-ready_: cached
[1876/2367] BANK2_OM-C_shared_state__T_cross_-both_d_input_-raw_rsi_ex-level_rsi_sm-simple_same_b-allowe_warmup-strict: cached
[1877/2367] BANK2_OM-C_shared_state__T_cross_-both_d_input_-raw_rsi_ex-level_rsi_sm-simple_same_b-allowe_warmup-ready_: cached
[1878/2367] BANK2_OM-C_shared_state__T_cross_-both_d_input_-raw_rsi_ex-level_rsi_sm-simple_same_b-wait_b_warmup-strict: cached
[1879/2367] BANK2_OM-C_shared_state__T_cross_-both_d_input_-raw_rsi_ex-level_rsi_sm-simple_same_b-wait_b_warmup-ready_: cached
[1880/2367] BANK2_OM-C_shared_state__T_cross_-both_d_input_-raw_rsi_ex-cross_rsi_sm-wilder_same_b-allowe_warmup-strict: cached
[1881/2367] BANK2_OM-C_shared_state__T_cross_-both_d_input_-raw_rsi_ex-cross_rsi_sm-wilder_same_b-allowe_warmup-ready_: cached
[1882/2367] BANK2_OM-C_shared_state__T_cross_-both_d_input_-raw_rsi_ex-cross_rsi_sm-wilder_same_b-wait_b_warmup-strict: cached
[1883/2367] BANK2_OM-C_shared_state__T_cross_-both_d_input_-raw_rsi_ex-cross_rsi_sm-wilder_same_b-wait_b_warmup-ready_: cached
[1884/2367] BANK2_OM-C_race__T_cross_-both_d_input_-raw_rsi_ex-level_rsi_sm-simple_same_b-allowe_warmup-ready_: ok fills=106 (26.9s)
[1885/2367] BANK2_OM-C_shared_state__T_cross_-both_d_input_-raw_rsi_ex-cross_rsi_sm-simple_same_b-allowe_warmup-ready_: cached
[1886/2367] BANK2_OM-C_shared_state__T_cross_-both_d_input_-raw_rsi_ex-cross_rsi_sm-simple_same_b-wait_b_warmup-strict: cached
[1887/2367] BANK2_OM-C_sequence__T_cross_-both_d_input_-raw_rsi_ex-cross_rsi_sm-simple_same_b-wait_b_warmup-ready_: ok fills=106 (27.5s)
[1888/2367] BANK2_OM-C_shared_state__T_cross_-today__input_-adjust_rsi_ex-level_rsi_sm-wilder_same_b-allowe_warmup-strict: cached
[1889/2367] BANK2_OM-C_shared_state__T_cross_-today__input_-adjust_rsi_ex-level_rsi_sm-wilder_same_b-allowe_warmup-ready_: cached
[1890/2367] BANK2_OM-C_shared_state__T_cross_-today__input_-adjust_rsi_ex-level_rsi_sm-wilder_same_b-wait_b_warmup-strict: cached
[1891/2367] BANK2_OM-C_shared_state__T_cross_-today__input_-adjust_rsi_ex-level_rsi_sm-wilder_same_b-wait_b_warmup-ready_: cached
[1892/2367] BANK2_OM-C_shared_state__T_cross_-today__input_-adjust_rsi_ex-level_rsi_sm-simple_same_b-allowe_warmup-strict: cached
[1893/2367] BANK2_OM-C_shared_state__T_cross_-today__input_-adjust_rsi_ex-level_rsi_sm-simple_same_b-allowe_warmup-ready_: cached
[1894/2367] BANK2_OM-C_shared_state__T_cross_-today__input_-adjust_rsi_ex-level_rsi_sm-simple_same_b-wait_b_warmup-strict: cached
[1895/2367] BANK2_OM-C_shared_state__T_cross_-today__input_-adjust_rsi_ex-level_rsi_sm-simple_same_b-wait_b_warmup-ready_: cached
[1896/2367] BANK2_OM-C_shared_state__T_cross_-today__input_-adjust_rsi_ex-cross_rsi_sm-wilder_same_b-allowe_warmup-strict: cached
[1897/2367] BANK2_OM-C_shared_state__T_cross_-today__input_-adjust_rsi_ex-cross_rsi_sm-wilder_same_b-allowe_warmup-ready_: cached
[1898/2367] BANK2_OM-C_shared_state__T_cross_-today__input_-adjust_rsi_ex-cross_rsi_sm-wilder_same_b-wait_b_warmup-strict: cached
[1899/2367] BANK2_OM-C_shared_state__T_cross_-today__input_-adjust_rsi_ex-cross_rsi_sm-wilder_same_b-wait_b_warmup-ready_: cached
[1900/2367] BANK2_OM-C_shared_state__T_cross_-both_d_input_-adjust_rsi_ex-cross_rsi_sm-simple_same_b-wait_b_warmup-ready_: ok fills=173 (32.0s)
[1901/2367] BANK2_OM-C_shared_state__T_cross_-today__input_-adjust_rsi_ex-cross_rsi_sm-simple_same_b-allowe_warmup-ready_: cached
[1902/2367] BANK2_OM-C_shared_state__T_cross_-today__input_-adjust_rsi_ex-cross_rsi_sm-simple_same_b-allowe_warmup-strict: ok fills=189 (31.5s)
[1903/2367] BANK2_OM-C_shared_state__T_cross_-today__input_-adjust_rsi_ex-cross_rsi_sm-simple_same_b-wait_b_warmup-ready_: cached
[1904/2367] BANK2_OM-C_shared_state__T_cross_-today__input_-raw_rsi_ex-level_rsi_sm-wilder_same_b-allowe_warmup-strict: cached
[1905/2367] BANK2_OM-C_shared_state__T_cross_-today__input_-raw_rsi_ex-level_rsi_sm-wilder_same_b-allowe_warmup-ready_: cached
[1906/2367] BANK2_OM-C_shared_state__T_cross_-today__input_-raw_rsi_ex-level_rsi_sm-wilder_same_b-wait_b_warmup-strict: cached
[1907/2367] BANK2_OM-C_shared_state__T_cross_-both_d_input_-raw_rsi_ex-cross_rsi_sm-simple_same_b-wait_b_warmup-ready_: ok fills=173 (32.5s)
[1908/2367] BANK2_OM-C_shared_state__T_cross_-today__input_-raw_rsi_ex-level_rsi_sm-simple_same_b-allowe_warmup-strict: cached
[1909/2367] BANK2_OM-C_shared_state__T_cross_-today__input_-raw_rsi_ex-level_rsi_sm-simple_same_b-allowe_warmup-ready_: cached
[1910/2367] BANK2_OM-C_shared_state__T_cross_-today__input_-raw_rsi_ex-level_rsi_sm-simple_same_b-wait_b_warmup-strict: cached
[1911/2367] BANK2_OM-C_shared_state__T_cross_-today__input_-raw_rsi_ex-level_rsi_sm-simple_same_b-wait_b_warmup-ready_: cached
[1912/2367] BANK2_OM-C_shared_state__T_cross_-today__input_-raw_rsi_ex-cross_rsi_sm-wilder_same_b-allowe_warmup-strict: cached
[1913/2367] BANK2_OM-C_shared_state__T_cross_-today__input_-raw_rsi_ex-cross_rsi_sm-wilder_same_b-allowe_warmup-ready_: cached
[1914/2367] BANK2_OM-C_shared_state__T_cross_-today__input_-raw_rsi_ex-cross_rsi_sm-wilder_same_b-wait_b_warmup-strict: cached
[1915/2367] BANK2_OM-C_shared_state__T_cross_-today__input_-raw_rsi_ex-cross_rsi_sm-wilder_same_b-wait_b_warmup-ready_: cached
[1916/2367] BANK2_OM-C_shared_state__T_cross_-today__input_-raw_rsi_ex-cross_rsi_sm-simple_same_b-allowe_warmup-strict: cached
[1917/2367] BANK2_OM-C_shared_state__T_cross_-today__input_-raw_rsi_ex-cross_rsi_sm-simple_same_b-allowe_warmup-ready_: cached
[1918/2367] BANK2_OM-C_shared_state__T_cross_-today__input_-raw_rsi_ex-cross_rsi_sm-simple_same_b-wait_b_warmup-strict: cached
[1919/2367] BANK2_OM-C_shared_state__T_cross_-today__input_-raw_rsi_ex-cross_rsi_sm-simple_same_b-wait_b_warmup-ready_: cached
[1920/2367] BANK2_OM-C_shared_state__OAT_a_exec-set_holdings: cached
[1921/2367] BANK2_OM-C_shared_state__SPOT_all_excluded_off: cached
[1922/2367] BANK2_PX-01_c5000__ref: cached
[1923/2367] BANK2_PX-01_c5000__T_input_-raw_rsi_ex-level_rsi_sm-wilder_same_b-allowe_warmup-strict: cached
[1924/2367] BANK2_PX-01_c5000__T_input_-adjust_rsi_ex-level_rsi_sm-wilder_same_b-wait_b_warmup-strict: cached
[1925/2367] BANK2_PX-01_c5000__T_input_-raw_rsi_ex-level_rsi_sm-wilder_same_b-wait_b_warmup-strict: cached
[1926/2367] BANK2_PX-01_c5000__T_input_-adjust_rsi_ex-level_rsi_sm-wilder_same_b-allowe_warmup-ready_: cached
[1927/2367] BANK2_PX-01_c5000__T_input_-raw_rsi_ex-level_rsi_sm-wilder_same_b-allowe_warmup-ready_: cached
[1928/2367] BANK2_PX-01_c5000__T_input_-adjust_rsi_ex-level_rsi_sm-wilder_same_b-wait_b_warmup-ready_: cached
[1929/2367] BANK2_PX-01_c5000__T_input_-raw_rsi_ex-level_rsi_sm-wilder_same_b-wait_b_warmup-ready_: cached
[1930/2367] BANK2_PX-01_c5000__T_input_-adjust_rsi_ex-cross_rsi_sm-wilder_same_b-allowe_warmup-strict: cached
[1931/2367] BANK2_PX-01_c5000__T_input_-raw_rsi_ex-cross_rsi_sm-wilder_same_b-allowe_warmup-strict: cached
[1932/2367] BANK2_PX-01_c5000__T_input_-adjust_rsi_ex-cross_rsi_sm-wilder_same_b-wait_b_warmup-strict: cached
[1933/2367] BANK2_PX-01_c5000__T_input_-raw_rsi_ex-cross_rsi_sm-wilder_same_b-wait_b_warmup-strict: cached
[1934/2367] BANK2_PX-01_c5000__T_input_-adjust_rsi_ex-cross_rsi_sm-wilder_same_b-allowe_warmup-ready_: cached
[1935/2367] BANK2_PX-01_c5000__T_input_-raw_rsi_ex-cross_rsi_sm-wilder_same_b-allowe_warmup-ready_: cached
[1936/2367] BANK2_PX-01_c5000__T_input_-adjust_rsi_ex-cross_rsi_sm-wilder_same_b-wait_b_warmup-ready_: cached
[1937/2367] BANK2_PX-01_c5000__T_input_-raw_rsi_ex-cross_rsi_sm-wilder_same_b-wait_b_warmup-ready_: cached
[1938/2367] BANK2_PX-01_c5000__T_input_-adjust_rsi_ex-level_rsi_sm-simple_same_b-allowe_warmup-strict: cached
[1939/2367] BANK2_PX-01_c5000__T_input_-raw_rsi_ex-level_rsi_sm-simple_same_b-allowe_warmup-strict: cached
[1940/2367] BANK2_PX-01_c5000__T_input_-adjust_rsi_ex-level_rsi_sm-simple_same_b-wait_b_warmup-strict: cached
[1941/2367] BANK2_PX-01_c5000__T_input_-raw_rsi_ex-level_rsi_sm-simple_same_b-wait_b_warmup-strict: cached
[1942/2367] BANK2_PX-01_c5000__T_input_-adjust_rsi_ex-level_rsi_sm-simple_same_b-allowe_warmup-ready_: cached
[1943/2367] BANK2_PX-01_c5000__T_input_-raw_rsi_ex-level_rsi_sm-simple_same_b-allowe_warmup-ready_: cached
[1944/2367] BANK2_PX-01_c5000__T_input_-adjust_rsi_ex-level_rsi_sm-simple_same_b-wait_b_warmup-ready_: cached
[1945/2367] BANK2_PX-01_c5000__T_input_-raw_rsi_ex-level_rsi_sm-simple_same_b-wait_b_warmup-ready_: cached
[1946/2367] BANK2_PX-01_c5000__T_input_-adjust_rsi_ex-cross_rsi_sm-simple_same_b-allowe_warmup-strict: cached
[1947/2367] BANK2_PX-01_c5000__T_input_-raw_rsi_ex-cross_rsi_sm-simple_same_b-allowe_warmup-strict: cached
[1948/2367] BANK2_PX-01_c5000__T_input_-adjust_rsi_ex-cross_rsi_sm-simple_same_b-wait_b_warmup-strict: cached
[1949/2367] BANK2_PX-01_c5000__T_input_-raw_rsi_ex-cross_rsi_sm-simple_same_b-wait_b_warmup-strict: cached
[1950/2367] BANK2_PX-01_c5000__T_input_-adjust_rsi_ex-cross_rsi_sm-simple_same_b-allowe_warmup-ready_: cached
[1951/2367] BANK2_PX-01_c5000__T_input_-raw_rsi_ex-cross_rsi_sm-simple_same_b-allowe_warmup-ready_: cached
[1952/2367] BANK2_PX-01_c5000__T_input_-adjust_rsi_ex-cross_rsi_sm-simple_same_b-wait_b_warmup-ready_: cached
[1953/2367] BANK2_PX-01_c5000__T_input_-raw_rsi_ex-cross_rsi_sm-simple_same_b-wait_b_warmup-ready_: cached
[1954/2367] BANK2_PX-01_c5000__OAT_a_exec-set_holdings: cached
[1955/2367] BANK2_PX-01_c5000__OAT_cross_timing-today_ma: cached
[1956/2367] BANK2_PX-01_c5000__SPOT_all_excluded_off: cached
[1957/2367] BANK2_PX-01_c10000__ref: cached
[1958/2367] BANK2_PX-01_c10000__T_input_-raw_rsi_ex-level_rsi_sm-wilder_same_b-allowe_warmup-strict: cached
[1959/2367] BANK2_PX-01_c10000__T_input_-adjust_rsi_ex-level_rsi_sm-wilder_same_b-wait_b_warmup-strict: cached
[1960/2367] BANK2_PX-01_c10000__T_input_-raw_rsi_ex-level_rsi_sm-wilder_same_b-wait_b_warmup-strict: cached
[1961/2367] BANK2_PX-01_c10000__T_input_-adjust_rsi_ex-level_rsi_sm-wilder_same_b-allowe_warmup-ready_: cached
[1962/2367] BANK2_PX-01_c10000__T_input_-raw_rsi_ex-level_rsi_sm-wilder_same_b-allowe_warmup-ready_: cached
[1963/2367] BANK2_PX-01_c10000__T_input_-adjust_rsi_ex-level_rsi_sm-wilder_same_b-wait_b_warmup-ready_: cached
[1964/2367] BANK2_PX-01_c10000__T_input_-raw_rsi_ex-level_rsi_sm-wilder_same_b-wait_b_warmup-ready_: cached
[1965/2367] BANK2_PX-01_c10000__T_input_-adjust_rsi_ex-cross_rsi_sm-wilder_same_b-allowe_warmup-strict: cached
[1966/2367] BANK2_PX-01_c10000__T_input_-raw_rsi_ex-cross_rsi_sm-wilder_same_b-allowe_warmup-strict: cached
[1967/2367] BANK2_PX-01_c10000__T_input_-adjust_rsi_ex-cross_rsi_sm-wilder_same_b-wait_b_warmup-strict: cached
[1968/2367] BANK2_PX-01_c10000__T_input_-raw_rsi_ex-cross_rsi_sm-wilder_same_b-wait_b_warmup-strict: cached
[1969/2367] BANK2_PX-01_c10000__T_input_-adjust_rsi_ex-cross_rsi_sm-wilder_same_b-allowe_warmup-ready_: cached
[1970/2367] BANK2_PX-01_c10000__T_input_-raw_rsi_ex-cross_rsi_sm-wilder_same_b-allowe_warmup-ready_: cached
[1971/2367] BANK2_PX-01_c10000__T_input_-adjust_rsi_ex-cross_rsi_sm-wilder_same_b-wait_b_warmup-ready_: cached
[1972/2367] BANK2_PX-01_c10000__T_input_-raw_rsi_ex-cross_rsi_sm-wilder_same_b-wait_b_warmup-ready_: cached
[1973/2367] BANK2_PX-01_c10000__T_input_-adjust_rsi_ex-level_rsi_sm-simple_same_b-allowe_warmup-strict: cached
[1974/2367] BANK2_PX-01_c10000__T_input_-raw_rsi_ex-level_rsi_sm-simple_same_b-allowe_warmup-strict: cached
[1975/2367] BANK2_PX-01_c10000__T_input_-adjust_rsi_ex-level_rsi_sm-simple_same_b-wait_b_warmup-strict: cached
[1976/2367] BANK2_PX-01_c10000__T_input_-raw_rsi_ex-level_rsi_sm-simple_same_b-wait_b_warmup-strict: cached
[1977/2367] BANK2_PX-01_c10000__T_input_-adjust_rsi_ex-level_rsi_sm-simple_same_b-allowe_warmup-ready_: cached
[1978/2367] BANK2_PX-01_c10000__T_input_-raw_rsi_ex-level_rsi_sm-simple_same_b-allowe_warmup-ready_: cached
[1979/2367] BANK2_PX-01_c10000__T_input_-adjust_rsi_ex-level_rsi_sm-simple_same_b-wait_b_warmup-ready_: cached
[1980/2367] BANK2_PX-01_c10000__T_input_-raw_rsi_ex-level_rsi_sm-simple_same_b-wait_b_warmup-ready_: cached
[1981/2367] BANK2_PX-01_c10000__T_input_-adjust_rsi_ex-cross_rsi_sm-simple_same_b-allowe_warmup-strict: cached
[1982/2367] BANK2_PX-01_c10000__T_input_-raw_rsi_ex-cross_rsi_sm-simple_same_b-allowe_warmup-strict: cached
[1983/2367] BANK2_PX-01_c10000__T_input_-adjust_rsi_ex-cross_rsi_sm-simple_same_b-wait_b_warmup-strict: cached
[1984/2367] BANK2_PX-01_c10000__T_input_-raw_rsi_ex-cross_rsi_sm-simple_same_b-wait_b_warmup-strict: cached
[1985/2367] BANK2_PX-01_c10000__T_input_-adjust_rsi_ex-cross_rsi_sm-simple_same_b-allowe_warmup-ready_: cached
[1986/2367] BANK2_PX-01_c10000__T_input_-raw_rsi_ex-cross_rsi_sm-simple_same_b-allowe_warmup-ready_: cached
[1987/2367] BANK2_PX-01_c10000__T_input_-adjust_rsi_ex-cross_rsi_sm-simple_same_b-wait_b_warmup-ready_: cached
[1988/2367] BANK2_OM-C_shared_state__T_cross_-both_d_input_-raw_rsi_ex-cross_rsi_sm-simple_same_b-allowe_warmup-strict: ok fills=189 (34.5s)
[1989/2367] BANK2_PX-01_c10000__OAT_a_exec-set_holdings: cached
[1990/2367] BANK2_PX-01_c10000__OAT_cross_timing-today_ma: cached
[1991/2367] BANK2_PX-01_c10000__SPOT_all_excluded_off: cached
[1992/2367] BANK2_PX-01_c20000__ref: cached
[1993/2367] BANK2_PX-01_c20000__T_input_-raw_rsi_ex-level_rsi_sm-wilder_same_b-allowe_warmup-strict: cached
[1994/2367] BANK2_PX-01_c20000__T_input_-adjust_rsi_ex-level_rsi_sm-wilder_same_b-wait_b_warmup-strict: cached
[1995/2367] BANK2_PX-01_c20000__T_input_-raw_rsi_ex-level_rsi_sm-wilder_same_b-wait_b_warmup-strict: cached
[1996/2367] BANK2_PX-01_c20000__T_input_-adjust_rsi_ex-level_rsi_sm-wilder_same_b-allowe_warmup-ready_: cached
[1997/2367] BANK2_PX-01_c20000__T_input_-raw_rsi_ex-level_rsi_sm-wilder_same_b-allowe_warmup-ready_: cached
[1998/2367] BANK2_PX-01_c20000__T_input_-adjust_rsi_ex-level_rsi_sm-wilder_same_b-wait_b_warmup-ready_: cached
[1999/2367] BANK2_PX-01_c20000__T_input_-raw_rsi_ex-level_rsi_sm-wilder_same_b-wait_b_warmup-ready_: cached
[2000/2367] BANK2_PX-01_c20000__T_input_-adjust_rsi_ex-cross_rsi_sm-wilder_same_b-allowe_warmup-strict: cached
[2001/2367] BANK2_PX-01_c20000__T_input_-raw_rsi_ex-cross_rsi_sm-wilder_same_b-allowe_warmup-strict: cached
[2002/2367] BANK2_PX-01_c20000__T_input_-adjust_rsi_ex-cross_rsi_sm-wilder_same_b-wait_b_warmup-strict: cached
[2003/2367] BANK2_PX-01_c20000__T_input_-raw_rsi_ex-cross_rsi_sm-wilder_same_b-wait_b_warmup-strict: cached
[2004/2367] BANK2_PX-01_c20000__T_input_-adjust_rsi_ex-cross_rsi_sm-wilder_same_b-allowe_warmup-ready_: cached
[2005/2367] BANK2_PX-01_c20000__T_input_-raw_rsi_ex-cross_rsi_sm-wilder_same_b-allowe_warmup-ready_: cached
[2006/2367] BANK2_PX-01_c20000__T_input_-adjust_rsi_ex-cross_rsi_sm-wilder_same_b-wait_b_warmup-ready_: cached
[2007/2367] BANK2_PX-01_c20000__T_input_-raw_rsi_ex-cross_rsi_sm-wilder_same_b-wait_b_warmup-ready_: cached
[2008/2367] BANK2_PX-01_c20000__T_input_-adjust_rsi_ex-level_rsi_sm-simple_same_b-allowe_warmup-strict: cached
[2009/2367] BANK2_PX-01_c20000__T_input_-raw_rsi_ex-level_rsi_sm-simple_same_b-allowe_warmup-strict: cached
[2010/2367] BANK2_PX-01_c20000__T_input_-adjust_rsi_ex-level_rsi_sm-simple_same_b-wait_b_warmup-strict: cached
[2011/2367] BANK2_PX-01_c20000__T_input_-raw_rsi_ex-level_rsi_sm-simple_same_b-wait_b_warmup-strict: cached
[2012/2367] BANK2_PX-01_c20000__T_input_-adjust_rsi_ex-level_rsi_sm-simple_same_b-allowe_warmup-ready_: cached
[2013/2367] BANK2_PX-01_c20000__T_input_-raw_rsi_ex-level_rsi_sm-simple_same_b-allowe_warmup-ready_: cached
[2014/2367] BANK2_PX-01_c20000__T_input_-adjust_rsi_ex-level_rsi_sm-simple_same_b-wait_b_warmup-ready_: cached
[2015/2367] BANK2_PX-01_c20000__T_input_-raw_rsi_ex-level_rsi_sm-simple_same_b-wait_b_warmup-ready_: cached
[2016/2367] BANK2_PX-01_c20000__T_input_-adjust_rsi_ex-cross_rsi_sm-simple_same_b-allowe_warmup-strict: cached
[2017/2367] BANK2_PX-01_c20000__T_input_-raw_rsi_ex-cross_rsi_sm-simple_same_b-allowe_warmup-strict: cached
[2018/2367] BANK2_PX-01_c20000__T_input_-adjust_rsi_ex-cross_rsi_sm-simple_same_b-wait_b_warmup-strict: cached
[2019/2367] BANK2_PX-01_c20000__T_input_-raw_rsi_ex-cross_rsi_sm-simple_same_b-wait_b_warmup-strict: cached
[2020/2367] BANK2_PX-01_c20000__T_input_-adjust_rsi_ex-cross_rsi_sm-simple_same_b-allowe_warmup-ready_: cached
[2021/2367] BANK2_PX-01_c20000__T_input_-raw_rsi_ex-cross_rsi_sm-simple_same_b-allowe_warmup-ready_: cached
[2022/2367] BANK2_PX-01_c20000__T_input_-adjust_rsi_ex-cross_rsi_sm-simple_same_b-wait_b_warmup-ready_: cached
[2023/2367] BANK2_PX-01_c20000__T_input_-raw_rsi_ex-cross_rsi_sm-simple_same_b-wait_b_warmup-ready_: cached
[2024/2367] BANK2_PX-01_c20000__OAT_a_exec-set_holdings: cached
[2025/2367] BANK2_PX-01_c20000__OAT_cross_timing-today_ma: cached
[2026/2367] BANK2_PX-01_c20000__SPOT_all_excluded_off: cached
[2027/2367] BANK2_PX-01_c50000__ref: cached
[2028/2367] BANK2_PX-01_c50000__T_input_-raw_rsi_ex-level_rsi_sm-wilder_same_b-allowe_warmup-strict: cached
[2029/2367] BANK2_PX-01_c50000__T_input_-adjust_rsi_ex-level_rsi_sm-wilder_same_b-wait_b_warmup-strict: cached
[2030/2367] BANK2_PX-01_c50000__T_input_-raw_rsi_ex-level_rsi_sm-wilder_same_b-wait_b_warmup-strict: cached
[2031/2367] BANK2_PX-01_c50000__T_input_-adjust_rsi_ex-level_rsi_sm-wilder_same_b-allowe_warmup-ready_: cached
[2032/2367] BANK2_PX-01_c50000__T_input_-raw_rsi_ex-level_rsi_sm-wilder_same_b-allowe_warmup-ready_: cached
[2033/2367] BANK2_PX-01_c50000__T_input_-adjust_rsi_ex-level_rsi_sm-wilder_same_b-wait_b_warmup-ready_: cached
[2034/2367] BANK2_PX-01_c50000__T_input_-raw_rsi_ex-level_rsi_sm-wilder_same_b-wait_b_warmup-ready_: cached
[2035/2367] BANK2_PX-01_c50000__T_input_-adjust_rsi_ex-cross_rsi_sm-wilder_same_b-allowe_warmup-strict: cached
[2036/2367] BANK2_PX-01_c50000__T_input_-raw_rsi_ex-cross_rsi_sm-wilder_same_b-allowe_warmup-strict: cached
[2037/2367] BANK2_PX-01_c50000__T_input_-adjust_rsi_ex-cross_rsi_sm-wilder_same_b-wait_b_warmup-strict: cached
[2038/2367] BANK2_PX-01_c50000__T_input_-raw_rsi_ex-cross_rsi_sm-wilder_same_b-wait_b_warmup-strict: cached
[2039/2367] BANK2_PX-01_c50000__T_input_-adjust_rsi_ex-cross_rsi_sm-wilder_same_b-allowe_warmup-ready_: cached
[2040/2367] BANK2_PX-01_c50000__T_input_-raw_rsi_ex-cross_rsi_sm-wilder_same_b-allowe_warmup-ready_: cached
[2041/2367] BANK2_PX-01_c50000__T_input_-adjust_rsi_ex-cross_rsi_sm-wilder_same_b-wait_b_warmup-ready_: cached
[2042/2367] BANK2_PX-01_c50000__T_input_-raw_rsi_ex-cross_rsi_sm-wilder_same_b-wait_b_warmup-ready_: cached
[2043/2367] BANK2_PX-01_c50000__T_input_-adjust_rsi_ex-level_rsi_sm-simple_same_b-allowe_warmup-strict: cached
[2044/2367] BANK2_PX-01_c50000__T_input_-raw_rsi_ex-level_rsi_sm-simple_same_b-allowe_warmup-strict: cached
[2045/2367] BANK2_PX-01_c50000__T_input_-adjust_rsi_ex-level_rsi_sm-simple_same_b-wait_b_warmup-strict: cached
[2046/2367] BANK2_PX-01_c50000__T_input_-raw_rsi_ex-level_rsi_sm-simple_same_b-wait_b_warmup-strict: cached
[2047/2367] BANK2_PX-01_c50000__T_input_-adjust_rsi_ex-level_rsi_sm-simple_same_b-allowe_warmup-ready_: cached
[2048/2367] BANK2_PX-01_c50000__T_input_-raw_rsi_ex-level_rsi_sm-simple_same_b-allowe_warmup-ready_: cached
[2049/2367] BANK2_PX-01_c50000__T_input_-adjust_rsi_ex-level_rsi_sm-simple_same_b-wait_b_warmup-ready_: cached
[2050/2367] BANK2_PX-01_c50000__T_input_-raw_rsi_ex-level_rsi_sm-simple_same_b-wait_b_warmup-ready_: cached
[2051/2367] BANK2_PX-01_c50000__T_input_-adjust_rsi_ex-cross_rsi_sm-simple_same_b-allowe_warmup-strict: cached
[2052/2367] BANK2_PX-01_c50000__T_input_-raw_rsi_ex-cross_rsi_sm-simple_same_b-allowe_warmup-strict: cached
[2053/2367] BANK2_PX-01_c50000__T_input_-adjust_rsi_ex-cross_rsi_sm-simple_same_b-wait_b_warmup-strict: cached
[2054/2367] BANK2_PX-01_c50000__T_input_-raw_rsi_ex-cross_rsi_sm-simple_same_b-wait_b_warmup-strict: cached
[2055/2367] BANK2_PX-01_c50000__T_input_-adjust_rsi_ex-cross_rsi_sm-simple_same_b-allowe_warmup-ready_: cached
[2056/2367] BANK2_PX-01_c50000__T_input_-raw_rsi_ex-cross_rsi_sm-simple_same_b-allowe_warmup-ready_: cached
[2057/2367] BANK2_PX-01_c50000__T_input_-adjust_rsi_ex-cross_rsi_sm-simple_same_b-wait_b_warmup-ready_: cached
[2058/2367] BANK2_PX-01_c50000__T_input_-raw_rsi_ex-cross_rsi_sm-simple_same_b-wait_b_warmup-ready_: cached
[2059/2367] BANK2_PX-01_c50000__OAT_a_exec-set_holdings: cached
[2060/2367] BANK2_PX-01_c50000__OAT_cross_timing-today_ma: cached
[2061/2367] BANK2_PX-01_c50000__SPOT_all_excluded_off: cached
[2062/2367] BANK2_BL-06_skip__ref: cached
[2063/2367] BANK2_BL-06_skip__T_input_-raw_rsi_ex-level_rsi_sm-wilder_same_b-allowe_warmup-strict: cached
[2064/2367] BANK2_BL-06_skip__T_input_-adjust_rsi_ex-level_rsi_sm-wilder_same_b-wait_b_warmup-strict: cached
[2065/2367] BANK2_BL-06_skip__T_input_-raw_rsi_ex-level_rsi_sm-wilder_same_b-wait_b_warmup-strict: cached
[2066/2367] BANK2_OM-C_shared_state__T_cross_-today__input_-adjust_rsi_ex-cross_rsi_sm-simple_same_b-wait_b_warmup-strict: ok fills=266 (27.8s)
[2067/2367] BANK2_BL-06_skip__T_input_-raw_rsi_ex-level_rsi_sm-wilder_same_b-allowe_warmup-ready_: cached
[2068/2367] BANK2_BL-06_skip__T_input_-adjust_rsi_ex-level_rsi_sm-wilder_same_b-wait_b_warmup-ready_: cached
[2069/2367] BANK2_BL-06_skip__T_input_-raw_rsi_ex-level_rsi_sm-wilder_same_b-wait_b_warmup-ready_: cached
[2070/2367] BANK2_BL-06_skip__T_input_-adjust_rsi_ex-cross_rsi_sm-wilder_same_b-allowe_warmup-strict: cached
[2071/2367] BANK2_BL-06_skip__T_input_-raw_rsi_ex-cross_rsi_sm-wilder_same_b-allowe_warmup-strict: cached
[2072/2367] BANK2_BL-06_skip__T_input_-adjust_rsi_ex-cross_rsi_sm-wilder_same_b-wait_b_warmup-strict: cached
[2073/2367] BANK2_BL-06_skip__T_input_-raw_rsi_ex-cross_rsi_sm-wilder_same_b-wait_b_warmup-strict: cached
[2074/2367] BANK2_BL-06_skip__T_input_-adjust_rsi_ex-cross_rsi_sm-wilder_same_b-allowe_warmup-ready_: cached
[2075/2367] BANK2_BL-06_skip__T_input_-raw_rsi_ex-cross_rsi_sm-wilder_same_b-allowe_warmup-ready_: cached
[2076/2367] BANK2_BL-06_skip__T_input_-adjust_rsi_ex-cross_rsi_sm-wilder_same_b-wait_b_warmup-ready_: cached
[2077/2367] BANK2_BL-06_skip__T_input_-raw_rsi_ex-cross_rsi_sm-wilder_same_b-wait_b_warmup-ready_: cached
[2078/2367] BANK2_BL-06_skip__T_input_-adjust_rsi_ex-level_rsi_sm-simple_same_b-allowe_warmup-strict: cached
[2079/2367] BANK2_BL-06_skip__T_input_-raw_rsi_ex-level_rsi_sm-simple_same_b-allowe_warmup-strict: cached
[2080/2367] BANK2_PX-01_c10000__T_input_-raw_rsi_ex-cross_rsi_sm-simple_same_b-wait_b_warmup-ready_: ok fills=282 (28.0s)
[2081/2367] BANK2_BL-06_skip__T_input_-raw_rsi_ex-level_rsi_sm-simple_same_b-wait_b_warmup-strict: cached
[2082/2367] BANK2_BL-06_skip__T_input_-adjust_rsi_ex-level_rsi_sm-simple_same_b-allowe_warmup-ready_: cached
[2083/2367] BANK2_BL-06_skip__T_input_-raw_rsi_ex-level_rsi_sm-simple_same_b-allowe_warmup-ready_: cached
[2084/2367] BANK2_BL-06_skip__T_input_-adjust_rsi_ex-level_rsi_sm-simple_same_b-wait_b_warmup-ready_: cached
[2085/2367] BANK2_BL-06_skip__T_input_-raw_rsi_ex-level_rsi_sm-simple_same_b-wait_b_warmup-ready_: cached
[2086/2367] BANK2_BL-06_skip__T_input_-adjust_rsi_ex-cross_rsi_sm-simple_same_b-allowe_warmup-strict: cached
[2087/2367] BANK2_BL-06_skip__T_input_-raw_rsi_ex-cross_rsi_sm-simple_same_b-allowe_warmup-strict: cached
[2088/2367] BANK2_BL-06_skip__T_input_-adjust_rsi_ex-cross_rsi_sm-simple_same_b-wait_b_warmup-strict: cached
[2089/2367] BANK2_BL-06_skip__T_input_-raw_rsi_ex-cross_rsi_sm-simple_same_b-wait_b_warmup-strict: cached
[2090/2367] BANK2_BL-06_skip__T_input_-adjust_rsi_ex-cross_rsi_sm-simple_same_b-allowe_warmup-ready_: cached
[2091/2367] BANK2_BL-06_skip__T_input_-raw_rsi_ex-cross_rsi_sm-simple_same_b-allowe_warmup-ready_: cached
[2092/2367] BANK2_BL-06_skip__T_input_-adjust_rsi_ex-cross_rsi_sm-simple_same_b-wait_b_warmup-ready_: cached
[2093/2367] BANK2_BL-06_skip__T_input_-raw_rsi_ex-cross_rsi_sm-simple_same_b-wait_b_warmup-ready_: cached
[2094/2367] BANK2_BL-06_skip__OAT_a_exec-set_holdings: cached
[2095/2367] BANK2_BL-06_skip__OAT_cross_timing-today_ma: cached
[2096/2367] BANK2_BL-06_skip__SPOT_all_excluded_off: cached
[2097/2367] BANK2_BL-06_partial__ref: cached
[2098/2367] BANK2_BL-06_partial__T_input_-raw_rsi_ex-level_rsi_sm-wilder_same_b-allowe_warmup-strict: cached
[2099/2367] BANK2_BL-06_partial__T_input_-adjust_rsi_ex-level_rsi_sm-wilder_same_b-wait_b_warmup-strict: cached
[2100/2367] BANK2_BL-06_partial__T_input_-raw_rsi_ex-level_rsi_sm-wilder_same_b-wait_b_warmup-strict: cached
[2101/2367] BANK2_BL-06_partial__T_input_-adjust_rsi_ex-level_rsi_sm-wilder_same_b-allowe_warmup-ready_: cached
[2102/2367] BANK2_BL-06_partial__T_input_-raw_rsi_ex-level_rsi_sm-wilder_same_b-allowe_warmup-ready_: cached
[2103/2367] BANK2_BL-06_partial__T_input_-adjust_rsi_ex-level_rsi_sm-wilder_same_b-wait_b_warmup-ready_: cached
[2104/2367] BANK2_BL-06_partial__T_input_-raw_rsi_ex-level_rsi_sm-wilder_same_b-wait_b_warmup-ready_: cached
[2105/2367] BANK2_BL-06_partial__T_input_-adjust_rsi_ex-cross_rsi_sm-wilder_same_b-allowe_warmup-strict: cached
[2106/2367] BANK2_BL-06_partial__T_input_-raw_rsi_ex-cross_rsi_sm-wilder_same_b-allowe_warmup-strict: cached
[2107/2367] BANK2_BL-06_partial__T_input_-adjust_rsi_ex-cross_rsi_sm-wilder_same_b-wait_b_warmup-strict: cached
[2108/2367] BANK2_BL-06_partial__T_input_-raw_rsi_ex-cross_rsi_sm-wilder_same_b-wait_b_warmup-strict: cached
[2109/2367] BANK2_BL-06_partial__T_input_-adjust_rsi_ex-cross_rsi_sm-wilder_same_b-allowe_warmup-ready_: cached
[2110/2367] BANK2_BL-06_partial__T_input_-raw_rsi_ex-cross_rsi_sm-wilder_same_b-allowe_warmup-ready_: cached
[2111/2367] BANK2_BL-06_partial__T_input_-adjust_rsi_ex-cross_rsi_sm-wilder_same_b-wait_b_warmup-ready_: cached
[2112/2367] BANK2_BL-06_partial__T_input_-raw_rsi_ex-cross_rsi_sm-wilder_same_b-wait_b_warmup-ready_: cached
[2113/2367] BANK2_BL-06_partial__T_input_-adjust_rsi_ex-level_rsi_sm-simple_same_b-allowe_warmup-strict: cached
[2114/2367] BANK2_BL-06_partial__T_input_-raw_rsi_ex-level_rsi_sm-simple_same_b-allowe_warmup-strict: cached
[2115/2367] BANK2_BL-06_partial__T_input_-adjust_rsi_ex-level_rsi_sm-simple_same_b-wait_b_warmup-strict: cached
[2116/2367] BANK2_BL-06_partial__T_input_-raw_rsi_ex-level_rsi_sm-simple_same_b-wait_b_warmup-strict: cached
[2117/2367] BANK2_BL-06_skip__T_input_-adjust_rsi_ex-level_rsi_sm-wilder_same_b-allowe_warmup-ready_: ok fills=266 (27.9s)
[2118/2367] BANK2_BL-06_partial__T_input_-raw_rsi_ex-level_rsi_sm-simple_same_b-allowe_warmup-ready_: cached
[2119/2367] BANK2_BL-06_partial__T_input_-adjust_rsi_ex-level_rsi_sm-simple_same_b-wait_b_warmup-ready_: cached
[2120/2367] BANK2_BL-06_partial__T_input_-raw_rsi_ex-level_rsi_sm-simple_same_b-wait_b_warmup-ready_: cached
[2121/2367] BANK2_BL-06_partial__T_input_-adjust_rsi_ex-cross_rsi_sm-simple_same_b-allowe_warmup-strict: cached
[2122/2367] BANK2_BL-06_partial__T_input_-raw_rsi_ex-cross_rsi_sm-simple_same_b-allowe_warmup-strict: cached
[2123/2367] BANK2_BL-06_partial__T_input_-adjust_rsi_ex-cross_rsi_sm-simple_same_b-wait_b_warmup-strict: cached
[2124/2367] BANK2_BL-06_partial__T_input_-raw_rsi_ex-cross_rsi_sm-simple_same_b-wait_b_warmup-strict: cached
[2125/2367] BANK2_BL-06_partial__T_input_-adjust_rsi_ex-cross_rsi_sm-simple_same_b-allowe_warmup-ready_: cached
[2126/2367] BANK2_BL-06_partial__T_input_-raw_rsi_ex-cross_rsi_sm-simple_same_b-allowe_warmup-ready_: cached
[2127/2367] BANK2_BL-06_partial__T_input_-adjust_rsi_ex-cross_rsi_sm-simple_same_b-wait_b_warmup-ready_: cached
[2128/2367] BANK2_BL-06_partial__T_input_-raw_rsi_ex-cross_rsi_sm-simple_same_b-wait_b_warmup-ready_: cached
[2129/2367] BANK2_BL-06_partial__OAT_a_exec-set_holdings: cached
[2130/2367] BANK2_BL-06_partial__OAT_cross_timing-today_ma: cached
[2131/2367] BANK2_BL-06_partial__SPOT_all_excluded_off: cached
[2132/2367] BANK2_BL-06_nocheck__ref: cached
[2133/2367] BANK2_BL-06_nocheck__T_input_-raw_rsi_ex-level_rsi_sm-wilder_same_b-allowe_warmup-strict: cached
[2134/2367] BANK2_BL-06_nocheck__T_input_-adjust_rsi_ex-level_rsi_sm-wilder_same_b-wait_b_warmup-strict: cached
[2135/2367] BANK2_BL-06_nocheck__T_input_-raw_rsi_ex-level_rsi_sm-wilder_same_b-wait_b_warmup-strict: cached
[2136/2367] BANK2_BL-06_nocheck__T_input_-adjust_rsi_ex-level_rsi_sm-wilder_same_b-allowe_warmup-ready_: cached
[2137/2367] BANK2_BL-06_nocheck__T_input_-raw_rsi_ex-level_rsi_sm-wilder_same_b-allowe_warmup-ready_: cached
[2138/2367] BANK2_BL-06_nocheck__T_input_-adjust_rsi_ex-level_rsi_sm-wilder_same_b-wait_b_warmup-ready_: cached
[2139/2367] BANK2_BL-06_nocheck__T_input_-raw_rsi_ex-level_rsi_sm-wilder_same_b-wait_b_warmup-ready_: cached
[2140/2367] BANK2_BL-06_nocheck__T_input_-adjust_rsi_ex-cross_rsi_sm-wilder_same_b-allowe_warmup-strict: cached
[2141/2367] BANK2_BL-06_nocheck__T_input_-raw_rsi_ex-cross_rsi_sm-wilder_same_b-allowe_warmup-strict: cached
[2142/2367] BANK2_BL-06_nocheck__T_input_-adjust_rsi_ex-cross_rsi_sm-wilder_same_b-wait_b_warmup-strict: cached
[2143/2367] BANK2_BL-06_nocheck__T_input_-raw_rsi_ex-cross_rsi_sm-wilder_same_b-wait_b_warmup-strict: cached
[2144/2367] BANK2_BL-06_nocheck__T_input_-adjust_rsi_ex-cross_rsi_sm-wilder_same_b-allowe_warmup-ready_: cached
[2145/2367] BANK2_BL-06_nocheck__T_input_-raw_rsi_ex-cross_rsi_sm-wilder_same_b-allowe_warmup-ready_: cached
[2146/2367] BANK2_BL-06_nocheck__T_input_-adjust_rsi_ex-cross_rsi_sm-wilder_same_b-wait_b_warmup-ready_: cached
[2147/2367] BANK2_OM-C_shared_state__T_cross_-today__input_-raw_rsi_ex-level_rsi_sm-wilder_same_b-wait_b_warmup-ready_: ok fills=151 (29.3s)
[2148/2367] BANK2_BL-06_nocheck__T_input_-adjust_rsi_ex-level_rsi_sm-simple_same_b-allowe_warmup-strict: cached
[2149/2367] BANK2_BL-06_nocheck__T_input_-raw_rsi_ex-level_rsi_sm-simple_same_b-allowe_warmup-strict: cached
[2150/2367] BANK2_BL-06_nocheck__T_input_-adjust_rsi_ex-level_rsi_sm-simple_same_b-wait_b_warmup-strict: cached
[2151/2367] BANK2_BL-06_nocheck__T_input_-raw_rsi_ex-level_rsi_sm-simple_same_b-wait_b_warmup-strict: cached
[2152/2367] BANK2_BL-06_nocheck__T_input_-adjust_rsi_ex-level_rsi_sm-simple_same_b-allowe_warmup-ready_: cached
[2153/2367] BANK2_BL-06_nocheck__T_input_-raw_rsi_ex-level_rsi_sm-simple_same_b-allowe_warmup-ready_: cached
[2154/2367] BANK2_BL-06_nocheck__T_input_-adjust_rsi_ex-level_rsi_sm-simple_same_b-wait_b_warmup-ready_: cached
[2155/2367] BANK2_BL-06_nocheck__T_input_-raw_rsi_ex-level_rsi_sm-simple_same_b-wait_b_warmup-ready_: cached
[2156/2367] BANK2_BL-06_nocheck__T_input_-adjust_rsi_ex-cross_rsi_sm-simple_same_b-allowe_warmup-strict: cached
[2157/2367] BANK2_BL-06_nocheck__T_input_-raw_rsi_ex-cross_rsi_sm-simple_same_b-allowe_warmup-strict: cached
[2158/2367] BANK2_BL-06_nocheck__T_input_-adjust_rsi_ex-cross_rsi_sm-simple_same_b-wait_b_warmup-strict: cached
[2159/2367] BANK2_BL-06_nocheck__T_input_-raw_rsi_ex-cross_rsi_sm-simple_same_b-wait_b_warmup-strict: cached
[2160/2367] BANK2_BL-06_nocheck__T_input_-adjust_rsi_ex-cross_rsi_sm-simple_same_b-allowe_warmup-ready_: cached
[2161/2367] BANK2_BL-06_nocheck__T_input_-raw_rsi_ex-cross_rsi_sm-simple_same_b-allowe_warmup-ready_: cached
[2162/2367] BANK2_BL-06_nocheck__T_input_-adjust_rsi_ex-cross_rsi_sm-simple_same_b-wait_b_warmup-ready_: cached
[2163/2367] BANK2_BL-06_skip__T_input_-adjust_rsi_ex-level_rsi_sm-simple_same_b-wait_b_warmup-strict: ok fills=306 (31.3s)
[2164/2367] BANK2_BL-06_nocheck__OAT_a_exec-set_holdings: cached
[2165/2367] BANK2_BL-06_nocheck__OAT_cross_timing-today_ma: cached
[2166/2367] BANK2_BL-06_nocheck__SPOT_all_excluded_off: cached
[2167/2367] BANK2_OM-A_skip_all__ref: cached
[2168/2367] BANK2_OM-A_skip_all__T_cross_-both_d_input_-adjust_rsi_ex-level_rsi_sm-wilder_same_b-allowe_warmup-ready_: cached
[2169/2367] BANK2_OM-A_skip_all__T_cross_-both_d_input_-adjust_rsi_ex-level_rsi_sm-wilder_same_b-wait_b_warmup-strict: cached
[2170/2367] BANK2_OM-A_skip_all__T_cross_-both_d_input_-adjust_rsi_ex-level_rsi_sm-wilder_same_b-wait_b_warmup-ready_: cached
[2171/2367] BANK2_OM-A_skip_all__T_cross_-both_d_input_-adjust_rsi_ex-level_rsi_sm-simple_same_b-allowe_warmup-strict: cached
[2172/2367] BANK2_OM-A_skip_all__T_cross_-both_d_input_-adjust_rsi_ex-level_rsi_sm-simple_same_b-allowe_warmup-ready_: cached
[2173/2367] BANK2_OM-A_skip_all__T_cross_-both_d_input_-adjust_rsi_ex-level_rsi_sm-simple_same_b-wait_b_warmup-strict: cached
[2174/2367] BANK2_OM-A_skip_all__T_cross_-both_d_input_-adjust_rsi_ex-level_rsi_sm-simple_same_b-wait_b_warmup-ready_: cached
[2175/2367] BANK2_OM-A_skip_all__T_cross_-both_d_input_-adjust_rsi_ex-cross_rsi_sm-wilder_same_b-allowe_warmup-strict: cached
[2176/2367] BANK2_OM-A_skip_all__T_cross_-both_d_input_-adjust_rsi_ex-cross_rsi_sm-wilder_same_b-allowe_warmup-ready_: cached
[2177/2367] BANK2_BL-06_partial__T_input_-adjust_rsi_ex-level_rsi_sm-simple_same_b-allowe_warmup-ready_: ok fills=306 (32.3s)
[2178/2367] BANK2_OM-A_skip_all__T_cross_-both_d_input_-adjust_rsi_ex-cross_rsi_sm-wilder_same_b-wait_b_warmup-ready_: cached
[2179/2367] BANK2_OM-A_skip_all__T_cross_-both_d_input_-adjust_rsi_ex-cross_rsi_sm-simple_same_b-allowe_warmup-strict: cached
[2180/2367] BANK2_OM-A_skip_all__T_cross_-both_d_input_-adjust_rsi_ex-cross_rsi_sm-simple_same_b-allowe_warmup-ready_: cached
[2181/2367] BANK2_OM-A_skip_all__T_cross_-both_d_input_-adjust_rsi_ex-cross_rsi_sm-simple_same_b-wait_b_warmup-strict: cached
[2182/2367] BANK2_OM-A_skip_all__T_cross_-both_d_input_-adjust_rsi_ex-cross_rsi_sm-simple_same_b-wait_b_warmup-ready_: cached
[2183/2367] BANK2_OM-A_skip_all__T_cross_-both_d_input_-raw_rsi_ex-level_rsi_sm-wilder_same_b-allowe_warmup-strict: cached
[2184/2367] BANK2_OM-A_skip_all__T_cross_-both_d_input_-raw_rsi_ex-level_rsi_sm-wilder_same_b-allowe_warmup-ready_: cached
[2185/2367] BANK2_OM-A_skip_all__T_cross_-both_d_input_-raw_rsi_ex-level_rsi_sm-wilder_same_b-wait_b_warmup-strict: cached
[2186/2367] BANK2_OM-A_skip_all__T_cross_-both_d_input_-raw_rsi_ex-level_rsi_sm-wilder_same_b-wait_b_warmup-ready_: cached
[2187/2367] BANK2_OM-A_skip_all__T_cross_-both_d_input_-raw_rsi_ex-level_rsi_sm-simple_same_b-allowe_warmup-strict: cached
[2188/2367] BANK2_OM-A_skip_all__T_cross_-both_d_input_-raw_rsi_ex-level_rsi_sm-simple_same_b-allowe_warmup-ready_: cached
[2189/2367] BANK2_OM-A_skip_all__T_cross_-both_d_input_-raw_rsi_ex-level_rsi_sm-simple_same_b-wait_b_warmup-strict: cached
[2190/2367] BANK2_BL-06_nocheck__T_input_-raw_rsi_ex-cross_rsi_sm-simple_same_b-wait_b_warmup-ready_: ok fills=282 (32.3s)
[2191/2367] BANK2_OM-A_skip_all__T_cross_-both_d_input_-raw_rsi_ex-cross_rsi_sm-wilder_same_b-allowe_warmup-strict: cached
[2192/2367] BANK2_OM-A_skip_all__T_cross_-both_d_input_-raw_rsi_ex-cross_rsi_sm-wilder_same_b-allowe_warmup-ready_: cached
[2193/2367] BANK2_OM-A_skip_all__T_cross_-both_d_input_-raw_rsi_ex-cross_rsi_sm-wilder_same_b-wait_b_warmup-strict: cached
[2194/2367] BANK2_OM-A_skip_all__T_cross_-both_d_input_-raw_rsi_ex-cross_rsi_sm-wilder_same_b-wait_b_warmup-ready_: cached
[2195/2367] BANK2_OM-A_skip_all__T_cross_-both_d_input_-raw_rsi_ex-cross_rsi_sm-simple_same_b-allowe_warmup-strict: cached
[2196/2367] BANK2_OM-A_skip_all__T_cross_-both_d_input_-raw_rsi_ex-cross_rsi_sm-simple_same_b-allowe_warmup-ready_: cached
[2197/2367] BANK2_OM-A_skip_all__T_cross_-both_d_input_-raw_rsi_ex-cross_rsi_sm-simple_same_b-wait_b_warmup-strict: cached
[2198/2367] BANK2_OM-A_skip_all__T_cross_-both_d_input_-raw_rsi_ex-cross_rsi_sm-simple_same_b-wait_b_warmup-ready_: cached
[2199/2367] BANK2_OM-A_skip_all__T_cross_-today__input_-adjust_rsi_ex-level_rsi_sm-wilder_same_b-allowe_warmup-strict: cached
[2200/2367] BANK2_OM-A_skip_all__T_cross_-today__input_-adjust_rsi_ex-level_rsi_sm-wilder_same_b-allowe_warmup-ready_: cached
[2201/2367] BANK2_OM-A_skip_all__T_cross_-today__input_-adjust_rsi_ex-level_rsi_sm-wilder_same_b-wait_b_warmup-strict: cached
[2202/2367] BANK2_OM-A_skip_all__T_cross_-today__input_-adjust_rsi_ex-level_rsi_sm-wilder_same_b-wait_b_warmup-ready_: cached
[2203/2367] BANK2_OM-A_skip_all__T_cross_-today__input_-adjust_rsi_ex-level_rsi_sm-simple_same_b-allowe_warmup-strict: cached
[2204/2367] BANK2_OM-A_skip_all__T_cross_-today__input_-adjust_rsi_ex-level_rsi_sm-simple_same_b-allowe_warmup-ready_: cached
[2205/2367] BANK2_OM-A_skip_all__T_cross_-today__input_-adjust_rsi_ex-level_rsi_sm-simple_same_b-wait_b_warmup-strict: cached
[2206/2367] BANK2_OM-A_skip_all__T_cross_-today__input_-adjust_rsi_ex-level_rsi_sm-simple_same_b-wait_b_warmup-ready_: cached
[2207/2367] BANK2_OM-A_skip_all__T_cross_-today__input_-adjust_rsi_ex-cross_rsi_sm-wilder_same_b-allowe_warmup-strict: cached
[2208/2367] BANK2_OM-A_skip_all__T_cross_-today__input_-adjust_rsi_ex-cross_rsi_sm-wilder_same_b-allowe_warmup-ready_: cached
[2209/2367] BANK2_OM-A_skip_all__T_cross_-today__input_-adjust_rsi_ex-cross_rsi_sm-wilder_same_b-wait_b_warmup-strict: cached
[2210/2367] BANK2_OM-A_skip_all__T_cross_-today__input_-adjust_rsi_ex-cross_rsi_sm-wilder_same_b-wait_b_warmup-ready_: cached
[2211/2367] BANK2_OM-A_skip_all__T_cross_-today__input_-adjust_rsi_ex-cross_rsi_sm-simple_same_b-allowe_warmup-strict: cached
[2212/2367] BANK2_OM-A_skip_all__T_cross_-today__input_-adjust_rsi_ex-cross_rsi_sm-simple_same_b-allowe_warmup-ready_: cached
[2213/2367] BANK2_OM-A_skip_all__T_cross_-today__input_-adjust_rsi_ex-cross_rsi_sm-simple_same_b-wait_b_warmup-strict: cached
[2214/2367] BANK2_OM-A_skip_all__T_cross_-today__input_-adjust_rsi_ex-cross_rsi_sm-simple_same_b-wait_b_warmup-ready_: cached
[2215/2367] BANK2_OM-A_skip_all__T_cross_-today__input_-raw_rsi_ex-level_rsi_sm-wilder_same_b-allowe_warmup-strict: cached
[2216/2367] BANK2_OM-A_skip_all__T_cross_-today__input_-raw_rsi_ex-level_rsi_sm-wilder_same_b-allowe_warmup-ready_: cached
[2217/2367] BANK2_OM-A_skip_all__T_cross_-today__input_-raw_rsi_ex-level_rsi_sm-wilder_same_b-wait_b_warmup-strict: cached
[2218/2367] BANK2_OM-A_skip_all__T_cross_-today__input_-raw_rsi_ex-level_rsi_sm-wilder_same_b-wait_b_warmup-ready_: cached
[2219/2367] BANK2_OM-A_skip_all__T_cross_-today__input_-raw_rsi_ex-level_rsi_sm-simple_same_b-allowe_warmup-strict: cached
[2220/2367] BANK2_OM-A_skip_all__T_cross_-today__input_-raw_rsi_ex-level_rsi_sm-simple_same_b-allowe_warmup-ready_: cached
[2221/2367] BANK2_OM-A_skip_all__T_cross_-today__input_-raw_rsi_ex-level_rsi_sm-simple_same_b-wait_b_warmup-strict: cached
[2222/2367] BANK2_OM-A_skip_all__T_cross_-today__input_-raw_rsi_ex-level_rsi_sm-simple_same_b-wait_b_warmup-ready_: cached
[2223/2367] BANK2_OM-A_skip_all__T_cross_-today__input_-raw_rsi_ex-cross_rsi_sm-wilder_same_b-allowe_warmup-strict: cached
[2224/2367] BANK2_BL-06_nocheck__T_input_-raw_rsi_ex-cross_rsi_sm-wilder_same_b-wait_b_warmup-ready_: ok fills=282 (33.4s)
[2225/2367] BANK2_OM-A_skip_all__T_cross_-today__input_-raw_rsi_ex-cross_rsi_sm-wilder_same_b-wait_b_warmup-strict: cached
[2226/2367] BANK2_OM-A_skip_all__T_cross_-today__input_-raw_rsi_ex-cross_rsi_sm-wilder_same_b-wait_b_warmup-ready_: cached
[2227/2367] BANK2_OM-A_skip_all__T_cross_-today__input_-raw_rsi_ex-cross_rsi_sm-simple_same_b-allowe_warmup-strict: cached
[2228/2367] BANK2_OM-A_skip_all__T_cross_-today__input_-raw_rsi_ex-cross_rsi_sm-simple_same_b-allowe_warmup-ready_: cached
[2229/2367] BANK2_OM-A_skip_all__T_cross_-today__input_-raw_rsi_ex-cross_rsi_sm-simple_same_b-wait_b_warmup-strict: cached
[2230/2367] BANK2_OM-A_skip_all__T_cross_-today__input_-raw_rsi_ex-cross_rsi_sm-simple_same_b-wait_b_warmup-ready_: cached
[2231/2367] BANK2_OM-A_skip_all__OAT_a_exec-set_holdings: cached
[2232/2367] BANK2_OM-A_skip_all__SPOT_all_excluded_off: cached
[2233/2367] BANK2_OM-A_try_except__ref: cached
[2234/2367] BANK2_OM-A_try_except__T_cross_-both_d_input_-adjust_rsi_ex-level_rsi_sm-wilder_same_b-allowe_warmup-ready_: cached
[2235/2367] BANK2_OM-A_try_except__T_cross_-both_d_input_-adjust_rsi_ex-level_rsi_sm-wilder_same_b-wait_b_warmup-strict: cached
[2236/2367] BANK2_OM-A_try_except__T_cross_-both_d_input_-adjust_rsi_ex-level_rsi_sm-wilder_same_b-wait_b_warmup-ready_: cached
[2237/2367] BANK2_OM-A_try_except__T_cross_-both_d_input_-adjust_rsi_ex-level_rsi_sm-simple_same_b-allowe_warmup-strict: cached
[2238/2367] BANK2_OM-A_try_except__T_cross_-both_d_input_-adjust_rsi_ex-level_rsi_sm-simple_same_b-allowe_warmup-ready_: cached
[2239/2367] BANK2_OM-A_try_except__T_cross_-both_d_input_-adjust_rsi_ex-level_rsi_sm-simple_same_b-wait_b_warmup-strict: cached
[2240/2367] BANK2_OM-A_try_except__T_cross_-both_d_input_-adjust_rsi_ex-level_rsi_sm-simple_same_b-wait_b_warmup-ready_: cached
[2241/2367] BANK2_OM-A_try_except__T_cross_-both_d_input_-adjust_rsi_ex-cross_rsi_sm-wilder_same_b-allowe_warmup-strict: cached
[2242/2367] BANK2_OM-A_try_except__T_cross_-both_d_input_-adjust_rsi_ex-cross_rsi_sm-wilder_same_b-allowe_warmup-ready_: cached
[2243/2367] BANK2_OM-A_try_except__T_cross_-both_d_input_-adjust_rsi_ex-cross_rsi_sm-wilder_same_b-wait_b_warmup-strict: cached
[2244/2367] BANK2_OM-A_try_except__T_cross_-both_d_input_-adjust_rsi_ex-cross_rsi_sm-wilder_same_b-wait_b_warmup-ready_: cached
[2245/2367] BANK2_OM-A_try_except__T_cross_-both_d_input_-adjust_rsi_ex-cross_rsi_sm-simple_same_b-allowe_warmup-strict: cached
[2246/2367] BANK2_OM-A_try_except__T_cross_-both_d_input_-adjust_rsi_ex-cross_rsi_sm-simple_same_b-allowe_warmup-ready_: cached
[2247/2367] BANK2_OM-A_try_except__T_cross_-both_d_input_-adjust_rsi_ex-cross_rsi_sm-simple_same_b-wait_b_warmup-strict: cached
[2248/2367] BANK2_OM-A_try_except__T_cross_-both_d_input_-adjust_rsi_ex-cross_rsi_sm-simple_same_b-wait_b_warmup-ready_: cached
[2249/2367] BANK2_OM-A_try_except__T_cross_-both_d_input_-raw_rsi_ex-level_rsi_sm-wilder_same_b-allowe_warmup-strict: cached
[2250/2367] BANK2_OM-A_try_except__T_cross_-both_d_input_-raw_rsi_ex-level_rsi_sm-wilder_same_b-allowe_warmup-ready_: cached
[2251/2367] BANK2_OM-A_try_except__T_cross_-both_d_input_-raw_rsi_ex-level_rsi_sm-wilder_same_b-wait_b_warmup-strict: cached
[2252/2367] BANK2_OM-A_try_except__T_cross_-both_d_input_-raw_rsi_ex-level_rsi_sm-wilder_same_b-wait_b_warmup-ready_: cached
[2253/2367] BANK2_OM-A_try_except__T_cross_-both_d_input_-raw_rsi_ex-level_rsi_sm-simple_same_b-allowe_warmup-strict: cached
[2254/2367] BANK2_OM-A_try_except__T_cross_-both_d_input_-raw_rsi_ex-level_rsi_sm-simple_same_b-allowe_warmup-ready_: cached
[2255/2367] BANK2_OM-A_try_except__T_cross_-both_d_input_-raw_rsi_ex-level_rsi_sm-simple_same_b-wait_b_warmup-strict: cached
[2256/2367] BANK2_OM-A_try_except__T_cross_-both_d_input_-raw_rsi_ex-level_rsi_sm-simple_same_b-wait_b_warmup-ready_: cached
[2257/2367] BANK2_OM-A_try_except__T_cross_-both_d_input_-raw_rsi_ex-cross_rsi_sm-wilder_same_b-allowe_warmup-strict: cached
[2258/2367] BANK2_OM-A_try_except__T_cross_-both_d_input_-raw_rsi_ex-cross_rsi_sm-wilder_same_b-allowe_warmup-ready_: cached
[2259/2367] BANK2_OM-A_try_except__T_cross_-both_d_input_-raw_rsi_ex-cross_rsi_sm-wilder_same_b-wait_b_warmup-strict: cached
[2260/2367] BANK2_OM-A_try_except__T_cross_-both_d_input_-raw_rsi_ex-cross_rsi_sm-wilder_same_b-wait_b_warmup-ready_: cached
[2261/2367] BANK2_OM-A_try_except__T_cross_-both_d_input_-raw_rsi_ex-cross_rsi_sm-simple_same_b-allowe_warmup-strict: cached
[2262/2367] BANK2_OM-A_try_except__T_cross_-both_d_input_-raw_rsi_ex-cross_rsi_sm-simple_same_b-allowe_warmup-ready_: cached
[2263/2367] BANK2_OM-A_try_except__T_cross_-both_d_input_-raw_rsi_ex-cross_rsi_sm-simple_same_b-wait_b_warmup-strict: cached
[2264/2367] BANK2_OM-A_try_except__T_cross_-both_d_input_-raw_rsi_ex-cross_rsi_sm-simple_same_b-wait_b_warmup-ready_: cached
[2265/2367] BANK2_OM-A_try_except__T_cross_-today__input_-adjust_rsi_ex-level_rsi_sm-wilder_same_b-allowe_warmup-strict: cached
[2266/2367] BANK2_OM-A_try_except__T_cross_-today__input_-adjust_rsi_ex-level_rsi_sm-wilder_same_b-allowe_warmup-ready_: cached
[2267/2367] BANK2_OM-A_try_except__T_cross_-today__input_-adjust_rsi_ex-level_rsi_sm-wilder_same_b-wait_b_warmup-strict: cached
[2268/2367] BANK2_OM-A_try_except__T_cross_-today__input_-adjust_rsi_ex-level_rsi_sm-wilder_same_b-wait_b_warmup-ready_: cached
[2269/2367] BANK2_OM-A_try_except__T_cross_-today__input_-adjust_rsi_ex-level_rsi_sm-simple_same_b-allowe_warmup-strict: cached
[2270/2367] BANK2_OM-A_try_except__T_cross_-today__input_-adjust_rsi_ex-level_rsi_sm-simple_same_b-allowe_warmup-ready_: cached
[2271/2367] BANK2_OM-A_try_except__T_cross_-today__input_-adjust_rsi_ex-level_rsi_sm-simple_same_b-wait_b_warmup-strict: cached
[2272/2367] BANK2_OM-A_try_except__T_cross_-today__input_-adjust_rsi_ex-level_rsi_sm-simple_same_b-wait_b_warmup-ready_: cached
[2273/2367] BANK2_OM-A_try_except__T_cross_-today__input_-adjust_rsi_ex-cross_rsi_sm-wilder_same_b-allowe_warmup-strict: cached
[2274/2367] BANK2_OM-A_try_except__T_cross_-today__input_-adjust_rsi_ex-cross_rsi_sm-wilder_same_b-allowe_warmup-ready_: cached
[2275/2367] BANK2_OM-A_try_except__T_cross_-today__input_-adjust_rsi_ex-cross_rsi_sm-wilder_same_b-wait_b_warmup-strict: cached
[2276/2367] BANK2_OM-A_try_except__T_cross_-today__input_-adjust_rsi_ex-cross_rsi_sm-wilder_same_b-wait_b_warmup-ready_: cached
[2277/2367] BANK2_OM-A_try_except__T_cross_-today__input_-adjust_rsi_ex-cross_rsi_sm-simple_same_b-allowe_warmup-strict: cached
[2278/2367] BANK2_OM-A_try_except__T_cross_-today__input_-adjust_rsi_ex-cross_rsi_sm-simple_same_b-allowe_warmup-ready_: cached
[2279/2367] BANK2_OM-A_try_except__T_cross_-today__input_-adjust_rsi_ex-cross_rsi_sm-simple_same_b-wait_b_warmup-strict: cached
[2280/2367] BANK2_OM-A_try_except__T_cross_-today__input_-adjust_rsi_ex-cross_rsi_sm-simple_same_b-wait_b_warmup-ready_: cached
[2281/2367] BANK2_OM-A_try_except__T_cross_-today__input_-raw_rsi_ex-level_rsi_sm-wilder_same_b-allowe_warmup-strict: cached
[2282/2367] BANK2_OM-A_try_except__T_cross_-today__input_-raw_rsi_ex-level_rsi_sm-wilder_same_b-allowe_warmup-ready_: cached
[2283/2367] BANK2_OM-A_try_except__T_cross_-today__input_-raw_rsi_ex-level_rsi_sm-wilder_same_b-wait_b_warmup-strict: cached
[2284/2367] BANK2_OM-A_try_except__T_cross_-today__input_-raw_rsi_ex-level_rsi_sm-wilder_same_b-wait_b_warmup-ready_: cached
[2285/2367] BANK2_OM-A_try_except__T_cross_-today__input_-raw_rsi_ex-level_rsi_sm-simple_same_b-allowe_warmup-strict: cached
[2286/2367] BANK2_OM-A_try_except__T_cross_-today__input_-raw_rsi_ex-level_rsi_sm-simple_same_b-allowe_warmup-ready_: cached
[2287/2367] BANK2_OM-A_try_except__T_cross_-today__input_-raw_rsi_ex-level_rsi_sm-simple_same_b-wait_b_warmup-strict: cached
[2288/2367] BANK2_OM-A_try_except__T_cross_-today__input_-raw_rsi_ex-level_rsi_sm-simple_same_b-wait_b_warmup-ready_: cached
[2289/2367] BANK2_OM-A_try_except__T_cross_-today__input_-raw_rsi_ex-cross_rsi_sm-wilder_same_b-allowe_warmup-strict: cached
[2290/2367] BANK2_OM-A_try_except__T_cross_-today__input_-raw_rsi_ex-cross_rsi_sm-wilder_same_b-allowe_warmup-ready_: cached
[2291/2367] BANK2_OM-A_try_except__T_cross_-today__input_-raw_rsi_ex-cross_rsi_sm-wilder_same_b-wait_b_warmup-strict: cached
[2292/2367] BANK2_OM-A_try_except__T_cross_-today__input_-raw_rsi_ex-cross_rsi_sm-wilder_same_b-wait_b_warmup-ready_: cached
[2293/2367] BANK2_OM-A_try_except__T_cross_-today__input_-raw_rsi_ex-cross_rsi_sm-simple_same_b-allowe_warmup-strict: cached
[2294/2367] BANK2_OM-A_try_except__T_cross_-today__input_-raw_rsi_ex-cross_rsi_sm-simple_same_b-allowe_warmup-ready_: cached
[2295/2367] BANK2_OM-A_try_except__T_cross_-today__input_-raw_rsi_ex-cross_rsi_sm-simple_same_b-wait_b_warmup-strict: cached
[2296/2367] BANK2_OM-A_try_except__T_cross_-today__input_-raw_rsi_ex-cross_rsi_sm-simple_same_b-wait_b_warmup-ready_: cached
[2297/2367] BANK2_OM-A_try_except__OAT_a_exec-set_holdings: cached
[2298/2367] BANK2_OM-A_try_except__SPOT_all_excluded_off: cached
[2299/2367] BANK2_OM-A_per_ticker__ref: cached
[2300/2367] BANK2_OM-A_per_ticker__T_cross_-both_d_input_-adjust_rsi_ex-level_rsi_sm-wilder_same_b-allowe_warmup-ready_: cached
[2301/2367] BANK2_OM-A_per_ticker__T_cross_-both_d_input_-adjust_rsi_ex-level_rsi_sm-wilder_same_b-wait_b_warmup-strict: cached
[2302/2367] BANK2_OM-A_per_ticker__T_cross_-both_d_input_-adjust_rsi_ex-level_rsi_sm-wilder_same_b-wait_b_warmup-ready_: cached
[2303/2367] BANK2_OM-A_per_ticker__T_cross_-both_d_input_-adjust_rsi_ex-level_rsi_sm-simple_same_b-allowe_warmup-strict: cached
[2304/2367] BANK2_OM-A_per_ticker__T_cross_-both_d_input_-adjust_rsi_ex-level_rsi_sm-simple_same_b-allowe_warmup-ready_: cached
[2305/2367] BANK2_OM-A_per_ticker__T_cross_-both_d_input_-adjust_rsi_ex-level_rsi_sm-simple_same_b-wait_b_warmup-strict: cached
[2306/2367] BANK2_OM-A_per_ticker__T_cross_-both_d_input_-adjust_rsi_ex-level_rsi_sm-simple_same_b-wait_b_warmup-ready_: cached
[2307/2367] BANK2_OM-A_per_ticker__T_cross_-both_d_input_-adjust_rsi_ex-cross_rsi_sm-wilder_same_b-allowe_warmup-strict: cached
[2308/2367] BANK2_OM-A_skip_all__T_cross_-both_d_input_-adjust_rsi_ex-cross_rsi_sm-wilder_same_b-wait_b_warmup-strict: ok fills=250 (28.4s)
[2309/2367] BANK2_OM-A_per_ticker__T_cross_-both_d_input_-adjust_rsi_ex-cross_rsi_sm-wilder_same_b-wait_b_warmup-strict: cached
[2310/2367] BANK2_OM-A_per_ticker__T_cross_-both_d_input_-adjust_rsi_ex-cross_rsi_sm-wilder_same_b-wait_b_warmup-ready_: cached
[2311/2367] BANK2_OM-A_per_ticker__T_cross_-both_d_input_-adjust_rsi_ex-cross_rsi_sm-simple_same_b-allowe_warmup-strict: cached
[2312/2367] BANK2_OM-A_per_ticker__T_cross_-both_d_input_-adjust_rsi_ex-cross_rsi_sm-simple_same_b-allowe_warmup-ready_: cached
[2313/2367] BANK2_OM-A_per_ticker__T_cross_-both_d_input_-adjust_rsi_ex-cross_rsi_sm-simple_same_b-wait_b_warmup-strict: cached
[2314/2367] BANK2_OM-A_per_ticker__T_cross_-both_d_input_-adjust_rsi_ex-cross_rsi_sm-simple_same_b-wait_b_warmup-ready_: cached
[2315/2367] BANK2_OM-A_per_ticker__T_cross_-both_d_input_-raw_rsi_ex-level_rsi_sm-wilder_same_b-allowe_warmup-strict: cached
[2316/2367] BANK2_OM-A_per_ticker__T_cross_-both_d_input_-raw_rsi_ex-level_rsi_sm-wilder_same_b-allowe_warmup-ready_: cached
[2317/2367] BANK2_OM-A_per_ticker__T_cross_-both_d_input_-raw_rsi_ex-level_rsi_sm-wilder_same_b-wait_b_warmup-strict: cached
[2318/2367] BANK2_OM-A_per_ticker__T_cross_-both_d_input_-raw_rsi_ex-level_rsi_sm-wilder_same_b-wait_b_warmup-ready_: cached
[2319/2367] BANK2_OM-A_per_ticker__T_cross_-both_d_input_-raw_rsi_ex-level_rsi_sm-simple_same_b-allowe_warmup-strict: cached
[2320/2367] BANK2_OM-A_per_ticker__T_cross_-both_d_input_-raw_rsi_ex-level_rsi_sm-simple_same_b-allowe_warmup-ready_: cached
[2321/2367] BANK2_OM-A_per_ticker__T_cross_-both_d_input_-raw_rsi_ex-level_rsi_sm-simple_same_b-wait_b_warmup-strict: cached
[2322/2367] BANK2_OM-A_per_ticker__T_cross_-both_d_input_-raw_rsi_ex-level_rsi_sm-simple_same_b-wait_b_warmup-ready_: cached
[2323/2367] BANK2_OM-A_per_ticker__T_cross_-both_d_input_-raw_rsi_ex-cross_rsi_sm-wilder_same_b-allowe_warmup-strict: cached
[2324/2367] BANK2_OM-A_per_ticker__T_cross_-both_d_input_-raw_rsi_ex-cross_rsi_sm-wilder_same_b-allowe_warmup-ready_: cached
[2325/2367] BANK2_OM-A_per_ticker__T_cross_-both_d_input_-raw_rsi_ex-cross_rsi_sm-wilder_same_b-wait_b_warmup-strict: cached
[2326/2367] BANK2_OM-A_skip_all__T_cross_-today__input_-raw_rsi_ex-cross_rsi_sm-wilder_same_b-allowe_warmup-ready_: ok fills=246 (28.2s)
[2327/2367] BANK2_OM-A_per_ticker__T_cross_-both_d_input_-raw_rsi_ex-cross_rsi_sm-simple_same_b-allowe_warmup-strict: cached
[2328/2367] BANK2_OM-A_per_ticker__T_cross_-both_d_input_-raw_rsi_ex-cross_rsi_sm-simple_same_b-allowe_warmup-ready_: cached
[2329/2367] BANK2_OM-A_per_ticker__T_cross_-both_d_input_-raw_rsi_ex-cross_rsi_sm-simple_same_b-wait_b_warmup-strict: cached
[2330/2367] BANK2_OM-A_per_ticker__T_cross_-both_d_input_-raw_rsi_ex-cross_rsi_sm-simple_same_b-wait_b_warmup-ready_: cached
[2331/2367] BANK2_OM-A_per_ticker__T_cross_-today__input_-adjust_rsi_ex-level_rsi_sm-wilder_same_b-allowe_warmup-strict: cached
[2332/2367] BANK2_OM-A_per_ticker__T_cross_-today__input_-adjust_rsi_ex-level_rsi_sm-wilder_same_b-allowe_warmup-ready_: cached
[2333/2367] BANK2_OM-A_per_ticker__T_cross_-today__input_-adjust_rsi_ex-level_rsi_sm-wilder_same_b-wait_b_warmup-strict: cached
[2334/2367] BANK2_OM-A_per_ticker__T_cross_-today__input_-adjust_rsi_ex-level_rsi_sm-wilder_same_b-wait_b_warmup-ready_: cached
[2335/2367] BANK2_OM-A_per_ticker__T_cross_-today__input_-adjust_rsi_ex-level_rsi_sm-simple_same_b-allowe_warmup-strict: cached
[2336/2367] BANK2_OM-A_per_ticker__T_cross_-today__input_-adjust_rsi_ex-level_rsi_sm-simple_same_b-allowe_warmup-ready_: cached
[2337/2367] BANK2_OM-A_per_ticker__T_cross_-today__input_-adjust_rsi_ex-level_rsi_sm-simple_same_b-wait_b_warmup-strict: cached
[2338/2367] BANK2_OM-A_per_ticker__T_cross_-today__input_-adjust_rsi_ex-level_rsi_sm-simple_same_b-wait_b_warmup-ready_: cached
[2339/2367] BANK2_OM-A_per_ticker__T_cross_-today__input_-adjust_rsi_ex-cross_rsi_sm-wilder_same_b-allowe_warmup-strict: cached
[2340/2367] BANK2_OM-A_per_ticker__T_cross_-today__input_-adjust_rsi_ex-cross_rsi_sm-wilder_same_b-allowe_warmup-ready_: cached
[2341/2367] BANK2_OM-A_per_ticker__T_cross_-today__input_-adjust_rsi_ex-cross_rsi_sm-wilder_same_b-wait_b_warmup-strict: cached
[2342/2367] BANK2_OM-A_per_ticker__T_cross_-today__input_-adjust_rsi_ex-cross_rsi_sm-wilder_same_b-wait_b_warmup-ready_: cached
[2343/2367] BANK2_OM-A_per_ticker__T_cross_-today__input_-adjust_rsi_ex-cross_rsi_sm-simple_same_b-allowe_warmup-strict: cached
[2344/2367] BANK2_OM-A_per_ticker__T_cross_-today__input_-adjust_rsi_ex-cross_rsi_sm-simple_same_b-allowe_warmup-ready_: cached
[2345/2367] BANK2_OM-A_per_ticker__T_cross_-today__input_-adjust_rsi_ex-cross_rsi_sm-simple_same_b-wait_b_warmup-strict: cached
[2346/2367] BANK2_OM-A_per_ticker__T_cross_-today__input_-adjust_rsi_ex-cross_rsi_sm-simple_same_b-wait_b_warmup-ready_: cached
[2347/2367] BANK2_OM-A_per_ticker__T_cross_-today__input_-raw_rsi_ex-level_rsi_sm-wilder_same_b-allowe_warmup-strict: cached
[2348/2367] BANK2_OM-A_per_ticker__T_cross_-today__input_-raw_rsi_ex-level_rsi_sm-wilder_same_b-allowe_warmup-ready_: cached
[2349/2367] BANK2_OM-A_per_ticker__T_cross_-today__input_-raw_rsi_ex-level_rsi_sm-wilder_same_b-wait_b_warmup-strict: cached
[2350/2367] BANK2_OM-A_per_ticker__T_cross_-today__input_-raw_rsi_ex-level_rsi_sm-wilder_same_b-wait_b_warmup-ready_: cached
[2351/2367] BANK2_OM-A_per_ticker__T_cross_-today__input_-raw_rsi_ex-level_rsi_sm-simple_same_b-allowe_warmup-strict: cached
[2352/2367] BANK2_OM-A_per_ticker__T_cross_-today__input_-raw_rsi_ex-level_rsi_sm-simple_same_b-allowe_warmup-ready_: cached
[2353/2367] BANK2_OM-A_per_ticker__T_cross_-today__input_-raw_rsi_ex-level_rsi_sm-simple_same_b-wait_b_warmup-strict: cached
[2354/2367] BANK2_OM-A_per_ticker__T_cross_-today__input_-raw_rsi_ex-level_rsi_sm-simple_same_b-wait_b_warmup-ready_: cached
[2355/2367] BANK2_OM-A_per_ticker__T_cross_-today__input_-raw_rsi_ex-cross_rsi_sm-wilder_same_b-allowe_warmup-strict: cached
[2356/2367] BANK2_OM-A_per_ticker__T_cross_-today__input_-raw_rsi_ex-cross_rsi_sm-wilder_same_b-allowe_warmup-ready_: cached
[2357/2367] BANK2_OM-A_per_ticker__T_cross_-today__input_-raw_rsi_ex-cross_rsi_sm-wilder_same_b-wait_b_warmup-strict: cached
[2358/2367] BANK2_OM-A_per_ticker__T_cross_-today__input_-raw_rsi_ex-cross_rsi_sm-wilder_same_b-wait_b_warmup-ready_: cached
[2359/2367] BANK2_OM-A_per_ticker__T_cross_-today__input_-raw_rsi_ex-cross_rsi_sm-simple_same_b-allowe_warmup-strict: cached
[2360/2367] BANK2_OM-A_per_ticker__T_cross_-today__input_-raw_rsi_ex-cross_rsi_sm-simple_same_b-allowe_warmup-ready_: cached
[2361/2367] BANK2_OM-A_per_ticker__T_cross_-today__input_-raw_rsi_ex-cross_rsi_sm-simple_same_b-wait_b_warmup-strict: cached
[2362/2367] BANK2_OM-A_per_ticker__T_cross_-today__input_-raw_rsi_ex-cross_rsi_sm-simple_same_b-wait_b_warmup-ready_: cached
[2363/2367] BANK2_OM-A_per_ticker__OAT_a_exec-set_holdings: cached
[2364/2367] BANK2_OM-A_per_ticker__SPOT_all_excluded_off: cached
[2365/2367] BANK2_OM-A_skip_all__T_cross_-both_d_input_-raw_rsi_ex-level_rsi_sm-simple_same_b-wait_b_warmup-ready_: ok fills=314 (29.5s)
[2366/2367] BANK2_OM-A_per_ticker__T_cross_-both_d_input_-adjust_rsi_ex-cross_rsi_sm-wilder_same_b-allowe_warmup-ready_: ok fills=246 (28.4s)
[2367/2367] BANK2_OM-A_per_ticker__T_cross_-both_d_input_-raw_rsi_ex-cross_rsi_sm-wilder_same_b-wait_b_warmup-ready_: exit=1 fills=None (5.2s)
BUILD DONE
