freeze OK t1=5ae1bdb0e71a all=0eeb421b90d4 engine={'engine_image': 'quantconnect/lean@sha256:dc84a683464681b2e6c9579bc7655e16d4802380367c77004e40a6a504088bd7', 'lean_cli': 'lean 1.0.227', 'git_rev': 'b11f5d122f97867cc5ed6d1c49ddee57e4628667'}
jobs=2869 workers=6
[1/2869] BANK2_DONOR_pin__ref: cached
[2/2869] BANK2_DONOR_pin__OAT_rsi_smoothing-simple: cached
[3/2869] BANK2_DONOR_pin__OAT_rsi_exit-cross: cached
[4/2869] BANK2_DONOR_pin__OAT_warmup-ready_check: cached
[5/2869] BANK2_DONOR_pin__OAT_warmup-ready_per_rule: cached
[6/2869] BANK2_DONOR_pin__OAT_a_exec-set_holdings: cached
[7/2869] BANK2_DONOR_pin__OAT_same_bar_reentry-wait_bar: cached
[8/2869] BANK2_DONOR_pin__OAT_input_field-raw: cached
[9/2869] BANK2_DONOR_pin__OAT_cross_timing-today_ma: cached
[10/2869] BANK2_DONOR_pin__SPOT_all_excluded_off: cached
[11/2869] BANK2_BL-01a_SMA__ref: cached
[12/2869] BANK2_BL-01a_SMA__T_cross_-today__input_-adjust_warmup-strict: cached
[13/2869] BANK2_BL-01a_SMA__T_cross_-both_d_input_-raw_warmup-strict: cached
[14/2869] BANK2_BL-01a_SMA__T_cross_-today__input_-raw_warmup-strict: cached
[15/2869] BANK2_BL-01a_SMA__T_cross_-both_d_input_-adjust_warmup-ready_: cached
[16/2869] BANK2_BL-01a_SMA__T_cross_-today__input_-raw_warmup-ready_: cached
[17/2869] BANK2_BL-01a_SMA__T_cross_-today__input_-adjust_warmup-ready_: cached
[18/2869] BANK2_BL-01a_SMA__T_cross_-both_d_input_-raw_warmup-ready_: cached
[19/2869] BANK2_BL-01a_SMA__OAT_same_bar_reentry-wait_bar: cached
[20/2869] BANK2_BL-01a_SMA__OAT_a_exec-set_holdings: cached
[21/2869] BANK2_BL-01a_SMA__OAT_rsi_smoothing-simple: cached
[22/2869] BANK2_BL-01a_SMA__OAT_rsi_exit-cross: cached
[23/2869] BANK2_BL-01a_SMA__SPOT_all_excluded_off: cached
[24/2869] BANK2_BL-01a_EMA__ref: cached
[25/2869] BANK2_BL-01a_EMA__ref_wb-200: cached
[26/2869] BANK2_BL-01a_EMA__ref_wb-150: cached
[27/2869] BANK2_BL-01a_EMA__ref_wb-252: cached
[28/2869] BANK2_BL-01a_EMA__T_cross_-today__input_-adjust_warmup-strict_wb-150: cached
[29/2869] BANK2_BL-01a_EMA__T_cross_-today__input_-adjust_warmup-strict: cached
[30/2869] BANK2_BL-01a_EMA__T_cross_-today__input_-adjust_warmup-strict_wb-252: cached
[31/2869] BANK2_BL-01a_EMA__T_cross_-today__input_-adjust_warmup-strict_wb-200: cached
[32/2869] BANK2_BL-01a_EMA__T_cross_-both_d_input_-raw_warmup-strict: cached
[33/2869] BANK2_BL-01a_EMA__T_cross_-both_d_input_-raw_warmup-strict_wb-150: cached
[34/2869] BANK2_BL-01a_EMA__T_cross_-both_d_input_-raw_warmup-strict_wb-200: cached
[35/2869] BANK2_BL-01a_EMA__T_cross_-today__input_-raw_warmup-strict: cached
[36/2869] BANK2_BL-01a_EMA__T_cross_-both_d_input_-raw_warmup-strict_wb-252: cached
[37/2869] BANK2_BL-01a_EMA__T_cross_-today__input_-raw_warmup-strict_wb-150: cached
[38/2869] BANK2_BL-01a_EMA__T_cross_-today__input_-raw_warmup-strict_wb-200: cached
[39/2869] BANK2_BL-01a_EMA__T_cross_-today__input_-raw_warmup-strict_wb-252: cached
[40/2869] BANK2_BL-01a_EMA__T_cross_-both_d_input_-adjust_warmup-ready_: cached
[41/2869] BANK2_BL-01a_EMA__T_cross_-today__input_-adjust_warmup-ready_: cached
[42/2869] BANK2_BL-01a_EMA__T_cross_-both_d_input_-raw_warmup-ready_: cached
[43/2869] BANK2_BL-01a_EMA__T_cross_-today__input_-raw_warmup-ready_: cached
[44/2869] BANK2_BL-01a_EMA__OAT_rsi_smoothing-simple: cached
[45/2869] BANK2_BL-01a_EMA__OAT_rsi_exit-cross: cached
[46/2869] BANK2_BL-01a_EMA__OAT_a_exec-set_holdings: cached
[47/2869] BANK2_BL-01a_EMA__SPOT_all_excluded_off: cached
[48/2869] BANK2_BL-01a_EMA__OAT_same_bar_reentry-wait_bar: cached
[49/2869] BANK2_BL-01a_WMA__ref: cached
[50/2869] BANK2_BL-01a_WMA__T_cross_-today__input_-adjust_warmup-strict: cached
[51/2869] BANK2_BL-01a_WMA__T_cross_-both_d_input_-raw_warmup-strict: cached
[52/2869] BANK2_BL-01a_WMA__T_cross_-today__input_-raw_warmup-strict: cached
[53/2869] BANK2_BL-01a_WMA__T_cross_-both_d_input_-adjust_warmup-ready_: cached
[54/2869] BANK2_BL-01a_WMA__T_cross_-today__input_-adjust_warmup-ready_: cached
[55/2869] BANK2_BL-01a_WMA__T_cross_-both_d_input_-raw_warmup-ready_: cached
[56/2869] BANK2_BL-01a_WMA__T_cross_-today__input_-raw_warmup-ready_: cached
[57/2869] BANK2_BL-01a_WMA__OAT_rsi_exit-cross: cached
[58/2869] BANK2_BL-01a_WMA__OAT_rsi_smoothing-simple: cached
[59/2869] BANK2_BL-01a_WMA__OAT_a_exec-set_holdings: cached
[60/2869] BANK2_BL-01a_WMA__OAT_same_bar_reentry-wait_bar: cached
[61/2869] BANK2_BL-01a_WMA__SPOT_all_excluded_off: cached
[62/2869] BANK2_BL-01b_p10__T_cross_-today__input_-adjust_warmup-strict: cached
[63/2869] BANK2_BL-01b_p10__ref: cached
[64/2869] BANK2_BL-01b_p10__T_cross_-both_d_input_-raw_warmup-strict: cached
[65/2869] BANK2_BL-01b_p10__T_cross_-today__input_-raw_warmup-strict: cached
[66/2869] BANK2_BL-01b_p10__T_cross_-both_d_input_-raw_warmup-ready_: cached
[67/2869] BANK2_BL-01b_p10__T_cross_-both_d_input_-adjust_warmup-ready_: cached
[68/2869] BANK2_BL-01b_p10__T_cross_-today__input_-adjust_warmup-ready_: cached
[69/2869] BANK2_BL-01b_p10__T_cross_-today__input_-raw_warmup-ready_: cached
[70/2869] BANK2_BL-01b_p10__OAT_rsi_smoothing-simple: cached
[71/2869] BANK2_BL-01b_p10__OAT_rsi_exit-cross: cached
[72/2869] BANK2_BL-01b_p10__OAT_same_bar_reentry-wait_bar: cached
[73/2869] BANK2_BL-01b_p10__OAT_a_exec-set_holdings: cached
[74/2869] BANK2_BL-01b_p20__ref: cached
[75/2869] BANK2_BL-01b_p10__SPOT_all_excluded_off: cached
[76/2869] BANK2_BL-01b_p20__T_cross_-today__input_-adjust_warmup-strict: cached
[77/2869] BANK2_BL-01b_p20__T_cross_-both_d_input_-raw_warmup-strict: cached
[78/2869] BANK2_BL-01b_p20__T_cross_-today__input_-raw_warmup-strict: cached
[79/2869] BANK2_BL-01b_p20__T_cross_-both_d_input_-adjust_warmup-ready_: cached
[80/2869] BANK2_BL-01b_p20__T_cross_-today__input_-adjust_warmup-ready_: cached
[81/2869] BANK2_BL-01b_p20__T_cross_-both_d_input_-raw_warmup-ready_: cached
[82/2869] BANK2_BL-01b_p20__T_cross_-today__input_-raw_warmup-ready_: cached
[83/2869] BANK2_BL-01b_p20__OAT_rsi_smoothing-simple: cached
[84/2869] BANK2_BL-01b_p20__OAT_rsi_exit-cross: cached
[85/2869] BANK2_BL-01b_p20__OAT_a_exec-set_holdings: cached
[86/2869] BANK2_BL-01b_p20__OAT_same_bar_reentry-wait_bar: cached
[87/2869] BANK2_BL-01b_p20__SPOT_all_excluded_off: cached
[88/2869] BANK2_BL-01b_p50__ref: cached
[89/2869] BANK2_BL-01b_p50__T_cross_-today__input_-adjust_warmup-strict: cached
[90/2869] BANK2_BL-01b_p50__T_cross_-today__input_-raw_warmup-strict: cached
[91/2869] BANK2_BL-01b_p50__T_cross_-both_d_input_-raw_warmup-strict: cached
[92/2869] BANK2_BL-01b_p50__T_cross_-both_d_input_-adjust_warmup-ready_: cached
[93/2869] BANK2_BL-01b_p50__T_cross_-today__input_-adjust_warmup-ready_: cached
[94/2869] BANK2_BL-01b_p50__T_cross_-both_d_input_-raw_warmup-ready_: cached
[95/2869] BANK2_BL-01b_p50__T_cross_-today__input_-raw_warmup-ready_: cached
[96/2869] BANK2_BL-01b_p50__OAT_rsi_smoothing-simple: cached
[97/2869] BANK2_BL-01b_p50__OAT_rsi_exit-cross: cached
[98/2869] BANK2_BL-01b_p50__OAT_a_exec-set_holdings: cached
[99/2869] BANK2_BL-01b_p50__OAT_same_bar_reentry-wait_bar: cached
[100/2869] BANK2_BL-01b_p50__SPOT_all_excluded_off: cached
[101/2869] BANK2_BL-01b_p100__ref: cached
[102/2869] BANK2_BL-01b_p100__T_cross_-today__input_-adjust_warmup-strict: cached
[103/2869] BANK2_BL-01b_p100__T_cross_-today__input_-raw_warmup-strict: cached
[104/2869] BANK2_BL-01b_p100__T_cross_-both_d_input_-raw_warmup-strict: cached
[105/2869] BANK2_BL-01b_p100__T_cross_-both_d_input_-adjust_warmup-ready_: cached
[106/2869] BANK2_BL-01b_p100__T_cross_-today__input_-adjust_warmup-ready_: cached
[107/2869] BANK2_BL-01b_p100__T_cross_-both_d_input_-raw_warmup-ready_: cached
[108/2869] BANK2_BL-01b_p100__T_cross_-today__input_-raw_warmup-ready_: cached
[109/2869] BANK2_BL-01b_p100__OAT_rsi_smoothing-simple: cached
[110/2869] BANK2_BL-01b_p100__OAT_rsi_exit-cross: cached
[111/2869] BANK2_BL-01b_p100__OAT_a_exec-set_holdings: cached
[112/2869] BANK2_BL-01b_p100__OAT_same_bar_reentry-wait_bar: cached
[113/2869] BANK2_BL-01b_p100__SPOT_all_excluded_off: cached
[114/2869] BANK2_BL-01b_p200__ref: cached
[115/2869] BANK2_BL-01b_p200__T_cross_-today__input_-adjust_warmup-strict: cached
[116/2869] BANK2_BL-01b_p200__T_cross_-both_d_input_-raw_warmup-strict: cached
[117/2869] BANK2_BL-01b_p200__T_cross_-today__input_-raw_warmup-strict: cached
[118/2869] BANK2_BL-01b_p200__T_cross_-both_d_input_-adjust_warmup-ready_: cached
[119/2869] BANK2_BL-01b_p200__T_cross_-today__input_-adjust_warmup-ready_: cached
[120/2869] BANK2_BL-01b_p200__T_cross_-both_d_input_-raw_warmup-ready_: cached
[121/2869] BANK2_BL-01b_p200__T_cross_-today__input_-raw_warmup-ready_: cached
[122/2869] BANK2_BL-01b_p200__OAT_rsi_smoothing-simple: cached
[123/2869] BANK2_BL-01b_p200__OAT_rsi_exit-cross: cached
[124/2869] BANK2_BL-01b_p200__OAT_a_exec-set_holdings: cached
[125/2869] BANK2_BL-01b_p200__OAT_same_bar_reentry-wait_bar: cached
[126/2869] BANK2_BL-01b_p200__SPOT_all_excluded_off: cached
[127/2869] BANK2_BL-01c_SMA10__T_cross_-today__input_-adjust_warmup-strict: cached
[128/2869] BANK2_BL-01c_SMA10__ref: cached
[129/2869] BANK2_BL-01c_SMA10__T_cross_-both_d_input_-raw_warmup-strict: cached
[130/2869] BANK2_BL-01c_SMA10__T_cross_-both_d_input_-adjust_warmup-ready_: cached
[131/2869] BANK2_BL-01c_SMA10__T_cross_-today__input_-raw_warmup-strict: cached
[132/2869] BANK2_BL-01c_SMA10__T_cross_-today__input_-adjust_warmup-ready_: cached
[133/2869] BANK2_BL-01c_SMA10__T_cross_-both_d_input_-raw_warmup-ready_: cached
[134/2869] BANK2_BL-01c_SMA10__T_cross_-today__input_-raw_warmup-ready_: cached
[135/2869] BANK2_BL-01c_SMA10__OAT_rsi_smoothing-simple: cached
[136/2869] BANK2_BL-01c_SMA10__OAT_rsi_exit-cross: cached
[137/2869] BANK2_BL-01c_SMA10__OAT_a_exec-set_holdings: cached
[138/2869] BANK2_BL-01c_SMA10__SPOT_all_excluded_off: cached
[139/2869] BANK2_BL-01c_SMA10__OAT_same_bar_reentry-wait_bar: cached
[140/2869] BANK2_BL-01c_SMA20__T_cross_-today__input_-raw_warmup-strict: cached
[141/2869] BANK2_BL-01c_SMA20__T_cross_-both_d_input_-adjust_warmup-ready_: cached
[142/2869] BANK2_BL-01c_SMA20__T_cross_-today__input_-adjust_warmup-ready_: cached
[143/2869] BANK2_BL-01c_SMA20__T_cross_-today__input_-raw_warmup-ready_: cached
[144/2869] BANK2_BL-01c_SMA20__T_cross_-both_d_input_-raw_warmup-ready_: cached
[145/2869] BANK2_BL-01c_SMA20__OAT_rsi_smoothing-simple: cached
[146/2869] BANK2_BL-01c_SMA20__OAT_rsi_exit-cross: cached
[147/2869] BANK2_BL-01c_SMA20__OAT_a_exec-set_holdings: cached
[148/2869] BANK2_BL-01c_SMA20__SPOT_all_excluded_off: cached
[149/2869] BANK2_BL-01c_SMA20__OAT_same_bar_reentry-wait_bar: cached
[150/2869] BANK2_BL-01c_SMA50__ref: cached
[151/2869] BANK2_BL-01c_SMA50__T_cross_-today__input_-adjust_warmup-strict: cached
[152/2869] BANK2_BL-01c_SMA50__T_cross_-both_d_input_-raw_warmup-strict: cached
[153/2869] BANK2_BL-01c_SMA50__T_cross_-today__input_-raw_warmup-strict: cached
[154/2869] BANK2_BL-01c_SMA50__T_cross_-both_d_input_-adjust_warmup-ready_: cached
[155/2869] BANK2_BL-01c_SMA50__T_cross_-both_d_input_-raw_warmup-ready_: cached
[156/2869] BANK2_BL-01c_SMA50__T_cross_-today__input_-adjust_warmup-ready_: cached
[157/2869] BANK2_BL-01c_SMA50__T_cross_-today__input_-raw_warmup-ready_: cached
[158/2869] BANK2_BL-01c_SMA50__OAT_rsi_smoothing-simple: cached
[159/2869] BANK2_BL-01c_SMA50__OAT_rsi_exit-cross: cached
[160/2869] BANK2_BL-01c_SMA50__OAT_a_exec-set_holdings: cached
[161/2869] BANK2_BL-01c_SMA50__OAT_same_bar_reentry-wait_bar: cached
[162/2869] BANK2_BL-01c_SMA50__SPOT_all_excluded_off: cached
[163/2869] BANK2_BL-01c_SMA100__ref: cached
[164/2869] BANK2_BL-01c_SMA100__T_cross_-today__input_-adjust_warmup-strict: cached
[165/2869] BANK2_BL-01c_SMA100__T_cross_-both_d_input_-raw_warmup-strict: cached
[166/2869] BANK2_BL-01c_SMA100__T_cross_-today__input_-raw_warmup-strict: cached
[167/2869] BANK2_BL-01c_SMA100__T_cross_-both_d_input_-adjust_warmup-ready_: cached
[168/2869] BANK2_BL-01c_SMA100__T_cross_-today__input_-adjust_warmup-ready_: cached
[169/2869] BANK2_BL-01c_SMA100__T_cross_-both_d_input_-raw_warmup-ready_: cached
[170/2869] BANK2_BL-01c_SMA100__T_cross_-today__input_-raw_warmup-ready_: cached
[171/2869] BANK2_BL-01c_SMA100__OAT_rsi_exit-cross: cached
[172/2869] BANK2_BL-01c_SMA100__OAT_rsi_smoothing-simple: cached
[173/2869] BANK2_BL-01c_SMA100__OAT_a_exec-set_holdings: cached
[174/2869] BANK2_BL-01c_SMA100__OAT_same_bar_reentry-wait_bar: cached
[175/2869] BANK2_BL-01c_SMA200__ref: cached
[176/2869] BANK2_BL-01c_SMA100__SPOT_all_excluded_off: cached
[177/2869] BANK2_BL-01c_SMA200__T_cross_-both_d_input_-raw_warmup-strict: cached
[178/2869] BANK2_BL-01c_SMA200__T_cross_-today__input_-raw_warmup-strict: cached
[179/2869] BANK2_BL-01c_SMA200__T_cross_-both_d_input_-adjust_warmup-ready_: cached
[180/2869] BANK2_BL-01c_SMA200__T_cross_-today__input_-adjust_warmup-ready_: cached
[181/2869] BANK2_BL-01c_SMA200__T_cross_-both_d_input_-raw_warmup-ready_: cached
[182/2869] BANK2_BL-01c_SMA200__T_cross_-today__input_-raw_warmup-ready_: cached
[183/2869] BANK2_BL-01c_SMA200__OAT_rsi_smoothing-simple: cached
[184/2869] BANK2_BL-01c_SMA200__OAT_rsi_exit-cross: cached
[185/2869] BANK2_BL-01c_SMA200__OAT_a_exec-set_holdings: cached
[186/2869] BANK2_BL-01c_SMA200__OAT_same_bar_reentry-wait_bar: cached
[187/2869] BANK2_BL-01c_SMA200__SPOT_all_excluded_off: cached
[188/2869] BANK2_BL-01c_EMA10__ref: cached
[189/2869] BANK2_BL-01c_EMA10__ref_wb-150: cached
[190/2869] BANK2_BL-01c_EMA10__ref_wb-200: cached
[191/2869] BANK2_BL-01c_EMA10__ref_wb-252: cached
[192/2869] BANK2_BL-01c_EMA10__T_cross_-today__input_-adjust_warmup-strict_wb-150: cached
[193/2869] BANK2_BL-01c_EMA10__T_cross_-today__input_-adjust_warmup-strict: cached
[194/2869] BANK2_BL-01c_EMA10__T_cross_-today__input_-adjust_warmup-strict_wb-200: cached
[195/2869] BANK2_BL-01c_EMA10__T_cross_-both_d_input_-raw_warmup-strict: cached
[196/2869] BANK2_BL-01c_EMA10__T_cross_-both_d_input_-raw_warmup-strict_wb-150: cached
[197/2869] BANK2_BL-01c_EMA10__T_cross_-both_d_input_-raw_warmup-strict_wb-200: cached
[198/2869] BANK2_BL-01c_EMA10__T_cross_-both_d_input_-raw_warmup-strict_wb-252: cached
[199/2869] BANK2_BL-01c_EMA10__T_cross_-today__input_-raw_warmup-strict: cached
[200/2869] BANK2_BL-01c_EMA10__T_cross_-today__input_-raw_warmup-strict_wb-150: cached
[201/2869] BANK2_BL-01c_EMA10__T_cross_-today__input_-raw_warmup-strict_wb-200: cached
[202/2869] BANK2_BL-01c_EMA10__T_cross_-today__input_-raw_warmup-strict_wb-252: cached
[203/2869] BANK2_BL-01c_EMA10__T_cross_-both_d_input_-adjust_warmup-ready_: cached
[204/2869] BANK2_BL-01c_EMA10__T_cross_-today__input_-adjust_warmup-ready_: cached
[205/2869] BANK2_BL-01c_EMA10__T_cross_-both_d_input_-raw_warmup-ready_: cached
[206/2869] BANK2_BL-01c_EMA10__T_cross_-today__input_-raw_warmup-ready_: cached
[207/2869] BANK2_BL-01c_EMA10__OAT_rsi_smoothing-simple: cached
[208/2869] BANK2_BL-01c_EMA10__OAT_rsi_exit-cross: cached
[209/2869] BANK2_BL-01c_EMA10__OAT_a_exec-set_holdings: cached
[210/2869] BANK2_BL-01c_EMA10__OAT_same_bar_reentry-wait_bar: cached
[211/2869] BANK2_BL-01c_EMA10__SPOT_all_excluded_off: cached
[212/2869] BANK2_BL-01c_EMA20__ref: cached
[213/2869] BANK2_BL-01c_EMA20__ref_wb-150: cached
[214/2869] BANK2_BL-01c_EMA20__ref_wb-200: cached
[215/2869] BANK2_BL-01c_EMA20__ref_wb-252: cached
[216/2869] BANK2_BL-01c_EMA20__T_cross_-today__input_-adjust_warmup-strict: cached
[217/2869] BANK2_BL-01c_EMA20__T_cross_-today__input_-adjust_warmup-strict_wb-150: cached
[218/2869] BANK2_BL-01c_EMA20__T_cross_-today__input_-adjust_warmup-strict_wb-200: cached
[219/2869] BANK2_BL-01c_EMA20__T_cross_-today__input_-adjust_warmup-strict_wb-252: cached
[220/2869] BANK2_BL-01c_EMA20__T_cross_-both_d_input_-raw_warmup-strict: cached
[221/2869] BANK2_BL-01c_EMA20__T_cross_-both_d_input_-raw_warmup-strict_wb-150: cached
[222/2869] BANK2_BL-01c_EMA20__T_cross_-both_d_input_-raw_warmup-strict_wb-200: cached
[223/2869] BANK2_BL-01c_EMA20__T_cross_-both_d_input_-raw_warmup-strict_wb-252: cached
[224/2869] BANK2_BL-01c_EMA20__T_cross_-today__input_-raw_warmup-strict: cached
[225/2869] BANK2_BL-01c_EMA20__T_cross_-today__input_-raw_warmup-strict_wb-150: cached
[226/2869] BANK2_BL-01c_EMA20__T_cross_-today__input_-raw_warmup-strict_wb-200: cached
[227/2869] BANK2_BL-01c_EMA20__T_cross_-today__input_-raw_warmup-strict_wb-252: cached
[228/2869] BANK2_BL-01c_EMA20__T_cross_-both_d_input_-adjust_warmup-ready_: cached
[229/2869] BANK2_BL-01c_EMA20__T_cross_-today__input_-adjust_warmup-ready_: cached
[230/2869] BANK2_BL-01c_EMA20__T_cross_-both_d_input_-raw_warmup-ready_: cached
[231/2869] BANK2_BL-01c_EMA20__T_cross_-today__input_-raw_warmup-ready_: cached
[232/2869] BANK2_BL-01c_EMA20__OAT_rsi_smoothing-simple: cached
[233/2869] BANK2_BL-01c_EMA20__OAT_rsi_exit-cross: cached
[234/2869] BANK2_BL-01c_EMA20__OAT_a_exec-set_holdings: cached
[235/2869] BANK2_BL-01c_EMA20__OAT_same_bar_reentry-wait_bar: cached
[236/2869] BANK2_BL-01c_EMA20__SPOT_all_excluded_off: cached
[237/2869] BANK2_BL-01c_EMA50__ref: cached
[238/2869] BANK2_BL-01c_EMA50__ref_wb-150: cached
[239/2869] BANK2_BL-01c_EMA50__ref_wb-200: cached
[240/2869] BANK2_BL-01c_EMA50__ref_wb-252: cached
[241/2869] BANK2_BL-01c_EMA50__T_cross_-today__input_-adjust_warmup-strict: cached
[242/2869] BANK2_BL-01c_EMA50__T_cross_-today__input_-adjust_warmup-strict_wb-150: cached
[243/2869] BANK2_BL-01c_EMA50__T_cross_-today__input_-adjust_warmup-strict_wb-200: cached
[244/2869] BANK2_BL-01c_EMA50__T_cross_-today__input_-adjust_warmup-strict_wb-252: cached
[245/2869] BANK2_BL-01c_EMA50__T_cross_-both_d_input_-raw_warmup-strict: cached
[246/2869] BANK2_BL-01c_EMA50__T_cross_-both_d_input_-raw_warmup-strict_wb-150: cached
[247/2869] BANK2_BL-01c_EMA50__T_cross_-both_d_input_-raw_warmup-strict_wb-200: cached
[248/2869] BANK2_BL-01c_EMA50__T_cross_-both_d_input_-raw_warmup-strict_wb-252: cached
[249/2869] BANK2_BL-01c_EMA50__T_cross_-today__input_-raw_warmup-strict: cached
[250/2869] BANK2_BL-01c_EMA50__T_cross_-today__input_-raw_warmup-strict_wb-150: cached
[251/2869] BANK2_BL-01c_EMA50__T_cross_-today__input_-raw_warmup-strict_wb-200: cached
[252/2869] BANK2_BL-01c_EMA50__T_cross_-today__input_-raw_warmup-strict_wb-252: cached
[253/2869] BANK2_BL-01c_EMA50__T_cross_-both_d_input_-adjust_warmup-ready_: cached
[254/2869] BANK2_BL-01c_EMA50__T_cross_-today__input_-adjust_warmup-ready_: cached
[255/2869] BANK2_BL-01c_EMA50__T_cross_-both_d_input_-raw_warmup-ready_: cached
[256/2869] BANK2_BL-01c_EMA50__T_cross_-today__input_-raw_warmup-ready_: cached
[257/2869] BANK2_BL-01c_EMA50__OAT_rsi_smoothing-simple: cached
[258/2869] BANK2_BL-01c_EMA50__OAT_rsi_exit-cross: cached
[259/2869] BANK2_BL-01c_EMA50__OAT_a_exec-set_holdings: cached
[260/2869] BANK2_BL-01c_EMA50__OAT_same_bar_reentry-wait_bar: cached
[261/2869] BANK2_BL-01c_EMA50__SPOT_all_excluded_off: cached
[262/2869] BANK2_BL-01c_EMA100__ref: cached
[263/2869] BANK2_BL-01c_EMA100__ref_wb-150: cached
[264/2869] BANK2_BL-01c_EMA100__ref_wb-200: cached
[265/2869] BANK2_BL-01c_EMA100__ref_wb-252: cached
[266/2869] BANK2_BL-01c_EMA100__T_cross_-today__input_-adjust_warmup-strict: cached
[267/2869] BANK2_BL-01c_EMA100__T_cross_-today__input_-adjust_warmup-strict_wb-150: cached
[268/2869] BANK2_BL-01c_EMA100__T_cross_-today__input_-adjust_warmup-strict_wb-200: cached
[269/2869] BANK2_BL-01c_EMA100__T_cross_-today__input_-adjust_warmup-strict_wb-252: cached
[270/2869] BANK2_BL-01c_EMA100__T_cross_-both_d_input_-raw_warmup-strict: cached
[271/2869] BANK2_BL-01c_EMA100__T_cross_-both_d_input_-raw_warmup-strict_wb-150: cached
[272/2869] BANK2_BL-01c_EMA100__T_cross_-both_d_input_-raw_warmup-strict_wb-200: cached
[273/2869] BANK2_BL-01c_EMA100__T_cross_-both_d_input_-raw_warmup-strict_wb-252: cached
[274/2869] BANK2_BL-01c_EMA100__T_cross_-today__input_-raw_warmup-strict: cached
[275/2869] BANK2_BL-01c_EMA100__T_cross_-today__input_-raw_warmup-strict_wb-150: cached
[276/2869] BANK2_BL-01c_EMA100__T_cross_-today__input_-raw_warmup-strict_wb-200: cached
[277/2869] BANK2_BL-01c_EMA100__T_cross_-today__input_-raw_warmup-strict_wb-252: cached
[278/2869] BANK2_BL-01c_EMA100__T_cross_-both_d_input_-adjust_warmup-ready_: cached
[279/2869] BANK2_BL-01c_EMA100__T_cross_-today__input_-adjust_warmup-ready_: cached
[280/2869] BANK2_BL-01c_EMA100__T_cross_-both_d_input_-raw_warmup-ready_: cached
[281/2869] BANK2_BL-01c_EMA100__T_cross_-today__input_-raw_warmup-ready_: cached
[282/2869] BANK2_BL-01c_EMA100__OAT_rsi_smoothing-simple: cached
[283/2869] BANK2_BL-01c_EMA100__OAT_rsi_exit-cross: cached
[284/2869] BANK2_BL-01c_EMA100__OAT_a_exec-set_holdings: cached
[285/2869] BANK2_BL-01c_EMA100__OAT_same_bar_reentry-wait_bar: cached
[286/2869] BANK2_BL-01c_EMA100__SPOT_all_excluded_off: cached
[287/2869] BANK2_BL-01c_EMA200__ref: cached
[288/2869] BANK2_BL-01c_EMA200__ref_wb-150: cached
[289/2869] BANK2_BL-01c_EMA200__ref_wb-200: cached
[290/2869] BANK2_BL-01c_EMA200__ref_wb-252: cached
[291/2869] BANK2_BL-01c_EMA200__T_cross_-today__input_-adjust_warmup-strict: cached
[292/2869] BANK2_BL-01c_EMA200__T_cross_-today__input_-adjust_warmup-strict_wb-150: cached
[293/2869] BANK2_BL-01c_EMA200__T_cross_-today__input_-adjust_warmup-strict_wb-200: cached
[294/2869] BANK2_BL-01c_EMA200__T_cross_-today__input_-adjust_warmup-strict_wb-252: cached
[295/2869] BANK2_BL-01c_EMA200__T_cross_-both_d_input_-raw_warmup-strict: cached
[296/2869] BANK2_BL-01c_EMA200__T_cross_-both_d_input_-raw_warmup-strict_wb-150: cached
[297/2869] BANK2_BL-01c_EMA200__T_cross_-both_d_input_-raw_warmup-strict_wb-200: cached
[298/2869] BANK2_BL-01c_EMA200__T_cross_-both_d_input_-raw_warmup-strict_wb-252: cached
[299/2869] BANK2_BL-01c_EMA200__T_cross_-today__input_-raw_warmup-strict: cached
[300/2869] BANK2_BL-01c_EMA200__T_cross_-today__input_-raw_warmup-strict_wb-150: cached
[301/2869] BANK2_BL-01c_EMA200__T_cross_-today__input_-raw_warmup-strict_wb-200: cached
[302/2869] BANK2_BL-01c_EMA200__T_cross_-today__input_-raw_warmup-strict_wb-252: cached
[303/2869] BANK2_BL-01c_EMA200__T_cross_-both_d_input_-adjust_warmup-ready_: cached
[304/2869] BANK2_BL-01c_EMA200__T_cross_-today__input_-adjust_warmup-ready_: cached
[305/2869] BANK2_BL-01c_EMA200__T_cross_-both_d_input_-raw_warmup-ready_: cached
[306/2869] BANK2_BL-01c_EMA200__T_cross_-today__input_-raw_warmup-ready_: cached
[307/2869] BANK2_BL-01c_EMA200__OAT_rsi_smoothing-simple: cached
[308/2869] BANK2_BL-01c_EMA200__OAT_rsi_exit-cross: cached
[309/2869] BANK2_BL-01c_EMA200__OAT_a_exec-set_holdings: cached
[310/2869] BANK2_BL-01c_EMA200__OAT_same_bar_reentry-wait_bar: cached
[311/2869] BANK2_BL-01c_EMA200__SPOT_all_excluded_off: cached
[312/2869] BANK2_BL-01c_WMA10__ref: cached
[313/2869] BANK2_BL-01c_WMA10__T_cross_-today__input_-adjust_warmup-strict: cached
[314/2869] BANK2_BL-01c_WMA10__T_cross_-both_d_input_-raw_warmup-strict: cached
[315/2869] BANK2_BL-01c_WMA10__T_cross_-today__input_-raw_warmup-strict: cached
[316/2869] BANK2_BL-01c_WMA10__T_cross_-both_d_input_-adjust_warmup-ready_: cached
[317/2869] BANK2_BL-01c_WMA10__T_cross_-today__input_-adjust_warmup-ready_: cached
[318/2869] BANK2_BL-01c_WMA10__T_cross_-both_d_input_-raw_warmup-ready_: cached
[319/2869] BANK2_BL-01c_WMA10__T_cross_-today__input_-raw_warmup-ready_: cached
[320/2869] BANK2_BL-01c_WMA10__OAT_rsi_smoothing-simple: cached
[321/2869] BANK2_BL-01c_WMA10__OAT_rsi_exit-cross: cached
[322/2869] BANK2_BL-01c_WMA10__OAT_a_exec-set_holdings: cached
[323/2869] BANK2_BL-01c_WMA10__OAT_same_bar_reentry-wait_bar: cached
[324/2869] BANK2_BL-01c_WMA10__SPOT_all_excluded_off: cached
[325/2869] BANK2_BL-01c_WMA20__ref: cached
[326/2869] BANK2_BL-01c_WMA20__T_cross_-today__input_-adjust_warmup-strict: cached
[327/2869] BANK2_BL-01c_WMA20__T_cross_-both_d_input_-raw_warmup-strict: cached
[328/2869] BANK2_BL-01c_WMA20__T_cross_-today__input_-raw_warmup-strict: cached
[329/2869] BANK2_BL-01c_WMA20__T_cross_-both_d_input_-adjust_warmup-ready_: cached
[330/2869] BANK2_BL-01c_WMA20__T_cross_-today__input_-adjust_warmup-ready_: cached
[331/2869] BANK2_BL-01c_WMA20__T_cross_-both_d_input_-raw_warmup-ready_: cached
[332/2869] BANK2_BL-01c_WMA20__T_cross_-today__input_-raw_warmup-ready_: cached
[333/2869] BANK2_BL-01c_WMA20__OAT_rsi_smoothing-simple: cached
[334/2869] BANK2_BL-01c_WMA20__OAT_rsi_exit-cross: cached
[335/2869] BANK2_BL-01c_WMA20__OAT_a_exec-set_holdings: cached
[336/2869] BANK2_BL-01c_WMA20__OAT_same_bar_reentry-wait_bar: cached
[337/2869] BANK2_BL-01c_WMA20__SPOT_all_excluded_off: cached
[338/2869] BANK2_BL-01c_WMA50__ref: cached
[339/2869] BANK2_BL-01c_WMA50__T_cross_-today__input_-adjust_warmup-strict: cached
[340/2869] BANK2_BL-01c_WMA50__T_cross_-both_d_input_-raw_warmup-strict: cached
[341/2869] BANK2_BL-01c_WMA50__T_cross_-today__input_-raw_warmup-strict: cached
[342/2869] BANK2_BL-01c_WMA50__T_cross_-both_d_input_-adjust_warmup-ready_: cached
[343/2869] BANK2_BL-01c_WMA50__T_cross_-today__input_-adjust_warmup-ready_: cached
[344/2869] BANK2_BL-01c_WMA50__T_cross_-both_d_input_-raw_warmup-ready_: cached
[345/2869] BANK2_BL-01c_WMA50__T_cross_-today__input_-raw_warmup-ready_: cached
[346/2869] BANK2_BL-01c_WMA50__OAT_rsi_smoothing-simple: cached
[347/2869] BANK2_BL-01c_WMA50__OAT_rsi_exit-cross: cached
[348/2869] BANK2_BL-01c_WMA50__OAT_a_exec-set_holdings: cached
[349/2869] BANK2_BL-01c_WMA50__OAT_same_bar_reentry-wait_bar: cached
[350/2869] BANK2_BL-01c_WMA50__SPOT_all_excluded_off: cached
[351/2869] BANK2_BL-01c_WMA100__ref: cached
[352/2869] BANK2_BL-01c_WMA100__T_cross_-today__input_-adjust_warmup-strict: cached
[353/2869] BANK2_BL-01c_WMA100__T_cross_-both_d_input_-raw_warmup-strict: cached
[354/2869] BANK2_BL-01c_WMA100__T_cross_-today__input_-raw_warmup-strict: cached
[355/2869] BANK2_BL-01c_WMA100__T_cross_-both_d_input_-adjust_warmup-ready_: cached
[356/2869] BANK2_BL-01c_WMA100__T_cross_-today__input_-adjust_warmup-ready_: cached
[357/2869] BANK2_BL-01c_WMA100__T_cross_-both_d_input_-raw_warmup-ready_: cached
[358/2869] BANK2_BL-01c_WMA100__T_cross_-today__input_-raw_warmup-ready_: cached
[359/2869] BANK2_BL-01c_WMA100__OAT_rsi_smoothing-simple: cached
[360/2869] BANK2_BL-01c_WMA100__OAT_rsi_exit-cross: cached
[361/2869] BANK2_BL-01c_WMA100__OAT_a_exec-set_holdings: cached
[362/2869] BANK2_BL-01c_WMA100__OAT_same_bar_reentry-wait_bar: cached
[363/2869] BANK2_BL-01c_WMA100__SPOT_all_excluded_off: cached
[364/2869] BANK2_BL-01c_WMA200__ref: cached
[365/2869] BANK2_BL-01c_WMA200__T_cross_-today__input_-adjust_warmup-strict: cached
[366/2869] BANK2_BL-01c_WMA200__T_cross_-both_d_input_-raw_warmup-strict: cached
[367/2869] BANK2_BL-01c_WMA200__T_cross_-today__input_-raw_warmup-strict: cached
[368/2869] BANK2_BL-01c_WMA200__T_cross_-both_d_input_-adjust_warmup-ready_: cached
[369/2869] BANK2_BL-01c_WMA200__T_cross_-today__input_-adjust_warmup-ready_: cached
[370/2869] BANK2_BL-01c_WMA200__T_cross_-both_d_input_-raw_warmup-ready_: cached
[371/2869] BANK2_BL-01c_WMA200__T_cross_-today__input_-raw_warmup-ready_: cached
[372/2869] BANK2_BL-01c_WMA200__OAT_rsi_smoothing-simple: cached
[373/2869] BANK2_BL-01c_WMA200__OAT_rsi_exit-cross: cached
[374/2869] BANK2_BL-01c_WMA200__OAT_a_exec-set_holdings: cached
[375/2869] BANK2_BL-01c_WMA200__OAT_same_bar_reentry-wait_bar: cached
[376/2869] BANK2_BL-01c_WMA200__SPOT_all_excluded_off: cached
[377/2869] BANK2_CROSS_conv_reent__ref: cached
[378/2869] BANK2_CROSS_conv_reent__T_cross_-today__input_-adjust_warmup-strict: cached
[379/2869] BANK2_CROSS_conv_reent__T_cross_-both_d_input_-raw_warmup-strict: cached
[380/2869] BANK2_CROSS_conv_reent__T_cross_-today__input_-raw_warmup-strict: cached
[381/2869] BANK2_CROSS_conv_reent__T_cross_-both_d_input_-adjust_warmup-ready_: cached
[382/2869] BANK2_CROSS_conv_reent__T_cross_-today__input_-adjust_warmup-ready_: cached
[383/2869] BANK2_CROSS_conv_reent__T_cross_-both_d_input_-raw_warmup-ready_: cached
[384/2869] BANK2_CROSS_conv_reent__T_cross_-today__input_-raw_warmup-ready_: cached
[385/2869] BANK2_CROSS_conv_reent__OAT_rsi_smoothing-simple: cached
[386/2869] BANK2_CROSS_conv_reent__OAT_rsi_exit-cross: cached
[387/2869] BANK2_CROSS_conv_reent__OAT_a_exec-set_holdings: cached
[388/2869] BANK2_CROSS_conv_reent__SPOT_all_excluded_off: cached
[389/2869] BANK2_CROSS_conv_wait__ref: cached
[390/2869] BANK2_CROSS_conv_wait__T_cross_-today__input_-adjust_warmup-strict: cached
[391/2869] BANK2_CROSS_conv_wait__T_cross_-both_d_input_-raw_warmup-strict: cached
[392/2869] BANK2_CROSS_conv_wait__T_cross_-today__input_-raw_warmup-strict: cached
[393/2869] BANK2_CROSS_conv_wait__T_cross_-both_d_input_-adjust_warmup-ready_: cached
[394/2869] BANK2_CROSS_conv_wait__T_cross_-today__input_-adjust_warmup-ready_: cached
[395/2869] BANK2_CROSS_conv_wait__T_cross_-both_d_input_-raw_warmup-ready_: cached
[396/2869] BANK2_CROSS_conv_wait__T_cross_-today__input_-raw_warmup-ready_: cached
[397/2869] BANK2_CROSS_conv_wait__OAT_rsi_smoothing-simple: cached
[398/2869] BANK2_CROSS_conv_wait__OAT_rsi_exit-cross: cached
[399/2869] BANK2_CROSS_conv_wait__OAT_a_exec-set_holdings: cached
[400/2869] BANK2_CROSS_conv_wait__SPOT_all_excluded_off: cached
[401/2869] BANK2_CROSS_inv_reent__ref: cached
[402/2869] BANK2_CROSS_inv_reent__T_cross_-today__input_-adjust_warmup-strict: cached
[403/2869] BANK2_CROSS_inv_reent__T_cross_-both_d_input_-raw_warmup-strict: cached
[404/2869] BANK2_CROSS_inv_reent__T_cross_-today__input_-raw_warmup-strict: cached
[405/2869] BANK2_CROSS_inv_reent__T_cross_-both_d_input_-adjust_warmup-ready_: cached
[406/2869] BANK2_CROSS_inv_reent__T_cross_-today__input_-adjust_warmup-ready_: cached
[407/2869] BANK2_CROSS_inv_reent__T_cross_-both_d_input_-raw_warmup-ready_: cached
[408/2869] BANK2_CROSS_inv_reent__T_cross_-today__input_-raw_warmup-ready_: cached
[409/2869] BANK2_CROSS_inv_reent__OAT_rsi_smoothing-simple: cached
[410/2869] BANK2_CROSS_inv_reent__OAT_rsi_exit-cross: cached
[411/2869] BANK2_CROSS_inv_reent__OAT_a_exec-set_holdings: cached
[412/2869] BANK2_CROSS_inv_reent__SPOT_all_excluded_off: cached
[413/2869] BANK2_CROSS_inv_wait__ref: cached
[414/2869] BANK2_CROSS_inv_wait__T_cross_-today__input_-adjust_warmup-strict: cached
[415/2869] BANK2_CROSS_inv_wait__T_cross_-both_d_input_-raw_warmup-strict: cached
[416/2869] BANK2_CROSS_inv_wait__T_cross_-today__input_-raw_warmup-strict: cached
[417/2869] BANK2_CROSS_inv_wait__T_cross_-both_d_input_-adjust_warmup-ready_: cached
[418/2869] BANK2_CROSS_inv_wait__T_cross_-today__input_-adjust_warmup-ready_: cached
[419/2869] BANK2_CROSS_inv_wait__T_cross_-both_d_input_-raw_warmup-ready_: cached
[420/2869] BANK2_CROSS_inv_wait__T_cross_-today__input_-raw_warmup-ready_: cached
[421/2869] BANK2_CROSS_inv_wait__OAT_rsi_smoothing-simple: cached
[422/2869] BANK2_CROSS_inv_wait__OAT_rsi_exit-cross: cached
[423/2869] BANK2_CROSS_inv_wait__OAT_a_exec-set_holdings: cached
[424/2869] BANK2_CROSS_inv_wait__SPOT_all_excluded_off: cached
[425/2869] BANK2_CROSS_sym_reent__ref: cached
[426/2869] BANK2_CROSS_sym_reent__T_cross_-today__input_-adjust_warmup-strict: cached
[427/2869] BANK2_CROSS_sym_reent__T_cross_-both_d_input_-raw_warmup-strict: cached
[428/2869] BANK2_CROSS_sym_reent__T_cross_-today__input_-raw_warmup-strict: cached
[429/2869] BANK2_CROSS_sym_reent__T_cross_-both_d_input_-adjust_warmup-ready_: cached
[430/2869] BANK2_CROSS_sym_reent__T_cross_-today__input_-adjust_warmup-ready_: cached
[431/2869] BANK2_CROSS_sym_reent__T_cross_-both_d_input_-raw_warmup-ready_: cached
[432/2869] BANK2_CROSS_sym_reent__T_cross_-today__input_-raw_warmup-ready_: cached
[433/2869] BANK2_CROSS_sym_reent__OAT_rsi_smoothing-simple: cached
[434/2869] BANK2_CROSS_sym_reent__OAT_rsi_exit-cross: cached
[435/2869] BANK2_CROSS_sym_reent__OAT_a_exec-set_holdings: cached
[436/2869] BANK2_CROSS_sym_reent__SPOT_all_excluded_off: cached
[437/2869] BANK2_CROSS_sym_wait__ref: cached
[438/2869] BANK2_CROSS_sym_wait__T_cross_-today__input_-adjust_warmup-strict: ok fills=267 (38.1s)
[439/2869] BANK2_CROSS_sym_wait__T_cross_-both_d_input_-raw_warmup-strict: cached
[440/2869] BANK2_CROSS_sym_wait__T_cross_-today__input_-raw_warmup-strict: cached
[441/2869] BANK2_CROSS_sym_wait__T_cross_-both_d_input_-adjust_warmup-ready_: cached
[442/2869] BANK2_CROSS_sym_wait__T_cross_-today__input_-adjust_warmup-ready_: cached
[443/2869] BANK2_CROSS_sym_wait__T_cross_-both_d_input_-raw_warmup-ready_: cached
[444/2869] BANK2_CROSS_sym_wait__T_cross_-today__input_-raw_warmup-ready_: cached
[445/2869] BANK2_CROSS_sym_wait__OAT_rsi_smoothing-simple: cached
[446/2869] BANK2_CROSS_sym_wait__OAT_rsi_exit-cross: cached
[447/2869] BANK2_CROSS_sym_wait__OAT_a_exec-set_holdings: cached
[448/2869] BANK2_CROSS_sym_wait__SPOT_all_excluded_off: cached
[449/2869] BANK2_CROSS_uu_reent__ref: cached
[450/2869] BANK2_CROSS_uu_reent__T_cross_-today__input_-adjust_warmup-strict: cached
[451/2869] BANK2_CROSS_uu_reent__T_cross_-both_d_input_-raw_warmup-strict: cached
[452/2869] BANK2_CROSS_uu_reent__T_cross_-today__input_-raw_warmup-strict: cached
[453/2869] BANK2_CROSS_uu_reent__T_cross_-both_d_input_-adjust_warmup-ready_: cached
[454/2869] BANK2_CROSS_uu_reent__T_cross_-today__input_-adjust_warmup-ready_: cached
[455/2869] BANK2_CROSS_uu_reent__T_cross_-both_d_input_-raw_warmup-ready_: cached
[456/2869] BANK2_CROSS_uu_reent__T_cross_-today__input_-raw_warmup-ready_: cached
[457/2869] BANK2_CROSS_uu_reent__OAT_rsi_smoothing-simple: cached
[458/2869] BANK2_CROSS_uu_reent__OAT_rsi_exit-cross: cached
[459/2869] BANK2_CROSS_uu_reent__OAT_a_exec-set_holdings: cached
[460/2869] BANK2_CROSS_uu_reent__SPOT_all_excluded_off: cached
[461/2869] BANK2_CROSS_uu_wait__ref: cached
[462/2869] BANK2_CROSS_uu_wait__T_cross_-today__input_-adjust_warmup-strict: cached
[463/2869] BANK2_CROSS_uu_wait__T_cross_-both_d_input_-raw_warmup-strict: cached
[464/2869] BANK2_CROSS_uu_wait__T_cross_-today__input_-raw_warmup-strict: cached
[465/2869] BANK2_CROSS_uu_wait__T_cross_-both_d_input_-adjust_warmup-ready_: cached
[466/2869] BANK2_CROSS_uu_wait__T_cross_-today__input_-adjust_warmup-ready_: cached
[467/2869] BANK2_CROSS_uu_wait__T_cross_-both_d_input_-raw_warmup-ready_: cached
[468/2869] BANK2_CROSS_uu_wait__T_cross_-today__input_-raw_warmup-ready_: cached
[469/2869] BANK2_CROSS_uu_wait__OAT_rsi_smoothing-simple: cached
[470/2869] BANK2_CROSS_uu_wait__OAT_rsi_exit-cross: cached
[471/2869] BANK2_CROSS_uu_wait__OAT_a_exec-set_holdings: cached
[472/2869] BANK2_CROSS_uu_wait__SPOT_all_excluded_off: cached
[473/2869] BANK2_CROSS_dd_reent__ref: cached
[474/2869] BANK2_CROSS_dd_reent__T_cross_-today__input_-adjust_warmup-strict: cached
[475/2869] BANK2_CROSS_dd_reent__T_cross_-both_d_input_-raw_warmup-strict: cached
[476/2869] BANK2_CROSS_dd_reent__T_cross_-today__input_-raw_warmup-strict: cached
[477/2869] BANK2_CROSS_dd_reent__T_cross_-both_d_input_-adjust_warmup-ready_: cached
[478/2869] BANK2_CROSS_dd_reent__T_cross_-today__input_-adjust_warmup-ready_: cached
[479/2869] BANK2_CROSS_dd_reent__T_cross_-both_d_input_-raw_warmup-ready_: cached
[480/2869] BANK2_CROSS_dd_reent__T_cross_-today__input_-raw_warmup-ready_: cached
[481/2869] BANK2_CROSS_dd_reent__OAT_rsi_smoothing-simple: cached
[482/2869] BANK2_CROSS_dd_reent__OAT_rsi_exit-cross: cached
[483/2869] BANK2_CROSS_dd_reent__OAT_a_exec-set_holdings: cached
[484/2869] BANK2_CROSS_dd_reent__SPOT_all_excluded_off: cached
[485/2869] BANK2_CROSS_dd_wait__ref: cached
[486/2869] BANK2_CROSS_dd_wait__T_cross_-today__input_-adjust_warmup-strict: cached
[487/2869] BANK2_CROSS_dd_wait__T_cross_-both_d_input_-raw_warmup-strict: cached
[488/2869] BANK2_CROSS_dd_wait__T_cross_-today__input_-raw_warmup-strict: cached
[489/2869] BANK2_CROSS_dd_wait__T_cross_-both_d_input_-adjust_warmup-ready_: cached
[490/2869] BANK2_CROSS_dd_wait__T_cross_-today__input_-adjust_warmup-ready_: cached
[491/2869] BANK2_CROSS_dd_wait__T_cross_-both_d_input_-raw_warmup-ready_: cached
[492/2869] BANK2_CROSS_dd_wait__T_cross_-today__input_-raw_warmup-ready_: cached
[493/2869] BANK2_CROSS_dd_wait__OAT_rsi_smoothing-simple: cached
[494/2869] BANK2_CROSS_dd_wait__OAT_rsi_exit-cross: cached
[495/2869] BANK2_CROSS_dd_wait__OAT_a_exec-set_holdings: cached
[496/2869] BANK2_CROSS_dd_wait__SPOT_all_excluded_off: cached
[497/2869] BANK2_CROSS_ua_reent__ref: cached
[498/2869] BANK2_CROSS_ua_reent__T_cross_-today__input_-adjust_warmup-strict: cached
[499/2869] BANK2_CROSS_ua_reent__T_cross_-both_d_input_-raw_warmup-strict: cached
[500/2869] BANK2_CROSS_ua_reent__T_cross_-today__input_-raw_warmup-strict: cached
[501/2869] BANK2_CROSS_ua_reent__T_cross_-both_d_input_-adjust_warmup-ready_: cached
[502/2869] BANK2_CROSS_ua_reent__T_cross_-today__input_-adjust_warmup-ready_: cached
[503/2869] BANK2_CROSS_ua_reent__T_cross_-both_d_input_-raw_warmup-ready_: cached
[504/2869] BANK2_CROSS_ua_reent__T_cross_-today__input_-raw_warmup-ready_: cached
[505/2869] BANK2_CROSS_ua_reent__OAT_rsi_smoothing-simple: cached
[506/2869] BANK2_CROSS_ua_reent__OAT_rsi_exit-cross: cached
[507/2869] BANK2_CROSS_ua_reent__OAT_a_exec-set_holdings: cached
[508/2869] BANK2_CROSS_ua_reent__SPOT_all_excluded_off: cached
[509/2869] BANK2_CROSS_ua_wait__ref: cached
[510/2869] BANK2_CROSS_ua_wait__T_cross_-today__input_-adjust_warmup-strict: cached
[511/2869] BANK2_CROSS_ua_wait__T_cross_-both_d_input_-raw_warmup-strict: cached
[512/2869] BANK2_CROSS_ua_wait__T_cross_-today__input_-raw_warmup-strict: cached
[513/2869] BANK2_CROSS_ua_wait__T_cross_-both_d_input_-adjust_warmup-ready_: cached
[514/2869] BANK2_CROSS_ua_wait__T_cross_-today__input_-adjust_warmup-ready_: cached
[515/2869] BANK2_CROSS_ua_wait__T_cross_-both_d_input_-raw_warmup-ready_: cached
[516/2869] BANK2_CROSS_ua_wait__T_cross_-today__input_-raw_warmup-ready_: cached
[517/2869] BANK2_CROSS_ua_wait__OAT_rsi_smoothing-simple: cached
[518/2869] BANK2_CROSS_ua_wait__OAT_rsi_exit-cross: cached
[519/2869] BANK2_CROSS_ua_wait__OAT_a_exec-set_holdings: cached
[520/2869] BANK2_CROSS_ua_wait__SPOT_all_excluded_off: cached
[521/2869] BANK2_CROSS_au_reent__ref: cached
[522/2869] BANK2_CROSS_au_reent__T_cross_-today__input_-adjust_warmup-strict: cached
[523/2869] BANK2_CROSS_au_reent__T_cross_-both_d_input_-raw_warmup-strict: cached
[524/2869] BANK2_CROSS_au_reent__T_cross_-today__input_-raw_warmup-strict: cached
[525/2869] BANK2_CROSS_au_reent__T_cross_-both_d_input_-adjust_warmup-ready_: cached
[526/2869] BANK2_CROSS_au_reent__T_cross_-today__input_-adjust_warmup-ready_: cached
[527/2869] BANK2_CROSS_au_reent__T_cross_-both_d_input_-raw_warmup-ready_: cached
[528/2869] BANK2_CROSS_au_reent__T_cross_-today__input_-raw_warmup-ready_: cached
[529/2869] BANK2_CROSS_au_reent__OAT_rsi_smoothing-simple: cached
[530/2869] BANK2_CROSS_au_reent__OAT_rsi_exit-cross: cached
[531/2869] BANK2_CROSS_au_reent__OAT_a_exec-set_holdings: cached
[532/2869] BANK2_CROSS_au_reent__SPOT_all_excluded_off: cached
[533/2869] BANK2_CROSS_au_wait__ref: cached
[534/2869] BANK2_CROSS_au_wait__T_cross_-today__input_-adjust_warmup-strict: cached
[535/2869] BANK2_CROSS_au_wait__T_cross_-both_d_input_-raw_warmup-strict: cached
[536/2869] BANK2_CROSS_au_wait__T_cross_-today__input_-raw_warmup-strict: cached
[537/2869] BANK2_BL-01c_SMA20__T_cross_-both_d_input_-raw_warmup-strict: ok fills=462 (39.5s)
[538/2869] BANK2_CROSS_au_wait__T_cross_-today__input_-adjust_warmup-ready_: cached
[539/2869] BANK2_CROSS_au_wait__T_cross_-both_d_input_-raw_warmup-ready_: cached
[540/2869] BANK2_CROSS_au_wait__T_cross_-today__input_-raw_warmup-ready_: cached
[541/2869] BANK2_CROSS_au_wait__OAT_rsi_smoothing-simple: cached
[542/2869] BANK2_CROSS_au_wait__OAT_rsi_exit-cross: cached
[543/2869] BANK2_CROSS_au_wait__OAT_a_exec-set_holdings: cached
[544/2869] BANK2_CROSS_au_wait__SPOT_all_excluded_off: cached
[545/2869] BANK2_CROSS_da_reent__ref: cached
[546/2869] BANK2_CROSS_da_reent__T_cross_-today__input_-adjust_warmup-strict: cached
[547/2869] BANK2_CROSS_da_reent__T_cross_-both_d_input_-raw_warmup-strict: cached
[548/2869] BANK2_CROSS_da_reent__T_cross_-today__input_-raw_warmup-strict: cached
[549/2869] BANK2_CROSS_da_reent__T_cross_-both_d_input_-adjust_warmup-ready_: cached
[550/2869] BANK2_CROSS_da_reent__T_cross_-today__input_-adjust_warmup-ready_: cached
[551/2869] BANK2_CROSS_da_reent__T_cross_-both_d_input_-raw_warmup-ready_: cached
[552/2869] BANK2_CROSS_da_reent__T_cross_-today__input_-raw_warmup-ready_: cached
[553/2869] BANK2_CROSS_da_reent__OAT_rsi_smoothing-simple: cached
[554/2869] BANK2_CROSS_da_reent__OAT_rsi_exit-cross: cached
[555/2869] BANK2_CROSS_da_reent__OAT_a_exec-set_holdings: cached
[556/2869] BANK2_CROSS_da_reent__SPOT_all_excluded_off: cached
[557/2869] BANK2_CROSS_da_wait__ref: cached
[558/2869] BANK2_CROSS_da_wait__T_cross_-today__input_-adjust_warmup-strict: cached
[559/2869] BANK2_CROSS_da_wait__T_cross_-both_d_input_-raw_warmup-strict: cached
[560/2869] BANK2_CROSS_da_wait__T_cross_-today__input_-raw_warmup-strict: cached
[561/2869] BANK2_CROSS_da_wait__T_cross_-both_d_input_-adjust_warmup-ready_: cached
[562/2869] BANK2_CROSS_da_wait__T_cross_-today__input_-adjust_warmup-ready_: cached
[563/2869] BANK2_CROSS_da_wait__T_cross_-both_d_input_-raw_warmup-ready_: cached
[564/2869] BANK2_CROSS_da_wait__T_cross_-today__input_-raw_warmup-ready_: cached
[565/2869] BANK2_CROSS_da_wait__OAT_rsi_smoothing-simple: cached
[566/2869] BANK2_CROSS_da_wait__OAT_rsi_exit-cross: cached
[567/2869] BANK2_CROSS_da_wait__OAT_a_exec-set_holdings: cached
[568/2869] BANK2_CROSS_da_wait__SPOT_all_excluded_off: cached
[569/2869] BANK2_CROSS_ad_reent__ref: cached
[570/2869] BANK2_CROSS_ad_reent__T_cross_-today__input_-adjust_warmup-strict: cached
[571/2869] BANK2_CROSS_ad_reent__T_cross_-both_d_input_-raw_warmup-strict: cached
[572/2869] BANK2_CROSS_ad_reent__T_cross_-today__input_-raw_warmup-strict: cached
[573/2869] BANK2_CROSS_ad_reent__T_cross_-both_d_input_-adjust_warmup-ready_: cached
[574/2869] BANK2_CROSS_ad_reent__T_cross_-today__input_-adjust_warmup-ready_: cached
[575/2869] BANK2_CROSS_ad_reent__T_cross_-both_d_input_-raw_warmup-ready_: cached
[576/2869] BANK2_CROSS_ad_reent__T_cross_-today__input_-raw_warmup-ready_: cached
[577/2869] BANK2_CROSS_ad_reent__OAT_rsi_smoothing-simple: cached
[578/2869] BANK2_CROSS_ad_reent__OAT_rsi_exit-cross: cached
[579/2869] BANK2_CROSS_ad_reent__OAT_a_exec-set_holdings: cached
[580/2869] BANK2_CROSS_ad_reent__SPOT_all_excluded_off: cached
[581/2869] BANK2_CROSS_ad_wait__ref: cached
[582/2869] BANK2_CROSS_ad_wait__T_cross_-today__input_-adjust_warmup-strict: cached
[583/2869] BANK2_CROSS_ad_wait__T_cross_-both_d_input_-raw_warmup-strict: cached
[584/2869] BANK2_CROSS_ad_wait__T_cross_-today__input_-raw_warmup-strict: cached
[585/2869] BANK2_CROSS_ad_wait__T_cross_-both_d_input_-adjust_warmup-ready_: cached
[586/2869] BANK2_CROSS_ad_wait__T_cross_-today__input_-adjust_warmup-ready_: cached
[587/2869] BANK2_CROSS_ad_wait__T_cross_-both_d_input_-raw_warmup-ready_: cached
[588/2869] BANK2_CROSS_ad_wait__T_cross_-today__input_-raw_warmup-ready_: cached
[589/2869] BANK2_CROSS_ad_wait__OAT_rsi_smoothing-simple: cached
[590/2869] BANK2_CROSS_ad_wait__OAT_rsi_exit-cross: cached
[591/2869] BANK2_CROSS_ad_wait__OAT_a_exec-set_holdings: cached
[592/2869] BANK2_CROSS_ad_wait__SPOT_all_excluded_off: cached
[593/2869] BANK2_CROSS_level_reent__ref: cached
[594/2869] BANK2_CROSS_level_reent__T_cross_-today__input_-adjust_warmup-strict: cached
[595/2869] BANK2_CROSS_level_reent__T_cross_-both_d_input_-raw_warmup-strict: cached
[596/2869] BANK2_CROSS_level_reent__T_cross_-today__input_-raw_warmup-strict: cached
[597/2869] BANK2_CROSS_level_reent__T_cross_-both_d_input_-adjust_warmup-ready_: cached
[598/2869] BANK2_CROSS_level_reent__T_cross_-today__input_-adjust_warmup-ready_: cached
[599/2869] BANK2_CROSS_level_reent__T_cross_-both_d_input_-raw_warmup-ready_: cached
[600/2869] BANK2_CROSS_level_reent__T_cross_-today__input_-raw_warmup-ready_: cached
[601/2869] BANK2_CROSS_level_reent__OAT_rsi_smoothing-simple: cached
[602/2869] BANK2_CROSS_level_reent__OAT_rsi_exit-cross: cached
[603/2869] BANK2_CROSS_level_reent__OAT_a_exec-set_holdings: cached
[604/2869] BANK2_CROSS_level_reent__SPOT_all_excluded_off: cached
[605/2869] BANK2_CROSS_level_wait__ref: cached
[606/2869] BANK2_CROSS_level_wait__T_cross_-today__input_-adjust_warmup-strict: cached
[607/2869] BANK2_CROSS_level_wait__T_cross_-both_d_input_-raw_warmup-strict: cached
[608/2869] BANK2_CROSS_level_wait__T_cross_-today__input_-raw_warmup-strict: cached
[609/2869] BANK2_CROSS_level_wait__T_cross_-both_d_input_-adjust_warmup-ready_: cached
[610/2869] BANK2_CROSS_level_wait__T_cross_-today__input_-adjust_warmup-ready_: cached
[611/2869] BANK2_CROSS_level_wait__T_cross_-both_d_input_-raw_warmup-ready_: cached
[612/2869] BANK2_CROSS_level_wait__T_cross_-today__input_-raw_warmup-ready_: cached
[613/2869] BANK2_CROSS_level_wait__OAT_rsi_smoothing-simple: cached
[614/2869] BANK2_CROSS_level_wait__OAT_rsi_exit-cross: cached
[615/2869] BANK2_CROSS_level_wait__OAT_a_exec-set_holdings: cached
[616/2869] BANK2_CROSS_level_wait__SPOT_all_excluded_off: cached
[617/2869] BANK2_BL-03_pct10__ref: cached
[618/2869] BANK2_BL-03_pct10__T_a_exec-set_ho_cross_-both_d_input_-adjust_warmup-strict: cached
[619/2869] BANK2_BL-03_pct10__T_a_exec-calc_s_cross_-today__input_-adjust_warmup-strict: cached
[620/2869] BANK2_BL-03_pct10__T_a_exec-set_ho_cross_-today__input_-adjust_warmup-strict: cached
[621/2869] BANK2_BL-03_pct10__T_a_exec-calc_s_cross_-both_d_input_-raw_warmup-strict: cached
[622/2869] BANK2_BL-03_pct10__T_a_exec-set_ho_cross_-both_d_input_-raw_warmup-strict: cached
[623/2869] BANK2_BL-03_pct10__T_a_exec-calc_s_cross_-today__input_-raw_warmup-strict: cached
[624/2869] BANK2_BL-03_pct10__T_a_exec-set_ho_cross_-today__input_-raw_warmup-strict: cached
[625/2869] BANK2_BL-03_pct10__T_a_exec-calc_s_cross_-both_d_input_-adjust_warmup-ready_: cached
[626/2869] BANK2_BL-03_pct10__T_a_exec-set_ho_cross_-both_d_input_-adjust_warmup-ready_: cached
[627/2869] BANK2_BL-03_pct10__T_a_exec-calc_s_cross_-today__input_-adjust_warmup-ready_: cached
[628/2869] BANK2_BL-03_pct10__T_a_exec-set_ho_cross_-today__input_-adjust_warmup-ready_: cached
[629/2869] BANK2_BL-03_pct10__T_a_exec-calc_s_cross_-both_d_input_-raw_warmup-ready_: cached
[630/2869] BANK2_BL-03_pct10__T_a_exec-set_ho_cross_-both_d_input_-raw_warmup-ready_: cached
[631/2869] BANK2_BL-03_pct10__T_a_exec-calc_s_cross_-today__input_-raw_warmup-ready_: cached
[632/2869] BANK2_BL-03_pct10__T_a_exec-set_ho_cross_-today__input_-raw_warmup-ready_: cached
[633/2869] BANK2_BL-03_pct10__OAT_rsi_smoothing-simple: cached
[634/2869] BANK2_BL-03_pct10__OAT_rsi_exit-cross: cached
[635/2869] BANK2_BL-03_pct10__OAT_same_bar_reentry-wait_bar: cached
[636/2869] BANK2_BL-03_pct10__SPOT_all_excluded_off: cached
[637/2869] BANK2_BL-03_pct20__ref: cached
[638/2869] BANK2_BL-03_pct20__T_a_exec-set_ho_cross_-both_d_input_-adjust_warmup-strict: cached
[639/2869] BANK2_BL-03_pct20__T_a_exec-calc_s_cross_-today__input_-adjust_warmup-strict: cached
[640/2869] BANK2_BL-03_pct20__T_a_exec-set_ho_cross_-today__input_-adjust_warmup-strict: cached
[641/2869] BANK2_BL-03_pct20__T_a_exec-calc_s_cross_-both_d_input_-raw_warmup-strict: cached
[642/2869] BANK2_BL-03_pct20__T_a_exec-set_ho_cross_-both_d_input_-raw_warmup-strict: cached
[643/2869] BANK2_BL-03_pct20__T_a_exec-calc_s_cross_-today__input_-raw_warmup-strict: cached
[644/2869] BANK2_BL-03_pct20__T_a_exec-set_ho_cross_-today__input_-raw_warmup-strict: cached
[645/2869] BANK2_BL-03_pct20__T_a_exec-calc_s_cross_-both_d_input_-adjust_warmup-ready_: cached
[646/2869] BANK2_BL-03_pct20__T_a_exec-set_ho_cross_-both_d_input_-adjust_warmup-ready_: cached
[647/2869] BANK2_BL-03_pct20__T_a_exec-calc_s_cross_-today__input_-adjust_warmup-ready_: cached
[648/2869] BANK2_BL-03_pct20__T_a_exec-set_ho_cross_-today__input_-adjust_warmup-ready_: cached
[649/2869] BANK2_BL-03_pct20__T_a_exec-calc_s_cross_-both_d_input_-raw_warmup-ready_: cached
[650/2869] BANK2_BL-03_pct20__T_a_exec-set_ho_cross_-both_d_input_-raw_warmup-ready_: cached
[651/2869] BANK2_BL-03_pct20__T_a_exec-calc_s_cross_-today__input_-raw_warmup-ready_: cached
[652/2869] BANK2_BL-03_pct20__T_a_exec-set_ho_cross_-today__input_-raw_warmup-ready_: cached
[653/2869] BANK2_BL-01c_SMA20__T_cross_-today__input_-adjust_warmup-strict: ok fills=450 (40.6s)
[654/2869] BANK2_BL-03_pct20__OAT_rsi_exit-cross: cached
[655/2869] BANK2_BL-03_pct20__OAT_same_bar_reentry-wait_bar: cached
[656/2869] BANK2_BL-03_pct20__SPOT_all_excluded_off: cached
[657/2869] BANK2_BL-03_pct25__ref: cached
[658/2869] BANK2_BL-03_pct25__T_a_exec-set_ho_cross_-both_d_input_-adjust_warmup-strict: cached
[659/2869] BANK2_BL-03_pct25__T_a_exec-calc_s_cross_-today__input_-adjust_warmup-strict: cached
[660/2869] BANK2_BL-03_pct25__T_a_exec-set_ho_cross_-today__input_-adjust_warmup-strict: cached
[661/2869] BANK2_BL-03_pct25__T_a_exec-calc_s_cross_-both_d_input_-raw_warmup-strict: cached
[662/2869] BANK2_BL-03_pct25__T_a_exec-set_ho_cross_-both_d_input_-raw_warmup-strict: cached
[663/2869] BANK2_BL-03_pct25__T_a_exec-calc_s_cross_-today__input_-raw_warmup-strict: cached
[664/2869] BANK2_BL-03_pct25__T_a_exec-set_ho_cross_-today__input_-raw_warmup-strict: cached
[665/2869] BANK2_BL-03_pct25__T_a_exec-calc_s_cross_-both_d_input_-adjust_warmup-ready_: cached
[666/2869] BANK2_BL-03_pct25__T_a_exec-set_ho_cross_-both_d_input_-adjust_warmup-ready_: cached
[667/2869] BANK2_BL-03_pct25__T_a_exec-calc_s_cross_-today__input_-adjust_warmup-ready_: cached
[668/2869] BANK2_BL-03_pct25__T_a_exec-set_ho_cross_-today__input_-adjust_warmup-ready_: cached
[669/2869] BANK2_BL-03_pct25__T_a_exec-calc_s_cross_-both_d_input_-raw_warmup-ready_: cached
[670/2869] BANK2_BL-03_pct25__T_a_exec-set_ho_cross_-both_d_input_-raw_warmup-ready_: cached
[671/2869] BANK2_BL-03_pct25__T_a_exec-calc_s_cross_-today__input_-raw_warmup-ready_: cached
[672/2869] BANK2_BL-03_pct25__T_a_exec-set_ho_cross_-today__input_-raw_warmup-ready_: cached
[673/2869] BANK2_BL-03_pct25__OAT_rsi_smoothing-simple: cached
[674/2869] BANK2_BL-03_pct25__OAT_rsi_exit-cross: cached
[675/2869] BANK2_BL-03_pct25__OAT_same_bar_reentry-wait_bar: cached
[676/2869] BANK2_BL-03_pct25__SPOT_all_excluded_off: cached
[677/2869] BANK2_BL-03_pct40__ref: cached
[678/2869] BANK2_BL-03_pct40__T_a_exec-set_ho_cross_-both_d_input_-adjust_warmup-strict: cached
[679/2869] BANK2_BL-03_pct40__T_a_exec-calc_s_cross_-today__input_-adjust_warmup-strict: cached
[680/2869] BANK2_BL-03_pct40__T_a_exec-set_ho_cross_-today__input_-adjust_warmup-strict: cached
[681/2869] BANK2_BL-01c_SMA200__T_cross_-today__input_-adjust_warmup-strict: ok fills=216 (41.5s)
[682/2869] BANK2_BL-03_pct40__T_a_exec-set_ho_cross_-both_d_input_-raw_warmup-strict: cached
[683/2869] BANK2_BL-03_pct40__T_a_exec-calc_s_cross_-today__input_-raw_warmup-strict: cached
[684/2869] BANK2_BL-03_pct40__T_a_exec-set_ho_cross_-today__input_-raw_warmup-strict: cached
[685/2869] BANK2_BL-03_pct40__T_a_exec-calc_s_cross_-both_d_input_-adjust_warmup-ready_: cached
[686/2869] BANK2_BL-03_pct40__T_a_exec-set_ho_cross_-both_d_input_-adjust_warmup-ready_: cached
[687/2869] BANK2_BL-03_pct40__T_a_exec-calc_s_cross_-today__input_-adjust_warmup-ready_: cached
[688/2869] BANK2_BL-03_pct40__T_a_exec-set_ho_cross_-today__input_-adjust_warmup-ready_: cached
[689/2869] BANK2_BL-03_pct40__T_a_exec-calc_s_cross_-both_d_input_-raw_warmup-ready_: cached
[690/2869] BANK2_BL-03_pct40__T_a_exec-set_ho_cross_-both_d_input_-raw_warmup-ready_: cached
[691/2869] BANK2_BL-03_pct40__T_a_exec-calc_s_cross_-today__input_-raw_warmup-ready_: cached
[692/2869] BANK2_BL-03_pct40__T_a_exec-set_ho_cross_-today__input_-raw_warmup-ready_: cached
[693/2869] BANK2_BL-03_pct40__OAT_rsi_smoothing-simple: cached
[694/2869] BANK2_BL-03_pct40__OAT_rsi_exit-cross: cached
[695/2869] BANK2_BL-03_pct40__OAT_same_bar_reentry-wait_bar: cached
[696/2869] BANK2_BL-03_pct40__SPOT_all_excluded_off: cached
[697/2869] BANK2_BL-03_pct50__ref: cached
[698/2869] BANK2_BL-03_pct50__T_a_exec-set_ho_cross_-both_d_input_-adjust_warmup-strict: cached
[699/2869] BANK2_BL-03_pct50__T_a_exec-calc_s_cross_-today__input_-adjust_warmup-strict: cached
[700/2869] BANK2_BL-03_pct50__T_a_exec-set_ho_cross_-today__input_-adjust_warmup-strict: cached
[701/2869] BANK2_BL-03_pct50__T_a_exec-calc_s_cross_-both_d_input_-raw_warmup-strict: cached
[702/2869] BANK2_BL-03_pct50__T_a_exec-set_ho_cross_-both_d_input_-raw_warmup-strict: cached
[703/2869] BANK2_BL-03_pct50__T_a_exec-calc_s_cross_-today__input_-raw_warmup-strict: cached
[704/2869] BANK2_BL-03_pct50__T_a_exec-set_ho_cross_-today__input_-raw_warmup-strict: cached
[705/2869] BANK2_BL-03_pct50__T_a_exec-calc_s_cross_-both_d_input_-adjust_warmup-ready_: cached
[706/2869] BANK2_BL-03_pct50__T_a_exec-set_ho_cross_-both_d_input_-adjust_warmup-ready_: cached
[707/2869] BANK2_BL-03_pct50__T_a_exec-calc_s_cross_-today__input_-adjust_warmup-ready_: cached
[708/2869] BANK2_BL-03_pct50__T_a_exec-set_ho_cross_-today__input_-adjust_warmup-ready_: cached
[709/2869] BANK2_BL-03_pct50__T_a_exec-calc_s_cross_-both_d_input_-raw_warmup-ready_: cached
[710/2869] BANK2_BL-03_pct50__T_a_exec-set_ho_cross_-both_d_input_-raw_warmup-ready_: cached
[711/2869] BANK2_BL-03_pct50__T_a_exec-calc_s_cross_-today__input_-raw_warmup-ready_: cached
[712/2869] BANK2_BL-03_pct50__T_a_exec-set_ho_cross_-today__input_-raw_warmup-ready_: cached
[713/2869] BANK2_BL-03_pct50__OAT_rsi_smoothing-simple: cached
[714/2869] BANK2_BL-03_pct50__OAT_rsi_exit-cross: cached
[715/2869] BANK2_BL-03_pct50__OAT_same_bar_reentry-wait_bar: cached
[716/2869] BANK2_BL-03_pct50__SPOT_all_excluded_off: cached
[717/2869] BANK2_BL-03_pct100__ref: cached
[718/2869] BANK2_BL-03_pct100__T_a_exec-set_ho_cross_-both_d_input_-adjust_warmup-strict: cached
[719/2869] BANK2_BL-03_pct100__T_a_exec-calc_s_cross_-today__input_-adjust_warmup-strict: cached
[720/2869] BANK2_BL-03_pct100__T_a_exec-set_ho_cross_-today__input_-adjust_warmup-strict: cached
[721/2869] BANK2_BL-03_pct100__T_a_exec-calc_s_cross_-both_d_input_-raw_warmup-strict: cached
[722/2869] BANK2_BL-03_pct100__T_a_exec-set_ho_cross_-both_d_input_-raw_warmup-strict: cached
[723/2869] BANK2_BL-03_pct100__T_a_exec-calc_s_cross_-today__input_-raw_warmup-strict: cached
[724/2869] BANK2_BL-03_pct100__T_a_exec-set_ho_cross_-today__input_-raw_warmup-strict: cached
[725/2869] BANK2_BL-03_pct100__T_a_exec-calc_s_cross_-both_d_input_-adjust_warmup-ready_: cached
[726/2869] BANK2_BL-03_pct100__T_a_exec-set_ho_cross_-both_d_input_-adjust_warmup-ready_: cached
[727/2869] BANK2_BL-03_pct100__T_a_exec-calc_s_cross_-today__input_-adjust_warmup-ready_: cached
[728/2869] BANK2_BL-03_pct100__T_a_exec-set_ho_cross_-today__input_-adjust_warmup-ready_: cached
[729/2869] BANK2_BL-03_pct100__T_a_exec-calc_s_cross_-both_d_input_-raw_warmup-ready_: cached
[730/2869] BANK2_BL-03_pct100__T_a_exec-set_ho_cross_-both_d_input_-raw_warmup-ready_: cached
[731/2869] BANK2_BL-03_pct100__T_a_exec-calc_s_cross_-today__input_-raw_warmup-ready_: cached
[732/2869] BANK2_BL-03_pct100__T_a_exec-set_ho_cross_-today__input_-raw_warmup-ready_: cached
[733/2869] BANK2_BL-03_pct100__OAT_rsi_smoothing-simple: cached
[734/2869] BANK2_BL-03_pct100__OAT_rsi_exit-cross: cached
[735/2869] BANK2_BL-03_pct100__OAT_same_bar_reentry-wait_bar: cached
[736/2869] BANK2_BL-03_pct100__SPOT_all_excluded_off: cached
[737/2869] BANK2_BL-04_prev_close__ref: cached
[738/2869] BANK2_BL-04_prev_close__T_input_-raw_rsi_ex-level_rsi_sm-wilder_same_b-allowe_warmup-strict: cached
[739/2869] BANK2_BL-04_prev_close__T_input_-adjust_rsi_ex-level_rsi_sm-wilder_same_b-wait_b_warmup-strict: cached
[740/2869] BANK2_BL-04_prev_close__T_input_-raw_rsi_ex-level_rsi_sm-wilder_same_b-wait_b_warmup-strict: cached
[741/2869] BANK2_BL-04_prev_close__T_input_-adjust_rsi_ex-level_rsi_sm-wilder_same_b-allowe_warmup-ready_: cached
[742/2869] BANK2_BL-04_prev_close__T_input_-raw_rsi_ex-level_rsi_sm-wilder_same_b-allowe_warmup-ready_: cached
[743/2869] BANK2_BL-04_prev_close__T_input_-adjust_rsi_ex-level_rsi_sm-wilder_same_b-wait_b_warmup-ready_: cached
[744/2869] BANK2_BL-04_prev_close__T_input_-raw_rsi_ex-level_rsi_sm-wilder_same_b-wait_b_warmup-ready_: cached
[745/2869] BANK2_BL-04_prev_close__T_input_-adjust_rsi_ex-cross_rsi_sm-wilder_same_b-allowe_warmup-strict: cached
[746/2869] BANK2_BL-04_prev_close__T_input_-raw_rsi_ex-cross_rsi_sm-wilder_same_b-allowe_warmup-strict: cached
[747/2869] BANK2_BL-04_prev_close__T_input_-adjust_rsi_ex-cross_rsi_sm-wilder_same_b-wait_b_warmup-strict: cached
[748/2869] BANK2_BL-04_prev_close__T_input_-raw_rsi_ex-cross_rsi_sm-wilder_same_b-wait_b_warmup-strict: cached
[749/2869] BANK2_BL-04_prev_close__T_input_-adjust_rsi_ex-cross_rsi_sm-wilder_same_b-allowe_warmup-ready_: cached
[750/2869] BANK2_BL-04_prev_close__T_input_-raw_rsi_ex-cross_rsi_sm-wilder_same_b-allowe_warmup-ready_: cached
[751/2869] BANK2_BL-04_prev_close__T_input_-adjust_rsi_ex-cross_rsi_sm-wilder_same_b-wait_b_warmup-ready_: cached
[752/2869] BANK2_BL-04_prev_close__T_input_-raw_rsi_ex-cross_rsi_sm-wilder_same_b-wait_b_warmup-ready_: cached
[753/2869] BANK2_BL-04_prev_close__T_input_-adjust_rsi_ex-level_rsi_sm-simple_same_b-allowe_warmup-strict: cached
[754/2869] BANK2_BL-04_prev_close__T_input_-raw_rsi_ex-level_rsi_sm-simple_same_b-allowe_warmup-strict: cached
[755/2869] BANK2_BL-04_prev_close__T_input_-adjust_rsi_ex-level_rsi_sm-simple_same_b-wait_b_warmup-strict: cached
[756/2869] BANK2_BL-04_prev_close__T_input_-raw_rsi_ex-level_rsi_sm-simple_same_b-wait_b_warmup-strict: cached
[757/2869] BANK2_BL-04_prev_close__T_input_-adjust_rsi_ex-level_rsi_sm-simple_same_b-allowe_warmup-ready_: cached
[758/2869] BANK2_BL-04_prev_close__T_input_-raw_rsi_ex-level_rsi_sm-simple_same_b-allowe_warmup-ready_: cached
[759/2869] BANK2_BL-04_prev_close__T_input_-adjust_rsi_ex-level_rsi_sm-simple_same_b-wait_b_warmup-ready_: cached
[760/2869] BANK2_BL-04_prev_close__T_input_-raw_rsi_ex-level_rsi_sm-simple_same_b-wait_b_warmup-ready_: cached
[761/2869] BANK2_BL-04_prev_close__T_input_-adjust_rsi_ex-cross_rsi_sm-simple_same_b-allowe_warmup-strict: cached
[762/2869] BANK2_BL-04_prev_close__T_input_-raw_rsi_ex-cross_rsi_sm-simple_same_b-allowe_warmup-strict: cached
[763/2869] BANK2_BL-04_prev_close__T_input_-adjust_rsi_ex-cross_rsi_sm-simple_same_b-wait_b_warmup-strict: cached
[764/2869] BANK2_BL-01c_SMA20__ref: ok fills=474 (42.1s)
[765/2869] BANK2_BL-04_prev_close__T_input_-adjust_rsi_ex-cross_rsi_sm-simple_same_b-allowe_warmup-ready_: cached
[766/2869] BANK2_BL-04_prev_close__T_input_-raw_rsi_ex-cross_rsi_sm-simple_same_b-allowe_warmup-ready_: cached
[767/2869] BANK2_BL-04_prev_close__T_input_-adjust_rsi_ex-cross_rsi_sm-simple_same_b-wait_b_warmup-ready_: cached
[768/2869] BANK2_BL-04_prev_close__T_input_-raw_rsi_ex-cross_rsi_sm-simple_same_b-wait_b_warmup-ready_: cached
[769/2869] BANK2_BL-04_prev_close__OAT_a_exec-set_holdings: cached
[770/2869] BANK2_BL-04_prev_close__OAT_cross_timing-today_ma: cached
[771/2869] BANK2_BL-04_prev_close__SPOT_all_excluded_off: cached
[772/2869] BANK2_BL-04_open_close__ref: cached
[773/2869] BANK2_BL-04_open_close__T_input_-raw_rsi_ex-level_rsi_sm-wilder_same_b-allowe_warmup-strict: cached
[774/2869] BANK2_BL-04_open_close__T_input_-adjust_rsi_ex-level_rsi_sm-wilder_same_b-wait_b_warmup-strict: cached
[775/2869] BANK2_BL-04_open_close__T_input_-raw_rsi_ex-level_rsi_sm-wilder_same_b-wait_b_warmup-strict: cached
[776/2869] BANK2_BL-04_open_close__T_input_-adjust_rsi_ex-level_rsi_sm-wilder_same_b-allowe_warmup-ready_: cached
[777/2869] BANK2_BL-04_open_close__T_input_-raw_rsi_ex-level_rsi_sm-wilder_same_b-allowe_warmup-ready_: cached
[778/2869] BANK2_BL-04_open_close__T_input_-adjust_rsi_ex-level_rsi_sm-wilder_same_b-wait_b_warmup-ready_: cached
[779/2869] BANK2_BL-04_open_close__T_input_-raw_rsi_ex-level_rsi_sm-wilder_same_b-wait_b_warmup-ready_: cached
[780/2869] BANK2_BL-04_open_close__T_input_-adjust_rsi_ex-cross_rsi_sm-wilder_same_b-allowe_warmup-strict: cached
[781/2869] BANK2_BL-04_open_close__T_input_-raw_rsi_ex-cross_rsi_sm-wilder_same_b-allowe_warmup-strict: cached
[782/2869] BANK2_BL-04_open_close__T_input_-adjust_rsi_ex-cross_rsi_sm-wilder_same_b-wait_b_warmup-strict: cached
[783/2869] BANK2_BL-04_open_close__T_input_-raw_rsi_ex-cross_rsi_sm-wilder_same_b-wait_b_warmup-strict: cached
[784/2869] BANK2_BL-04_open_close__T_input_-adjust_rsi_ex-cross_rsi_sm-wilder_same_b-allowe_warmup-ready_: cached
[785/2869] BANK2_BL-04_open_close__T_input_-raw_rsi_ex-cross_rsi_sm-wilder_same_b-allowe_warmup-ready_: cached
[786/2869] BANK2_BL-04_open_close__T_input_-adjust_rsi_ex-cross_rsi_sm-wilder_same_b-wait_b_warmup-ready_: cached
[787/2869] BANK2_BL-04_open_close__T_input_-raw_rsi_ex-cross_rsi_sm-wilder_same_b-wait_b_warmup-ready_: cached
[788/2869] BANK2_BL-04_open_close__T_input_-adjust_rsi_ex-level_rsi_sm-simple_same_b-allowe_warmup-strict: cached
[789/2869] BANK2_BL-04_open_close__T_input_-raw_rsi_ex-level_rsi_sm-simple_same_b-allowe_warmup-strict: cached
[790/2869] BANK2_BL-04_open_close__T_input_-adjust_rsi_ex-level_rsi_sm-simple_same_b-wait_b_warmup-strict: cached
[791/2869] BANK2_BL-04_open_close__T_input_-raw_rsi_ex-level_rsi_sm-simple_same_b-wait_b_warmup-strict: cached
[792/2869] BANK2_BL-04_open_close__T_input_-adjust_rsi_ex-level_rsi_sm-simple_same_b-allowe_warmup-ready_: cached
[793/2869] BANK2_BL-04_open_close__T_input_-raw_rsi_ex-level_rsi_sm-simple_same_b-allowe_warmup-ready_: cached
[794/2869] BANK2_BL-04_open_close__T_input_-adjust_rsi_ex-level_rsi_sm-simple_same_b-wait_b_warmup-ready_: cached
[795/2869] BANK2_BL-04_open_close__T_input_-raw_rsi_ex-level_rsi_sm-simple_same_b-wait_b_warmup-ready_: cached
[796/2869] BANK2_BL-04_open_close__T_input_-adjust_rsi_ex-cross_rsi_sm-simple_same_b-allowe_warmup-strict: cached
[797/2869] BANK2_BL-04_open_close__T_input_-raw_rsi_ex-cross_rsi_sm-simple_same_b-allowe_warmup-strict: cached
[798/2869] BANK2_BL-04_open_close__T_input_-adjust_rsi_ex-cross_rsi_sm-simple_same_b-wait_b_warmup-strict: cached
[799/2869] BANK2_BL-04_open_close__T_input_-raw_rsi_ex-cross_rsi_sm-simple_same_b-wait_b_warmup-strict: cached
[800/2869] BANK2_BL-04_open_close__T_input_-adjust_rsi_ex-cross_rsi_sm-simple_same_b-allowe_warmup-ready_: cached
[801/2869] BANK2_BL-04_open_close__T_input_-raw_rsi_ex-cross_rsi_sm-simple_same_b-allowe_warmup-ready_: cached
[802/2869] BANK2_BL-04_open_close__T_input_-adjust_rsi_ex-cross_rsi_sm-simple_same_b-wait_b_warmup-ready_: cached
[803/2869] BANK2_BL-04_open_close__T_input_-raw_rsi_ex-cross_rsi_sm-simple_same_b-wait_b_warmup-ready_: cached
[804/2869] BANK2_BL-04_open_close__OAT_a_exec-set_holdings: cached
[805/2869] BANK2_BL-04_open_close__OAT_cross_timing-today_ma: cached
[806/2869] BANK2_BL-04_open_close__SPOT_all_excluded_off: cached
[807/2869] BANK2_BL-04_prev_close_le__ref: cached
[808/2869] BANK2_BL-04_prev_close_le__T_input_-raw_rsi_ex-level_rsi_sm-wilder_same_b-allowe_warmup-strict: cached
[809/2869] BANK2_BL-04_prev_close_le__T_input_-adjust_rsi_ex-level_rsi_sm-wilder_same_b-wait_b_warmup-strict: cached
[810/2869] BANK2_BL-04_prev_close_le__T_input_-raw_rsi_ex-level_rsi_sm-wilder_same_b-wait_b_warmup-strict: cached
[811/2869] BANK2_BL-04_prev_close_le__T_input_-adjust_rsi_ex-level_rsi_sm-wilder_same_b-allowe_warmup-ready_: cached
[812/2869] BANK2_BL-04_prev_close_le__T_input_-raw_rsi_ex-level_rsi_sm-wilder_same_b-allowe_warmup-ready_: cached
[813/2869] BANK2_BL-04_prev_close_le__T_input_-adjust_rsi_ex-level_rsi_sm-wilder_same_b-wait_b_warmup-ready_: cached
[814/2869] BANK2_BL-04_prev_close_le__T_input_-raw_rsi_ex-level_rsi_sm-wilder_same_b-wait_b_warmup-ready_: cached
[815/2869] BANK2_BL-04_prev_close_le__T_input_-adjust_rsi_ex-cross_rsi_sm-wilder_same_b-allowe_warmup-strict: cached
[816/2869] BANK2_BL-04_prev_close_le__T_input_-raw_rsi_ex-cross_rsi_sm-wilder_same_b-allowe_warmup-strict: cached
[817/2869] BANK2_BL-04_prev_close_le__T_input_-adjust_rsi_ex-cross_rsi_sm-wilder_same_b-wait_b_warmup-strict: cached
[818/2869] BANK2_BL-04_prev_close_le__T_input_-raw_rsi_ex-cross_rsi_sm-wilder_same_b-wait_b_warmup-strict: cached
[819/2869] BANK2_BL-04_prev_close_le__T_input_-adjust_rsi_ex-cross_rsi_sm-wilder_same_b-allowe_warmup-ready_: cached
[820/2869] BANK2_BL-04_prev_close_le__T_input_-raw_rsi_ex-cross_rsi_sm-wilder_same_b-allowe_warmup-ready_: cached
[821/2869] BANK2_BL-04_prev_close_le__T_input_-adjust_rsi_ex-cross_rsi_sm-wilder_same_b-wait_b_warmup-ready_: cached
[822/2869] BANK2_BL-04_prev_close_le__T_input_-raw_rsi_ex-cross_rsi_sm-wilder_same_b-wait_b_warmup-ready_: cached
[823/2869] BANK2_BL-04_prev_close_le__T_input_-adjust_rsi_ex-level_rsi_sm-simple_same_b-allowe_warmup-strict: cached
[824/2869] BANK2_BL-04_prev_close_le__T_input_-raw_rsi_ex-level_rsi_sm-simple_same_b-allowe_warmup-strict: cached
[825/2869] BANK2_BL-04_prev_close_le__T_input_-adjust_rsi_ex-level_rsi_sm-simple_same_b-wait_b_warmup-strict: cached
[826/2869] BANK2_BL-04_prev_close_le__T_input_-raw_rsi_ex-level_rsi_sm-simple_same_b-wait_b_warmup-strict: cached
[827/2869] BANK2_BL-04_prev_close_le__T_input_-adjust_rsi_ex-level_rsi_sm-simple_same_b-allowe_warmup-ready_: cached
[828/2869] BANK2_BL-04_prev_close_le__T_input_-raw_rsi_ex-level_rsi_sm-simple_same_b-allowe_warmup-ready_: cached
[829/2869] BANK2_BL-04_prev_close_le__T_input_-adjust_rsi_ex-level_rsi_sm-simple_same_b-wait_b_warmup-ready_: cached
[830/2869] BANK2_BL-04_prev_close_le__T_input_-raw_rsi_ex-level_rsi_sm-simple_same_b-wait_b_warmup-ready_: cached
[831/2869] BANK2_BL-04_prev_close_le__T_input_-adjust_rsi_ex-cross_rsi_sm-simple_same_b-allowe_warmup-strict: cached
[832/2869] BANK2_BL-04_prev_close_le__T_input_-raw_rsi_ex-cross_rsi_sm-simple_same_b-allowe_warmup-strict: cached
[833/2869] BANK2_BL-04_prev_close_le__T_input_-adjust_rsi_ex-cross_rsi_sm-simple_same_b-wait_b_warmup-strict: cached
[834/2869] BANK2_BL-04_prev_close_le__T_input_-raw_rsi_ex-cross_rsi_sm-simple_same_b-wait_b_warmup-strict: cached
[835/2869] BANK2_BL-04_prev_close_le__T_input_-adjust_rsi_ex-cross_rsi_sm-simple_same_b-allowe_warmup-ready_: cached
[836/2869] BANK2_BL-04_prev_close_le__T_input_-raw_rsi_ex-cross_rsi_sm-simple_same_b-allowe_warmup-ready_: cached
[837/2869] BANK2_BL-04_prev_close_le__T_input_-adjust_rsi_ex-cross_rsi_sm-simple_same_b-wait_b_warmup-ready_: cached
[838/2869] BANK2_BL-04_prev_close_le__T_input_-raw_rsi_ex-cross_rsi_sm-simple_same_b-wait_b_warmup-ready_: cached
[839/2869] BANK2_BL-04_prev_close_le__OAT_a_exec-set_holdings: cached
[840/2869] BANK2_BL-04_prev_close_le__OAT_cross_timing-today_ma: cached
[841/2869] BANK2_BL-04_prev_close_le__SPOT_all_excluded_off: cached
[842/2869] BANK2_BL-05_d2__ref: cached
[843/2869] BANK2_BL-05_d2__T_input_-raw_rsi_ex-level_rsi_sm-wilder_same_b-allowe_warmup-strict: cached
[844/2869] BANK2_BL-05_d2__T_input_-adjust_rsi_ex-level_rsi_sm-wilder_same_b-wait_b_warmup-strict: cached
[845/2869] BANK2_BL-05_d2__T_input_-raw_rsi_ex-level_rsi_sm-wilder_same_b-wait_b_warmup-strict: cached
[846/2869] BANK2_BL-05_d2__T_input_-adjust_rsi_ex-level_rsi_sm-wilder_same_b-allowe_warmup-ready_: cached
[847/2869] BANK2_BL-05_d2__T_input_-raw_rsi_ex-level_rsi_sm-wilder_same_b-allowe_warmup-ready_: cached
[848/2869] BANK2_BL-05_d2__T_input_-adjust_rsi_ex-level_rsi_sm-wilder_same_b-wait_b_warmup-ready_: cached
[849/2869] BANK2_BL-05_d2__T_input_-raw_rsi_ex-level_rsi_sm-wilder_same_b-wait_b_warmup-ready_: cached
[850/2869] BANK2_BL-05_d2__T_input_-adjust_rsi_ex-cross_rsi_sm-wilder_same_b-allowe_warmup-strict: cached
[851/2869] BANK2_BL-05_d2__T_input_-raw_rsi_ex-cross_rsi_sm-wilder_same_b-allowe_warmup-strict: cached
[852/2869] BANK2_BL-05_d2__T_input_-adjust_rsi_ex-cross_rsi_sm-wilder_same_b-wait_b_warmup-strict: cached
[853/2869] BANK2_BL-05_d2__T_input_-raw_rsi_ex-cross_rsi_sm-wilder_same_b-wait_b_warmup-strict: cached
[854/2869] BANK2_BL-05_d2__T_input_-adjust_rsi_ex-cross_rsi_sm-wilder_same_b-allowe_warmup-ready_: cached
[855/2869] BANK2_BL-05_d2__T_input_-raw_rsi_ex-cross_rsi_sm-wilder_same_b-allowe_warmup-ready_: cached
[856/2869] BANK2_BL-05_d2__T_input_-adjust_rsi_ex-cross_rsi_sm-wilder_same_b-wait_b_warmup-ready_: cached
[857/2869] BANK2_BL-05_d2__T_input_-raw_rsi_ex-cross_rsi_sm-wilder_same_b-wait_b_warmup-ready_: cached
[858/2869] BANK2_BL-05_d2__T_input_-adjust_rsi_ex-level_rsi_sm-simple_same_b-allowe_warmup-strict: cached
[859/2869] BANK2_BL-05_d2__T_input_-raw_rsi_ex-level_rsi_sm-simple_same_b-allowe_warmup-strict: cached
[860/2869] BANK2_BL-05_d2__T_input_-adjust_rsi_ex-level_rsi_sm-simple_same_b-wait_b_warmup-strict: cached
[861/2869] BANK2_BL-05_d2__T_input_-raw_rsi_ex-level_rsi_sm-simple_same_b-wait_b_warmup-strict: cached
[862/2869] BANK2_BL-05_d2__T_input_-adjust_rsi_ex-level_rsi_sm-simple_same_b-allowe_warmup-ready_: cached
[863/2869] BANK2_BL-05_d2__T_input_-raw_rsi_ex-level_rsi_sm-simple_same_b-allowe_warmup-ready_: cached
[864/2869] BANK2_BL-05_d2__T_input_-adjust_rsi_ex-level_rsi_sm-simple_same_b-wait_b_warmup-ready_: cached
[865/2869] BANK2_BL-05_d2__T_input_-raw_rsi_ex-level_rsi_sm-simple_same_b-wait_b_warmup-ready_: cached
[866/2869] BANK2_BL-05_d2__T_input_-adjust_rsi_ex-cross_rsi_sm-simple_same_b-allowe_warmup-strict: cached
[867/2869] BANK2_BL-05_d2__T_input_-raw_rsi_ex-cross_rsi_sm-simple_same_b-allowe_warmup-strict: cached
[868/2869] BANK2_BL-05_d2__T_input_-adjust_rsi_ex-cross_rsi_sm-simple_same_b-wait_b_warmup-strict: cached
[869/2869] BANK2_BL-05_d2__T_input_-raw_rsi_ex-cross_rsi_sm-simple_same_b-wait_b_warmup-strict: cached
[870/2869] BANK2_BL-05_d2__T_input_-adjust_rsi_ex-cross_rsi_sm-simple_same_b-allowe_warmup-ready_: cached
[871/2869] BANK2_BL-05_d2__T_input_-raw_rsi_ex-cross_rsi_sm-simple_same_b-allowe_warmup-ready_: cached
[872/2869] BANK2_BL-05_d2__T_input_-adjust_rsi_ex-cross_rsi_sm-simple_same_b-wait_b_warmup-ready_: cached
[873/2869] BANK2_BL-05_d2__T_input_-raw_rsi_ex-cross_rsi_sm-simple_same_b-wait_b_warmup-ready_: cached
[874/2869] BANK2_BL-05_d2__OAT_a_exec-set_holdings: cached
[875/2869] BANK2_BL-05_d2__OAT_cross_timing-today_ma: cached
[876/2869] BANK2_BL-05_d2__SPOT_all_excluded_off: cached
[877/2869] BANK2_BL-05_d3__ref: cached
[878/2869] BANK2_BL-05_d3__T_input_-raw_rsi_ex-level_rsi_sm-wilder_same_b-allowe_warmup-strict: cached
[879/2869] BANK2_BL-05_d3__T_input_-adjust_rsi_ex-level_rsi_sm-wilder_same_b-wait_b_warmup-strict: cached
[880/2869] BANK2_BL-05_d3__T_input_-raw_rsi_ex-level_rsi_sm-wilder_same_b-wait_b_warmup-strict: cached
[881/2869] BANK2_BL-05_d3__T_input_-adjust_rsi_ex-level_rsi_sm-wilder_same_b-allowe_warmup-ready_: cached
[882/2869] BANK2_BL-05_d3__T_input_-raw_rsi_ex-level_rsi_sm-wilder_same_b-allowe_warmup-ready_: cached
[883/2869] BANK2_BL-05_d3__T_input_-adjust_rsi_ex-level_rsi_sm-wilder_same_b-wait_b_warmup-ready_: cached
[884/2869] BANK2_BL-05_d3__T_input_-raw_rsi_ex-level_rsi_sm-wilder_same_b-wait_b_warmup-ready_: cached
[885/2869] BANK2_BL-05_d3__T_input_-adjust_rsi_ex-cross_rsi_sm-wilder_same_b-allowe_warmup-strict: cached
[886/2869] BANK2_BL-05_d3__T_input_-raw_rsi_ex-cross_rsi_sm-wilder_same_b-allowe_warmup-strict: cached
[887/2869] BANK2_BL-05_d3__T_input_-adjust_rsi_ex-cross_rsi_sm-wilder_same_b-wait_b_warmup-strict: cached
[888/2869] BANK2_BL-05_d3__T_input_-raw_rsi_ex-cross_rsi_sm-wilder_same_b-wait_b_warmup-strict: cached
[889/2869] BANK2_BL-05_d3__T_input_-adjust_rsi_ex-cross_rsi_sm-wilder_same_b-allowe_warmup-ready_: cached
[890/2869] BANK2_BL-05_d3__T_input_-raw_rsi_ex-cross_rsi_sm-wilder_same_b-allowe_warmup-ready_: cached
[891/2869] BANK2_BL-05_d3__T_input_-adjust_rsi_ex-cross_rsi_sm-wilder_same_b-wait_b_warmup-ready_: cached
[892/2869] BANK2_BL-05_d3__T_input_-raw_rsi_ex-cross_rsi_sm-wilder_same_b-wait_b_warmup-ready_: cached
[893/2869] BANK2_BL-05_d3__T_input_-adjust_rsi_ex-level_rsi_sm-simple_same_b-allowe_warmup-strict: cached
[894/2869] BANK2_BL-05_d3__T_input_-raw_rsi_ex-level_rsi_sm-simple_same_b-allowe_warmup-strict: cached
[895/2869] BANK2_BL-05_d3__T_input_-adjust_rsi_ex-level_rsi_sm-simple_same_b-wait_b_warmup-strict: cached
[896/2869] BANK2_BL-05_d3__T_input_-raw_rsi_ex-level_rsi_sm-simple_same_b-wait_b_warmup-strict: cached
[897/2869] BANK2_BL-05_d3__T_input_-adjust_rsi_ex-level_rsi_sm-simple_same_b-allowe_warmup-ready_: cached
[898/2869] BANK2_BL-05_d3__T_input_-raw_rsi_ex-level_rsi_sm-simple_same_b-allowe_warmup-ready_: cached
[899/2869] BANK2_BL-05_d3__T_input_-adjust_rsi_ex-level_rsi_sm-simple_same_b-wait_b_warmup-ready_: cached
[900/2869] BANK2_BL-05_d3__T_input_-raw_rsi_ex-level_rsi_sm-simple_same_b-wait_b_warmup-ready_: cached
[901/2869] BANK2_BL-05_d3__T_input_-adjust_rsi_ex-cross_rsi_sm-simple_same_b-allowe_warmup-strict: cached
[902/2869] BANK2_BL-05_d3__T_input_-raw_rsi_ex-cross_rsi_sm-simple_same_b-allowe_warmup-strict: cached
[903/2869] BANK2_BL-05_d3__T_input_-adjust_rsi_ex-cross_rsi_sm-simple_same_b-wait_b_warmup-strict: cached
[904/2869] BANK2_BL-05_d3__T_input_-raw_rsi_ex-cross_rsi_sm-simple_same_b-wait_b_warmup-strict: cached
[905/2869] BANK2_BL-05_d3__T_input_-adjust_rsi_ex-cross_rsi_sm-simple_same_b-allowe_warmup-ready_: cached
[906/2869] BANK2_BL-05_d3__T_input_-raw_rsi_ex-cross_rsi_sm-simple_same_b-allowe_warmup-ready_: cached
[907/2869] BANK2_BL-05_d3__T_input_-adjust_rsi_ex-cross_rsi_sm-simple_same_b-wait_b_warmup-ready_: cached
[908/2869] BANK2_BL-05_d3__T_input_-raw_rsi_ex-cross_rsi_sm-simple_same_b-wait_b_warmup-ready_: cached
[909/2869] BANK2_BL-05_d3__OAT_a_exec-set_holdings: cached
[910/2869] BANK2_BL-05_d3__OAT_cross_timing-today_ma: cached
[911/2869] BANK2_BL-05_d3__SPOT_all_excluded_off: cached
[912/2869] BANK2_BL-01c_EMA10__T_cross_-today__input_-adjust_warmup-strict_wb-252: ok fills=660 (44.6s)
[913/2869] BANK2_BL-05_d4__T_input_-raw_rsi_ex-level_rsi_sm-wilder_same_b-allowe_warmup-strict: cached
[914/2869] BANK2_BL-05_d4__T_input_-adjust_rsi_ex-level_rsi_sm-wilder_same_b-wait_b_warmup-strict: cached
[915/2869] BANK2_BL-05_d4__T_input_-raw_rsi_ex-level_rsi_sm-wilder_same_b-wait_b_warmup-strict: cached
[916/2869] BANK2_BL-05_d4__T_input_-adjust_rsi_ex-level_rsi_sm-wilder_same_b-allowe_warmup-ready_: cached
[917/2869] BANK2_BL-05_d4__T_input_-raw_rsi_ex-level_rsi_sm-wilder_same_b-allowe_warmup-ready_: cached
[918/2869] BANK2_BL-05_d4__T_input_-adjust_rsi_ex-level_rsi_sm-wilder_same_b-wait_b_warmup-ready_: cached
[919/2869] BANK2_BL-05_d4__T_input_-raw_rsi_ex-level_rsi_sm-wilder_same_b-wait_b_warmup-ready_: cached
[920/2869] BANK2_BL-05_d4__T_input_-adjust_rsi_ex-cross_rsi_sm-wilder_same_b-allowe_warmup-strict: cached
[921/2869] BANK2_BL-05_d4__T_input_-raw_rsi_ex-cross_rsi_sm-wilder_same_b-allowe_warmup-strict: cached
[922/2869] BANK2_BL-05_d4__T_input_-adjust_rsi_ex-cross_rsi_sm-wilder_same_b-wait_b_warmup-strict: cached
[923/2869] BANK2_BL-05_d4__T_input_-raw_rsi_ex-cross_rsi_sm-wilder_same_b-wait_b_warmup-strict: cached
[924/2869] BANK2_BL-05_d4__T_input_-adjust_rsi_ex-cross_rsi_sm-wilder_same_b-allowe_warmup-ready_: cached
[925/2869] BANK2_BL-05_d4__T_input_-raw_rsi_ex-cross_rsi_sm-wilder_same_b-allowe_warmup-ready_: cached
[926/2869] BANK2_BL-05_d4__T_input_-adjust_rsi_ex-cross_rsi_sm-wilder_same_b-wait_b_warmup-ready_: cached
[927/2869] BANK2_BL-05_d4__T_input_-raw_rsi_ex-cross_rsi_sm-wilder_same_b-wait_b_warmup-ready_: cached
[928/2869] BANK2_BL-05_d4__T_input_-adjust_rsi_ex-level_rsi_sm-simple_same_b-allowe_warmup-strict: cached
[929/2869] BANK2_BL-05_d4__T_input_-raw_rsi_ex-level_rsi_sm-simple_same_b-allowe_warmup-strict: cached
[930/2869] BANK2_BL-05_d4__T_input_-adjust_rsi_ex-level_rsi_sm-simple_same_b-wait_b_warmup-strict: cached
[931/2869] BANK2_BL-05_d4__T_input_-raw_rsi_ex-level_rsi_sm-simple_same_b-wait_b_warmup-strict: cached
[932/2869] BANK2_BL-05_d4__T_input_-adjust_rsi_ex-level_rsi_sm-simple_same_b-allowe_warmup-ready_: cached
[933/2869] BANK2_BL-05_d4__T_input_-raw_rsi_ex-level_rsi_sm-simple_same_b-allowe_warmup-ready_: cached
[934/2869] BANK2_BL-05_d4__T_input_-adjust_rsi_ex-level_rsi_sm-simple_same_b-wait_b_warmup-ready_: cached
[935/2869] BANK2_BL-05_d4__T_input_-raw_rsi_ex-level_rsi_sm-simple_same_b-wait_b_warmup-ready_: cached
[936/2869] BANK2_BL-05_d4__T_input_-adjust_rsi_ex-cross_rsi_sm-simple_same_b-allowe_warmup-strict: cached
[937/2869] BANK2_BL-05_d4__T_input_-raw_rsi_ex-cross_rsi_sm-simple_same_b-allowe_warmup-strict: cached
[938/2869] BANK2_BL-05_d4__T_input_-adjust_rsi_ex-cross_rsi_sm-simple_same_b-wait_b_warmup-strict: cached
[939/2869] BANK2_BL-05_d4__T_input_-raw_rsi_ex-cross_rsi_sm-simple_same_b-wait_b_warmup-strict: cached
[940/2869] BANK2_BL-05_d4__T_input_-adjust_rsi_ex-cross_rsi_sm-simple_same_b-allowe_warmup-ready_: cached
[941/2869] BANK2_BL-05_d4__T_input_-raw_rsi_ex-cross_rsi_sm-simple_same_b-allowe_warmup-ready_: cached
[942/2869] BANK2_BL-05_d4__T_input_-adjust_rsi_ex-cross_rsi_sm-simple_same_b-wait_b_warmup-ready_: cached
[943/2869] BANK2_BL-05_d4__T_input_-raw_rsi_ex-cross_rsi_sm-simple_same_b-wait_b_warmup-ready_: cached
[944/2869] BANK2_BL-05_d4__OAT_a_exec-set_holdings: cached
[945/2869] BANK2_BL-05_d4__OAT_cross_timing-today_ma: cached
[946/2869] BANK2_BL-05_d4__SPOT_all_excluded_off: cached
[947/2869] BANK2_BL-05_d5__ref: cached
[948/2869] BANK2_BL-05_d5__T_input_-raw_rsi_ex-level_rsi_sm-wilder_same_b-allowe_warmup-strict: cached
[949/2869] BANK2_BL-05_d5__T_input_-adjust_rsi_ex-level_rsi_sm-wilder_same_b-wait_b_warmup-strict: cached
[950/2869] BANK2_BL-05_d5__T_input_-raw_rsi_ex-level_rsi_sm-wilder_same_b-wait_b_warmup-strict: cached
[951/2869] BANK2_BL-05_d5__T_input_-adjust_rsi_ex-level_rsi_sm-wilder_same_b-allowe_warmup-ready_: cached
[952/2869] BANK2_BL-05_d5__T_input_-raw_rsi_ex-level_rsi_sm-wilder_same_b-allowe_warmup-ready_: cached
[953/2869] BANK2_BL-05_d5__T_input_-adjust_rsi_ex-level_rsi_sm-wilder_same_b-wait_b_warmup-ready_: cached
[954/2869] BANK2_BL-05_d5__T_input_-raw_rsi_ex-level_rsi_sm-wilder_same_b-wait_b_warmup-ready_: cached
[955/2869] BANK2_BL-05_d5__T_input_-adjust_rsi_ex-cross_rsi_sm-wilder_same_b-allowe_warmup-strict: cached
[956/2869] BANK2_BL-05_d5__T_input_-raw_rsi_ex-cross_rsi_sm-wilder_same_b-allowe_warmup-strict: cached
[957/2869] BANK2_BL-05_d5__T_input_-adjust_rsi_ex-cross_rsi_sm-wilder_same_b-wait_b_warmup-strict: cached
[958/2869] BANK2_BL-05_d5__T_input_-raw_rsi_ex-cross_rsi_sm-wilder_same_b-wait_b_warmup-strict: cached
[959/2869] BANK2_BL-05_d5__T_input_-adjust_rsi_ex-cross_rsi_sm-wilder_same_b-allowe_warmup-ready_: cached
[960/2869] BANK2_BL-05_d5__T_input_-raw_rsi_ex-cross_rsi_sm-wilder_same_b-allowe_warmup-ready_: cached
[961/2869] BANK2_BL-05_d5__T_input_-adjust_rsi_ex-cross_rsi_sm-wilder_same_b-wait_b_warmup-ready_: cached
[962/2869] BANK2_BL-05_d5__T_input_-raw_rsi_ex-cross_rsi_sm-wilder_same_b-wait_b_warmup-ready_: cached
[963/2869] BANK2_BL-05_d5__T_input_-adjust_rsi_ex-level_rsi_sm-simple_same_b-allowe_warmup-strict: cached
[964/2869] BANK2_BL-05_d5__T_input_-raw_rsi_ex-level_rsi_sm-simple_same_b-allowe_warmup-strict: cached
[965/2869] BANK2_BL-05_d5__T_input_-adjust_rsi_ex-level_rsi_sm-simple_same_b-wait_b_warmup-strict: cached
[966/2869] BANK2_BL-05_d5__T_input_-raw_rsi_ex-level_rsi_sm-simple_same_b-wait_b_warmup-strict: cached
[967/2869] BANK2_BL-05_d5__T_input_-adjust_rsi_ex-level_rsi_sm-simple_same_b-allowe_warmup-ready_: cached
[968/2869] BANK2_BL-05_d5__T_input_-raw_rsi_ex-level_rsi_sm-simple_same_b-allowe_warmup-ready_: cached
[969/2869] BANK2_BL-05_d5__T_input_-adjust_rsi_ex-level_rsi_sm-simple_same_b-wait_b_warmup-ready_: cached
[970/2869] BANK2_BL-05_d5__T_input_-raw_rsi_ex-level_rsi_sm-simple_same_b-wait_b_warmup-ready_: cached
[971/2869] BANK2_BL-05_d5__T_input_-adjust_rsi_ex-cross_rsi_sm-simple_same_b-allowe_warmup-strict: cached
[972/2869] BANK2_BL-05_d5__T_input_-raw_rsi_ex-cross_rsi_sm-simple_same_b-allowe_warmup-strict: cached
[973/2869] BANK2_BL-05_d5__T_input_-adjust_rsi_ex-cross_rsi_sm-simple_same_b-wait_b_warmup-strict: cached
[974/2869] BANK2_BL-05_d5__T_input_-raw_rsi_ex-cross_rsi_sm-simple_same_b-wait_b_warmup-strict: cached
[975/2869] BANK2_BL-05_d5__T_input_-adjust_rsi_ex-cross_rsi_sm-simple_same_b-allowe_warmup-ready_: cached
[976/2869] BANK2_BL-05_d5__T_input_-raw_rsi_ex-cross_rsi_sm-simple_same_b-allowe_warmup-ready_: cached
[977/2869] BANK2_BL-05_d5__T_input_-adjust_rsi_ex-cross_rsi_sm-simple_same_b-wait_b_warmup-ready_: cached
[978/2869] BANK2_BL-05_d5__T_input_-raw_rsi_ex-cross_rsi_sm-simple_same_b-wait_b_warmup-ready_: cached
[979/2869] BANK2_BL-05_d5__OAT_a_exec-set_holdings: cached
[980/2869] BANK2_BL-05_d5__OAT_cross_timing-today_ma: cached
[981/2869] BANK2_BL-05_d5__SPOT_all_excluded_off: cached
[982/2869] BANK2_BL-07_p7__ref: cached
[983/2869] BANK2_BL-07_p7__T_input_-raw_rsi_ex-level_rsi_sm-wilder_same_b-allowe_warmup-strict: cached
[984/2869] BANK2_BL-07_p7__T_input_-adjust_rsi_ex-level_rsi_sm-wilder_same_b-wait_b_warmup-strict: cached
[985/2869] BANK2_BL-07_p7__T_input_-raw_rsi_ex-level_rsi_sm-wilder_same_b-wait_b_warmup-strict: cached
[986/2869] BANK2_BL-07_p7__T_input_-adjust_rsi_ex-level_rsi_sm-wilder_same_b-allowe_warmup-ready_: cached
[987/2869] BANK2_BL-07_p7__T_input_-raw_rsi_ex-level_rsi_sm-wilder_same_b-allowe_warmup-ready_: cached
[988/2869] BANK2_BL-07_p7__T_input_-adjust_rsi_ex-level_rsi_sm-wilder_same_b-wait_b_warmup-ready_: cached
[989/2869] BANK2_BL-07_p7__T_input_-raw_rsi_ex-level_rsi_sm-wilder_same_b-wait_b_warmup-ready_: cached
[990/2869] BANK2_BL-07_p7__T_input_-adjust_rsi_ex-cross_rsi_sm-wilder_same_b-allowe_warmup-strict: cached
[991/2869] BANK2_BL-07_p7__T_input_-raw_rsi_ex-cross_rsi_sm-wilder_same_b-allowe_warmup-strict: cached
[992/2869] BANK2_BL-07_p7__T_input_-adjust_rsi_ex-cross_rsi_sm-wilder_same_b-wait_b_warmup-strict: cached
[993/2869] BANK2_BL-07_p7__T_input_-raw_rsi_ex-cross_rsi_sm-wilder_same_b-wait_b_warmup-strict: cached
[994/2869] BANK2_BL-07_p7__T_input_-adjust_rsi_ex-cross_rsi_sm-wilder_same_b-allowe_warmup-ready_: cached
[995/2869] BANK2_BL-07_p7__T_input_-raw_rsi_ex-cross_rsi_sm-wilder_same_b-allowe_warmup-ready_: cached
[996/2869] BANK2_BL-07_p7__T_input_-adjust_rsi_ex-cross_rsi_sm-wilder_same_b-wait_b_warmup-ready_: cached
[997/2869] BANK2_BL-07_p7__T_input_-raw_rsi_ex-cross_rsi_sm-wilder_same_b-wait_b_warmup-ready_: cached
[998/2869] BANK2_BL-07_p7__T_input_-adjust_rsi_ex-level_rsi_sm-simple_same_b-allowe_warmup-strict: cached
[999/2869] BANK2_BL-07_p7__T_input_-raw_rsi_ex-level_rsi_sm-simple_same_b-allowe_warmup-strict: cached
[1000/2869] BANK2_BL-07_p7__T_input_-adjust_rsi_ex-level_rsi_sm-simple_same_b-wait_b_warmup-strict: cached
[1001/2869] BANK2_BL-07_p7__T_input_-raw_rsi_ex-level_rsi_sm-simple_same_b-wait_b_warmup-strict: cached
[1002/2869] BANK2_BL-07_p7__T_input_-adjust_rsi_ex-level_rsi_sm-simple_same_b-allowe_warmup-ready_: cached
[1003/2869] BANK2_BL-07_p7__T_input_-raw_rsi_ex-level_rsi_sm-simple_same_b-allowe_warmup-ready_: cached
[1004/2869] BANK2_BL-07_p7__T_input_-adjust_rsi_ex-level_rsi_sm-simple_same_b-wait_b_warmup-ready_: cached
[1005/2869] BANK2_BL-07_p7__T_input_-raw_rsi_ex-level_rsi_sm-simple_same_b-wait_b_warmup-ready_: cached
[1006/2869] BANK2_BL-07_p7__T_input_-adjust_rsi_ex-cross_rsi_sm-simple_same_b-allowe_warmup-strict: cached
[1007/2869] BANK2_BL-07_p7__T_input_-raw_rsi_ex-cross_rsi_sm-simple_same_b-allowe_warmup-strict: cached
[1008/2869] BANK2_BL-07_p7__T_input_-adjust_rsi_ex-cross_rsi_sm-simple_same_b-wait_b_warmup-strict: cached
[1009/2869] BANK2_BL-07_p7__T_input_-raw_rsi_ex-cross_rsi_sm-simple_same_b-wait_b_warmup-strict: cached
[1010/2869] BANK2_BL-07_p7__T_input_-adjust_rsi_ex-cross_rsi_sm-simple_same_b-allowe_warmup-ready_: cached
[1011/2869] BANK2_BL-07_p7__T_input_-raw_rsi_ex-cross_rsi_sm-simple_same_b-allowe_warmup-ready_: cached
[1012/2869] BANK2_BL-07_p7__T_input_-adjust_rsi_ex-cross_rsi_sm-simple_same_b-wait_b_warmup-ready_: cached
[1013/2869] BANK2_BL-07_p7__T_input_-raw_rsi_ex-cross_rsi_sm-simple_same_b-wait_b_warmup-ready_: cached
[1014/2869] BANK2_BL-07_p7__OAT_a_exec-set_holdings: cached
[1015/2869] BANK2_BL-07_p7__OAT_cross_timing-today_ma: cached
[1016/2869] BANK2_BL-07_p7__SPOT_all_excluded_off: cached
[1017/2869] BANK2_BL-07_p9__ref: cached
[1018/2869] BANK2_BL-07_p9__T_input_-raw_rsi_ex-level_rsi_sm-wilder_same_b-allowe_warmup-strict: cached
[1019/2869] BANK2_BL-07_p9__T_input_-adjust_rsi_ex-level_rsi_sm-wilder_same_b-wait_b_warmup-strict: cached
[1020/2869] BANK2_BL-07_p9__T_input_-raw_rsi_ex-level_rsi_sm-wilder_same_b-wait_b_warmup-strict: cached
[1021/2869] BANK2_BL-07_p9__T_input_-adjust_rsi_ex-level_rsi_sm-wilder_same_b-allowe_warmup-ready_: cached
[1022/2869] BANK2_BL-07_p9__T_input_-raw_rsi_ex-level_rsi_sm-wilder_same_b-allowe_warmup-ready_: cached
[1023/2869] BANK2_BL-07_p9__T_input_-adjust_rsi_ex-level_rsi_sm-wilder_same_b-wait_b_warmup-ready_: cached
[1024/2869] BANK2_BL-07_p9__T_input_-raw_rsi_ex-level_rsi_sm-wilder_same_b-wait_b_warmup-ready_: cached
[1025/2869] BANK2_BL-07_p9__T_input_-adjust_rsi_ex-cross_rsi_sm-wilder_same_b-allowe_warmup-strict: cached
[1026/2869] BANK2_BL-07_p9__T_input_-raw_rsi_ex-cross_rsi_sm-wilder_same_b-allowe_warmup-strict: cached
[1027/2869] BANK2_BL-07_p9__T_input_-adjust_rsi_ex-cross_rsi_sm-wilder_same_b-wait_b_warmup-strict: cached
[1028/2869] BANK2_BL-07_p9__T_input_-raw_rsi_ex-cross_rsi_sm-wilder_same_b-wait_b_warmup-strict: cached
[1029/2869] BANK2_BL-07_p9__T_input_-adjust_rsi_ex-cross_rsi_sm-wilder_same_b-allowe_warmup-ready_: cached
[1030/2869] BANK2_BL-07_p9__T_input_-raw_rsi_ex-cross_rsi_sm-wilder_same_b-allowe_warmup-ready_: cached
[1031/2869] BANK2_BL-07_p9__T_input_-adjust_rsi_ex-cross_rsi_sm-wilder_same_b-wait_b_warmup-ready_: cached
[1032/2869] BANK2_BL-07_p9__T_input_-raw_rsi_ex-cross_rsi_sm-wilder_same_b-wait_b_warmup-ready_: cached
[1033/2869] BANK2_BL-07_p9__T_input_-adjust_rsi_ex-level_rsi_sm-simple_same_b-allowe_warmup-strict: cached
[1034/2869] BANK2_BL-07_p9__T_input_-raw_rsi_ex-level_rsi_sm-simple_same_b-allowe_warmup-strict: cached
[1035/2869] BANK2_BL-07_p9__T_input_-adjust_rsi_ex-level_rsi_sm-simple_same_b-wait_b_warmup-strict: cached
[1036/2869] BANK2_BL-07_p9__T_input_-raw_rsi_ex-level_rsi_sm-simple_same_b-wait_b_warmup-strict: cached
[1037/2869] BANK2_BL-07_p9__T_input_-adjust_rsi_ex-level_rsi_sm-simple_same_b-allowe_warmup-ready_: cached
[1038/2869] BANK2_BL-07_p9__T_input_-raw_rsi_ex-level_rsi_sm-simple_same_b-allowe_warmup-ready_: cached
[1039/2869] BANK2_BL-07_p9__T_input_-adjust_rsi_ex-level_rsi_sm-simple_same_b-wait_b_warmup-ready_: cached
[1040/2869] BANK2_BL-07_p9__T_input_-raw_rsi_ex-level_rsi_sm-simple_same_b-wait_b_warmup-ready_: cached
[1041/2869] BANK2_BL-07_p9__T_input_-adjust_rsi_ex-cross_rsi_sm-simple_same_b-allowe_warmup-strict: cached
[1042/2869] BANK2_BL-07_p9__T_input_-raw_rsi_ex-cross_rsi_sm-simple_same_b-allowe_warmup-strict: cached
[1043/2869] BANK2_BL-07_p9__T_input_-adjust_rsi_ex-cross_rsi_sm-simple_same_b-wait_b_warmup-strict: cached
[1044/2869] BANK2_BL-07_p9__T_input_-raw_rsi_ex-cross_rsi_sm-simple_same_b-wait_b_warmup-strict: cached
[1045/2869] BANK2_BL-07_p9__T_input_-adjust_rsi_ex-cross_rsi_sm-simple_same_b-allowe_warmup-ready_: cached
[1046/2869] BANK2_BL-07_p9__T_input_-raw_rsi_ex-cross_rsi_sm-simple_same_b-allowe_warmup-ready_: cached
[1047/2869] BANK2_BL-07_p9__T_input_-adjust_rsi_ex-cross_rsi_sm-simple_same_b-wait_b_warmup-ready_: cached
[1048/2869] BANK2_BL-07_p9__T_input_-raw_rsi_ex-cross_rsi_sm-simple_same_b-wait_b_warmup-ready_: cached
[1049/2869] BANK2_BL-07_p9__OAT_a_exec-set_holdings: cached
[1050/2869] BANK2_BL-07_p9__OAT_cross_timing-today_ma: cached
[1051/2869] BANK2_BL-07_p9__SPOT_all_excluded_off: cached
[1052/2869] BANK2_BL-07_p14__ref: cached
[1053/2869] BANK2_BL-07_p14__T_input_-raw_rsi_ex-level_rsi_sm-wilder_same_b-allowe_warmup-strict: cached
[1054/2869] BANK2_BL-07_p14__T_input_-adjust_rsi_ex-level_rsi_sm-wilder_same_b-wait_b_warmup-strict: cached
[1055/2869] BANK2_BL-07_p14__T_input_-raw_rsi_ex-level_rsi_sm-wilder_same_b-wait_b_warmup-strict: cached
[1056/2869] BANK2_BL-07_p14__T_input_-adjust_rsi_ex-level_rsi_sm-wilder_same_b-allowe_warmup-ready_: cached
[1057/2869] BANK2_BL-07_p14__T_input_-raw_rsi_ex-level_rsi_sm-wilder_same_b-allowe_warmup-ready_: cached
[1058/2869] BANK2_BL-07_p14__T_input_-adjust_rsi_ex-level_rsi_sm-wilder_same_b-wait_b_warmup-ready_: cached
[1059/2869] BANK2_BL-07_p14__T_input_-raw_rsi_ex-level_rsi_sm-wilder_same_b-wait_b_warmup-ready_: cached
[1060/2869] BANK2_BL-07_p14__T_input_-adjust_rsi_ex-cross_rsi_sm-wilder_same_b-allowe_warmup-strict: cached
[1061/2869] BANK2_BL-07_p14__T_input_-raw_rsi_ex-cross_rsi_sm-wilder_same_b-allowe_warmup-strict: cached
[1062/2869] BANK2_BL-07_p14__T_input_-adjust_rsi_ex-cross_rsi_sm-wilder_same_b-wait_b_warmup-strict: cached
[1063/2869] BANK2_BL-07_p14__T_input_-raw_rsi_ex-cross_rsi_sm-wilder_same_b-wait_b_warmup-strict: cached
[1064/2869] BANK2_BL-07_p14__T_input_-adjust_rsi_ex-cross_rsi_sm-wilder_same_b-allowe_warmup-ready_: cached
[1065/2869] BANK2_BL-07_p14__T_input_-raw_rsi_ex-cross_rsi_sm-wilder_same_b-allowe_warmup-ready_: cached
[1066/2869] BANK2_BL-07_p14__T_input_-adjust_rsi_ex-cross_rsi_sm-wilder_same_b-wait_b_warmup-ready_: cached
[1067/2869] BANK2_BL-07_p14__T_input_-raw_rsi_ex-cross_rsi_sm-wilder_same_b-wait_b_warmup-ready_: cached
[1068/2869] BANK2_BL-07_p14__T_input_-adjust_rsi_ex-level_rsi_sm-simple_same_b-allowe_warmup-strict: cached
[1069/2869] BANK2_BL-07_p14__T_input_-raw_rsi_ex-level_rsi_sm-simple_same_b-allowe_warmup-strict: cached
[1070/2869] BANK2_BL-07_p14__T_input_-adjust_rsi_ex-level_rsi_sm-simple_same_b-wait_b_warmup-strict: cached
[1071/2869] BANK2_BL-07_p14__T_input_-raw_rsi_ex-level_rsi_sm-simple_same_b-wait_b_warmup-strict: cached
[1072/2869] BANK2_BL-07_p14__T_input_-adjust_rsi_ex-level_rsi_sm-simple_same_b-allowe_warmup-ready_: cached
[1073/2869] BANK2_BL-07_p14__T_input_-raw_rsi_ex-level_rsi_sm-simple_same_b-allowe_warmup-ready_: cached
[1074/2869] BANK2_BL-07_p14__T_input_-adjust_rsi_ex-level_rsi_sm-simple_same_b-wait_b_warmup-ready_: cached
[1075/2869] BANK2_BL-07_p14__T_input_-raw_rsi_ex-level_rsi_sm-simple_same_b-wait_b_warmup-ready_: cached
[1076/2869] BANK2_BL-07_p14__T_input_-adjust_rsi_ex-cross_rsi_sm-simple_same_b-allowe_warmup-strict: cached
[1077/2869] BANK2_BL-07_p14__T_input_-raw_rsi_ex-cross_rsi_sm-simple_same_b-allowe_warmup-strict: cached
[1078/2869] BANK2_BL-07_p14__T_input_-adjust_rsi_ex-cross_rsi_sm-simple_same_b-wait_b_warmup-strict: cached
[1079/2869] BANK2_BL-07_p14__T_input_-raw_rsi_ex-cross_rsi_sm-simple_same_b-wait_b_warmup-strict: cached
[1080/2869] BANK2_BL-07_p14__T_input_-adjust_rsi_ex-cross_rsi_sm-simple_same_b-allowe_warmup-ready_: cached
[1081/2869] BANK2_BL-07_p14__T_input_-raw_rsi_ex-cross_rsi_sm-simple_same_b-allowe_warmup-ready_: cached
[1082/2869] BANK2_BL-07_p14__T_input_-adjust_rsi_ex-cross_rsi_sm-simple_same_b-wait_b_warmup-ready_: cached
[1083/2869] BANK2_BL-07_p14__T_input_-raw_rsi_ex-cross_rsi_sm-simple_same_b-wait_b_warmup-ready_: cached
[1084/2869] BANK2_BL-07_p14__OAT_a_exec-set_holdings: cached
[1085/2869] BANK2_BL-07_p14__OAT_cross_timing-today_ma: cached
[1086/2869] BANK2_BL-07_p14__SPOT_all_excluded_off: cached
[1087/2869] BANK2_BL-07_p21__ref: cached
[1088/2869] BANK2_BL-07_p21__T_input_-raw_rsi_ex-level_rsi_sm-wilder_same_b-allowe_warmup-strict: cached
[1089/2869] BANK2_BL-07_p21__T_input_-adjust_rsi_ex-level_rsi_sm-wilder_same_b-wait_b_warmup-strict: cached
[1090/2869] BANK2_BL-07_p21__T_input_-raw_rsi_ex-level_rsi_sm-wilder_same_b-wait_b_warmup-strict: cached
[1091/2869] BANK2_BL-07_p21__T_input_-adjust_rsi_ex-level_rsi_sm-wilder_same_b-allowe_warmup-ready_: cached
[1092/2869] BANK2_BL-07_p21__T_input_-raw_rsi_ex-level_rsi_sm-wilder_same_b-allowe_warmup-ready_: cached
[1093/2869] BANK2_BL-07_p21__T_input_-adjust_rsi_ex-level_rsi_sm-wilder_same_b-wait_b_warmup-ready_: cached
[1094/2869] BANK2_BL-07_p21__T_input_-raw_rsi_ex-level_rsi_sm-wilder_same_b-wait_b_warmup-ready_: cached
[1095/2869] BANK2_BL-07_p21__T_input_-adjust_rsi_ex-cross_rsi_sm-wilder_same_b-allowe_warmup-strict: cached
[1096/2869] BANK2_BL-07_p21__T_input_-raw_rsi_ex-cross_rsi_sm-wilder_same_b-allowe_warmup-strict: cached
[1097/2869] BANK2_BL-07_p21__T_input_-adjust_rsi_ex-cross_rsi_sm-wilder_same_b-wait_b_warmup-strict: cached
[1098/2869] BANK2_BL-07_p21__T_input_-raw_rsi_ex-cross_rsi_sm-wilder_same_b-wait_b_warmup-strict: cached
[1099/2869] BANK2_BL-07_p21__T_input_-adjust_rsi_ex-cross_rsi_sm-wilder_same_b-allowe_warmup-ready_: cached
[1100/2869] BANK2_BL-07_p21__T_input_-raw_rsi_ex-cross_rsi_sm-wilder_same_b-allowe_warmup-ready_: cached
[1101/2869] BANK2_BL-07_p21__T_input_-adjust_rsi_ex-cross_rsi_sm-wilder_same_b-wait_b_warmup-ready_: cached
[1102/2869] BANK2_BL-07_p21__T_input_-raw_rsi_ex-cross_rsi_sm-wilder_same_b-wait_b_warmup-ready_: cached
[1103/2869] BANK2_BL-07_p21__T_input_-adjust_rsi_ex-level_rsi_sm-simple_same_b-allowe_warmup-strict: cached
[1104/2869] BANK2_BL-07_p21__T_input_-raw_rsi_ex-level_rsi_sm-simple_same_b-allowe_warmup-strict: cached
[1105/2869] BANK2_BL-07_p21__T_input_-adjust_rsi_ex-level_rsi_sm-simple_same_b-wait_b_warmup-strict: cached
[1106/2869] BANK2_BL-07_p21__T_input_-raw_rsi_ex-level_rsi_sm-simple_same_b-wait_b_warmup-strict: cached
[1107/2869] BANK2_BL-07_p21__T_input_-adjust_rsi_ex-level_rsi_sm-simple_same_b-allowe_warmup-ready_: cached
[1108/2869] BANK2_BL-07_p21__T_input_-raw_rsi_ex-level_rsi_sm-simple_same_b-allowe_warmup-ready_: cached
[1109/2869] BANK2_BL-07_p21__T_input_-adjust_rsi_ex-level_rsi_sm-simple_same_b-wait_b_warmup-ready_: cached
[1110/2869] BANK2_BL-07_p21__T_input_-raw_rsi_ex-level_rsi_sm-simple_same_b-wait_b_warmup-ready_: cached
[1111/2869] BANK2_BL-07_p21__T_input_-adjust_rsi_ex-cross_rsi_sm-simple_same_b-allowe_warmup-strict: cached
[1112/2869] BANK2_BL-07_p21__T_input_-raw_rsi_ex-cross_rsi_sm-simple_same_b-allowe_warmup-strict: cached
[1113/2869] BANK2_CROSS_au_wait__T_cross_-both_d_input_-adjust_warmup-ready_: ok fills=261 (35.4s)
[1114/2869] BANK2_BL-07_p21__T_input_-raw_rsi_ex-cross_rsi_sm-simple_same_b-wait_b_warmup-strict: cached
[1115/2869] BANK2_BL-07_p21__T_input_-adjust_rsi_ex-cross_rsi_sm-simple_same_b-allowe_warmup-ready_: cached
[1116/2869] BANK2_BL-07_p21__T_input_-raw_rsi_ex-cross_rsi_sm-simple_same_b-allowe_warmup-ready_: cached
[1117/2869] BANK2_BL-07_p21__T_input_-adjust_rsi_ex-cross_rsi_sm-simple_same_b-wait_b_warmup-ready_: cached
[1118/2869] BANK2_BL-07_p21__T_input_-raw_rsi_ex-cross_rsi_sm-simple_same_b-wait_b_warmup-ready_: cached
[1119/2869] BANK2_BL-07_p21__OAT_a_exec-set_holdings: cached
[1120/2869] BANK2_BL-07_p21__OAT_cross_timing-today_ma: cached
[1121/2869] BANK2_BL-07_p21__SPOT_all_excluded_off: cached
[1122/2869] BANK2_BL-08_t50__ref: cached
[1123/2869] BANK2_BL-08_t50__T_input_-raw_rsi_ex-level_rsi_sm-wilder_same_b-allowe_warmup-strict: cached
[1124/2869] BANK2_BL-08_t50__T_input_-adjust_rsi_ex-level_rsi_sm-wilder_same_b-wait_b_warmup-strict: cached
[1125/2869] BANK2_BL-08_t50__T_input_-raw_rsi_ex-level_rsi_sm-wilder_same_b-wait_b_warmup-strict: cached
[1126/2869] BANK2_BL-08_t50__T_input_-adjust_rsi_ex-level_rsi_sm-wilder_same_b-allowe_warmup-ready_: cached
[1127/2869] BANK2_BL-08_t50__T_input_-raw_rsi_ex-level_rsi_sm-wilder_same_b-allowe_warmup-ready_: cached
[1128/2869] BANK2_BL-08_t50__T_input_-adjust_rsi_ex-level_rsi_sm-wilder_same_b-wait_b_warmup-ready_: cached
[1129/2869] BANK2_BL-08_t50__T_input_-raw_rsi_ex-level_rsi_sm-wilder_same_b-wait_b_warmup-ready_: cached
[1130/2869] BANK2_BL-08_t50__T_input_-adjust_rsi_ex-cross_rsi_sm-wilder_same_b-allowe_warmup-strict: cached
[1131/2869] BANK2_BL-08_t50__T_input_-raw_rsi_ex-cross_rsi_sm-wilder_same_b-allowe_warmup-strict: cached
[1132/2869] BANK2_BL-08_t50__T_input_-adjust_rsi_ex-cross_rsi_sm-wilder_same_b-wait_b_warmup-strict: cached
[1133/2869] BANK2_BL-08_t50__T_input_-raw_rsi_ex-cross_rsi_sm-wilder_same_b-wait_b_warmup-strict: cached
[1134/2869] BANK2_BL-08_t50__T_input_-adjust_rsi_ex-cross_rsi_sm-wilder_same_b-allowe_warmup-ready_: cached
[1135/2869] BANK2_BL-08_t50__T_input_-raw_rsi_ex-cross_rsi_sm-wilder_same_b-allowe_warmup-ready_: cached
[1136/2869] BANK2_BL-08_t50__T_input_-adjust_rsi_ex-cross_rsi_sm-wilder_same_b-wait_b_warmup-ready_: cached
[1137/2869] BANK2_BL-08_t50__T_input_-raw_rsi_ex-cross_rsi_sm-wilder_same_b-wait_b_warmup-ready_: cached
[1138/2869] BANK2_BL-08_t50__T_input_-adjust_rsi_ex-level_rsi_sm-simple_same_b-allowe_warmup-strict: cached
[1139/2869] BANK2_BL-08_t50__T_input_-raw_rsi_ex-level_rsi_sm-simple_same_b-allowe_warmup-strict: cached
[1140/2869] BANK2_BL-08_t50__T_input_-adjust_rsi_ex-level_rsi_sm-simple_same_b-wait_b_warmup-strict: cached
[1141/2869] BANK2_BL-08_t50__T_input_-raw_rsi_ex-level_rsi_sm-simple_same_b-wait_b_warmup-strict: cached
[1142/2869] BANK2_BL-08_t50__T_input_-adjust_rsi_ex-level_rsi_sm-simple_same_b-allowe_warmup-ready_: cached
[1143/2869] BANK2_BL-08_t50__T_input_-raw_rsi_ex-level_rsi_sm-simple_same_b-allowe_warmup-ready_: cached
[1144/2869] BANK2_BL-08_t50__T_input_-adjust_rsi_ex-level_rsi_sm-simple_same_b-wait_b_warmup-ready_: cached
[1145/2869] BANK2_BL-08_t50__T_input_-raw_rsi_ex-level_rsi_sm-simple_same_b-wait_b_warmup-ready_: cached
[1146/2869] BANK2_BL-08_t50__T_input_-adjust_rsi_ex-cross_rsi_sm-simple_same_b-allowe_warmup-strict: cached
[1147/2869] BANK2_BL-08_t50__T_input_-raw_rsi_ex-cross_rsi_sm-simple_same_b-allowe_warmup-strict: cached
[1148/2869] BANK2_BL-08_t50__T_input_-adjust_rsi_ex-cross_rsi_sm-simple_same_b-wait_b_warmup-strict: cached
[1149/2869] BANK2_BL-08_t50__T_input_-raw_rsi_ex-cross_rsi_sm-simple_same_b-wait_b_warmup-strict: cached
[1150/2869] BANK2_BL-08_t50__T_input_-adjust_rsi_ex-cross_rsi_sm-simple_same_b-allowe_warmup-ready_: cached
[1151/2869] BANK2_BL-08_t50__T_input_-raw_rsi_ex-cross_rsi_sm-simple_same_b-allowe_warmup-ready_: cached
[1152/2869] BANK2_BL-08_t50__T_input_-adjust_rsi_ex-cross_rsi_sm-simple_same_b-wait_b_warmup-ready_: cached
[1153/2869] BANK2_BL-08_t50__T_input_-raw_rsi_ex-cross_rsi_sm-simple_same_b-wait_b_warmup-ready_: cached
[1154/2869] BANK2_BL-08_t50__OAT_a_exec-set_holdings: cached
[1155/2869] BANK2_BL-08_t50__OAT_cross_timing-today_ma: cached
[1156/2869] BANK2_BL-08_t50__SPOT_all_excluded_off: cached
[1157/2869] BANK2_BL-08_t60__ref: cached
[1158/2869] BANK2_BL-08_t60__T_input_-raw_rsi_ex-level_rsi_sm-wilder_same_b-allowe_warmup-strict: cached
[1159/2869] BANK2_BL-08_t60__T_input_-adjust_rsi_ex-level_rsi_sm-wilder_same_b-wait_b_warmup-strict: cached
[1160/2869] BANK2_BL-08_t60__T_input_-raw_rsi_ex-level_rsi_sm-wilder_same_b-wait_b_warmup-strict: cached
[1161/2869] BANK2_BL-08_t60__T_input_-adjust_rsi_ex-level_rsi_sm-wilder_same_b-allowe_warmup-ready_: cached
[1162/2869] BANK2_BL-08_t60__T_input_-raw_rsi_ex-level_rsi_sm-wilder_same_b-allowe_warmup-ready_: cached
[1163/2869] BANK2_BL-03_pct20__OAT_rsi_smoothing-simple: ok fills=320 (37.9s)
[1164/2869] BANK2_BL-08_t60__T_input_-raw_rsi_ex-level_rsi_sm-wilder_same_b-wait_b_warmup-ready_: cached
[1165/2869] BANK2_BL-08_t60__T_input_-adjust_rsi_ex-cross_rsi_sm-wilder_same_b-allowe_warmup-strict: cached
[1166/2869] BANK2_BL-08_t60__T_input_-raw_rsi_ex-cross_rsi_sm-wilder_same_b-allowe_warmup-strict: cached
[1167/2869] BANK2_BL-08_t60__T_input_-adjust_rsi_ex-cross_rsi_sm-wilder_same_b-wait_b_warmup-strict: cached
[1168/2869] BANK2_BL-08_t60__T_input_-raw_rsi_ex-cross_rsi_sm-wilder_same_b-wait_b_warmup-strict: cached
[1169/2869] BANK2_BL-08_t60__T_input_-adjust_rsi_ex-cross_rsi_sm-wilder_same_b-allowe_warmup-ready_: cached
[1170/2869] BANK2_BL-08_t60__T_input_-raw_rsi_ex-cross_rsi_sm-wilder_same_b-allowe_warmup-ready_: cached
[1171/2869] BANK2_BL-08_t60__T_input_-adjust_rsi_ex-cross_rsi_sm-wilder_same_b-wait_b_warmup-ready_: cached
[1172/2869] BANK2_BL-08_t60__T_input_-raw_rsi_ex-cross_rsi_sm-wilder_same_b-wait_b_warmup-ready_: cached
[1173/2869] BANK2_BL-08_t60__T_input_-adjust_rsi_ex-level_rsi_sm-simple_same_b-allowe_warmup-strict: cached
[1174/2869] BANK2_BL-08_t60__T_input_-raw_rsi_ex-level_rsi_sm-simple_same_b-allowe_warmup-strict: cached
[1175/2869] BANK2_BL-08_t60__T_input_-adjust_rsi_ex-level_rsi_sm-simple_same_b-wait_b_warmup-strict: cached
[1176/2869] BANK2_BL-08_t60__T_input_-raw_rsi_ex-level_rsi_sm-simple_same_b-wait_b_warmup-strict: cached
[1177/2869] BANK2_BL-08_t60__T_input_-adjust_rsi_ex-level_rsi_sm-simple_same_b-allowe_warmup-ready_: cached
[1178/2869] BANK2_BL-08_t60__T_input_-raw_rsi_ex-level_rsi_sm-simple_same_b-allowe_warmup-ready_: cached
[1179/2869] BANK2_BL-08_t60__T_input_-adjust_rsi_ex-level_rsi_sm-simple_same_b-wait_b_warmup-ready_: cached
[1180/2869] BANK2_BL-08_t60__T_input_-raw_rsi_ex-level_rsi_sm-simple_same_b-wait_b_warmup-ready_: cached
[1181/2869] BANK2_BL-08_t60__T_input_-adjust_rsi_ex-cross_rsi_sm-simple_same_b-allowe_warmup-strict: cached
[1182/2869] BANK2_BL-08_t60__T_input_-raw_rsi_ex-cross_rsi_sm-simple_same_b-allowe_warmup-strict: cached
[1183/2869] BANK2_BL-08_t60__T_input_-adjust_rsi_ex-cross_rsi_sm-simple_same_b-wait_b_warmup-strict: cached
[1184/2869] BANK2_BL-08_t60__T_input_-raw_rsi_ex-cross_rsi_sm-simple_same_b-wait_b_warmup-strict: cached
[1185/2869] BANK2_BL-08_t60__T_input_-adjust_rsi_ex-cross_rsi_sm-simple_same_b-allowe_warmup-ready_: cached
[1186/2869] BANK2_BL-08_t60__T_input_-raw_rsi_ex-cross_rsi_sm-simple_same_b-allowe_warmup-ready_: cached
[1187/2869] BANK2_BL-08_t60__T_input_-adjust_rsi_ex-cross_rsi_sm-simple_same_b-wait_b_warmup-ready_: cached
[1188/2869] BANK2_BL-08_t60__T_input_-raw_rsi_ex-cross_rsi_sm-simple_same_b-wait_b_warmup-ready_: cached
[1189/2869] BANK2_BL-08_t60__OAT_a_exec-set_holdings: cached
[1190/2869] BANK2_BL-08_t60__OAT_cross_timing-today_ma: cached
[1191/2869] BANK2_BL-08_t60__SPOT_all_excluded_off: cached
[1192/2869] BANK2_BL-08_t70__ref: cached
[1193/2869] BANK2_BL-08_t70__T_input_-raw_rsi_ex-level_rsi_sm-wilder_same_b-allowe_warmup-strict: cached
[1194/2869] BANK2_BL-08_t70__T_input_-adjust_rsi_ex-level_rsi_sm-wilder_same_b-wait_b_warmup-strict: cached
[1195/2869] BANK2_BL-08_t70__T_input_-raw_rsi_ex-level_rsi_sm-wilder_same_b-wait_b_warmup-strict: cached
[1196/2869] BANK2_BL-08_t70__T_input_-adjust_rsi_ex-level_rsi_sm-wilder_same_b-allowe_warmup-ready_: cached
[1197/2869] BANK2_BL-08_t70__T_input_-raw_rsi_ex-level_rsi_sm-wilder_same_b-allowe_warmup-ready_: cached
[1198/2869] BANK2_BL-08_t70__T_input_-adjust_rsi_ex-level_rsi_sm-wilder_same_b-wait_b_warmup-ready_: cached
[1199/2869] BANK2_BL-08_t70__T_input_-raw_rsi_ex-level_rsi_sm-wilder_same_b-wait_b_warmup-ready_: cached
[1200/2869] BANK2_BL-08_t70__T_input_-adjust_rsi_ex-cross_rsi_sm-wilder_same_b-allowe_warmup-strict: cached
[1201/2869] BANK2_BL-08_t70__T_input_-raw_rsi_ex-cross_rsi_sm-wilder_same_b-allowe_warmup-strict: cached
[1202/2869] BANK2_BL-08_t70__T_input_-adjust_rsi_ex-cross_rsi_sm-wilder_same_b-wait_b_warmup-strict: cached
[1203/2869] BANK2_BL-08_t70__T_input_-raw_rsi_ex-cross_rsi_sm-wilder_same_b-wait_b_warmup-strict: cached
[1204/2869] BANK2_BL-08_t70__T_input_-adjust_rsi_ex-cross_rsi_sm-wilder_same_b-allowe_warmup-ready_: cached
[1205/2869] BANK2_BL-08_t70__T_input_-raw_rsi_ex-cross_rsi_sm-wilder_same_b-allowe_warmup-ready_: cached
[1206/2869] BANK2_BL-08_t70__T_input_-adjust_rsi_ex-cross_rsi_sm-wilder_same_b-wait_b_warmup-ready_: cached
[1207/2869] BANK2_BL-08_t70__T_input_-raw_rsi_ex-cross_rsi_sm-wilder_same_b-wait_b_warmup-ready_: cached
[1208/2869] BANK2_BL-08_t70__T_input_-adjust_rsi_ex-level_rsi_sm-simple_same_b-allowe_warmup-strict: cached
[1209/2869] BANK2_BL-08_t70__T_input_-raw_rsi_ex-level_rsi_sm-simple_same_b-allowe_warmup-strict: cached
[1210/2869] BANK2_BL-08_t70__T_input_-adjust_rsi_ex-level_rsi_sm-simple_same_b-wait_b_warmup-strict: cached
[1211/2869] BANK2_BL-08_t70__T_input_-raw_rsi_ex-level_rsi_sm-simple_same_b-wait_b_warmup-strict: cached
[1212/2869] BANK2_BL-08_t70__T_input_-adjust_rsi_ex-level_rsi_sm-simple_same_b-allowe_warmup-ready_: cached
[1213/2869] BANK2_BL-08_t70__T_input_-raw_rsi_ex-level_rsi_sm-simple_same_b-allowe_warmup-ready_: cached
[1214/2869] BANK2_BL-08_t70__T_input_-adjust_rsi_ex-level_rsi_sm-simple_same_b-wait_b_warmup-ready_: cached
[1215/2869] BANK2_BL-08_t70__T_input_-raw_rsi_ex-level_rsi_sm-simple_same_b-wait_b_warmup-ready_: cached
[1216/2869] BANK2_BL-08_t70__T_input_-adjust_rsi_ex-cross_rsi_sm-simple_same_b-allowe_warmup-strict: cached
[1217/2869] BANK2_BL-08_t70__T_input_-raw_rsi_ex-cross_rsi_sm-simple_same_b-allowe_warmup-strict: cached
[1218/2869] BANK2_BL-08_t70__T_input_-adjust_rsi_ex-cross_rsi_sm-simple_same_b-wait_b_warmup-strict: cached
[1219/2869] BANK2_BL-08_t70__T_input_-raw_rsi_ex-cross_rsi_sm-simple_same_b-wait_b_warmup-strict: cached
[1220/2869] BANK2_BL-08_t70__T_input_-adjust_rsi_ex-cross_rsi_sm-simple_same_b-allowe_warmup-ready_: cached
[1221/2869] BANK2_BL-08_t70__T_input_-raw_rsi_ex-cross_rsi_sm-simple_same_b-allowe_warmup-ready_: cached
[1222/2869] BANK2_BL-08_t70__T_input_-adjust_rsi_ex-cross_rsi_sm-simple_same_b-wait_b_warmup-ready_: cached
[1223/2869] BANK2_BL-08_t70__T_input_-raw_rsi_ex-cross_rsi_sm-simple_same_b-wait_b_warmup-ready_: cached
[1224/2869] BANK2_BL-08_t70__OAT_a_exec-set_holdings: cached
[1225/2869] BANK2_BL-08_t70__OAT_cross_timing-today_ma: cached
[1226/2869] BANK2_BL-08_t70__SPOT_all_excluded_off: cached
[1227/2869] BANK2_BL-08_t80__ref: cached
[1228/2869] BANK2_BL-08_t80__T_input_-raw_rsi_ex-level_rsi_sm-wilder_same_b-allowe_warmup-strict: cached
[1229/2869] BANK2_BL-08_t80__T_input_-adjust_rsi_ex-level_rsi_sm-wilder_same_b-wait_b_warmup-strict: cached
[1230/2869] BANK2_BL-08_t80__T_input_-raw_rsi_ex-level_rsi_sm-wilder_same_b-wait_b_warmup-strict: cached
[1231/2869] BANK2_BL-08_t80__T_input_-adjust_rsi_ex-level_rsi_sm-wilder_same_b-allowe_warmup-ready_: cached
[1232/2869] BANK2_BL-08_t80__T_input_-raw_rsi_ex-level_rsi_sm-wilder_same_b-allowe_warmup-ready_: cached
[1233/2869] BANK2_BL-08_t80__T_input_-adjust_rsi_ex-level_rsi_sm-wilder_same_b-wait_b_warmup-ready_: cached
[1234/2869] BANK2_BL-08_t80__T_input_-raw_rsi_ex-level_rsi_sm-wilder_same_b-wait_b_warmup-ready_: cached
[1235/2869] BANK2_BL-08_t80__T_input_-adjust_rsi_ex-cross_rsi_sm-wilder_same_b-allowe_warmup-strict: cached
[1236/2869] BANK2_BL-08_t80__T_input_-raw_rsi_ex-cross_rsi_sm-wilder_same_b-allowe_warmup-strict: cached
[1237/2869] BANK2_BL-08_t80__T_input_-adjust_rsi_ex-cross_rsi_sm-wilder_same_b-wait_b_warmup-strict: cached
[1238/2869] BANK2_BL-08_t80__T_input_-raw_rsi_ex-cross_rsi_sm-wilder_same_b-wait_b_warmup-strict: cached
[1239/2869] BANK2_BL-08_t80__T_input_-adjust_rsi_ex-cross_rsi_sm-wilder_same_b-allowe_warmup-ready_: cached
[1240/2869] BANK2_BL-08_t80__T_input_-raw_rsi_ex-cross_rsi_sm-wilder_same_b-allowe_warmup-ready_: cached
[1241/2869] BANK2_BL-08_t80__T_input_-adjust_rsi_ex-cross_rsi_sm-wilder_same_b-wait_b_warmup-ready_: cached
[1242/2869] BANK2_BL-08_t80__T_input_-raw_rsi_ex-cross_rsi_sm-wilder_same_b-wait_b_warmup-ready_: cached
[1243/2869] BANK2_BL-08_t80__T_input_-adjust_rsi_ex-level_rsi_sm-simple_same_b-allowe_warmup-strict: cached
[1244/2869] BANK2_BL-08_t80__T_input_-raw_rsi_ex-level_rsi_sm-simple_same_b-allowe_warmup-strict: cached
[1245/2869] BANK2_BL-08_t80__T_input_-adjust_rsi_ex-level_rsi_sm-simple_same_b-wait_b_warmup-strict: cached
[1246/2869] BANK2_BL-08_t80__T_input_-raw_rsi_ex-level_rsi_sm-simple_same_b-wait_b_warmup-strict: cached
[1247/2869] BANK2_BL-03_pct40__T_a_exec-calc_s_cross_-both_d_input_-raw_warmup-strict: ok fills=280 (40.9s)
[1248/2869] BANK2_BL-08_t80__T_input_-raw_rsi_ex-level_rsi_sm-simple_same_b-allowe_warmup-ready_: cached
[1249/2869] BANK2_BL-08_t80__T_input_-adjust_rsi_ex-level_rsi_sm-simple_same_b-wait_b_warmup-ready_: cached
[1250/2869] BANK2_BL-08_t80__T_input_-raw_rsi_ex-level_rsi_sm-simple_same_b-wait_b_warmup-ready_: cached
[1251/2869] BANK2_BL-08_t80__T_input_-adjust_rsi_ex-cross_rsi_sm-simple_same_b-allowe_warmup-strict: cached
[1252/2869] BANK2_BL-08_t80__T_input_-raw_rsi_ex-cross_rsi_sm-simple_same_b-allowe_warmup-strict: cached
[1253/2869] BANK2_BL-08_t80__T_input_-adjust_rsi_ex-cross_rsi_sm-simple_same_b-wait_b_warmup-strict: cached
[1254/2869] BANK2_BL-08_t80__T_input_-raw_rsi_ex-cross_rsi_sm-simple_same_b-wait_b_warmup-strict: cached
[1255/2869] BANK2_BL-08_t80__T_input_-adjust_rsi_ex-cross_rsi_sm-simple_same_b-allowe_warmup-ready_: cached
[1256/2869] BANK2_BL-08_t80__T_input_-raw_rsi_ex-cross_rsi_sm-simple_same_b-allowe_warmup-ready_: cached
[1257/2869] BANK2_BL-08_t80__T_input_-adjust_rsi_ex-cross_rsi_sm-simple_same_b-wait_b_warmup-ready_: cached
[1258/2869] BANK2_BL-08_t80__T_input_-raw_rsi_ex-cross_rsi_sm-simple_same_b-wait_b_warmup-ready_: cached
[1259/2869] BANK2_BL-08_t80__OAT_a_exec-set_holdings: cached
[1260/2869] BANK2_BL-08_t80__OAT_cross_timing-today_ma: cached
[1261/2869] BANK2_BL-08_t80__SPOT_all_excluded_off: cached
[1262/2869] BANK2_BL-09_all__ref: cached
[1263/2869] BANK2_BL-05_d4__ref: ok fills=194 (39.3s)
[1264/2869] BANK2_BL-08_t60__T_input_-adjust_rsi_ex-level_rsi_sm-wilder_same_b-wait_b_warmup-ready_: exit=1 fills=None (7.8s)
[1265/2869] BANK2_BL-07_p21__T_input_-adjust_rsi_ex-cross_rsi_sm-simple_same_b-wait_b_warmup-strict: ok fills=228 (40.6s)
[1266/2869] BANK2_BL-04_prev_close__T_input_-raw_rsi_ex-cross_rsi_sm-simple_same_b-wait_b_warmup-strict: ok fills=290 (44.5s)
[1267/2869] BANK2_BL-09_all__T_a_exec-calc_s_cross_-both_d_input_-raw_rsi_ex-level_rsi_sm-wilder_same_b-allowe_warmup-strict: ok fills=280 (39.8s)
[1268/2869] BANK2_BL-08_t80__T_input_-adjust_rsi_ex-level_rsi_sm-simple_same_b-allowe_warmup-ready_: ok fills=192 (43.8s)
[1269/2869] BANK2_BL-09_all__T_a_exec-calc_s_cross_-today__input_-adjust_rsi_ex-level_rsi_sm-wilder_same_b-allowe_warmup-strict: ok fills=266 (42.1s)
[1270/2869] BANK2_BL-09_all__T_a_exec-calc_s_cross_-today__input_-raw_rsi_ex-level_rsi_sm-wilder_same_b-allowe_warmup-strict: ok fills=278 (41.7s)
[1271/2869] BANK2_BL-09_all__T_a_exec-calc_s_cross_-both_d_input_-adjust_rsi_ex-level_rsi_sm-wilder_same_b-wait_b_warmup-strict: ok fills=266 (42.4s)
[1272/2869] BANK2_BL-09_all__T_a_exec-calc_s_cross_-both_d_input_-raw_rsi_ex-level_rsi_sm-wilder_same_b-wait_b_warmup-strict: exit=1 fills=None (7.8s)
[1273/2869] BANK2_BL-09_all__T_a_exec-calc_s_cross_-today__input_-adjust_rsi_ex-level_rsi_sm-wilder_same_b-wait_b_warmup-strict: ok fills=262 (43.2s)
[1274/2869] BANK2_BL-09_all__T_a_exec-calc_s_cross_-today__input_-raw_rsi_ex-level_rsi_sm-wilder_same_b-wait_b_warmup-strict: ok fills=276 (42.8s)
[1275/2869] BANK2_BL-09_all__T_a_exec-set_ho_cross_-both_d_input_-adjust_rsi_ex-level_rsi_sm-wilder_same_b-allowe_warmup-strict: ok fills=270 (43.0s)
[1276/2869] BANK2_BL-09_all__T_a_exec-set_ho_cross_-today__input_-adjust_rsi_ex-level_rsi_sm-wilder_same_b-allowe_warmup-strict: ok fills=266 (45.7s)
[1277/2869] BANK2_BL-09_all__T_a_exec-set_ho_cross_-both_d_input_-raw_rsi_ex-level_rsi_sm-wilder_same_b-allowe_warmup-strict: ok fills=280 (45.3s)
[1278/2869] BANK2_BL-09_all__T_a_exec-set_ho_cross_-today__input_-raw_rsi_ex-level_rsi_sm-wilder_same_b-allowe_warmup-strict: ok fills=278 (46.4s)
[1279/2869] BANK2_BL-09_all__T_a_exec-set_ho_cross_-both_d_input_-adjust_rsi_ex-level_rsi_sm-wilder_same_b-wait_b_warmup-strict: ok fills=266 (46.9s)
[1280/2869] BANK2_BL-09_all__T_a_exec-set_ho_cross_-today__input_-adjust_rsi_ex-level_rsi_sm-wilder_same_b-wait_b_warmup-strict: ok fills=262 (39.5s)
[1281/2869] BANK2_BL-09_all__T_a_exec-set_ho_cross_-both_d_input_-raw_rsi_ex-level_rsi_sm-wilder_same_b-wait_b_warmup-strict: ok fills=278 (38.0s)
[1282/2869] BANK2_BL-09_all__T_a_exec-set_ho_cross_-today__input_-raw_rsi_ex-level_rsi_sm-wilder_same_b-wait_b_warmup-strict: ok fills=276 (37.0s)
[1283/2869] BANK2_BL-09_all__T_a_exec-calc_s_cross_-both_d_input_-adjust_rsi_ex-level_rsi_sm-wilder_same_b-allowe_warmup-ready_: ok fills=266 (37.2s)
[1284/2869] BANK2_BL-09_all__T_a_exec-calc_s_cross_-today__input_-raw_rsi_ex-level_rsi_sm-wilder_same_b-allowe_warmup-ready_: exit=1 fills=None (6.7s)
[1285/2869] BANK2_BL-09_all__T_a_exec-calc_s_cross_-today__input_-adjust_rsi_ex-level_rsi_sm-wilder_same_b-allowe_warmup-ready_: ok fills=262 (36.7s)
[1286/2869] BANK2_BL-09_all__T_a_exec-calc_s_cross_-both_d_input_-raw_rsi_ex-level_rsi_sm-wilder_same_b-allowe_warmup-ready_: ok fills=276 (39.1s)
[1287/2869] BANK2_BL-09_all__T_a_exec-calc_s_cross_-both_d_input_-adjust_rsi_ex-level_rsi_sm-wilder_same_b-wait_b_warmup-ready_: ok fills=262 (43.4s)
[1288/2869] BANK2_BL-09_all__T_a_exec-calc_s_cross_-today__input_-adjust_rsi_ex-level_rsi_sm-wilder_same_b-wait_b_warmup-ready_: ok fills=258 (44.1s)
[1289/2869] BANK2_BL-09_all__T_a_exec-calc_s_cross_-both_d_input_-raw_rsi_ex-level_rsi_sm-wilder_same_b-wait_b_warmup-ready_: ok fills=274 (43.3s)
[1290/2869] BANK2_BL-09_all__T_a_exec-calc_s_cross_-today__input_-raw_rsi_ex-level_rsi_sm-wilder_same_b-wait_b_warmup-ready_: ok fills=272 (44.3s)
[1291/2869] BANK2_BL-09_all__T_a_exec-set_ho_cross_-both_d_input_-adjust_rsi_ex-level_rsi_sm-wilder_same_b-allowe_warmup-ready_: ok fills=266 (43.2s)
[1292/2869] BANK2_BL-09_all__T_a_exec-set_ho_cross_-today__input_-adjust_rsi_ex-level_rsi_sm-wilder_same_b-allowe_warmup-ready_: ok fills=262 (41.7s)
[1293/2869] BANK2_BL-09_all__T_a_exec-set_ho_cross_-both_d_input_-raw_rsi_ex-level_rsi_sm-wilder_same_b-allowe_warmup-ready_: ok fills=276 (37.9s)
[1294/2869] BANK2_BL-09_all__T_a_exec-set_ho_cross_-today__input_-raw_rsi_ex-level_rsi_sm-wilder_same_b-allowe_warmup-ready_: ok fills=274 (38.8s)
[1295/2869] BANK2_BL-09_all__T_a_exec-set_ho_cross_-both_d_input_-adjust_rsi_ex-level_rsi_sm-wilder_same_b-wait_b_warmup-ready_: ok fills=262 (37.2s)
[1296/2869] BANK2_BL-09_all__T_a_exec-set_ho_cross_-today__input_-adjust_rsi_ex-level_rsi_sm-wilder_same_b-wait_b_warmup-ready_: ok fills=258 (39.1s)
[1297/2869] BANK2_BL-09_all__T_a_exec-set_ho_cross_-both_d_input_-raw_rsi_ex-level_rsi_sm-wilder_same_b-wait_b_warmup-ready_: ok fills=274 (41.9s)
[1298/2869] BANK2_BL-09_all__T_a_exec-set_ho_cross_-today__input_-raw_rsi_ex-level_rsi_sm-wilder_same_b-wait_b_warmup-ready_: ok fills=272 (43.2s)
[1299/2869] BANK2_BL-09_all__T_a_exec-calc_s_cross_-both_d_input_-adjust_rsi_ex-cross_rsi_sm-wilder_same_b-allowe_warmup-strict: ok fills=250 (41.8s)
[1300/2869] BANK2_BL-09_all__T_a_exec-calc_s_cross_-today__input_-adjust_rsi_ex-cross_rsi_sm-wilder_same_b-allowe_warmup-strict: ok fills=246 (41.1s)
[1301/2869] BANK2_BL-09_all__T_a_exec-calc_s_cross_-both_d_input_-raw_rsi_ex-cross_rsi_sm-wilder_same_b-allowe_warmup-strict: ok fills=264 (42.4s)
[1302/2869] BANK2_BL-09_all__T_a_exec-calc_s_cross_-both_d_input_-raw_rsi_ex-cross_rsi_sm-wilder_same_b-wait_b_warmup-strict: exit=1 fills=None (5.8s)
[1303/2869] BANK2_BL-09_all__T_a_exec-calc_s_cross_-today__input_-raw_rsi_ex-cross_rsi_sm-wilder_same_b-allowe_warmup-strict: ok fills=262 (40.5s)
[1304/2869] BANK2_BL-09_all__T_a_exec-calc_s_cross_-both_d_input_-adjust_rsi_ex-cross_rsi_sm-wilder_same_b-wait_b_warmup-strict: ok fills=250 (39.6s)
[1305/2869] BANK2_BL-09_all__T_a_exec-calc_s_cross_-today__input_-adjust_rsi_ex-cross_rsi_sm-wilder_same_b-wait_b_warmup-strict: ok fills=246 (40.0s)
[1306/2869] BANK2_BL-09_all__T_a_exec-calc_s_cross_-today__input_-raw_rsi_ex-cross_rsi_sm-wilder_same_b-wait_b_warmup-strict: ok fills=262 (42.1s)
[1307/2869] BANK2_BL-09_all__T_a_exec-set_ho_cross_-both_d_input_-raw_rsi_ex-cross_rsi_sm-wilder_same_b-allowe_warmup-strict: ok fills=264 (42.1s)
[1308/2869] BANK2_BL-09_all__T_a_exec-set_ho_cross_-both_d_input_-adjust_rsi_ex-cross_rsi_sm-wilder_same_b-allowe_warmup-strict: ok fills=250 (44.1s)
[1309/2869] BANK2_BL-09_all__T_a_exec-set_ho_cross_-today__input_-adjust_rsi_ex-cross_rsi_sm-wilder_same_b-allowe_warmup-strict: ok fills=246 (47.6s)
[1310/2869] BANK2_BL-09_all__T_a_exec-set_ho_cross_-today__input_-raw_rsi_ex-cross_rsi_sm-wilder_same_b-allowe_warmup-strict: ok fills=262 (49.0s)
[1311/2869] BANK2_BL-09_all__T_a_exec-set_ho_cross_-both_d_input_-adjust_rsi_ex-cross_rsi_sm-wilder_same_b-wait_b_warmup-strict: ok fills=250 (46.9s)
[1312/2869] BANK2_BL-09_all__T_a_exec-set_ho_cross_-today__input_-adjust_rsi_ex-cross_rsi_sm-wilder_same_b-wait_b_warmup-strict: ok fills=246 (39.5s)
[1313/2869] BANK2_BL-09_all__T_a_exec-set_ho_cross_-both_d_input_-raw_rsi_ex-cross_rsi_sm-wilder_same_b-wait_b_warmup-strict: ok fills=264 (41.0s)
[1314/2869] BANK2_BL-09_all__T_a_exec-set_ho_cross_-today__input_-raw_rsi_ex-cross_rsi_sm-wilder_same_b-wait_b_warmup-strict: ok fills=262 (43.5s)
[1315/2869] BANK2_BL-09_all__T_a_exec-calc_s_cross_-both_d_input_-adjust_rsi_ex-cross_rsi_sm-wilder_same_b-allowe_warmup-ready_: ok fills=246 (43.4s)
[1316/2869] BANK2_BL-09_all__T_a_exec-calc_s_cross_-today__input_-adjust_rsi_ex-cross_rsi_sm-wilder_same_b-allowe_warmup-ready_: ok fills=242 (44.6s)
[1317/2869] BANK2_BL-09_all__T_a_exec-calc_s_cross_-both_d_input_-raw_rsi_ex-cross_rsi_sm-wilder_same_b-allowe_warmup-ready_: ok fills=260 (44.5s)
[1318/2869] BANK2_BL-09_all__T_a_exec-calc_s_cross_-today__input_-raw_rsi_ex-cross_rsi_sm-wilder_same_b-allowe_warmup-ready_: ok fills=258 (45.1s)
[1319/2869] BANK2_BL-09_all__T_a_exec-calc_s_cross_-both_d_input_-adjust_rsi_ex-cross_rsi_sm-wilder_same_b-wait_b_warmup-ready_: ok fills=246 (44.2s)
[1320/2869] BANK2_BL-09_all__T_a_exec-calc_s_cross_-today__input_-adjust_rsi_ex-cross_rsi_sm-wilder_same_b-wait_b_warmup-ready_: ok fills=242 (43.1s)
[1321/2869] BANK2_BL-09_all__T_a_exec-calc_s_cross_-both_d_input_-raw_rsi_ex-cross_rsi_sm-wilder_same_b-wait_b_warmup-ready_: ok fills=260 (41.1s)
[1322/2869] BANK2_BL-09_all__T_a_exec-calc_s_cross_-today__input_-raw_rsi_ex-cross_rsi_sm-wilder_same_b-wait_b_warmup-ready_: ok fills=258 (39.8s)
[1323/2869] BANK2_BL-09_all__T_a_exec-set_ho_cross_-both_d_input_-adjust_rsi_ex-cross_rsi_sm-wilder_same_b-allowe_warmup-ready_: ok fills=246 (39.5s)
[1324/2869] BANK2_BL-09_all__T_a_exec-set_ho_cross_-today__input_-adjust_rsi_ex-cross_rsi_sm-wilder_same_b-allowe_warmup-ready_: ok fills=242 (41.5s)
[1325/2869] BANK2_BL-09_all__T_a_exec-set_ho_cross_-both_d_input_-raw_rsi_ex-cross_rsi_sm-wilder_same_b-allowe_warmup-ready_: ok fills=260 (41.5s)
[1326/2869] BANK2_BL-09_all__T_a_exec-set_ho_cross_-today__input_-raw_rsi_ex-cross_rsi_sm-wilder_same_b-allowe_warmup-ready_: ok fills=258 (42.2s)
[1327/2869] BANK2_BL-09_all__T_a_exec-set_ho_cross_-both_d_input_-adjust_rsi_ex-cross_rsi_sm-wilder_same_b-wait_b_warmup-ready_: ok fills=246 (41.7s)
[1328/2869] BANK2_BL-09_all__T_a_exec-set_ho_cross_-today__input_-adjust_rsi_ex-cross_rsi_sm-wilder_same_b-wait_b_warmup-ready_: ok fills=242 (43.2s)
[1329/2869] BANK2_BL-09_all__T_a_exec-set_ho_cross_-both_d_input_-raw_rsi_ex-cross_rsi_sm-wilder_same_b-wait_b_warmup-ready_: ok fills=260 (44.5s)
[1330/2869] BANK2_BL-09_all__T_a_exec-set_ho_cross_-today__input_-raw_rsi_ex-cross_rsi_sm-wilder_same_b-wait_b_warmup-ready_: ok fills=258 (39.9s)
[1331/2869] BANK2_BL-09_all__T_a_exec-calc_s_cross_-both_d_input_-adjust_rsi_ex-level_rsi_sm-simple_same_b-allowe_warmup-strict: ok fills=320 (40.4s)
[1332/2869] BANK2_BL-09_all__T_a_exec-calc_s_cross_-both_d_input_-raw_rsi_ex-level_rsi_sm-simple_same_b-allowe_warmup-strict: ok fills=338 (37.3s)
[1333/2869] BANK2_BL-09_all__T_a_exec-calc_s_cross_-today__input_-adjust_rsi_ex-level_rsi_sm-simple_same_b-allowe_warmup-strict: ok fills=316 (39.0s)
[1334/2869] BANK2_BL-09_all__T_a_exec-calc_s_cross_-today__input_-raw_rsi_ex-level_rsi_sm-simple_same_b-allowe_warmup-strict: ok fills=336 (38.0s)
[1335/2869] BANK2_BL-09_all__T_a_exec-calc_s_cross_-both_d_input_-adjust_rsi_ex-level_rsi_sm-simple_same_b-wait_b_warmup-strict: ok fills=306 (37.4s)
[1336/2869] BANK2_BL-09_all__T_a_exec-calc_s_cross_-today__input_-adjust_rsi_ex-level_rsi_sm-simple_same_b-wait_b_warmup-strict: ok fills=302 (43.0s)
[1337/2869] BANK2_BL-09_all__T_a_exec-calc_s_cross_-both_d_input_-raw_rsi_ex-level_rsi_sm-simple_same_b-wait_b_warmup-strict: ok fills=324 (43.7s)
[1338/2869] BANK2_BL-09_all__T_a_exec-set_ho_cross_-both_d_input_-adjust_rsi_ex-level_rsi_sm-simple_same_b-allowe_warmup-strict: ok fills=320 (43.6s)
[1339/2869] BANK2_BL-09_all__T_a_exec-calc_s_cross_-today__input_-raw_rsi_ex-level_rsi_sm-simple_same_b-wait_b_warmup-strict: ok fills=322 (44.6s)
[1340/2869] BANK2_BL-09_all__T_a_exec-set_ho_cross_-today__input_-adjust_rsi_ex-level_rsi_sm-simple_same_b-allowe_warmup-strict: ok fills=316 (43.4s)
[1341/2869] BANK2_BL-09_all__T_a_exec-set_ho_cross_-both_d_input_-raw_rsi_ex-level_rsi_sm-simple_same_b-allowe_warmup-strict: ok fills=338 (42.4s)
[1342/2869] BANK2_BL-09_all__T_a_exec-set_ho_cross_-today__input_-raw_rsi_ex-level_rsi_sm-simple_same_b-allowe_warmup-strict: ok fills=336 (41.9s)
[1343/2869] BANK2_BL-09_all__T_a_exec-set_ho_cross_-today__input_-adjust_rsi_ex-level_rsi_sm-simple_same_b-wait_b_warmup-strict: ok fills=302 (40.3s)
[1344/2869] BANK2_BL-09_all__T_a_exec-set_ho_cross_-both_d_input_-raw_rsi_ex-level_rsi_sm-simple_same_b-wait_b_warmup-strict: ok fills=324 (42.0s)
[1345/2869] BANK2_BL-09_all__T_a_exec-set_ho_cross_-both_d_input_-adjust_rsi_ex-level_rsi_sm-simple_same_b-wait_b_warmup-strict: ok fills=306 (46.0s)
[1346/2869] BANK2_BL-09_all__T_a_exec-calc_s_cross_-both_d_input_-adjust_rsi_ex-level_rsi_sm-simple_same_b-allowe_warmup-ready_: ok fills=306 (44.9s)
[1347/2869] BANK2_BL-09_all__T_a_exec-set_ho_cross_-today__input_-raw_rsi_ex-level_rsi_sm-simple_same_b-wait_b_warmup-strict: ok fills=322 (47.1s)
[1348/2869] BANK2_BL-09_all__T_a_exec-calc_s_cross_-today__input_-adjust_rsi_ex-level_rsi_sm-simple_same_b-allowe_warmup-ready_: ok fills=302 (41.2s)
[1349/2869] BANK2_BL-09_all__T_a_exec-calc_s_cross_-both_d_input_-raw_rsi_ex-level_rsi_sm-simple_same_b-allowe_warmup-ready_: ok fills=324 (41.3s)
[1350/2869] BANK2_BL-09_all__T_a_exec-calc_s_cross_-today__input_-raw_rsi_ex-level_rsi_sm-simple_same_b-allowe_warmup-ready_: ok fills=322 (40.1s)
[1351/2869] BANK2_BL-09_all__T_a_exec-calc_s_cross_-both_d_input_-adjust_rsi_ex-level_rsi_sm-simple_same_b-wait_b_warmup-ready_: ok fills=296 (40.4s)
[1352/2869] BANK2_BL-09_all__T_a_exec-calc_s_cross_-today__input_-adjust_rsi_ex-level_rsi_sm-simple_same_b-wait_b_warmup-ready_: ok fills=292 (43.9s)
[1353/2869] BANK2_BL-09_all__T_a_exec-calc_s_cross_-both_d_input_-raw_rsi_ex-level_rsi_sm-simple_same_b-wait_b_warmup-ready_: ok fills=314 (47.8s)
[1354/2869] BANK2_BL-09_all__T_a_exec-calc_s_cross_-today__input_-raw_rsi_ex-level_rsi_sm-simple_same_b-wait_b_warmup-ready_: ok fills=312 (47.9s)
[1355/2869] BANK2_BL-09_all__T_a_exec-set_ho_cross_-both_d_input_-adjust_rsi_ex-level_rsi_sm-simple_same_b-allowe_warmup-ready_: ok fills=306 (46.8s)
[1356/2869] BANK2_BL-09_all__T_a_exec-set_ho_cross_-today__input_-adjust_rsi_ex-level_rsi_sm-simple_same_b-allowe_warmup-ready_: ok fills=302 (46.0s)
[1357/2869] BANK2_BL-09_all__T_a_exec-set_ho_cross_-both_d_input_-raw_rsi_ex-level_rsi_sm-simple_same_b-allowe_warmup-ready_: ok fills=324 (45.4s)
[1358/2869] BANK2_BL-09_all__T_a_exec-set_ho_cross_-today__input_-raw_rsi_ex-level_rsi_sm-simple_same_b-allowe_warmup-ready_: ok fills=322 (40.0s)
[1359/2869] BANK2_BL-09_all__T_a_exec-set_ho_cross_-both_d_input_-adjust_rsi_ex-level_rsi_sm-simple_same_b-wait_b_warmup-ready_: ok fills=296 (37.9s)
[1360/2869] BANK2_BL-09_all__T_a_exec-set_ho_cross_-today__input_-adjust_rsi_ex-level_rsi_sm-simple_same_b-wait_b_warmup-ready_: ok fills=292 (41.1s)
[1361/2869] BANK2_BL-09_all__T_a_exec-set_ho_cross_-both_d_input_-raw_rsi_ex-level_rsi_sm-simple_same_b-wait_b_warmup-ready_: ok fills=314 (42.4s)
[1362/2869] BANK2_BL-09_all__T_a_exec-calc_s_cross_-both_d_input_-adjust_rsi_ex-cross_rsi_sm-simple_same_b-allowe_warmup-strict: ok fills=270 (42.9s)
[1363/2869] BANK2_BL-09_all__T_a_exec-set_ho_cross_-today__input_-raw_rsi_ex-level_rsi_sm-simple_same_b-wait_b_warmup-ready_: ok fills=312 (46.7s)
[1364/2869] BANK2_BL-09_all__T_a_exec-calc_s_cross_-today__input_-adjust_rsi_ex-cross_rsi_sm-simple_same_b-allowe_warmup-strict: ok fills=266 (46.2s)
[1365/2869] BANK2_BL-09_all__T_a_exec-calc_s_cross_-both_d_input_-raw_rsi_ex-cross_rsi_sm-simple_same_b-allowe_warmup-strict: ok fills=290 (45.7s)
[1366/2869] BANK2_BL-09_all__T_a_exec-calc_s_cross_-today__input_-raw_rsi_ex-cross_rsi_sm-simple_same_b-allowe_warmup-strict: ok fills=288 (41.8s)
[1367/2869] BANK2_BL-09_all__T_a_exec-calc_s_cross_-both_d_input_-adjust_rsi_ex-cross_rsi_sm-simple_same_b-wait_b_warmup-strict: ok fills=270 (39.8s)
[1368/2869] BANK2_BL-09_all__T_a_exec-calc_s_cross_-today__input_-adjust_rsi_ex-cross_rsi_sm-simple_same_b-wait_b_warmup-strict: ok fills=266 (40.2s)
[1369/2869] BANK2_BL-09_all__T_a_exec-set_ho_cross_-today__input_-adjust_rsi_ex-cross_rsi_sm-simple_same_b-allowe_warmup-strict: exit=1 fills=None (7.1s)
[1370/2869] BANK2_BL-09_all__T_a_exec-calc_s_cross_-both_d_input_-raw_rsi_ex-cross_rsi_sm-simple_same_b-wait_b_warmup-strict: ok fills=290 (41.0s)
[1371/2869] BANK2_BL-09_all__T_a_exec-calc_s_cross_-today__input_-raw_rsi_ex-cross_rsi_sm-simple_same_b-wait_b_warmup-strict: ok fills=288 (40.7s)
[1372/2869] BANK2_BL-09_all__T_a_exec-set_ho_cross_-both_d_input_-adjust_rsi_ex-cross_rsi_sm-simple_same_b-allowe_warmup-strict: ok fills=270 (41.8s)
[1373/2869] BANK2_BL-09_all__T_a_exec-set_ho_cross_-both_d_input_-raw_rsi_ex-cross_rsi_sm-simple_same_b-allowe_warmup-strict: ok fills=290 (41.8s)
[1374/2869] BANK2_BL-09_all__T_a_exec-set_ho_cross_-both_d_input_-adjust_rsi_ex-cross_rsi_sm-simple_same_b-wait_b_warmup-strict: ok fills=270 (41.9s)
[1375/2869] BANK2_BL-09_all__T_a_exec-set_ho_cross_-today__input_-raw_rsi_ex-cross_rsi_sm-simple_same_b-allowe_warmup-strict: ok fills=288 (42.3s)
[1376/2869] BANK2_BL-09_all__T_a_exec-set_ho_cross_-today__input_-adjust_rsi_ex-cross_rsi_sm-simple_same_b-wait_b_warmup-strict: ok fills=266 (40.9s)
[1377/2869] BANK2_BL-09_all__T_a_exec-set_ho_cross_-both_d_input_-raw_rsi_ex-cross_rsi_sm-simple_same_b-wait_b_warmup-strict: ok fills=290 (39.1s)
[1378/2869] BANK2_BL-09_all__T_a_exec-set_ho_cross_-today__input_-raw_rsi_ex-cross_rsi_sm-simple_same_b-wait_b_warmup-strict: ok fills=288 (37.0s)
[1379/2869] BANK2_BL-09_all__T_a_exec-calc_s_cross_-both_d_input_-adjust_rsi_ex-cross_rsi_sm-simple_same_b-allowe_warmup-ready_: ok fills=262 (42.9s)
[1380/2869] BANK2_BL-09_all__T_a_exec-calc_s_cross_-both_d_input_-raw_rsi_ex-cross_rsi_sm-simple_same_b-allowe_warmup-ready_: ok fills=282 (42.6s)
[1381/2869] BANK2_BL-09_all__T_a_exec-calc_s_cross_-today__input_-adjust_rsi_ex-cross_rsi_sm-simple_same_b-allowe_warmup-ready_: ok fills=258 (43.7s)
[1382/2869] BANK2_BL-09_all__T_a_exec-calc_s_cross_-today__input_-raw_rsi_ex-cross_rsi_sm-simple_same_b-allowe_warmup-ready_: ok fills=280 (43.3s)
[1383/2869] BANK2_BL-09_all__T_a_exec-calc_s_cross_-both_d_input_-adjust_rsi_ex-cross_rsi_sm-simple_same_b-wait_b_warmup-ready_: ok fills=262 (43.8s)
[1384/2869] BANK2_BL-09_all__T_a_exec-calc_s_cross_-today__input_-adjust_rsi_ex-cross_rsi_sm-simple_same_b-wait_b_warmup-ready_: ok fills=258 (43.4s)
[1385/2869] BANK2_BL-09_all__T_a_exec-calc_s_cross_-both_d_input_-raw_rsi_ex-cross_rsi_sm-simple_same_b-wait_b_warmup-ready_: ok fills=282 (37.3s)
[1386/2869] BANK2_BL-09_all__T_a_exec-calc_s_cross_-today__input_-raw_rsi_ex-cross_rsi_sm-simple_same_b-wait_b_warmup-ready_: ok fills=280 (36.7s)
[1387/2869] BANK2_BL-09_all__T_a_exec-set_ho_cross_-both_d_input_-adjust_rsi_ex-cross_rsi_sm-simple_same_b-allowe_warmup-ready_: ok fills=262 (37.2s)
[1388/2869] BANK2_BL-09_all__T_a_exec-set_ho_cross_-today__input_-adjust_rsi_ex-cross_rsi_sm-simple_same_b-allowe_warmup-ready_: ok fills=258 (36.9s)
[1389/2869] BANK2_BL-09_all__T_a_exec-set_ho_cross_-today__input_-raw_rsi_ex-cross_rsi_sm-simple_same_b-allowe_warmup-ready_: ok fills=280 (35.8s)
[1390/2869] BANK2_BL-09_half_down_lastsell__ref: cached
[1391/2869] BANK2_BL-09_all__T_a_exec-set_ho_cross_-today__input_-adjust_rsi_ex-cross_rsi_sm-simple_same_b-wait_b_warmup-ready_: exit=1 fills=None (7.7s)
[1392/2869] BANK2_BL-09_all__T_a_exec-set_ho_cross_-both_d_input_-raw_rsi_ex-cross_rsi_sm-simple_same_b-allowe_warmup-ready_: ok fills=282 (38.3s)
[1393/2869] BANK2_BL-09_all__T_a_exec-set_ho_cross_-both_d_input_-adjust_rsi_ex-cross_rsi_sm-simple_same_b-wait_b_warmup-ready_: ok fills=262 (43.5s)
[1394/2869] BANK2_BL-09_all__T_a_exec-set_ho_cross_-today__input_-raw_rsi_ex-cross_rsi_sm-simple_same_b-wait_b_warmup-ready_: ok fills=280 (41.0s)
[1395/2869] BANK2_BL-09_all__T_a_exec-set_ho_cross_-both_d_input_-raw_rsi_ex-cross_rsi_sm-simple_same_b-wait_b_warmup-ready_: ok fills=282 (44.1s)
[1396/2869] BANK2_BL-09_half_down_lastsell__T_a_exec-calc_s_cross_-today__input_-adjust_rsi_ex-level_rsi_sm-wilder_same_b-allowe_warmup-strict: ok fills=217 (41.8s)
[1397/2869] BANK2_BL-09_half_down_lastsell__T_a_exec-calc_s_cross_-today__input_-raw_rsi_ex-level_rsi_sm-wilder_same_b-allowe_warmup-strict: ok fills=218 (42.7s)
[1398/2869] BANK2_BL-09_half_down_lastsell__T_a_exec-calc_s_cross_-both_d_input_-raw_rsi_ex-level_rsi_sm-wilder_same_b-wait_b_warmup-strict: exit=1 fills=None (5.9s)
[1399/2869] BANK2_BL-09_half_down_lastsell__T_a_exec-calc_s_cross_-both_d_input_-raw_rsi_ex-level_rsi_sm-wilder_same_b-allowe_warmup-strict: ok fills=218 (43.7s)
[1400/2869] BANK2_BL-09_half_down_lastsell__T_a_exec-calc_s_cross_-both_d_input_-adjust_rsi_ex-level_rsi_sm-wilder_same_b-wait_b_warmup-strict: ok fills=213 (41.4s)
[1401/2869] BANK2_BL-09_half_down_lastsell__T_a_exec-calc_s_cross_-today__input_-adjust_rsi_ex-level_rsi_sm-wilder_same_b-wait_b_warmup-strict: ok fills=213 (43.9s)
[1402/2869] BANK2_BL-09_half_down_lastsell__T_a_exec-calc_s_cross_-today__input_-raw_rsi_ex-level_rsi_sm-wilder_same_b-wait_b_warmup-strict: ok fills=216 (42.6s)
[1403/2869] BANK2_BL-09_half_down_lastsell__T_a_exec-set_ho_cross_-both_d_input_-adjust_rsi_ex-level_rsi_sm-wilder_same_b-allowe_warmup-strict: ok fills=217 (43.1s)
[1404/2869] BANK2_BL-09_half_down_lastsell__T_a_exec-set_ho_cross_-today__input_-adjust_rsi_ex-level_rsi_sm-wilder_same_b-allowe_warmup-strict: ok fills=217 (43.8s)
[1405/2869] BANK2_BL-09_half_down_lastsell__T_a_exec-set_ho_cross_-both_d_input_-raw_rsi_ex-level_rsi_sm-wilder_same_b-allowe_warmup-strict: ok fills=218 (50.3s)
[1406/2869] BANK2_BL-09_half_down_lastsell__T_a_exec-set_ho_cross_-today__input_-raw_rsi_ex-level_rsi_sm-wilder_same_b-allowe_warmup-strict: ok fills=218 (42.7s)
[1407/2869] BANK2_BL-09_half_down_lastsell__T_a_exec-set_ho_cross_-both_d_input_-adjust_rsi_ex-level_rsi_sm-wilder_same_b-wait_b_warmup-strict: ok fills=213 (40.2s)
[1408/2869] BANK2_BL-09_half_down_lastsell__T_a_exec-set_ho_cross_-today__input_-adjust_rsi_ex-level_rsi_sm-wilder_same_b-wait_b_warmup-strict: ok fills=213 (39.6s)
[1409/2869] BANK2_BL-09_half_down_lastsell__T_a_exec-set_ho_cross_-both_d_input_-raw_rsi_ex-level_rsi_sm-wilder_same_b-wait_b_warmup-strict: ok fills=216 (40.1s)
[1410/2869] BANK2_BL-09_half_down_lastsell__T_a_exec-set_ho_cross_-today__input_-raw_rsi_ex-level_rsi_sm-wilder_same_b-wait_b_warmup-strict: ok fills=216 (42.1s)
[1411/2869] BANK2_BL-09_half_down_lastsell__T_a_exec-calc_s_cross_-both_d_input_-adjust_rsi_ex-level_rsi_sm-wilder_same_b-allowe_warmup-ready_: ok fills=213 (42.2s)
[1412/2869] BANK2_BL-09_half_down_lastsell__T_a_exec-calc_s_cross_-today__input_-adjust_rsi_ex-level_rsi_sm-wilder_same_b-allowe_warmup-ready_: ok fills=213 (46.0s)
[1413/2869] BANK2_BL-09_half_down_lastsell__T_a_exec-calc_s_cross_-both_d_input_-raw_rsi_ex-level_rsi_sm-wilder_same_b-allowe_warmup-ready_: ok fills=214 (44.7s)
[1414/2869] BANK2_BL-09_half_down_lastsell__T_a_exec-calc_s_cross_-today__input_-raw_rsi_ex-level_rsi_sm-wilder_same_b-allowe_warmup-ready_: ok fills=214 (44.7s)
[1415/2869] BANK2_BL-09_half_down_lastsell__T_a_exec-calc_s_cross_-both_d_input_-adjust_rsi_ex-level_rsi_sm-wilder_same_b-wait_b_warmup-ready_: ok fills=209 (44.1s)
[1416/2869] BANK2_BL-09_half_down_lastsell__T_a_exec-calc_s_cross_-today__input_-adjust_rsi_ex-level_rsi_sm-wilder_same_b-wait_b_warmup-ready_: ok fills=209 (44.1s)
[1417/2869] BANK2_BL-09_half_down_lastsell__T_a_exec-calc_s_cross_-both_d_input_-raw_rsi_ex-level_rsi_sm-wilder_same_b-wait_b_warmup-ready_: ok fills=212 (41.2s)
[1418/2869] BANK2_BL-09_half_down_lastsell__T_a_exec-calc_s_cross_-today__input_-raw_rsi_ex-level_rsi_sm-wilder_same_b-wait_b_warmup-ready_: ok fills=212 (43.5s)
[1419/2869] BANK2_BL-09_half_down_lastsell__T_a_exec-set_ho_cross_-both_d_input_-adjust_rsi_ex-level_rsi_sm-wilder_same_b-allowe_warmup-ready_: ok fills=213 (45.3s)
[1420/2869] BANK2_BL-09_half_down_lastsell__T_a_exec-set_ho_cross_-today__input_-adjust_rsi_ex-level_rsi_sm-wilder_same_b-allowe_warmup-ready_: ok fills=213 (45.7s)
[1421/2869] BANK2_BL-09_half_down_lastsell__T_a_exec-set_ho_cross_-both_d_input_-raw_rsi_ex-level_rsi_sm-wilder_same_b-allowe_warmup-ready_: ok fills=214 (47.0s)
[1422/2869] BANK2_BL-09_half_down_lastsell__T_a_exec-set_ho_cross_-today__input_-raw_rsi_ex-level_rsi_sm-wilder_same_b-allowe_warmup-ready_: ok fills=214 (47.5s)
[1423/2869] BANK2_BL-09_half_down_lastsell__T_a_exec-set_ho_cross_-both_d_input_-adjust_rsi_ex-level_rsi_sm-wilder_same_b-wait_b_warmup-ready_: ok fills=209 (46.4s)
[1424/2869] BANK2_BL-09_half_down_lastsell__T_a_exec-set_ho_cross_-today__input_-adjust_rsi_ex-level_rsi_sm-wilder_same_b-wait_b_warmup-ready_: ok fills=209 (40.1s)
[1425/2869] BANK2_BL-09_half_down_lastsell__T_a_exec-set_ho_cross_-both_d_input_-raw_rsi_ex-level_rsi_sm-wilder_same_b-wait_b_warmup-ready_: ok fills=212 (40.2s)
[1426/2869] BANK2_BL-09_half_down_lastsell__T_a_exec-set_ho_cross_-today__input_-raw_rsi_ex-level_rsi_sm-wilder_same_b-wait_b_warmup-ready_: ok fills=212 (37.7s)
[1427/2869] BANK2_BL-09_half_down_lastsell__T_a_exec-calc_s_cross_-both_d_input_-adjust_rsi_ex-cross_rsi_sm-wilder_same_b-allowe_warmup-strict: ok fills=197 (37.9s)
[1428/2869] BANK2_BL-09_half_down_lastsell__T_a_exec-calc_s_cross_-today__input_-adjust_rsi_ex-cross_rsi_sm-wilder_same_b-allowe_warmup-strict: ok fills=197 (41.4s)
[1429/2869] BANK2_BL-09_half_down_lastsell__T_a_exec-calc_s_cross_-both_d_input_-raw_rsi_ex-cross_rsi_sm-wilder_same_b-wait_b_warmup-strict: exit=1 fills=None (7.0s)
[1430/2869] BANK2_BL-09_half_down_lastsell__T_a_exec-calc_s_cross_-both_d_input_-raw_rsi_ex-cross_rsi_sm-wilder_same_b-allowe_warmup-strict: ok fills=202 (42.0s)
[1431/2869] BANK2_BL-09_half_down_lastsell__T_a_exec-calc_s_cross_-today__input_-raw_rsi_ex-cross_rsi_sm-wilder_same_b-allowe_warmup-strict: ok fills=202 (44.8s)
[1432/2869] BANK2_BL-09_half_down_lastsell__T_a_exec-calc_s_cross_-both_d_input_-adjust_rsi_ex-cross_rsi_sm-wilder_same_b-wait_b_warmup-strict: ok fills=197 (44.9s)
[1433/2869] BANK2_BL-09_half_down_lastsell__T_a_exec-calc_s_cross_-today__input_-adjust_rsi_ex-cross_rsi_sm-wilder_same_b-wait_b_warmup-strict: ok fills=197 (43.0s)
[1434/2869] BANK2_BL-09_half_down_lastsell__T_a_exec-calc_s_cross_-today__input_-raw_rsi_ex-cross_rsi_sm-wilder_same_b-wait_b_warmup-strict: ok fills=202 (40.6s)
[1435/2869] BANK2_BL-09_half_down_lastsell__T_a_exec-set_ho_cross_-both_d_input_-adjust_rsi_ex-cross_rsi_sm-wilder_same_b-allowe_warmup-strict: ok fills=197 (42.4s)
[1436/2869] BANK2_BL-09_half_down_lastsell__T_a_exec-set_ho_cross_-today__input_-adjust_rsi_ex-cross_rsi_sm-wilder_same_b-allowe_warmup-strict: ok fills=197 (43.2s)
[1437/2869] BANK2_BL-09_half_down_lastsell__T_a_exec-set_ho_cross_-both_d_input_-raw_rsi_ex-cross_rsi_sm-wilder_same_b-allowe_warmup-strict: ok fills=202 (40.8s)
[1438/2869] BANK2_BL-09_half_down_lastsell__T_a_exec-set_ho_cross_-today__input_-raw_rsi_ex-cross_rsi_sm-wilder_same_b-allowe_warmup-strict: ok fills=202 (41.6s)
[1439/2869] BANK2_BL-09_half_down_lastsell__T_a_exec-set_ho_cross_-both_d_input_-adjust_rsi_ex-cross_rsi_sm-wilder_same_b-wait_b_warmup-strict: ok fills=197 (41.4s)
[1440/2869] BANK2_BL-09_half_down_lastsell__T_a_exec-set_ho_cross_-both_d_input_-raw_rsi_ex-cross_rsi_sm-wilder_same_b-wait_b_warmup-strict: ok fills=202 (42.3s)
[1441/2869] BANK2_BL-09_half_down_lastsell__T_a_exec-set_ho_cross_-today__input_-adjust_rsi_ex-cross_rsi_sm-wilder_same_b-wait_b_warmup-strict: ok fills=197 (44.5s)
[1442/2869] BANK2_BL-09_half_down_lastsell__T_a_exec-calc_s_cross_-both_d_input_-raw_rsi_ex-cross_rsi_sm-wilder_same_b-allowe_warmup-ready_: exit=1 fills=None (11.0s)
[1443/2869] BANK2_BL-09_half_down_lastsell__T_a_exec-set_ho_cross_-today__input_-raw_rsi_ex-cross_rsi_sm-wilder_same_b-wait_b_warmup-strict: ok fills=202 (48.6s)
[1444/2869] BANK2_BL-09_half_down_lastsell__T_a_exec-calc_s_cross_-both_d_input_-adjust_rsi_ex-cross_rsi_sm-wilder_same_b-allowe_warmup-ready_: ok fills=193 (45.9s)
[1445/2869] BANK2_BL-09_half_down_lastsell__T_a_exec-calc_s_cross_-today__input_-adjust_rsi_ex-cross_rsi_sm-wilder_same_b-allowe_warmup-ready_: ok fills=193 (45.7s)
[1446/2869] BANK2_BL-09_half_down_lastsell__T_a_exec-calc_s_cross_-today__input_-raw_rsi_ex-cross_rsi_sm-wilder_same_b-allowe_warmup-ready_: ok fills=198 (40.6s)
[1447/2869] BANK2_BL-09_half_down_lastsell__T_a_exec-calc_s_cross_-both_d_input_-adjust_rsi_ex-cross_rsi_sm-wilder_same_b-wait_b_warmup-ready_: ok fills=193 (41.0s)
[1448/2869] BANK2_BL-09_half_down_lastsell__T_a_exec-calc_s_cross_-today__input_-adjust_rsi_ex-cross_rsi_sm-wilder_same_b-wait_b_warmup-ready_: ok fills=193 (41.6s)
[1449/2869] BANK2_BL-09_half_down_lastsell__T_a_exec-calc_s_cross_-both_d_input_-raw_rsi_ex-cross_rsi_sm-wilder_same_b-wait_b_warmup-ready_: ok fills=198 (36.9s)
[1450/2869] BANK2_BL-09_half_down_lastsell__T_a_exec-set_ho_cross_-today__input_-adjust_rsi_ex-cross_rsi_sm-wilder_same_b-allowe_warmup-ready_: exit=1 fills=None (6.6s)
[1451/2869] BANK2_BL-09_half_down_lastsell__T_a_exec-calc_s_cross_-today__input_-raw_rsi_ex-cross_rsi_sm-wilder_same_b-wait_b_warmup-ready_: ok fills=198 (44.1s)
[1452/2869] BANK2_BL-09_half_down_lastsell__T_a_exec-set_ho_cross_-both_d_input_-adjust_rsi_ex-cross_rsi_sm-wilder_same_b-allowe_warmup-ready_: ok fills=193 (45.2s)
[1453/2869] BANK2_BL-09_half_down_lastsell__T_a_exec-set_ho_cross_-today__input_-raw_rsi_ex-cross_rsi_sm-wilder_same_b-allowe_warmup-ready_: ok fills=198 (42.2s)
[1454/2869] BANK2_BL-09_half_down_lastsell__T_a_exec-set_ho_cross_-both_d_input_-raw_rsi_ex-cross_rsi_sm-wilder_same_b-allowe_warmup-ready_: ok fills=198 (43.3s)
[1455/2869] BANK2_BL-09_half_down_lastsell__T_a_exec-set_ho_cross_-today__input_-adjust_rsi_ex-cross_rsi_sm-wilder_same_b-wait_b_warmup-ready_: ok fills=193 (41.7s)
[1456/2869] BANK2_BL-09_half_down_lastsell__T_a_exec-set_ho_cross_-both_d_input_-adjust_rsi_ex-cross_rsi_sm-wilder_same_b-wait_b_warmup-ready_: ok fills=193 (42.8s)
[1457/2869] BANK2_BL-09_half_down_lastsell__T_a_exec-set_ho_cross_-both_d_input_-raw_rsi_ex-cross_rsi_sm-wilder_same_b-wait_b_warmup-ready_: ok fills=198 (41.1s)
[1458/2869] BANK2_BL-09_half_down_lastsell__T_a_exec-set_ho_cross_-today__input_-raw_rsi_ex-cross_rsi_sm-wilder_same_b-wait_b_warmup-ready_: ok fills=198 (42.3s)
[1459/2869] BANK2_BL-09_half_down_lastsell__T_a_exec-calc_s_cross_-today__input_-adjust_rsi_ex-level_rsi_sm-simple_same_b-allowe_warmup-strict: ok fills=267 (41.1s)
[1460/2869] BANK2_BL-09_half_down_lastsell__T_a_exec-calc_s_cross_-both_d_input_-adjust_rsi_ex-level_rsi_sm-simple_same_b-allowe_warmup-strict: ok fills=267 (42.2s)
[1461/2869] BANK2_BL-09_half_down_lastsell__T_a_exec-calc_s_cross_-both_d_input_-raw_rsi_ex-level_rsi_sm-simple_same_b-allowe_warmup-strict: ok fills=276 (42.7s)
[1462/2869] BANK2_BL-09_half_down_lastsell__T_a_exec-calc_s_cross_-today__input_-raw_rsi_ex-level_rsi_sm-simple_same_b-allowe_warmup-strict: ok fills=276 (43.0s)
[1463/2869] BANK2_BL-09_half_down_lastsell__T_a_exec-calc_s_cross_-today__input_-raw_rsi_ex-level_rsi_sm-simple_same_b-wait_b_warmup-strict: exit=1 fills=None (7.1s)
[1464/2869] BANK2_BL-09_half_down_lastsell__T_a_exec-calc_s_cross_-both_d_input_-adjust_rsi_ex-level_rsi_sm-simple_same_b-wait_b_warmup-strict: ok fills=253 (40.0s)
[1465/2869] BANK2_BL-09_half_down_lastsell__T_a_exec-calc_s_cross_-today__input_-adjust_rsi_ex-level_rsi_sm-simple_same_b-wait_b_warmup-strict: ok fills=253 (38.1s)
[1466/2869] BANK2_BL-09_half_down_lastsell__T_a_exec-calc_s_cross_-both_d_input_-raw_rsi_ex-level_rsi_sm-simple_same_b-wait_b_warmup-strict: ok fills=262 (36.1s)
[1467/2869] BANK2_BL-09_half_down_lastsell__T_a_exec-set_ho_cross_-both_d_input_-raw_rsi_ex-level_rsi_sm-simple_same_b-allowe_warmup-strict: ok fills=276 (40.6s)
[1468/2869] BANK2_BL-09_half_down_lastsell__T_a_exec-set_ho_cross_-today__input_-adjust_rsi_ex-level_rsi_sm-simple_same_b-allowe_warmup-strict: ok fills=267 (41.2s)
[1469/2869] BANK2_BL-09_half_down_lastsell__T_a_exec-set_ho_cross_-both_d_input_-adjust_rsi_ex-level_rsi_sm-simple_same_b-allowe_warmup-strict: ok fills=267 (42.5s)
[1470/2869] BANK2_BL-09_half_down_lastsell__T_a_exec-set_ho_cross_-today__input_-raw_rsi_ex-level_rsi_sm-simple_same_b-allowe_warmup-strict: ok fills=276 (45.7s)
[1471/2869] BANK2_BL-09_half_down_lastsell__T_a_exec-set_ho_cross_-both_d_input_-adjust_rsi_ex-level_rsi_sm-simple_same_b-wait_b_warmup-strict: ok fills=253 (44.3s)
[1472/2869] BANK2_BL-09_half_down_lastsell__T_a_exec-set_ho_cross_-today__input_-adjust_rsi_ex-level_rsi_sm-simple_same_b-wait_b_warmup-strict: ok fills=253 (45.4s)
[1473/2869] BANK2_BL-09_half_down_lastsell__T_a_exec-set_ho_cross_-today__input_-raw_rsi_ex-level_rsi_sm-simple_same_b-wait_b_warmup-strict: ok fills=262 (41.9s)
[1474/2869] BANK2_BL-09_half_down_lastsell__T_a_exec-calc_s_cross_-both_d_input_-adjust_rsi_ex-level_rsi_sm-simple_same_b-allowe_warmup-ready_: ok fills=253 (42.9s)
[1475/2869] BANK2_BL-09_half_down_lastsell__T_a_exec-set_ho_cross_-both_d_input_-raw_rsi_ex-level_rsi_sm-simple_same_b-wait_b_warmup-strict: ok fills=262 (44.1s)
[1476/2869] BANK2_BL-09_half_down_lastsell__T_a_exec-calc_s_cross_-today__input_-adjust_rsi_ex-level_rsi_sm-simple_same_b-allowe_warmup-ready_: ok fills=253 (41.9s)
[1477/2869] BANK2_BL-09_half_down_lastsell__T_a_exec-calc_s_cross_-both_d_input_-raw_rsi_ex-level_rsi_sm-simple_same_b-allowe_warmup-ready_: ok fills=262 (43.0s)
[1478/2869] BANK2_BL-09_half_down_lastsell__T_a_exec-calc_s_cross_-today__input_-raw_rsi_ex-level_rsi_sm-simple_same_b-allowe_warmup-ready_: ok fills=262 (42.2s)
[1479/2869] BANK2_BL-09_half_down_lastsell__T_a_exec-calc_s_cross_-today__input_-adjust_rsi_ex-level_rsi_sm-simple_same_b-wait_b_warmup-ready_: ok fills=243 (42.0s)
[1480/2869] BANK2_BL-09_half_down_lastsell__T_a_exec-calc_s_cross_-both_d_input_-raw_rsi_ex-level_rsi_sm-simple_same_b-wait_b_warmup-ready_: ok fills=252 (41.3s)
[1481/2869] BANK2_BL-09_half_down_lastsell__T_a_exec-calc_s_cross_-both_d_input_-adjust_rsi_ex-level_rsi_sm-simple_same_b-wait_b_warmup-ready_: ok fills=243 (43.9s)
[1482/2869] BANK2_BL-09_half_down_lastsell__T_a_exec-calc_s_cross_-today__input_-raw_rsi_ex-level_rsi_sm-simple_same_b-wait_b_warmup-ready_: ok fills=252 (40.1s)
[1483/2869] BANK2_BL-09_half_down_lastsell__T_a_exec-set_ho_cross_-both_d_input_-adjust_rsi_ex-level_rsi_sm-simple_same_b-allowe_warmup-ready_: ok fills=253 (40.8s)
[1484/2869] BANK2_BL-09_half_down_lastsell__T_a_exec-set_ho_cross_-today__input_-adjust_rsi_ex-level_rsi_sm-simple_same_b-allowe_warmup-ready_: ok fills=253 (40.4s)
[1485/2869] BANK2_BL-09_half_down_lastsell__T_a_exec-set_ho_cross_-today__input_-raw_rsi_ex-level_rsi_sm-simple_same_b-allowe_warmup-ready_: ok fills=262 (40.3s)
[1486/2869] BANK2_BL-09_half_down_lastsell__T_a_exec-set_ho_cross_-both_d_input_-adjust_rsi_ex-level_rsi_sm-simple_same_b-wait_b_warmup-ready_: ok fills=243 (41.5s)
[1487/2869] BANK2_BL-09_half_down_lastsell__T_a_exec-set_ho_cross_-both_d_input_-raw_rsi_ex-level_rsi_sm-simple_same_b-allowe_warmup-ready_: ok fills=262 (43.6s)
[1488/2869] BANK2_BL-09_half_down_lastsell__T_a_exec-set_ho_cross_-today__input_-adjust_rsi_ex-level_rsi_sm-simple_same_b-wait_b_warmup-ready_: ok fills=243 (43.3s)
[1489/2869] BANK2_BL-09_half_down_lastsell__T_a_exec-set_ho_cross_-both_d_input_-raw_rsi_ex-level_rsi_sm-simple_same_b-wait_b_warmup-ready_: ok fills=252 (41.7s)
[1490/2869] BANK2_BL-09_half_down_lastsell__T_a_exec-set_ho_cross_-today__input_-raw_rsi_ex-level_rsi_sm-simple_same_b-wait_b_warmup-ready_: ok fills=252 (44.7s)
[1491/2869] BANK2_BL-09_half_down_lastsell__T_a_exec-calc_s_cross_-both_d_input_-adjust_rsi_ex-cross_rsi_sm-simple_same_b-allowe_warmup-strict: ok fills=217 (41.6s)
[1492/2869] BANK2_BL-09_half_down_lastsell__T_a_exec-calc_s_cross_-both_d_input_-raw_rsi_ex-cross_rsi_sm-simple_same_b-allowe_warmup-strict: ok fills=228 (38.7s)
[1493/2869] BANK2_BL-09_half_down_lastsell__T_a_exec-calc_s_cross_-today__input_-adjust_rsi_ex-cross_rsi_sm-simple_same_b-allowe_warmup-strict: ok fills=217 (41.8s)
[1494/2869] BANK2_BL-09_half_down_lastsell__T_a_exec-calc_s_cross_-today__input_-raw_rsi_ex-cross_rsi_sm-simple_same_b-allowe_warmup-strict: ok fills=228 (42.8s)
[1495/2869] BANK2_BL-09_half_down_lastsell__T_a_exec-calc_s_cross_-both_d_input_-adjust_rsi_ex-cross_rsi_sm-simple_same_b-wait_b_warmup-strict: ok fills=217 (43.9s)
[1496/2869] BANK2_BL-09_half_down_lastsell__T_a_exec-calc_s_cross_-today__input_-adjust_rsi_ex-cross_rsi_sm-simple_same_b-wait_b_warmup-strict: ok fills=217 (45.7s)
[1497/2869] BANK2_BL-09_half_down_lastsell__T_a_exec-calc_s_cross_-today__input_-raw_rsi_ex-cross_rsi_sm-simple_same_b-wait_b_warmup-strict: ok fills=228 (43.3s)
[1498/2869] BANK2_BL-09_half_down_lastsell__T_a_exec-calc_s_cross_-both_d_input_-raw_rsi_ex-cross_rsi_sm-simple_same_b-wait_b_warmup-strict: ok fills=228 (46.7s)
[1499/2869] BANK2_BL-09_half_down_lastsell__T_a_exec-set_ho_cross_-both_d_input_-adjust_rsi_ex-cross_rsi_sm-simple_same_b-allowe_warmup-strict: ok fills=217 (45.6s)
[1500/2869] BANK2_BL-09_half_down_lastsell__T_a_exec-set_ho_cross_-today__input_-adjust_rsi_ex-cross_rsi_sm-simple_same_b-allowe_warmup-strict: ok fills=217 (39.9s)
[1501/2869] BANK2_BL-09_half_down_lastsell__T_a_exec-set_ho_cross_-both_d_input_-raw_rsi_ex-cross_rsi_sm-simple_same_b-allowe_warmup-strict: ok fills=228 (38.9s)
[1502/2869] BANK2_BL-09_half_down_lastsell__T_a_exec-set_ho_cross_-today__input_-raw_rsi_ex-cross_rsi_sm-simple_same_b-allowe_warmup-strict: ok fills=228 (36.4s)
[1503/2869] BANK2_BL-09_half_down_lastsell__T_a_exec-set_ho_cross_-both_d_input_-adjust_rsi_ex-cross_rsi_sm-simple_same_b-wait_b_warmup-strict: ok fills=217 (37.8s)
[1504/2869] BANK2_BL-09_half_down_lastsell__T_a_exec-set_ho_cross_-today__input_-adjust_rsi_ex-cross_rsi_sm-simple_same_b-wait_b_warmup-strict: ok fills=217 (37.8s)
[1505/2869] BANK2_BL-09_half_down_lastsell__T_a_exec-set_ho_cross_-both_d_input_-raw_rsi_ex-cross_rsi_sm-simple_same_b-wait_b_warmup-strict: ok fills=228 (39.8s)
[1506/2869] BANK2_BL-09_half_down_lastsell__T_a_exec-set_ho_cross_-today__input_-raw_rsi_ex-cross_rsi_sm-simple_same_b-wait_b_warmup-strict: ok fills=228 (46.0s)
[1507/2869] BANK2_BL-09_half_down_lastsell__T_a_exec-calc_s_cross_-both_d_input_-adjust_rsi_ex-cross_rsi_sm-simple_same_b-allowe_warmup-ready_: ok fills=209 (45.0s)
[1508/2869] BANK2_BL-09_half_down_lastsell__T_a_exec-calc_s_cross_-today__input_-adjust_rsi_ex-cross_rsi_sm-simple_same_b-allowe_warmup-ready_: ok fills=209 (43.6s)
[1509/2869] BANK2_BL-09_half_down_lastsell__T_a_exec-calc_s_cross_-both_d_input_-raw_rsi_ex-cross_rsi_sm-simple_same_b-allowe_warmup-ready_: ok fills=220 (41.8s)
[1510/2869] BANK2_BL-09_half_down_lastsell__T_a_exec-calc_s_cross_-today__input_-raw_rsi_ex-cross_rsi_sm-simple_same_b-allowe_warmup-ready_: ok fills=220 (42.2s)
[1511/2869] BANK2_BL-09_half_down_lastsell__T_a_exec-calc_s_cross_-both_d_input_-adjust_rsi_ex-cross_rsi_sm-simple_same_b-wait_b_warmup-ready_: ok fills=209 (42.8s)
[1512/2869] BANK2_BL-09_half_down_lastsell__T_a_exec-set_ho_cross_-both_d_input_-adjust_rsi_ex-cross_rsi_sm-simple_same_b-allowe_warmup-ready_: exit=1 fills=None (7.3s)
[1513/2869] BANK2_BL-09_half_down_lastsell__T_a_exec-calc_s_cross_-today__input_-adjust_rsi_ex-cross_rsi_sm-simple_same_b-wait_b_warmup-ready_: ok fills=209 (44.4s)
[1514/2869] BANK2_BL-09_half_down_lastsell__T_a_exec-calc_s_cross_-both_d_input_-raw_rsi_ex-cross_rsi_sm-simple_same_b-wait_b_warmup-ready_: ok fills=220 (45.1s)
[1515/2869] BANK2_BL-09_half_down_lastsell__T_a_exec-calc_s_cross_-today__input_-raw_rsi_ex-cross_rsi_sm-simple_same_b-wait_b_warmup-ready_: ok fills=220 (43.2s)
[1516/2869] BANK2_BL-09_half_down_lastsell__T_a_exec-set_ho_cross_-today__input_-adjust_rsi_ex-cross_rsi_sm-simple_same_b-allowe_warmup-ready_: ok fills=209 (43.8s)
[1517/2869] BANK2_BL-09_half_down_lastsell__T_a_exec-set_ho_cross_-both_d_input_-raw_rsi_ex-cross_rsi_sm-simple_same_b-allowe_warmup-ready_: ok fills=220 (43.7s)
[1518/2869] BANK2_BL-09_half_down_hold__ref: cached
[1519/2869] BANK2_BL-09_half_down_lastsell__T_a_exec-set_ho_cross_-today__input_-raw_rsi_ex-cross_rsi_sm-simple_same_b-allowe_warmup-ready_: ok fills=220 (43.8s)
[1520/2869] BANK2_BL-09_half_down_lastsell__T_a_exec-set_ho_cross_-both_d_input_-adjust_rsi_ex-cross_rsi_sm-simple_same_b-wait_b_warmup-ready_: ok fills=209 (41.1s)
[1521/2869] BANK2_BL-09_half_down_lastsell__T_a_exec-set_ho_cross_-today__input_-adjust_rsi_ex-cross_rsi_sm-simple_same_b-wait_b_warmup-ready_: ok fills=209 (41.2s)
[1522/2869] BANK2_BL-09_half_down_lastsell__T_a_exec-set_ho_cross_-both_d_input_-raw_rsi_ex-cross_rsi_sm-simple_same_b-wait_b_warmup-ready_: ok fills=220 (42.2s)
[1523/2869] BANK2_BL-09_half_down_lastsell__T_a_exec-set_ho_cross_-today__input_-raw_rsi_ex-cross_rsi_sm-simple_same_b-wait_b_warmup-ready_: ok fills=220 (40.3s)
[1524/2869] BANK2_BL-09_half_down_hold__T_a_exec-calc_s_cross_-both_d_input_-raw_rsi_ex-level_rsi_sm-wilder_same_b-allowe_warmup-strict: ok fills=158 (41.5s)
[1525/2869] BANK2_BL-09_half_down_hold__T_a_exec-calc_s_cross_-today__input_-adjust_rsi_ex-level_rsi_sm-wilder_same_b-allowe_warmup-strict: ok fills=169 (45.6s)
[1526/2869] BANK2_BL-09_half_down_hold__T_a_exec-calc_s_cross_-today__input_-raw_rsi_ex-level_rsi_sm-wilder_same_b-allowe_warmup-strict: ok fills=158 (41.9s)
[1527/2869] BANK2_BL-09_half_down_hold__T_a_exec-calc_s_cross_-both_d_input_-adjust_rsi_ex-level_rsi_sm-wilder_same_b-wait_b_warmup-strict: ok fills=165 (40.7s)
[1528/2869] BANK2_BL-09_half_down_hold__T_a_exec-calc_s_cross_-today__input_-adjust_rsi_ex-level_rsi_sm-wilder_same_b-wait_b_warmup-strict: ok fills=165 (40.4s)
[1529/2869] BANK2_BL-09_half_down_hold__T_a_exec-calc_s_cross_-both_d_input_-raw_rsi_ex-level_rsi_sm-wilder_same_b-wait_b_warmup-strict: ok fills=156 (36.8s)
[1530/2869] BANK2_BL-09_half_down_hold__T_a_exec-calc_s_cross_-today__input_-raw_rsi_ex-level_rsi_sm-wilder_same_b-wait_b_warmup-strict: ok fills=156 (38.1s)
[1531/2869] BANK2_BL-09_half_down_hold__T_a_exec-set_ho_cross_-both_d_input_-adjust_rsi_ex-level_rsi_sm-wilder_same_b-allowe_warmup-strict: ok fills=169 (36.4s)
[1532/2869] BANK2_BL-09_half_down_hold__T_a_exec-set_ho_cross_-both_d_input_-adjust_rsi_ex-level_rsi_sm-wilder_same_b-wait_b_warmup-strict: exit=1 fills=None (8.3s)
[1533/2869] BANK2_BL-09_half_down_hold__T_a_exec-set_ho_cross_-today__input_-adjust_rsi_ex-level_rsi_sm-wilder_same_b-allowe_warmup-strict: ok fills=169 (44.6s)
[1534/2869] BANK2_BL-09_half_down_hold__T_a_exec-set_ho_cross_-both_d_input_-raw_rsi_ex-level_rsi_sm-wilder_same_b-allowe_warmup-strict: ok fills=158 (45.0s)
[1535/2869] BANK2_BL-09_half_down_hold__T_a_exec-set_ho_cross_-today__input_-raw_rsi_ex-level_rsi_sm-wilder_same_b-allowe_warmup-strict: ok fills=158 (44.5s)
[1536/2869] BANK2_BL-09_half_down_hold__T_a_exec-set_ho_cross_-today__input_-adjust_rsi_ex-level_rsi_sm-wilder_same_b-wait_b_warmup-strict: ok fills=165 (46.3s)
[1537/2869] BANK2_BL-09_half_down_hold__T_a_exec-set_ho_cross_-today__input_-raw_rsi_ex-level_rsi_sm-wilder_same_b-wait_b_warmup-strict: ok fills=156 (46.7s)
[1538/2869] BANK2_BL-09_half_down_hold__T_a_exec-set_ho_cross_-both_d_input_-raw_rsi_ex-level_rsi_sm-wilder_same_b-wait_b_warmup-strict: ok fills=156 (47.3s)
[1539/2869] BANK2_BL-09_half_down_hold__T_a_exec-calc_s_cross_-today__input_-adjust_rsi_ex-level_rsi_sm-wilder_same_b-allowe_warmup-ready_: ok fills=165 (40.0s)
[1540/2869] BANK2_BL-09_half_down_hold__T_a_exec-calc_s_cross_-both_d_input_-adjust_rsi_ex-level_rsi_sm-wilder_same_b-allowe_warmup-ready_: ok fills=165 (42.9s)
[1541/2869] BANK2_BL-09_half_down_hold__T_a_exec-calc_s_cross_-both_d_input_-raw_rsi_ex-level_rsi_sm-wilder_same_b-allowe_warmup-ready_: ok fills=154 (41.9s)
[1542/2869] BANK2_BL-09_half_down_hold__T_a_exec-calc_s_cross_-today__input_-raw_rsi_ex-level_rsi_sm-wilder_same_b-allowe_warmup-ready_: ok fills=154 (40.7s)
[1543/2869] BANK2_BL-09_half_down_hold__T_a_exec-calc_s_cross_-both_d_input_-adjust_rsi_ex-level_rsi_sm-wilder_same_b-wait_b_warmup-ready_: ok fills=161 (40.4s)
[1544/2869] BANK2_BL-09_half_down_hold__T_a_exec-calc_s_cross_-today__input_-adjust_rsi_ex-level_rsi_sm-wilder_same_b-wait_b_warmup-ready_: ok fills=161 (44.3s)
[1545/2869] BANK2_BL-09_half_down_hold__T_a_exec-calc_s_cross_-both_d_input_-raw_rsi_ex-level_rsi_sm-wilder_same_b-wait_b_warmup-ready_: ok fills=152 (47.9s)
[1546/2869] BANK2_BL-09_half_down_hold__T_a_exec-calc_s_cross_-today__input_-raw_rsi_ex-level_rsi_sm-wilder_same_b-wait_b_warmup-ready_: ok fills=152 (47.2s)
[1547/2869] BANK2_BL-09_half_down_hold__T_a_exec-set_ho_cross_-both_d_input_-adjust_rsi_ex-level_rsi_sm-wilder_same_b-allowe_warmup-ready_: ok fills=165 (47.8s)
[1548/2869] BANK2_BL-09_half_down_hold__T_a_exec-set_ho_cross_-today__input_-adjust_rsi_ex-level_rsi_sm-wilder_same_b-allowe_warmup-ready_: ok fills=165 (42.6s)
[1549/2869] BANK2_BL-09_half_down_hold__T_a_exec-set_ho_cross_-today__input_-adjust_rsi_ex-level_rsi_sm-wilder_same_b-wait_b_warmup-ready_: exit=1 fills=None (6.6s)
[1550/2869] BANK2_BL-09_half_down_hold__T_a_exec-set_ho_cross_-both_d_input_-raw_rsi_ex-level_rsi_sm-wilder_same_b-allowe_warmup-ready_: ok fills=154 (46.0s)
[1551/2869] BANK2_BL-09_half_down_hold__T_a_exec-set_ho_cross_-today__input_-raw_rsi_ex-level_rsi_sm-wilder_same_b-allowe_warmup-ready_: ok fills=154 (42.8s)
[1552/2869] BANK2_BL-09_half_down_hold__T_a_exec-set_ho_cross_-both_d_input_-adjust_rsi_ex-level_rsi_sm-wilder_same_b-wait_b_warmup-ready_: ok fills=161 (39.1s)
[1553/2869] BANK2_BL-09_half_down_hold__T_a_exec-set_ho_cross_-both_d_input_-raw_rsi_ex-level_rsi_sm-wilder_same_b-wait_b_warmup-ready_: ok fills=152 (40.1s)
[1554/2869] BANK2_BL-09_half_down_hold__T_a_exec-set_ho_cross_-today__input_-raw_rsi_ex-level_rsi_sm-wilder_same_b-wait_b_warmup-ready_: ok fills=152 (40.2s)
[1555/2869] BANK2_BL-09_half_down_hold__T_a_exec-calc_s_cross_-both_d_input_-adjust_rsi_ex-cross_rsi_sm-wilder_same_b-allowe_warmup-strict: ok fills=149 (46.5s)
[1556/2869] BANK2_BL-09_half_down_hold__T_a_exec-calc_s_cross_-today__input_-adjust_rsi_ex-cross_rsi_sm-wilder_same_b-allowe_warmup-strict: ok fills=149 (43.7s)
[1557/2869] BANK2_BL-09_half_down_hold__T_a_exec-calc_s_cross_-today__input_-adjust_rsi_ex-cross_rsi_sm-wilder_same_b-wait_b_warmup-strict: exit=1 fills=None (8.9s)
[1558/2869] BANK2_BL-09_half_down_hold__T_a_exec-calc_s_cross_-both_d_input_-raw_rsi_ex-cross_rsi_sm-wilder_same_b-allowe_warmup-strict: ok fills=142 (45.3s)
[1559/2869] BANK2_BL-09_half_down_hold__T_a_exec-calc_s_cross_-today__input_-raw_rsi_ex-cross_rsi_sm-wilder_same_b-allowe_warmup-strict: ok fills=142 (44.7s)
[1560/2869] BANK2_BL-09_half_down_hold__T_a_exec-calc_s_cross_-both_d_input_-adjust_rsi_ex-cross_rsi_sm-wilder_same_b-wait_b_warmup-strict: ok fills=149 (43.2s)
[1561/2869] BANK2_BL-09_half_down_hold__T_a_exec-calc_s_cross_-both_d_input_-raw_rsi_ex-cross_rsi_sm-wilder_same_b-wait_b_warmup-strict: ok fills=142 (41.2s)
[1562/2869] BANK2_BL-09_half_down_hold__T_a_exec-calc_s_cross_-today__input_-raw_rsi_ex-cross_rsi_sm-wilder_same_b-wait_b_warmup-strict: ok fills=142 (39.1s)
[1563/2869] BANK2_BL-09_half_down_hold__T_a_exec-set_ho_cross_-both_d_input_-adjust_rsi_ex-cross_rsi_sm-wilder_same_b-allowe_warmup-strict: ok fills=149 (39.7s)
[1564/2869] BANK2_BL-09_half_down_hold__T_a_exec-set_ho_cross_-today__input_-adjust_rsi_ex-cross_rsi_sm-wilder_same_b-allowe_warmup-strict: ok fills=149 (39.8s)
[1565/2869] BANK2_BL-09_half_down_hold__T_a_exec-set_ho_cross_-both_d_input_-raw_rsi_ex-cross_rsi_sm-wilder_same_b-allowe_warmup-strict: ok fills=142 (41.0s)
[1566/2869] BANK2_BL-09_half_down_hold__T_a_exec-set_ho_cross_-today__input_-raw_rsi_ex-cross_rsi_sm-wilder_same_b-allowe_warmup-strict: ok fills=142 (39.8s)
[1567/2869] BANK2_BL-09_half_down_hold__T_a_exec-set_ho_cross_-today__input_-adjust_rsi_ex-cross_rsi_sm-wilder_same_b-wait_b_warmup-strict: ok fills=149 (40.3s)
[1568/2869] BANK2_BL-09_half_down_hold__T_a_exec-set_ho_cross_-both_d_input_-adjust_rsi_ex-cross_rsi_sm-wilder_same_b-wait_b_warmup-strict: ok fills=149 (40.8s)
[1569/2869] BANK2_BL-09_half_down_hold__T_a_exec-set_ho_cross_-both_d_input_-raw_rsi_ex-cross_rsi_sm-wilder_same_b-wait_b_warmup-strict: ok fills=142 (40.8s)
[1570/2869] BANK2_BL-09_half_down_hold__T_a_exec-set_ho_cross_-today__input_-raw_rsi_ex-cross_rsi_sm-wilder_same_b-wait_b_warmup-strict: ok fills=142 (42.0s)
[1571/2869] BANK2_BL-09_half_down_hold__T_a_exec-calc_s_cross_-both_d_input_-adjust_rsi_ex-cross_rsi_sm-wilder_same_b-allowe_warmup-ready_: ok fills=145 (38.3s)
[1572/2869] BANK2_BL-09_half_down_hold__T_a_exec-calc_s_cross_-today__input_-adjust_rsi_ex-cross_rsi_sm-wilder_same_b-allowe_warmup-ready_: ok fills=145 (39.7s)
[1573/2869] BANK2_BL-09_half_down_hold__T_a_exec-calc_s_cross_-both_d_input_-raw_rsi_ex-cross_rsi_sm-wilder_same_b-allowe_warmup-ready_: ok fills=138 (34.9s)
[1574/2869] BANK2_BL-09_half_down_hold__T_a_exec-calc_s_cross_-both_d_input_-adjust_rsi_ex-cross_rsi_sm-wilder_same_b-wait_b_warmup-ready_: ok fills=145 (35.7s)
[1575/2869] BANK2_BL-09_half_down_hold__T_a_exec-calc_s_cross_-today__input_-raw_rsi_ex-cross_rsi_sm-wilder_same_b-allowe_warmup-ready_: ok fills=138 (39.2s)
[1576/2869] BANK2_BL-09_half_down_hold__T_a_exec-calc_s_cross_-today__input_-adjust_rsi_ex-cross_rsi_sm-wilder_same_b-wait_b_warmup-ready_: ok fills=145 (42.2s)
[1577/2869] BANK2_BL-09_half_down_hold__T_a_exec-calc_s_cross_-both_d_input_-raw_rsi_ex-cross_rsi_sm-wilder_same_b-wait_b_warmup-ready_: ok fills=138 (46.7s)
[1578/2869] BANK2_BL-09_half_down_hold__T_a_exec-calc_s_cross_-today__input_-raw_rsi_ex-cross_rsi_sm-wilder_same_b-wait_b_warmup-ready_: ok fills=138 (46.1s)
[1579/2869] BANK2_BL-09_half_down_hold__T_a_exec-set_ho_cross_-both_d_input_-adjust_rsi_ex-cross_rsi_sm-wilder_same_b-allowe_warmup-ready_: ok fills=145 (45.7s)
[1580/2869] BANK2_BL-09_half_down_hold__T_a_exec-set_ho_cross_-both_d_input_-adjust_rsi_ex-cross_rsi_sm-wilder_same_b-wait_b_warmup-ready_: exit=1 fills=None (6.2s)
[1581/2869] BANK2_BL-09_half_down_hold__T_a_exec-set_ho_cross_-today__input_-adjust_rsi_ex-cross_rsi_sm-wilder_same_b-allowe_warmup-ready_: ok fills=145 (47.0s)
[1582/2869] BANK2_BL-09_half_down_hold__T_a_exec-set_ho_cross_-both_d_input_-raw_rsi_ex-cross_rsi_sm-wilder_same_b-allowe_warmup-ready_: ok fills=138 (45.5s)
[1583/2869] BANK2_BL-09_half_down_hold__T_a_exec-set_ho_cross_-today__input_-raw_rsi_ex-cross_rsi_sm-wilder_same_b-allowe_warmup-ready_: ok fills=138 (42.4s)
[1584/2869] BANK2_BL-09_half_down_hold__T_a_exec-set_ho_cross_-today__input_-adjust_rsi_ex-cross_rsi_sm-wilder_same_b-wait_b_warmup-ready_: ok fills=145 (41.2s)
[1585/2869] BANK2_BL-09_half_down_hold__T_a_exec-set_ho_cross_-both_d_input_-raw_rsi_ex-cross_rsi_sm-wilder_same_b-wait_b_warmup-ready_: ok fills=138 (43.9s)
[1586/2869] BANK2_BL-09_half_down_hold__T_a_exec-set_ho_cross_-today__input_-raw_rsi_ex-cross_rsi_sm-wilder_same_b-wait_b_warmup-ready_: ok fills=138 (45.6s)
[1587/2869] BANK2_BL-09_half_down_hold__T_a_exec-calc_s_cross_-both_d_input_-adjust_rsi_ex-level_rsi_sm-simple_same_b-allowe_warmup-strict: ok fills=219 (42.8s)
[1588/2869] BANK2_BL-09_half_down_hold__T_a_exec-calc_s_cross_-today__input_-adjust_rsi_ex-level_rsi_sm-simple_same_b-allowe_warmup-strict: ok fills=219 (45.8s)
[1589/2869] BANK2_BL-09_half_down_hold__T_a_exec-calc_s_cross_-both_d_input_-raw_rsi_ex-level_rsi_sm-simple_same_b-allowe_warmup-strict: ok fills=216 (45.9s)
[1590/2869] BANK2_BL-09_half_down_hold__T_a_exec-calc_s_cross_-today__input_-raw_rsi_ex-level_rsi_sm-simple_same_b-wait_b_warmup-strict: exit=1 fills=None (5.4s)
[1591/2869] BANK2_BL-09_half_down_hold__T_a_exec-calc_s_cross_-today__input_-raw_rsi_ex-level_rsi_sm-simple_same_b-allowe_warmup-strict: ok fills=216 (41.6s)
[1592/2869] BANK2_BL-09_half_down_hold__T_a_exec-calc_s_cross_-today__input_-adjust_rsi_ex-level_rsi_sm-simple_same_b-wait_b_warmup-strict: ok fills=205 (40.4s)
[1593/2869] BANK2_BL-09_half_down_hold__T_a_exec-calc_s_cross_-both_d_input_-raw_rsi_ex-level_rsi_sm-simple_same_b-wait_b_warmup-strict: ok fills=202 (40.5s)
[1594/2869] BANK2_BL-09_half_down_hold__T_a_exec-calc_s_cross_-both_d_input_-adjust_rsi_ex-level_rsi_sm-simple_same_b-wait_b_warmup-strict: ok fills=205 (43.6s)
[1595/2869] BANK2_BL-09_half_down_hold__T_a_exec-set_ho_cross_-today__input_-adjust_rsi_ex-level_rsi_sm-simple_same_b-allowe_warmup-strict: ok fills=219 (42.0s)
[1596/2869] BANK2_BL-09_half_down_hold__T_a_exec-set_ho_cross_-both_d_input_-adjust_rsi_ex-level_rsi_sm-simple_same_b-allowe_warmup-strict: ok fills=219 (44.1s)
[1597/2869] BANK2_BL-09_half_down_hold__T_a_exec-set_ho_cross_-both_d_input_-raw_rsi_ex-level_rsi_sm-simple_same_b-allowe_warmup-strict: ok fills=216 (48.8s)
[1598/2869] BANK2_BL-09_half_down_hold__T_a_exec-set_ho_cross_-both_d_input_-adjust_rsi_ex-level_rsi_sm-simple_same_b-wait_b_warmup-strict: ok fills=205 (47.9s)
[1599/2869] BANK2_BL-09_half_down_hold__T_a_exec-set_ho_cross_-today__input_-raw_rsi_ex-level_rsi_sm-simple_same_b-allowe_warmup-strict: ok fills=216 (48.4s)
[1600/2869] BANK2_BL-09_half_down_hold__T_a_exec-set_ho_cross_-today__input_-adjust_rsi_ex-level_rsi_sm-simple_same_b-wait_b_warmup-strict: ok fills=205 (48.7s)
[1601/2869] BANK2_BL-09_half_down_hold__T_a_exec-set_ho_cross_-both_d_input_-raw_rsi_ex-level_rsi_sm-simple_same_b-wait_b_warmup-strict: ok fills=202 (45.8s)
[1602/2869] BANK2_BL-09_half_down_hold__T_a_exec-calc_s_cross_-today__input_-adjust_rsi_ex-level_rsi_sm-simple_same_b-allowe_warmup-ready_: exit=1 fills=None (9.3s)
[1603/2869] BANK2_BL-09_half_down_hold__T_a_exec-set_ho_cross_-today__input_-raw_rsi_ex-level_rsi_sm-simple_same_b-wait_b_warmup-strict: ok fills=202 (44.5s)
[1604/2869] BANK2_BL-09_half_down_hold__T_a_exec-calc_s_cross_-both_d_input_-adjust_rsi_ex-level_rsi_sm-simple_same_b-allowe_warmup-ready_: ok fills=205 (41.1s)
[1605/2869] BANK2_BL-09_half_down_hold__T_a_exec-calc_s_cross_-today__input_-raw_rsi_ex-level_rsi_sm-simple_same_b-allowe_warmup-ready_: ok fills=202 (40.9s)
[1606/2869] BANK2_BL-09_half_down_hold__T_a_exec-calc_s_cross_-both_d_input_-raw_rsi_ex-level_rsi_sm-simple_same_b-allowe_warmup-ready_: ok fills=202 (44.8s)
[1607/2869] BANK2_BL-09_half_down_hold__T_a_exec-calc_s_cross_-both_d_input_-raw_rsi_ex-level_rsi_sm-simple_same_b-wait_b_warmup-ready_: ok fills=192 (45.2s)
[1608/2869] BANK2_BL-09_half_down_hold__T_a_exec-calc_s_cross_-today__input_-adjust_rsi_ex-level_rsi_sm-simple_same_b-wait_b_warmup-ready_: ok fills=195 (48.1s)
[1609/2869] BANK2_BL-09_half_down_hold__T_a_exec-calc_s_cross_-both_d_input_-adjust_rsi_ex-level_rsi_sm-simple_same_b-wait_b_warmup-ready_: ok fills=195 (49.6s)
[1610/2869] BANK2_BL-09_half_down_hold__T_a_exec-calc_s_cross_-today__input_-raw_rsi_ex-level_rsi_sm-simple_same_b-wait_b_warmup-ready_: ok fills=192 (47.2s)
[1611/2869] BANK2_BL-09_half_down_hold__T_a_exec-set_ho_cross_-both_d_input_-adjust_rsi_ex-level_rsi_sm-simple_same_b-allowe_warmup-ready_: ok fills=205 (43.2s)
[1612/2869] BANK2_BL-09_half_down_hold__T_a_exec-set_ho_cross_-today__input_-adjust_rsi_ex-level_rsi_sm-simple_same_b-allowe_warmup-ready_: ok fills=205 (42.6s)
[1613/2869] BANK2_BL-09_half_down_hold__T_a_exec-set_ho_cross_-both_d_input_-raw_rsi_ex-level_rsi_sm-simple_same_b-allowe_warmup-ready_: ok fills=202 (45.0s)
[1614/2869] BANK2_BL-09_half_down_hold__T_a_exec-set_ho_cross_-today__input_-raw_rsi_ex-level_rsi_sm-simple_same_b-allowe_warmup-ready_: ok fills=202 (43.5s)
[1615/2869] BANK2_BL-09_half_down_hold__T_a_exec-set_ho_cross_-both_d_input_-adjust_rsi_ex-level_rsi_sm-simple_same_b-wait_b_warmup-ready_: ok fills=195 (45.2s)
[1616/2869] BANK2_BL-09_half_down_hold__T_a_exec-set_ho_cross_-today__input_-adjust_rsi_ex-level_rsi_sm-simple_same_b-wait_b_warmup-ready_: ok fills=195 (48.6s)
[1617/2869] BANK2_BL-09_half_down_hold__T_a_exec-set_ho_cross_-today__input_-raw_rsi_ex-level_rsi_sm-simple_same_b-wait_b_warmup-ready_: ok fills=192 (47.2s)
[1618/2869] BANK2_BL-09_half_down_hold__T_a_exec-set_ho_cross_-both_d_input_-raw_rsi_ex-level_rsi_sm-simple_same_b-wait_b_warmup-ready_: ok fills=192 (49.1s)
[1619/2869] BANK2_BL-09_half_down_hold__T_a_exec-calc_s_cross_-both_d_input_-adjust_rsi_ex-cross_rsi_sm-simple_same_b-allowe_warmup-strict: ok fills=169 (44.0s)
[1620/2869] BANK2_BL-09_half_down_hold__T_a_exec-calc_s_cross_-today__input_-adjust_rsi_ex-cross_rsi_sm-simple_same_b-allowe_warmup-strict: ok fills=169 (45.2s)
[1621/2869] BANK2_BL-09_half_down_hold__T_a_exec-calc_s_cross_-both_d_input_-raw_rsi_ex-cross_rsi_sm-simple_same_b-allowe_warmup-strict: ok fills=168 (43.8s)
[1622/2869] BANK2_BL-09_half_down_hold__T_a_exec-calc_s_cross_-today__input_-raw_rsi_ex-cross_rsi_sm-simple_same_b-allowe_warmup-strict: ok fills=168 (43.6s)
[1623/2869] BANK2_BL-09_half_down_hold__T_a_exec-calc_s_cross_-today__input_-adjust_rsi_ex-cross_rsi_sm-simple_same_b-wait_b_warmup-strict: ok fills=169 (44.8s)
[1624/2869] BANK2_BL-09_half_down_hold__T_a_exec-calc_s_cross_-both_d_input_-adjust_rsi_ex-cross_rsi_sm-simple_same_b-wait_b_warmup-strict: ok fills=169 (45.8s)
[1625/2869] BANK2_BL-09_half_down_hold__T_a_exec-calc_s_cross_-both_d_input_-raw_rsi_ex-cross_rsi_sm-simple_same_b-wait_b_warmup-strict: ok fills=168 (47.1s)
[1626/2869] BANK2_BL-09_half_down_hold__T_a_exec-calc_s_cross_-today__input_-raw_rsi_ex-cross_rsi_sm-simple_same_b-wait_b_warmup-strict: ok fills=168 (45.9s)
[1627/2869] BANK2_BL-09_half_down_hold__T_a_exec-set_ho_cross_-both_d_input_-adjust_rsi_ex-cross_rsi_sm-simple_same_b-allowe_warmup-strict: ok fills=169 (48.2s)
[1628/2869] BANK2_BL-09_half_down_hold__T_a_exec-set_ho_cross_-both_d_input_-adjust_rsi_ex-cross_rsi_sm-simple_same_b-wait_b_warmup-strict: exit=1 fills=None (4.7s)
[1629/2869] BANK2_BL-09_half_down_hold__T_a_exec-set_ho_cross_-today__input_-adjust_rsi_ex-cross_rsi_sm-simple_same_b-allowe_warmup-strict: ok fills=169 (41.7s)
[1630/2869] BANK2_BL-09_half_down_hold__T_a_exec-set_ho_cross_-both_d_input_-raw_rsi_ex-cross_rsi_sm-simple_same_b-allowe_warmup-strict: ok fills=168 (40.8s)
[1631/2869] BANK2_BL-09_half_down_hold__T_a_exec-set_ho_cross_-today__input_-raw_rsi_ex-cross_rsi_sm-simple_same_b-allowe_warmup-strict: ok fills=168 (40.6s)
[1632/2869] BANK2_BL-09_half_down_hold__T_a_exec-set_ho_cross_-today__input_-adjust_rsi_ex-cross_rsi_sm-simple_same_b-wait_b_warmup-strict: ok fills=169 (41.9s)
[1633/2869] BANK2_BL-09_half_down_hold__T_a_exec-set_ho_cross_-both_d_input_-raw_rsi_ex-cross_rsi_sm-simple_same_b-wait_b_warmup-strict: ok fills=168 (41.7s)
[1634/2869] BANK2_BL-09_half_down_hold__T_a_exec-set_ho_cross_-today__input_-raw_rsi_ex-cross_rsi_sm-simple_same_b-wait_b_warmup-strict: ok fills=168 (42.7s)
[1635/2869] BANK2_BL-09_half_down_hold__T_a_exec-calc_s_cross_-both_d_input_-adjust_rsi_ex-cross_rsi_sm-simple_same_b-allowe_warmup-ready_: ok fills=161 (45.8s)
[1636/2869] BANK2_BL-09_half_down_hold__T_a_exec-calc_s_cross_-today__input_-adjust_rsi_ex-cross_rsi_sm-simple_same_b-allowe_warmup-ready_: ok fills=161 (43.9s)
[1637/2869] BANK2_BL-09_half_down_hold__T_a_exec-calc_s_cross_-both_d_input_-raw_rsi_ex-cross_rsi_sm-simple_same_b-allowe_warmup-ready_: ok fills=160 (44.2s)
[1638/2869] BANK2_BL-09_half_down_hold__T_a_exec-calc_s_cross_-today__input_-raw_rsi_ex-cross_rsi_sm-simple_same_b-allowe_warmup-ready_: ok fills=160 (38.3s)
[1639/2869] BANK2_BL-09_half_down_hold__T_a_exec-calc_s_cross_-both_d_input_-adjust_rsi_ex-cross_rsi_sm-simple_same_b-wait_b_warmup-ready_: ok fills=161 (41.1s)
[1640/2869] BANK2_BL-09_half_down_hold__T_a_exec-calc_s_cross_-today__input_-adjust_rsi_ex-cross_rsi_sm-simple_same_b-wait_b_warmup-ready_: ok fills=161 (42.2s)
[1641/2869] BANK2_BL-09_half_down_hold__T_a_exec-calc_s_cross_-both_d_input_-raw_rsi_ex-cross_rsi_sm-simple_same_b-wait_b_warmup-ready_: ok fills=160 (44.0s)
[1642/2869] BANK2_BL-09_half_down_hold__T_a_exec-set_ho_cross_-both_d_input_-adjust_rsi_ex-cross_rsi_sm-simple_same_b-allowe_warmup-ready_: ok fills=161 (45.0s)
[1643/2869] BANK2_BL-09_half_down_hold__T_a_exec-calc_s_cross_-today__input_-raw_rsi_ex-cross_rsi_sm-simple_same_b-wait_b_warmup-ready_: ok fills=160 (46.0s)
[1644/2869] BANK2_BL-09_half_down_hold__T_a_exec-set_ho_cross_-today__input_-adjust_rsi_ex-cross_rsi_sm-simple_same_b-allowe_warmup-ready_: ok fills=161 (42.1s)
[1645/2869] BANK2_BL-09_half_down_hold__T_a_exec-set_ho_cross_-both_d_input_-raw_rsi_ex-cross_rsi_sm-simple_same_b-allowe_warmup-ready_: ok fills=160 (41.6s)
[1646/2869] BANK2_BL-09_half_up__ref: cached
[1647/2869] BANK2_BL-09_half_down_hold__T_a_exec-set_ho_cross_-today__input_-raw_rsi_ex-cross_rsi_sm-simple_same_b-allowe_warmup-ready_: ok fills=160 (42.1s)
[1648/2869] BANK2_BL-09_half_down_hold__T_a_exec-set_ho_cross_-both_d_input_-adjust_rsi_ex-cross_rsi_sm-simple_same_b-wait_b_warmup-ready_: ok fills=161 (39.4s)
[1649/2869] BANK2_BL-09_half_down_hold__T_a_exec-set_ho_cross_-today__input_-adjust_rsi_ex-cross_rsi_sm-simple_same_b-wait_b_warmup-ready_: ok fills=161 (39.1s)
[1650/2869] BANK2_BL-09_half_down_hold__T_a_exec-set_ho_cross_-both_d_input_-raw_rsi_ex-cross_rsi_sm-simple_same_b-wait_b_warmup-ready_: ok fills=160 (41.0s)
[1651/2869] BANK2_BL-09_half_down_hold__T_a_exec-set_ho_cross_-today__input_-raw_rsi_ex-cross_rsi_sm-simple_same_b-wait_b_warmup-ready_: ok fills=160 (40.1s)
[1652/2869] BANK2_BL-09_half_up__T_a_exec-calc_s_cross_-today__input_-adjust_rsi_ex-level_rsi_sm-wilder_same_b-allowe_warmup-strict: ok fills=217 (41.6s)
[1653/2869] BANK2_BL-09_half_up__T_a_exec-calc_s_cross_-both_d_input_-raw_rsi_ex-level_rsi_sm-wilder_same_b-wait_b_warmup-strict: exit=1 fills=None (7.3s)
[1654/2869] BANK2_BL-09_half_up__T_a_exec-calc_s_cross_-both_d_input_-raw_rsi_ex-level_rsi_sm-wilder_same_b-allowe_warmup-strict: ok fills=218 (43.6s)
[1655/2869] BANK2_BL-09_half_up__T_a_exec-calc_s_cross_-today__input_-raw_rsi_ex-level_rsi_sm-wilder_same_b-allowe_warmup-strict: ok fills=218 (44.0s)
[1656/2869] BANK2_BL-09_half_up__T_a_exec-calc_s_cross_-both_d_input_-adjust_rsi_ex-level_rsi_sm-wilder_same_b-wait_b_warmup-strict: ok fills=213 (42.0s)
[1657/2869] BANK2_BL-09_half_up__T_a_exec-calc_s_cross_-today__input_-adjust_rsi_ex-level_rsi_sm-wilder_same_b-wait_b_warmup-strict: ok fills=213 (42.0s)
[1658/2869] BANK2_BL-09_half_up__T_a_exec-calc_s_cross_-today__input_-raw_rsi_ex-level_rsi_sm-wilder_same_b-wait_b_warmup-strict: ok fills=216 (37.7s)
[1659/2869] BANK2_BL-09_half_up__T_a_exec-set_ho_cross_-both_d_input_-adjust_rsi_ex-level_rsi_sm-wilder_same_b-allowe_warmup-strict: ok fills=217 (39.6s)
[1660/2869] BANK2_BL-09_half_up__T_a_exec-set_ho_cross_-today__input_-adjust_rsi_ex-level_rsi_sm-wilder_same_b-allowe_warmup-strict: ok fills=217 (38.4s)
[1661/2869] BANK2_BL-09_half_up__T_a_exec-set_ho_cross_-both_d_input_-raw_rsi_ex-level_rsi_sm-wilder_same_b-allowe_warmup-strict: ok fills=218 (44.8s)
[1662/2869] BANK2_BL-09_half_up__T_a_exec-set_ho_cross_-today__input_-raw_rsi_ex-level_rsi_sm-wilder_same_b-allowe_warmup-strict: ok fills=218 (47.2s)
[1663/2869] BANK2_BL-09_half_up__T_a_exec-set_ho_cross_-both_d_input_-adjust_rsi_ex-level_rsi_sm-wilder_same_b-wait_b_warmup-strict: ok fills=213 (46.8s)
[1664/2869] BANK2_BL-09_half_up__T_a_exec-set_ho_cross_-both_d_input_-raw_rsi_ex-level_rsi_sm-wilder_same_b-wait_b_warmup-strict: ok fills=216 (42.8s)
[1665/2869] BANK2_BL-09_half_up__T_a_exec-set_ho_cross_-today__input_-adjust_rsi_ex-level_rsi_sm-wilder_same_b-wait_b_warmup-strict: ok fills=213 (45.0s)
[1666/2869] BANK2_BL-09_half_up__T_a_exec-set_ho_cross_-today__input_-raw_rsi_ex-level_rsi_sm-wilder_same_b-wait_b_warmup-strict: ok fills=216 (43.7s)
[1667/2869] BANK2_BL-09_half_up__T_a_exec-calc_s_cross_-both_d_input_-adjust_rsi_ex-level_rsi_sm-wilder_same_b-allowe_warmup-ready_: ok fills=213 (38.8s)
[1668/2869] BANK2_BL-09_half_up__T_a_exec-calc_s_cross_-both_d_input_-raw_rsi_ex-level_rsi_sm-wilder_same_b-allowe_warmup-ready_: ok fills=214 (38.9s)
[1669/2869] BANK2_BL-09_half_up__T_a_exec-calc_s_cross_-today__input_-adjust_rsi_ex-level_rsi_sm-wilder_same_b-allowe_warmup-ready_: ok fills=213 (40.9s)
[1670/2869] BANK2_BL-09_half_up__T_a_exec-calc_s_cross_-both_d_input_-adjust_rsi_ex-level_rsi_sm-wilder_same_b-wait_b_warmup-ready_: ok fills=209 (40.8s)
[1671/2869] BANK2_BL-09_half_up__T_a_exec-calc_s_cross_-today__input_-raw_rsi_ex-level_rsi_sm-wilder_same_b-allowe_warmup-ready_: ok fills=214 (44.0s)
[1672/2869] BANK2_BL-09_half_up__T_a_exec-calc_s_cross_-today__input_-adjust_rsi_ex-level_rsi_sm-wilder_same_b-wait_b_warmup-ready_: ok fills=209 (42.9s)
[1673/2869] BANK2_BL-09_half_up__T_a_exec-calc_s_cross_-both_d_input_-raw_rsi_ex-level_rsi_sm-wilder_same_b-wait_b_warmup-ready_: ok fills=212 (43.6s)
[1674/2869] BANK2_BL-09_half_up__T_a_exec-calc_s_cross_-today__input_-raw_rsi_ex-level_rsi_sm-wilder_same_b-wait_b_warmup-ready_: ok fills=212 (40.5s)
[1675/2869] BANK2_BL-09_half_up__T_a_exec-set_ho_cross_-both_d_input_-adjust_rsi_ex-level_rsi_sm-wilder_same_b-allowe_warmup-ready_: ok fills=213 (41.0s)
[1676/2869] BANK2_BL-09_half_up__T_a_exec-set_ho_cross_-today__input_-adjust_rsi_ex-level_rsi_sm-wilder_same_b-allowe_warmup-ready_: ok fills=213 (39.4s)
[1677/2869] BANK2_BL-09_half_up__T_a_exec-set_ho_cross_-both_d_input_-raw_rsi_ex-level_rsi_sm-wilder_same_b-allowe_warmup-ready_: ok fills=214 (40.0s)
[1678/2869] BANK2_BL-09_half_up__T_a_exec-set_ho_cross_-today__input_-raw_rsi_ex-level_rsi_sm-wilder_same_b-allowe_warmup-ready_: ok fills=214 (38.0s)
[1679/2869] BANK2_BL-09_half_up__T_a_exec-set_ho_cross_-both_d_input_-adjust_rsi_ex-level_rsi_sm-wilder_same_b-wait_b_warmup-ready_: ok fills=209 (41.2s)
[1680/2869] BANK2_BL-09_half_up__T_a_exec-set_ho_cross_-both_d_input_-raw_rsi_ex-level_rsi_sm-wilder_same_b-wait_b_warmup-ready_: ok fills=212 (42.0s)
[1681/2869] BANK2_BL-09_half_up__T_a_exec-calc_s_cross_-both_d_input_-raw_rsi_ex-cross_rsi_sm-wilder_same_b-allowe_warmup-strict: exit=1 fills=None (6.6s)
[1682/2869] BANK2_BL-09_half_up__T_a_exec-set_ho_cross_-today__input_-adjust_rsi_ex-level_rsi_sm-wilder_same_b-wait_b_warmup-ready_: ok fills=209 (43.1s)
[1683/2869] BANK2_BL-09_half_up__T_a_exec-set_ho_cross_-today__input_-raw_rsi_ex-level_rsi_sm-wilder_same_b-wait_b_warmup-ready_: ok fills=212 (40.5s)
[1684/2869] BANK2_BL-09_half_up__T_a_exec-calc_s_cross_-both_d_input_-adjust_rsi_ex-cross_rsi_sm-wilder_same_b-allowe_warmup-strict: ok fills=197 (45.6s)
[1685/2869] BANK2_BL-09_half_up__T_a_exec-calc_s_cross_-today__input_-adjust_rsi_ex-cross_rsi_sm-wilder_same_b-allowe_warmup-strict: ok fills=197 (46.7s)
[1686/2869] BANK2_BL-09_half_up__T_a_exec-calc_s_cross_-today__input_-adjust_rsi_ex-cross_rsi_sm-wilder_same_b-wait_b_warmup-strict: ok fills=197 (39.5s)
[1687/2869] BANK2_BL-09_half_up__T_a_exec-calc_s_cross_-both_d_input_-adjust_rsi_ex-cross_rsi_sm-wilder_same_b-wait_b_warmup-strict: ok fills=197 (40.1s)
[1688/2869] BANK2_BL-09_half_up__T_a_exec-calc_s_cross_-today__input_-raw_rsi_ex-cross_rsi_sm-wilder_same_b-allowe_warmup-strict: ok fills=202 (40.2s)
[1689/2869] BANK2_BL-09_half_up__T_a_exec-calc_s_cross_-both_d_input_-raw_rsi_ex-cross_rsi_sm-wilder_same_b-wait_b_warmup-strict: ok fills=202 (38.5s)
[1690/2869] BANK2_BL-09_half_up__T_a_exec-calc_s_cross_-today__input_-raw_rsi_ex-cross_rsi_sm-wilder_same_b-wait_b_warmup-strict: ok fills=202 (35.5s)
[1691/2869] BANK2_BL-09_half_up__T_a_exec-set_ho_cross_-both_d_input_-adjust_rsi_ex-cross_rsi_sm-wilder_same_b-allowe_warmup-strict: ok fills=197 (38.5s)
[1692/2869] BANK2_BL-09_half_up__T_a_exec-set_ho_cross_-today__input_-adjust_rsi_ex-cross_rsi_sm-wilder_same_b-allowe_warmup-strict: ok fills=197 (44.1s)
[1693/2869] BANK2_BL-09_half_up__T_a_exec-set_ho_cross_-today__input_-raw_rsi_ex-cross_rsi_sm-wilder_same_b-allowe_warmup-strict: ok fills=202 (45.5s)
[1694/2869] BANK2_BL-09_half_up__T_a_exec-set_ho_cross_-both_d_input_-raw_rsi_ex-cross_rsi_sm-wilder_same_b-allowe_warmup-strict: ok fills=202 (45.7s)
[1695/2869] BANK2_BL-09_half_up__T_a_exec-set_ho_cross_-both_d_input_-adjust_rsi_ex-cross_rsi_sm-wilder_same_b-wait_b_warmup-strict: ok fills=197 (45.6s)
[1696/2869] BANK2_BL-09_half_up__T_a_exec-set_ho_cross_-today__input_-adjust_rsi_ex-cross_rsi_sm-wilder_same_b-wait_b_warmup-strict: ok fills=197 (44.1s)
[1697/2869] BANK2_BL-09_half_up__T_a_exec-set_ho_cross_-both_d_input_-raw_rsi_ex-cross_rsi_sm-wilder_same_b-wait_b_warmup-strict: ok fills=202 (40.3s)
[1698/2869] BANK2_BL-09_half_up__T_a_exec-calc_s_cross_-both_d_input_-adjust_rsi_ex-cross_rsi_sm-wilder_same_b-allowe_warmup-ready_: ok fills=193 (39.5s)
[1699/2869] BANK2_BL-09_half_up__T_a_exec-set_ho_cross_-today__input_-raw_rsi_ex-cross_rsi_sm-wilder_same_b-wait_b_warmup-strict: ok fills=202 (41.5s)
[1700/2869] BANK2_BL-09_half_up__T_a_exec-calc_s_cross_-both_d_input_-raw_rsi_ex-cross_rsi_sm-wilder_same_b-allowe_warmup-ready_: ok fills=198 (38.8s)
[1701/2869] BANK2_BL-09_half_up__T_a_exec-calc_s_cross_-today__input_-adjust_rsi_ex-cross_rsi_sm-wilder_same_b-allowe_warmup-ready_: ok fills=193 (40.8s)
[1702/2869] BANK2_BL-09_half_up__T_a_exec-calc_s_cross_-today__input_-raw_rsi_ex-cross_rsi_sm-wilder_same_b-allowe_warmup-ready_: ok fills=198 (41.1s)
[1703/2869] BANK2_BL-09_half_up__T_a_exec-calc_s_cross_-both_d_input_-raw_rsi_ex-cross_rsi_sm-wilder_same_b-wait_b_warmup-ready_: exit=1 fills=None (6.4s)
[1704/2869] BANK2_BL-09_half_up__T_a_exec-calc_s_cross_-both_d_input_-adjust_rsi_ex-cross_rsi_sm-wilder_same_b-wait_b_warmup-ready_: ok fills=193 (40.9s)
[1705/2869] BANK2_BL-09_half_up__T_a_exec-calc_s_cross_-today__input_-raw_rsi_ex-cross_rsi_sm-wilder_same_b-wait_b_warmup-ready_: ok fills=198 (40.2s)
[1706/2869] BANK2_BL-09_half_up__T_a_exec-calc_s_cross_-today__input_-adjust_rsi_ex-cross_rsi_sm-wilder_same_b-wait_b_warmup-ready_: ok fills=193 (41.9s)
[1707/2869] BANK2_BL-09_half_up__T_a_exec-set_ho_cross_-both_d_input_-adjust_rsi_ex-cross_rsi_sm-wilder_same_b-allowe_warmup-ready_: ok fills=193 (42.5s)
[1708/2869] BANK2_BL-09_half_up__T_a_exec-set_ho_cross_-both_d_input_-raw_rsi_ex-cross_rsi_sm-wilder_same_b-allowe_warmup-ready_: ok fills=198 (39.6s)
[1709/2869] BANK2_BL-09_half_up__T_a_exec-set_ho_cross_-today__input_-adjust_rsi_ex-cross_rsi_sm-wilder_same_b-allowe_warmup-ready_: ok fills=193 (41.6s)
[1710/2869] BANK2_BL-09_half_up__T_a_exec-set_ho_cross_-today__input_-adjust_rsi_ex-cross_rsi_sm-wilder_same_b-wait_b_warmup-ready_: exit=1 fills=None (6.5s)
[1711/2869] BANK2_BL-09_half_up__T_a_exec-set_ho_cross_-today__input_-raw_rsi_ex-cross_rsi_sm-wilder_same_b-allowe_warmup-ready_: ok fills=198 (42.3s)
[1712/2869] BANK2_BL-09_half_up__T_a_exec-set_ho_cross_-both_d_input_-adjust_rsi_ex-cross_rsi_sm-wilder_same_b-wait_b_warmup-ready_: ok fills=193 (41.2s)
[1713/2869] BANK2_BL-09_half_up__T_a_exec-set_ho_cross_-today__input_-raw_rsi_ex-cross_rsi_sm-wilder_same_b-wait_b_warmup-ready_: ok fills=198 (40.9s)
[1714/2869] BANK2_BL-09_half_up__T_a_exec-set_ho_cross_-both_d_input_-raw_rsi_ex-cross_rsi_sm-wilder_same_b-wait_b_warmup-ready_: ok fills=198 (44.4s)
[1715/2869] BANK2_BL-09_half_up__T_a_exec-calc_s_cross_-both_d_input_-adjust_rsi_ex-level_rsi_sm-simple_same_b-allowe_warmup-strict: ok fills=267 (45.6s)
[1716/2869] BANK2_BL-09_half_up__T_a_exec-calc_s_cross_-both_d_input_-adjust_rsi_ex-level_rsi_sm-simple_same_b-wait_b_warmup-strict: exit=1 fills=None (6.7s)
[1717/2869] BANK2_BL-09_half_up__T_a_exec-calc_s_cross_-today__input_-adjust_rsi_ex-level_rsi_sm-simple_same_b-allowe_warmup-strict: ok fills=267 (45.5s)
[1718/2869] BANK2_BL-09_half_up__T_a_exec-calc_s_cross_-both_d_input_-raw_rsi_ex-level_rsi_sm-simple_same_b-allowe_warmup-strict: ok fills=276 (46.8s)
[1719/2869] BANK2_BL-09_half_up__T_a_exec-calc_s_cross_-today__input_-raw_rsi_ex-level_rsi_sm-simple_same_b-allowe_warmup-strict: ok fills=276 (39.0s)
[1720/2869] BANK2_BL-09_half_up__T_a_exec-calc_s_cross_-today__input_-adjust_rsi_ex-level_rsi_sm-simple_same_b-wait_b_warmup-strict: ok fills=253 (37.0s)
[1721/2869] BANK2_BL-09_half_up__T_a_exec-calc_s_cross_-today__input_-raw_rsi_ex-level_rsi_sm-simple_same_b-wait_b_warmup-strict: ok fills=262 (35.9s)
[1722/2869] BANK2_BL-09_half_up__T_a_exec-calc_s_cross_-both_d_input_-raw_rsi_ex-level_rsi_sm-simple_same_b-wait_b_warmup-strict: ok fills=262 (38.3s)
[1723/2869] BANK2_BL-09_half_up__T_a_exec-set_ho_cross_-today__input_-adjust_rsi_ex-level_rsi_sm-simple_same_b-allowe_warmup-strict: ok fills=267 (38.9s)
[1724/2869] BANK2_BL-09_half_up__T_a_exec-set_ho_cross_-both_d_input_-adjust_rsi_ex-level_rsi_sm-simple_same_b-allowe_warmup-strict: ok fills=267 (44.9s)
[1725/2869] BANK2_BL-09_half_up__T_a_exec-set_ho_cross_-both_d_input_-raw_rsi_ex-level_rsi_sm-simple_same_b-allowe_warmup-strict: ok fills=276 (45.7s)
[1726/2869] BANK2_BL-09_half_up__T_a_exec-set_ho_cross_-today__input_-raw_rsi_ex-level_rsi_sm-simple_same_b-allowe_warmup-strict: ok fills=276 (44.1s)
[1727/2869] BANK2_BL-09_half_up__T_a_exec-set_ho_cross_-both_d_input_-adjust_rsi_ex-level_rsi_sm-simple_same_b-wait_b_warmup-strict: ok fills=253 (43.9s)
[1728/2869] BANK2_BL-09_half_up__T_a_exec-set_ho_cross_-today__input_-adjust_rsi_ex-level_rsi_sm-simple_same_b-wait_b_warmup-strict: ok fills=253 (43.8s)
[1729/2869] BANK2_BL-09_half_up__T_a_exec-set_ho_cross_-both_d_input_-raw_rsi_ex-level_rsi_sm-simple_same_b-wait_b_warmup-strict: ok fills=262 (41.7s)
[1730/2869] BANK2_BL-09_half_up__T_a_exec-set_ho_cross_-today__input_-raw_rsi_ex-level_rsi_sm-simple_same_b-wait_b_warmup-strict: ok fills=262 (41.4s)
[1731/2869] BANK2_BL-09_half_up__T_a_exec-calc_s_cross_-both_d_input_-adjust_rsi_ex-level_rsi_sm-simple_same_b-allowe_warmup-ready_: ok fills=253 (41.9s)
[1732/2869] BANK2_BL-09_half_up__T_a_exec-calc_s_cross_-today__input_-adjust_rsi_ex-level_rsi_sm-simple_same_b-allowe_warmup-ready_: ok fills=253 (42.1s)
[1733/2869] BANK2_BL-09_half_up__T_a_exec-calc_s_cross_-both_d_input_-raw_rsi_ex-level_rsi_sm-simple_same_b-allowe_warmup-ready_: ok fills=262 (45.0s)
[1734/2869] BANK2_BL-09_half_up__T_a_exec-calc_s_cross_-today__input_-raw_rsi_ex-level_rsi_sm-simple_same_b-allowe_warmup-ready_: ok fills=262 (43.8s)
[1735/2869] BANK2_BL-09_half_up__T_a_exec-calc_s_cross_-both_d_input_-adjust_rsi_ex-level_rsi_sm-simple_same_b-wait_b_warmup-ready_: ok fills=243 (42.7s)
[1736/2869] BANK2_BL-09_half_up__T_a_exec-calc_s_cross_-today__input_-adjust_rsi_ex-level_rsi_sm-simple_same_b-wait_b_warmup-ready_: ok fills=243 (43.9s)
[1737/2869] BANK2_BL-09_half_up__T_a_exec-calc_s_cross_-both_d_input_-raw_rsi_ex-level_rsi_sm-simple_same_b-wait_b_warmup-ready_: ok fills=252 (39.4s)
[1738/2869] BANK2_BL-09_half_up__T_a_exec-calc_s_cross_-today__input_-raw_rsi_ex-level_rsi_sm-simple_same_b-wait_b_warmup-ready_: ok fills=252 (38.5s)
[1739/2869] BANK2_BL-09_half_up__T_a_exec-set_ho_cross_-today__input_-adjust_rsi_ex-level_rsi_sm-simple_same_b-allowe_warmup-ready_: ok fills=253 (36.7s)
[1740/2869] BANK2_BL-09_half_up__T_a_exec-set_ho_cross_-both_d_input_-adjust_rsi_ex-level_rsi_sm-simple_same_b-allowe_warmup-ready_: ok fills=253 (38.7s)
[1741/2869] BANK2_BL-09_half_up__T_a_exec-set_ho_cross_-both_d_input_-raw_rsi_ex-level_rsi_sm-simple_same_b-allowe_warmup-ready_: ok fills=262 (38.8s)
[1742/2869] BANK2_BL-09_half_up__T_a_exec-set_ho_cross_-today__input_-raw_rsi_ex-level_rsi_sm-simple_same_b-allowe_warmup-ready_: ok fills=262 (37.9s)
[1743/2869] BANK2_BL-09_half_up__T_a_exec-set_ho_cross_-both_d_input_-adjust_rsi_ex-level_rsi_sm-simple_same_b-wait_b_warmup-ready_: ok fills=243 (44.5s)
[1744/2869] BANK2_BL-09_half_up__T_a_exec-set_ho_cross_-today__input_-adjust_rsi_ex-level_rsi_sm-simple_same_b-wait_b_warmup-ready_: ok fills=243 (44.3s)
[1745/2869] BANK2_BL-09_half_up__T_a_exec-set_ho_cross_-both_d_input_-raw_rsi_ex-level_rsi_sm-simple_same_b-wait_b_warmup-ready_: ok fills=252 (44.0s)
[1746/2869] BANK2_BL-09_half_up__T_a_exec-set_ho_cross_-today__input_-raw_rsi_ex-level_rsi_sm-simple_same_b-wait_b_warmup-ready_: ok fills=252 (43.1s)
[1747/2869] BANK2_BL-09_half_up__T_a_exec-calc_s_cross_-today__input_-raw_rsi_ex-cross_rsi_sm-simple_same_b-allowe_warmup-strict: exit=1 fills=None (5.9s)
[1748/2869] BANK2_BL-09_half_up__T_a_exec-calc_s_cross_-both_d_input_-adjust_rsi_ex-cross_rsi_sm-simple_same_b-allowe_warmup-strict: ok fills=217 (41.9s)
[1749/2869] BANK2_BL-09_half_up__T_a_exec-calc_s_cross_-today__input_-adjust_rsi_ex-cross_rsi_sm-simple_same_b-allowe_warmup-strict: ok fills=217 (40.2s)
[1750/2869] BANK2_BL-09_half_up__T_a_exec-calc_s_cross_-both_d_input_-raw_rsi_ex-cross_rsi_sm-simple_same_b-allowe_warmup-strict: ok fills=228 (39.4s)
[1751/2869] BANK2_BL-09_half_up__T_a_exec-calc_s_cross_-today__input_-raw_rsi_ex-cross_rsi_sm-simple_same_b-wait_b_warmup-strict: ok fills=228 (38.0s)
[1752/2869] BANK2_BL-09_half_up__T_a_exec-set_ho_cross_-today__input_-adjust_rsi_ex-cross_rsi_sm-simple_same_b-allowe_warmup-strict: exit=1 fills=None (7.0s)
[1753/2869] BANK2_BL-09_half_up__T_a_exec-calc_s_cross_-both_d_input_-adjust_rsi_ex-cross_rsi_sm-simple_same_b-wait_b_warmup-strict: ok fills=217 (41.2s)
[1754/2869] BANK2_BL-09_half_up__T_a_exec-calc_s_cross_-both_d_input_-raw_rsi_ex-cross_rsi_sm-simple_same_b-wait_b_warmup-strict: ok fills=228 (41.7s)
[1755/2869] BANK2_BL-09_half_up__T_a_exec-calc_s_cross_-today__input_-adjust_rsi_ex-cross_rsi_sm-simple_same_b-wait_b_warmup-strict: ok fills=217 (42.0s)
[1756/2869] BANK2_BL-09_half_up__T_a_exec-set_ho_cross_-both_d_input_-adjust_rsi_ex-cross_rsi_sm-simple_same_b-allowe_warmup-strict: ok fills=217 (42.0s)
[1757/2869] BANK2_BL-09_half_up__T_a_exec-set_ho_cross_-today__input_-raw_rsi_ex-cross_rsi_sm-simple_same_b-allowe_warmup-strict: ok fills=228 (37.7s)
[1758/2869] BANK2_BL-09_half_up__T_a_exec-set_ho_cross_-both_d_input_-raw_rsi_ex-cross_rsi_sm-simple_same_b-allowe_warmup-strict: ok fills=228 (37.9s)
[1759/2869] BANK2_BL-09_half_up__T_a_exec-set_ho_cross_-both_d_input_-raw_rsi_ex-cross_rsi_sm-simple_same_b-wait_b_warmup-strict: ok fills=228 (36.3s)
[1760/2869] BANK2_BL-09_half_up__T_a_exec-set_ho_cross_-both_d_input_-adjust_rsi_ex-cross_rsi_sm-simple_same_b-wait_b_warmup-strict: ok fills=217 (39.1s)
[1761/2869] BANK2_BL-09_half_up__T_a_exec-set_ho_cross_-today__input_-raw_rsi_ex-cross_rsi_sm-simple_same_b-wait_b_warmup-strict: ok fills=228 (37.9s)
[1762/2869] BANK2_BL-09_half_up__T_a_exec-set_ho_cross_-today__input_-adjust_rsi_ex-cross_rsi_sm-simple_same_b-wait_b_warmup-strict: ok fills=217 (40.8s)
[1763/2869] BANK2_BL-09_half_up__T_a_exec-calc_s_cross_-today__input_-adjust_rsi_ex-cross_rsi_sm-simple_same_b-allowe_warmup-ready_: ok fills=209 (41.0s)
[1764/2869] BANK2_BL-09_half_up__T_a_exec-calc_s_cross_-both_d_input_-adjust_rsi_ex-cross_rsi_sm-simple_same_b-allowe_warmup-ready_: ok fills=209 (42.3s)
[1765/2869] BANK2_BL-09_half_up__T_a_exec-calc_s_cross_-both_d_input_-raw_rsi_ex-cross_rsi_sm-simple_same_b-allowe_warmup-ready_: ok fills=220 (42.0s)
[1766/2869] BANK2_BL-09_half_up__T_a_exec-calc_s_cross_-both_d_input_-adjust_rsi_ex-cross_rsi_sm-simple_same_b-wait_b_warmup-ready_: ok fills=209 (44.9s)
[1767/2869] BANK2_BL-09_half_up__T_a_exec-calc_s_cross_-today__input_-raw_rsi_ex-cross_rsi_sm-simple_same_b-allowe_warmup-ready_: ok fills=220 (46.8s)
[1768/2869] BANK2_BL-09_half_up__T_a_exec-calc_s_cross_-today__input_-adjust_rsi_ex-cross_rsi_sm-simple_same_b-wait_b_warmup-ready_: ok fills=209 (45.5s)
[1769/2869] BANK2_BL-09_half_up__T_a_exec-calc_s_cross_-both_d_input_-raw_rsi_ex-cross_rsi_sm-simple_same_b-wait_b_warmup-ready_: ok fills=220 (39.5s)
[1770/2869] BANK2_BL-09_half_up__T_a_exec-set_ho_cross_-both_d_input_-adjust_rsi_ex-cross_rsi_sm-simple_same_b-allowe_warmup-ready_: ok fills=209 (37.3s)
[1771/2869] BANK2_BL-09_half_up__T_a_exec-calc_s_cross_-today__input_-raw_rsi_ex-cross_rsi_sm-simple_same_b-wait_b_warmup-ready_: ok fills=220 (40.2s)
[1772/2869] BANK2_BL-09_half_up__T_a_exec-set_ho_cross_-both_d_input_-raw_rsi_ex-cross_rsi_sm-simple_same_b-allowe_warmup-ready_: ok fills=220 (38.5s)
[1773/2869] BANK2_BL-09_half_up__T_a_exec-set_ho_cross_-today__input_-raw_rsi_ex-cross_rsi_sm-simple_same_b-allowe_warmup-ready_: ok fills=220 (38.2s)
[1774/2869] BANK2_ER-01_R1__ref: cached
[1775/2869] BANK2_BL-09_half_up__T_a_exec-set_ho_cross_-today__input_-adjust_rsi_ex-cross_rsi_sm-simple_same_b-allowe_warmup-ready_: ok fills=209 (40.6s)
[1776/2869] BANK2_BL-09_half_up__T_a_exec-set_ho_cross_-both_d_input_-adjust_rsi_ex-cross_rsi_sm-simple_same_b-wait_b_warmup-ready_: ok fills=209 (44.9s)
[1777/2869] BANK2_BL-09_half_up__T_a_exec-set_ho_cross_-both_d_input_-raw_rsi_ex-cross_rsi_sm-simple_same_b-wait_b_warmup-ready_: ok fills=220 (45.5s)
[1778/2869] BANK2_BL-09_half_up__T_a_exec-set_ho_cross_-today__input_-adjust_rsi_ex-cross_rsi_sm-simple_same_b-wait_b_warmup-ready_: ok fills=209 (47.5s)
[1779/2869] BANK2_BL-09_half_up__T_a_exec-set_ho_cross_-today__input_-raw_rsi_ex-cross_rsi_sm-simple_same_b-wait_b_warmup-ready_: ok fills=220 (43.6s)
[1780/2869] BANK2_ER-01_R1__T_cross_-both_d_input_-adjust_same_b-wait_b_warmup-strict: ok fills=187 (42.8s)
[1781/2869] BANK2_ER-01_R1__T_cross_-today__input_-adjust_same_b-allowe_warmup-strict: ok fills=190 (43.4s)
[1782/2869] BANK2_ER-01_R1__T_cross_-today__input_-adjust_same_b-wait_b_warmup-strict: ok fills=186 (35.4s)
[1783/2869] BANK2_ER-01_R1__T_cross_-both_d_input_-raw_same_b-allowe_warmup-strict: ok fills=189 (35.9s)
[1784/2869] BANK2_ER-01_R1__T_cross_-both_d_input_-raw_same_b-wait_b_warmup-strict: ok fills=187 (37.1s)
[1785/2869] BANK2_ER-01_R1__T_cross_-today__input_-raw_same_b-wait_b_warmup-strict: ok fills=187 (35.0s)
[1786/2869] BANK2_ER-01_R1__T_cross_-today__input_-raw_same_b-allowe_warmup-strict: ok fills=189 (38.9s)
[1787/2869] BANK2_ER-01_R1__T_cross_-both_d_input_-adjust_same_b-allowe_warmup-ready_: ok fills=175 (38.8s)
[1788/2869] BANK2_ER-01_R1__T_cross_-both_d_input_-adjust_same_b-wait_b_warmup-ready_: ok fills=171 (44.0s)
[1789/2869] BANK2_ER-01_R1__T_cross_-today__input_-adjust_same_b-allowe_warmup-ready_: ok fills=174 (42.1s)
[1790/2869] BANK2_ER-01_R1__OAT_rsi_smoothing-simple: cached
[1791/2869] BANK2_ER-01_R1__OAT_rsi_exit-cross: cached
[1792/2869] BANK2_ER-01_R1__OAT_a_exec-set_holdings: cached
[1793/2869] BANK2_ER-01_R1__T_cross_-today__input_-adjust_same_b-wait_b_warmup-ready_: ok fills=170 (43.8s)
[1794/2869] BANK2_ER-01_R2__ref: cached
[1795/2869] BANK2_ER-01_R1__T_cross_-both_d_input_-raw_same_b-allowe_warmup-ready_: ok fills=173 (42.8s)
[1796/2869] BANK2_ER-01_R1__T_cross_-both_d_input_-raw_same_b-wait_b_warmup-ready_: ok fills=171 (42.0s)
[1797/2869] BANK2_ER-01_R1__T_cross_-today__input_-raw_same_b-allowe_warmup-ready_: ok fills=173 (43.5s)
[1798/2869] BANK2_ER-01_R1__SPOT_all_excluded_off: ok fills=191 (36.9s)
[1799/2869] BANK2_ER-01_R1__T_cross_-today__input_-raw_same_b-wait_b_warmup-ready_: ok fills=171 (39.0s)
[1800/2869] BANK2_ER-01_R2__T_cross_-both_d_input_-adjust_same_b-wait_b_warmup-strict: ok fills=185 (39.1s)
[1801/2869] BANK2_ER-01_R2__T_cross_-today__input_-adjust_same_b-allowe_warmup-strict: ok fills=193 (39.1s)
[1802/2869] BANK2_ER-01_R2__T_cross_-today__input_-adjust_same_b-wait_b_warmup-strict: ok fills=185 (36.3s)
[1803/2869] BANK2_ER-01_R2__T_cross_-both_d_input_-raw_same_b-allowe_warmup-strict: ok fills=188 (38.7s)
[1804/2869] BANK2_ER-01_R2__T_cross_-both_d_input_-raw_same_b-wait_b_warmup-strict: ok fills=182 (43.7s)
[1805/2869] BANK2_ER-01_R2__T_cross_-today__input_-raw_same_b-allowe_warmup-strict: ok fills=188 (43.1s)
[1806/2869] BANK2_ER-01_R2__T_cross_-both_d_input_-adjust_same_b-allowe_warmup-ready_: ok fills=175 (41.5s)
[1807/2869] BANK2_ER-01_R2__T_cross_-today__input_-raw_same_b-wait_b_warmup-strict: ok fills=183 (44.3s)
[1808/2869] BANK2_ER-01_R2__T_cross_-today__input_-adjust_same_b-wait_b_warmup-ready_: exit=1 fills=None (7.3s)
[1809/2869] BANK2_ER-01_R2__T_cross_-both_d_input_-adjust_same_b-wait_b_warmup-ready_: ok fills=169 (44.3s)
[1810/2869] BANK2_ER-01_R2__OAT_rsi_smoothing-simple: cached
[1811/2869] BANK2_ER-01_R2__OAT_rsi_exit-cross: cached
[1812/2869] BANK2_ER-01_R2__OAT_a_exec-set_holdings: cached
[1813/2869] BANK2_ER-01_R2__T_cross_-today__input_-adjust_same_b-allowe_warmup-ready_: ok fills=175 (42.8s)
[1814/2869] BANK2_ER-01_R3__ref: cached
[1815/2869] BANK2_ER-01_R2__SPOT_all_excluded_off: exit=1 fills=None (4.3s)
[1816/2869] BANK2_ER-01_R2__T_cross_-both_d_input_-raw_same_b-allowe_warmup-ready_: ok fills=172 (40.2s)
[1817/2869] BANK2_ER-01_R2__T_cross_-both_d_input_-raw_same_b-wait_b_warmup-ready_: ok fills=166 (39.2s)
[1818/2869] BANK2_ER-01_R2__T_cross_-today__input_-raw_same_b-allowe_warmup-ready_: ok fills=172 (43.5s)
[1819/2869] BANK2_ER-01_R2__T_cross_-today__input_-raw_same_b-wait_b_warmup-ready_: ok fills=167 (43.0s)
[1820/2869] BANK2_ER-01_R3__T_cross_-both_d_input_-adjust_same_b-wait_b_warmup-strict: ok fills=162 (46.1s)
[1821/2869] BANK2_ER-01_R3__T_cross_-both_d_input_-raw_same_b-wait_b_warmup-strict: exit=1 fills=None (7.9s)
[1822/2869] BANK2_ER-01_R3__T_cross_-today__input_-adjust_same_b-allowe_warmup-strict: ok fills=166 (46.7s)
[1823/2869] BANK2_ER-01_R3__T_cross_-today__input_-adjust_same_b-wait_b_warmup-strict: ok fills=162 (42.9s)
[1824/2869] BANK2_ER-01_R3__T_cross_-both_d_input_-raw_same_b-allowe_warmup-strict: ok fills=156 (41.5s)
[1825/2869] BANK2_ER-01_R3__T_cross_-today__input_-raw_same_b-allowe_warmup-strict: ok fills=156 (38.7s)
[1826/2869] BANK2_ER-01_R3__T_cross_-today__input_-raw_same_b-wait_b_warmup-strict: ok fills=154 (39.2s)
[1827/2869] BANK2_ER-01_R3__T_cross_-both_d_input_-adjust_same_b-allowe_warmup-ready_: ok fills=152 (43.4s)
[1828/2869] BANK2_ER-01_R3__T_cross_-both_d_input_-adjust_same_b-wait_b_warmup-ready_: ok fills=148 (46.2s)
[1829/2869] BANK2_ER-01_R3__T_cross_-today__input_-adjust_same_b-allowe_warmup-ready_: ok fills=152 (48.0s)
[1830/2869] BANK2_ER-01_R3__OAT_rsi_smoothing-simple: cached
[1831/2869] BANK2_ER-01_R3__OAT_rsi_exit-cross: cached
[1832/2869] BANK2_ER-01_R3__OAT_a_exec-set_holdings: cached
[1833/2869] BANK2_ER-01_R3__T_cross_-today__input_-adjust_same_b-wait_b_warmup-ready_: ok fills=148 (47.1s)
[1834/2869] BANK2_ER-01_R4__ref: cached
[1835/2869] BANK2_ER-01_R3__T_cross_-both_d_input_-raw_same_b-allowe_warmup-ready_: ok fills=142 (45.1s)
[1836/2869] BANK2_ER-01_R3__T_cross_-both_d_input_-raw_same_b-wait_b_warmup-ready_: ok fills=140 (41.0s)
[1837/2869] BANK2_ER-01_R3__T_cross_-today__input_-raw_same_b-allowe_warmup-ready_: ok fills=142 (40.9s)
[1838/2869] BANK2_ER-01_R3__T_cross_-today__input_-raw_same_b-wait_b_warmup-ready_: ok fills=140 (40.6s)
[1839/2869] BANK2_ER-01_R3__SPOT_all_excluded_off: ok fills=166 (40.9s)
[1840/2869] BANK2_ER-01_R4__T_cross_-both_d_input_-adjust_same_b-wait_b_warmup-strict: ok fills=162 (41.0s)
[1841/2869] BANK2_ER-01_R4__T_cross_-today__input_-adjust_same_b-allowe_warmup-strict: ok fills=166 (40.0s)
[1842/2869] BANK2_ER-01_R4__T_cross_-today__input_-adjust_same_b-wait_b_warmup-strict: ok fills=162 (42.0s)
[1843/2869] BANK2_ER-01_R4__T_cross_-both_d_input_-raw_same_b-allowe_warmup-strict: ok fills=156 (42.3s)
[1844/2869] BANK2_ER-01_R4__T_cross_-both_d_input_-raw_same_b-wait_b_warmup-strict: ok fills=154 (47.4s)
[1845/2869] BANK2_ER-01_R4__T_cross_-today__input_-raw_same_b-allowe_warmup-strict: ok fills=156 (40.3s)
[1846/2869] BANK2_ER-01_R4__T_cross_-today__input_-raw_same_b-wait_b_warmup-strict: ok fills=154 (40.7s)
[1847/2869] BANK2_ER-01_R4__T_cross_-both_d_input_-adjust_same_b-allowe_warmup-ready_: ok fills=152 (41.3s)
[1848/2869] BANK2_ER-01_R4__T_cross_-both_d_input_-adjust_same_b-wait_b_warmup-ready_: ok fills=148 (38.8s)
[1849/2869] BANK2_ER-01_R4__T_cross_-today__input_-adjust_same_b-allowe_warmup-ready_: ok fills=152 (37.1s)
[1850/2869] BANK2_ER-01_R4__OAT_rsi_smoothing-simple: cached
[1851/2869] BANK2_ER-01_R4__OAT_rsi_exit-cross: cached
[1852/2869] BANK2_ER-01_R4__OAT_a_exec-set_holdings: cached
[1853/2869] BANK2_ER-01_R4__T_cross_-today__input_-adjust_same_b-wait_b_warmup-ready_: ok fills=148 (41.9s)
[1854/2869] BANK2_ER-01_R5__ref: cached
[1855/2869] BANK2_ER-01_R4__T_cross_-both_d_input_-raw_same_b-allowe_warmup-ready_: ok fills=142 (44.4s)
[1856/2869] BANK2_ER-01_R4__T_cross_-today__input_-raw_same_b-allowe_warmup-ready_: ok fills=142 (42.7s)
[1857/2869] BANK2_ER-01_R4__T_cross_-both_d_input_-raw_same_b-wait_b_warmup-ready_: ok fills=140 (44.7s)
[1858/2869] BANK2_ER-01_R4__T_cross_-today__input_-raw_same_b-wait_b_warmup-ready_: ok fills=140 (44.1s)
[1859/2869] BANK2_ER-01_R4__SPOT_all_excluded_off: ok fills=166 (43.0s)
[1860/2869] BANK2_ER-01_R5__T_cross_-both_d_input_-adjust_same_b-wait_b_warmup-strict: ok fills=187 (41.5s)
[1861/2869] BANK2_ER-01_R5__T_cross_-today__input_-adjust_same_b-wait_b_warmup-strict: ok fills=187 (38.1s)
[1862/2869] BANK2_ER-01_R5__T_cross_-today__input_-adjust_same_b-allowe_warmup-strict: ok fills=193 (39.5s)
[1863/2869] BANK2_ER-01_R5__T_cross_-both_d_input_-raw_same_b-allowe_warmup-strict: ok fills=191 (39.3s)
[1864/2869] BANK2_ER-01_R5__T_cross_-both_d_input_-raw_same_b-wait_b_warmup-strict: ok fills=187 (40.3s)
[1865/2869] BANK2_ER-01_R5__T_cross_-today__input_-raw_same_b-allowe_warmup-strict: ok fills=191 (40.2s)
[1866/2869] BANK2_ER-01_R5__T_cross_-today__input_-raw_same_b-wait_b_warmup-strict: ok fills=187 (43.2s)
[1867/2869] BANK2_ER-01_R5__T_cross_-both_d_input_-adjust_same_b-allowe_warmup-ready_: ok fills=175 (41.8s)
[1868/2869] BANK2_ER-01_R5__T_cross_-today__input_-adjust_same_b-allowe_warmup-ready_: ok fills=175 (41.2s)
[1869/2869] BANK2_ER-01_R5__T_cross_-both_d_input_-adjust_same_b-wait_b_warmup-ready_: ok fills=171 (45.6s)
[1870/2869] BANK2_ER-01_R5__OAT_rsi_smoothing-simple: cached
[1871/2869] BANK2_ER-01_R5__OAT_rsi_exit-cross: cached
[1872/2869] BANK2_ER-01_R5__OAT_a_exec-set_holdings: cached
[1873/2869] BANK2_ER-01_R5__T_cross_-today__input_-adjust_same_b-wait_b_warmup-ready_: ok fills=171 (41.2s)
[1874/2869] BANK2_ER-01_R6__ref: cached
[1875/2869] BANK2_ER-01_R5__T_cross_-both_d_input_-raw_same_b-allowe_warmup-ready_: ok fills=175 (41.2s)
[1876/2869] BANK2_ER-01_R5__T_cross_-both_d_input_-raw_same_b-wait_b_warmup-ready_: ok fills=171 (39.7s)
[1877/2869] BANK2_ER-01_R5__T_cross_-today__input_-raw_same_b-allowe_warmup-ready_: ok fills=175 (43.8s)
[1878/2869] BANK2_ER-01_R5__T_cross_-today__input_-raw_same_b-wait_b_warmup-ready_: ok fills=171 (45.3s)
[1879/2869] BANK2_ER-01_R5__SPOT_all_excluded_off: ok fills=193 (44.3s)
[1880/2869] BANK2_ER-01_R6__T_cross_-both_d_input_-adjust_same_b-wait_b_warmup-strict: ok fills=168 (46.8s)
[1881/2869] BANK2_ER-01_R6__T_cross_-today__input_-adjust_same_b-allowe_warmup-strict: ok fills=172 (46.1s)
[1882/2869] BANK2_ER-01_R6__T_cross_-today__input_-adjust_same_b-wait_b_warmup-strict: ok fills=168 (44.6s)
[1883/2869] BANK2_ER-01_R6__T_cross_-both_d_input_-raw_same_b-allowe_warmup-strict: ok fills=164 (39.3s)
[1884/2869] BANK2_ER-01_R6__T_cross_-both_d_input_-raw_same_b-wait_b_warmup-strict: ok fills=162 (38.8s)
[1885/2869] BANK2_ER-01_R6__T_cross_-today__input_-raw_same_b-allowe_warmup-strict: ok fills=164 (40.4s)
[1886/2869] BANK2_ER-01_R6__T_cross_-today__input_-raw_same_b-wait_b_warmup-strict: ok fills=162 (43.8s)
[1887/2869] BANK2_ER-01_R6__T_cross_-both_d_input_-raw_same_b-allowe_warmup-ready_: exit=1 fills=None (8.4s)
[1888/2869] BANK2_ER-01_R6__T_cross_-both_d_input_-adjust_same_b-allowe_warmup-ready_: ok fills=158 (44.4s)
[1889/2869] BANK2_ER-01_R6__T_cross_-both_d_input_-adjust_same_b-wait_b_warmup-ready_: ok fills=154 (47.7s)
[1890/2869] BANK2_ER-01_R6__OAT_rsi_smoothing-simple: cached
[1891/2869] BANK2_ER-01_R6__OAT_rsi_exit-cross: cached
[1892/2869] BANK2_ER-01_R6__OAT_a_exec-set_holdings: cached
[1893/2869] BANK2_ER-01_R6__T_cross_-today__input_-adjust_same_b-allowe_warmup-ready_: ok fills=158 (45.9s)
[1894/2869] BANK2_OM-B_private__ref: cached
[1895/2869] BANK2_OM-B_private__T_cross_-both_d_input_-adjust_rsi_ex-level_rsi_sm-wilder_same_b-allowe_warmup-ready_: cached
[1896/2869] BANK2_OM-B_private__T_cross_-both_d_input_-adjust_rsi_ex-level_rsi_sm-wilder_same_b-wait_b_warmup-strict: cached
[1897/2869] BANK2_OM-B_private__T_cross_-both_d_input_-adjust_rsi_ex-level_rsi_sm-wilder_same_b-wait_b_warmup-ready_: cached
[1898/2869] BANK2_OM-B_private__T_cross_-both_d_input_-adjust_rsi_ex-level_rsi_sm-simple_same_b-allowe_warmup-strict: cached
[1899/2869] BANK2_OM-B_private__T_cross_-both_d_input_-adjust_rsi_ex-level_rsi_sm-simple_same_b-allowe_warmup-ready_: cached
[1900/2869] BANK2_OM-B_private__T_cross_-both_d_input_-adjust_rsi_ex-level_rsi_sm-simple_same_b-wait_b_warmup-strict: cached
[1901/2869] BANK2_OM-B_private__T_cross_-both_d_input_-adjust_rsi_ex-level_rsi_sm-simple_same_b-wait_b_warmup-ready_: cached
[1902/2869] BANK2_OM-B_private__T_cross_-both_d_input_-adjust_rsi_ex-cross_rsi_sm-wilder_same_b-allowe_warmup-strict: cached
[1903/2869] BANK2_OM-B_private__T_cross_-both_d_input_-adjust_rsi_ex-cross_rsi_sm-wilder_same_b-allowe_warmup-ready_: cached
[1904/2869] BANK2_OM-B_private__T_cross_-both_d_input_-adjust_rsi_ex-cross_rsi_sm-wilder_same_b-wait_b_warmup-strict: cached
[1905/2869] BANK2_OM-B_private__T_cross_-both_d_input_-adjust_rsi_ex-cross_rsi_sm-wilder_same_b-wait_b_warmup-ready_: cached
[1906/2869] BANK2_OM-B_private__T_cross_-both_d_input_-adjust_rsi_ex-cross_rsi_sm-simple_same_b-allowe_warmup-strict: cached
[1907/2869] BANK2_OM-B_private__T_cross_-both_d_input_-adjust_rsi_ex-cross_rsi_sm-simple_same_b-allowe_warmup-ready_: cached
[1908/2869] BANK2_OM-B_private__T_cross_-both_d_input_-adjust_rsi_ex-cross_rsi_sm-simple_same_b-wait_b_warmup-strict: cached
[1909/2869] BANK2_OM-B_private__T_cross_-both_d_input_-adjust_rsi_ex-cross_rsi_sm-simple_same_b-wait_b_warmup-ready_: cached
[1910/2869] BANK2_OM-B_private__T_cross_-both_d_input_-raw_rsi_ex-level_rsi_sm-wilder_same_b-allowe_warmup-strict: cached
[1911/2869] BANK2_OM-B_private__T_cross_-both_d_input_-raw_rsi_ex-level_rsi_sm-wilder_same_b-allowe_warmup-ready_: cached
[1912/2869] BANK2_OM-B_private__T_cross_-both_d_input_-raw_rsi_ex-level_rsi_sm-wilder_same_b-wait_b_warmup-strict: cached
[1913/2869] BANK2_OM-B_private__T_cross_-both_d_input_-raw_rsi_ex-level_rsi_sm-wilder_same_b-wait_b_warmup-ready_: cached
[1914/2869] BANK2_OM-B_private__T_cross_-both_d_input_-raw_rsi_ex-level_rsi_sm-simple_same_b-allowe_warmup-strict: cached
[1915/2869] BANK2_OM-B_private__T_cross_-both_d_input_-raw_rsi_ex-level_rsi_sm-simple_same_b-allowe_warmup-ready_: cached
[1916/2869] BANK2_OM-B_private__T_cross_-both_d_input_-raw_rsi_ex-level_rsi_sm-simple_same_b-wait_b_warmup-strict: cached
[1917/2869] BANK2_OM-B_private__T_cross_-both_d_input_-raw_rsi_ex-level_rsi_sm-simple_same_b-wait_b_warmup-ready_: cached
[1918/2869] BANK2_OM-B_private__T_cross_-both_d_input_-raw_rsi_ex-cross_rsi_sm-wilder_same_b-allowe_warmup-strict: cached
[1919/2869] BANK2_OM-B_private__T_cross_-both_d_input_-raw_rsi_ex-cross_rsi_sm-wilder_same_b-allowe_warmup-ready_: cached
[1920/2869] BANK2_OM-B_private__T_cross_-both_d_input_-raw_rsi_ex-cross_rsi_sm-wilder_same_b-wait_b_warmup-strict: cached
[1921/2869] BANK2_OM-B_private__T_cross_-both_d_input_-raw_rsi_ex-cross_rsi_sm-wilder_same_b-wait_b_warmup-ready_: cached
[1922/2869] BANK2_OM-B_private__T_cross_-both_d_input_-raw_rsi_ex-cross_rsi_sm-simple_same_b-allowe_warmup-strict: cached
[1923/2869] BANK2_OM-B_private__T_cross_-both_d_input_-raw_rsi_ex-cross_rsi_sm-simple_same_b-allowe_warmup-ready_: cached
[1924/2869] BANK2_OM-B_private__T_cross_-both_d_input_-raw_rsi_ex-cross_rsi_sm-simple_same_b-wait_b_warmup-strict: cached
[1925/2869] BANK2_OM-B_private__T_cross_-both_d_input_-raw_rsi_ex-cross_rsi_sm-simple_same_b-wait_b_warmup-ready_: cached
[1926/2869] BANK2_OM-B_private__T_cross_-today__input_-adjust_rsi_ex-level_rsi_sm-wilder_same_b-allowe_warmup-strict: cached
[1927/2869] BANK2_OM-B_private__T_cross_-today__input_-adjust_rsi_ex-level_rsi_sm-wilder_same_b-allowe_warmup-ready_: cached
[1928/2869] BANK2_OM-B_private__T_cross_-today__input_-adjust_rsi_ex-level_rsi_sm-wilder_same_b-wait_b_warmup-strict: cached
[1929/2869] BANK2_OM-B_private__T_cross_-today__input_-adjust_rsi_ex-level_rsi_sm-wilder_same_b-wait_b_warmup-ready_: cached
[1930/2869] BANK2_OM-B_private__T_cross_-today__input_-adjust_rsi_ex-level_rsi_sm-simple_same_b-allowe_warmup-strict: cached
[1931/2869] BANK2_OM-B_private__T_cross_-today__input_-adjust_rsi_ex-level_rsi_sm-simple_same_b-allowe_warmup-ready_: cached
[1932/2869] BANK2_OM-B_private__T_cross_-today__input_-adjust_rsi_ex-level_rsi_sm-simple_same_b-wait_b_warmup-strict: cached
[1933/2869] BANK2_OM-B_private__T_cross_-today__input_-adjust_rsi_ex-level_rsi_sm-simple_same_b-wait_b_warmup-ready_: cached
[1934/2869] BANK2_OM-B_private__T_cross_-today__input_-adjust_rsi_ex-cross_rsi_sm-wilder_same_b-allowe_warmup-strict: cached
[1935/2869] BANK2_OM-B_private__T_cross_-today__input_-adjust_rsi_ex-cross_rsi_sm-wilder_same_b-allowe_warmup-ready_: cached
[1936/2869] BANK2_OM-B_private__T_cross_-today__input_-adjust_rsi_ex-cross_rsi_sm-wilder_same_b-wait_b_warmup-strict: cached
[1937/2869] BANK2_OM-B_private__T_cross_-today__input_-adjust_rsi_ex-cross_rsi_sm-wilder_same_b-wait_b_warmup-ready_: cached
[1938/2869] BANK2_OM-B_private__T_cross_-today__input_-adjust_rsi_ex-cross_rsi_sm-simple_same_b-allowe_warmup-strict: cached
[1939/2869] BANK2_OM-B_private__T_cross_-today__input_-adjust_rsi_ex-cross_rsi_sm-simple_same_b-allowe_warmup-ready_: cached
[1940/2869] BANK2_OM-B_private__T_cross_-today__input_-adjust_rsi_ex-cross_rsi_sm-simple_same_b-wait_b_warmup-strict: cached
[1941/2869] BANK2_OM-B_private__T_cross_-today__input_-adjust_rsi_ex-cross_rsi_sm-simple_same_b-wait_b_warmup-ready_: cached
[1942/2869] BANK2_OM-B_private__T_cross_-today__input_-raw_rsi_ex-level_rsi_sm-wilder_same_b-allowe_warmup-strict: cached
[1943/2869] BANK2_OM-B_private__T_cross_-today__input_-raw_rsi_ex-level_rsi_sm-wilder_same_b-allowe_warmup-ready_: cached
[1944/2869] BANK2_OM-B_private__T_cross_-today__input_-raw_rsi_ex-level_rsi_sm-wilder_same_b-wait_b_warmup-strict: cached
[1945/2869] BANK2_OM-B_private__T_cross_-today__input_-raw_rsi_ex-level_rsi_sm-wilder_same_b-wait_b_warmup-ready_: cached
[1946/2869] BANK2_OM-B_private__T_cross_-today__input_-raw_rsi_ex-level_rsi_sm-simple_same_b-allowe_warmup-strict: cached
[1947/2869] BANK2_OM-B_private__T_cross_-today__input_-raw_rsi_ex-level_rsi_sm-simple_same_b-allowe_warmup-ready_: cached
[1948/2869] BANK2_OM-B_private__T_cross_-today__input_-raw_rsi_ex-level_rsi_sm-simple_same_b-wait_b_warmup-strict: cached
[1949/2869] BANK2_OM-B_private__T_cross_-today__input_-raw_rsi_ex-level_rsi_sm-simple_same_b-wait_b_warmup-ready_: cached
[1950/2869] BANK2_OM-B_private__T_cross_-today__input_-raw_rsi_ex-cross_rsi_sm-wilder_same_b-allowe_warmup-strict: cached
[1951/2869] BANK2_OM-B_private__T_cross_-today__input_-raw_rsi_ex-cross_rsi_sm-wilder_same_b-allowe_warmup-ready_: cached
[1952/2869] BANK2_OM-B_private__T_cross_-today__input_-raw_rsi_ex-cross_rsi_sm-wilder_same_b-wait_b_warmup-strict: cached
[1953/2869] BANK2_OM-B_private__T_cross_-today__input_-raw_rsi_ex-cross_rsi_sm-wilder_same_b-wait_b_warmup-ready_: cached
[1954/2869] BANK2_OM-B_private__T_cross_-today__input_-raw_rsi_ex-cross_rsi_sm-simple_same_b-allowe_warmup-strict: cached
[1955/2869] BANK2_OM-B_private__T_cross_-today__input_-raw_rsi_ex-cross_rsi_sm-simple_same_b-allowe_warmup-ready_: cached
[1956/2869] BANK2_OM-B_private__T_cross_-today__input_-raw_rsi_ex-cross_rsi_sm-simple_same_b-wait_b_warmup-strict: cached
[1957/2869] BANK2_OM-B_private__T_cross_-today__input_-raw_rsi_ex-cross_rsi_sm-simple_same_b-wait_b_warmup-ready_: cached
[1958/2869] BANK2_OM-B_private__OAT_a_exec-set_holdings: cached
[1959/2869] BANK2_OM-B_private__SPOT_all_excluded_off: cached
[1960/2869] BANK2_OM-B_invested_gate__ref: cached
[1961/2869] BANK2_OM-B_invested_gate__T_cross_-both_d_input_-adjust_rsi_ex-level_rsi_sm-wilder_same_b-allowe_warmup-ready_: cached
[1962/2869] BANK2_OM-B_invested_gate__T_cross_-both_d_input_-adjust_rsi_ex-level_rsi_sm-wilder_same_b-wait_b_warmup-strict: cached
[1963/2869] BANK2_OM-B_invested_gate__T_cross_-both_d_input_-adjust_rsi_ex-level_rsi_sm-wilder_same_b-wait_b_warmup-ready_: cached
[1964/2869] BANK2_OM-B_invested_gate__T_cross_-both_d_input_-adjust_rsi_ex-level_rsi_sm-simple_same_b-allowe_warmup-strict: cached
[1965/2869] BANK2_OM-B_invested_gate__T_cross_-both_d_input_-adjust_rsi_ex-level_rsi_sm-simple_same_b-allowe_warmup-ready_: cached
[1966/2869] BANK2_OM-B_invested_gate__T_cross_-both_d_input_-adjust_rsi_ex-level_rsi_sm-simple_same_b-wait_b_warmup-strict: cached
[1967/2869] BANK2_OM-B_invested_gate__T_cross_-both_d_input_-adjust_rsi_ex-level_rsi_sm-simple_same_b-wait_b_warmup-ready_: cached
[1968/2869] BANK2_OM-B_invested_gate__T_cross_-both_d_input_-adjust_rsi_ex-cross_rsi_sm-wilder_same_b-allowe_warmup-strict: cached
[1969/2869] BANK2_OM-B_invested_gate__T_cross_-both_d_input_-adjust_rsi_ex-cross_rsi_sm-wilder_same_b-allowe_warmup-ready_: cached
[1970/2869] BANK2_OM-B_invested_gate__T_cross_-both_d_input_-adjust_rsi_ex-cross_rsi_sm-wilder_same_b-wait_b_warmup-strict: cached
[1971/2869] BANK2_OM-B_invested_gate__T_cross_-both_d_input_-adjust_rsi_ex-cross_rsi_sm-wilder_same_b-wait_b_warmup-ready_: cached
[1972/2869] BANK2_OM-B_invested_gate__T_cross_-both_d_input_-adjust_rsi_ex-cross_rsi_sm-simple_same_b-allowe_warmup-strict: cached
[1973/2869] BANK2_OM-B_invested_gate__T_cross_-both_d_input_-adjust_rsi_ex-cross_rsi_sm-simple_same_b-allowe_warmup-ready_: cached
[1974/2869] BANK2_OM-B_invested_gate__T_cross_-both_d_input_-adjust_rsi_ex-cross_rsi_sm-simple_same_b-wait_b_warmup-strict: cached
[1975/2869] BANK2_OM-B_invested_gate__T_cross_-both_d_input_-adjust_rsi_ex-cross_rsi_sm-simple_same_b-wait_b_warmup-ready_: cached
[1976/2869] BANK2_OM-B_invested_gate__T_cross_-both_d_input_-raw_rsi_ex-level_rsi_sm-wilder_same_b-allowe_warmup-strict: cached
[1977/2869] BANK2_OM-B_invested_gate__T_cross_-both_d_input_-raw_rsi_ex-level_rsi_sm-wilder_same_b-allowe_warmup-ready_: cached
[1978/2869] BANK2_OM-B_invested_gate__T_cross_-both_d_input_-raw_rsi_ex-level_rsi_sm-wilder_same_b-wait_b_warmup-strict: cached
[1979/2869] BANK2_OM-B_invested_gate__T_cross_-both_d_input_-raw_rsi_ex-level_rsi_sm-wilder_same_b-wait_b_warmup-ready_: cached
[1980/2869] BANK2_OM-B_invested_gate__T_cross_-both_d_input_-raw_rsi_ex-level_rsi_sm-simple_same_b-allowe_warmup-strict: cached
[1981/2869] BANK2_OM-B_invested_gate__T_cross_-both_d_input_-raw_rsi_ex-level_rsi_sm-simple_same_b-allowe_warmup-ready_: cached
[1982/2869] BANK2_OM-B_invested_gate__T_cross_-both_d_input_-raw_rsi_ex-level_rsi_sm-simple_same_b-wait_b_warmup-strict: cached
[1983/2869] BANK2_OM-B_invested_gate__T_cross_-both_d_input_-raw_rsi_ex-level_rsi_sm-simple_same_b-wait_b_warmup-ready_: cached
[1984/2869] BANK2_OM-B_invested_gate__T_cross_-both_d_input_-raw_rsi_ex-cross_rsi_sm-wilder_same_b-allowe_warmup-strict: cached
[1985/2869] BANK2_OM-B_invested_gate__T_cross_-both_d_input_-raw_rsi_ex-cross_rsi_sm-wilder_same_b-allowe_warmup-ready_: cached
[1986/2869] BANK2_OM-B_invested_gate__T_cross_-both_d_input_-raw_rsi_ex-cross_rsi_sm-wilder_same_b-wait_b_warmup-strict: cached
[1987/2869] BANK2_OM-B_invested_gate__T_cross_-both_d_input_-raw_rsi_ex-cross_rsi_sm-wilder_same_b-wait_b_warmup-ready_: cached
[1988/2869] BANK2_OM-B_invested_gate__T_cross_-both_d_input_-raw_rsi_ex-cross_rsi_sm-simple_same_b-allowe_warmup-strict: cached
[1989/2869] BANK2_OM-B_invested_gate__T_cross_-both_d_input_-raw_rsi_ex-cross_rsi_sm-simple_same_b-allowe_warmup-ready_: cached
[1990/2869] BANK2_OM-B_invested_gate__T_cross_-both_d_input_-raw_rsi_ex-cross_rsi_sm-simple_same_b-wait_b_warmup-strict: cached
[1991/2869] BANK2_OM-B_invested_gate__T_cross_-both_d_input_-raw_rsi_ex-cross_rsi_sm-simple_same_b-wait_b_warmup-ready_: cached
[1992/2869] BANK2_OM-B_invested_gate__T_cross_-today__input_-adjust_rsi_ex-level_rsi_sm-wilder_same_b-allowe_warmup-strict: cached
[1993/2869] BANK2_OM-B_invested_gate__T_cross_-today__input_-adjust_rsi_ex-level_rsi_sm-wilder_same_b-allowe_warmup-ready_: cached
[1994/2869] BANK2_OM-B_invested_gate__T_cross_-today__input_-adjust_rsi_ex-level_rsi_sm-wilder_same_b-wait_b_warmup-strict: cached
[1995/2869] BANK2_OM-B_invested_gate__T_cross_-today__input_-adjust_rsi_ex-level_rsi_sm-wilder_same_b-wait_b_warmup-ready_: cached
[1996/2869] BANK2_OM-B_invested_gate__T_cross_-today__input_-adjust_rsi_ex-level_rsi_sm-simple_same_b-allowe_warmup-strict: cached
[1997/2869] BANK2_OM-B_invested_gate__T_cross_-today__input_-adjust_rsi_ex-level_rsi_sm-simple_same_b-allowe_warmup-ready_: cached
[1998/2869] BANK2_OM-B_invested_gate__T_cross_-today__input_-adjust_rsi_ex-level_rsi_sm-simple_same_b-wait_b_warmup-strict: cached
[1999/2869] BANK2_OM-B_invested_gate__T_cross_-today__input_-adjust_rsi_ex-level_rsi_sm-simple_same_b-wait_b_warmup-ready_: cached
[2000/2869] BANK2_OM-B_invested_gate__T_cross_-today__input_-adjust_rsi_ex-cross_rsi_sm-wilder_same_b-allowe_warmup-strict: cached
[2001/2869] BANK2_OM-B_invested_gate__T_cross_-today__input_-adjust_rsi_ex-cross_rsi_sm-wilder_same_b-allowe_warmup-ready_: cached
[2002/2869] BANK2_OM-B_invested_gate__T_cross_-today__input_-adjust_rsi_ex-cross_rsi_sm-wilder_same_b-wait_b_warmup-strict: cached
[2003/2869] BANK2_OM-B_invested_gate__T_cross_-today__input_-adjust_rsi_ex-cross_rsi_sm-wilder_same_b-wait_b_warmup-ready_: cached
[2004/2869] BANK2_OM-B_invested_gate__T_cross_-today__input_-adjust_rsi_ex-cross_rsi_sm-simple_same_b-allowe_warmup-strict: cached
[2005/2869] BANK2_OM-B_invested_gate__T_cross_-today__input_-adjust_rsi_ex-cross_rsi_sm-simple_same_b-allowe_warmup-ready_: cached
[2006/2869] BANK2_OM-B_invested_gate__T_cross_-today__input_-adjust_rsi_ex-cross_rsi_sm-simple_same_b-wait_b_warmup-strict: cached
[2007/2869] BANK2_OM-B_invested_gate__T_cross_-today__input_-adjust_rsi_ex-cross_rsi_sm-simple_same_b-wait_b_warmup-ready_: cached
[2008/2869] BANK2_OM-B_invested_gate__T_cross_-today__input_-raw_rsi_ex-level_rsi_sm-wilder_same_b-allowe_warmup-strict: cached
[2009/2869] BANK2_OM-B_invested_gate__T_cross_-today__input_-raw_rsi_ex-level_rsi_sm-wilder_same_b-allowe_warmup-ready_: cached
[2010/2869] BANK2_OM-B_invested_gate__T_cross_-today__input_-raw_rsi_ex-level_rsi_sm-wilder_same_b-wait_b_warmup-strict: cached
[2011/2869] BANK2_OM-B_invested_gate__T_cross_-today__input_-raw_rsi_ex-level_rsi_sm-wilder_same_b-wait_b_warmup-ready_: cached
[2012/2869] BANK2_OM-B_invested_gate__T_cross_-today__input_-raw_rsi_ex-level_rsi_sm-simple_same_b-allowe_warmup-strict: cached
[2013/2869] BANK2_OM-B_invested_gate__T_cross_-today__input_-raw_rsi_ex-level_rsi_sm-simple_same_b-allowe_warmup-ready_: cached
[2014/2869] BANK2_OM-B_invested_gate__T_cross_-today__input_-raw_rsi_ex-level_rsi_sm-simple_same_b-wait_b_warmup-strict: cached
[2015/2869] BANK2_OM-B_invested_gate__T_cross_-today__input_-raw_rsi_ex-level_rsi_sm-simple_same_b-wait_b_warmup-ready_: cached
[2016/2869] BANK2_OM-B_invested_gate__T_cross_-today__input_-raw_rsi_ex-cross_rsi_sm-wilder_same_b-allowe_warmup-strict: cached
[2017/2869] BANK2_OM-B_invested_gate__T_cross_-today__input_-raw_rsi_ex-cross_rsi_sm-wilder_same_b-allowe_warmup-ready_: cached
[2018/2869] BANK2_OM-B_invested_gate__T_cross_-today__input_-raw_rsi_ex-cross_rsi_sm-wilder_same_b-wait_b_warmup-strict: cached
[2019/2869] BANK2_OM-B_invested_gate__T_cross_-today__input_-raw_rsi_ex-cross_rsi_sm-wilder_same_b-wait_b_warmup-ready_: cached
[2020/2869] BANK2_OM-B_invested_gate__T_cross_-today__input_-raw_rsi_ex-cross_rsi_sm-simple_same_b-allowe_warmup-strict: cached
[2021/2869] BANK2_OM-B_invested_gate__T_cross_-today__input_-raw_rsi_ex-cross_rsi_sm-simple_same_b-allowe_warmup-ready_: cached
[2022/2869] BANK2_OM-B_invested_gate__T_cross_-today__input_-raw_rsi_ex-cross_rsi_sm-simple_same_b-wait_b_warmup-strict: cached
[2023/2869] BANK2_OM-B_invested_gate__T_cross_-today__input_-raw_rsi_ex-cross_rsi_sm-simple_same_b-wait_b_warmup-ready_: cached
[2024/2869] BANK2_OM-B_invested_gate__OAT_a_exec-set_holdings: cached
[2025/2869] BANK2_OM-B_invested_gate__SPOT_all_excluded_off: cached
[2026/2869] BANK2_OM-B_netting__ref: cached
[2027/2869] BANK2_OM-B_netting__T_cross_-both_d_input_-adjust_rsi_ex-level_rsi_sm-wilder_same_b-allowe_warmup-ready_: cached
[2028/2869] BANK2_OM-B_netting__T_cross_-both_d_input_-adjust_rsi_ex-level_rsi_sm-wilder_same_b-wait_b_warmup-strict: cached
[2029/2869] BANK2_OM-B_netting__T_cross_-both_d_input_-adjust_rsi_ex-level_rsi_sm-wilder_same_b-wait_b_warmup-ready_: cached
[2030/2869] BANK2_OM-B_netting__T_cross_-both_d_input_-adjust_rsi_ex-level_rsi_sm-simple_same_b-allowe_warmup-strict: cached
[2031/2869] BANK2_OM-B_netting__T_cross_-both_d_input_-adjust_rsi_ex-level_rsi_sm-simple_same_b-allowe_warmup-ready_: cached
[2032/2869] BANK2_OM-B_netting__T_cross_-both_d_input_-adjust_rsi_ex-level_rsi_sm-simple_same_b-wait_b_warmup-strict: cached
[2033/2869] BANK2_OM-B_netting__T_cross_-both_d_input_-adjust_rsi_ex-level_rsi_sm-simple_same_b-wait_b_warmup-ready_: cached
[2034/2869] BANK2_OM-B_netting__T_cross_-both_d_input_-adjust_rsi_ex-cross_rsi_sm-wilder_same_b-allowe_warmup-strict: cached
[2035/2869] BANK2_OM-B_netting__T_cross_-both_d_input_-adjust_rsi_ex-cross_rsi_sm-wilder_same_b-allowe_warmup-ready_: cached
[2036/2869] BANK2_OM-B_netting__T_cross_-both_d_input_-adjust_rsi_ex-cross_rsi_sm-wilder_same_b-wait_b_warmup-strict: cached
[2037/2869] BANK2_OM-B_netting__T_cross_-both_d_input_-adjust_rsi_ex-cross_rsi_sm-wilder_same_b-wait_b_warmup-ready_: cached
[2038/2869] BANK2_OM-B_netting__T_cross_-both_d_input_-adjust_rsi_ex-cross_rsi_sm-simple_same_b-allowe_warmup-strict: cached
[2039/2869] BANK2_OM-B_netting__T_cross_-both_d_input_-adjust_rsi_ex-cross_rsi_sm-simple_same_b-allowe_warmup-ready_: cached
[2040/2869] BANK2_OM-B_netting__T_cross_-both_d_input_-adjust_rsi_ex-cross_rsi_sm-simple_same_b-wait_b_warmup-strict: cached
[2041/2869] BANK2_OM-B_netting__T_cross_-both_d_input_-adjust_rsi_ex-cross_rsi_sm-simple_same_b-wait_b_warmup-ready_: cached
[2042/2869] BANK2_OM-B_netting__T_cross_-both_d_input_-raw_rsi_ex-level_rsi_sm-wilder_same_b-allowe_warmup-strict: cached
[2043/2869] BANK2_OM-B_netting__T_cross_-both_d_input_-raw_rsi_ex-level_rsi_sm-wilder_same_b-allowe_warmup-ready_: cached
[2044/2869] BANK2_OM-B_netting__T_cross_-both_d_input_-raw_rsi_ex-level_rsi_sm-wilder_same_b-wait_b_warmup-strict: cached
[2045/2869] BANK2_OM-B_netting__T_cross_-both_d_input_-raw_rsi_ex-level_rsi_sm-wilder_same_b-wait_b_warmup-ready_: cached
[2046/2869] BANK2_OM-B_netting__T_cross_-both_d_input_-raw_rsi_ex-level_rsi_sm-simple_same_b-allowe_warmup-strict: cached
[2047/2869] BANK2_OM-B_netting__T_cross_-both_d_input_-raw_rsi_ex-level_rsi_sm-simple_same_b-allowe_warmup-ready_: cached
[2048/2869] BANK2_OM-B_netting__T_cross_-both_d_input_-raw_rsi_ex-level_rsi_sm-simple_same_b-wait_b_warmup-strict: cached
[2049/2869] BANK2_OM-B_netting__T_cross_-both_d_input_-raw_rsi_ex-level_rsi_sm-simple_same_b-wait_b_warmup-ready_: cached
[2050/2869] BANK2_OM-B_netting__T_cross_-both_d_input_-raw_rsi_ex-cross_rsi_sm-wilder_same_b-allowe_warmup-strict: cached
[2051/2869] BANK2_OM-B_netting__T_cross_-both_d_input_-raw_rsi_ex-cross_rsi_sm-wilder_same_b-allowe_warmup-ready_: cached
[2052/2869] BANK2_OM-B_netting__T_cross_-both_d_input_-raw_rsi_ex-cross_rsi_sm-wilder_same_b-wait_b_warmup-strict: cached
[2053/2869] BANK2_OM-B_netting__T_cross_-both_d_input_-raw_rsi_ex-cross_rsi_sm-wilder_same_b-wait_b_warmup-ready_: cached
[2054/2869] BANK2_OM-B_netting__T_cross_-both_d_input_-raw_rsi_ex-cross_rsi_sm-simple_same_b-allowe_warmup-strict: cached
[2055/2869] BANK2_OM-B_netting__T_cross_-both_d_input_-raw_rsi_ex-cross_rsi_sm-simple_same_b-allowe_warmup-ready_: cached
[2056/2869] BANK2_OM-B_netting__T_cross_-both_d_input_-raw_rsi_ex-cross_rsi_sm-simple_same_b-wait_b_warmup-strict: cached
[2057/2869] BANK2_OM-B_netting__T_cross_-both_d_input_-raw_rsi_ex-cross_rsi_sm-simple_same_b-wait_b_warmup-ready_: cached
[2058/2869] BANK2_OM-B_netting__T_cross_-today__input_-adjust_rsi_ex-level_rsi_sm-wilder_same_b-allowe_warmup-strict: cached
[2059/2869] BANK2_OM-B_netting__T_cross_-today__input_-adjust_rsi_ex-level_rsi_sm-wilder_same_b-allowe_warmup-ready_: cached
[2060/2869] BANK2_OM-B_netting__T_cross_-today__input_-adjust_rsi_ex-level_rsi_sm-wilder_same_b-wait_b_warmup-strict: cached
[2061/2869] BANK2_OM-B_netting__T_cross_-today__input_-adjust_rsi_ex-level_rsi_sm-wilder_same_b-wait_b_warmup-ready_: cached
[2062/2869] BANK2_OM-B_netting__T_cross_-today__input_-adjust_rsi_ex-level_rsi_sm-simple_same_b-allowe_warmup-strict: cached
[2063/2869] BANK2_OM-B_netting__T_cross_-today__input_-adjust_rsi_ex-level_rsi_sm-simple_same_b-allowe_warmup-ready_: cached
[2064/2869] BANK2_OM-B_netting__T_cross_-today__input_-adjust_rsi_ex-level_rsi_sm-simple_same_b-wait_b_warmup-strict: cached
[2065/2869] BANK2_OM-B_netting__T_cross_-today__input_-adjust_rsi_ex-level_rsi_sm-simple_same_b-wait_b_warmup-ready_: cached
[2066/2869] BANK2_OM-B_netting__T_cross_-today__input_-adjust_rsi_ex-cross_rsi_sm-wilder_same_b-allowe_warmup-strict: cached
[2067/2869] BANK2_OM-B_netting__T_cross_-today__input_-adjust_rsi_ex-cross_rsi_sm-wilder_same_b-allowe_warmup-ready_: cached
[2068/2869] BANK2_OM-B_netting__T_cross_-today__input_-adjust_rsi_ex-cross_rsi_sm-wilder_same_b-wait_b_warmup-strict: cached
[2069/2869] BANK2_OM-B_netting__T_cross_-today__input_-adjust_rsi_ex-cross_rsi_sm-wilder_same_b-wait_b_warmup-ready_: cached
[2070/2869] BANK2_OM-B_netting__T_cross_-today__input_-adjust_rsi_ex-cross_rsi_sm-simple_same_b-allowe_warmup-strict: cached
[2071/2869] BANK2_OM-B_netting__T_cross_-today__input_-adjust_rsi_ex-cross_rsi_sm-simple_same_b-allowe_warmup-ready_: cached
[2072/2869] BANK2_OM-B_netting__T_cross_-today__input_-adjust_rsi_ex-cross_rsi_sm-simple_same_b-wait_b_warmup-strict: cached
[2073/2869] BANK2_OM-B_netting__T_cross_-today__input_-adjust_rsi_ex-cross_rsi_sm-simple_same_b-wait_b_warmup-ready_: cached
[2074/2869] BANK2_OM-B_netting__T_cross_-today__input_-raw_rsi_ex-level_rsi_sm-wilder_same_b-allowe_warmup-strict: cached
[2075/2869] BANK2_OM-B_netting__T_cross_-today__input_-raw_rsi_ex-level_rsi_sm-wilder_same_b-allowe_warmup-ready_: cached
[2076/2869] BANK2_OM-B_netting__T_cross_-today__input_-raw_rsi_ex-level_rsi_sm-wilder_same_b-wait_b_warmup-strict: cached
[2077/2869] BANK2_OM-B_netting__T_cross_-today__input_-raw_rsi_ex-level_rsi_sm-wilder_same_b-wait_b_warmup-ready_: cached
[2078/2869] BANK2_OM-B_netting__T_cross_-today__input_-raw_rsi_ex-level_rsi_sm-simple_same_b-allowe_warmup-strict: cached
[2079/2869] BANK2_OM-B_netting__T_cross_-today__input_-raw_rsi_ex-level_rsi_sm-simple_same_b-allowe_warmup-ready_: cached
[2080/2869] BANK2_OM-B_netting__T_cross_-today__input_-raw_rsi_ex-level_rsi_sm-simple_same_b-wait_b_warmup-strict: cached
[2081/2869] BANK2_OM-B_netting__T_cross_-today__input_-raw_rsi_ex-level_rsi_sm-simple_same_b-wait_b_warmup-ready_: cached
[2082/2869] BANK2_OM-B_netting__T_cross_-today__input_-raw_rsi_ex-cross_rsi_sm-wilder_same_b-allowe_warmup-strict: cached
[2083/2869] BANK2_OM-B_netting__T_cross_-today__input_-raw_rsi_ex-cross_rsi_sm-wilder_same_b-allowe_warmup-ready_: cached
[2084/2869] BANK2_OM-B_netting__T_cross_-today__input_-raw_rsi_ex-cross_rsi_sm-wilder_same_b-wait_b_warmup-strict: cached
[2085/2869] BANK2_OM-B_netting__T_cross_-today__input_-raw_rsi_ex-cross_rsi_sm-wilder_same_b-wait_b_warmup-ready_: cached
[2086/2869] BANK2_OM-B_netting__T_cross_-today__input_-raw_rsi_ex-cross_rsi_sm-simple_same_b-allowe_warmup-strict: cached
[2087/2869] BANK2_OM-B_netting__T_cross_-today__input_-raw_rsi_ex-cross_rsi_sm-simple_same_b-allowe_warmup-ready_: cached
[2088/2869] BANK2_OM-B_netting__T_cross_-today__input_-raw_rsi_ex-cross_rsi_sm-simple_same_b-wait_b_warmup-strict: cached
[2089/2869] BANK2_OM-B_netting__T_cross_-today__input_-raw_rsi_ex-cross_rsi_sm-simple_same_b-wait_b_warmup-ready_: cached
[2090/2869] BANK2_OM-B_netting__OAT_a_exec-set_holdings: cached
[2091/2869] BANK2_OM-B_netting__SPOT_all_excluded_off: cached
[2092/2869] BANK2_OM-B_buys_first__ref: cached
[2093/2869] BANK2_OM-B_buys_first__T_cross_-both_d_input_-adjust_rsi_ex-level_rsi_sm-wilder_same_b-allowe_warmup-ready_: cached
[2094/2869] BANK2_OM-B_buys_first__T_cross_-both_d_input_-adjust_rsi_ex-level_rsi_sm-wilder_same_b-wait_b_warmup-strict: cached
[2095/2869] BANK2_OM-B_buys_first__T_cross_-both_d_input_-adjust_rsi_ex-level_rsi_sm-wilder_same_b-wait_b_warmup-ready_: cached
[2096/2869] BANK2_OM-B_buys_first__T_cross_-both_d_input_-adjust_rsi_ex-level_rsi_sm-simple_same_b-allowe_warmup-strict: cached
[2097/2869] BANK2_OM-B_buys_first__T_cross_-both_d_input_-adjust_rsi_ex-level_rsi_sm-simple_same_b-allowe_warmup-ready_: cached
[2098/2869] BANK2_OM-B_buys_first__T_cross_-both_d_input_-adjust_rsi_ex-level_rsi_sm-simple_same_b-wait_b_warmup-strict: cached
[2099/2869] BANK2_OM-B_buys_first__T_cross_-both_d_input_-adjust_rsi_ex-level_rsi_sm-simple_same_b-wait_b_warmup-ready_: cached
[2100/2869] BANK2_OM-B_buys_first__T_cross_-both_d_input_-adjust_rsi_ex-cross_rsi_sm-wilder_same_b-allowe_warmup-strict: cached
[2101/2869] BANK2_OM-B_buys_first__T_cross_-both_d_input_-adjust_rsi_ex-cross_rsi_sm-wilder_same_b-allowe_warmup-ready_: cached
[2102/2869] BANK2_OM-B_buys_first__T_cross_-both_d_input_-adjust_rsi_ex-cross_rsi_sm-wilder_same_b-wait_b_warmup-strict: cached
[2103/2869] BANK2_OM-B_buys_first__T_cross_-both_d_input_-adjust_rsi_ex-cross_rsi_sm-wilder_same_b-wait_b_warmup-ready_: cached
[2104/2869] BANK2_OM-B_buys_first__T_cross_-both_d_input_-adjust_rsi_ex-cross_rsi_sm-simple_same_b-allowe_warmup-strict: cached
[2105/2869] BANK2_OM-B_buys_first__T_cross_-both_d_input_-adjust_rsi_ex-cross_rsi_sm-simple_same_b-allowe_warmup-ready_: cached
[2106/2869] BANK2_OM-B_buys_first__T_cross_-both_d_input_-adjust_rsi_ex-cross_rsi_sm-simple_same_b-wait_b_warmup-strict: cached
[2107/2869] BANK2_OM-B_buys_first__T_cross_-both_d_input_-adjust_rsi_ex-cross_rsi_sm-simple_same_b-wait_b_warmup-ready_: cached
[2108/2869] BANK2_OM-B_buys_first__T_cross_-both_d_input_-raw_rsi_ex-level_rsi_sm-wilder_same_b-allowe_warmup-strict: cached
[2109/2869] BANK2_OM-B_buys_first__T_cross_-both_d_input_-raw_rsi_ex-level_rsi_sm-wilder_same_b-allowe_warmup-ready_: cached
[2110/2869] BANK2_OM-B_buys_first__T_cross_-both_d_input_-raw_rsi_ex-level_rsi_sm-wilder_same_b-wait_b_warmup-strict: cached
[2111/2869] BANK2_OM-B_buys_first__T_cross_-both_d_input_-raw_rsi_ex-level_rsi_sm-wilder_same_b-wait_b_warmup-ready_: cached
[2112/2869] BANK2_OM-B_buys_first__T_cross_-both_d_input_-raw_rsi_ex-level_rsi_sm-simple_same_b-allowe_warmup-strict: cached
[2113/2869] BANK2_OM-B_buys_first__T_cross_-both_d_input_-raw_rsi_ex-level_rsi_sm-simple_same_b-allowe_warmup-ready_: cached
[2114/2869] BANK2_OM-B_buys_first__T_cross_-both_d_input_-raw_rsi_ex-level_rsi_sm-simple_same_b-wait_b_warmup-strict: cached
[2115/2869] BANK2_OM-B_buys_first__T_cross_-both_d_input_-raw_rsi_ex-level_rsi_sm-simple_same_b-wait_b_warmup-ready_: cached
[2116/2869] BANK2_OM-B_buys_first__T_cross_-both_d_input_-raw_rsi_ex-cross_rsi_sm-wilder_same_b-allowe_warmup-strict: cached
[2117/2869] BANK2_OM-B_buys_first__T_cross_-both_d_input_-raw_rsi_ex-cross_rsi_sm-wilder_same_b-allowe_warmup-ready_: cached
[2118/2869] BANK2_OM-B_buys_first__T_cross_-both_d_input_-raw_rsi_ex-cross_rsi_sm-wilder_same_b-wait_b_warmup-strict: cached
[2119/2869] BANK2_OM-B_buys_first__T_cross_-both_d_input_-raw_rsi_ex-cross_rsi_sm-wilder_same_b-wait_b_warmup-ready_: cached
[2120/2869] BANK2_OM-B_buys_first__T_cross_-both_d_input_-raw_rsi_ex-cross_rsi_sm-simple_same_b-allowe_warmup-strict: cached
[2121/2869] BANK2_OM-B_buys_first__T_cross_-both_d_input_-raw_rsi_ex-cross_rsi_sm-simple_same_b-allowe_warmup-ready_: cached
[2122/2869] BANK2_OM-B_buys_first__T_cross_-both_d_input_-raw_rsi_ex-cross_rsi_sm-simple_same_b-wait_b_warmup-strict: cached
[2123/2869] BANK2_OM-B_buys_first__T_cross_-both_d_input_-raw_rsi_ex-cross_rsi_sm-simple_same_b-wait_b_warmup-ready_: cached
[2124/2869] BANK2_OM-B_buys_first__T_cross_-today__input_-adjust_rsi_ex-level_rsi_sm-wilder_same_b-allowe_warmup-strict: cached
[2125/2869] BANK2_OM-B_buys_first__T_cross_-today__input_-adjust_rsi_ex-level_rsi_sm-wilder_same_b-allowe_warmup-ready_: cached
[2126/2869] BANK2_OM-B_buys_first__T_cross_-today__input_-adjust_rsi_ex-level_rsi_sm-wilder_same_b-wait_b_warmup-strict: cached
[2127/2869] BANK2_OM-B_buys_first__T_cross_-today__input_-adjust_rsi_ex-level_rsi_sm-wilder_same_b-wait_b_warmup-ready_: cached
[2128/2869] BANK2_OM-B_buys_first__T_cross_-today__input_-adjust_rsi_ex-level_rsi_sm-simple_same_b-allowe_warmup-strict: cached
[2129/2869] BANK2_OM-B_buys_first__T_cross_-today__input_-adjust_rsi_ex-level_rsi_sm-simple_same_b-allowe_warmup-ready_: cached
[2130/2869] BANK2_OM-B_buys_first__T_cross_-today__input_-adjust_rsi_ex-level_rsi_sm-simple_same_b-wait_b_warmup-strict: cached
[2131/2869] BANK2_OM-B_buys_first__T_cross_-today__input_-adjust_rsi_ex-level_rsi_sm-simple_same_b-wait_b_warmup-ready_: cached
[2132/2869] BANK2_OM-B_buys_first__T_cross_-today__input_-adjust_rsi_ex-cross_rsi_sm-wilder_same_b-allowe_warmup-strict: cached
[2133/2869] BANK2_OM-B_buys_first__T_cross_-today__input_-adjust_rsi_ex-cross_rsi_sm-wilder_same_b-allowe_warmup-ready_: cached
[2134/2869] BANK2_OM-B_buys_first__T_cross_-today__input_-adjust_rsi_ex-cross_rsi_sm-wilder_same_b-wait_b_warmup-strict: cached
[2135/2869] BANK2_OM-B_buys_first__T_cross_-today__input_-adjust_rsi_ex-cross_rsi_sm-wilder_same_b-wait_b_warmup-ready_: cached
[2136/2869] BANK2_OM-B_buys_first__T_cross_-today__input_-adjust_rsi_ex-cross_rsi_sm-simple_same_b-allowe_warmup-strict: cached
[2137/2869] BANK2_OM-B_buys_first__T_cross_-today__input_-adjust_rsi_ex-cross_rsi_sm-simple_same_b-allowe_warmup-ready_: cached
[2138/2869] BANK2_OM-B_buys_first__T_cross_-today__input_-adjust_rsi_ex-cross_rsi_sm-simple_same_b-wait_b_warmup-strict: cached
[2139/2869] BANK2_OM-B_buys_first__T_cross_-today__input_-adjust_rsi_ex-cross_rsi_sm-simple_same_b-wait_b_warmup-ready_: cached
[2140/2869] BANK2_OM-B_buys_first__T_cross_-today__input_-raw_rsi_ex-level_rsi_sm-wilder_same_b-allowe_warmup-strict: cached
[2141/2869] BANK2_OM-B_buys_first__T_cross_-today__input_-raw_rsi_ex-level_rsi_sm-wilder_same_b-allowe_warmup-ready_: cached
[2142/2869] BANK2_OM-B_buys_first__T_cross_-today__input_-raw_rsi_ex-level_rsi_sm-wilder_same_b-wait_b_warmup-strict: cached
[2143/2869] BANK2_ER-01_R6__T_cross_-today__input_-adjust_same_b-wait_b_warmup-ready_: ok fills=154 (44.6s)
[2144/2869] BANK2_OM-B_buys_first__T_cross_-today__input_-raw_rsi_ex-level_rsi_sm-simple_same_b-allowe_warmup-strict: cached
[2145/2869] BANK2_OM-B_buys_first__T_cross_-today__input_-raw_rsi_ex-level_rsi_sm-simple_same_b-allowe_warmup-ready_: cached
[2146/2869] BANK2_OM-B_buys_first__T_cross_-today__input_-raw_rsi_ex-level_rsi_sm-simple_same_b-wait_b_warmup-strict: cached
[2147/2869] BANK2_OM-B_buys_first__T_cross_-today__input_-raw_rsi_ex-level_rsi_sm-simple_same_b-wait_b_warmup-ready_: cached
[2148/2869] BANK2_OM-B_buys_first__T_cross_-today__input_-raw_rsi_ex-cross_rsi_sm-wilder_same_b-allowe_warmup-strict: cached
[2149/2869] BANK2_OM-B_buys_first__T_cross_-today__input_-raw_rsi_ex-cross_rsi_sm-wilder_same_b-allowe_warmup-ready_: cached
[2150/2869] BANK2_OM-B_buys_first__T_cross_-today__input_-raw_rsi_ex-cross_rsi_sm-wilder_same_b-wait_b_warmup-strict: cached
[2151/2869] BANK2_OM-B_buys_first__T_cross_-today__input_-raw_rsi_ex-cross_rsi_sm-wilder_same_b-wait_b_warmup-ready_: cached
[2152/2869] BANK2_OM-B_buys_first__T_cross_-today__input_-raw_rsi_ex-cross_rsi_sm-simple_same_b-allowe_warmup-strict: cached
[2153/2869] BANK2_OM-B_buys_first__T_cross_-today__input_-raw_rsi_ex-cross_rsi_sm-simple_same_b-allowe_warmup-ready_: cached
[2154/2869] BANK2_OM-B_buys_first__T_cross_-today__input_-raw_rsi_ex-cross_rsi_sm-simple_same_b-wait_b_warmup-strict: cached
[2155/2869] BANK2_OM-B_buys_first__T_cross_-today__input_-raw_rsi_ex-cross_rsi_sm-simple_same_b-wait_b_warmup-ready_: cached
[2156/2869] BANK2_OM-B_buys_first__OAT_a_exec-set_holdings: cached
[2157/2869] BANK2_OM-B_buys_first__SPOT_all_excluded_off: cached
[2158/2869] BANK2_OM-C_parallel__ref: cached
[2159/2869] BANK2_OM-C_parallel__T_cross_-both_d_input_-adjust_rsi_ex-level_rsi_sm-wilder_same_b-allowe_warmup-ready_: cached
[2160/2869] BANK2_OM-C_parallel__T_cross_-both_d_input_-adjust_rsi_ex-level_rsi_sm-wilder_same_b-wait_b_warmup-strict: cached
[2161/2869] BANK2_OM-C_parallel__T_cross_-both_d_input_-adjust_rsi_ex-level_rsi_sm-wilder_same_b-wait_b_warmup-ready_: cached
[2162/2869] BANK2_OM-C_parallel__T_cross_-both_d_input_-adjust_rsi_ex-level_rsi_sm-simple_same_b-allowe_warmup-strict: cached
[2163/2869] BANK2_OM-C_parallel__T_cross_-both_d_input_-adjust_rsi_ex-level_rsi_sm-simple_same_b-allowe_warmup-ready_: cached
[2164/2869] BANK2_OM-C_parallel__T_cross_-both_d_input_-adjust_rsi_ex-level_rsi_sm-simple_same_b-wait_b_warmup-strict: cached
[2165/2869] BANK2_OM-C_parallel__T_cross_-both_d_input_-adjust_rsi_ex-level_rsi_sm-simple_same_b-wait_b_warmup-ready_: cached
[2166/2869] BANK2_OM-C_parallel__T_cross_-both_d_input_-adjust_rsi_ex-cross_rsi_sm-wilder_same_b-allowe_warmup-strict: cached
[2167/2869] BANK2_OM-C_parallel__T_cross_-both_d_input_-adjust_rsi_ex-cross_rsi_sm-wilder_same_b-allowe_warmup-ready_: cached
[2168/2869] BANK2_OM-C_parallel__T_cross_-both_d_input_-adjust_rsi_ex-cross_rsi_sm-wilder_same_b-wait_b_warmup-strict: cached
[2169/2869] BANK2_OM-C_parallel__T_cross_-both_d_input_-adjust_rsi_ex-cross_rsi_sm-wilder_same_b-wait_b_warmup-ready_: cached
[2170/2869] BANK2_OM-C_parallel__T_cross_-both_d_input_-adjust_rsi_ex-cross_rsi_sm-simple_same_b-allowe_warmup-strict: cached
[2171/2869] BANK2_OM-C_parallel__T_cross_-both_d_input_-adjust_rsi_ex-cross_rsi_sm-simple_same_b-allowe_warmup-ready_: cached
[2172/2869] BANK2_OM-C_parallel__T_cross_-both_d_input_-adjust_rsi_ex-cross_rsi_sm-simple_same_b-wait_b_warmup-strict: cached
[2173/2869] BANK2_OM-C_parallel__T_cross_-both_d_input_-adjust_rsi_ex-cross_rsi_sm-simple_same_b-wait_b_warmup-ready_: cached
[2174/2869] BANK2_OM-C_parallel__T_cross_-both_d_input_-raw_rsi_ex-level_rsi_sm-wilder_same_b-allowe_warmup-strict: cached
[2175/2869] BANK2_OM-C_parallel__T_cross_-both_d_input_-raw_rsi_ex-level_rsi_sm-wilder_same_b-allowe_warmup-ready_: cached
[2176/2869] BANK2_OM-C_parallel__T_cross_-both_d_input_-raw_rsi_ex-level_rsi_sm-wilder_same_b-wait_b_warmup-strict: cached
[2177/2869] BANK2_OM-C_parallel__T_cross_-both_d_input_-raw_rsi_ex-level_rsi_sm-wilder_same_b-wait_b_warmup-ready_: cached
[2178/2869] BANK2_OM-C_parallel__T_cross_-both_d_input_-raw_rsi_ex-level_rsi_sm-simple_same_b-allowe_warmup-strict: cached
[2179/2869] BANK2_OM-C_parallel__T_cross_-both_d_input_-raw_rsi_ex-level_rsi_sm-simple_same_b-allowe_warmup-ready_: cached
[2180/2869] BANK2_OM-C_parallel__T_cross_-both_d_input_-raw_rsi_ex-level_rsi_sm-simple_same_b-wait_b_warmup-strict: cached
[2181/2869] BANK2_OM-C_parallel__T_cross_-both_d_input_-raw_rsi_ex-level_rsi_sm-simple_same_b-wait_b_warmup-ready_: cached
[2182/2869] BANK2_OM-C_parallel__T_cross_-both_d_input_-raw_rsi_ex-cross_rsi_sm-wilder_same_b-allowe_warmup-strict: cached
[2183/2869] BANK2_OM-C_parallel__T_cross_-both_d_input_-raw_rsi_ex-cross_rsi_sm-wilder_same_b-allowe_warmup-ready_: cached
[2184/2869] BANK2_OM-C_parallel__T_cross_-both_d_input_-raw_rsi_ex-cross_rsi_sm-wilder_same_b-wait_b_warmup-strict: cached
[2185/2869] BANK2_OM-C_parallel__T_cross_-both_d_input_-raw_rsi_ex-cross_rsi_sm-wilder_same_b-wait_b_warmup-ready_: cached
[2186/2869] BANK2_OM-C_parallel__T_cross_-both_d_input_-raw_rsi_ex-cross_rsi_sm-simple_same_b-allowe_warmup-strict: cached
[2187/2869] BANK2_OM-C_parallel__T_cross_-both_d_input_-raw_rsi_ex-cross_rsi_sm-simple_same_b-allowe_warmup-ready_: cached
[2188/2869] BANK2_OM-C_parallel__T_cross_-both_d_input_-raw_rsi_ex-cross_rsi_sm-simple_same_b-wait_b_warmup-strict: cached
[2189/2869] BANK2_OM-C_parallel__T_cross_-both_d_input_-raw_rsi_ex-cross_rsi_sm-simple_same_b-wait_b_warmup-ready_: cached
[2190/2869] BANK2_OM-C_parallel__T_cross_-today__input_-adjust_rsi_ex-level_rsi_sm-wilder_same_b-allowe_warmup-strict: cached
[2191/2869] BANK2_OM-C_parallel__T_cross_-today__input_-adjust_rsi_ex-level_rsi_sm-wilder_same_b-allowe_warmup-ready_: cached
[2192/2869] BANK2_OM-C_parallel__T_cross_-today__input_-adjust_rsi_ex-level_rsi_sm-wilder_same_b-wait_b_warmup-strict: cached
[2193/2869] BANK2_OM-C_parallel__T_cross_-today__input_-adjust_rsi_ex-level_rsi_sm-wilder_same_b-wait_b_warmup-ready_: cached
[2194/2869] BANK2_OM-C_parallel__T_cross_-today__input_-adjust_rsi_ex-level_rsi_sm-simple_same_b-allowe_warmup-strict: cached
[2195/2869] BANK2_OM-C_parallel__T_cross_-today__input_-adjust_rsi_ex-level_rsi_sm-simple_same_b-allowe_warmup-ready_: cached
[2196/2869] BANK2_OM-C_parallel__T_cross_-today__input_-adjust_rsi_ex-level_rsi_sm-simple_same_b-wait_b_warmup-strict: cached
[2197/2869] BANK2_OM-C_parallel__T_cross_-today__input_-adjust_rsi_ex-level_rsi_sm-simple_same_b-wait_b_warmup-ready_: cached
[2198/2869] BANK2_OM-C_parallel__T_cross_-today__input_-adjust_rsi_ex-cross_rsi_sm-wilder_same_b-allowe_warmup-strict: cached
[2199/2869] BANK2_OM-C_parallel__T_cross_-today__input_-adjust_rsi_ex-cross_rsi_sm-wilder_same_b-allowe_warmup-ready_: cached
[2200/2869] BANK2_OM-C_parallel__T_cross_-today__input_-adjust_rsi_ex-cross_rsi_sm-wilder_same_b-wait_b_warmup-strict: cached
[2201/2869] BANK2_OM-C_parallel__T_cross_-today__input_-adjust_rsi_ex-cross_rsi_sm-wilder_same_b-wait_b_warmup-ready_: cached
[2202/2869] BANK2_OM-C_parallel__T_cross_-today__input_-adjust_rsi_ex-cross_rsi_sm-simple_same_b-allowe_warmup-strict: cached
[2203/2869] BANK2_OM-C_parallel__T_cross_-today__input_-adjust_rsi_ex-cross_rsi_sm-simple_same_b-allowe_warmup-ready_: cached
[2204/2869] BANK2_OM-C_parallel__T_cross_-today__input_-adjust_rsi_ex-cross_rsi_sm-simple_same_b-wait_b_warmup-strict: cached
[2205/2869] BANK2_OM-C_parallel__T_cross_-today__input_-adjust_rsi_ex-cross_rsi_sm-simple_same_b-wait_b_warmup-ready_: cached
[2206/2869] BANK2_OM-C_parallel__T_cross_-today__input_-raw_rsi_ex-level_rsi_sm-wilder_same_b-allowe_warmup-strict: cached
[2207/2869] BANK2_OM-C_parallel__T_cross_-today__input_-raw_rsi_ex-level_rsi_sm-wilder_same_b-allowe_warmup-ready_: cached
[2208/2869] BANK2_OM-C_parallel__T_cross_-today__input_-raw_rsi_ex-level_rsi_sm-wilder_same_b-wait_b_warmup-strict: cached
[2209/2869] BANK2_OM-C_parallel__T_cross_-today__input_-raw_rsi_ex-level_rsi_sm-wilder_same_b-wait_b_warmup-ready_: cached
[2210/2869] BANK2_OM-C_parallel__T_cross_-today__input_-raw_rsi_ex-level_rsi_sm-simple_same_b-allowe_warmup-strict: cached
[2211/2869] BANK2_OM-C_parallel__T_cross_-today__input_-raw_rsi_ex-level_rsi_sm-simple_same_b-allowe_warmup-ready_: cached
[2212/2869] BANK2_OM-C_parallel__T_cross_-today__input_-raw_rsi_ex-level_rsi_sm-simple_same_b-wait_b_warmup-strict: cached
[2213/2869] BANK2_OM-C_parallel__T_cross_-today__input_-raw_rsi_ex-level_rsi_sm-simple_same_b-wait_b_warmup-ready_: cached
[2214/2869] BANK2_OM-C_parallel__T_cross_-today__input_-raw_rsi_ex-cross_rsi_sm-wilder_same_b-allowe_warmup-strict: cached
[2215/2869] BANK2_OM-C_parallel__T_cross_-today__input_-raw_rsi_ex-cross_rsi_sm-wilder_same_b-allowe_warmup-ready_: cached
[2216/2869] BANK2_OM-C_parallel__T_cross_-today__input_-raw_rsi_ex-cross_rsi_sm-wilder_same_b-wait_b_warmup-strict: cached
[2217/2869] BANK2_OM-C_parallel__T_cross_-today__input_-raw_rsi_ex-cross_rsi_sm-wilder_same_b-wait_b_warmup-ready_: cached
[2218/2869] BANK2_OM-C_parallel__T_cross_-today__input_-raw_rsi_ex-cross_rsi_sm-simple_same_b-allowe_warmup-strict: cached
[2219/2869] BANK2_OM-C_parallel__T_cross_-today__input_-raw_rsi_ex-cross_rsi_sm-simple_same_b-allowe_warmup-ready_: cached
[2220/2869] BANK2_OM-C_parallel__T_cross_-today__input_-raw_rsi_ex-cross_rsi_sm-simple_same_b-wait_b_warmup-strict: cached
[2221/2869] BANK2_OM-C_parallel__T_cross_-today__input_-raw_rsi_ex-cross_rsi_sm-simple_same_b-wait_b_warmup-ready_: cached
[2222/2869] BANK2_OM-C_parallel__OAT_a_exec-set_holdings: cached
[2223/2869] BANK2_OM-C_parallel__SPOT_all_excluded_off: cached
[2224/2869] BANK2_OM-C_race__ref: cached
[2225/2869] BANK2_OM-C_race__T_cross_-both_d_input_-adjust_rsi_ex-level_rsi_sm-wilder_same_b-allowe_warmup-ready_: cached
[2226/2869] BANK2_OM-C_race__T_cross_-both_d_input_-adjust_rsi_ex-level_rsi_sm-wilder_same_b-wait_b_warmup-strict: cached
[2227/2869] BANK2_OM-C_race__T_cross_-both_d_input_-adjust_rsi_ex-level_rsi_sm-wilder_same_b-wait_b_warmup-ready_: cached
[2228/2869] BANK2_OM-C_race__T_cross_-both_d_input_-adjust_rsi_ex-level_rsi_sm-simple_same_b-allowe_warmup-strict: cached
[2229/2869] BANK2_OM-C_race__T_cross_-both_d_input_-adjust_rsi_ex-level_rsi_sm-simple_same_b-allowe_warmup-ready_: cached
[2230/2869] BANK2_OM-C_race__T_cross_-both_d_input_-adjust_rsi_ex-level_rsi_sm-simple_same_b-wait_b_warmup-strict: cached
[2231/2869] BANK2_OM-C_race__T_cross_-both_d_input_-adjust_rsi_ex-level_rsi_sm-simple_same_b-wait_b_warmup-ready_: cached
[2232/2869] BANK2_OM-C_race__T_cross_-both_d_input_-adjust_rsi_ex-cross_rsi_sm-wilder_same_b-allowe_warmup-strict: cached
[2233/2869] BANK2_OM-C_race__T_cross_-both_d_input_-adjust_rsi_ex-cross_rsi_sm-wilder_same_b-allowe_warmup-ready_: cached
[2234/2869] BANK2_OM-C_race__T_cross_-both_d_input_-adjust_rsi_ex-cross_rsi_sm-wilder_same_b-wait_b_warmup-strict: cached
[2235/2869] BANK2_OM-C_race__T_cross_-both_d_input_-adjust_rsi_ex-cross_rsi_sm-wilder_same_b-wait_b_warmup-ready_: cached
[2236/2869] BANK2_OM-C_race__T_cross_-both_d_input_-adjust_rsi_ex-cross_rsi_sm-simple_same_b-allowe_warmup-strict: cached
[2237/2869] BANK2_OM-C_race__T_cross_-both_d_input_-adjust_rsi_ex-cross_rsi_sm-simple_same_b-allowe_warmup-ready_: cached
[2238/2869] BANK2_OM-C_race__T_cross_-both_d_input_-adjust_rsi_ex-cross_rsi_sm-simple_same_b-wait_b_warmup-strict: cached
[2239/2869] BANK2_OM-C_race__T_cross_-both_d_input_-adjust_rsi_ex-cross_rsi_sm-simple_same_b-wait_b_warmup-ready_: cached
[2240/2869] BANK2_OM-C_race__T_cross_-both_d_input_-raw_rsi_ex-level_rsi_sm-wilder_same_b-allowe_warmup-strict: cached
[2241/2869] BANK2_OM-C_race__T_cross_-both_d_input_-raw_rsi_ex-level_rsi_sm-wilder_same_b-allowe_warmup-ready_: cached
[2242/2869] BANK2_OM-C_race__T_cross_-both_d_input_-raw_rsi_ex-level_rsi_sm-wilder_same_b-wait_b_warmup-strict: cached
[2243/2869] BANK2_OM-C_race__T_cross_-both_d_input_-raw_rsi_ex-level_rsi_sm-wilder_same_b-wait_b_warmup-ready_: cached
[2244/2869] BANK2_OM-C_race__T_cross_-both_d_input_-raw_rsi_ex-level_rsi_sm-simple_same_b-allowe_warmup-strict: cached
[2245/2869] BANK2_ER-01_R6__T_cross_-today__input_-raw_same_b-allowe_warmup-ready_: ok fills=148 (40.7s)
[2246/2869] BANK2_OM-C_race__T_cross_-both_d_input_-raw_rsi_ex-level_rsi_sm-simple_same_b-wait_b_warmup-strict: cached
[2247/2869] BANK2_OM-C_race__T_cross_-both_d_input_-raw_rsi_ex-level_rsi_sm-simple_same_b-wait_b_warmup-ready_: cached
[2248/2869] BANK2_OM-C_race__T_cross_-both_d_input_-raw_rsi_ex-cross_rsi_sm-wilder_same_b-allowe_warmup-strict: cached
[2249/2869] BANK2_OM-C_race__T_cross_-both_d_input_-raw_rsi_ex-cross_rsi_sm-wilder_same_b-allowe_warmup-ready_: cached
[2250/2869] BANK2_OM-C_race__T_cross_-both_d_input_-raw_rsi_ex-cross_rsi_sm-wilder_same_b-wait_b_warmup-strict: cached
[2251/2869] BANK2_OM-C_race__T_cross_-both_d_input_-raw_rsi_ex-cross_rsi_sm-wilder_same_b-wait_b_warmup-ready_: cached
[2252/2869] BANK2_OM-C_race__T_cross_-both_d_input_-raw_rsi_ex-cross_rsi_sm-simple_same_b-allowe_warmup-strict: cached
[2253/2869] BANK2_OM-C_race__T_cross_-both_d_input_-raw_rsi_ex-cross_rsi_sm-simple_same_b-allowe_warmup-ready_: cached
[2254/2869] BANK2_OM-C_race__T_cross_-both_d_input_-raw_rsi_ex-cross_rsi_sm-simple_same_b-wait_b_warmup-strict: cached
[2255/2869] BANK2_OM-C_race__T_cross_-both_d_input_-raw_rsi_ex-cross_rsi_sm-simple_same_b-wait_b_warmup-ready_: cached
[2256/2869] BANK2_OM-C_race__T_cross_-today__input_-adjust_rsi_ex-level_rsi_sm-wilder_same_b-allowe_warmup-strict: cached
[2257/2869] BANK2_OM-C_race__T_cross_-today__input_-adjust_rsi_ex-level_rsi_sm-wilder_same_b-allowe_warmup-ready_: cached
[2258/2869] BANK2_OM-C_race__T_cross_-today__input_-adjust_rsi_ex-level_rsi_sm-wilder_same_b-wait_b_warmup-strict: cached
[2259/2869] BANK2_OM-C_race__T_cross_-today__input_-adjust_rsi_ex-level_rsi_sm-wilder_same_b-wait_b_warmup-ready_: cached
[2260/2869] BANK2_OM-C_race__T_cross_-today__input_-adjust_rsi_ex-level_rsi_sm-simple_same_b-allowe_warmup-strict: cached
[2261/2869] BANK2_OM-C_race__T_cross_-today__input_-adjust_rsi_ex-level_rsi_sm-simple_same_b-allowe_warmup-ready_: cached
[2262/2869] BANK2_OM-C_race__T_cross_-today__input_-adjust_rsi_ex-level_rsi_sm-simple_same_b-wait_b_warmup-strict: cached
[2263/2869] BANK2_OM-C_race__T_cross_-today__input_-adjust_rsi_ex-level_rsi_sm-simple_same_b-wait_b_warmup-ready_: cached
[2264/2869] BANK2_OM-C_race__T_cross_-today__input_-adjust_rsi_ex-cross_rsi_sm-wilder_same_b-allowe_warmup-strict: cached
[2265/2869] BANK2_OM-C_race__T_cross_-today__input_-adjust_rsi_ex-cross_rsi_sm-wilder_same_b-allowe_warmup-ready_: cached
[2266/2869] BANK2_OM-C_race__T_cross_-today__input_-adjust_rsi_ex-cross_rsi_sm-wilder_same_b-wait_b_warmup-strict: cached
[2267/2869] BANK2_OM-C_race__T_cross_-today__input_-adjust_rsi_ex-cross_rsi_sm-wilder_same_b-wait_b_warmup-ready_: cached
[2268/2869] BANK2_OM-C_race__T_cross_-today__input_-adjust_rsi_ex-cross_rsi_sm-simple_same_b-allowe_warmup-strict: cached
[2269/2869] BANK2_OM-C_race__T_cross_-today__input_-adjust_rsi_ex-cross_rsi_sm-simple_same_b-allowe_warmup-ready_: cached
[2270/2869] BANK2_OM-C_race__T_cross_-today__input_-adjust_rsi_ex-cross_rsi_sm-simple_same_b-wait_b_warmup-strict: cached
[2271/2869] BANK2_OM-C_race__T_cross_-today__input_-adjust_rsi_ex-cross_rsi_sm-simple_same_b-wait_b_warmup-ready_: cached
[2272/2869] BANK2_OM-C_race__T_cross_-today__input_-raw_rsi_ex-level_rsi_sm-wilder_same_b-allowe_warmup-strict: cached
[2273/2869] BANK2_OM-C_race__T_cross_-today__input_-raw_rsi_ex-level_rsi_sm-wilder_same_b-allowe_warmup-ready_: cached
[2274/2869] BANK2_OM-C_race__T_cross_-today__input_-raw_rsi_ex-level_rsi_sm-wilder_same_b-wait_b_warmup-strict: cached
[2275/2869] BANK2_OM-C_race__T_cross_-today__input_-raw_rsi_ex-level_rsi_sm-wilder_same_b-wait_b_warmup-ready_: cached
[2276/2869] BANK2_OM-C_race__T_cross_-today__input_-raw_rsi_ex-level_rsi_sm-simple_same_b-allowe_warmup-strict: cached
[2277/2869] BANK2_OM-C_race__T_cross_-today__input_-raw_rsi_ex-level_rsi_sm-simple_same_b-allowe_warmup-ready_: cached
[2278/2869] BANK2_OM-C_race__T_cross_-today__input_-raw_rsi_ex-level_rsi_sm-simple_same_b-wait_b_warmup-strict: cached
[2279/2869] BANK2_OM-C_race__T_cross_-today__input_-raw_rsi_ex-level_rsi_sm-simple_same_b-wait_b_warmup-ready_: cached
[2280/2869] BANK2_OM-C_race__T_cross_-today__input_-raw_rsi_ex-cross_rsi_sm-wilder_same_b-allowe_warmup-strict: cached
[2281/2869] BANK2_OM-C_race__T_cross_-today__input_-raw_rsi_ex-cross_rsi_sm-wilder_same_b-allowe_warmup-ready_: cached
[2282/2869] BANK2_OM-C_race__T_cross_-today__input_-raw_rsi_ex-cross_rsi_sm-wilder_same_b-wait_b_warmup-strict: cached
[2283/2869] BANK2_OM-C_race__T_cross_-today__input_-raw_rsi_ex-cross_rsi_sm-wilder_same_b-wait_b_warmup-ready_: cached
[2284/2869] BANK2_OM-C_race__T_cross_-today__input_-raw_rsi_ex-cross_rsi_sm-simple_same_b-allowe_warmup-strict: cached
[2285/2869] BANK2_OM-C_race__T_cross_-today__input_-raw_rsi_ex-cross_rsi_sm-simple_same_b-allowe_warmup-ready_: cached
[2286/2869] BANK2_OM-C_race__T_cross_-today__input_-raw_rsi_ex-cross_rsi_sm-simple_same_b-wait_b_warmup-strict: cached
[2287/2869] BANK2_OM-C_race__T_cross_-today__input_-raw_rsi_ex-cross_rsi_sm-simple_same_b-wait_b_warmup-ready_: cached
[2288/2869] BANK2_OM-C_race__OAT_a_exec-set_holdings: cached
[2289/2869] BANK2_OM-C_race__SPOT_all_excluded_off: cached
[2290/2869] BANK2_OM-C_sequence__ref: cached
[2291/2869] BANK2_OM-C_sequence__T_cross_-both_d_input_-adjust_rsi_ex-level_rsi_sm-wilder_same_b-allowe_warmup-ready_: cached
[2292/2869] BANK2_OM-C_sequence__T_cross_-both_d_input_-adjust_rsi_ex-level_rsi_sm-wilder_same_b-wait_b_warmup-strict: cached
[2293/2869] BANK2_OM-C_sequence__T_cross_-both_d_input_-adjust_rsi_ex-level_rsi_sm-wilder_same_b-wait_b_warmup-ready_: cached
[2294/2869] BANK2_OM-C_sequence__T_cross_-both_d_input_-adjust_rsi_ex-level_rsi_sm-simple_same_b-allowe_warmup-strict: cached
[2295/2869] BANK2_OM-C_sequence__T_cross_-both_d_input_-adjust_rsi_ex-level_rsi_sm-simple_same_b-allowe_warmup-ready_: cached
[2296/2869] BANK2_OM-C_sequence__T_cross_-both_d_input_-adjust_rsi_ex-level_rsi_sm-simple_same_b-wait_b_warmup-strict: cached
[2297/2869] BANK2_OM-C_sequence__T_cross_-both_d_input_-adjust_rsi_ex-level_rsi_sm-simple_same_b-wait_b_warmup-ready_: cached
[2298/2869] BANK2_OM-C_sequence__T_cross_-both_d_input_-adjust_rsi_ex-cross_rsi_sm-wilder_same_b-allowe_warmup-strict: cached
[2299/2869] BANK2_OM-C_sequence__T_cross_-both_d_input_-adjust_rsi_ex-cross_rsi_sm-wilder_same_b-allowe_warmup-ready_: cached
[2300/2869] BANK2_OM-C_sequence__T_cross_-both_d_input_-adjust_rsi_ex-cross_rsi_sm-wilder_same_b-wait_b_warmup-strict: cached
[2301/2869] BANK2_OM-C_sequence__T_cross_-both_d_input_-adjust_rsi_ex-cross_rsi_sm-wilder_same_b-wait_b_warmup-ready_: cached
[2302/2869] BANK2_OM-C_sequence__T_cross_-both_d_input_-adjust_rsi_ex-cross_rsi_sm-simple_same_b-allowe_warmup-strict: cached
[2303/2869] BANK2_OM-C_sequence__T_cross_-both_d_input_-adjust_rsi_ex-cross_rsi_sm-simple_same_b-allowe_warmup-ready_: cached
[2304/2869] BANK2_OM-C_sequence__T_cross_-both_d_input_-adjust_rsi_ex-cross_rsi_sm-simple_same_b-wait_b_warmup-strict: cached
[2305/2869] BANK2_OM-C_sequence__T_cross_-both_d_input_-adjust_rsi_ex-cross_rsi_sm-simple_same_b-wait_b_warmup-ready_: cached
[2306/2869] BANK2_OM-C_sequence__T_cross_-both_d_input_-raw_rsi_ex-level_rsi_sm-wilder_same_b-allowe_warmup-strict: cached
[2307/2869] BANK2_OM-C_sequence__T_cross_-both_d_input_-raw_rsi_ex-level_rsi_sm-wilder_same_b-allowe_warmup-ready_: cached
[2308/2869] BANK2_OM-C_sequence__T_cross_-both_d_input_-raw_rsi_ex-level_rsi_sm-wilder_same_b-wait_b_warmup-strict: cached
[2309/2869] BANK2_OM-C_sequence__T_cross_-both_d_input_-raw_rsi_ex-level_rsi_sm-wilder_same_b-wait_b_warmup-ready_: cached
[2310/2869] BANK2_OM-C_sequence__T_cross_-both_d_input_-raw_rsi_ex-level_rsi_sm-simple_same_b-allowe_warmup-strict: cached
[2311/2869] BANK2_OM-C_sequence__T_cross_-both_d_input_-raw_rsi_ex-level_rsi_sm-simple_same_b-allowe_warmup-ready_: cached
[2312/2869] BANK2_OM-C_sequence__T_cross_-both_d_input_-raw_rsi_ex-level_rsi_sm-simple_same_b-wait_b_warmup-strict: cached
[2313/2869] BANK2_OM-C_sequence__T_cross_-both_d_input_-raw_rsi_ex-level_rsi_sm-simple_same_b-wait_b_warmup-ready_: cached
[2314/2869] BANK2_OM-C_sequence__T_cross_-both_d_input_-raw_rsi_ex-cross_rsi_sm-wilder_same_b-allowe_warmup-strict: cached
[2315/2869] BANK2_OM-C_sequence__T_cross_-both_d_input_-raw_rsi_ex-cross_rsi_sm-wilder_same_b-allowe_warmup-ready_: cached
[2316/2869] BANK2_OM-C_sequence__T_cross_-both_d_input_-raw_rsi_ex-cross_rsi_sm-wilder_same_b-wait_b_warmup-strict: cached
[2317/2869] BANK2_OM-C_sequence__T_cross_-both_d_input_-raw_rsi_ex-cross_rsi_sm-wilder_same_b-wait_b_warmup-ready_: cached
[2318/2869] BANK2_OM-C_sequence__T_cross_-both_d_input_-raw_rsi_ex-cross_rsi_sm-simple_same_b-allowe_warmup-strict: cached
[2319/2869] BANK2_OM-C_sequence__T_cross_-both_d_input_-raw_rsi_ex-cross_rsi_sm-simple_same_b-allowe_warmup-ready_: cached
[2320/2869] BANK2_OM-C_sequence__T_cross_-both_d_input_-raw_rsi_ex-cross_rsi_sm-simple_same_b-wait_b_warmup-strict: cached
[2321/2869] BANK2_OM-C_sequence__T_cross_-both_d_input_-raw_rsi_ex-cross_rsi_sm-simple_same_b-wait_b_warmup-ready_: cached
[2322/2869] BANK2_OM-C_sequence__T_cross_-today__input_-adjust_rsi_ex-level_rsi_sm-wilder_same_b-allowe_warmup-strict: cached
[2323/2869] BANK2_OM-C_sequence__T_cross_-today__input_-adjust_rsi_ex-level_rsi_sm-wilder_same_b-allowe_warmup-ready_: cached
[2324/2869] BANK2_OM-C_sequence__T_cross_-today__input_-adjust_rsi_ex-level_rsi_sm-wilder_same_b-wait_b_warmup-strict: cached
[2325/2869] BANK2_OM-C_sequence__T_cross_-today__input_-adjust_rsi_ex-level_rsi_sm-wilder_same_b-wait_b_warmup-ready_: cached
[2326/2869] BANK2_OM-C_sequence__T_cross_-today__input_-adjust_rsi_ex-level_rsi_sm-simple_same_b-allowe_warmup-strict: cached
[2327/2869] BANK2_OM-C_sequence__T_cross_-today__input_-adjust_rsi_ex-level_rsi_sm-simple_same_b-allowe_warmup-ready_: cached
[2328/2869] BANK2_OM-C_sequence__T_cross_-today__input_-adjust_rsi_ex-level_rsi_sm-simple_same_b-wait_b_warmup-strict: cached
[2329/2869] BANK2_OM-C_sequence__T_cross_-today__input_-adjust_rsi_ex-level_rsi_sm-simple_same_b-wait_b_warmup-ready_: cached
[2330/2869] BANK2_OM-C_sequence__T_cross_-today__input_-adjust_rsi_ex-cross_rsi_sm-wilder_same_b-allowe_warmup-strict: cached
[2331/2869] BANK2_OM-C_sequence__T_cross_-today__input_-adjust_rsi_ex-cross_rsi_sm-wilder_same_b-allowe_warmup-ready_: cached
[2332/2869] BANK2_OM-C_sequence__T_cross_-today__input_-adjust_rsi_ex-cross_rsi_sm-wilder_same_b-wait_b_warmup-strict: cached
[2333/2869] BANK2_OM-C_sequence__T_cross_-today__input_-adjust_rsi_ex-cross_rsi_sm-wilder_same_b-wait_b_warmup-ready_: cached
[2334/2869] BANK2_OM-C_sequence__T_cross_-today__input_-adjust_rsi_ex-cross_rsi_sm-simple_same_b-allowe_warmup-strict: cached
[2335/2869] BANK2_OM-C_sequence__T_cross_-today__input_-adjust_rsi_ex-cross_rsi_sm-simple_same_b-allowe_warmup-ready_: cached
[2336/2869] BANK2_OM-C_sequence__T_cross_-today__input_-adjust_rsi_ex-cross_rsi_sm-simple_same_b-wait_b_warmup-strict: cached
[2337/2869] BANK2_OM-C_sequence__T_cross_-today__input_-adjust_rsi_ex-cross_rsi_sm-simple_same_b-wait_b_warmup-ready_: cached
[2338/2869] BANK2_OM-C_sequence__T_cross_-today__input_-raw_rsi_ex-level_rsi_sm-wilder_same_b-allowe_warmup-strict: cached
[2339/2869] BANK2_OM-C_sequence__T_cross_-today__input_-raw_rsi_ex-level_rsi_sm-wilder_same_b-allowe_warmup-ready_: cached
[2340/2869] BANK2_OM-C_sequence__T_cross_-today__input_-raw_rsi_ex-level_rsi_sm-wilder_same_b-wait_b_warmup-strict: cached
[2341/2869] BANK2_OM-C_sequence__T_cross_-today__input_-raw_rsi_ex-level_rsi_sm-wilder_same_b-wait_b_warmup-ready_: cached
[2342/2869] BANK2_OM-C_sequence__T_cross_-today__input_-raw_rsi_ex-level_rsi_sm-simple_same_b-allowe_warmup-strict: cached
[2343/2869] BANK2_OM-C_sequence__T_cross_-today__input_-raw_rsi_ex-level_rsi_sm-simple_same_b-allowe_warmup-ready_: cached
[2344/2869] BANK2_OM-C_sequence__T_cross_-today__input_-raw_rsi_ex-level_rsi_sm-simple_same_b-wait_b_warmup-strict: cached
[2345/2869] BANK2_OM-C_sequence__T_cross_-today__input_-raw_rsi_ex-level_rsi_sm-simple_same_b-wait_b_warmup-ready_: cached
[2346/2869] BANK2_OM-C_sequence__T_cross_-today__input_-raw_rsi_ex-cross_rsi_sm-wilder_same_b-allowe_warmup-strict: cached
[2347/2869] BANK2_OM-C_sequence__T_cross_-today__input_-raw_rsi_ex-cross_rsi_sm-wilder_same_b-allowe_warmup-ready_: cached
[2348/2869] BANK2_OM-C_sequence__T_cross_-today__input_-raw_rsi_ex-cross_rsi_sm-wilder_same_b-wait_b_warmup-strict: cached
[2349/2869] BANK2_OM-C_sequence__T_cross_-today__input_-raw_rsi_ex-cross_rsi_sm-wilder_same_b-wait_b_warmup-ready_: cached
[2350/2869] BANK2_OM-C_sequence__T_cross_-today__input_-raw_rsi_ex-cross_rsi_sm-simple_same_b-allowe_warmup-strict: cached
[2351/2869] BANK2_OM-C_sequence__T_cross_-today__input_-raw_rsi_ex-cross_rsi_sm-simple_same_b-allowe_warmup-ready_: cached
[2352/2869] BANK2_OM-C_sequence__T_cross_-today__input_-raw_rsi_ex-cross_rsi_sm-simple_same_b-wait_b_warmup-strict: cached
[2353/2869] BANK2_OM-C_sequence__T_cross_-today__input_-raw_rsi_ex-cross_rsi_sm-simple_same_b-wait_b_warmup-ready_: cached
[2354/2869] BANK2_OM-C_sequence__OAT_a_exec-set_holdings: cached
[2355/2869] BANK2_OM-C_sequence__SPOT_all_excluded_off: cached
[2356/2869] BANK2_OM-C_shared_state__ref: cached
[2357/2869] BANK2_OM-C_shared_state__T_cross_-both_d_input_-adjust_rsi_ex-level_rsi_sm-wilder_same_b-allowe_warmup-ready_: cached
[2358/2869] BANK2_OM-C_shared_state__T_cross_-both_d_input_-adjust_rsi_ex-level_rsi_sm-wilder_same_b-wait_b_warmup-strict: cached
[2359/2869] BANK2_OM-C_shared_state__T_cross_-both_d_input_-adjust_rsi_ex-level_rsi_sm-wilder_same_b-wait_b_warmup-ready_: cached
[2360/2869] BANK2_OM-C_shared_state__T_cross_-both_d_input_-adjust_rsi_ex-level_rsi_sm-simple_same_b-allowe_warmup-strict: cached
[2361/2869] BANK2_OM-C_shared_state__T_cross_-both_d_input_-adjust_rsi_ex-level_rsi_sm-simple_same_b-allowe_warmup-ready_: cached
[2362/2869] BANK2_OM-C_shared_state__T_cross_-both_d_input_-adjust_rsi_ex-level_rsi_sm-simple_same_b-wait_b_warmup-strict: cached
[2363/2869] BANK2_OM-C_shared_state__T_cross_-both_d_input_-adjust_rsi_ex-level_rsi_sm-simple_same_b-wait_b_warmup-ready_: cached
[2364/2869] BANK2_OM-C_shared_state__T_cross_-both_d_input_-adjust_rsi_ex-cross_rsi_sm-wilder_same_b-allowe_warmup-strict: cached
[2365/2869] BANK2_OM-C_shared_state__T_cross_-both_d_input_-adjust_rsi_ex-cross_rsi_sm-wilder_same_b-allowe_warmup-ready_: cached
[2366/2869] BANK2_OM-C_shared_state__T_cross_-both_d_input_-adjust_rsi_ex-cross_rsi_sm-wilder_same_b-wait_b_warmup-strict: cached
[2367/2869] BANK2_OM-C_shared_state__T_cross_-both_d_input_-adjust_rsi_ex-cross_rsi_sm-wilder_same_b-wait_b_warmup-ready_: cached
[2368/2869] BANK2_OM-C_shared_state__T_cross_-both_d_input_-adjust_rsi_ex-cross_rsi_sm-simple_same_b-allowe_warmup-strict: cached
[2369/2869] BANK2_OM-C_shared_state__T_cross_-both_d_input_-adjust_rsi_ex-cross_rsi_sm-simple_same_b-allowe_warmup-ready_: cached
[2370/2869] BANK2_OM-C_shared_state__T_cross_-both_d_input_-adjust_rsi_ex-cross_rsi_sm-simple_same_b-wait_b_warmup-strict: cached
[2371/2869] BANK2_ER-01_R6__T_cross_-both_d_input_-raw_same_b-wait_b_warmup-ready_: ok fills=146 (42.2s)
[2372/2869] BANK2_OM-C_shared_state__T_cross_-both_d_input_-raw_rsi_ex-level_rsi_sm-wilder_same_b-allowe_warmup-strict: cached
[2373/2869] BANK2_OM-C_shared_state__T_cross_-both_d_input_-raw_rsi_ex-level_rsi_sm-wilder_same_b-allowe_warmup-ready_: cached
[2374/2869] BANK2_OM-C_shared_state__T_cross_-both_d_input_-raw_rsi_ex-level_rsi_sm-wilder_same_b-wait_b_warmup-strict: cached
[2375/2869] BANK2_OM-C_shared_state__T_cross_-both_d_input_-raw_rsi_ex-level_rsi_sm-wilder_same_b-wait_b_warmup-ready_: cached
[2376/2869] BANK2_OM-C_shared_state__T_cross_-both_d_input_-raw_rsi_ex-level_rsi_sm-simple_same_b-allowe_warmup-strict: cached
[2377/2869] BANK2_OM-C_shared_state__T_cross_-both_d_input_-raw_rsi_ex-level_rsi_sm-simple_same_b-allowe_warmup-ready_: cached
[2378/2869] BANK2_OM-C_shared_state__T_cross_-both_d_input_-raw_rsi_ex-level_rsi_sm-simple_same_b-wait_b_warmup-strict: cached
[2379/2869] BANK2_OM-C_shared_state__T_cross_-both_d_input_-raw_rsi_ex-level_rsi_sm-simple_same_b-wait_b_warmup-ready_: cached
[2380/2869] BANK2_OM-C_shared_state__T_cross_-both_d_input_-raw_rsi_ex-cross_rsi_sm-wilder_same_b-allowe_warmup-strict: cached
[2381/2869] BANK2_OM-C_shared_state__T_cross_-both_d_input_-raw_rsi_ex-cross_rsi_sm-wilder_same_b-allowe_warmup-ready_: cached
[2382/2869] BANK2_OM-C_shared_state__T_cross_-both_d_input_-raw_rsi_ex-cross_rsi_sm-wilder_same_b-wait_b_warmup-strict: cached
[2383/2869] BANK2_OM-C_shared_state__T_cross_-both_d_input_-raw_rsi_ex-cross_rsi_sm-wilder_same_b-wait_b_warmup-ready_: cached
[2384/2869] BANK2_OM-C_shared_state__T_cross_-both_d_input_-raw_rsi_ex-cross_rsi_sm-simple_same_b-allowe_warmup-strict: cached
[2385/2869] BANK2_OM-C_shared_state__T_cross_-both_d_input_-raw_rsi_ex-cross_rsi_sm-simple_same_b-allowe_warmup-ready_: cached
[2386/2869] BANK2_OM-C_shared_state__T_cross_-both_d_input_-raw_rsi_ex-cross_rsi_sm-simple_same_b-wait_b_warmup-strict: cached
[2387/2869] BANK2_OM-C_shared_state__T_cross_-both_d_input_-raw_rsi_ex-cross_rsi_sm-simple_same_b-wait_b_warmup-ready_: cached
[2388/2869] BANK2_OM-C_shared_state__T_cross_-today__input_-adjust_rsi_ex-level_rsi_sm-wilder_same_b-allowe_warmup-strict: cached
[2389/2869] BANK2_OM-C_shared_state__T_cross_-today__input_-adjust_rsi_ex-level_rsi_sm-wilder_same_b-allowe_warmup-ready_: cached
[2390/2869] BANK2_OM-C_shared_state__T_cross_-today__input_-adjust_rsi_ex-level_rsi_sm-wilder_same_b-wait_b_warmup-strict: cached
[2391/2869] BANK2_OM-C_shared_state__T_cross_-today__input_-adjust_rsi_ex-level_rsi_sm-wilder_same_b-wait_b_warmup-ready_: cached
[2392/2869] BANK2_OM-C_shared_state__T_cross_-today__input_-adjust_rsi_ex-level_rsi_sm-simple_same_b-allowe_warmup-strict: cached
[2393/2869] BANK2_OM-C_shared_state__T_cross_-today__input_-adjust_rsi_ex-level_rsi_sm-simple_same_b-allowe_warmup-ready_: cached
[2394/2869] BANK2_OM-C_shared_state__T_cross_-today__input_-adjust_rsi_ex-level_rsi_sm-simple_same_b-wait_b_warmup-strict: cached
[2395/2869] BANK2_OM-C_shared_state__T_cross_-today__input_-adjust_rsi_ex-level_rsi_sm-simple_same_b-wait_b_warmup-ready_: cached
[2396/2869] BANK2_OM-C_shared_state__T_cross_-today__input_-adjust_rsi_ex-cross_rsi_sm-wilder_same_b-allowe_warmup-strict: cached
[2397/2869] BANK2_OM-C_shared_state__T_cross_-today__input_-adjust_rsi_ex-cross_rsi_sm-wilder_same_b-allowe_warmup-ready_: cached
[2398/2869] BANK2_OM-C_shared_state__T_cross_-today__input_-adjust_rsi_ex-cross_rsi_sm-wilder_same_b-wait_b_warmup-strict: cached
[2399/2869] BANK2_OM-C_shared_state__T_cross_-today__input_-adjust_rsi_ex-cross_rsi_sm-wilder_same_b-wait_b_warmup-ready_: cached
[2400/2869] BANK2_OM-C_shared_state__T_cross_-today__input_-adjust_rsi_ex-cross_rsi_sm-simple_same_b-allowe_warmup-strict: cached
[2401/2869] BANK2_OM-C_shared_state__T_cross_-today__input_-adjust_rsi_ex-cross_rsi_sm-simple_same_b-allowe_warmup-ready_: cached
[2402/2869] BANK2_ER-01_R6__T_cross_-today__input_-raw_same_b-wait_b_warmup-ready_: ok fills=146 (41.6s)
[2403/2869] BANK2_OM-C_shared_state__T_cross_-today__input_-adjust_rsi_ex-cross_rsi_sm-simple_same_b-wait_b_warmup-ready_: cached
[2404/2869] BANK2_OM-C_shared_state__T_cross_-today__input_-raw_rsi_ex-level_rsi_sm-wilder_same_b-allowe_warmup-strict: cached
[2405/2869] BANK2_OM-C_shared_state__T_cross_-today__input_-raw_rsi_ex-level_rsi_sm-wilder_same_b-allowe_warmup-ready_: cached
[2406/2869] BANK2_OM-C_shared_state__T_cross_-today__input_-raw_rsi_ex-level_rsi_sm-wilder_same_b-wait_b_warmup-strict: cached
[2407/2869] BANK2_OM-C_shared_state__T_cross_-today__input_-raw_rsi_ex-level_rsi_sm-wilder_same_b-wait_b_warmup-ready_: cached
[2408/2869] BANK2_OM-C_shared_state__T_cross_-today__input_-raw_rsi_ex-level_rsi_sm-simple_same_b-allowe_warmup-strict: cached
[2409/2869] BANK2_OM-C_shared_state__T_cross_-today__input_-raw_rsi_ex-level_rsi_sm-simple_same_b-allowe_warmup-ready_: cached
[2410/2869] BANK2_OM-C_shared_state__T_cross_-today__input_-raw_rsi_ex-level_rsi_sm-simple_same_b-wait_b_warmup-strict: cached
[2411/2869] BANK2_OM-C_shared_state__T_cross_-today__input_-raw_rsi_ex-level_rsi_sm-simple_same_b-wait_b_warmup-ready_: cached
[2412/2869] BANK2_OM-C_shared_state__T_cross_-today__input_-raw_rsi_ex-cross_rsi_sm-wilder_same_b-allowe_warmup-strict: cached
[2413/2869] BANK2_OM-C_shared_state__T_cross_-today__input_-raw_rsi_ex-cross_rsi_sm-wilder_same_b-allowe_warmup-ready_: cached
[2414/2869] BANK2_OM-C_shared_state__T_cross_-today__input_-raw_rsi_ex-cross_rsi_sm-wilder_same_b-wait_b_warmup-strict: cached
[2415/2869] BANK2_OM-C_shared_state__T_cross_-today__input_-raw_rsi_ex-cross_rsi_sm-wilder_same_b-wait_b_warmup-ready_: cached
[2416/2869] BANK2_OM-C_shared_state__T_cross_-today__input_-raw_rsi_ex-cross_rsi_sm-simple_same_b-allowe_warmup-strict: cached
[2417/2869] BANK2_OM-C_shared_state__T_cross_-today__input_-raw_rsi_ex-cross_rsi_sm-simple_same_b-allowe_warmup-ready_: cached
[2418/2869] BANK2_OM-C_shared_state__T_cross_-today__input_-raw_rsi_ex-cross_rsi_sm-simple_same_b-wait_b_warmup-strict: cached
[2419/2869] BANK2_OM-C_shared_state__T_cross_-today__input_-raw_rsi_ex-cross_rsi_sm-simple_same_b-wait_b_warmup-ready_: cached
[2420/2869] BANK2_OM-C_shared_state__OAT_a_exec-set_holdings: cached
[2421/2869] BANK2_OM-C_shared_state__SPOT_all_excluded_off: cached
[2422/2869] BANK2_PX-01_c5000__ref: cached
[2423/2869] BANK2_PX-01_c5000__T_input_-raw_rsi_ex-level_rsi_sm-wilder_same_b-allowe_warmup-strict: cached
[2424/2869] BANK2_PX-01_c5000__T_input_-adjust_rsi_ex-level_rsi_sm-wilder_same_b-wait_b_warmup-strict: cached
[2425/2869] BANK2_PX-01_c5000__T_input_-raw_rsi_ex-level_rsi_sm-wilder_same_b-wait_b_warmup-strict: cached
[2426/2869] BANK2_PX-01_c5000__T_input_-adjust_rsi_ex-level_rsi_sm-wilder_same_b-allowe_warmup-ready_: cached
[2427/2869] BANK2_PX-01_c5000__T_input_-raw_rsi_ex-level_rsi_sm-wilder_same_b-allowe_warmup-ready_: cached
[2428/2869] BANK2_PX-01_c5000__T_input_-adjust_rsi_ex-level_rsi_sm-wilder_same_b-wait_b_warmup-ready_: cached
[2429/2869] BANK2_PX-01_c5000__T_input_-raw_rsi_ex-level_rsi_sm-wilder_same_b-wait_b_warmup-ready_: cached
[2430/2869] BANK2_PX-01_c5000__T_input_-adjust_rsi_ex-cross_rsi_sm-wilder_same_b-allowe_warmup-strict: cached
[2431/2869] BANK2_PX-01_c5000__T_input_-raw_rsi_ex-cross_rsi_sm-wilder_same_b-allowe_warmup-strict: cached
[2432/2869] BANK2_PX-01_c5000__T_input_-adjust_rsi_ex-cross_rsi_sm-wilder_same_b-wait_b_warmup-strict: cached
[2433/2869] BANK2_PX-01_c5000__T_input_-raw_rsi_ex-cross_rsi_sm-wilder_same_b-wait_b_warmup-strict: cached
[2434/2869] BANK2_PX-01_c5000__T_input_-adjust_rsi_ex-cross_rsi_sm-wilder_same_b-allowe_warmup-ready_: cached
[2435/2869] BANK2_PX-01_c5000__T_input_-raw_rsi_ex-cross_rsi_sm-wilder_same_b-allowe_warmup-ready_: cached
[2436/2869] BANK2_PX-01_c5000__T_input_-adjust_rsi_ex-cross_rsi_sm-wilder_same_b-wait_b_warmup-ready_: cached
[2437/2869] BANK2_PX-01_c5000__T_input_-raw_rsi_ex-cross_rsi_sm-wilder_same_b-wait_b_warmup-ready_: cached
[2438/2869] BANK2_PX-01_c5000__T_input_-adjust_rsi_ex-level_rsi_sm-simple_same_b-allowe_warmup-strict: cached
[2439/2869] BANK2_PX-01_c5000__T_input_-raw_rsi_ex-level_rsi_sm-simple_same_b-allowe_warmup-strict: cached
[2440/2869] BANK2_PX-01_c5000__T_input_-adjust_rsi_ex-level_rsi_sm-simple_same_b-wait_b_warmup-strict: cached
[2441/2869] BANK2_PX-01_c5000__T_input_-raw_rsi_ex-level_rsi_sm-simple_same_b-wait_b_warmup-strict: cached
[2442/2869] BANK2_PX-01_c5000__T_input_-adjust_rsi_ex-level_rsi_sm-simple_same_b-allowe_warmup-ready_: cached
[2443/2869] BANK2_PX-01_c5000__T_input_-raw_rsi_ex-level_rsi_sm-simple_same_b-allowe_warmup-ready_: cached
[2444/2869] BANK2_PX-01_c5000__T_input_-adjust_rsi_ex-level_rsi_sm-simple_same_b-wait_b_warmup-ready_: cached
[2445/2869] BANK2_PX-01_c5000__T_input_-raw_rsi_ex-level_rsi_sm-simple_same_b-wait_b_warmup-ready_: cached
[2446/2869] BANK2_PX-01_c5000__T_input_-adjust_rsi_ex-cross_rsi_sm-simple_same_b-allowe_warmup-strict: cached
[2447/2869] BANK2_PX-01_c5000__T_input_-raw_rsi_ex-cross_rsi_sm-simple_same_b-allowe_warmup-strict: cached
[2448/2869] BANK2_PX-01_c5000__T_input_-adjust_rsi_ex-cross_rsi_sm-simple_same_b-wait_b_warmup-strict: cached
[2449/2869] BANK2_PX-01_c5000__T_input_-raw_rsi_ex-cross_rsi_sm-simple_same_b-wait_b_warmup-strict: cached
[2450/2869] BANK2_PX-01_c5000__T_input_-adjust_rsi_ex-cross_rsi_sm-simple_same_b-allowe_warmup-ready_: cached
[2451/2869] BANK2_PX-01_c5000__T_input_-raw_rsi_ex-cross_rsi_sm-simple_same_b-allowe_warmup-ready_: cached
[2452/2869] BANK2_PX-01_c5000__T_input_-adjust_rsi_ex-cross_rsi_sm-simple_same_b-wait_b_warmup-ready_: cached
[2453/2869] BANK2_PX-01_c5000__T_input_-raw_rsi_ex-cross_rsi_sm-simple_same_b-wait_b_warmup-ready_: cached
[2454/2869] BANK2_PX-01_c5000__OAT_a_exec-set_holdings: cached
[2455/2869] BANK2_PX-01_c5000__OAT_cross_timing-today_ma: cached
[2456/2869] BANK2_PX-01_c5000__SPOT_all_excluded_off: cached
[2457/2869] BANK2_PX-01_c10000__ref: cached
[2458/2869] BANK2_PX-01_c10000__T_input_-raw_rsi_ex-level_rsi_sm-wilder_same_b-allowe_warmup-strict: cached
[2459/2869] BANK2_PX-01_c10000__T_input_-adjust_rsi_ex-level_rsi_sm-wilder_same_b-wait_b_warmup-strict: cached
[2460/2869] BANK2_PX-01_c10000__T_input_-raw_rsi_ex-level_rsi_sm-wilder_same_b-wait_b_warmup-strict: cached
[2461/2869] BANK2_PX-01_c10000__T_input_-adjust_rsi_ex-level_rsi_sm-wilder_same_b-allowe_warmup-ready_: cached
[2462/2869] BANK2_PX-01_c10000__T_input_-raw_rsi_ex-level_rsi_sm-wilder_same_b-allowe_warmup-ready_: cached
[2463/2869] BANK2_PX-01_c10000__T_input_-adjust_rsi_ex-level_rsi_sm-wilder_same_b-wait_b_warmup-ready_: cached
[2464/2869] BANK2_PX-01_c10000__T_input_-raw_rsi_ex-level_rsi_sm-wilder_same_b-wait_b_warmup-ready_: cached
[2465/2869] BANK2_PX-01_c10000__T_input_-adjust_rsi_ex-cross_rsi_sm-wilder_same_b-allowe_warmup-strict: cached
[2466/2869] BANK2_PX-01_c10000__T_input_-raw_rsi_ex-cross_rsi_sm-wilder_same_b-allowe_warmup-strict: cached
[2467/2869] BANK2_PX-01_c10000__T_input_-adjust_rsi_ex-cross_rsi_sm-wilder_same_b-wait_b_warmup-strict: cached
[2468/2869] BANK2_PX-01_c10000__T_input_-raw_rsi_ex-cross_rsi_sm-wilder_same_b-wait_b_warmup-strict: cached
[2469/2869] BANK2_PX-01_c10000__T_input_-adjust_rsi_ex-cross_rsi_sm-wilder_same_b-allowe_warmup-ready_: cached
[2470/2869] BANK2_PX-01_c10000__T_input_-raw_rsi_ex-cross_rsi_sm-wilder_same_b-allowe_warmup-ready_: cached
[2471/2869] BANK2_PX-01_c10000__T_input_-adjust_rsi_ex-cross_rsi_sm-wilder_same_b-wait_b_warmup-ready_: cached
[2472/2869] BANK2_PX-01_c10000__T_input_-raw_rsi_ex-cross_rsi_sm-wilder_same_b-wait_b_warmup-ready_: cached
[2473/2869] BANK2_PX-01_c10000__T_input_-adjust_rsi_ex-level_rsi_sm-simple_same_b-allowe_warmup-strict: cached
[2474/2869] BANK2_PX-01_c10000__T_input_-raw_rsi_ex-level_rsi_sm-simple_same_b-allowe_warmup-strict: cached
[2475/2869] BANK2_PX-01_c10000__T_input_-adjust_rsi_ex-level_rsi_sm-simple_same_b-wait_b_warmup-strict: cached
[2476/2869] BANK2_PX-01_c10000__T_input_-raw_rsi_ex-level_rsi_sm-simple_same_b-wait_b_warmup-strict: cached
[2477/2869] BANK2_PX-01_c10000__T_input_-adjust_rsi_ex-level_rsi_sm-simple_same_b-allowe_warmup-ready_: cached
[2478/2869] BANK2_PX-01_c10000__T_input_-raw_rsi_ex-level_rsi_sm-simple_same_b-allowe_warmup-ready_: cached
[2479/2869] BANK2_PX-01_c10000__T_input_-adjust_rsi_ex-level_rsi_sm-simple_same_b-wait_b_warmup-ready_: cached
[2480/2869] BANK2_PX-01_c10000__T_input_-raw_rsi_ex-level_rsi_sm-simple_same_b-wait_b_warmup-ready_: cached
[2481/2869] BANK2_PX-01_c10000__T_input_-adjust_rsi_ex-cross_rsi_sm-simple_same_b-allowe_warmup-strict: cached
[2482/2869] BANK2_PX-01_c10000__T_input_-raw_rsi_ex-cross_rsi_sm-simple_same_b-allowe_warmup-strict: cached
[2483/2869] BANK2_PX-01_c10000__T_input_-adjust_rsi_ex-cross_rsi_sm-simple_same_b-wait_b_warmup-strict: cached
[2484/2869] BANK2_PX-01_c10000__T_input_-raw_rsi_ex-cross_rsi_sm-simple_same_b-wait_b_warmup-strict: cached
[2485/2869] BANK2_PX-01_c10000__T_input_-adjust_rsi_ex-cross_rsi_sm-simple_same_b-allowe_warmup-ready_: cached
[2486/2869] BANK2_PX-01_c10000__T_input_-raw_rsi_ex-cross_rsi_sm-simple_same_b-allowe_warmup-ready_: cached
[2487/2869] BANK2_PX-01_c10000__T_input_-adjust_rsi_ex-cross_rsi_sm-simple_same_b-wait_b_warmup-ready_: cached
[2488/2869] BANK2_PX-01_c10000__T_input_-raw_rsi_ex-cross_rsi_sm-simple_same_b-wait_b_warmup-ready_: cached
[2489/2869] BANK2_PX-01_c10000__OAT_a_exec-set_holdings: cached
[2490/2869] BANK2_PX-01_c10000__OAT_cross_timing-today_ma: cached
[2491/2869] BANK2_PX-01_c10000__SPOT_all_excluded_off: cached
[2492/2869] BANK2_PX-01_c20000__ref: cached
[2493/2869] BANK2_PX-01_c20000__T_input_-raw_rsi_ex-level_rsi_sm-wilder_same_b-allowe_warmup-strict: cached
[2494/2869] BANK2_PX-01_c20000__T_input_-adjust_rsi_ex-level_rsi_sm-wilder_same_b-wait_b_warmup-strict: cached
[2495/2869] BANK2_PX-01_c20000__T_input_-raw_rsi_ex-level_rsi_sm-wilder_same_b-wait_b_warmup-strict: cached
[2496/2869] BANK2_PX-01_c20000__T_input_-adjust_rsi_ex-level_rsi_sm-wilder_same_b-allowe_warmup-ready_: cached
[2497/2869] BANK2_PX-01_c20000__T_input_-raw_rsi_ex-level_rsi_sm-wilder_same_b-allowe_warmup-ready_: cached
[2498/2869] BANK2_PX-01_c20000__T_input_-adjust_rsi_ex-level_rsi_sm-wilder_same_b-wait_b_warmup-ready_: cached
[2499/2869] BANK2_PX-01_c20000__T_input_-raw_rsi_ex-level_rsi_sm-wilder_same_b-wait_b_warmup-ready_: cached
[2500/2869] BANK2_PX-01_c20000__T_input_-adjust_rsi_ex-cross_rsi_sm-wilder_same_b-allowe_warmup-strict: cached
[2501/2869] BANK2_PX-01_c20000__T_input_-raw_rsi_ex-cross_rsi_sm-wilder_same_b-allowe_warmup-strict: cached
[2502/2869] BANK2_PX-01_c20000__T_input_-adjust_rsi_ex-cross_rsi_sm-wilder_same_b-wait_b_warmup-strict: cached
[2503/2869] BANK2_PX-01_c20000__T_input_-raw_rsi_ex-cross_rsi_sm-wilder_same_b-wait_b_warmup-strict: cached
[2504/2869] BANK2_PX-01_c20000__T_input_-adjust_rsi_ex-cross_rsi_sm-wilder_same_b-allowe_warmup-ready_: cached
[2505/2869] BANK2_PX-01_c20000__T_input_-raw_rsi_ex-cross_rsi_sm-wilder_same_b-allowe_warmup-ready_: cached
[2506/2869] BANK2_PX-01_c20000__T_input_-adjust_rsi_ex-cross_rsi_sm-wilder_same_b-wait_b_warmup-ready_: cached
[2507/2869] BANK2_PX-01_c20000__T_input_-raw_rsi_ex-cross_rsi_sm-wilder_same_b-wait_b_warmup-ready_: cached
[2508/2869] BANK2_PX-01_c20000__T_input_-adjust_rsi_ex-level_rsi_sm-simple_same_b-allowe_warmup-strict: cached
[2509/2869] BANK2_PX-01_c20000__T_input_-raw_rsi_ex-level_rsi_sm-simple_same_b-allowe_warmup-strict: cached
[2510/2869] BANK2_PX-01_c20000__T_input_-adjust_rsi_ex-level_rsi_sm-simple_same_b-wait_b_warmup-strict: cached
[2511/2869] BANK2_PX-01_c20000__T_input_-raw_rsi_ex-level_rsi_sm-simple_same_b-wait_b_warmup-strict: cached
[2512/2869] BANK2_PX-01_c20000__T_input_-adjust_rsi_ex-level_rsi_sm-simple_same_b-allowe_warmup-ready_: cached
[2513/2869] BANK2_PX-01_c20000__T_input_-raw_rsi_ex-level_rsi_sm-simple_same_b-allowe_warmup-ready_: cached
[2514/2869] BANK2_PX-01_c20000__T_input_-adjust_rsi_ex-level_rsi_sm-simple_same_b-wait_b_warmup-ready_: cached
[2515/2869] BANK2_PX-01_c20000__T_input_-raw_rsi_ex-level_rsi_sm-simple_same_b-wait_b_warmup-ready_: cached
[2516/2869] BANK2_PX-01_c20000__T_input_-adjust_rsi_ex-cross_rsi_sm-simple_same_b-allowe_warmup-strict: cached
[2517/2869] BANK2_PX-01_c20000__T_input_-raw_rsi_ex-cross_rsi_sm-simple_same_b-allowe_warmup-strict: cached
[2518/2869] BANK2_PX-01_c20000__T_input_-adjust_rsi_ex-cross_rsi_sm-simple_same_b-wait_b_warmup-strict: cached
[2519/2869] BANK2_PX-01_c20000__T_input_-raw_rsi_ex-cross_rsi_sm-simple_same_b-wait_b_warmup-strict: cached
[2520/2869] BANK2_PX-01_c20000__T_input_-adjust_rsi_ex-cross_rsi_sm-simple_same_b-allowe_warmup-ready_: cached
[2521/2869] BANK2_PX-01_c20000__T_input_-raw_rsi_ex-cross_rsi_sm-simple_same_b-allowe_warmup-ready_: cached
[2522/2869] BANK2_PX-01_c20000__T_input_-adjust_rsi_ex-cross_rsi_sm-simple_same_b-wait_b_warmup-ready_: cached
[2523/2869] BANK2_PX-01_c20000__T_input_-raw_rsi_ex-cross_rsi_sm-simple_same_b-wait_b_warmup-ready_: cached
[2524/2869] BANK2_PX-01_c20000__OAT_a_exec-set_holdings: cached
[2525/2869] BANK2_PX-01_c20000__OAT_cross_timing-today_ma: cached
[2526/2869] BANK2_PX-01_c20000__SPOT_all_excluded_off: cached
[2527/2869] BANK2_PX-01_c50000__ref: cached
[2528/2869] BANK2_PX-01_c50000__T_input_-raw_rsi_ex-level_rsi_sm-wilder_same_b-allowe_warmup-strict: cached
[2529/2869] BANK2_PX-01_c50000__T_input_-adjust_rsi_ex-level_rsi_sm-wilder_same_b-wait_b_warmup-strict: cached
[2530/2869] BANK2_PX-01_c50000__T_input_-raw_rsi_ex-level_rsi_sm-wilder_same_b-wait_b_warmup-strict: cached
[2531/2869] BANK2_PX-01_c50000__T_input_-adjust_rsi_ex-level_rsi_sm-wilder_same_b-allowe_warmup-ready_: cached
[2532/2869] BANK2_PX-01_c50000__T_input_-raw_rsi_ex-level_rsi_sm-wilder_same_b-allowe_warmup-ready_: cached
[2533/2869] BANK2_PX-01_c50000__T_input_-adjust_rsi_ex-level_rsi_sm-wilder_same_b-wait_b_warmup-ready_: cached
[2534/2869] BANK2_PX-01_c50000__T_input_-raw_rsi_ex-level_rsi_sm-wilder_same_b-wait_b_warmup-ready_: cached
[2535/2869] BANK2_PX-01_c50000__T_input_-adjust_rsi_ex-cross_rsi_sm-wilder_same_b-allowe_warmup-strict: cached
[2536/2869] BANK2_PX-01_c50000__T_input_-raw_rsi_ex-cross_rsi_sm-wilder_same_b-allowe_warmup-strict: cached
[2537/2869] BANK2_PX-01_c50000__T_input_-adjust_rsi_ex-cross_rsi_sm-wilder_same_b-wait_b_warmup-strict: cached
[2538/2869] BANK2_PX-01_c50000__T_input_-raw_rsi_ex-cross_rsi_sm-wilder_same_b-wait_b_warmup-strict: cached
[2539/2869] BANK2_PX-01_c50000__T_input_-adjust_rsi_ex-cross_rsi_sm-wilder_same_b-allowe_warmup-ready_: cached
[2540/2869] BANK2_PX-01_c50000__T_input_-raw_rsi_ex-cross_rsi_sm-wilder_same_b-allowe_warmup-ready_: cached
[2541/2869] BANK2_PX-01_c50000__T_input_-adjust_rsi_ex-cross_rsi_sm-wilder_same_b-wait_b_warmup-ready_: cached
[2542/2869] BANK2_PX-01_c50000__T_input_-raw_rsi_ex-cross_rsi_sm-wilder_same_b-wait_b_warmup-ready_: cached
[2543/2869] BANK2_PX-01_c50000__T_input_-adjust_rsi_ex-level_rsi_sm-simple_same_b-allowe_warmup-strict: cached
[2544/2869] BANK2_PX-01_c50000__T_input_-raw_rsi_ex-level_rsi_sm-simple_same_b-allowe_warmup-strict: cached
[2545/2869] BANK2_PX-01_c50000__T_input_-adjust_rsi_ex-level_rsi_sm-simple_same_b-wait_b_warmup-strict: cached
[2546/2869] BANK2_PX-01_c50000__T_input_-raw_rsi_ex-level_rsi_sm-simple_same_b-wait_b_warmup-strict: cached
[2547/2869] BANK2_PX-01_c50000__T_input_-adjust_rsi_ex-level_rsi_sm-simple_same_b-allowe_warmup-ready_: cached
[2548/2869] BANK2_PX-01_c50000__T_input_-raw_rsi_ex-level_rsi_sm-simple_same_b-allowe_warmup-ready_: cached
[2549/2869] BANK2_PX-01_c50000__T_input_-adjust_rsi_ex-level_rsi_sm-simple_same_b-wait_b_warmup-ready_: cached
[2550/2869] BANK2_PX-01_c50000__T_input_-raw_rsi_ex-level_rsi_sm-simple_same_b-wait_b_warmup-ready_: cached
[2551/2869] BANK2_PX-01_c50000__T_input_-adjust_rsi_ex-cross_rsi_sm-simple_same_b-allowe_warmup-strict: cached
[2552/2869] BANK2_PX-01_c50000__T_input_-raw_rsi_ex-cross_rsi_sm-simple_same_b-allowe_warmup-strict: cached
[2553/2869] BANK2_PX-01_c50000__T_input_-adjust_rsi_ex-cross_rsi_sm-simple_same_b-wait_b_warmup-strict: cached
[2554/2869] BANK2_PX-01_c50000__T_input_-raw_rsi_ex-cross_rsi_sm-simple_same_b-wait_b_warmup-strict: cached
[2555/2869] BANK2_PX-01_c50000__T_input_-adjust_rsi_ex-cross_rsi_sm-simple_same_b-allowe_warmup-ready_: cached
[2556/2869] BANK2_PX-01_c50000__T_input_-raw_rsi_ex-cross_rsi_sm-simple_same_b-allowe_warmup-ready_: cached
[2557/2869] BANK2_PX-01_c50000__T_input_-adjust_rsi_ex-cross_rsi_sm-simple_same_b-wait_b_warmup-ready_: cached
[2558/2869] BANK2_PX-01_c50000__T_input_-raw_rsi_ex-cross_rsi_sm-simple_same_b-wait_b_warmup-ready_: cached
[2559/2869] BANK2_PX-01_c50000__OAT_a_exec-set_holdings: cached
[2560/2869] BANK2_PX-01_c50000__OAT_cross_timing-today_ma: cached
[2561/2869] BANK2_PX-01_c50000__SPOT_all_excluded_off: cached
[2562/2869] BANK2_BL-06_skip__ref: cached
[2563/2869] BANK2_BL-06_skip__T_input_-raw_rsi_ex-level_rsi_sm-wilder_same_b-allowe_warmup-strict: cached
[2564/2869] BANK2_BL-06_skip__T_input_-adjust_rsi_ex-level_rsi_sm-wilder_same_b-wait_b_warmup-strict: cached
[2565/2869] BANK2_BL-06_skip__T_input_-raw_rsi_ex-level_rsi_sm-wilder_same_b-wait_b_warmup-strict: cached
[2566/2869] BANK2_BL-06_skip__T_input_-adjust_rsi_ex-level_rsi_sm-wilder_same_b-allowe_warmup-ready_: cached
[2567/2869] BANK2_BL-06_skip__T_input_-raw_rsi_ex-level_rsi_sm-wilder_same_b-allowe_warmup-ready_: cached
[2568/2869] BANK2_BL-06_skip__T_input_-adjust_rsi_ex-level_rsi_sm-wilder_same_b-wait_b_warmup-ready_: cached
[2569/2869] BANK2_BL-06_skip__T_input_-raw_rsi_ex-level_rsi_sm-wilder_same_b-wait_b_warmup-ready_: cached
[2570/2869] BANK2_BL-06_skip__T_input_-adjust_rsi_ex-cross_rsi_sm-wilder_same_b-allowe_warmup-strict: cached
[2571/2869] BANK2_BL-06_skip__T_input_-raw_rsi_ex-cross_rsi_sm-wilder_same_b-allowe_warmup-strict: cached
[2572/2869] BANK2_BL-06_skip__T_input_-adjust_rsi_ex-cross_rsi_sm-wilder_same_b-wait_b_warmup-strict: cached
[2573/2869] BANK2_BL-06_skip__T_input_-raw_rsi_ex-cross_rsi_sm-wilder_same_b-wait_b_warmup-strict: cached
[2574/2869] BANK2_BL-06_skip__T_input_-adjust_rsi_ex-cross_rsi_sm-wilder_same_b-allowe_warmup-ready_: cached
[2575/2869] BANK2_BL-06_skip__T_input_-raw_rsi_ex-cross_rsi_sm-wilder_same_b-allowe_warmup-ready_: cached
[2576/2869] BANK2_BL-06_skip__T_input_-adjust_rsi_ex-cross_rsi_sm-wilder_same_b-wait_b_warmup-ready_: cached
[2577/2869] BANK2_BL-06_skip__T_input_-raw_rsi_ex-cross_rsi_sm-wilder_same_b-wait_b_warmup-ready_: cached
[2578/2869] BANK2_BL-06_skip__T_input_-adjust_rsi_ex-level_rsi_sm-simple_same_b-allowe_warmup-strict: cached
[2579/2869] BANK2_BL-06_skip__T_input_-raw_rsi_ex-level_rsi_sm-simple_same_b-allowe_warmup-strict: cached
[2580/2869] BANK2_BL-06_skip__T_input_-adjust_rsi_ex-level_rsi_sm-simple_same_b-wait_b_warmup-strict: cached
[2581/2869] BANK2_BL-06_skip__T_input_-raw_rsi_ex-level_rsi_sm-simple_same_b-wait_b_warmup-strict: cached
[2582/2869] BANK2_BL-06_skip__T_input_-adjust_rsi_ex-level_rsi_sm-simple_same_b-allowe_warmup-ready_: cached
[2583/2869] BANK2_BL-06_skip__T_input_-raw_rsi_ex-level_rsi_sm-simple_same_b-allowe_warmup-ready_: cached
[2584/2869] BANK2_BL-06_skip__T_input_-adjust_rsi_ex-level_rsi_sm-simple_same_b-wait_b_warmup-ready_: cached
[2585/2869] BANK2_BL-06_skip__T_input_-raw_rsi_ex-level_rsi_sm-simple_same_b-wait_b_warmup-ready_: cached
[2586/2869] BANK2_BL-06_skip__T_input_-adjust_rsi_ex-cross_rsi_sm-simple_same_b-allowe_warmup-strict: cached
[2587/2869] BANK2_BL-06_skip__T_input_-raw_rsi_ex-cross_rsi_sm-simple_same_b-allowe_warmup-strict: cached
[2588/2869] BANK2_BL-06_skip__T_input_-adjust_rsi_ex-cross_rsi_sm-simple_same_b-wait_b_warmup-strict: cached
[2589/2869] BANK2_BL-06_skip__T_input_-raw_rsi_ex-cross_rsi_sm-simple_same_b-wait_b_warmup-strict: cached
[2590/2869] BANK2_BL-06_skip__T_input_-adjust_rsi_ex-cross_rsi_sm-simple_same_b-allowe_warmup-ready_: cached
[2591/2869] BANK2_BL-06_skip__T_input_-raw_rsi_ex-cross_rsi_sm-simple_same_b-allowe_warmup-ready_: cached
[2592/2869] BANK2_BL-06_skip__T_input_-adjust_rsi_ex-cross_rsi_sm-simple_same_b-wait_b_warmup-ready_: cached
[2593/2869] BANK2_BL-06_skip__T_input_-raw_rsi_ex-cross_rsi_sm-simple_same_b-wait_b_warmup-ready_: cached
[2594/2869] BANK2_BL-06_skip__OAT_a_exec-set_holdings: cached
[2595/2869] BANK2_BL-06_skip__OAT_cross_timing-today_ma: cached
[2596/2869] BANK2_BL-06_skip__SPOT_all_excluded_off: cached
[2597/2869] BANK2_BL-06_partial__ref: cached
[2598/2869] BANK2_BL-06_partial__T_input_-raw_rsi_ex-level_rsi_sm-wilder_same_b-allowe_warmup-strict: cached
[2599/2869] BANK2_BL-06_partial__T_input_-adjust_rsi_ex-level_rsi_sm-wilder_same_b-wait_b_warmup-strict: cached
[2600/2869] BANK2_BL-06_partial__T_input_-raw_rsi_ex-level_rsi_sm-wilder_same_b-wait_b_warmup-strict: cached
[2601/2869] BANK2_BL-06_partial__T_input_-adjust_rsi_ex-level_rsi_sm-wilder_same_b-allowe_warmup-ready_: cached
[2602/2869] BANK2_BL-06_partial__T_input_-raw_rsi_ex-level_rsi_sm-wilder_same_b-allowe_warmup-ready_: cached
[2603/2869] BANK2_BL-06_partial__T_input_-adjust_rsi_ex-level_rsi_sm-wilder_same_b-wait_b_warmup-ready_: cached
[2604/2869] BANK2_BL-06_partial__T_input_-raw_rsi_ex-level_rsi_sm-wilder_same_b-wait_b_warmup-ready_: cached
[2605/2869] BANK2_BL-06_partial__T_input_-adjust_rsi_ex-cross_rsi_sm-wilder_same_b-allowe_warmup-strict: cached
[2606/2869] BANK2_BL-06_partial__T_input_-raw_rsi_ex-cross_rsi_sm-wilder_same_b-allowe_warmup-strict: cached
[2607/2869] BANK2_BL-06_partial__T_input_-adjust_rsi_ex-cross_rsi_sm-wilder_same_b-wait_b_warmup-strict: cached
[2608/2869] BANK2_BL-06_partial__T_input_-raw_rsi_ex-cross_rsi_sm-wilder_same_b-wait_b_warmup-strict: cached
[2609/2869] BANK2_BL-06_partial__T_input_-adjust_rsi_ex-cross_rsi_sm-wilder_same_b-allowe_warmup-ready_: cached
[2610/2869] BANK2_BL-06_partial__T_input_-raw_rsi_ex-cross_rsi_sm-wilder_same_b-allowe_warmup-ready_: cached
[2611/2869] BANK2_BL-06_partial__T_input_-adjust_rsi_ex-cross_rsi_sm-wilder_same_b-wait_b_warmup-ready_: cached
[2612/2869] BANK2_BL-06_partial__T_input_-raw_rsi_ex-cross_rsi_sm-wilder_same_b-wait_b_warmup-ready_: cached
[2613/2869] BANK2_BL-06_partial__T_input_-adjust_rsi_ex-level_rsi_sm-simple_same_b-allowe_warmup-strict: cached
[2614/2869] BANK2_BL-06_partial__T_input_-raw_rsi_ex-level_rsi_sm-simple_same_b-allowe_warmup-strict: cached
[2615/2869] BANK2_BL-06_partial__T_input_-adjust_rsi_ex-level_rsi_sm-simple_same_b-wait_b_warmup-strict: cached
[2616/2869] BANK2_BL-06_partial__T_input_-raw_rsi_ex-level_rsi_sm-simple_same_b-wait_b_warmup-strict: cached
[2617/2869] BANK2_BL-06_partial__T_input_-adjust_rsi_ex-level_rsi_sm-simple_same_b-allowe_warmup-ready_: cached
[2618/2869] BANK2_BL-06_partial__T_input_-raw_rsi_ex-level_rsi_sm-simple_same_b-allowe_warmup-ready_: cached
[2619/2869] BANK2_BL-06_partial__T_input_-adjust_rsi_ex-level_rsi_sm-simple_same_b-wait_b_warmup-ready_: cached
[2620/2869] BANK2_BL-06_partial__T_input_-raw_rsi_ex-level_rsi_sm-simple_same_b-wait_b_warmup-ready_: cached
[2621/2869] BANK2_BL-06_partial__T_input_-adjust_rsi_ex-cross_rsi_sm-simple_same_b-allowe_warmup-strict: cached
[2622/2869] BANK2_BL-06_partial__T_input_-raw_rsi_ex-cross_rsi_sm-simple_same_b-allowe_warmup-strict: cached
[2623/2869] BANK2_BL-06_partial__T_input_-adjust_rsi_ex-cross_rsi_sm-simple_same_b-wait_b_warmup-strict: cached
[2624/2869] BANK2_BL-06_partial__T_input_-raw_rsi_ex-cross_rsi_sm-simple_same_b-wait_b_warmup-strict: cached
[2625/2869] BANK2_BL-06_partial__T_input_-adjust_rsi_ex-cross_rsi_sm-simple_same_b-allowe_warmup-ready_: cached
[2626/2869] BANK2_BL-06_partial__T_input_-raw_rsi_ex-cross_rsi_sm-simple_same_b-allowe_warmup-ready_: cached
[2627/2869] BANK2_BL-06_partial__T_input_-adjust_rsi_ex-cross_rsi_sm-simple_same_b-wait_b_warmup-ready_: cached
[2628/2869] BANK2_BL-06_partial__T_input_-raw_rsi_ex-cross_rsi_sm-simple_same_b-wait_b_warmup-ready_: cached
[2629/2869] BANK2_BL-06_partial__OAT_a_exec-set_holdings: cached
[2630/2869] BANK2_BL-06_partial__OAT_cross_timing-today_ma: cached
[2631/2869] BANK2_BL-06_partial__SPOT_all_excluded_off: cached
[2632/2869] BANK2_BL-06_nocheck__ref: cached
[2633/2869] BANK2_BL-06_nocheck__T_input_-raw_rsi_ex-level_rsi_sm-wilder_same_b-allowe_warmup-strict: cached
[2634/2869] BANK2_BL-06_nocheck__T_input_-adjust_rsi_ex-level_rsi_sm-wilder_same_b-wait_b_warmup-strict: cached
[2635/2869] BANK2_BL-06_nocheck__T_input_-raw_rsi_ex-level_rsi_sm-wilder_same_b-wait_b_warmup-strict: cached
[2636/2869] BANK2_BL-06_nocheck__T_input_-adjust_rsi_ex-level_rsi_sm-wilder_same_b-allowe_warmup-ready_: cached
[2637/2869] BANK2_BL-06_nocheck__T_input_-raw_rsi_ex-level_rsi_sm-wilder_same_b-allowe_warmup-ready_: cached
[2638/2869] BANK2_BL-06_nocheck__T_input_-adjust_rsi_ex-level_rsi_sm-wilder_same_b-wait_b_warmup-ready_: cached
[2639/2869] BANK2_BL-06_nocheck__T_input_-raw_rsi_ex-level_rsi_sm-wilder_same_b-wait_b_warmup-ready_: cached
[2640/2869] BANK2_BL-06_nocheck__T_input_-adjust_rsi_ex-cross_rsi_sm-wilder_same_b-allowe_warmup-strict: cached
[2641/2869] BANK2_BL-06_nocheck__T_input_-raw_rsi_ex-cross_rsi_sm-wilder_same_b-allowe_warmup-strict: cached
[2642/2869] BANK2_BL-06_nocheck__T_input_-adjust_rsi_ex-cross_rsi_sm-wilder_same_b-wait_b_warmup-strict: cached
[2643/2869] BANK2_BL-06_nocheck__T_input_-raw_rsi_ex-cross_rsi_sm-wilder_same_b-wait_b_warmup-strict: cached
[2644/2869] BANK2_BL-06_nocheck__T_input_-adjust_rsi_ex-cross_rsi_sm-wilder_same_b-allowe_warmup-ready_: cached
[2645/2869] BANK2_BL-06_nocheck__T_input_-raw_rsi_ex-cross_rsi_sm-wilder_same_b-allowe_warmup-ready_: cached
[2646/2869] BANK2_BL-06_nocheck__T_input_-adjust_rsi_ex-cross_rsi_sm-wilder_same_b-wait_b_warmup-ready_: cached
[2647/2869] BANK2_ER-01_R6__SPOT_all_excluded_off: ok fills=172 (43.3s)
[2648/2869] BANK2_BL-06_nocheck__T_input_-adjust_rsi_ex-level_rsi_sm-simple_same_b-allowe_warmup-strict: cached
[2649/2869] BANK2_BL-06_nocheck__T_input_-raw_rsi_ex-level_rsi_sm-simple_same_b-allowe_warmup-strict: cached
[2650/2869] BANK2_BL-06_nocheck__T_input_-adjust_rsi_ex-level_rsi_sm-simple_same_b-wait_b_warmup-strict: cached
[2651/2869] BANK2_BL-06_nocheck__T_input_-raw_rsi_ex-level_rsi_sm-simple_same_b-wait_b_warmup-strict: cached
[2652/2869] BANK2_BL-06_nocheck__T_input_-adjust_rsi_ex-level_rsi_sm-simple_same_b-allowe_warmup-ready_: cached
[2653/2869] BANK2_BL-06_nocheck__T_input_-raw_rsi_ex-level_rsi_sm-simple_same_b-allowe_warmup-ready_: cached
[2654/2869] BANK2_BL-06_nocheck__T_input_-adjust_rsi_ex-level_rsi_sm-simple_same_b-wait_b_warmup-ready_: cached
[2655/2869] BANK2_BL-06_nocheck__T_input_-raw_rsi_ex-level_rsi_sm-simple_same_b-wait_b_warmup-ready_: cached
[2656/2869] BANK2_BL-06_nocheck__T_input_-adjust_rsi_ex-cross_rsi_sm-simple_same_b-allowe_warmup-strict: cached
[2657/2869] BANK2_BL-06_nocheck__T_input_-raw_rsi_ex-cross_rsi_sm-simple_same_b-allowe_warmup-strict: cached
[2658/2869] BANK2_BL-06_nocheck__T_input_-adjust_rsi_ex-cross_rsi_sm-simple_same_b-wait_b_warmup-strict: cached
[2659/2869] BANK2_BL-06_nocheck__T_input_-raw_rsi_ex-cross_rsi_sm-simple_same_b-wait_b_warmup-strict: cached
[2660/2869] BANK2_BL-06_nocheck__T_input_-adjust_rsi_ex-cross_rsi_sm-simple_same_b-allowe_warmup-ready_: cached
[2661/2869] BANK2_BL-06_nocheck__T_input_-raw_rsi_ex-cross_rsi_sm-simple_same_b-allowe_warmup-ready_: cached
[2662/2869] BANK2_BL-06_nocheck__T_input_-adjust_rsi_ex-cross_rsi_sm-simple_same_b-wait_b_warmup-ready_: cached
[2663/2869] BANK2_BL-06_nocheck__T_input_-raw_rsi_ex-cross_rsi_sm-simple_same_b-wait_b_warmup-ready_: cached
[2664/2869] BANK2_BL-06_nocheck__OAT_a_exec-set_holdings: cached
[2665/2869] BANK2_BL-06_nocheck__OAT_cross_timing-today_ma: cached
[2666/2869] BANK2_BL-06_nocheck__SPOT_all_excluded_off: cached
[2667/2869] BANK2_OM-A_skip_all__ref: cached
[2668/2869] BANK2_OM-A_skip_all__T_cross_-both_d_input_-adjust_rsi_ex-level_rsi_sm-wilder_same_b-allowe_warmup-ready_: cached
[2669/2869] BANK2_OM-A_skip_all__T_cross_-both_d_input_-adjust_rsi_ex-level_rsi_sm-wilder_same_b-wait_b_warmup-strict: cached
[2670/2869] BANK2_OM-A_skip_all__T_cross_-both_d_input_-adjust_rsi_ex-level_rsi_sm-wilder_same_b-wait_b_warmup-ready_: cached
[2671/2869] BANK2_OM-A_skip_all__T_cross_-both_d_input_-adjust_rsi_ex-level_rsi_sm-simple_same_b-allowe_warmup-strict: cached
[2672/2869] BANK2_OM-A_skip_all__T_cross_-both_d_input_-adjust_rsi_ex-level_rsi_sm-simple_same_b-allowe_warmup-ready_: cached
[2673/2869] BANK2_OM-A_skip_all__T_cross_-both_d_input_-adjust_rsi_ex-level_rsi_sm-simple_same_b-wait_b_warmup-strict: cached
[2674/2869] BANK2_OM-A_skip_all__T_cross_-both_d_input_-adjust_rsi_ex-level_rsi_sm-simple_same_b-wait_b_warmup-ready_: cached
[2675/2869] BANK2_OM-A_skip_all__T_cross_-both_d_input_-adjust_rsi_ex-cross_rsi_sm-wilder_same_b-allowe_warmup-strict: cached
[2676/2869] BANK2_OM-A_skip_all__T_cross_-both_d_input_-adjust_rsi_ex-cross_rsi_sm-wilder_same_b-allowe_warmup-ready_: cached
[2677/2869] BANK2_OM-A_skip_all__T_cross_-both_d_input_-adjust_rsi_ex-cross_rsi_sm-wilder_same_b-wait_b_warmup-strict: cached
[2678/2869] BANK2_OM-A_skip_all__T_cross_-both_d_input_-adjust_rsi_ex-cross_rsi_sm-wilder_same_b-wait_b_warmup-ready_: cached
[2679/2869] BANK2_OM-A_skip_all__T_cross_-both_d_input_-adjust_rsi_ex-cross_rsi_sm-simple_same_b-allowe_warmup-strict: cached
[2680/2869] BANK2_OM-A_skip_all__T_cross_-both_d_input_-adjust_rsi_ex-cross_rsi_sm-simple_same_b-allowe_warmup-ready_: cached
[2681/2869] BANK2_OM-A_skip_all__T_cross_-both_d_input_-adjust_rsi_ex-cross_rsi_sm-simple_same_b-wait_b_warmup-strict: cached
[2682/2869] BANK2_OM-A_skip_all__T_cross_-both_d_input_-adjust_rsi_ex-cross_rsi_sm-simple_same_b-wait_b_warmup-ready_: cached
[2683/2869] BANK2_OM-A_skip_all__T_cross_-both_d_input_-raw_rsi_ex-level_rsi_sm-wilder_same_b-allowe_warmup-strict: cached
[2684/2869] BANK2_OM-A_skip_all__T_cross_-both_d_input_-raw_rsi_ex-level_rsi_sm-wilder_same_b-allowe_warmup-ready_: cached
[2685/2869] BANK2_OM-A_skip_all__T_cross_-both_d_input_-raw_rsi_ex-level_rsi_sm-wilder_same_b-wait_b_warmup-strict: cached
[2686/2869] BANK2_OM-A_skip_all__T_cross_-both_d_input_-raw_rsi_ex-level_rsi_sm-wilder_same_b-wait_b_warmup-ready_: cached
[2687/2869] BANK2_OM-A_skip_all__T_cross_-both_d_input_-raw_rsi_ex-level_rsi_sm-simple_same_b-allowe_warmup-strict: cached
[2688/2869] BANK2_OM-A_skip_all__T_cross_-both_d_input_-raw_rsi_ex-level_rsi_sm-simple_same_b-allowe_warmup-ready_: cached
[2689/2869] BANK2_OM-A_skip_all__T_cross_-both_d_input_-raw_rsi_ex-level_rsi_sm-simple_same_b-wait_b_warmup-strict: cached
[2690/2869] BANK2_OM-A_skip_all__T_cross_-both_d_input_-raw_rsi_ex-level_rsi_sm-simple_same_b-wait_b_warmup-ready_: cached
[2691/2869] BANK2_OM-A_skip_all__T_cross_-both_d_input_-raw_rsi_ex-cross_rsi_sm-wilder_same_b-allowe_warmup-strict: cached
[2692/2869] BANK2_OM-A_skip_all__T_cross_-both_d_input_-raw_rsi_ex-cross_rsi_sm-wilder_same_b-allowe_warmup-ready_: cached
[2693/2869] BANK2_OM-A_skip_all__T_cross_-both_d_input_-raw_rsi_ex-cross_rsi_sm-wilder_same_b-wait_b_warmup-strict: cached
[2694/2869] BANK2_OM-A_skip_all__T_cross_-both_d_input_-raw_rsi_ex-cross_rsi_sm-wilder_same_b-wait_b_warmup-ready_: cached
[2695/2869] BANK2_OM-A_skip_all__T_cross_-both_d_input_-raw_rsi_ex-cross_rsi_sm-simple_same_b-allowe_warmup-strict: cached
[2696/2869] BANK2_OM-A_skip_all__T_cross_-both_d_input_-raw_rsi_ex-cross_rsi_sm-simple_same_b-allowe_warmup-ready_: cached
[2697/2869] BANK2_OM-A_skip_all__T_cross_-both_d_input_-raw_rsi_ex-cross_rsi_sm-simple_same_b-wait_b_warmup-strict: cached
[2698/2869] BANK2_OM-A_skip_all__T_cross_-both_d_input_-raw_rsi_ex-cross_rsi_sm-simple_same_b-wait_b_warmup-ready_: cached
[2699/2869] BANK2_OM-A_skip_all__T_cross_-today__input_-adjust_rsi_ex-level_rsi_sm-wilder_same_b-allowe_warmup-strict: cached
[2700/2869] BANK2_OM-A_skip_all__T_cross_-today__input_-adjust_rsi_ex-level_rsi_sm-wilder_same_b-allowe_warmup-ready_: cached
[2701/2869] BANK2_OM-A_skip_all__T_cross_-today__input_-adjust_rsi_ex-level_rsi_sm-wilder_same_b-wait_b_warmup-strict: cached
[2702/2869] BANK2_OM-A_skip_all__T_cross_-today__input_-adjust_rsi_ex-level_rsi_sm-wilder_same_b-wait_b_warmup-ready_: cached
[2703/2869] BANK2_OM-A_skip_all__T_cross_-today__input_-adjust_rsi_ex-level_rsi_sm-simple_same_b-allowe_warmup-strict: cached
[2704/2869] BANK2_OM-A_skip_all__T_cross_-today__input_-adjust_rsi_ex-level_rsi_sm-simple_same_b-allowe_warmup-ready_: cached
[2705/2869] BANK2_OM-A_skip_all__T_cross_-today__input_-adjust_rsi_ex-level_rsi_sm-simple_same_b-wait_b_warmup-strict: cached
[2706/2869] BANK2_OM-A_skip_all__T_cross_-today__input_-adjust_rsi_ex-level_rsi_sm-simple_same_b-wait_b_warmup-ready_: cached
[2707/2869] BANK2_OM-A_skip_all__T_cross_-today__input_-adjust_rsi_ex-cross_rsi_sm-wilder_same_b-allowe_warmup-strict: cached
[2708/2869] BANK2_OM-A_skip_all__T_cross_-today__input_-adjust_rsi_ex-cross_rsi_sm-wilder_same_b-allowe_warmup-ready_: cached
[2709/2869] BANK2_OM-A_skip_all__T_cross_-today__input_-adjust_rsi_ex-cross_rsi_sm-wilder_same_b-wait_b_warmup-strict: cached
[2710/2869] BANK2_OM-A_skip_all__T_cross_-today__input_-adjust_rsi_ex-cross_rsi_sm-wilder_same_b-wait_b_warmup-ready_: cached
[2711/2869] BANK2_OM-A_skip_all__T_cross_-today__input_-adjust_rsi_ex-cross_rsi_sm-simple_same_b-allowe_warmup-strict: cached
[2712/2869] BANK2_OM-A_skip_all__T_cross_-today__input_-adjust_rsi_ex-cross_rsi_sm-simple_same_b-allowe_warmup-ready_: cached
[2713/2869] BANK2_OM-A_skip_all__T_cross_-today__input_-adjust_rsi_ex-cross_rsi_sm-simple_same_b-wait_b_warmup-strict: cached
[2714/2869] BANK2_OM-A_skip_all__T_cross_-today__input_-adjust_rsi_ex-cross_rsi_sm-simple_same_b-wait_b_warmup-ready_: cached
[2715/2869] BANK2_OM-A_skip_all__T_cross_-today__input_-raw_rsi_ex-level_rsi_sm-wilder_same_b-allowe_warmup-strict: cached
[2716/2869] BANK2_OM-A_skip_all__T_cross_-today__input_-raw_rsi_ex-level_rsi_sm-wilder_same_b-allowe_warmup-ready_: cached
[2717/2869] BANK2_OM-A_skip_all__T_cross_-today__input_-raw_rsi_ex-level_rsi_sm-wilder_same_b-wait_b_warmup-strict: cached
[2718/2869] BANK2_OM-A_skip_all__T_cross_-today__input_-raw_rsi_ex-level_rsi_sm-wilder_same_b-wait_b_warmup-ready_: cached
[2719/2869] BANK2_OM-A_skip_all__T_cross_-today__input_-raw_rsi_ex-level_rsi_sm-simple_same_b-allowe_warmup-strict: cached
[2720/2869] BANK2_OM-A_skip_all__T_cross_-today__input_-raw_rsi_ex-level_rsi_sm-simple_same_b-allowe_warmup-ready_: cached
[2721/2869] BANK2_OM-A_skip_all__T_cross_-today__input_-raw_rsi_ex-level_rsi_sm-simple_same_b-wait_b_warmup-strict: cached
[2722/2869] BANK2_OM-A_skip_all__T_cross_-today__input_-raw_rsi_ex-level_rsi_sm-simple_same_b-wait_b_warmup-ready_: cached
[2723/2869] BANK2_OM-A_skip_all__T_cross_-today__input_-raw_rsi_ex-cross_rsi_sm-wilder_same_b-allowe_warmup-strict: cached
[2724/2869] BANK2_OM-C_race__T_cross_-both_d_input_-raw_rsi_ex-level_rsi_sm-simple_same_b-allowe_warmup-ready_: ok fills=185 (43.9s)
[2725/2869] BANK2_OM-A_skip_all__T_cross_-today__input_-raw_rsi_ex-cross_rsi_sm-wilder_same_b-wait_b_warmup-strict: cached
[2726/2869] BANK2_OM-A_skip_all__T_cross_-today__input_-raw_rsi_ex-cross_rsi_sm-wilder_same_b-wait_b_warmup-ready_: cached
[2727/2869] BANK2_OM-A_skip_all__T_cross_-today__input_-raw_rsi_ex-cross_rsi_sm-simple_same_b-allowe_warmup-strict: cached
[2728/2869] BANK2_OM-A_skip_all__T_cross_-today__input_-raw_rsi_ex-cross_rsi_sm-simple_same_b-allowe_warmup-ready_: cached
[2729/2869] BANK2_OM-A_skip_all__T_cross_-today__input_-raw_rsi_ex-cross_rsi_sm-simple_same_b-wait_b_warmup-strict: cached
[2730/2869] BANK2_OM-A_skip_all__T_cross_-today__input_-raw_rsi_ex-cross_rsi_sm-simple_same_b-wait_b_warmup-ready_: cached
[2731/2869] BANK2_OM-A_skip_all__OAT_a_exec-set_holdings: cached
[2732/2869] BANK2_OM-A_skip_all__SPOT_all_excluded_off: cached
[2733/2869] BANK2_OM-A_try_except__ref: cached
[2734/2869] BANK2_OM-A_try_except__T_cross_-both_d_input_-adjust_rsi_ex-level_rsi_sm-wilder_same_b-allowe_warmup-ready_: cached
[2735/2869] BANK2_OM-A_try_except__T_cross_-both_d_input_-adjust_rsi_ex-level_rsi_sm-wilder_same_b-wait_b_warmup-strict: cached
[2736/2869] BANK2_OM-A_try_except__T_cross_-both_d_input_-adjust_rsi_ex-level_rsi_sm-wilder_same_b-wait_b_warmup-ready_: cached
[2737/2869] BANK2_OM-A_try_except__T_cross_-both_d_input_-adjust_rsi_ex-level_rsi_sm-simple_same_b-allowe_warmup-strict: cached
[2738/2869] BANK2_OM-A_try_except__T_cross_-both_d_input_-adjust_rsi_ex-level_rsi_sm-simple_same_b-allowe_warmup-ready_: cached
[2739/2869] BANK2_OM-A_try_except__T_cross_-both_d_input_-adjust_rsi_ex-level_rsi_sm-simple_same_b-wait_b_warmup-strict: cached
[2740/2869] BANK2_OM-A_try_except__T_cross_-both_d_input_-adjust_rsi_ex-level_rsi_sm-simple_same_b-wait_b_warmup-ready_: cached
[2741/2869] BANK2_OM-A_try_except__T_cross_-both_d_input_-adjust_rsi_ex-cross_rsi_sm-wilder_same_b-allowe_warmup-strict: cached
[2742/2869] BANK2_OM-A_try_except__T_cross_-both_d_input_-adjust_rsi_ex-cross_rsi_sm-wilder_same_b-allowe_warmup-ready_: cached
[2743/2869] BANK2_OM-A_try_except__T_cross_-both_d_input_-adjust_rsi_ex-cross_rsi_sm-wilder_same_b-wait_b_warmup-strict: cached
[2744/2869] BANK2_OM-A_try_except__T_cross_-both_d_input_-adjust_rsi_ex-cross_rsi_sm-wilder_same_b-wait_b_warmup-ready_: cached
[2745/2869] BANK2_OM-A_try_except__T_cross_-both_d_input_-adjust_rsi_ex-cross_rsi_sm-simple_same_b-allowe_warmup-strict: cached
[2746/2869] BANK2_OM-A_try_except__T_cross_-both_d_input_-adjust_rsi_ex-cross_rsi_sm-simple_same_b-allowe_warmup-ready_: cached
[2747/2869] BANK2_OM-A_try_except__T_cross_-both_d_input_-adjust_rsi_ex-cross_rsi_sm-simple_same_b-wait_b_warmup-strict: cached
[2748/2869] BANK2_OM-A_try_except__T_cross_-both_d_input_-adjust_rsi_ex-cross_rsi_sm-simple_same_b-wait_b_warmup-ready_: cached
[2749/2869] BANK2_OM-A_try_except__T_cross_-both_d_input_-raw_rsi_ex-level_rsi_sm-wilder_same_b-allowe_warmup-strict: cached
[2750/2869] BANK2_OM-A_try_except__T_cross_-both_d_input_-raw_rsi_ex-level_rsi_sm-wilder_same_b-allowe_warmup-ready_: cached
[2751/2869] BANK2_OM-A_try_except__T_cross_-both_d_input_-raw_rsi_ex-level_rsi_sm-wilder_same_b-wait_b_warmup-strict: cached
[2752/2869] BANK2_OM-A_try_except__T_cross_-both_d_input_-raw_rsi_ex-level_rsi_sm-wilder_same_b-wait_b_warmup-ready_: cached
[2753/2869] BANK2_OM-A_try_except__T_cross_-both_d_input_-raw_rsi_ex-level_rsi_sm-simple_same_b-allowe_warmup-strict: cached
[2754/2869] BANK2_OM-A_try_except__T_cross_-both_d_input_-raw_rsi_ex-level_rsi_sm-simple_same_b-allowe_warmup-ready_: cached
[2755/2869] BANK2_OM-A_try_except__T_cross_-both_d_input_-raw_rsi_ex-level_rsi_sm-simple_same_b-wait_b_warmup-strict: cached
[2756/2869] BANK2_OM-A_try_except__T_cross_-both_d_input_-raw_rsi_ex-level_rsi_sm-simple_same_b-wait_b_warmup-ready_: cached
[2757/2869] BANK2_OM-A_try_except__T_cross_-both_d_input_-raw_rsi_ex-cross_rsi_sm-wilder_same_b-allowe_warmup-strict: cached
[2758/2869] BANK2_OM-A_try_except__T_cross_-both_d_input_-raw_rsi_ex-cross_rsi_sm-wilder_same_b-allowe_warmup-ready_: cached
[2759/2869] BANK2_OM-A_try_except__T_cross_-both_d_input_-raw_rsi_ex-cross_rsi_sm-wilder_same_b-wait_b_warmup-strict: cached
[2760/2869] BANK2_OM-A_try_except__T_cross_-both_d_input_-raw_rsi_ex-cross_rsi_sm-wilder_same_b-wait_b_warmup-ready_: cached
[2761/2869] BANK2_OM-A_try_except__T_cross_-both_d_input_-raw_rsi_ex-cross_rsi_sm-simple_same_b-allowe_warmup-strict: cached
[2762/2869] BANK2_OM-A_try_except__T_cross_-both_d_input_-raw_rsi_ex-cross_rsi_sm-simple_same_b-allowe_warmup-ready_: cached
[2763/2869] BANK2_OM-A_try_except__T_cross_-both_d_input_-raw_rsi_ex-cross_rsi_sm-simple_same_b-wait_b_warmup-strict: cached
[2764/2869] BANK2_OM-A_try_except__T_cross_-both_d_input_-raw_rsi_ex-cross_rsi_sm-simple_same_b-wait_b_warmup-ready_: cached
[2765/2869] BANK2_OM-A_try_except__T_cross_-today__input_-adjust_rsi_ex-level_rsi_sm-wilder_same_b-allowe_warmup-strict: cached
[2766/2869] BANK2_OM-A_try_except__T_cross_-today__input_-adjust_rsi_ex-level_rsi_sm-wilder_same_b-allowe_warmup-ready_: cached
[2767/2869] BANK2_OM-A_try_except__T_cross_-today__input_-adjust_rsi_ex-level_rsi_sm-wilder_same_b-wait_b_warmup-strict: cached
[2768/2869] BANK2_OM-A_try_except__T_cross_-today__input_-adjust_rsi_ex-level_rsi_sm-wilder_same_b-wait_b_warmup-ready_: cached
[2769/2869] BANK2_OM-A_try_except__T_cross_-today__input_-adjust_rsi_ex-level_rsi_sm-simple_same_b-allowe_warmup-strict: cached
[2770/2869] BANK2_OM-A_try_except__T_cross_-today__input_-adjust_rsi_ex-level_rsi_sm-simple_same_b-allowe_warmup-ready_: cached
[2771/2869] BANK2_OM-A_try_except__T_cross_-today__input_-adjust_rsi_ex-level_rsi_sm-simple_same_b-wait_b_warmup-strict: cached
[2772/2869] BANK2_OM-A_try_except__T_cross_-today__input_-adjust_rsi_ex-level_rsi_sm-simple_same_b-wait_b_warmup-ready_: cached
[2773/2869] BANK2_OM-A_try_except__T_cross_-today__input_-adjust_rsi_ex-cross_rsi_sm-wilder_same_b-allowe_warmup-strict: cached
[2774/2869] BANK2_OM-A_try_except__T_cross_-today__input_-adjust_rsi_ex-cross_rsi_sm-wilder_same_b-allowe_warmup-ready_: cached
[2775/2869] BANK2_OM-A_try_except__T_cross_-today__input_-adjust_rsi_ex-cross_rsi_sm-wilder_same_b-wait_b_warmup-strict: cached
[2776/2869] BANK2_OM-A_try_except__T_cross_-today__input_-adjust_rsi_ex-cross_rsi_sm-wilder_same_b-wait_b_warmup-ready_: cached
[2777/2869] BANK2_OM-A_try_except__T_cross_-today__input_-adjust_rsi_ex-cross_rsi_sm-simple_same_b-allowe_warmup-strict: cached
[2778/2869] BANK2_OM-A_try_except__T_cross_-today__input_-adjust_rsi_ex-cross_rsi_sm-simple_same_b-allowe_warmup-ready_: cached
[2779/2869] BANK2_OM-A_try_except__T_cross_-today__input_-adjust_rsi_ex-cross_rsi_sm-simple_same_b-wait_b_warmup-strict: cached
[2780/2869] BANK2_OM-A_try_except__T_cross_-today__input_-adjust_rsi_ex-cross_rsi_sm-simple_same_b-wait_b_warmup-ready_: cached
[2781/2869] BANK2_OM-A_try_except__T_cross_-today__input_-raw_rsi_ex-level_rsi_sm-wilder_same_b-allowe_warmup-strict: cached
[2782/2869] BANK2_OM-A_try_except__T_cross_-today__input_-raw_rsi_ex-level_rsi_sm-wilder_same_b-allowe_warmup-ready_: cached
[2783/2869] BANK2_OM-A_try_except__T_cross_-today__input_-raw_rsi_ex-level_rsi_sm-wilder_same_b-wait_b_warmup-strict: cached
[2784/2869] BANK2_OM-A_try_except__T_cross_-today__input_-raw_rsi_ex-level_rsi_sm-wilder_same_b-wait_b_warmup-ready_: cached
[2785/2869] BANK2_OM-A_try_except__T_cross_-today__input_-raw_rsi_ex-level_rsi_sm-simple_same_b-allowe_warmup-strict: cached
[2786/2869] BANK2_OM-A_try_except__T_cross_-today__input_-raw_rsi_ex-level_rsi_sm-simple_same_b-allowe_warmup-ready_: cached
[2787/2869] BANK2_OM-A_try_except__T_cross_-today__input_-raw_rsi_ex-level_rsi_sm-simple_same_b-wait_b_warmup-strict: cached
[2788/2869] BANK2_OM-A_try_except__T_cross_-today__input_-raw_rsi_ex-level_rsi_sm-simple_same_b-wait_b_warmup-ready_: cached
[2789/2869] BANK2_OM-A_try_except__T_cross_-today__input_-raw_rsi_ex-cross_rsi_sm-wilder_same_b-allowe_warmup-strict: cached
[2790/2869] BANK2_OM-A_try_except__T_cross_-today__input_-raw_rsi_ex-cross_rsi_sm-wilder_same_b-allowe_warmup-ready_: cached
[2791/2869] BANK2_OM-A_try_except__T_cross_-today__input_-raw_rsi_ex-cross_rsi_sm-wilder_same_b-wait_b_warmup-strict: cached
[2792/2869] BANK2_OM-A_try_except__T_cross_-today__input_-raw_rsi_ex-cross_rsi_sm-wilder_same_b-wait_b_warmup-ready_: cached
[2793/2869] BANK2_OM-A_try_except__T_cross_-today__input_-raw_rsi_ex-cross_rsi_sm-simple_same_b-allowe_warmup-strict: cached
[2794/2869] BANK2_OM-A_try_except__T_cross_-today__input_-raw_rsi_ex-cross_rsi_sm-simple_same_b-allowe_warmup-ready_: cached
[2795/2869] BANK2_OM-A_try_except__T_cross_-today__input_-raw_rsi_ex-cross_rsi_sm-simple_same_b-wait_b_warmup-strict: cached
[2796/2869] BANK2_OM-A_try_except__T_cross_-today__input_-raw_rsi_ex-cross_rsi_sm-simple_same_b-wait_b_warmup-ready_: cached
[2797/2869] BANK2_OM-A_try_except__OAT_a_exec-set_holdings: cached
[2798/2869] BANK2_OM-A_try_except__SPOT_all_excluded_off: cached
[2799/2869] BANK2_OM-A_per_ticker__ref: cached
[2800/2869] BANK2_OM-A_per_ticker__T_cross_-both_d_input_-adjust_rsi_ex-level_rsi_sm-wilder_same_b-allowe_warmup-ready_: cached
[2801/2869] BANK2_OM-A_per_ticker__T_cross_-both_d_input_-adjust_rsi_ex-level_rsi_sm-wilder_same_b-wait_b_warmup-strict: cached
[2802/2869] BANK2_OM-A_per_ticker__T_cross_-both_d_input_-adjust_rsi_ex-level_rsi_sm-wilder_same_b-wait_b_warmup-ready_: cached
[2803/2869] BANK2_OM-A_per_ticker__T_cross_-both_d_input_-adjust_rsi_ex-level_rsi_sm-simple_same_b-allowe_warmup-strict: cached
[2804/2869] BANK2_OM-A_per_ticker__T_cross_-both_d_input_-adjust_rsi_ex-level_rsi_sm-simple_same_b-allowe_warmup-ready_: cached
[2805/2869] BANK2_OM-A_per_ticker__T_cross_-both_d_input_-adjust_rsi_ex-level_rsi_sm-simple_same_b-wait_b_warmup-strict: cached
[2806/2869] BANK2_OM-A_per_ticker__T_cross_-both_d_input_-adjust_rsi_ex-level_rsi_sm-simple_same_b-wait_b_warmup-ready_: cached
[2807/2869] BANK2_OM-A_per_ticker__T_cross_-both_d_input_-adjust_rsi_ex-cross_rsi_sm-wilder_same_b-allowe_warmup-strict: cached
[2808/2869] BANK2_OM-A_per_ticker__T_cross_-both_d_input_-adjust_rsi_ex-cross_rsi_sm-wilder_same_b-allowe_warmup-ready_: cached
[2809/2869] BANK2_OM-A_per_ticker__T_cross_-both_d_input_-adjust_rsi_ex-cross_rsi_sm-wilder_same_b-wait_b_warmup-strict: cached
[2810/2869] BANK2_OM-A_per_ticker__T_cross_-both_d_input_-adjust_rsi_ex-cross_rsi_sm-wilder_same_b-wait_b_warmup-ready_: cached
[2811/2869] BANK2_OM-A_per_ticker__T_cross_-both_d_input_-adjust_rsi_ex-cross_rsi_sm-simple_same_b-allowe_warmup-strict: cached
[2812/2869] BANK2_OM-A_per_ticker__T_cross_-both_d_input_-adjust_rsi_ex-cross_rsi_sm-simple_same_b-allowe_warmup-ready_: cached
[2813/2869] BANK2_OM-A_per_ticker__T_cross_-both_d_input_-adjust_rsi_ex-cross_rsi_sm-simple_same_b-wait_b_warmup-strict: cached
[2814/2869] BANK2_OM-A_per_ticker__T_cross_-both_d_input_-adjust_rsi_ex-cross_rsi_sm-simple_same_b-wait_b_warmup-ready_: cached
[2815/2869] BANK2_OM-A_per_ticker__T_cross_-both_d_input_-raw_rsi_ex-level_rsi_sm-wilder_same_b-allowe_warmup-strict: cached
[2816/2869] BANK2_OM-A_per_ticker__T_cross_-both_d_input_-raw_rsi_ex-level_rsi_sm-wilder_same_b-allowe_warmup-ready_: cached
[2817/2869] BANK2_OM-A_per_ticker__T_cross_-both_d_input_-raw_rsi_ex-level_rsi_sm-wilder_same_b-wait_b_warmup-strict: cached
[2818/2869] BANK2_OM-A_per_ticker__T_cross_-both_d_input_-raw_rsi_ex-level_rsi_sm-wilder_same_b-wait_b_warmup-ready_: cached
[2819/2869] BANK2_OM-A_per_ticker__T_cross_-both_d_input_-raw_rsi_ex-level_rsi_sm-simple_same_b-allowe_warmup-strict: cached
[2820/2869] BANK2_OM-A_per_ticker__T_cross_-both_d_input_-raw_rsi_ex-level_rsi_sm-simple_same_b-allowe_warmup-ready_: cached
[2821/2869] BANK2_OM-A_per_ticker__T_cross_-both_d_input_-raw_rsi_ex-level_rsi_sm-simple_same_b-wait_b_warmup-strict: cached
[2822/2869] BANK2_OM-A_per_ticker__T_cross_-both_d_input_-raw_rsi_ex-level_rsi_sm-simple_same_b-wait_b_warmup-ready_: cached
[2823/2869] BANK2_OM-A_per_ticker__T_cross_-both_d_input_-raw_rsi_ex-cross_rsi_sm-wilder_same_b-allowe_warmup-strict: cached
[2824/2869] BANK2_OM-A_per_ticker__T_cross_-both_d_input_-raw_rsi_ex-cross_rsi_sm-wilder_same_b-allowe_warmup-ready_: cached
[2825/2869] BANK2_OM-A_per_ticker__T_cross_-both_d_input_-raw_rsi_ex-cross_rsi_sm-wilder_same_b-wait_b_warmup-strict: cached
[2826/2869] BANK2_OM-B_buys_first__T_cross_-today__input_-raw_rsi_ex-level_rsi_sm-wilder_same_b-wait_b_warmup-ready_: ok fills=272 (45.8s)
[2827/2869] BANK2_OM-A_per_ticker__T_cross_-both_d_input_-raw_rsi_ex-cross_rsi_sm-simple_same_b-allowe_warmup-strict: cached
[2828/2869] BANK2_OM-A_per_ticker__T_cross_-both_d_input_-raw_rsi_ex-cross_rsi_sm-simple_same_b-allowe_warmup-ready_: cached
[2829/2869] BANK2_OM-A_per_ticker__T_cross_-both_d_input_-raw_rsi_ex-cross_rsi_sm-simple_same_b-wait_b_warmup-strict: cached
[2830/2869] BANK2_OM-A_per_ticker__T_cross_-both_d_input_-raw_rsi_ex-cross_rsi_sm-simple_same_b-wait_b_warmup-ready_: cached
[2831/2869] BANK2_OM-A_per_ticker__T_cross_-today__input_-adjust_rsi_ex-level_rsi_sm-wilder_same_b-allowe_warmup-strict: cached
[2832/2869] BANK2_OM-A_per_ticker__T_cross_-today__input_-adjust_rsi_ex-level_rsi_sm-wilder_same_b-allowe_warmup-ready_: cached
[2833/2869] BANK2_OM-A_per_ticker__T_cross_-today__input_-adjust_rsi_ex-level_rsi_sm-wilder_same_b-wait_b_warmup-strict: cached
[2834/2869] BANK2_OM-A_per_ticker__T_cross_-today__input_-adjust_rsi_ex-level_rsi_sm-wilder_same_b-wait_b_warmup-ready_: cached
[2835/2869] BANK2_OM-A_per_ticker__T_cross_-today__input_-adjust_rsi_ex-level_rsi_sm-simple_same_b-allowe_warmup-strict: cached
[2836/2869] BANK2_OM-A_per_ticker__T_cross_-today__input_-adjust_rsi_ex-level_rsi_sm-simple_same_b-allowe_warmup-ready_: cached
[2837/2869] BANK2_OM-A_per_ticker__T_cross_-today__input_-adjust_rsi_ex-level_rsi_sm-simple_same_b-wait_b_warmup-strict: cached
[2838/2869] BANK2_OM-A_per_ticker__T_cross_-today__input_-adjust_rsi_ex-level_rsi_sm-simple_same_b-wait_b_warmup-ready_: cached
[2839/2869] BANK2_OM-A_per_ticker__T_cross_-today__input_-adjust_rsi_ex-cross_rsi_sm-wilder_same_b-allowe_warmup-strict: cached
[2840/2869] BANK2_OM-A_per_ticker__T_cross_-today__input_-adjust_rsi_ex-cross_rsi_sm-wilder_same_b-allowe_warmup-ready_: cached
[2841/2869] BANK2_OM-A_per_ticker__T_cross_-today__input_-adjust_rsi_ex-cross_rsi_sm-wilder_same_b-wait_b_warmup-strict: cached
[2842/2869] BANK2_OM-A_per_ticker__T_cross_-today__input_-adjust_rsi_ex-cross_rsi_sm-wilder_same_b-wait_b_warmup-ready_: cached
[2843/2869] BANK2_OM-A_per_ticker__T_cross_-today__input_-adjust_rsi_ex-cross_rsi_sm-simple_same_b-allowe_warmup-strict: cached
[2844/2869] BANK2_OM-A_per_ticker__T_cross_-today__input_-adjust_rsi_ex-cross_rsi_sm-simple_same_b-allowe_warmup-ready_: cached
[2845/2869] BANK2_OM-A_per_ticker__T_cross_-today__input_-adjust_rsi_ex-cross_rsi_sm-simple_same_b-wait_b_warmup-strict: cached
[2846/2869] BANK2_OM-A_per_ticker__T_cross_-today__input_-adjust_rsi_ex-cross_rsi_sm-simple_same_b-wait_b_warmup-ready_: cached
[2847/2869] BANK2_OM-A_per_ticker__T_cross_-today__input_-raw_rsi_ex-level_rsi_sm-wilder_same_b-allowe_warmup-strict: cached
[2848/2869] BANK2_OM-A_per_ticker__T_cross_-today__input_-raw_rsi_ex-level_rsi_sm-wilder_same_b-allowe_warmup-ready_: cached
[2849/2869] BANK2_OM-A_per_ticker__T_cross_-today__input_-raw_rsi_ex-level_rsi_sm-wilder_same_b-wait_b_warmup-strict: cached
[2850/2869] BANK2_OM-A_per_ticker__T_cross_-today__input_-raw_rsi_ex-level_rsi_sm-wilder_same_b-wait_b_warmup-ready_: cached
[2851/2869] BANK2_OM-A_per_ticker__T_cross_-today__input_-raw_rsi_ex-level_rsi_sm-simple_same_b-allowe_warmup-strict: cached
[2852/2869] BANK2_OM-A_per_ticker__T_cross_-today__input_-raw_rsi_ex-level_rsi_sm-simple_same_b-allowe_warmup-ready_: cached
[2853/2869] BANK2_OM-A_per_ticker__T_cross_-today__input_-raw_rsi_ex-level_rsi_sm-simple_same_b-wait_b_warmup-strict: cached
[2854/2869] BANK2_OM-A_per_ticker__T_cross_-today__input_-raw_rsi_ex-level_rsi_sm-simple_same_b-wait_b_warmup-ready_: cached
[2855/2869] BANK2_OM-A_per_ticker__T_cross_-today__input_-raw_rsi_ex-cross_rsi_sm-wilder_same_b-allowe_warmup-strict: cached
[2856/2869] BANK2_OM-A_per_ticker__T_cross_-today__input_-raw_rsi_ex-cross_rsi_sm-wilder_same_b-allowe_warmup-ready_: cached
[2857/2869] BANK2_OM-A_per_ticker__T_cross_-today__input_-raw_rsi_ex-cross_rsi_sm-wilder_same_b-wait_b_warmup-strict: cached
[2858/2869] BANK2_OM-A_per_ticker__T_cross_-today__input_-raw_rsi_ex-cross_rsi_sm-wilder_same_b-wait_b_warmup-ready_: cached
[2859/2869] BANK2_OM-A_per_ticker__T_cross_-today__input_-raw_rsi_ex-cross_rsi_sm-simple_same_b-allowe_warmup-strict: cached
[2860/2869] BANK2_OM-A_per_ticker__T_cross_-today__input_-raw_rsi_ex-cross_rsi_sm-simple_same_b-allowe_warmup-ready_: cached
[2861/2869] BANK2_OM-A_per_ticker__T_cross_-today__input_-raw_rsi_ex-cross_rsi_sm-simple_same_b-wait_b_warmup-strict: cached
[2862/2869] BANK2_OM-A_per_ticker__T_cross_-today__input_-raw_rsi_ex-cross_rsi_sm-simple_same_b-wait_b_warmup-ready_: cached
[2863/2869] BANK2_OM-A_per_ticker__OAT_a_exec-set_holdings: cached
[2864/2869] BANK2_OM-A_per_ticker__SPOT_all_excluded_off: cached
[2865/2869] BANK2_OM-C_shared_state__T_cross_-both_d_input_-adjust_rsi_ex-cross_rsi_sm-simple_same_b-wait_b_warmup-ready_: ok fills=167 (44.6s)
[2866/2869] BANK2_OM-C_shared_state__T_cross_-today__input_-adjust_rsi_ex-cross_rsi_sm-simple_same_b-wait_b_warmup-strict: ok fills=185 (45.4s)
[2867/2869] BANK2_BL-06_nocheck__T_input_-raw_rsi_ex-cross_rsi_sm-wilder_same_b-wait_b_warmup-ready_: ok fills=260 (45.6s)
[2868/2869] BANK2_OM-A_skip_all__T_cross_-today__input_-raw_rsi_ex-cross_rsi_sm-wilder_same_b-allowe_warmup-ready_: ok fills=258 (36.1s)
[2869/2869] BANK2_OM-A_per_ticker__T_cross_-both_d_input_-raw_rsi_ex-cross_rsi_sm-wilder_same_b-wait_b_warmup-ready_: ok fills=260 (24.2s)
BUILD DONE
