freeze OK t1=5ae1bdb0e71a all=0eeb421b90d4 engine={'engine_image': 'quantconnect/lean@sha256:dc84a683464681b2e6c9579bc7655e16d4802380367c77004e40a6a504088bd7', 'lean_cli': 'lean 1.0.227', 'git_rev': 'b7ce4a793facf7b078470db0d19569a573285cff'}
jobs=2869 workers=8
[1/2869] BANK2_DONOR_pin__OAT_rsi_exit-cross: ok fills=250 (41.2s)
[2/2869] BANK2_DONOR_pin__ref: ok fills=270 (42.9s)
[3/2869] BANK2_DONOR_pin__OAT_same_bar_reentry-wait_bar: ok fills=266 (42.9s)
[4/2869] BANK2_DONOR_pin__OAT_warmup-ready_per_rule: ok fills=270 (43.1s)
[5/2869] BANK2_DONOR_pin__OAT_a_exec-set_holdings: ok fills=270 (43.9s)
[6/2869] BANK2_DONOR_pin__OAT_warmup-ready_check: ok fills=266 (44.6s)
[7/2869] BANK2_DONOR_pin__OAT_input_field-raw: ok fills=280 (44.8s)
[8/2869] BANK2_DONOR_pin__OAT_rsi_smoothing-simple: ok fills=320 (45.7s)
[9/2869] BANK2_DONOR_pin__OAT_cross_timing-today_ma: ok fills=266 (46.7s)
[10/2869] BANK2_DONOR_pin__SPOT_all_excluded_off: ok fills=280 (47.2s)
[11/2869] BANK2_BL-01a_SMA__ref: ok fills=270 (48.7s)
[12/2869] BANK2_BL-01a_SMA__T_cross_-today__input_-raw_warmup-strict: ok fills=278 (48.9s)
[13/2869] BANK2_BL-01a_SMA__T_cross_-both_d_input_-adjust_warmup-ready_: ok fills=266 (49.7s)
[14/2869] BANK2_BL-01a_SMA__T_cross_-today__input_-adjust_warmup-strict: ok fills=266 (52.5s)
[15/2869] BANK2_BL-01a_SMA__T_cross_-today__input_-adjust_warmup-ready_: ok fills=262 (50.0s)
[16/2869] BANK2_BL-01a_SMA__T_cross_-both_d_input_-raw_warmup-strict: ok fills=280 (53.6s)
[17/2869] BANK2_BL-01a_SMA__T_cross_-both_d_input_-raw_warmup-ready_: ok fills=276 (48.2s)
[18/2869] BANK2_BL-01a_SMA__T_cross_-today__input_-raw_warmup-ready_: ok fills=274 (47.3s)
[19/2869] BANK2_BL-01a_SMA__OAT_rsi_smoothing-simple: ok fills=320 (49.3s)
[20/2869] BANK2_BL-01a_SMA__OAT_rsi_exit-cross: ok fills=250 (48.6s)
[21/2869] BANK2_BL-01a_SMA__OAT_a_exec-set_holdings: ok fills=270 (50.3s)
[22/2869] BANK2_BL-01a_SMA__OAT_same_bar_reentry-wait_bar: ok fills=266 (52.6s)
[23/2869] BANK2_BL-01a_SMA__SPOT_all_excluded_off: ok fills=270 (54.8s)
[24/2869] BANK2_BL-01a_EMA__ref: ok fills=282 (54.1s)
[25/2869] BANK2_BL-01a_EMA__ref_wb-200: ok fills=282 (45.0s)
[26/2869] BANK2_BL-01a_EMA__ref_wb-150: ok fills=282 (47.1s)
[27/2869] BANK2_BL-01a_EMA__ref_wb-252: ok fills=282 (44.6s)
[28/2869] BANK2_BL-01a_EMA__T_cross_-today__input_-adjust_warmup-strict: ok fills=282 (45.3s)
[29/2869] BANK2_BL-01a_EMA__T_cross_-today__input_-adjust_warmup-strict_wb-150: ok fills=282 (50.6s)
[30/2869] BANK2_BL-01a_EMA__T_cross_-today__input_-adjust_warmup-strict_wb-200: ok fills=282 (51.2s)
[31/2869] BANK2_BL-01a_EMA__T_cross_-today__input_-adjust_warmup-strict_wb-252: ok fills=282 (52.5s)
[32/2869] BANK2_BL-01a_EMA__T_cross_-both_d_input_-raw_warmup-strict: ok fills=292 (54.2s)
[33/2869] BANK2_BL-01a_EMA__T_cross_-both_d_input_-raw_warmup-strict_wb-150: ok fills=294 (54.9s)
[34/2869] BANK2_BL-01a_EMA__T_cross_-both_d_input_-raw_warmup-strict_wb-252: ok fills=294 (52.4s)
[35/2869] BANK2_BL-01a_EMA__T_cross_-both_d_input_-raw_warmup-strict_wb-200: ok fills=294 (55.3s)
[36/2869] BANK2_BL-01a_EMA__T_cross_-today__input_-raw_warmup-strict: ok fills=292 (52.0s)
[37/2869] BANK2_BL-01a_EMA__T_cross_-today__input_-raw_warmup-strict_wb-150: ok fills=294 (49.1s)
[38/2869] BANK2_BL-01a_EMA__T_cross_-today__input_-raw_warmup-strict_wb-200: ok fills=294 (48.9s)
[39/2869] BANK2_BL-01a_EMA__T_cross_-both_d_input_-raw_warmup-ready_: exit=1 fills=None (10.7s)
[40/2869] BANK2_BL-01a_EMA__T_cross_-today__input_-raw_warmup-strict_wb-252: ok fills=294 (50.8s)
[41/2869] BANK2_BL-01a_EMA__T_cross_-both_d_input_-adjust_warmup-ready_: ok fills=284 (50.5s)
[42/2869] BANK2_BL-01a_EMA__T_cross_-today__input_-raw_warmup-ready_: ok fills=286 (51.6s)
[43/2869] BANK2_BL-01a_EMA__OAT_rsi_smoothing-simple: ok fills=332 (52.4s)
[44/2869] BANK2_BL-01a_EMA__T_cross_-today__input_-adjust_warmup-ready_: ok fills=284 (55.4s)
[45/2869] BANK2_BL-01a_EMA__OAT_rsi_exit-cross: ok fills=262 (52.5s)
[46/2869] BANK2_BL-01a_EMA__OAT_a_exec-set_holdings: ok fills=282 (52.4s)
[47/2869] BANK2_BL-01a_WMA__T_cross_-both_d_input_-raw_warmup-strict: exit=1 fills=None (9.2s)
[48/2869] BANK2_BL-01a_EMA__OAT_same_bar_reentry-wait_bar: ok fills=278 (54.4s)
[49/2869] BANK2_BL-01a_EMA__SPOT_all_excluded_off: ok fills=282 (51.5s)
[50/2869] BANK2_BL-01a_WMA__T_cross_-both_d_input_-adjust_warmup-ready_: exit=1 fills=None (8.4s)
[51/2869] BANK2_BL-01a_WMA__ref: ok fills=314 (56.2s)
[52/2869] BANK2_BL-01a_WMA__T_cross_-today__input_-adjust_warmup-ready_: exit=1 fills=None (12.4s)
[53/2869] BANK2_BL-01a_WMA__OAT_rsi_smoothing-simple: exit=1 fills=None (8.3s)
[54/2869] BANK2_BL-01a_WMA__T_cross_-today__input_-adjust_warmup-strict: ok fills=312 (52.1s)
[55/2869] BANK2_BL-01a_WMA__T_cross_-today__input_-raw_warmup-strict: ok fills=302 (49.9s)
[56/2869] BANK2_BL-01a_WMA__T_cross_-both_d_input_-raw_warmup-ready_: ok fills=300 (50.4s)
[57/2869] BANK2_BL-01b_p10__T_cross_-today__input_-adjust_warmup-strict: exit=1 fills=None (8.8s)
[58/2869] BANK2_BL-01b_p10__ref: exit=1 fills=None (9.2s)
[59/2869] BANK2_BL-01a_WMA__OAT_rsi_exit-cross: ok fills=294 (47.7s)
[60/2869] BANK2_BL-01a_WMA__T_cross_-today__input_-raw_warmup-ready_: ok fills=294 (51.1s)
[61/2869] BANK2_BL-01a_WMA__OAT_same_bar_reentry-wait_bar: ok fills=310 (53.5s)
[62/2869] BANK2_BL-01a_WMA__OAT_a_exec-set_holdings: ok fills=314 (54.5s)
[63/2869] BANK2_BL-01a_WMA__SPOT_all_excluded_off: ok fills=314 (53.9s)
[64/2869] BANK2_BL-01b_p10__T_cross_-both_d_input_-adjust_warmup-ready_: ok fills=626 (46.9s)
[65/2869] BANK2_BL-01b_p10__T_cross_-both_d_input_-raw_warmup-strict: ok fills=610 (47.1s)
[66/2869] BANK2_BL-01b_p10__T_cross_-today__input_-raw_warmup-strict: ok fills=582 (48.0s)
[67/2869] BANK2_BL-01b_p10__T_cross_-today__input_-adjust_warmup-ready_: ok fills=598 (47.2s)
[68/2869] BANK2_BL-01b_p10__T_cross_-both_d_input_-raw_warmup-ready_: ok fills=608 (49.4s)
[69/2869] BANK2_BL-01b_p10__T_cross_-today__input_-raw_warmup-ready_: ok fills=580 (51.6s)
[70/2869] BANK2_BL-01b_p10__OAT_rsi_exit-cross: ok fills=608 (55.1s)
[71/2869] BANK2_BL-01b_p10__OAT_rsi_smoothing-simple: ok fills=678 (57.3s)
[72/2869] BANK2_BL-01b_p10__SPOT_all_excluded_off: ok fills=628 (51.4s)
[73/2869] BANK2_BL-01b_p20__ref: ok fills=474 (50.6s)
[74/2869] BANK2_BL-01b_p10__OAT_a_exec-set_holdings: ok fills=628 (54.5s)
[75/2869] BANK2_BL-01b_p10__OAT_same_bar_reentry-wait_bar: ok fills=624 (54.8s)
[76/2869] BANK2_BL-01b_p20__T_cross_-today__input_-adjust_warmup-strict: ok fills=450 (50.1s)
[77/2869] BANK2_BL-01b_p20__T_cross_-both_d_input_-raw_warmup-strict: ok fills=462 (45.1s)
[78/2869] BANK2_BL-01b_p20__T_cross_-today__input_-raw_warmup-strict: ok fills=432 (50.0s)
[79/2869] BANK2_BL-01b_p20__T_cross_-both_d_input_-adjust_warmup-ready_: ok fills=470 (52.9s)
[80/2869] BANK2_BL-01b_p20__T_cross_-both_d_input_-raw_warmup-ready_: ok fills=458 (55.1s)
[81/2869] BANK2_BL-01b_p20__T_cross_-today__input_-raw_warmup-ready_: ok fills=428 (54.3s)
[82/2869] BANK2_BL-01b_p20__OAT_rsi_smoothing-simple: ok fills=524 (54.8s)
[83/2869] BANK2_BL-01b_p20__OAT_rsi_exit-cross: ok fills=454 (54.8s)
[84/2869] BANK2_BL-01b_p20__T_cross_-today__input_-adjust_warmup-ready_: ok fills=446 (58.1s)
[85/2869] BANK2_BL-01b_p20__OAT_a_exec-set_holdings: ok fills=474 (51.5s)
[86/2869] BANK2_BL-01b_p50__ref: exit=1 fills=None (8.9s)
[87/2869] BANK2_BL-01b_p50__T_cross_-today__input_-raw_warmup-strict: exit=1 fills=None (6.9s)
[88/2869] BANK2_BL-01b_p50__T_cross_-both_d_input_-adjust_warmup-ready_: exit=1 fills=None (6.7s)
[89/2869] BANK2_BL-01b_p20__OAT_same_bar_reentry-wait_bar: ok fills=470 (48.1s)
[90/2869] BANK2_BL-01b_p20__SPOT_all_excluded_off: ok fills=474 (49.2s)
[91/2869] BANK2_BL-01b_p50__T_cross_-today__input_-adjust_warmup-strict: ok fills=332 (50.3s)
[92/2869] BANK2_BL-01b_p50__T_cross_-both_d_input_-raw_warmup-strict: ok fills=343 (50.8s)
[93/2869] BANK2_BL-01b_p50__T_cross_-today__input_-adjust_warmup-ready_: ok fills=328 (51.4s)
[94/2869] BANK2_BL-01b_p50__OAT_rsi_smoothing-simple: ok fills=394 (53.6s)
[95/2869] BANK2_BL-01b_p50__T_cross_-both_d_input_-raw_warmup-ready_: ok fills=335 (55.7s)
[96/2869] BANK2_BL-01b_p50__OAT_rsi_exit-cross: ok fills=324 (50.6s)
[97/2869] BANK2_BL-01b_p50__T_cross_-today__input_-raw_warmup-ready_: ok fills=333 (56.3s)
[98/2869] BANK2_BL-01b_p50__OAT_a_exec-set_holdings: ok fills=344 (53.7s)
[99/2869] BANK2_BL-01b_p100__T_cross_-both_d_input_-raw_warmup-strict: exit=1 fills=None (9.3s)
[100/2869] BANK2_BL-01b_p50__SPOT_all_excluded_off: ok fills=344 (49.8s)
[101/2869] BANK2_BL-01b_p50__OAT_same_bar_reentry-wait_bar: ok fills=340 (52.1s)
[102/2869] BANK2_BL-01b_p100__ref: ok fills=270 (51.1s)
[103/2869] BANK2_BL-01b_p100__T_cross_-both_d_input_-adjust_warmup-ready_: ok fills=266 (52.1s)
[104/2869] BANK2_BL-01b_p100__T_cross_-today__input_-adjust_warmup-strict: ok fills=266 (54.6s)
[105/2869] BANK2_BL-01b_p100__T_cross_-today__input_-raw_warmup-strict: ok fills=278 (54.1s)
[106/2869] BANK2_BL-01b_p100__T_cross_-both_d_input_-raw_warmup-ready_: ok fills=276 (53.2s)
[107/2869] BANK2_BL-01b_p100__SPOT_all_excluded_off: exit=1 fills=None (8.4s)
[108/2869] BANK2_BL-01b_p100__T_cross_-today__input_-adjust_warmup-ready_: ok fills=262 (54.7s)
[109/2869] BANK2_BL-01b_p100__OAT_rsi_smoothing-simple: ok fills=320 (49.2s)
[110/2869] BANK2_BL-01b_p100__T_cross_-today__input_-raw_warmup-ready_: ok fills=274 (51.0s)
[111/2869] BANK2_BL-01b_p100__OAT_rsi_exit-cross: ok fills=250 (47.0s)
[112/2869] BANK2_BL-01b_p100__OAT_same_bar_reentry-wait_bar: ok fills=266 (50.7s)
[113/2869] BANK2_BL-01b_p100__OAT_a_exec-set_holdings: ok fills=270 (51.8s)
[114/2869] BANK2_BL-01b_p200__ref: ok fills=216 (54.9s)
[115/2869] BANK2_BL-01b_p200__T_cross_-today__input_-adjust_warmup-strict: ok fills=216 (56.0s)
[116/2869] BANK2_BL-01b_p200__T_cross_-both_d_input_-raw_warmup-strict: ok fills=215 (55.8s)
[117/2869] BANK2_BL-01b_p200__T_cross_-today__input_-raw_warmup-strict: ok fills=213 (51.9s)
[118/2869] BANK2_BL-01b_p200__T_cross_-both_d_input_-adjust_warmup-ready_: ok fills=196 (51.7s)
[119/2869] BANK2_BL-01b_p200__T_cross_-today__input_-adjust_warmup-ready_: ok fills=196 (48.6s)
[120/2869] BANK2_BL-01b_p200__T_cross_-both_d_input_-raw_warmup-ready_: ok fills=191 (48.2s)
[121/2869] BANK2_BL-01b_p200__T_cross_-today__input_-raw_warmup-ready_: ok fills=189 (49.9s)
[122/2869] BANK2_BL-01b_p200__OAT_rsi_exit-cross: ok fills=196 (49.0s)
[123/2869] BANK2_BL-01b_p200__OAT_rsi_smoothing-simple: ok fills=266 (52.1s)
[124/2869] BANK2_BL-01b_p200__OAT_a_exec-set_holdings: ok fills=216 (50.1s)
[125/2869] BANK2_BL-01b_p200__OAT_same_bar_reentry-wait_bar: ok fills=212 (49.2s)
[126/2869] BANK2_BL-01b_p200__SPOT_all_excluded_off: ok fills=216 (48.6s)
[127/2869] BANK2_BL-01c_SMA10__ref: ok fills=628 (51.6s)
[128/2869] BANK2_BL-01c_SMA10__T_cross_-today__input_-adjust_warmup-strict: ok fills=600 (49.2s)
[129/2869] BANK2_BL-01c_SMA10__T_cross_-both_d_input_-raw_warmup-strict: ok fills=610 (48.2s)
[130/2869] BANK2_BL-01c_SMA10__OAT_rsi_smoothing-simple: exit=1 fills=None (9.4s)
[131/2869] BANK2_BL-01c_SMA10__T_cross_-today__input_-raw_warmup-strict: ok fills=582 (49.5s)
[132/2869] BANK2_BL-01c_SMA10__T_cross_-both_d_input_-adjust_warmup-ready_: ok fills=626 (50.3s)
[133/2869] BANK2_BL-01c_SMA10__T_cross_-today__input_-adjust_warmup-ready_: ok fills=598 (52.6s)
[134/2869] BANK2_BL-01c_SMA10__T_cross_-both_d_input_-raw_warmup-ready_: ok fills=608 (56.3s)
[135/2869] BANK2_BL-01c_SMA10__T_cross_-today__input_-raw_warmup-ready_: ok fills=580 (56.6s)
[136/2869] BANK2_BL-01c_SMA10__OAT_rsi_exit-cross: ok fills=608 (57.8s)
[137/2869] BANK2_BL-01c_SMA10__OAT_a_exec-set_holdings: ok fills=628 (57.6s)
[138/2869] BANK2_BL-01c_SMA10__OAT_same_bar_reentry-wait_bar: ok fills=624 (57.4s)
[139/2869] BANK2_BL-01c_SMA10__SPOT_all_excluded_off: ok fills=628 (55.5s)
[140/2869] BANK2_BL-01c_SMA20__ref: ok fills=474 (56.5s)
[141/2869] BANK2_BL-01c_SMA20__T_cross_-today__input_-adjust_warmup-strict: ok fills=450 (54.8s)
[142/2869] BANK2_BL-01c_SMA20__T_cross_-both_d_input_-raw_warmup-strict: ok fills=462 (55.0s)
[143/2869] BANK2_BL-01c_SMA20__T_cross_-today__input_-raw_warmup-strict: ok fills=432 (56.1s)
[144/2869] BANK2_BL-01c_SMA20__T_cross_-both_d_input_-adjust_warmup-ready_: ok fills=470 (56.0s)
[145/2869] BANK2_BL-01c_SMA20__T_cross_-both_d_input_-raw_warmup-ready_: ok fills=458 (57.8s)
[146/2869] BANK2_BL-01c_SMA20__T_cross_-today__input_-adjust_warmup-ready_: ok fills=446 (58.1s)
[147/2869] BANK2_BL-01c_SMA20__T_cross_-today__input_-raw_warmup-ready_: ok fills=428 (56.5s)
[148/2869] BANK2_BL-01c_SMA20__OAT_rsi_smoothing-simple: ok fills=524 (56.7s)
[149/2869] BANK2_BL-01c_SMA20__OAT_rsi_exit-cross: ok fills=454 (58.4s)
[150/2869] BANK2_BL-01c_SMA20__OAT_a_exec-set_holdings: ok fills=474 (52.5s)
[151/2869] BANK2_BL-01c_SMA20__OAT_same_bar_reentry-wait_bar: ok fills=470 (55.5s)
[152/2869] BANK2_BL-01c_SMA20__SPOT_all_excluded_off: ok fills=474 (53.9s)
[153/2869] BANK2_BL-01c_SMA50__ref: ok fills=344 (54.4s)
[154/2869] BANK2_BL-01c_SMA50__T_cross_-today__input_-adjust_warmup-strict: ok fills=332 (54.8s)
[155/2869] BANK2_BL-01c_SMA50__T_cross_-both_d_input_-raw_warmup-strict: ok fills=343 (57.1s)
[156/2869] BANK2_BL-01c_SMA50__T_cross_-today__input_-raw_warmup-strict: ok fills=341 (56.3s)
[157/2869] BANK2_BL-01c_SMA50__T_cross_-both_d_input_-adjust_warmup-ready_: ok fills=338 (58.7s)
[158/2869] BANK2_BL-01c_SMA50__T_cross_-today__input_-adjust_warmup-ready_: ok fills=328 (52.8s)
[159/2869] BANK2_BL-01c_SMA50__T_cross_-both_d_input_-raw_warmup-ready_: ok fills=335 (51.5s)
[160/2869] BANK2_BL-01c_SMA50__T_cross_-today__input_-raw_warmup-ready_: ok fills=333 (50.0s)
[161/2869] BANK2_BL-01c_SMA50__OAT_rsi_exit-cross: ok fills=324 (49.2s)
[162/2869] BANK2_BL-01c_SMA50__OAT_rsi_smoothing-simple: ok fills=394 (51.6s)
[163/2869] BANK2_BL-01c_SMA50__OAT_a_exec-set_holdings: ok fills=344 (53.0s)
[164/2869] BANK2_BL-01c_SMA50__OAT_same_bar_reentry-wait_bar: ok fills=340 (54.2s)
[165/2869] BANK2_BL-01c_SMA50__SPOT_all_excluded_off: ok fills=344 (56.9s)
[166/2869] BANK2_BL-01c_SMA100__ref: ok fills=270 (56.9s)
[167/2869] BANK2_BL-01c_SMA100__T_cross_-today__input_-adjust_warmup-strict: ok fills=266 (54.5s)
[168/2869] BANK2_BL-01c_SMA100__T_cross_-both_d_input_-raw_warmup-strict: ok fills=280 (53.5s)
[169/2869] BANK2_BL-01c_SMA100__OAT_rsi_exit-cross: exit=1 fills=None (9.1s)
[170/2869] BANK2_BL-01c_SMA100__T_cross_-both_d_input_-adjust_warmup-ready_: ok fills=266 (51.3s)
[171/2869] BANK2_BL-01c_SMA100__T_cross_-today__input_-raw_warmup-strict: ok fills=278 (54.0s)
[172/2869] BANK2_BL-01c_SMA100__T_cross_-today__input_-adjust_warmup-ready_: ok fills=262 (50.9s)
[173/2869] BANK2_BL-01c_SMA100__T_cross_-both_d_input_-raw_warmup-ready_: ok fills=276 (50.9s)
[174/2869] BANK2_BL-01c_SMA100__T_cross_-today__input_-raw_warmup-ready_: ok fills=274 (52.5s)
[175/2869] BANK2_BL-01c_SMA100__OAT_rsi_smoothing-simple: ok fills=320 (51.2s)
[176/2869] BANK2_BL-01c_SMA100__OAT_same_bar_reentry-wait_bar: ok fills=266 (51.3s)
[177/2869] BANK2_BL-01c_SMA100__OAT_a_exec-set_holdings: ok fills=270 (53.5s)
[178/2869] BANK2_BL-01c_SMA200__ref: ok fills=216 (50.7s)
[179/2869] BANK2_BL-01c_SMA100__SPOT_all_excluded_off: ok fills=270 (51.7s)
[180/2869] BANK2_BL-01c_SMA200__T_cross_-today__input_-adjust_warmup-strict: ok fills=216 (50.1s)
[181/2869] BANK2_BL-01c_SMA200__T_cross_-both_d_input_-raw_warmup-strict: ok fills=215 (49.3s)
[182/2869] BANK2_BL-01c_SMA200__T_cross_-today__input_-raw_warmup-strict: ok fills=213 (53.2s)
[183/2869] BANK2_BL-01c_SMA200__T_cross_-both_d_input_-adjust_warmup-ready_: ok fills=196 (52.7s)
[184/2869] BANK2_BL-01c_SMA200__T_cross_-today__input_-adjust_warmup-ready_: ok fills=196 (53.0s)
[185/2869] BANK2_BL-01c_SMA200__T_cross_-both_d_input_-raw_warmup-ready_: ok fills=191 (52.6s)
[186/2869] BANK2_BL-01c_SMA200__T_cross_-today__input_-raw_warmup-ready_: ok fills=189 (52.5s)
[187/2869] BANK2_BL-01c_SMA200__OAT_rsi_smoothing-simple: ok fills=266 (52.3s)
[188/2869] BANK2_BL-01c_SMA200__OAT_a_exec-set_holdings: ok fills=216 (50.1s)
[189/2869] BANK2_BL-01c_SMA200__OAT_rsi_exit-cross: ok fills=196 (53.4s)
[190/2869] BANK2_BL-01c_SMA200__OAT_same_bar_reentry-wait_bar: ok fills=212 (51.3s)
[191/2869] BANK2_BL-01c_SMA200__SPOT_all_excluded_off: ok fills=216 (53.5s)
[192/2869] BANK2_BL-01c_EMA10__ref: ok fills=660 (52.9s)
[193/2869] BANK2_BL-01c_EMA10__ref_wb-200: ok fills=660 (53.6s)
[194/2869] BANK2_BL-01c_EMA10__ref_wb-150: ok fills=660 (57.5s)
[195/2869] BANK2_BL-01c_EMA10__ref_wb-252: ok fills=660 (57.4s)
[196/2869] BANK2_BL-01c_EMA10__T_cross_-today__input_-adjust_warmup-strict_wb-150: ok fills=660 (54.4s)
[197/2869] BANK2_BL-01c_EMA10__T_cross_-today__input_-adjust_warmup-strict: ok fills=660 (55.3s)
[198/2869] BANK2_BL-01c_EMA10__T_cross_-today__input_-adjust_warmup-strict_wb-200: ok fills=660 (52.8s)
[199/2869] BANK2_BL-01c_EMA10__T_cross_-today__input_-adjust_warmup-strict_wb-252: ok fills=660 (51.3s)
[200/2869] BANK2_BL-01c_EMA10__T_cross_-both_d_input_-raw_warmup-strict: ok fills=646 (52.2s)
[201/2869] BANK2_BL-01c_EMA10__T_cross_-both_d_input_-raw_warmup-strict_wb-150: ok fills=646 (49.5s)
[202/2869] BANK2_BL-01c_EMA10__T_cross_-both_d_input_-raw_warmup-strict_wb-200: ok fills=646 (51.6s)
[203/2869] BANK2_BL-01c_EMA10__T_cross_-both_d_input_-adjust_warmup-ready_: exit=1 fills=None (8.4s)
[204/2869] BANK2_BL-01c_EMA10__T_cross_-both_d_input_-raw_warmup-strict_wb-252: ok fills=646 (53.2s)
[205/2869] BANK2_BL-01c_EMA10__T_cross_-today__input_-raw_warmup-strict: ok fills=646 (53.7s)
[206/2869] BANK2_BL-01c_EMA10__T_cross_-today__input_-raw_warmup-strict_wb-150: ok fills=646 (54.4s)
[207/2869] BANK2_BL-01c_EMA10__T_cross_-today__input_-raw_warmup-strict_wb-200: ok fills=646 (52.7s)
[208/2869] BANK2_BL-01c_EMA10__T_cross_-today__input_-raw_warmup-strict_wb-252: ok fills=646 (50.2s)
[209/2869] BANK2_BL-01c_EMA10__T_cross_-today__input_-adjust_warmup-ready_: ok fills=656 (50.6s)
[210/2869] BANK2_BL-01c_EMA10__T_cross_-both_d_input_-raw_warmup-ready_: ok fills=642 (50.9s)
[211/2869] BANK2_BL-01c_EMA10__OAT_rsi_smoothing-simple: ok fills=710 (52.8s)
[212/2869] BANK2_BL-01c_EMA10__T_cross_-today__input_-raw_warmup-ready_: ok fills=642 (57.1s)
[213/2869] BANK2_BL-01c_EMA10__OAT_rsi_exit-cross: ok fills=640 (56.4s)
[214/2869] BANK2_BL-01c_EMA10__OAT_a_exec-set_holdings: ok fills=660 (55.3s)
[215/2869] BANK2_BL-01c_EMA10__OAT_same_bar_reentry-wait_bar: ok fills=656 (54.6s)
[216/2869] BANK2_BL-01c_EMA10__SPOT_all_excluded_off: ok fills=660 (52.0s)
[217/2869] BANK2_BL-01c_EMA20__ref: ok fills=508 (53.5s)
[218/2869] BANK2_BL-01c_EMA20__ref_wb-150: ok fills=508 (51.0s)
[219/2869] BANK2_BL-01c_EMA20__ref_wb-200: ok fills=508 (54.6s)
[220/2869] BANK2_BL-01c_EMA20__ref_wb-252: ok fills=508 (55.4s)
[221/2869] BANK2_BL-01c_EMA20__T_cross_-today__input_-adjust_warmup-strict_wb-150: ok fills=508 (55.6s)
[222/2869] BANK2_BL-01c_EMA20__T_cross_-today__input_-adjust_warmup-strict: ok fills=508 (57.1s)
[223/2869] BANK2_BL-01c_EMA20__T_cross_-today__input_-adjust_warmup-strict_wb-200: ok fills=508 (56.7s)
[224/2869] BANK2_BL-01c_EMA20__T_cross_-today__input_-raw_warmup-strict: exit=1 fills=None (11.0s)
[225/2869] BANK2_BL-01c_EMA20__T_cross_-today__input_-adjust_warmup-strict_wb-252: ok fills=508 (54.7s)
[226/2869] BANK2_BL-01c_EMA20__T_cross_-both_d_input_-raw_warmup-strict: ok fills=514 (56.1s)
[227/2869] BANK2_BL-01c_EMA20__T_cross_-both_d_input_-raw_warmup-strict_wb-150: ok fills=514 (55.4s)
[228/2869] BANK2_BL-01c_EMA20__T_cross_-both_d_input_-raw_warmup-strict_wb-200: ok fills=514 (53.6s)
[229/2869] BANK2_BL-01c_EMA20__T_cross_-both_d_input_-raw_warmup-strict_wb-252: ok fills=514 (54.7s)
[230/2869] BANK2_BL-01c_EMA20__T_cross_-today__input_-raw_warmup-strict_wb-150: ok fills=514 (60.9s)
[231/2869] BANK2_BL-01c_EMA20__T_cross_-today__input_-raw_warmup-strict_wb-252: ok fills=514 (57.0s)
[232/2869] BANK2_BL-01c_EMA20__T_cross_-today__input_-raw_warmup-strict_wb-200: ok fills=514 (58.5s)
[233/2869] BANK2_BL-01c_EMA20__T_cross_-both_d_input_-adjust_warmup-ready_: ok fills=504 (56.3s)
[234/2869] BANK2_BL-01c_EMA20__T_cross_-today__input_-adjust_warmup-ready_: ok fills=504 (52.4s)
[235/2869] BANK2_BL-01c_EMA20__T_cross_-both_d_input_-raw_warmup-ready_: ok fills=510 (52.0s)
[236/2869] BANK2_BL-01c_EMA20__T_cross_-today__input_-raw_warmup-ready_: ok fills=510 (52.9s)
[237/2869] BANK2_BL-01c_EMA50__ref: exit=1 fills=None (8.9s)
[238/2869] BANK2_BL-01c_EMA20__OAT_rsi_smoothing-simple: ok fills=558 (53.9s)
[239/2869] BANK2_BL-01c_EMA20__OAT_rsi_exit-cross: ok fills=488 (53.6s)
[240/2869] BANK2_BL-01c_EMA20__OAT_a_exec-set_holdings: ok fills=508 (54.9s)
[241/2869] BANK2_BL-01c_EMA20__OAT_same_bar_reentry-wait_bar: ok fills=504 (56.6s)
[242/2869] BANK2_BL-01c_EMA20__SPOT_all_excluded_off: ok fills=508 (57.2s)
[243/2869] BANK2_BL-01c_EMA50__ref_wb-150: ok fills=344 (53.3s)
[244/2869] BANK2_BL-01c_EMA50__ref_wb-200: ok fills=344 (51.7s)
[245/2869] BANK2_BL-01c_EMA50__ref_wb-252: ok fills=344 (52.6s)
[246/2869] BANK2_BL-01c_EMA50__T_cross_-today__input_-adjust_warmup-strict: ok fills=344 (52.2s)
[247/2869] BANK2_BL-01c_EMA50__T_cross_-today__input_-adjust_warmup-strict_wb-150: ok fills=344 (51.4s)
[248/2869] BANK2_BL-01c_EMA50__T_cross_-today__input_-adjust_warmup-strict_wb-200: ok fills=344 (52.0s)
[249/2869] BANK2_BL-01c_EMA50__T_cross_-both_d_input_-raw_warmup-strict: ok fills=346 (49.3s)
[250/2869] BANK2_BL-01c_EMA50__T_cross_-today__input_-adjust_warmup-strict_wb-252: ok fills=344 (53.2s)
[251/2869] BANK2_BL-01c_EMA50__T_cross_-both_d_input_-raw_warmup-strict_wb-150: ok fills=350 (53.3s)
[252/2869] BANK2_BL-01c_EMA50__T_cross_-both_d_input_-raw_warmup-strict_wb-252: ok fills=350 (52.7s)
[253/2869] BANK2_BL-01c_EMA50__T_cross_-both_d_input_-raw_warmup-strict_wb-200: ok fills=350 (55.2s)
[254/2869] BANK2_BL-01c_EMA50__T_cross_-today__input_-adjust_warmup-ready_: exit=1 fills=None (7.8s)
[255/2869] BANK2_BL-01c_EMA50__T_cross_-today__input_-raw_warmup-strict: ok fills=348 (52.3s)
[256/2869] BANK2_BL-01c_EMA50__T_cross_-today__input_-raw_warmup-strict_wb-150: ok fills=350 (48.8s)
[257/2869] BANK2_BL-01c_EMA50__T_cross_-today__input_-raw_warmup-strict_wb-200: ok fills=350 (50.3s)
[258/2869] BANK2_BL-01c_EMA50__T_cross_-today__input_-raw_warmup-strict_wb-252: ok fills=350 (52.9s)
[259/2869] BANK2_BL-01c_EMA50__T_cross_-both_d_input_-adjust_warmup-ready_: ok fills=340 (53.3s)
[260/2869] BANK2_BL-01c_EMA50__T_cross_-both_d_input_-raw_warmup-ready_: ok fills=342 (53.7s)
[261/2869] BANK2_BL-01c_EMA50__OAT_rsi_smoothing-simple: ok fills=394 (53.1s)
[262/2869] BANK2_BL-01c_EMA50__T_cross_-today__input_-raw_warmup-ready_: ok fills=342 (59.0s)
[263/2869] BANK2_BL-01c_EMA100__ref_wb-150: exit=1 fills=None (7.0s)
[264/2869] BANK2_BL-01c_EMA50__OAT_rsi_exit-cross: ok fills=324 (56.8s)
[265/2869] BANK2_BL-01c_EMA50__OAT_a_exec-set_holdings: ok fills=344 (52.8s)
[266/2869] BANK2_BL-01c_EMA50__OAT_same_bar_reentry-wait_bar: ok fills=340 (50.1s)
[267/2869] BANK2_BL-01c_EMA50__SPOT_all_excluded_off: ok fills=344 (52.7s)
[268/2869] BANK2_BL-01c_EMA100__ref: ok fills=282 (52.9s)
[269/2869] BANK2_BL-01c_EMA100__ref_wb-200: ok fills=282 (50.5s)
[270/2869] BANK2_BL-01c_EMA100__ref_wb-252: ok fills=282 (55.0s)
[271/2869] BANK2_BL-01c_EMA100__T_cross_-today__input_-adjust_warmup-strict: ok fills=282 (55.3s)
[272/2869] BANK2_BL-01c_EMA100__T_cross_-today__input_-adjust_warmup-strict_wb-150: ok fills=282 (57.1s)
[273/2869] BANK2_BL-01c_EMA100__T_cross_-today__input_-adjust_warmup-strict_wb-200: ok fills=282 (57.3s)
[274/2869] BANK2_BL-01c_EMA100__T_cross_-today__input_-adjust_warmup-strict_wb-252: ok fills=282 (53.2s)
[275/2869] BANK2_BL-01c_EMA100__T_cross_-both_d_input_-raw_warmup-strict: ok fills=292 (52.6s)
[276/2869] BANK2_BL-01c_EMA100__T_cross_-both_d_input_-raw_warmup-strict_wb-150: ok fills=294 (55.7s)
[277/2869] BANK2_BL-01c_EMA100__T_cross_-both_d_input_-raw_warmup-strict_wb-200: ok fills=294 (53.0s)
[278/2869] BANK2_BL-01c_EMA100__T_cross_-both_d_input_-raw_warmup-strict_wb-252: ok fills=294 (55.4s)
[279/2869] BANK2_BL-01c_EMA100__T_cross_-today__input_-raw_warmup-strict: ok fills=292 (56.8s)
[280/2869] BANK2_BL-01c_EMA100__T_cross_-today__input_-raw_warmup-strict_wb-150: ok fills=294 (55.0s)
[281/2869] BANK2_BL-01c_EMA100__T_cross_-today__input_-raw_warmup-strict_wb-200: ok fills=294 (55.7s)
[282/2869] BANK2_BL-01c_EMA100__T_cross_-today__input_-raw_warmup-strict_wb-252: ok fills=294 (54.3s)
[283/2869] BANK2_BL-01c_EMA100__T_cross_-both_d_input_-adjust_warmup-ready_: ok fills=284 (54.7s)
[284/2869] BANK2_BL-01c_EMA100__T_cross_-today__input_-adjust_warmup-ready_: ok fills=284 (50.9s)
[285/2869] BANK2_BL-01c_EMA100__T_cross_-both_d_input_-raw_warmup-ready_: ok fills=286 (48.4s)
[286/2869] BANK2_BL-01c_EMA100__T_cross_-today__input_-raw_warmup-ready_: ok fills=286 (52.2s)
[287/2869] BANK2_BL-01c_EMA100__OAT_rsi_smoothing-simple: ok fills=332 (50.9s)
[288/2869] BANK2_BL-01c_EMA100__OAT_rsi_exit-cross: ok fills=262 (52.3s)
[289/2869] BANK2_BL-01c_EMA100__OAT_a_exec-set_holdings: ok fills=282 (52.4s)
[290/2869] BANK2_BL-01c_EMA100__OAT_same_bar_reentry-wait_bar: ok fills=278 (52.9s)
[291/2869] BANK2_BL-01c_EMA200__ref: ok fills=234 (50.8s)
[292/2869] BANK2_BL-01c_EMA200__T_cross_-today__input_-adjust_warmup-strict_wb-200: exit=1 fills=None (7.8s)
[293/2869] BANK2_BL-01c_EMA100__SPOT_all_excluded_off: ok fills=282 (54.6s)
[294/2869] BANK2_BL-01c_EMA200__ref_wb-150: ok fills=234 (52.2s)
[295/2869] BANK2_BL-01c_EMA200__ref_wb-252: ok fills=236 (53.4s)
[296/2869] BANK2_BL-01c_EMA200__ref_wb-200: ok fills=234 (54.9s)
[297/2869] BANK2_BL-01c_EMA200__T_cross_-today__input_-adjust_warmup-strict: ok fills=234 (52.0s)
[298/2869] BANK2_BL-01c_EMA200__T_cross_-today__input_-adjust_warmup-strict_wb-150: ok fills=234 (51.5s)
[299/2869] BANK2_BL-01c_EMA200__T_cross_-today__input_-adjust_warmup-strict_wb-252: ok fills=236 (52.3s)
[300/2869] BANK2_BL-01c_EMA200__T_cross_-both_d_input_-raw_warmup-strict: ok fills=232 (53.7s)
[301/2869] BANK2_BL-01c_EMA200__T_cross_-both_d_input_-raw_warmup-strict_wb-150: ok fills=232 (53.4s)
[302/2869] BANK2_BL-01c_EMA200__T_cross_-both_d_input_-raw_warmup-strict_wb-200: ok fills=232 (51.0s)
[303/2869] BANK2_BL-01c_EMA200__T_cross_-both_d_input_-raw_warmup-strict_wb-252: ok fills=232 (50.2s)
[304/2869] BANK2_BL-01c_EMA200__T_cross_-today__input_-raw_warmup-strict_wb-150: ok fills=232 (51.6s)
[305/2869] BANK2_BL-01c_EMA200__T_cross_-today__input_-raw_warmup-strict: ok fills=232 (53.1s)
[306/2869] BANK2_BL-01c_EMA200__T_cross_-today__input_-raw_warmup-strict_wb-200: ok fills=232 (52.8s)
[307/2869] BANK2_BL-01c_EMA200__T_cross_-today__input_-raw_warmup-strict_wb-252: ok fills=232 (51.7s)
[308/2869] BANK2_BL-01c_EMA200__T_cross_-both_d_input_-adjust_warmup-ready_: ok fills=212 (51.2s)
[309/2869] BANK2_BL-01c_EMA200__T_cross_-today__input_-adjust_warmup-ready_: ok fills=212 (53.8s)
[310/2869] BANK2_BL-01c_EMA200__T_cross_-both_d_input_-raw_warmup-ready_: ok fills=212 (51.4s)
[311/2869] BANK2_BL-01c_EMA200__T_cross_-today__input_-raw_warmup-ready_: ok fills=212 (47.7s)
[312/2869] BANK2_BL-01c_EMA200__OAT_rsi_smoothing-simple: ok fills=284 (49.6s)
[313/2869] BANK2_BL-01c_EMA200__OAT_rsi_exit-cross: ok fills=214 (50.2s)
[314/2869] BANK2_BL-01c_EMA200__OAT_a_exec-set_holdings: ok fills=234 (50.2s)
[315/2869] BANK2_BL-01c_EMA200__OAT_same_bar_reentry-wait_bar: ok fills=230 (54.0s)
[316/2869] BANK2_BL-01c_EMA200__SPOT_all_excluded_off: ok fills=234 (52.5s)
[317/2869] BANK2_BL-01c_WMA10__ref: ok fills=718 (55.0s)
[318/2869] BANK2_BL-01c_WMA10__T_cross_-today__input_-adjust_warmup-strict: ok fills=712 (57.6s)
[319/2869] BANK2_BL-01c_WMA10__T_cross_-both_d_input_-raw_warmup-strict: ok fills=712 (52.8s)
[320/2869] BANK2_BL-01c_WMA10__T_cross_-today__input_-raw_warmup-strict: ok fills=706 (56.0s)
[321/2869] BANK2_BL-01c_WMA10__T_cross_-both_d_input_-adjust_warmup-ready_: ok fills=716 (56.9s)
[322/2869] BANK2_BL-01c_WMA10__T_cross_-today__input_-adjust_warmup-ready_: ok fills=710 (54.7s)
[323/2869] BANK2_BL-01c_WMA10__T_cross_-both_d_input_-raw_warmup-ready_: ok fills=710 (56.9s)
[324/2869] BANK2_BL-01c_WMA10__T_cross_-today__input_-raw_warmup-ready_: ok fills=704 (59.1s)
[325/2869] BANK2_BL-01c_WMA10__OAT_rsi_smoothing-simple: ok fills=768 (56.2s)
[326/2869] BANK2_BL-01c_WMA10__OAT_rsi_exit-cross: ok fills=698 (55.0s)
[327/2869] BANK2_BL-01c_WMA10__OAT_a_exec-set_holdings: ok fills=718 (53.0s)
[328/2869] BANK2_BL-01c_WMA10__OAT_same_bar_reentry-wait_bar: ok fills=714 (51.9s)
[329/2869] BANK2_BL-01c_WMA10__SPOT_all_excluded_off: ok fills=718 (55.8s)
[330/2869] BANK2_BL-01c_WMA20__ref: ok fills=556 (53.2s)
[331/2869] BANK2_BL-01c_WMA20__T_cross_-today__input_-adjust_warmup-strict: ok fills=548 (55.4s)
[332/2869] BANK2_BL-01c_WMA20__T_cross_-both_d_input_-raw_warmup-strict: ok fills=544 (56.8s)
[333/2869] BANK2_BL-01c_WMA20__T_cross_-today__input_-raw_warmup-strict: ok fills=536 (56.8s)
[334/2869] BANK2_BL-01c_WMA20__T_cross_-both_d_input_-adjust_warmup-ready_: ok fills=552 (56.4s)
[335/2869] BANK2_BL-01c_WMA20__T_cross_-today__input_-adjust_warmup-ready_: ok fills=544 (55.8s)
[336/2869] BANK2_BL-01c_WMA20__T_cross_-both_d_input_-raw_warmup-ready_: ok fills=540 (54.2s)
[337/2869] BANK2_BL-01c_WMA20__T_cross_-today__input_-raw_warmup-ready_: ok fills=532 (54.4s)
[338/2869] BANK2_BL-01c_WMA20__OAT_rsi_smoothing-simple: ok fills=606 (54.7s)
[339/2869] BANK2_BL-01c_WMA20__OAT_rsi_exit-cross: ok fills=536 (55.7s)
[340/2869] BANK2_BL-01c_WMA20__OAT_a_exec-set_holdings: ok fills=556 (56.6s)
[341/2869] BANK2_BL-01c_WMA20__OAT_same_bar_reentry-wait_bar: ok fills=552 (57.2s)
[342/2869] BANK2_BL-01c_WMA20__SPOT_all_excluded_off: ok fills=556 (56.2s)
[343/2869] BANK2_BL-01c_WMA50__T_cross_-today__input_-adjust_warmup-ready_: exit=1 fills=None (8.5s)
[344/2869] BANK2_BL-01c_WMA50__ref: ok fills=392 (58.8s)
[345/2869] BANK2_BL-01c_WMA50__T_cross_-today__input_-adjust_warmup-strict: ok fills=390 (55.7s)
[346/2869] BANK2_BL-01c_WMA50__T_cross_-both_d_input_-raw_warmup-strict: ok fills=397 (59.2s)
[347/2869] BANK2_BL-01c_WMA50__T_cross_-today__input_-raw_warmup-strict: ok fills=393 (58.7s)
[348/2869] BANK2_BL-01c_WMA50__T_cross_-both_d_input_-adjust_warmup-ready_: ok fills=382 (58.8s)
[349/2869] BANK2_BL-01c_WMA50__T_cross_-both_d_input_-raw_warmup-ready_: ok fills=387 (57.0s)
[350/2869] BANK2_BL-01c_WMA50__T_cross_-today__input_-raw_warmup-ready_: ok fills=385 (61.9s)
[351/2869] BANK2_BL-01c_WMA50__OAT_rsi_smoothing-simple: ok fills=442 (61.9s)
[352/2869] BANK2_BL-01c_WMA50__OAT_rsi_exit-cross: ok fills=372 (56.5s)
[353/2869] BANK2_BL-01c_WMA50__OAT_a_exec-set_holdings: ok fills=392 (59.1s)
[354/2869] BANK2_BL-01c_WMA100__T_cross_-both_d_input_-raw_warmup-strict: exit=1 fills=None (10.1s)
[355/2869] BANK2_BL-01c_WMA50__OAT_same_bar_reentry-wait_bar: ok fills=388 (57.0s)
[356/2869] BANK2_BL-01c_WMA50__SPOT_all_excluded_off: ok fills=392 (56.4s)
[357/2869] BANK2_BL-01c_WMA100__ref: ok fills=314 (58.1s)
[358/2869] BANK2_BL-01c_WMA100__T_cross_-today__input_-adjust_warmup-strict: ok fills=312 (54.8s)
[359/2869] BANK2_BL-01c_WMA100__T_cross_-today__input_-raw_warmup-strict: ok fills=302 (59.7s)
[360/2869] BANK2_BL-01c_WMA100__T_cross_-both_d_input_-adjust_warmup-ready_: ok fills=308 (58.0s)
[361/2869] BANK2_BL-01c_WMA100__T_cross_-today__input_-adjust_warmup-ready_: ok fills=306 (59.5s)
[362/2869] BANK2_BL-01c_WMA100__T_cross_-both_d_input_-raw_warmup-ready_: ok fills=300 (60.2s)
[363/2869] BANK2_BL-01c_WMA100__OAT_same_bar_reentry-wait_bar: exit=1 fills=None (12.9s)
[364/2869] BANK2_BL-01c_WMA100__T_cross_-today__input_-raw_warmup-ready_: ok fills=294 (58.3s)
[365/2869] BANK2_BL-01c_WMA100__OAT_rsi_smoothing-simple: ok fills=364 (56.0s)
[366/2869] BANK2_BL-01c_WMA200__T_cross_-today__input_-adjust_warmup-strict: exit=1 fills=None (8.8s)
[367/2869] BANK2_BL-01c_WMA100__OAT_rsi_exit-cross: ok fills=294 (47.3s)
[368/2869] BANK2_BL-01c_WMA100__OAT_a_exec-set_holdings: ok fills=314 (46.6s)
[369/2869] BANK2_BL-01c_WMA100__SPOT_all_excluded_off: ok fills=314 (41.7s)
[370/2869] BANK2_BL-01c_WMA200__ref: ok fills=268 (41.6s)
[371/2869] BANK2_BL-01c_WMA200__T_cross_-both_d_input_-raw_warmup-strict: ok fills=262 (48.1s)
[372/2869] BANK2_BL-01c_WMA200__T_cross_-today__input_-raw_warmup-strict: ok fills=258 (47.0s)
[373/2869] BANK2_BL-01c_WMA200__T_cross_-both_d_input_-adjust_warmup-ready_: ok fills=240 (43.8s)
[374/2869] BANK2_BL-01c_WMA200__T_cross_-today__input_-adjust_warmup-ready_: ok fills=240 (44.8s)
[375/2869] BANK2_BL-01c_WMA200__T_cross_-both_d_input_-raw_warmup-ready_: ok fills=238 (46.2s)
[376/2869] BANK2_BL-01c_WMA200__T_cross_-today__input_-raw_warmup-ready_: ok fills=234 (49.1s)
[377/2869] BANK2_BL-01c_WMA200__OAT_rsi_smoothing-simple: ok fills=318 (54.4s)
[378/2869] BANK2_BL-01c_WMA200__OAT_rsi_exit-cross: ok fills=248 (56.0s)
[379/2869] BANK2_BL-01c_WMA200__OAT_same_bar_reentry-wait_bar: ok fills=264 (57.2s)
[380/2869] BANK2_BL-01c_WMA200__OAT_a_exec-set_holdings: ok fills=268 (61.6s)
[381/2869] BANK2_BL-01c_WMA200__SPOT_all_excluded_off: ok fills=268 (65.1s)
[382/2869] BANK2_CROSS_conv_reent__ref: ok fills=270 (65.0s)
[383/2869] BANK2_CROSS_conv_reent__T_cross_-today__input_-adjust_warmup-strict: ok fills=266 (64.1s)
[384/2869] BANK2_CROSS_conv_reent__T_cross_-both_d_input_-raw_warmup-strict: ok fills=280 (65.2s)
[385/2869] BANK2_CROSS_conv_reent__T_cross_-today__input_-raw_warmup-strict: ok fills=278 (57.8s)
[386/2869] BANK2_CROSS_conv_reent__T_cross_-both_d_input_-adjust_warmup-ready_: ok fills=266 (54.4s)
[387/2869] BANK2_CROSS_conv_reent__T_cross_-today__input_-adjust_warmup-ready_: ok fills=262 (56.0s)
[388/2869] BANK2_CROSS_conv_reent__T_cross_-both_d_input_-raw_warmup-ready_: ok fills=276 (57.2s)
[389/2869] BANK2_CROSS_conv_reent__OAT_rsi_smoothing-simple: ok fills=320 (61.6s)
[390/2869] BANK2_CROSS_conv_wait__T_cross_-both_d_input_-raw_warmup-strict: exit=1 fills=None (10.9s)
[391/2869] BANK2_CROSS_conv_reent__T_cross_-today__input_-raw_warmup-ready_: ok fills=274 (63.3s)
[392/2869] BANK2_CROSS_conv_reent__OAT_rsi_exit-cross: ok fills=250 (65.7s)
[393/2869] BANK2_CROSS_conv_reent__OAT_a_exec-set_holdings: ok fills=270 (65.9s)
[394/2869] BANK2_CROSS_conv_reent__SPOT_all_excluded_off: ok fills=270 (67.6s)
[395/2869] BANK2_CROSS_conv_wait__ref: ok fills=266 (66.9s)
[396/2869] BANK2_CROSS_conv_wait__T_cross_-today__input_-adjust_warmup-strict: ok fills=262 (68.0s)
[397/2869] BANK2_CROSS_conv_wait__T_cross_-today__input_-raw_warmup-strict: ok fills=276 (69.0s)
[398/2869] BANK2_CROSS_conv_wait__T_cross_-both_d_input_-adjust_warmup-ready_: ok fills=262 (72.6s)
[399/2869] BANK2_CROSS_conv_wait__T_cross_-today__input_-adjust_warmup-ready_: ok fills=258 (75.5s)
[400/2869] BANK2_CROSS_conv_wait__T_cross_-both_d_input_-raw_warmup-ready_: ok fills=274 (73.3s)
[401/2869] BANK2_CROSS_inv_reent__T_cross_-today__input_-adjust_warmup-strict: exit=1 fills=None (11.6s)
[402/2869] BANK2_CROSS_conv_wait__T_cross_-today__input_-raw_warmup-ready_: ok fills=272 (73.1s)
[403/2869] BANK2_CROSS_conv_wait__OAT_rsi_smoothing-simple: ok fills=306 (70.7s)
[404/2869] BANK2_CROSS_conv_wait__OAT_rsi_exit-cross: ok fills=250 (71.7s)
[405/2869] BANK2_CROSS_conv_wait__OAT_a_exec-set_holdings: ok fills=266 (68.6s)
[406/2869] BANK2_CROSS_conv_wait__SPOT_all_excluded_off: ok fills=270 (61.7s)
[407/2869] BANK2_CROSS_inv_reent__ref: ok fills=271 (62.5s)
[408/2869] BANK2_CROSS_inv_reent__T_cross_-both_d_input_-raw_warmup-strict: ok fills=281 (70.8s)
[409/2869] BANK2_CROSS_inv_reent__T_cross_-today__input_-raw_warmup-strict: ok fills=279 (71.0s)
[410/2869] BANK2_CROSS_inv_reent__T_cross_-both_d_input_-adjust_warmup-ready_: ok fills=265 (70.5s)
[411/2869] BANK2_CROSS_inv_reent__T_cross_-today__input_-adjust_warmup-ready_: ok fills=261 (71.4s)
[412/2869] BANK2_CROSS_inv_reent__T_cross_-both_d_input_-raw_warmup-ready_: ok fills=275 (73.5s)
[413/2869] BANK2_CROSS_inv_reent__T_cross_-today__input_-raw_warmup-ready_: ok fills=273 (74.9s)
[414/2869] BANK2_CROSS_inv_wait__T_cross_-both_d_input_-raw_warmup-strict: exit=1 fills=None (13.5s)
[415/2869] BANK2_CROSS_inv_reent__OAT_rsi_smoothing-simple: ok fills=321 (77.0s)
[416/2869] BANK2_CROSS_inv_reent__OAT_rsi_exit-cross: ok fills=251 (75.5s)
[417/2869] BANK2_CROSS_inv_reent__OAT_a_exec-set_holdings: ok fills=271 (72.9s)
[418/2869] BANK2_CROSS_inv_reent__SPOT_all_excluded_off: ok fills=271 (76.0s)
[419/2869] BANK2_CROSS_inv_wait__ref: ok fills=267 (75.7s)
[420/2869] BANK2_CROSS_inv_wait__T_cross_-today__input_-adjust_warmup-strict: ok fills=263 (77.0s)
[421/2869] BANK2_CROSS_inv_wait__T_cross_-both_d_input_-adjust_warmup-ready_: ok fills=261 (74.6s)
[422/2869] BANK2_CROSS_inv_wait__T_cross_-today__input_-raw_warmup-strict: ok fills=277 (81.1s)
[423/2869] BANK2_CROSS_inv_wait__T_cross_-today__input_-adjust_warmup-ready_: ok fills=257 (75.0s)
[424/2869] BANK2_CROSS_inv_wait__T_cross_-both_d_input_-raw_warmup-ready_: ok fills=273 (79.4s)
[425/2869] BANK2_CROSS_inv_wait__T_cross_-today__input_-raw_warmup-ready_: ok fills=271 (70.2s)
[426/2869] BANK2_CROSS_inv_wait__OAT_rsi_smoothing-simple: ok fills=307 (71.8s)
[427/2869] BANK2_CROSS_inv_wait__OAT_rsi_exit-cross: ok fills=251 (70.9s)
[428/2869] BANK2_CROSS_inv_wait__OAT_a_exec-set_holdings: ok fills=267 (68.4s)
[429/2869] BANK2_CROSS_inv_wait__SPOT_all_excluded_off: ok fills=271 (63.1s)
[430/2869] BANK2_CROSS_sym_reent__ref: ok fills=386 (64.3s)
[431/2869] BANK2_CROSS_sym_reent__T_cross_-today__input_-adjust_warmup-strict: ok fills=386 (64.8s)
[432/2869] BANK2_CROSS_sym_reent__T_cross_-both_d_input_-raw_warmup-strict: ok fills=416 (60.5s)
[433/2869] BANK2_CROSS_sym_reent__T_cross_-today__input_-raw_warmup-strict: ok fills=418 (61.5s)
[434/2869] BANK2_CROSS_sym_reent__T_cross_-both_d_input_-adjust_warmup-ready_: ok fills=380 (62.7s)
[435/2869] BANK2_CROSS_sym_reent__T_cross_-today__input_-adjust_warmup-ready_: ok fills=380 (64.5s)
[436/2869] BANK2_CROSS_sym_reent__T_cross_-both_d_input_-raw_warmup-ready_: ok fills=410 (62.2s)
[437/2869] BANK2_CROSS_sym_reent__T_cross_-today__input_-raw_warmup-ready_: ok fills=412 (59.3s)
[438/2869] BANK2_CROSS_sym_wait__T_cross_-both_d_input_-raw_warmup-strict: exit=1 fills=None (11.1s)
[439/2869] BANK2_CROSS_sym_reent__OAT_rsi_smoothing-simple: ok fills=436 (63.4s)
[440/2869] BANK2_CROSS_sym_reent__OAT_rsi_exit-cross: ok fills=366 (61.9s)
[441/2869] BANK2_CROSS_sym_reent__OAT_a_exec-set_holdings: ok fills=386 (60.1s)
[442/2869] BANK2_CROSS_sym_wait__ref: ok fills=267 (56.1s)
[443/2869] BANK2_CROSS_sym_reent__SPOT_all_excluded_off: ok fills=386 (62.9s)
[444/2869] BANK2_CROSS_sym_wait__T_cross_-today__input_-adjust_warmup-strict: ok fills=267 (63.4s)
[445/2869] BANK2_CROSS_sym_wait__OAT_rsi_smoothing-simple: exit=1 fills=None (14.4s)
[446/2869] BANK2_CROSS_sym_wait__T_cross_-today__input_-raw_warmup-strict: ok fills=280 (65.9s)
[447/2869] BANK2_CROSS_sym_wait__T_cross_-both_d_input_-adjust_warmup-ready_: ok fills=262 (67.1s)
[448/2869] BANK2_CROSS_sym_wait__T_cross_-today__input_-adjust_warmup-ready_: ok fills=262 (71.0s)
[449/2869] BANK2_CROSS_sym_wait__T_cross_-today__input_-raw_warmup-ready_: ok fills=275 (66.3s)
[450/2869] BANK2_CROSS_sym_wait__T_cross_-both_d_input_-raw_warmup-ready_: ok fills=274 (67.8s)
[451/2869] BANK2_CROSS_sym_wait__OAT_rsi_exit-cross: ok fills=251 (65.4s)
[452/2869] BANK2_CROSS_sym_wait__SPOT_all_excluded_off: ok fills=271 (62.1s)
[453/2869] BANK2_CROSS_sym_wait__OAT_a_exec-set_holdings: ok fills=267 (65.7s)
[454/2869] BANK2_CROSS_uu_reent__ref: ok fills=270 (58.6s)
[455/2869] BANK2_CROSS_uu_reent__T_cross_-today__input_-adjust_warmup-strict: ok fills=270 (57.2s)
[456/2869] BANK2_CROSS_uu_reent__T_cross_-both_d_input_-raw_warmup-strict: ok fills=280 (55.7s)
[457/2869] BANK2_CROSS_uu_reent__T_cross_-today__input_-raw_warmup-strict: ok fills=282 (56.5s)
[458/2869] BANK2_CROSS_uu_reent__T_cross_-both_d_input_-adjust_warmup-ready_: ok fills=266 (57.1s)
[459/2869] BANK2_CROSS_uu_reent__T_cross_-today__input_-adjust_warmup-ready_: ok fills=266 (56.0s)
[460/2869] BANK2_CROSS_uu_reent__T_cross_-both_d_input_-raw_warmup-ready_: ok fills=276 (55.9s)
[461/2869] BANK2_CROSS_uu_reent__T_cross_-today__input_-raw_warmup-ready_: ok fills=278 (57.2s)
[462/2869] BANK2_CROSS_uu_reent__OAT_rsi_smoothing-simple: ok fills=320 (58.8s)
[463/2869] BANK2_CROSS_uu_reent__OAT_rsi_exit-cross: ok fills=250 (58.5s)
[464/2869] BANK2_CROSS_uu_reent__OAT_a_exec-set_holdings: ok fills=270 (57.5s)
[465/2869] BANK2_CROSS_uu_reent__SPOT_all_excluded_off: ok fills=270 (57.5s)
[466/2869] BANK2_CROSS_uu_wait__ref: ok fills=209 (58.4s)
[467/2869] BANK2_CROSS_uu_wait__T_cross_-today__input_-adjust_warmup-strict: ok fills=209 (59.2s)
[468/2869] BANK2_CROSS_uu_wait__T_cross_-both_d_input_-raw_warmup-strict: ok fills=211 (60.5s)
[469/2869] BANK2_CROSS_uu_wait__T_cross_-today__input_-raw_warmup-strict: ok fills=212 (60.1s)
[470/2869] BANK2_CROSS_uu_wait__T_cross_-today__input_-adjust_warmup-ready_: ok fills=205 (58.3s)
[471/2869] BANK2_CROSS_uu_wait__T_cross_-both_d_input_-adjust_warmup-ready_: ok fills=205 (59.4s)
[472/2869] BANK2_CROSS_uu_wait__T_cross_-both_d_input_-raw_warmup-ready_: ok fills=207 (62.5s)
[473/2869] BANK2_CROSS_uu_wait__T_cross_-today__input_-raw_warmup-ready_: ok fills=208 (60.3s)
[474/2869] BANK2_CROSS_uu_wait__OAT_rsi_smoothing-simple: ok fills=249 (64.4s)
[475/2869] BANK2_CROSS_uu_wait__OAT_rsi_exit-cross: ok fills=193 (65.4s)
[476/2869] BANK2_CROSS_uu_wait__OAT_a_exec-set_holdings: ok fills=209 (69.9s)
[477/2869] BANK2_CROSS_dd_reent__T_cross_-today__input_-adjust_warmup-ready_: exit=1 fills=None (17.6s)
[478/2869] BANK2_CROSS_uu_wait__SPOT_all_excluded_off: ok fills=213 (73.5s)
[479/2869] BANK2_CROSS_dd_reent__ref: ok fills=270 (72.5s)
[480/2869] BANK2_CROSS_dd_reent__T_cross_-today__input_-adjust_warmup-strict: ok fills=270 (74.6s)
[481/2869] BANK2_CROSS_dd_reent__T_cross_-both_d_input_-raw_warmup-strict: ok fills=280 (74.6s)
[482/2869] BANK2_CROSS_dd_reent__T_cross_-today__input_-raw_warmup-strict: ok fills=280 (78.5s)
[483/2869] BANK2_CROSS_dd_reent__T_cross_-both_d_input_-adjust_warmup-ready_: ok fills=264 (76.3s)
[484/2869] BANK2_CROSS_dd_reent__T_cross_-both_d_input_-raw_warmup-ready_: ok fills=274 (73.1s)
[485/2869] BANK2_CROSS_dd_reent__T_cross_-today__input_-raw_warmup-ready_: ok fills=274 (76.9s)
[486/2869] BANK2_CROSS_dd_reent__OAT_rsi_smoothing-simple: ok fills=320 (81.0s)
[487/2869] BANK2_CROSS_dd_reent__OAT_rsi_exit-cross: ok fills=250 (73.7s)
[488/2869] BANK2_CROSS_dd_wait__T_cross_-today__input_-raw_warmup-strict: exit=1 fills=None (14.3s)
[489/2869] BANK2_CROSS_dd_reent__OAT_a_exec-set_holdings: ok fills=270 (72.5s)
[490/2869] BANK2_CROSS_dd_reent__SPOT_all_excluded_off: ok fills=270 (61.5s)
[491/2869] BANK2_CROSS_dd_wait__T_cross_-today__input_-adjust_warmup-strict: ok fills=209 (66.3s)
[492/2869] BANK2_CROSS_dd_wait__ref: ok fills=209 (70.7s)
[493/2869] BANK2_CROSS_dd_wait__T_cross_-both_d_input_-raw_warmup-strict: ok fills=211 (66.1s)
[494/2869] BANK2_CROSS_dd_wait__T_cross_-both_d_input_-adjust_warmup-ready_: ok fills=204 (60.0s)
[495/2869] BANK2_CROSS_dd_wait__T_cross_-today__input_-adjust_warmup-ready_: ok fills=204 (64.4s)
[496/2869] BANK2_CROSS_dd_wait__T_cross_-both_d_input_-raw_warmup-ready_: ok fills=206 (67.5s)
[497/2869] BANK2_CROSS_dd_wait__T_cross_-today__input_-raw_warmup-ready_: ok fills=206 (66.6s)
[498/2869] BANK2_CROSS_dd_wait__OAT_rsi_smoothing-simple: ok fills=249 (63.1s)
[499/2869] BANK2_CROSS_dd_wait__OAT_rsi_exit-cross: ok fills=193 (67.7s)
[500/2869] BANK2_CROSS_dd_wait__OAT_a_exec-set_holdings: ok fills=209 (68.9s)
[501/2869] BANK2_CROSS_dd_wait__SPOT_all_excluded_off: ok fills=213 (62.9s)
[502/2869] BANK2_CROSS_ua_reent__ref: ok fills=270 (62.6s)
[503/2869] BANK2_CROSS_ua_reent__T_cross_-today__input_-adjust_warmup-strict: ok fills=270 (63.4s)
[504/2869] BANK2_CROSS_ua_reent__T_cross_-today__input_-raw_warmup-strict: ok fills=282 (63.2s)
[505/2869] BANK2_CROSS_ua_reent__T_cross_-both_d_input_-raw_warmup-strict: ok fills=280 (65.8s)
[506/2869] BANK2_CROSS_ua_reent__T_cross_-both_d_input_-adjust_warmup-ready_: ok fills=266 (65.6s)
[507/2869] BANK2_CROSS_ua_reent__T_cross_-both_d_input_-raw_warmup-ready_: ok fills=276 (66.7s)
[508/2869] BANK2_CROSS_ua_reent__T_cross_-today__input_-adjust_warmup-ready_: ok fills=266 (69.7s)
[509/2869] BANK2_CROSS_ua_reent__T_cross_-today__input_-raw_warmup-ready_: ok fills=278 (67.7s)
[510/2869] BANK2_CROSS_ua_reent__OAT_rsi_smoothing-simple: ok fills=320 (60.8s)
[511/2869] BANK2_CROSS_ua_reent__OAT_rsi_exit-cross: ok fills=250 (66.3s)
[512/2869] BANK2_CROSS_ua_wait__T_cross_-both_d_input_-adjust_warmup-ready_: exit=1 fills=None (15.0s)
[513/2869] BANK2_CROSS_ua_reent__SPOT_all_excluded_off: ok fills=270 (65.4s)
[514/2869] BANK2_CROSS_ua_reent__OAT_a_exec-set_holdings: ok fills=270 (68.2s)
[515/2869] BANK2_CROSS_ua_wait__ref: ok fills=266 (68.7s)
[516/2869] BANK2_CROSS_ua_wait__T_cross_-both_d_input_-raw_warmup-strict: ok fills=278 (69.1s)
[517/2869] BANK2_CROSS_ua_wait__T_cross_-today__input_-adjust_warmup-strict: ok fills=262 (70.6s)
[518/2869] BANK2_CROSS_ua_wait__T_cross_-today__input_-raw_warmup-strict: ok fills=276 (66.6s)
[519/2869] BANK2_CROSS_ua_wait__T_cross_-both_d_input_-raw_warmup-ready_: ok fills=274 (66.1s)
[520/2869] BANK2_CROSS_ua_wait__T_cross_-today__input_-adjust_warmup-ready_: ok fills=258 (67.1s)
[521/2869] BANK2_CROSS_ua_wait__OAT_rsi_smoothing-simple: ok fills=306 (64.6s)
[522/2869] BANK2_CROSS_ua_wait__T_cross_-today__input_-raw_warmup-ready_: ok fills=272 (65.8s)
[523/2869] BANK2_CROSS_ua_wait__OAT_rsi_exit-cross: ok fills=250 (67.2s)
[524/2869] BANK2_CROSS_ua_wait__OAT_a_exec-set_holdings: ok fills=266 (66.4s)
[525/2869] BANK2_CROSS_ua_wait__SPOT_all_excluded_off: ok fills=270 (67.6s)
[526/2869] BANK2_CROSS_au_reent__ref: ok fills=272 (63.6s)
[527/2869] BANK2_CROSS_au_reent__T_cross_-both_d_input_-raw_warmup-strict: ok fills=282 (64.0s)
[528/2869] BANK2_CROSS_au_reent__T_cross_-today__input_-raw_warmup-strict: ok fills=284 (64.4s)
[529/2869] BANK2_CROSS_au_reent__T_cross_-today__input_-adjust_warmup-strict: ok fills=272 (68.6s)
[530/2869] BANK2_CROSS_au_reent__T_cross_-both_d_input_-adjust_warmup-ready_: ok fills=266 (69.9s)
[531/2869] BANK2_CROSS_au_reent__T_cross_-today__input_-adjust_warmup-ready_: ok fills=266 (67.1s)
[532/2869] BANK2_CROSS_au_reent__OAT_rsi_exit-cross: exit=1 fills=None (14.1s)
[533/2869] BANK2_CROSS_au_reent__T_cross_-both_d_input_-raw_warmup-ready_: ok fills=276 (68.7s)
[534/2869] BANK2_CROSS_au_reent__T_cross_-today__input_-raw_warmup-ready_: ok fills=278 (69.1s)
[535/2869] BANK2_CROSS_au_reent__OAT_rsi_smoothing-simple: ok fills=322 (68.1s)
[536/2869] BANK2_CROSS_au_reent__SPOT_all_excluded_off: ok fills=272 (64.5s)
[537/2869] BANK2_CROSS_au_reent__OAT_a_exec-set_holdings: ok fills=272 (66.3s)
[538/2869] BANK2_CROSS_au_wait__T_cross_-today__input_-adjust_warmup-strict: ok fills=263 (63.4s)
[539/2869] BANK2_CROSS_au_wait__ref: ok fills=267 (67.2s)
[540/2869] BANK2_CROSS_au_wait__T_cross_-both_d_input_-raw_warmup-strict: ok fills=279 (70.1s)
[541/2869] BANK2_CROSS_au_wait__T_cross_-today__input_-raw_warmup-strict: ok fills=277 (62.0s)
[542/2869] BANK2_CROSS_au_wait__T_cross_-both_d_input_-adjust_warmup-ready_: ok fills=261 (63.2s)
[543/2869] BANK2_CROSS_au_wait__T_cross_-today__input_-adjust_warmup-ready_: ok fills=257 (65.0s)
[544/2869] BANK2_CROSS_au_wait__T_cross_-both_d_input_-raw_warmup-ready_: ok fills=273 (64.1s)
[545/2869] BANK2_CROSS_au_wait__T_cross_-today__input_-raw_warmup-ready_: ok fills=271 (66.4s)
[546/2869] BANK2_CROSS_au_wait__OAT_rsi_exit-cross: ok fills=251 (62.9s)
[547/2869] BANK2_CROSS_au_wait__OAT_rsi_smoothing-simple: ok fills=307 (64.7s)
[548/2869] BANK2_CROSS_au_wait__OAT_a_exec-set_holdings: ok fills=267 (61.7s)
[549/2869] BANK2_CROSS_au_wait__SPOT_all_excluded_off: ok fills=271 (61.4s)
[550/2869] BANK2_CROSS_da_reent__ref: ok fills=271 (61.4s)
[551/2869] BANK2_CROSS_da_reent__T_cross_-today__input_-adjust_warmup-strict: ok fills=271 (61.7s)
[552/2869] BANK2_CROSS_da_reent__T_cross_-both_d_input_-raw_warmup-strict: ok fills=281 (60.7s)
[553/2869] BANK2_CROSS_da_reent__T_cross_-today__input_-raw_warmup-strict: ok fills=281 (62.7s)
[554/2869] BANK2_CROSS_da_reent__T_cross_-both_d_input_-adjust_warmup-ready_: ok fills=265 (62.1s)
[555/2869] BANK2_CROSS_da_reent__T_cross_-today__input_-adjust_warmup-ready_: ok fills=265 (64.7s)
[556/2869] BANK2_CROSS_da_reent__T_cross_-both_d_input_-raw_warmup-ready_: ok fills=275 (60.9s)
[557/2869] BANK2_CROSS_da_reent__T_cross_-today__input_-raw_warmup-ready_: ok fills=275 (60.4s)
[558/2869] BANK2_CROSS_da_reent__OAT_rsi_smoothing-simple: ok fills=321 (61.2s)
[559/2869] BANK2_CROSS_da_reent__OAT_rsi_exit-cross: ok fills=251 (60.5s)
[560/2869] BANK2_CROSS_da_reent__OAT_a_exec-set_holdings: ok fills=271 (60.9s)
[561/2869] BANK2_CROSS_da_reent__SPOT_all_excluded_off: ok fills=271 (57.4s)
[562/2869] BANK2_CROSS_da_wait__T_cross_-today__input_-adjust_warmup-strict: ok fills=263 (62.6s)
[563/2869] BANK2_CROSS_da_wait__T_cross_-both_d_input_-raw_warmup-strict: ok fills=279 (61.5s)
[564/2869] BANK2_CROSS_da_wait__ref: ok fills=267 (67.1s)
[565/2869] BANK2_CROSS_da_wait__T_cross_-today__input_-raw_warmup-strict: ok fills=277 (60.2s)
[566/2869] BANK2_CROSS_da_wait__T_cross_-both_d_input_-adjust_warmup-ready_: ok fills=261 (60.2s)
[567/2869] BANK2_CROSS_da_wait__T_cross_-today__input_-adjust_warmup-ready_: ok fills=257 (58.0s)
[568/2869] BANK2_CROSS_da_wait__T_cross_-both_d_input_-raw_warmup-ready_: ok fills=273 (55.5s)
[569/2869] BANK2_CROSS_da_wait__T_cross_-today__input_-raw_warmup-ready_: ok fills=271 (57.4s)
[570/2869] BANK2_CROSS_da_wait__OAT_a_exec-set_holdings: ok fills=267 (59.4s)
[571/2869] BANK2_CROSS_da_wait__OAT_rsi_smoothing-simple: ok fills=307 (61.6s)
[572/2869] BANK2_CROSS_da_wait__OAT_rsi_exit-cross: ok fills=251 (64.5s)
[573/2869] BANK2_CROSS_da_wait__SPOT_all_excluded_off: ok fills=271 (67.0s)
[574/2869] BANK2_CROSS_ad_reent__ref: ok fills=270 (64.7s)
[575/2869] BANK2_CROSS_ad_reent__T_cross_-today__input_-adjust_warmup-strict: ok fills=270 (64.2s)
[576/2869] BANK2_CROSS_ad_reent__T_cross_-today__input_-raw_warmup-strict: ok fills=280 (61.4s)
[577/2869] BANK2_CROSS_ad_reent__T_cross_-both_d_input_-raw_warmup-strict: ok fills=280 (67.0s)
[578/2869] BANK2_CROSS_ad_reent__T_cross_-both_d_input_-adjust_warmup-ready_: ok fills=266 (62.2s)
[579/2869] BANK2_CROSS_ad_reent__T_cross_-today__input_-adjust_warmup-ready_: ok fills=266 (60.9s)
[580/2869] BANK2_CROSS_ad_reent__SPOT_all_excluded_off: exit=1 fills=None (14.4s)
[581/2869] BANK2_CROSS_ad_reent__T_cross_-both_d_input_-raw_warmup-ready_: ok fills=276 (60.6s)
[582/2869] BANK2_CROSS_ad_reent__T_cross_-today__input_-raw_warmup-ready_: ok fills=276 (60.4s)
[583/2869] BANK2_CROSS_ad_reent__OAT_rsi_smoothing-simple: ok fills=320 (63.0s)
[584/2869] BANK2_CROSS_ad_reent__OAT_rsi_exit-cross: ok fills=250 (62.0s)
[585/2869] BANK2_CROSS_ad_reent__OAT_a_exec-set_holdings: ok fills=270 (60.9s)
[586/2869] BANK2_CROSS_ad_wait__T_cross_-both_d_input_-raw_warmup-strict: ok fills=278 (61.6s)
[587/2869] BANK2_CROSS_ad_wait__T_cross_-today__input_-adjust_warmup-strict: ok fills=262 (62.2s)
[588/2869] BANK2_CROSS_ad_wait__T_cross_-today__input_-raw_warmup-strict: ok fills=276 (60.7s)
[589/2869] BANK2_CROSS_ad_wait__ref: ok fills=266 (64.7s)
[590/2869] BANK2_CROSS_ad_wait__T_cross_-both_d_input_-adjust_warmup-ready_: ok fills=262 (63.2s)
[591/2869] BANK2_CROSS_ad_wait__T_cross_-today__input_-adjust_warmup-ready_: ok fills=258 (62.0s)
[592/2869] BANK2_CROSS_ad_wait__T_cross_-both_d_input_-raw_warmup-ready_: ok fills=274 (63.6s)
[593/2869] BANK2_CROSS_ad_wait__T_cross_-today__input_-raw_warmup-ready_: ok fills=272 (57.3s)
[594/2869] BANK2_CROSS_ad_wait__OAT_rsi_smoothing-simple: ok fills=306 (58.7s)
[595/2869] BANK2_CROSS_ad_wait__SPOT_all_excluded_off: ok fills=270 (58.8s)
[596/2869] BANK2_CROSS_ad_wait__OAT_a_exec-set_holdings: ok fills=266 (60.8s)
[597/2869] BANK2_CROSS_ad_wait__OAT_rsi_exit-cross: ok fills=250 (62.1s)
[598/2869] BANK2_CROSS_level_reent__ref: ok fills=272 (59.9s)
[599/2869] BANK2_CROSS_level_reent__T_cross_-today__input_-adjust_warmup-strict: ok fills=272 (62.4s)
[600/2869] BANK2_CROSS_level_reent__T_cross_-both_d_input_-raw_warmup-strict: ok fills=282 (61.4s)
[601/2869] BANK2_CROSS_level_reent__T_cross_-today__input_-raw_warmup-strict: ok fills=282 (61.7s)
[602/2869] BANK2_CROSS_level_reent__T_cross_-both_d_input_-adjust_warmup-ready_: ok fills=266 (57.8s)
[603/2869] BANK2_CROSS_level_reent__T_cross_-today__input_-adjust_warmup-ready_: ok fills=266 (58.6s)
[604/2869] BANK2_CROSS_level_reent__T_cross_-today__input_-raw_warmup-ready_: ok fills=276 (59.8s)
[605/2869] BANK2_CROSS_level_reent__T_cross_-both_d_input_-raw_warmup-ready_: ok fills=276 (63.5s)
[606/2869] BANK2_CROSS_level_reent__OAT_rsi_smoothing-simple: ok fills=322 (62.0s)
[607/2869] BANK2_CROSS_level_reent__OAT_rsi_exit-cross: ok fills=252 (65.6s)
[608/2869] BANK2_CROSS_level_reent__OAT_a_exec-set_holdings: ok fills=272 (63.6s)
[609/2869] BANK2_CROSS_level_reent__SPOT_all_excluded_off: ok fills=272 (61.0s)
[610/2869] BANK2_CROSS_level_wait__ref: ok fills=268 (56.4s)
[611/2869] BANK2_CROSS_level_wait__T_cross_-today__input_-adjust_warmup-strict: ok fills=268 (59.0s)
[612/2869] BANK2_CROSS_level_wait__T_cross_-today__input_-raw_warmup-strict: ok fills=280 (60.0s)
[613/2869] BANK2_CROSS_level_wait__T_cross_-both_d_input_-raw_warmup-strict: ok fills=280 (64.6s)
[614/2869] BANK2_CROSS_level_wait__T_cross_-both_d_input_-adjust_warmup-ready_: ok fills=262 (59.3s)
[615/2869] BANK2_CROSS_level_wait__T_cross_-today__input_-adjust_warmup-ready_: ok fills=262 (62.8s)
[616/2869] BANK2_CROSS_level_wait__T_cross_-both_d_input_-raw_warmup-ready_: ok fills=274 (60.8s)
[617/2869] BANK2_CROSS_level_wait__T_cross_-today__input_-raw_warmup-ready_: ok fills=274 (62.3s)
[618/2869] BANK2_CROSS_level_wait__OAT_rsi_smoothing-simple: ok fills=308 (56.4s)
[619/2869] BANK2_CROSS_level_wait__OAT_rsi_exit-cross: ok fills=252 (59.2s)
[620/2869] BANK2_CROSS_level_wait__OAT_a_exec-set_holdings: ok fills=268 (58.4s)
[621/2869] BANK2_CROSS_level_wait__SPOT_all_excluded_off: ok fills=272 (59.7s)
[622/2869] BANK2_BL-03_pct10__ref: ok fills=270 (54.4s)
[623/2869] BANK2_BL-03_pct10__T_a_exec-set_ho_cross_-both_d_input_-adjust_warmup-strict: ok fills=270 (58.2s)
[624/2869] BANK2_BL-03_pct10__T_a_exec-calc_s_cross_-today__input_-adjust_warmup-strict: ok fills=266 (61.8s)
[625/2869] BANK2_BL-03_pct10__T_a_exec-set_ho_cross_-today__input_-adjust_warmup-strict: ok fills=266 (63.9s)
[626/2869] BANK2_BL-03_pct10__T_a_exec-calc_s_cross_-both_d_input_-raw_warmup-strict: ok fills=280 (62.0s)
[627/2869] BANK2_BL-03_pct10__T_a_exec-set_ho_cross_-both_d_input_-raw_warmup-strict: ok fills=280 (61.0s)
[628/2869] BANK2_BL-03_pct10__T_a_exec-calc_s_cross_-today__input_-raw_warmup-strict: ok fills=278 (63.2s)
[629/2869] BANK2_BL-03_pct10__T_a_exec-set_ho_cross_-today__input_-raw_warmup-strict: ok fills=278 (62.8s)
[630/2869] BANK2_BL-03_pct10__T_a_exec-calc_s_cross_-both_d_input_-adjust_warmup-ready_: ok fills=266 (61.2s)
[631/2869] BANK2_BL-03_pct10__T_a_exec-set_ho_cross_-both_d_input_-adjust_warmup-ready_: ok fills=266 (57.1s)
[632/2869] BANK2_BL-03_pct10__T_a_exec-calc_s_cross_-today__input_-adjust_warmup-ready_: ok fills=262 (59.6s)
[633/2869] BANK2_BL-03_pct10__T_a_exec-set_ho_cross_-today__input_-adjust_warmup-ready_: ok fills=262 (60.3s)
[634/2869] BANK2_BL-03_pct10__T_a_exec-calc_s_cross_-both_d_input_-raw_warmup-ready_: ok fills=276 (60.9s)
[635/2869] BANK2_BL-03_pct10__T_a_exec-set_ho_cross_-both_d_input_-raw_warmup-ready_: ok fills=276 (60.9s)
[636/2869] BANK2_BL-03_pct10__T_a_exec-calc_s_cross_-today__input_-raw_warmup-ready_: ok fills=274 (65.5s)
[637/2869] BANK2_BL-03_pct10__T_a_exec-set_ho_cross_-today__input_-raw_warmup-ready_: ok fills=274 (65.7s)
[638/2869] BANK2_BL-03_pct10__OAT_rsi_smoothing-simple: ok fills=320 (65.8s)
[639/2869] BANK2_BL-03_pct10__OAT_rsi_exit-cross: ok fills=250 (66.0s)
[640/2869] BANK2_BL-03_pct10__OAT_same_bar_reentry-wait_bar: ok fills=266 (61.9s)
[641/2869] BANK2_BL-03_pct10__SPOT_all_excluded_off: ok fills=270 (61.2s)
[642/2869] BANK2_BL-03_pct20__T_a_exec-calc_s_cross_-today__input_-raw_warmup-strict: exit=1 fills=None (10.1s)
[643/2869] BANK2_BL-03_pct20__ref: ok fills=270 (63.6s)
[644/2869] BANK2_BL-03_pct20__T_a_exec-set_ho_cross_-both_d_input_-adjust_warmup-strict: ok fills=270 (58.4s)
[645/2869] BANK2_BL-03_pct20__T_a_exec-calc_s_cross_-today__input_-adjust_warmup-strict: ok fills=266 (61.4s)
[646/2869] BANK2_BL-03_pct20__T_a_exec-set_ho_cross_-today__input_-adjust_warmup-strict: ok fills=266 (64.0s)
[647/2869] BANK2_BL-03_pct20__T_a_exec-calc_s_cross_-both_d_input_-raw_warmup-strict: ok fills=280 (68.9s)
[648/2869] BANK2_BL-03_pct20__T_a_exec-calc_s_cross_-both_d_input_-raw_warmup-ready_: exit=1 fills=None (10.5s)
[649/2869] BANK2_BL-03_pct20__T_a_exec-set_ho_cross_-both_d_input_-raw_warmup-strict: ok fills=280 (62.5s)
[650/2869] BANK2_BL-03_pct20__T_a_exec-set_ho_cross_-today__input_-raw_warmup-strict: ok fills=278 (62.7s)
[651/2869] BANK2_BL-03_pct20__T_a_exec-calc_s_cross_-both_d_input_-adjust_warmup-ready_: ok fills=266 (66.4s)
[652/2869] BANK2_BL-03_pct20__T_a_exec-calc_s_cross_-today__input_-adjust_warmup-ready_: ok fills=262 (62.9s)
[653/2869] BANK2_BL-03_pct20__T_a_exec-set_ho_cross_-both_d_input_-adjust_warmup-ready_: ok fills=266 (65.7s)
[654/2869] BANK2_BL-03_pct20__T_a_exec-set_ho_cross_-today__input_-adjust_warmup-ready_: ok fills=262 (67.4s)
[655/2869] BANK2_BL-03_pct20__T_a_exec-set_ho_cross_-both_d_input_-raw_warmup-ready_: ok fills=276 (68.8s)
[656/2869] BANK2_BL-03_pct20__T_a_exec-calc_s_cross_-today__input_-raw_warmup-ready_: ok fills=274 (70.4s)
[657/2869] BANK2_BL-03_pct20__T_a_exec-set_ho_cross_-today__input_-raw_warmup-ready_: ok fills=274 (68.2s)
[658/2869] BANK2_BL-03_pct20__OAT_rsi_smoothing-simple: ok fills=320 (64.4s)
[659/2869] BANK2_BL-03_pct20__OAT_rsi_exit-cross: ok fills=250 (64.8s)
[660/2869] BANK2_BL-03_pct20__OAT_same_bar_reentry-wait_bar: ok fills=266 (68.7s)
[661/2869] BANK2_BL-03_pct20__SPOT_all_excluded_off: ok fills=270 (69.3s)
[662/2869] BANK2_BL-03_pct25__ref: ok fills=270 (64.6s)
[663/2869] BANK2_BL-03_pct25__T_a_exec-set_ho_cross_-both_d_input_-adjust_warmup-strict: ok fills=270 (67.1s)
[664/2869] BANK2_BL-03_pct25__T_a_exec-calc_s_cross_-today__input_-adjust_warmup-strict: ok fills=266 (67.1s)
[665/2869] BANK2_BL-03_pct25__T_a_exec-set_ho_cross_-today__input_-adjust_warmup-strict: ok fills=266 (64.6s)
[666/2869] BANK2_BL-03_pct25__T_a_exec-calc_s_cross_-both_d_input_-raw_warmup-strict: ok fills=280 (62.1s)
[667/2869] BANK2_BL-03_pct25__T_a_exec-set_ho_cross_-both_d_input_-raw_warmup-strict: ok fills=280 (60.8s)
[668/2869] BANK2_BL-03_pct25__T_a_exec-calc_s_cross_-today__input_-raw_warmup-strict: ok fills=278 (58.9s)
[669/2869] BANK2_BL-03_pct25__T_a_exec-set_ho_cross_-today__input_-raw_warmup-strict: ok fills=278 (62.2s)
[670/2869] BANK2_BL-03_pct25__T_a_exec-set_ho_cross_-both_d_input_-raw_warmup-ready_: exit=1 fills=None (9.7s)
[671/2869] BANK2_BL-03_pct25__T_a_exec-calc_s_cross_-both_d_input_-adjust_warmup-ready_: ok fills=266 (58.7s)
[672/2869] BANK2_BL-03_pct25__OAT_rsi_smoothing-simple: exit=1 fills=None (11.9s)
[673/2869] BANK2_BL-03_pct25__T_a_exec-calc_s_cross_-today__input_-adjust_warmup-ready_: ok fills=262 (58.4s)
[674/2869] BANK2_BL-03_pct25__T_a_exec-set_ho_cross_-both_d_input_-adjust_warmup-ready_: ok fills=266 (61.0s)
[675/2869] BANK2_BL-03_pct25__T_a_exec-set_ho_cross_-today__input_-adjust_warmup-ready_: ok fills=262 (58.5s)
[676/2869] BANK2_BL-03_pct25__T_a_exec-calc_s_cross_-both_d_input_-raw_warmup-ready_: ok fills=276 (61.3s)
[677/2869] BANK2_BL-03_pct25__T_a_exec-calc_s_cross_-today__input_-raw_warmup-ready_: ok fills=274 (61.8s)
[678/2869] BANK2_BL-03_pct25__T_a_exec-set_ho_cross_-today__input_-raw_warmup-ready_: ok fills=274 (58.6s)
[679/2869] BANK2_BL-03_pct25__OAT_rsi_exit-cross: ok fills=250 (59.2s)
[680/2869] BANK2_BL-03_pct25__OAT_same_bar_reentry-wait_bar: ok fills=266 (59.5s)
[681/2869] BANK2_BL-03_pct40__ref: ok fills=270 (59.2s)
[682/2869] BANK2_BL-03_pct25__SPOT_all_excluded_off: ok fills=270 (60.1s)
[683/2869] BANK2_BL-03_pct40__T_a_exec-set_ho_cross_-both_d_input_-adjust_warmup-strict: ok fills=270 (60.6s)
[684/2869] BANK2_BL-03_pct40__T_a_exec-calc_s_cross_-today__input_-adjust_warmup-strict: ok fills=266 (60.4s)
[685/2869] BANK2_BL-03_pct40__T_a_exec-set_ho_cross_-today__input_-adjust_warmup-strict: ok fills=266 (61.7s)
[686/2869] BANK2_BL-03_pct40__T_a_exec-calc_s_cross_-both_d_input_-raw_warmup-strict: ok fills=280 (60.5s)
[687/2869] BANK2_BL-03_pct40__T_a_exec-set_ho_cross_-both_d_input_-raw_warmup-strict: ok fills=280 (59.6s)
[688/2869] BANK2_BL-03_pct40__T_a_exec-calc_s_cross_-today__input_-raw_warmup-strict: ok fills=278 (61.0s)
[689/2869] BANK2_BL-03_pct40__T_a_exec-calc_s_cross_-both_d_input_-adjust_warmup-ready_: ok fills=266 (59.5s)
[690/2869] BANK2_BL-03_pct40__T_a_exec-set_ho_cross_-today__input_-raw_warmup-strict: ok fills=278 (60.7s)
[691/2869] BANK2_BL-03_pct40__T_a_exec-set_ho_cross_-both_d_input_-adjust_warmup-ready_: ok fills=266 (61.1s)
[692/2869] BANK2_BL-03_pct40__T_a_exec-calc_s_cross_-today__input_-adjust_warmup-ready_: ok fills=262 (60.2s)
[693/2869] BANK2_BL-03_pct40__T_a_exec-set_ho_cross_-today__input_-adjust_warmup-ready_: ok fills=262 (61.0s)
[694/2869] BANK2_BL-03_pct40__T_a_exec-calc_s_cross_-both_d_input_-raw_warmup-ready_: ok fills=276 (61.9s)
[695/2869] BANK2_BL-03_pct40__T_a_exec-calc_s_cross_-today__input_-raw_warmup-ready_: ok fills=274 (59.7s)
[696/2869] BANK2_BL-03_pct40__T_a_exec-set_ho_cross_-both_d_input_-raw_warmup-ready_: ok fills=276 (61.9s)
[697/2869] BANK2_BL-03_pct50__ref: exit=1 fills=None (11.8s)
[698/2869] BANK2_BL-03_pct40__T_a_exec-set_ho_cross_-today__input_-raw_warmup-ready_: ok fills=274 (58.4s)
[699/2869] BANK2_BL-03_pct40__OAT_rsi_smoothing-simple: ok fills=320 (58.6s)
[700/2869] BANK2_BL-03_pct40__OAT_rsi_exit-cross: ok fills=250 (56.9s)
[701/2869] BANK2_BL-03_pct40__OAT_same_bar_reentry-wait_bar: ok fills=266 (58.3s)
[702/2869] BANK2_BL-03_pct40__SPOT_all_excluded_off: ok fills=270 (59.3s)
[703/2869] BANK2_BL-03_pct50__T_a_exec-calc_s_cross_-today__input_-adjust_warmup-strict: ok fills=266 (57.0s)
[704/2869] BANK2_BL-03_pct50__T_a_exec-set_ho_cross_-today__input_-adjust_warmup-strict: ok fills=266 (58.4s)
[705/2869] BANK2_BL-03_pct50__T_a_exec-set_ho_cross_-both_d_input_-adjust_warmup-strict: ok fills=270 (58.9s)
[706/2869] BANK2_BL-03_pct50__T_a_exec-calc_s_cross_-both_d_input_-raw_warmup-strict: ok fills=280 (58.3s)
[707/2869] BANK2_BL-03_pct50__T_a_exec-set_ho_cross_-both_d_input_-raw_warmup-strict: ok fills=280 (59.3s)
[708/2869] BANK2_BL-03_pct50__T_a_exec-calc_s_cross_-today__input_-raw_warmup-strict: ok fills=278 (59.4s)
[709/2869] BANK2_BL-03_pct50__T_a_exec-set_ho_cross_-today__input_-raw_warmup-strict: ok fills=278 (59.0s)
[710/2869] BANK2_BL-03_pct50__T_a_exec-calc_s_cross_-both_d_input_-adjust_warmup-ready_: ok fills=266 (59.9s)
[711/2869] BANK2_BL-03_pct50__T_a_exec-calc_s_cross_-today__input_-adjust_warmup-ready_: ok fills=262 (57.1s)
[712/2869] BANK2_BL-03_pct50__T_a_exec-set_ho_cross_-both_d_input_-adjust_warmup-ready_: ok fills=266 (61.3s)
[713/2869] BANK2_BL-03_pct50__T_a_exec-set_ho_cross_-today__input_-adjust_warmup-ready_: ok fills=262 (61.6s)
[714/2869] BANK2_BL-03_pct50__T_a_exec-calc_s_cross_-both_d_input_-raw_warmup-ready_: ok fills=276 (60.5s)
[715/2869] BANK2_BL-03_pct50__T_a_exec-calc_s_cross_-today__input_-raw_warmup-ready_: ok fills=274 (58.4s)
[716/2869] BANK2_BL-03_pct50__T_a_exec-set_ho_cross_-both_d_input_-raw_warmup-ready_: ok fills=276 (60.7s)
[717/2869] BANK2_BL-03_pct50__T_a_exec-set_ho_cross_-today__input_-raw_warmup-ready_: ok fills=274 (63.0s)
[718/2869] BANK2_BL-03_pct50__OAT_rsi_smoothing-simple: ok fills=320 (64.7s)
[719/2869] BANK2_BL-03_pct50__OAT_same_bar_reentry-wait_bar: ok fills=266 (68.8s)
[720/2869] BANK2_BL-03_pct50__OAT_rsi_exit-cross: ok fills=250 (72.8s)
[721/2869] BANK2_BL-03_pct100__T_a_exec-calc_s_cross_-both_d_input_-raw_warmup-strict: exit=1 fills=None (17.6s)
[722/2869] BANK2_BL-03_pct50__SPOT_all_excluded_off: ok fills=270 (70.2s)
[723/2869] BANK2_BL-03_pct100__T_a_exec-set_ho_cross_-both_d_input_-adjust_warmup-strict: ok fills=171 (66.4s)
[724/2869] BANK2_BL-03_pct100__T_a_exec-calc_s_cross_-today__input_-adjust_warmup-strict: ok fills=181 (65.9s)
[725/2869] BANK2_BL-03_pct100__T_a_exec-calc_s_cross_-today__input_-raw_warmup-strict: exit=1 fills=None (15.8s)
[726/2869] BANK2_BL-03_pct100__ref: ok fills=171 (73.6s)
[727/2869] BANK2_BL-03_pct100__T_a_exec-set_ho_cross_-today__input_-adjust_warmup-strict: ok fills=181 (69.2s)
[728/2869] BANK2_BL-03_pct100__T_a_exec-set_ho_cross_-today__input_-raw_warmup-strict: ok fills=204 (59.7s)
[729/2869] BANK2_BL-03_pct100__T_a_exec-set_ho_cross_-both_d_input_-raw_warmup-strict: ok fills=204 (62.6s)
[730/2869] BANK2_BL-03_pct100__T_a_exec-calc_s_cross_-both_d_input_-adjust_warmup-ready_: ok fills=167 (60.6s)
[731/2869] BANK2_BL-03_pct100__T_a_exec-set_ho_cross_-today__input_-adjust_warmup-ready_: ok fills=177 (60.2s)
[732/2869] BANK2_BL-03_pct100__T_a_exec-set_ho_cross_-both_d_input_-adjust_warmup-ready_: ok fills=167 (61.3s)
[733/2869] BANK2_BL-03_pct100__OAT_rsi_smoothing-simple: exit=1 fills=None (14.0s)
[734/2869] BANK2_BL-03_pct100__T_a_exec-calc_s_cross_-today__input_-adjust_warmup-ready_: ok fills=177 (61.5s)
[735/2869] BANK2_BL-03_pct100__T_a_exec-calc_s_cross_-both_d_input_-raw_warmup-ready_: ok fills=198 (57.4s)
[736/2869] BANK2_BL-03_pct100__T_a_exec-set_ho_cross_-both_d_input_-raw_warmup-ready_: ok fills=200 (58.1s)
[737/2869] BANK2_BL-03_pct100__T_a_exec-calc_s_cross_-today__input_-raw_warmup-ready_: ok fills=198 (59.0s)
[738/2869] BANK2_BL-03_pct100__T_a_exec-set_ho_cross_-today__input_-raw_warmup-ready_: ok fills=200 (58.0s)
[739/2869] BANK2_BL-03_pct100__SPOT_all_excluded_off: ok fills=187 (56.5s)
[740/2869] BANK2_BL-03_pct100__OAT_rsi_exit-cross: ok fills=169 (58.5s)
[741/2869] BANK2_BL-03_pct100__OAT_same_bar_reentry-wait_bar: ok fills=171 (59.4s)
[742/2869] BANK2_BL-04_prev_close__ref: ok fills=270 (59.0s)
[743/2869] BANK2_BL-04_prev_close__T_input_-raw_rsi_ex-level_rsi_sm-wilder_same_b-allowe_warmup-strict: ok fills=280 (57.6s)
[744/2869] BANK2_BL-04_prev_close__T_input_-adjust_rsi_ex-level_rsi_sm-wilder_same_b-wait_b_warmup-strict: ok fills=266 (59.5s)
[745/2869] BANK2_BL-04_prev_close__T_input_-raw_rsi_ex-level_rsi_sm-wilder_same_b-wait_b_warmup-strict: ok fills=278 (63.3s)
[746/2869] BANK2_BL-04_prev_close__T_input_-adjust_rsi_ex-level_rsi_sm-wilder_same_b-allowe_warmup-ready_: ok fills=266 (63.5s)
[747/2869] BANK2_BL-04_prev_close__T_input_-raw_rsi_ex-level_rsi_sm-wilder_same_b-wait_b_warmup-ready_: ok fills=274 (59.2s)
[748/2869] BANK2_BL-04_prev_close__T_input_-raw_rsi_ex-cross_rsi_sm-wilder_same_b-allowe_warmup-strict: ok fills=264 (59.9s)
[749/2869] BANK2_BL-04_prev_close__T_input_-adjust_rsi_ex-cross_rsi_sm-wilder_same_b-allowe_warmup-strict: ok fills=250 (60.5s)
[750/2869] BANK2_BL-04_prev_close__T_input_-adjust_rsi_ex-level_rsi_sm-wilder_same_b-wait_b_warmup-ready_: ok fills=262 (62.0s)
[751/2869] BANK2_BL-04_prev_close__T_input_-raw_rsi_ex-level_rsi_sm-wilder_same_b-allowe_warmup-ready_: ok fills=276 (65.4s)
[752/2869] BANK2_BL-04_prev_close__T_input_-adjust_rsi_ex-cross_rsi_sm-wilder_same_b-wait_b_warmup-strict: ok fills=250 (57.1s)
[753/2869] BANK2_BL-04_prev_close__T_input_-raw_rsi_ex-cross_rsi_sm-wilder_same_b-wait_b_warmup-strict: ok fills=264 (58.1s)
[754/2869] BANK2_BL-04_prev_close__T_input_-adjust_rsi_ex-cross_rsi_sm-wilder_same_b-allowe_warmup-ready_: ok fills=246 (58.4s)
[755/2869] BANK2_BL-04_prev_close__T_input_-raw_rsi_ex-cross_rsi_sm-wilder_same_b-allowe_warmup-ready_: ok fills=260 (59.6s)
[756/2869] BANK2_BL-04_prev_close__T_input_-raw_rsi_ex-cross_rsi_sm-wilder_same_b-wait_b_warmup-ready_: ok fills=260 (59.2s)
[757/2869] BANK2_BL-04_prev_close__T_input_-adjust_rsi_ex-level_rsi_sm-simple_same_b-allowe_warmup-strict: ok fills=320 (60.4s)
[758/2869] BANK2_BL-04_prev_close__T_input_-adjust_rsi_ex-cross_rsi_sm-wilder_same_b-wait_b_warmup-ready_: ok fills=246 (61.2s)
[759/2869] BANK2_BL-04_prev_close__T_input_-raw_rsi_ex-level_rsi_sm-simple_same_b-allowe_warmup-strict: ok fills=338 (60.0s)
[760/2869] BANK2_BL-04_prev_close__T_input_-adjust_rsi_ex-level_rsi_sm-simple_same_b-wait_b_warmup-strict: ok fills=306 (59.9s)
[761/2869] BANK2_BL-04_prev_close__T_input_-adjust_rsi_ex-level_rsi_sm-simple_same_b-allowe_warmup-ready_: ok fills=306 (54.0s)
[762/2869] BANK2_BL-04_prev_close__T_input_-raw_rsi_ex-level_rsi_sm-simple_same_b-wait_b_warmup-strict: ok fills=324 (57.3s)
[763/2869] BANK2_BL-04_prev_close__T_input_-adjust_rsi_ex-level_rsi_sm-simple_same_b-wait_b_warmup-ready_: ok fills=296 (54.4s)
[764/2869] BANK2_BL-04_prev_close__T_input_-adjust_rsi_ex-cross_rsi_sm-simple_same_b-allowe_warmup-strict: ok fills=270 (55.2s)
[765/2869] BANK2_BL-04_prev_close__T_input_-raw_rsi_ex-level_rsi_sm-simple_same_b-allowe_warmup-ready_: ok fills=324 (59.2s)
[766/2869] BANK2_BL-04_prev_close__T_input_-raw_rsi_ex-cross_rsi_sm-simple_same_b-allowe_warmup-strict: ok fills=290 (55.4s)
[767/2869] BANK2_BL-04_prev_close__T_input_-raw_rsi_ex-level_rsi_sm-simple_same_b-wait_b_warmup-ready_: ok fills=314 (58.2s)
[768/2869] BANK2_BL-04_prev_close__T_input_-adjust_rsi_ex-cross_rsi_sm-simple_same_b-wait_b_warmup-strict: ok fills=270 (58.7s)
[769/2869] BANK2_BL-04_prev_close__T_input_-raw_rsi_ex-cross_rsi_sm-simple_same_b-wait_b_warmup-strict: ok fills=290 (54.1s)
[770/2869] BANK2_BL-04_prev_close__T_input_-adjust_rsi_ex-cross_rsi_sm-simple_same_b-allowe_warmup-ready_: ok fills=262 (53.1s)
[771/2869] BANK2_BL-04_prev_close__OAT_cross_timing-today_ma: ok fills=266 (50.7s)
[772/2869] BANK2_BL-04_prev_close__T_input_-adjust_rsi_ex-cross_rsi_sm-simple_same_b-wait_b_warmup-ready_: ok fills=262 (54.5s)
[773/2869] BANK2_BL-04_prev_close__OAT_a_exec-set_holdings: ok fills=270 (53.4s)
[774/2869] BANK2_BL-04_prev_close__T_input_-raw_rsi_ex-cross_rsi_sm-simple_same_b-allowe_warmup-ready_: ok fills=282 (58.1s)
[775/2869] BANK2_BL-04_prev_close__T_input_-raw_rsi_ex-cross_rsi_sm-simple_same_b-wait_b_warmup-ready_: ok fills=282 (55.4s)
[776/2869] BANK2_BL-04_prev_close__SPOT_all_excluded_off: ok fills=266 (59.0s)
[777/2869] BANK2_BL-04_open_close__ref: ok fills=306 (57.4s)
[778/2869] BANK2_BL-04_open_close__T_input_-raw_rsi_ex-level_rsi_sm-wilder_same_b-allowe_warmup-strict: ok fills=314 (56.2s)
[779/2869] BANK2_BL-04_open_close__T_input_-adjust_rsi_ex-level_rsi_sm-wilder_same_b-wait_b_warmup-strict: ok fills=288 (54.1s)
[780/2869] BANK2_BL-04_open_close__T_input_-raw_rsi_ex-level_rsi_sm-wilder_same_b-allowe_warmup-ready_: ok fills=308 (53.1s)
[781/2869] BANK2_BL-04_open_close__T_input_-adjust_rsi_ex-level_rsi_sm-wilder_same_b-allowe_warmup-ready_: ok fills=300 (55.1s)
[782/2869] BANK2_BL-04_open_close__T_input_-raw_rsi_ex-level_rsi_sm-wilder_same_b-wait_b_warmup-strict: ok fills=298 (55.6s)
[783/2869] BANK2_BL-04_open_close__T_input_-adjust_rsi_ex-level_rsi_sm-wilder_same_b-wait_b_warmup-ready_: ok fills=282 (54.7s)
[784/2869] BANK2_BL-04_open_close__T_input_-raw_rsi_ex-level_rsi_sm-wilder_same_b-wait_b_warmup-ready_: ok fills=292 (58.5s)
[785/2869] BANK2_BL-04_open_close__T_input_-adjust_rsi_ex-cross_rsi_sm-wilder_same_b-allowe_warmup-strict: ok fills=248 (57.4s)
[786/2869] BANK2_BL-04_open_close__T_input_-raw_rsi_ex-cross_rsi_sm-wilder_same_b-allowe_warmup-strict: ok fills=260 (59.1s)
[787/2869] BANK2_BL-04_open_close__T_input_-raw_rsi_ex-cross_rsi_sm-wilder_same_b-wait_b_warmup-strict: ok fills=260 (58.0s)
[788/2869] BANK2_BL-04_open_close__T_input_-adjust_rsi_ex-cross_rsi_sm-wilder_same_b-wait_b_warmup-strict: ok fills=248 (60.2s)
[789/2869] BANK2_BL-04_open_close__T_input_-adjust_rsi_ex-cross_rsi_sm-wilder_same_b-allowe_warmup-ready_: ok fills=244 (58.3s)
[790/2869] BANK2_BL-04_open_close__T_input_-raw_rsi_ex-cross_rsi_sm-wilder_same_b-allowe_warmup-ready_: ok fills=256 (59.5s)
[791/2869] BANK2_BL-04_open_close__T_input_-adjust_rsi_ex-cross_rsi_sm-wilder_same_b-wait_b_warmup-ready_: ok fills=244 (58.6s)
[792/2869] BANK2_BL-04_open_close__T_input_-raw_rsi_ex-cross_rsi_sm-wilder_same_b-wait_b_warmup-ready_: ok fills=256 (57.5s)
[793/2869] BANK2_BL-04_open_close__T_input_-adjust_rsi_ex-level_rsi_sm-simple_same_b-allowe_warmup-strict: ok fills=356 (54.3s)
[794/2869] BANK2_BL-04_open_close__T_input_-raw_rsi_ex-level_rsi_sm-simple_same_b-allowe_warmup-strict: ok fills=372 (55.1s)
[795/2869] BANK2_BL-04_open_close__T_input_-adjust_rsi_ex-level_rsi_sm-simple_same_b-wait_b_warmup-strict: ok fills=334 (56.8s)
[796/2869] BANK2_BL-04_open_close__T_input_-adjust_rsi_ex-level_rsi_sm-simple_same_b-allowe_warmup-ready_: ok fills=338 (56.3s)
[797/2869] BANK2_BL-04_open_close__T_input_-adjust_rsi_ex-level_rsi_sm-simple_same_b-wait_b_warmup-ready_: ok fills=320 (56.9s)
[798/2869] BANK2_BL-04_open_close__T_input_-raw_rsi_ex-level_rsi_sm-simple_same_b-wait_b_warmup-strict: ok fills=352 (59.5s)
[799/2869] BANK2_BL-04_open_close__T_input_-raw_rsi_ex-level_rsi_sm-simple_same_b-allowe_warmup-ready_: ok fills=354 (59.9s)
[800/2869] BANK2_BL-04_open_close__T_input_-raw_rsi_ex-level_rsi_sm-simple_same_b-wait_b_warmup-ready_: ok fills=338 (63.4s)
[801/2869] BANK2_BL-04_open_close__T_input_-adjust_rsi_ex-cross_rsi_sm-simple_same_b-allowe_warmup-strict: ok fills=276 (59.9s)
[802/2869] BANK2_BL-04_open_close__T_input_-raw_rsi_ex-cross_rsi_sm-simple_same_b-allowe_warmup-strict: ok fills=296 (58.4s)
[803/2869] BANK2_BL-04_open_close__T_input_-adjust_rsi_ex-cross_rsi_sm-simple_same_b-wait_b_warmup-strict: ok fills=276 (54.4s)
[804/2869] BANK2_BL-04_open_close__T_input_-adjust_rsi_ex-cross_rsi_sm-simple_same_b-allowe_warmup-ready_: ok fills=266 (56.1s)
[805/2869] BANK2_BL-04_open_close__T_input_-raw_rsi_ex-cross_rsi_sm-simple_same_b-wait_b_warmup-strict: ok fills=296 (58.6s)
[806/2869] BANK2_BL-04_open_close__T_input_-raw_rsi_ex-cross_rsi_sm-simple_same_b-allowe_warmup-ready_: ok fills=286 (56.4s)
[807/2869] BANK2_BL-04_open_close__T_input_-adjust_rsi_ex-cross_rsi_sm-simple_same_b-wait_b_warmup-ready_: ok fills=266 (60.3s)
[808/2869] BANK2_BL-04_open_close__T_input_-raw_rsi_ex-cross_rsi_sm-simple_same_b-wait_b_warmup-ready_: ok fills=286 (62.1s)
[809/2869] BANK2_BL-04_open_close__OAT_a_exec-set_holdings: ok fills=306 (62.6s)
[810/2869] BANK2_BL-04_open_close__OAT_cross_timing-today_ma: ok fills=302 (61.3s)
[811/2869] BANK2_BL-04_open_close__SPOT_all_excluded_off: ok fills=302 (59.0s)
[812/2869] BANK2_BL-04_prev_close_le__T_input_-adjust_rsi_ex-level_rsi_sm-wilder_same_b-wait_b_warmup-strict: ok fills=266 (58.6s)
[813/2869] BANK2_BL-04_prev_close_le__T_input_-raw_rsi_ex-level_rsi_sm-wilder_same_b-allowe_warmup-strict: ok fills=280 (61.0s)
[814/2869] BANK2_BL-04_prev_close_le__ref: ok fills=270 (61.9s)
[815/2869] BANK2_BL-04_prev_close_le__T_input_-raw_rsi_ex-level_rsi_sm-wilder_same_b-wait_b_warmup-strict: ok fills=278 (60.6s)
[816/2869] BANK2_BL-04_prev_close_le__T_input_-adjust_rsi_ex-level_rsi_sm-wilder_same_b-allowe_warmup-ready_: ok fills=266 (59.9s)
[817/2869] BANK2_BL-04_prev_close_le__T_input_-raw_rsi_ex-level_rsi_sm-wilder_same_b-allowe_warmup-ready_: ok fills=276 (57.5s)
[818/2869] BANK2_BL-04_prev_close_le__T_input_-adjust_rsi_ex-cross_rsi_sm-wilder_same_b-allowe_warmup-ready_: exit=1 fills=None (8.2s)
[819/2869] BANK2_BL-04_prev_close_le__T_input_-adjust_rsi_ex-level_rsi_sm-wilder_same_b-wait_b_warmup-ready_: ok fills=262 (59.4s)
[820/2869] BANK2_BL-04_prev_close_le__T_input_-raw_rsi_ex-level_rsi_sm-wilder_same_b-wait_b_warmup-ready_: ok fills=274 (55.0s)
[821/2869] BANK2_BL-04_prev_close_le__T_input_-adjust_rsi_ex-cross_rsi_sm-wilder_same_b-wait_b_warmup-strict: ok fills=250 (56.2s)
[822/2869] BANK2_BL-04_prev_close_le__T_input_-adjust_rsi_ex-cross_rsi_sm-wilder_same_b-allowe_warmup-strict: ok fills=250 (59.7s)
[823/2869] BANK2_BL-04_prev_close_le__T_input_-raw_rsi_ex-cross_rsi_sm-wilder_same_b-allowe_warmup-strict: ok fills=264 (60.7s)
[824/2869] BANK2_BL-04_prev_close_le__T_input_-raw_rsi_ex-cross_rsi_sm-wilder_same_b-wait_b_warmup-strict: ok fills=264 (58.4s)
[825/2869] BANK2_BL-04_prev_close_le__T_input_-adjust_rsi_ex-cross_rsi_sm-wilder_same_b-wait_b_warmup-ready_: ok fills=246 (58.6s)
[826/2869] BANK2_BL-04_prev_close_le__T_input_-raw_rsi_ex-cross_rsi_sm-wilder_same_b-allowe_warmup-ready_: ok fills=260 (59.6s)
[827/2869] BANK2_BL-04_prev_close_le__T_input_-raw_rsi_ex-cross_rsi_sm-wilder_same_b-wait_b_warmup-ready_: ok fills=260 (61.6s)
[828/2869] BANK2_BL-04_prev_close_le__T_input_-adjust_rsi_ex-level_rsi_sm-simple_same_b-allowe_warmup-strict: ok fills=320 (58.3s)
[829/2869] BANK2_BL-04_prev_close_le__T_input_-raw_rsi_ex-level_rsi_sm-simple_same_b-allowe_warmup-strict: ok fills=338 (58.1s)
[830/2869] BANK2_BL-04_prev_close_le__T_input_-adjust_rsi_ex-level_rsi_sm-simple_same_b-wait_b_warmup-strict: ok fills=306 (58.5s)
[831/2869] BANK2_BL-04_prev_close_le__T_input_-raw_rsi_ex-level_rsi_sm-simple_same_b-wait_b_warmup-ready_: exit=1 fills=None (11.2s)
[832/2869] BANK2_BL-04_prev_close_le__T_input_-adjust_rsi_ex-cross_rsi_sm-simple_same_b-allowe_warmup-strict: exit=1 fills=None (11.3s)
[833/2869] BANK2_BL-04_prev_close_le__T_input_-raw_rsi_ex-level_rsi_sm-simple_same_b-wait_b_warmup-strict: ok fills=324 (58.2s)
[834/2869] BANK2_BL-04_prev_close_le__T_input_-adjust_rsi_ex-level_rsi_sm-simple_same_b-allowe_warmup-ready_: ok fills=306 (61.7s)
[835/2869] BANK2_BL-04_prev_close_le__T_input_-raw_rsi_ex-level_rsi_sm-simple_same_b-allowe_warmup-ready_: ok fills=324 (56.8s)
[836/2869] BANK2_BL-04_prev_close_le__T_input_-adjust_rsi_ex-level_rsi_sm-simple_same_b-wait_b_warmup-ready_: ok fills=296 (56.6s)
[837/2869] BANK2_BL-04_prev_close_le__T_input_-raw_rsi_ex-cross_rsi_sm-simple_same_b-allowe_warmup-strict: ok fills=290 (54.1s)
[838/2869] BANK2_BL-04_prev_close_le__T_input_-raw_rsi_ex-cross_rsi_sm-simple_same_b-wait_b_warmup-ready_: exit=1 fills=None (11.6s)
[839/2869] BANK2_BL-04_prev_close_le__T_input_-raw_rsi_ex-cross_rsi_sm-simple_same_b-wait_b_warmup-strict: ok fills=290 (57.6s)
[840/2869] BANK2_BL-04_prev_close_le__T_input_-adjust_rsi_ex-cross_rsi_sm-simple_same_b-allowe_warmup-ready_: ok fills=262 (59.0s)
[841/2869] BANK2_BL-04_prev_close_le__T_input_-adjust_rsi_ex-cross_rsi_sm-simple_same_b-wait_b_warmup-strict: ok fills=270 (65.0s)
[842/2869] BANK2_BL-04_prev_close_le__T_input_-raw_rsi_ex-cross_rsi_sm-simple_same_b-allowe_warmup-ready_: ok fills=282 (62.9s)
[843/2869] BANK2_BL-05_d2__ref: exit=1 fills=None (8.4s)
[844/2869] BANK2_BL-04_prev_close_le__T_input_-adjust_rsi_ex-cross_rsi_sm-simple_same_b-wait_b_warmup-ready_: ok fills=262 (62.0s)
[845/2869] BANK2_BL-04_prev_close_le__OAT_a_exec-set_holdings: ok fills=270 (57.7s)
[846/2869] BANK2_BL-04_prev_close_le__OAT_cross_timing-today_ma: ok fills=266 (56.4s)
[847/2869] BANK2_BL-04_prev_close_le__SPOT_all_excluded_off: ok fills=266 (56.6s)
[848/2869] BANK2_BL-05_d2__T_input_-adjust_rsi_ex-level_rsi_sm-wilder_same_b-wait_b_warmup-ready_: exit=1 fills=None (11.4s)
[849/2869] BANK2_BL-05_d2__T_input_-raw_rsi_ex-level_rsi_sm-wilder_same_b-allowe_warmup-strict: ok fills=420 (58.2s)
[850/2869] BANK2_BL-05_d2__T_input_-adjust_rsi_ex-level_rsi_sm-wilder_same_b-wait_b_warmup-strict: ok fills=390 (56.7s)
[851/2869] BANK2_BL-05_d2__T_input_-raw_rsi_ex-cross_rsi_sm-wilder_same_b-allowe_warmup-strict: exit=1 fills=None (12.3s)
[852/2869] BANK2_BL-05_d2__T_input_-adjust_rsi_ex-level_rsi_sm-wilder_same_b-allowe_warmup-ready_: ok fills=410 (58.5s)
[853/2869] BANK2_BL-05_d2__T_input_-raw_rsi_ex-level_rsi_sm-wilder_same_b-wait_b_warmup-strict: ok fills=398 (63.7s)
[854/2869] BANK2_BL-05_d2__T_input_-raw_rsi_ex-level_rsi_sm-wilder_same_b-allowe_warmup-ready_: ok fills=414 (64.6s)
[855/2869] BANK2_BL-05_d2__T_input_-raw_rsi_ex-level_rsi_sm-wilder_same_b-wait_b_warmup-ready_: ok fills=392 (53.8s)
[856/2869] BANK2_BL-05_d2__T_input_-adjust_rsi_ex-cross_rsi_sm-wilder_same_b-allowe_warmup-strict: ok fills=298 (57.6s)
[857/2869] BANK2_BL-05_d2__T_input_-adjust_rsi_ex-cross_rsi_sm-wilder_same_b-wait_b_warmup-strict: ok fills=298 (55.3s)
[858/2869] BANK2_BL-05_d2__T_input_-raw_rsi_ex-cross_rsi_sm-wilder_same_b-wait_b_warmup-strict: ok fills=310 (58.4s)
[859/2869] BANK2_BL-05_d2__T_input_-adjust_rsi_ex-cross_rsi_sm-wilder_same_b-allowe_warmup-ready_: ok fills=294 (57.1s)
[860/2869] BANK2_BL-05_d2__T_input_-raw_rsi_ex-cross_rsi_sm-wilder_same_b-allowe_warmup-ready_: ok fills=306 (55.6s)
[861/2869] BANK2_BL-05_d2__T_input_-adjust_rsi_ex-cross_rsi_sm-wilder_same_b-wait_b_warmup-ready_: ok fills=294 (59.6s)
[862/2869] BANK2_BL-05_d2__T_input_-raw_rsi_ex-cross_rsi_sm-wilder_same_b-wait_b_warmup-ready_: ok fills=306 (62.3s)
[863/2869] BANK2_BL-05_d2__T_input_-adjust_rsi_ex-level_rsi_sm-simple_same_b-allowe_warmup-strict: ok fills=516 (60.4s)
[864/2869] BANK2_BL-05_d2__T_input_-raw_rsi_ex-level_rsi_sm-simple_same_b-allowe_warmup-strict: ok fills=532 (58.7s)
[865/2869] BANK2_BL-05_d2__T_input_-adjust_rsi_ex-level_rsi_sm-simple_same_b-wait_b_warmup-strict: ok fills=458 (59.5s)
[866/2869] BANK2_BL-05_d2__T_input_-raw_rsi_ex-level_rsi_sm-simple_same_b-wait_b_warmup-strict: ok fills=476 (59.7s)
[867/2869] BANK2_BL-05_d2__T_input_-raw_rsi_ex-level_rsi_sm-simple_same_b-allowe_warmup-ready_: ok fills=510 (60.6s)
[868/2869] BANK2_BL-05_d2__T_input_-adjust_rsi_ex-level_rsi_sm-simple_same_b-allowe_warmup-ready_: ok fills=494 (61.0s)
[869/2869] BANK2_BL-05_d2__T_input_-adjust_rsi_ex-level_rsi_sm-simple_same_b-wait_b_warmup-ready_: ok fills=440 (58.6s)
[870/2869] BANK2_BL-05_d2__T_input_-raw_rsi_ex-level_rsi_sm-simple_same_b-wait_b_warmup-ready_: ok fills=458 (59.1s)
[871/2869] BANK2_BL-05_d2__T_input_-adjust_rsi_ex-cross_rsi_sm-simple_same_b-allowe_warmup-strict: ok fills=322 (58.6s)
[872/2869] BANK2_BL-05_d2__T_input_-raw_rsi_ex-cross_rsi_sm-simple_same_b-allowe_warmup-strict: ok fills=342 (59.0s)
[873/2869] BANK2_BL-05_d2__T_input_-adjust_rsi_ex-cross_rsi_sm-simple_same_b-wait_b_warmup-strict: ok fills=316 (55.6s)
[874/2869] BANK2_BL-05_d2__T_input_-raw_rsi_ex-cross_rsi_sm-simple_same_b-wait_b_warmup-strict: ok fills=336 (56.6s)
[875/2869] BANK2_BL-05_d2__T_input_-adjust_rsi_ex-cross_rsi_sm-simple_same_b-allowe_warmup-ready_: ok fills=312 (57.7s)
[876/2869] BANK2_BL-05_d2__T_input_-raw_rsi_ex-cross_rsi_sm-simple_same_b-allowe_warmup-ready_: ok fills=332 (57.5s)
[877/2869] BANK2_BL-05_d2__T_input_-adjust_rsi_ex-cross_rsi_sm-simple_same_b-wait_b_warmup-ready_: ok fills=306 (55.9s)
[878/2869] BANK2_BL-05_d2__T_input_-raw_rsi_ex-cross_rsi_sm-simple_same_b-wait_b_warmup-ready_: ok fills=326 (58.3s)
[879/2869] BANK2_BL-05_d2__OAT_a_exec-set_holdings: ok fills=416 (60.8s)
[880/2869] BANK2_BL-05_d2__OAT_cross_timing-today_ma: ok fills=412 (61.2s)
[881/2869] BANK2_BL-05_d2__SPOT_all_excluded_off: ok fills=412 (61.0s)
[882/2869] BANK2_BL-05_d3__ref: ok fills=270 (58.4s)
[883/2869] BANK2_BL-05_d3__T_input_-raw_rsi_ex-level_rsi_sm-wilder_same_b-allowe_warmup-strict: ok fills=280 (60.7s)
[884/2869] BANK2_BL-05_d3__T_input_-adjust_rsi_ex-level_rsi_sm-wilder_same_b-wait_b_warmup-strict: ok fills=266 (60.7s)
[885/2869] BANK2_BL-05_d3__T_input_-raw_rsi_ex-level_rsi_sm-wilder_same_b-wait_b_warmup-strict: ok fills=278 (58.3s)
[886/2869] BANK2_BL-05_d3__T_input_-adjust_rsi_ex-level_rsi_sm-wilder_same_b-allowe_warmup-ready_: ok fills=266 (59.1s)
[887/2869] BANK2_BL-05_d3__T_input_-raw_rsi_ex-level_rsi_sm-wilder_same_b-allowe_warmup-ready_: ok fills=276 (60.0s)
[888/2869] BANK2_BL-05_d3__T_input_-adjust_rsi_ex-level_rsi_sm-wilder_same_b-wait_b_warmup-ready_: ok fills=262 (57.1s)
[889/2869] BANK2_BL-05_d3__T_input_-raw_rsi_ex-level_rsi_sm-wilder_same_b-wait_b_warmup-ready_: ok fills=274 (57.4s)
[890/2869] BANK2_BL-05_d3__T_input_-adjust_rsi_ex-cross_rsi_sm-wilder_same_b-allowe_warmup-strict: ok fills=250 (55.9s)
[891/2869] BANK2_BL-05_d3__T_input_-adjust_rsi_ex-cross_rsi_sm-wilder_same_b-wait_b_warmup-strict: ok fills=250 (60.7s)
[892/2869] BANK2_BL-05_d3__T_input_-raw_rsi_ex-cross_rsi_sm-wilder_same_b-wait_b_warmup-strict: ok fills=264 (58.9s)
[893/2869] BANK2_BL-05_d3__T_input_-raw_rsi_ex-cross_rsi_sm-wilder_same_b-allowe_warmup-strict: ok fills=264 (62.5s)
[894/2869] BANK2_BL-05_d3__T_input_-adjust_rsi_ex-level_rsi_sm-simple_same_b-allowe_warmup-strict: exit=1 fills=None (11.4s)
[895/2869] BANK2_BL-05_d3__T_input_-adjust_rsi_ex-cross_rsi_sm-wilder_same_b-allowe_warmup-ready_: ok fills=246 (61.9s)
[896/2869] BANK2_BL-05_d3__T_input_-adjust_rsi_ex-cross_rsi_sm-wilder_same_b-wait_b_warmup-ready_: ok fills=246 (59.2s)
[897/2869] BANK2_BL-05_d3__T_input_-raw_rsi_ex-cross_rsi_sm-wilder_same_b-allowe_warmup-ready_: ok fills=260 (60.4s)
[898/2869] BANK2_BL-05_d3__T_input_-raw_rsi_ex-cross_rsi_sm-wilder_same_b-wait_b_warmup-ready_: ok fills=260 (60.2s)
[899/2869] BANK2_BL-05_d3__T_input_-adjust_rsi_ex-cross_rsi_sm-simple_same_b-allowe_warmup-strict: exit=1 fills=None (1.7s)
[900/2869] BANK2_BL-05_d3__T_input_-adjust_rsi_ex-level_rsi_sm-simple_same_b-wait_b_warmup-strict: ok fills=306 (56.5s)
[901/2869] BANK2_BL-05_d3__T_input_-adjust_rsi_ex-level_rsi_sm-simple_same_b-allowe_warmup-ready_: ok fills=306 (57.5s)
[902/2869] BANK2_BL-05_d3__T_input_-raw_rsi_ex-level_rsi_sm-simple_same_b-allowe_warmup-strict: ok fills=338 (60.9s)
[903/2869] BANK2_BL-05_d3__T_input_-raw_rsi_ex-level_rsi_sm-simple_same_b-wait_b_warmup-strict: ok fills=324 (60.0s)
[904/2869] BANK2_BL-05_d3__T_input_-raw_rsi_ex-level_rsi_sm-simple_same_b-allowe_warmup-ready_: ok fills=324 (57.1s)
[905/2869] BANK2_BL-05_d3__T_input_-raw_rsi_ex-level_rsi_sm-simple_same_b-wait_b_warmup-ready_: ok fills=314 (61.6s)
[906/2869] BANK2_BL-05_d3__T_input_-adjust_rsi_ex-level_rsi_sm-simple_same_b-wait_b_warmup-ready_: ok fills=296 (62.3s)
[907/2869] BANK2_BL-05_d3__T_input_-raw_rsi_ex-cross_rsi_sm-simple_same_b-allowe_warmup-strict: ok fills=290 (60.3s)
[908/2869] BANK2_BL-05_d3__T_input_-adjust_rsi_ex-cross_rsi_sm-simple_same_b-wait_b_warmup-strict: ok fills=270 (60.3s)
[909/2869] BANK2_BL-05_d3__OAT_cross_timing-today_ma: exit=1 fills=None (8.1s)
[910/2869] BANK2_BL-05_d3__T_input_-raw_rsi_ex-cross_rsi_sm-simple_same_b-wait_b_warmup-strict: ok fills=290 (60.8s)
[911/2869] BANK2_BL-05_d3__T_input_-adjust_rsi_ex-cross_rsi_sm-simple_same_b-allowe_warmup-ready_: ok fills=262 (60.4s)
[912/2869] BANK2_BL-05_d3__T_input_-raw_rsi_ex-cross_rsi_sm-simple_same_b-allowe_warmup-ready_: ok fills=282 (60.2s)
[913/2869] BANK2_BL-05_d3__T_input_-adjust_rsi_ex-cross_rsi_sm-simple_same_b-wait_b_warmup-ready_: ok fills=262 (60.0s)
[914/2869] BANK2_BL-05_d3__OAT_a_exec-set_holdings: ok fills=270 (58.5s)
[915/2869] BANK2_BL-05_d3__T_input_-raw_rsi_ex-cross_rsi_sm-simple_same_b-wait_b_warmup-ready_: ok fills=282 (58.9s)
[916/2869] BANK2_BL-05_d4__ref: ok fills=194 (58.2s)
[917/2869] BANK2_BL-05_d3__SPOT_all_excluded_off: ok fills=266 (59.2s)
[918/2869] BANK2_BL-05_d4__T_input_-adjust_rsi_ex-level_rsi_sm-wilder_same_b-wait_b_warmup-strict: ok fills=194 (57.5s)
[919/2869] BANK2_BL-05_d4__T_input_-raw_rsi_ex-level_rsi_sm-wilder_same_b-wait_b_warmup-strict: ok fills=210 (58.5s)
[920/2869] BANK2_BL-05_d4__T_input_-raw_rsi_ex-level_rsi_sm-wilder_same_b-allowe_warmup-strict: ok fills=210 (60.7s)
[921/2869] BANK2_BL-05_d4__T_input_-adjust_rsi_ex-level_rsi_sm-wilder_same_b-allowe_warmup-ready_: ok fills=190 (59.5s)
[922/2869] BANK2_BL-05_d4__T_input_-adjust_rsi_ex-level_rsi_sm-wilder_same_b-wait_b_warmup-ready_: ok fills=190 (57.6s)
[923/2869] BANK2_BL-05_d4__T_input_-raw_rsi_ex-level_rsi_sm-wilder_same_b-allowe_warmup-ready_: ok fills=206 (59.2s)
[924/2869] BANK2_BL-05_d4__T_input_-adjust_rsi_ex-cross_rsi_sm-wilder_same_b-allowe_warmup-strict: ok fills=192 (60.6s)
[925/2869] BANK2_BL-05_d4__T_input_-raw_rsi_ex-level_rsi_sm-wilder_same_b-wait_b_warmup-ready_: ok fills=206 (62.2s)
[926/2869] BANK2_BL-05_d4__T_input_-raw_rsi_ex-cross_rsi_sm-wilder_same_b-allowe_warmup-strict: ok fills=208 (60.0s)
[927/2869] BANK2_BL-05_d4__T_input_-adjust_rsi_ex-cross_rsi_sm-wilder_same_b-wait_b_warmup-strict: ok fills=192 (58.5s)
[928/2869] BANK2_BL-05_d4__T_input_-raw_rsi_ex-cross_rsi_sm-wilder_same_b-wait_b_warmup-strict: ok fills=208 (58.9s)
[929/2869] BANK2_BL-05_d4__T_input_-adjust_rsi_ex-cross_rsi_sm-wilder_same_b-allowe_warmup-ready_: ok fills=188 (58.6s)
[930/2869] BANK2_BL-05_d4__T_input_-raw_rsi_ex-cross_rsi_sm-wilder_same_b-allowe_warmup-ready_: ok fills=204 (55.4s)
[931/2869] BANK2_BL-05_d4__T_input_-adjust_rsi_ex-cross_rsi_sm-wilder_same_b-wait_b_warmup-ready_: ok fills=188 (56.0s)
[932/2869] BANK2_BL-05_d4__T_input_-raw_rsi_ex-cross_rsi_sm-wilder_same_b-wait_b_warmup-ready_: ok fills=204 (54.1s)
[933/2869] BANK2_BL-05_d4__T_input_-raw_rsi_ex-level_rsi_sm-simple_same_b-allowe_warmup-strict: ok fills=243 (55.4s)
[934/2869] BANK2_BL-05_d4__T_input_-adjust_rsi_ex-level_rsi_sm-simple_same_b-wait_b_warmup-strict: ok fills=219 (57.2s)
[935/2869] BANK2_BL-05_d4__T_input_-adjust_rsi_ex-level_rsi_sm-simple_same_b-allowe_warmup-strict: ok fills=223 (58.9s)
[936/2869] BANK2_BL-05_d4__T_input_-raw_rsi_ex-level_rsi_sm-simple_same_b-wait_b_warmup-strict: ok fills=239 (61.0s)
[937/2869] BANK2_BL-05_d4__T_input_-adjust_rsi_ex-level_rsi_sm-simple_same_b-allowe_warmup-ready_: ok fills=211 (60.2s)
[938/2869] BANK2_BL-05_d4__T_input_-raw_rsi_ex-level_rsi_sm-simple_same_b-allowe_warmup-ready_: ok fills=231 (57.0s)
[939/2869] BANK2_BL-05_d4__T_input_-adjust_rsi_ex-level_rsi_sm-simple_same_b-wait_b_warmup-ready_: ok fills=209 (55.2s)
[940/2869] BANK2_BL-05_d4__T_input_-raw_rsi_ex-level_rsi_sm-simple_same_b-wait_b_warmup-ready_: ok fills=229 (53.4s)
[941/2869] BANK2_BL-05_d4__T_input_-adjust_rsi_ex-cross_rsi_sm-simple_same_b-wait_b_warmup-ready_: exit=1 fills=None (11.0s)
[942/2869] BANK2_BL-05_d4__T_input_-adjust_rsi_ex-cross_rsi_sm-simple_same_b-allowe_warmup-strict: ok fills=213 (54.6s)
[943/2869] BANK2_BL-05_d4__T_input_-raw_rsi_ex-cross_rsi_sm-simple_same_b-allowe_warmup-strict: ok fills=233 (57.6s)
[944/2869] BANK2_BL-05_d4__T_input_-adjust_rsi_ex-cross_rsi_sm-simple_same_b-wait_b_warmup-strict: ok fills=213 (59.0s)
[945/2869] BANK2_BL-05_d4__T_input_-raw_rsi_ex-cross_rsi_sm-simple_same_b-wait_b_warmup-strict: ok fills=233 (58.6s)
[946/2869] BANK2_BL-05_d4__T_input_-adjust_rsi_ex-cross_rsi_sm-simple_same_b-allowe_warmup-ready_: ok fills=205 (60.1s)
[947/2869] BANK2_BL-05_d4__T_input_-raw_rsi_ex-cross_rsi_sm-simple_same_b-allowe_warmup-ready_: ok fills=225 (60.8s)
[948/2869] BANK2_BL-05_d4__T_input_-raw_rsi_ex-cross_rsi_sm-simple_same_b-wait_b_warmup-ready_: ok fills=225 (58.3s)
[949/2869] BANK2_BL-05_d4__OAT_a_exec-set_holdings: ok fills=194 (59.4s)
[950/2869] BANK2_BL-05_d5__ref: ok fills=154 (54.8s)
[951/2869] BANK2_BL-05_d4__OAT_cross_timing-today_ma: ok fills=190 (62.1s)
[952/2869] BANK2_BL-05_d4__SPOT_all_excluded_off: ok fills=190 (58.6s)
[953/2869] BANK2_BL-05_d5__T_input_-raw_rsi_ex-level_rsi_sm-wilder_same_b-allowe_warmup-strict: ok fills=174 (56.6s)
[954/2869] BANK2_BL-05_d5__T_input_-adjust_rsi_ex-level_rsi_sm-wilder_same_b-wait_b_warmup-strict: ok fills=154 (60.0s)
[955/2869] BANK2_BL-05_d5__T_input_-raw_rsi_ex-level_rsi_sm-wilder_same_b-wait_b_warmup-strict: ok fills=174 (60.1s)
[956/2869] BANK2_BL-05_d5__T_input_-adjust_rsi_ex-level_rsi_sm-wilder_same_b-allowe_warmup-ready_: ok fills=150 (58.5s)
[957/2869] BANK2_BL-05_d5__T_input_-raw_rsi_ex-level_rsi_sm-wilder_same_b-allowe_warmup-ready_: ok fills=170 (57.7s)
[958/2869] BANK2_BL-05_d5__T_input_-raw_rsi_ex-cross_rsi_sm-wilder_same_b-wait_b_warmup-strict: exit=1 fills=None (7.6s)
[959/2869] BANK2_BL-05_d5__T_input_-raw_rsi_ex-level_rsi_sm-wilder_same_b-wait_b_warmup-ready_: ok fills=170 (58.3s)
[960/2869] BANK2_BL-05_d5__T_input_-adjust_rsi_ex-level_rsi_sm-wilder_same_b-wait_b_warmup-ready_: ok fills=150 (58.7s)
[961/2869] BANK2_BL-05_d5__T_input_-adjust_rsi_ex-cross_rsi_sm-wilder_same_b-allowe_warmup-strict: ok fills=154 (58.5s)
[962/2869] BANK2_BL-05_d5__T_input_-raw_rsi_ex-cross_rsi_sm-wilder_same_b-allowe_warmup-ready_: exit=1 fills=None (9.0s)
[963/2869] BANK2_BL-05_d5__T_input_-raw_rsi_ex-cross_rsi_sm-wilder_same_b-allowe_warmup-strict: ok fills=174 (55.7s)
[964/2869] BANK2_BL-05_d5__T_input_-adjust_rsi_ex-cross_rsi_sm-wilder_same_b-wait_b_warmup-strict: ok fills=154 (55.3s)
[965/2869] BANK2_BL-05_d5__T_input_-adjust_rsi_ex-cross_rsi_sm-wilder_same_b-allowe_warmup-ready_: ok fills=150 (51.3s)
[966/2869] BANK2_BL-05_d5__T_input_-adjust_rsi_ex-cross_rsi_sm-wilder_same_b-wait_b_warmup-ready_: ok fills=150 (54.6s)
[967/2869] BANK2_BL-05_d5__T_input_-adjust_rsi_ex-level_rsi_sm-simple_same_b-allowe_warmup-strict: ok fills=161 (54.9s)
[968/2869] BANK2_BL-05_d5__T_input_-raw_rsi_ex-cross_rsi_sm-wilder_same_b-wait_b_warmup-ready_: ok fills=170 (59.0s)
[969/2869] BANK2_BL-05_d5__T_input_-adjust_rsi_ex-level_rsi_sm-simple_same_b-wait_b_warmup-strict: ok fills=157 (58.6s)
[970/2869] BANK2_BL-05_d5__T_input_-raw_rsi_ex-level_rsi_sm-simple_same_b-allowe_warmup-strict: ok fills=181 (60.0s)
[971/2869] BANK2_BL-05_d5__T_input_-raw_rsi_ex-level_rsi_sm-simple_same_b-wait_b_warmup-strict: ok fills=177 (60.8s)
[972/2869] BANK2_BL-05_d5__T_input_-adjust_rsi_ex-level_rsi_sm-simple_same_b-allowe_warmup-ready_: ok fills=155 (59.1s)
[973/2869] BANK2_BL-05_d5__T_input_-raw_rsi_ex-level_rsi_sm-simple_same_b-allowe_warmup-ready_: ok fills=175 (55.0s)
[974/2869] BANK2_BL-05_d5__T_input_-adjust_rsi_ex-level_rsi_sm-simple_same_b-wait_b_warmup-ready_: ok fills=153 (57.7s)
[975/2869] BANK2_BL-05_d5__T_input_-raw_rsi_ex-level_rsi_sm-simple_same_b-wait_b_warmup-ready_: ok fills=173 (53.2s)
[976/2869] BANK2_BL-05_d5__T_input_-adjust_rsi_ex-cross_rsi_sm-simple_same_b-allowe_warmup-strict: ok fills=157 (56.7s)
[977/2869] BANK2_BL-05_d5__T_input_-raw_rsi_ex-cross_rsi_sm-simple_same_b-allowe_warmup-strict: ok fills=177 (57.2s)
[978/2869] BANK2_BL-05_d5__T_input_-adjust_rsi_ex-cross_rsi_sm-simple_same_b-wait_b_warmup-ready_: exit=1 fills=None (12.5s)
[979/2869] BANK2_BL-05_d5__T_input_-adjust_rsi_ex-cross_rsi_sm-simple_same_b-wait_b_warmup-strict: ok fills=157 (58.8s)
[980/2869] BANK2_BL-05_d5__T_input_-raw_rsi_ex-cross_rsi_sm-simple_same_b-wait_b_warmup-strict: ok fills=177 (59.2s)
[981/2869] BANK2_BL-05_d5__T_input_-adjust_rsi_ex-cross_rsi_sm-simple_same_b-allowe_warmup-ready_: ok fills=153 (62.5s)
[982/2869] BANK2_BL-05_d5__T_input_-raw_rsi_ex-cross_rsi_sm-simple_same_b-allowe_warmup-ready_: ok fills=173 (59.9s)
[983/2869] BANK2_BL-05_d5__T_input_-raw_rsi_ex-cross_rsi_sm-simple_same_b-wait_b_warmup-ready_: ok fills=173 (55.8s)
[984/2869] BANK2_BL-05_d5__OAT_cross_timing-today_ma: ok fills=150 (53.9s)
[985/2869] BANK2_BL-05_d5__OAT_a_exec-set_holdings: ok fills=154 (56.5s)
[986/2869] BANK2_BL-05_d5__SPOT_all_excluded_off: ok fills=150 (56.7s)
[987/2869] BANK2_BL-07_p7__T_input_-raw_rsi_ex-level_rsi_sm-wilder_same_b-allowe_warmup-strict: ok fills=316 (58.0s)
[988/2869] BANK2_BL-07_p7__ref: ok fills=302 (60.3s)
[989/2869] BANK2_BL-07_p7__T_input_-adjust_rsi_ex-level_rsi_sm-wilder_same_b-wait_b_warmup-strict: ok fills=300 (58.7s)
[990/2869] BANK2_BL-07_p7__T_input_-raw_rsi_ex-level_rsi_sm-wilder_same_b-wait_b_warmup-strict: ok fills=316 (61.1s)
[991/2869] BANK2_BL-07_p7__T_input_-adjust_rsi_ex-level_rsi_sm-wilder_same_b-allowe_warmup-ready_: ok fills=298 (58.7s)
[992/2869] BANK2_BL-07_p7__T_input_-adjust_rsi_ex-level_rsi_sm-wilder_same_b-wait_b_warmup-ready_: ok fills=296 (61.4s)
[993/2869] BANK2_BL-07_p7__T_input_-raw_rsi_ex-level_rsi_sm-wilder_same_b-wait_b_warmup-ready_: ok fills=312 (61.1s)
[994/2869] BANK2_BL-07_p7__T_input_-raw_rsi_ex-level_rsi_sm-wilder_same_b-allowe_warmup-ready_: ok fills=312 (64.3s)
[995/2869] BANK2_BL-07_p7__T_input_-adjust_rsi_ex-cross_rsi_sm-wilder_same_b-allowe_warmup-strict: ok fills=296 (61.5s)
[996/2869] BANK2_BL-07_p7__T_input_-raw_rsi_ex-cross_rsi_sm-wilder_same_b-allowe_warmup-strict: ok fills=312 (61.8s)
[997/2869] BANK2_BL-07_p7__T_input_-adjust_rsi_ex-cross_rsi_sm-wilder_same_b-wait_b_warmup-strict: ok fills=296 (60.4s)
[998/2869] BANK2_BL-07_p7__T_input_-raw_rsi_ex-cross_rsi_sm-wilder_same_b-wait_b_warmup-strict: ok fills=312 (58.0s)
[999/2869] BANK2_BL-07_p7__T_input_-adjust_rsi_ex-cross_rsi_sm-wilder_same_b-allowe_warmup-ready_: ok fills=292 (56.6s)
[1000/2869] BANK2_BL-07_p7__T_input_-raw_rsi_ex-cross_rsi_sm-wilder_same_b-allowe_warmup-ready_: ok fills=308 (57.1s)
[1001/2869] BANK2_BL-07_p7__T_input_-adjust_rsi_ex-cross_rsi_sm-wilder_same_b-wait_b_warmup-ready_: ok fills=292 (54.9s)
[1002/2869] BANK2_BL-07_p7__T_input_-raw_rsi_ex-level_rsi_sm-simple_same_b-wait_b_warmup-strict: exit=1 fills=None (12.8s)
[1003/2869] BANK2_BL-07_p7__T_input_-raw_rsi_ex-cross_rsi_sm-wilder_same_b-wait_b_warmup-ready_: ok fills=308 (57.3s)
[1004/2869] BANK2_BL-07_p7__T_input_-raw_rsi_ex-level_rsi_sm-simple_same_b-allowe_warmup-strict: ok fills=344 (62.5s)
[1005/2869] BANK2_BL-07_p7__T_input_-adjust_rsi_ex-level_rsi_sm-simple_same_b-allowe_warmup-strict: ok fills=324 (63.2s)
[1006/2869] BANK2_BL-07_p7__T_input_-adjust_rsi_ex-level_rsi_sm-simple_same_b-wait_b_warmup-strict: ok fills=320 (60.7s)
[1007/2869] BANK2_BL-07_p7__T_input_-adjust_rsi_ex-level_rsi_sm-simple_same_b-allowe_warmup-ready_: ok fills=314 (56.3s)
[1008/2869] BANK2_BL-07_p7__T_input_-raw_rsi_ex-level_rsi_sm-simple_same_b-wait_b_warmup-ready_: ok fills=332 (55.5s)
[1009/2869] BANK2_BL-07_p7__T_input_-adjust_rsi_ex-cross_rsi_sm-simple_same_b-allowe_warmup-ready_: exit=1 fills=None (10.8s)
[1010/2869] BANK2_BL-07_p7__T_input_-adjust_rsi_ex-level_rsi_sm-simple_same_b-wait_b_warmup-ready_: ok fills=312 (58.3s)
[1011/2869] BANK2_BL-07_p7__T_input_-raw_rsi_ex-level_rsi_sm-simple_same_b-allowe_warmup-ready_: ok fills=334 (58.7s)
[1012/2869] BANK2_BL-07_p7__T_input_-adjust_rsi_ex-cross_rsi_sm-simple_same_b-allowe_warmup-strict: ok fills=306 (58.2s)
[1013/2869] BANK2_BL-07_p7__T_input_-raw_rsi_ex-cross_rsi_sm-simple_same_b-allowe_warmup-strict: ok fills=326 (59.1s)
[1014/2869] BANK2_BL-07_p7__T_input_-adjust_rsi_ex-cross_rsi_sm-simple_same_b-wait_b_warmup-strict: ok fills=306 (62.6s)
[1015/2869] BANK2_BL-07_p7__T_input_-raw_rsi_ex-cross_rsi_sm-simple_same_b-wait_b_warmup-strict: ok fills=326 (60.8s)
[1016/2869] BANK2_BL-07_p7__T_input_-adjust_rsi_ex-cross_rsi_sm-simple_same_b-wait_b_warmup-ready_: ok fills=300 (57.7s)
[1017/2869] BANK2_BL-07_p7__OAT_a_exec-set_holdings: ok fills=302 (56.5s)
[1018/2869] BANK2_BL-07_p7__T_input_-raw_rsi_ex-cross_rsi_sm-simple_same_b-allowe_warmup-ready_: ok fills=320 (60.9s)
[1019/2869] BANK2_BL-07_p7__OAT_cross_timing-today_ma: ok fills=298 (55.7s)
[1020/2869] BANK2_BL-07_p7__T_input_-raw_rsi_ex-cross_rsi_sm-simple_same_b-wait_b_warmup-ready_: ok fills=320 (59.0s)
[1021/2869] BANK2_BL-07_p7__SPOT_all_excluded_off: ok fills=298 (59.6s)
[1022/2869] BANK2_BL-07_p9__ref: ok fills=292 (59.4s)
[1023/2869] BANK2_BL-07_p9__T_input_-raw_rsi_ex-level_rsi_sm-wilder_same_b-allowe_warmup-strict: ok fills=308 (63.2s)
[1024/2869] BANK2_BL-07_p9__T_input_-adjust_rsi_ex-level_rsi_sm-wilder_same_b-wait_b_warmup-strict: ok fills=290 (59.7s)
[1025/2869] BANK2_BL-07_p9__T_input_-adjust_rsi_ex-level_rsi_sm-wilder_same_b-wait_b_warmup-ready_: ok fills=286 (61.0s)
[1026/2869] BANK2_BL-07_p9__T_input_-raw_rsi_ex-level_rsi_sm-wilder_same_b-wait_b_warmup-strict: ok fills=306 (64.5s)
[1027/2869] BANK2_BL-07_p9__T_input_-adjust_rsi_ex-level_rsi_sm-wilder_same_b-allowe_warmup-ready_: ok fills=288 (63.3s)
[1028/2869] BANK2_BL-07_p9__T_input_-raw_rsi_ex-level_rsi_sm-wilder_same_b-allowe_warmup-ready_: ok fills=304 (64.7s)
[1029/2869] BANK2_BL-07_p9__T_input_-raw_rsi_ex-level_rsi_sm-wilder_same_b-wait_b_warmup-ready_: ok fills=302 (62.3s)
[1030/2869] BANK2_BL-07_p9__T_input_-adjust_rsi_ex-cross_rsi_sm-wilder_same_b-allowe_warmup-strict: ok fills=282 (62.9s)
[1031/2869] BANK2_BL-07_p9__T_input_-raw_rsi_ex-cross_rsi_sm-wilder_same_b-allowe_warmup-strict: ok fills=298 (65.6s)
[1032/2869] BANK2_BL-07_p9__T_input_-adjust_rsi_ex-cross_rsi_sm-wilder_same_b-wait_b_warmup-strict: ok fills=282 (66.0s)
[1033/2869] BANK2_BL-07_p9__T_input_-raw_rsi_ex-cross_rsi_sm-wilder_same_b-allowe_warmup-ready_: ok fills=294 (61.5s)
[1034/2869] BANK2_BL-07_p9__T_input_-adjust_rsi_ex-cross_rsi_sm-wilder_same_b-allowe_warmup-ready_: ok fills=278 (62.1s)
[1035/2869] BANK2_BL-07_p9__T_input_-raw_rsi_ex-cross_rsi_sm-wilder_same_b-wait_b_warmup-strict: ok fills=298 (64.5s)
[1036/2869] BANK2_BL-07_p9__T_input_-adjust_rsi_ex-cross_rsi_sm-wilder_same_b-wait_b_warmup-ready_: ok fills=278 (62.2s)
[1037/2869] BANK2_BL-07_p9__T_input_-raw_rsi_ex-cross_rsi_sm-wilder_same_b-wait_b_warmup-ready_: ok fills=294 (66.0s)
[1038/2869] BANK2_BL-07_p9__T_input_-adjust_rsi_ex-level_rsi_sm-simple_same_b-allowe_warmup-strict: ok fills=314 (62.2s)
[1039/2869] BANK2_BL-07_p9__T_input_-raw_rsi_ex-level_rsi_sm-simple_same_b-allowe_warmup-strict: ok fills=332 (71.7s)
[1040/2869] BANK2_BL-07_p9__T_input_-adjust_rsi_ex-level_rsi_sm-simple_same_b-wait_b_warmup-strict: ok fills=310 (59.3s)
[1041/2869] BANK2_BL-07_p9__T_input_-raw_rsi_ex-level_rsi_sm-simple_same_b-allowe_warmup-ready_: ok fills=322 (59.7s)
[1042/2869] BANK2_BL-07_p9__T_input_-adjust_rsi_ex-level_rsi_sm-simple_same_b-allowe_warmup-ready_: ok fills=304 (61.9s)
[1043/2869] BANK2_BL-07_p9__T_input_-raw_rsi_ex-level_rsi_sm-simple_same_b-wait_b_warmup-strict: ok fills=330 (63.1s)
[1044/2869] BANK2_BL-07_p9__T_input_-adjust_rsi_ex-level_rsi_sm-simple_same_b-wait_b_warmup-ready_: ok fills=302 (65.4s)
[1045/2869] BANK2_BL-07_p9__T_input_-raw_rsi_ex-level_rsi_sm-simple_same_b-wait_b_warmup-ready_: ok fills=322 (61.6s)
[1046/2869] BANK2_BL-07_p9__T_input_-adjust_rsi_ex-cross_rsi_sm-simple_same_b-allowe_warmup-strict: ok fills=286 (62.1s)
[1047/2869] BANK2_BL-07_p9__T_input_-raw_rsi_ex-cross_rsi_sm-simple_same_b-allowe_warmup-strict: ok fills=306 (53.9s)
[1048/2869] BANK2_BL-07_p9__T_input_-adjust_rsi_ex-cross_rsi_sm-simple_same_b-wait_b_warmup-strict: ok fills=286 (52.6s)
[1049/2869] BANK2_BL-07_p9__T_input_-adjust_rsi_ex-cross_rsi_sm-simple_same_b-allowe_warmup-ready_: ok fills=280 (54.4s)
[1050/2869] BANK2_BL-07_p9__T_input_-raw_rsi_ex-cross_rsi_sm-simple_same_b-wait_b_warmup-strict: ok fills=306 (59.9s)
[1051/2869] BANK2_BL-07_p9__T_input_-raw_rsi_ex-cross_rsi_sm-simple_same_b-allowe_warmup-ready_: ok fills=300 (62.0s)
[1052/2869] BANK2_BL-07_p9__T_input_-adjust_rsi_ex-cross_rsi_sm-simple_same_b-wait_b_warmup-ready_: ok fills=280 (58.6s)
[1053/2869] BANK2_BL-07_p9__T_input_-raw_rsi_ex-cross_rsi_sm-simple_same_b-wait_b_warmup-ready_: ok fills=300 (61.7s)
[1054/2869] BANK2_BL-07_p9__OAT_a_exec-set_holdings: ok fills=292 (62.2s)
[1055/2869] BANK2_BL-07_p9__OAT_cross_timing-today_ma: ok fills=288 (61.3s)
[1056/2869] BANK2_BL-07_p9__SPOT_all_excluded_off: ok fills=288 (59.5s)
[1057/2869] BANK2_BL-07_p14__T_input_-raw_rsi_ex-level_rsi_sm-wilder_same_b-allowe_warmup-strict: ok fills=280 (62.5s)
[1058/2869] BANK2_BL-07_p14__T_input_-raw_rsi_ex-level_rsi_sm-wilder_same_b-wait_b_warmup-ready_: exit=1 fills=None (14.6s)
[1059/2869] BANK2_BL-07_p14__ref: ok fills=270 (67.5s)
[1060/2869] BANK2_BL-07_p14__T_input_-adjust_rsi_ex-level_rsi_sm-wilder_same_b-wait_b_warmup-strict: ok fills=266 (63.3s)
[1061/2869] BANK2_BL-07_p14__T_input_-raw_rsi_ex-level_rsi_sm-wilder_same_b-wait_b_warmup-strict: ok fills=278 (65.7s)
[1062/2869] BANK2_BL-07_p14__T_input_-raw_rsi_ex-level_rsi_sm-wilder_same_b-allowe_warmup-ready_: ok fills=276 (67.6s)
[1063/2869] BANK2_BL-07_p14__T_input_-adjust_rsi_ex-level_rsi_sm-wilder_same_b-allowe_warmup-ready_: ok fills=266 (70.6s)
[1064/2869] BANK2_BL-07_p14__T_input_-adjust_rsi_ex-level_rsi_sm-wilder_same_b-wait_b_warmup-ready_: ok fills=262 (68.9s)
[1065/2869] BANK2_BL-07_p14__T_input_-adjust_rsi_ex-cross_rsi_sm-wilder_same_b-allowe_warmup-strict: ok fills=250 (73.9s)
[1066/2869] BANK2_BL-07_p14__T_input_-adjust_rsi_ex-cross_rsi_sm-wilder_same_b-wait_b_warmup-strict: ok fills=250 (73.7s)
[1067/2869] BANK2_BL-07_p14__T_input_-raw_rsi_ex-cross_rsi_sm-wilder_same_b-wait_b_warmup-strict: ok fills=264 (72.7s)
[1068/2869] BANK2_BL-07_p14__T_input_-adjust_rsi_ex-cross_rsi_sm-wilder_same_b-allowe_warmup-ready_: ok fills=246 (73.7s)
[1069/2869] BANK2_BL-07_p14__T_input_-raw_rsi_ex-cross_rsi_sm-wilder_same_b-allowe_warmup-strict: ok fills=264 (82.7s)
[1070/2869] BANK2_BL-07_p14__T_input_-raw_rsi_ex-cross_rsi_sm-wilder_same_b-allowe_warmup-ready_: ok fills=260 (78.3s)
[1071/2869] BANK2_BL-07_p14__T_input_-adjust_rsi_ex-cross_rsi_sm-wilder_same_b-wait_b_warmup-ready_: ok fills=246 (78.8s)
[1072/2869] BANK2_BL-07_p14__T_input_-raw_rsi_ex-cross_rsi_sm-wilder_same_b-wait_b_warmup-ready_: ok fills=260 (77.1s)
[1073/2869] BANK2_BL-07_p14__T_input_-adjust_rsi_ex-level_rsi_sm-simple_same_b-wait_b_warmup-strict: ok fills=306 (65.4s)
[1074/2869] BANK2_BL-07_p14__T_input_-adjust_rsi_ex-level_rsi_sm-simple_same_b-allowe_warmup-strict: ok fills=320 (69.4s)
[1075/2869] BANK2_BL-07_p14__T_input_-raw_rsi_ex-level_rsi_sm-simple_same_b-allowe_warmup-strict: ok fills=338 (69.6s)
[1076/2869] BANK2_BL-07_p14__T_input_-adjust_rsi_ex-level_rsi_sm-simple_same_b-allowe_warmup-ready_: ok fills=306 (65.1s)
[1077/2869] BANK2_BL-07_p14__T_input_-raw_rsi_ex-level_rsi_sm-simple_same_b-wait_b_warmup-strict: ok fills=324 (67.4s)
[1078/2869] BANK2_BL-07_p14__T_input_-raw_rsi_ex-level_rsi_sm-simple_same_b-allowe_warmup-ready_: ok fills=324 (63.4s)
[1079/2869] BANK2_BL-07_p14__T_input_-adjust_rsi_ex-level_rsi_sm-simple_same_b-wait_b_warmup-ready_: ok fills=296 (61.5s)
[1080/2869] BANK2_BL-07_p14__T_input_-raw_rsi_ex-level_rsi_sm-simple_same_b-wait_b_warmup-ready_: ok fills=314 (60.7s)
[1081/2869] BANK2_BL-07_p14__T_input_-adjust_rsi_ex-cross_rsi_sm-simple_same_b-wait_b_warmup-strict: ok fills=270 (60.2s)
[1082/2869] BANK2_BL-07_p14__T_input_-raw_rsi_ex-cross_rsi_sm-simple_same_b-allowe_warmup-strict: ok fills=290 (62.1s)
[1083/2869] BANK2_BL-07_p14__T_input_-adjust_rsi_ex-cross_rsi_sm-simple_same_b-allowe_warmup-strict: ok fills=270 (63.4s)
[1084/2869] BANK2_BL-07_p14__T_input_-adjust_rsi_ex-cross_rsi_sm-simple_same_b-allowe_warmup-ready_: ok fills=262 (61.6s)
[1085/2869] BANK2_BL-07_p14__T_input_-raw_rsi_ex-cross_rsi_sm-simple_same_b-wait_b_warmup-strict: ok fills=290 (63.1s)
[1086/2869] BANK2_BL-07_p14__T_input_-raw_rsi_ex-cross_rsi_sm-simple_same_b-allowe_warmup-ready_: ok fills=282 (64.0s)
[1087/2869] BANK2_BL-07_p14__T_input_-adjust_rsi_ex-cross_rsi_sm-simple_same_b-wait_b_warmup-ready_: ok fills=262 (65.5s)
[1088/2869] BANK2_BL-07_p14__T_input_-raw_rsi_ex-cross_rsi_sm-simple_same_b-wait_b_warmup-ready_: ok fills=282 (69.1s)
[1089/2869] BANK2_BL-07_p14__OAT_a_exec-set_holdings: ok fills=270 (71.1s)
[1090/2869] BANK2_BL-07_p14__OAT_cross_timing-today_ma: ok fills=266 (71.1s)
[1091/2869] BANK2_BL-07_p14__SPOT_all_excluded_off: ok fills=266 (76.6s)
[1092/2869] BANK2_BL-07_p21__T_input_-raw_rsi_ex-level_rsi_sm-wilder_same_b-allowe_warmup-strict: ok fills=264 (72.7s)
[1093/2869] BANK2_BL-07_p21__ref: ok fills=256 (80.0s)
[1094/2869] BANK2_BL-07_p21__T_input_-adjust_rsi_ex-level_rsi_sm-wilder_same_b-wait_b_warmup-strict: ok fills=252 (73.6s)
[1095/2869] BANK2_BL-07_p21__T_input_-raw_rsi_ex-level_rsi_sm-wilder_same_b-wait_b_warmup-strict: ok fills=262 (74.6s)
[1096/2869] BANK2_BL-07_p21__T_input_-adjust_rsi_ex-level_rsi_sm-wilder_same_b-allowe_warmup-ready_: ok fills=256 (71.6s)
[1097/2869] BANK2_BL-07_p21__T_input_-raw_rsi_ex-level_rsi_sm-wilder_same_b-allowe_warmup-ready_: ok fills=264 (65.6s)
[1098/2869] BANK2_BL-07_p21__T_input_-adjust_rsi_ex-level_rsi_sm-wilder_same_b-wait_b_warmup-ready_: ok fills=252 (66.0s)
[1099/2869] BANK2_BL-07_p21__T_input_-adjust_rsi_ex-cross_rsi_sm-wilder_same_b-allowe_warmup-strict: ok fills=228 (65.2s)
[1100/2869] BANK2_BL-07_p21__T_input_-raw_rsi_ex-level_rsi_sm-wilder_same_b-wait_b_warmup-ready_: ok fills=262 (68.4s)
[1101/2869] BANK2_BL-07_p21__T_input_-raw_rsi_ex-cross_rsi_sm-wilder_same_b-allowe_warmup-strict: ok fills=244 (60.7s)
[1102/2869] BANK2_BL-07_p21__T_input_-raw_rsi_ex-cross_rsi_sm-wilder_same_b-allowe_warmup-ready_: exit=1 fills=None (11.1s)
[1103/2869] BANK2_BL-07_p21__T_input_-adjust_rsi_ex-cross_rsi_sm-wilder_same_b-wait_b_warmup-strict: ok fills=228 (63.3s)
[1104/2869] BANK2_BL-07_p21__T_input_-raw_rsi_ex-cross_rsi_sm-wilder_same_b-wait_b_warmup-strict: ok fills=244 (61.1s)
[1105/2869] BANK2_BL-07_p21__T_input_-adjust_rsi_ex-cross_rsi_sm-wilder_same_b-allowe_warmup-ready_: ok fills=228 (60.3s)
[1106/2869] BANK2_BL-07_p21__T_input_-adjust_rsi_ex-cross_rsi_sm-wilder_same_b-wait_b_warmup-ready_: ok fills=228 (60.3s)
[1107/2869] BANK2_BL-07_p21__T_input_-raw_rsi_ex-level_rsi_sm-simple_same_b-allowe_warmup-strict: ok fills=300 (59.5s)
[1108/2869] BANK2_BL-07_p21__T_input_-adjust_rsi_ex-level_rsi_sm-simple_same_b-allowe_warmup-strict: ok fills=282 (60.5s)
[1109/2869] BANK2_BL-07_p21__T_input_-adjust_rsi_ex-level_rsi_sm-simple_same_b-wait_b_warmup-ready_: exit=1 fills=None (9.1s)
[1110/2869] BANK2_BL-07_p21__T_input_-raw_rsi_ex-cross_rsi_sm-wilder_same_b-wait_b_warmup-ready_: ok fills=244 (62.9s)
[1111/2869] BANK2_BL-07_p21__T_input_-adjust_rsi_ex-level_rsi_sm-simple_same_b-wait_b_warmup-strict: ok fills=268 (62.2s)
[1112/2869] BANK2_BL-07_p21__T_input_-adjust_rsi_ex-level_rsi_sm-simple_same_b-allowe_warmup-ready_: ok fills=280 (60.8s)
[1113/2869] BANK2_BL-07_p21__T_input_-raw_rsi_ex-level_rsi_sm-simple_same_b-wait_b_warmup-strict: ok fills=286 (61.8s)
[1114/2869] BANK2_BL-07_p21__T_input_-raw_rsi_ex-level_rsi_sm-simple_same_b-allowe_warmup-ready_: ok fills=298 (60.3s)
[1115/2869] BANK2_BL-07_p21__T_input_-raw_rsi_ex-level_rsi_sm-simple_same_b-wait_b_warmup-ready_: ok fills=284 (58.1s)
[1116/2869] BANK2_BL-07_p21__T_input_-adjust_rsi_ex-cross_rsi_sm-simple_same_b-allowe_warmup-strict: ok fills=228 (60.5s)
[1117/2869] BANK2_BL-07_p21__T_input_-adjust_rsi_ex-cross_rsi_sm-simple_same_b-wait_b_warmup-strict: ok fills=228 (61.2s)
[1118/2869] BANK2_BL-07_p21__T_input_-raw_rsi_ex-cross_rsi_sm-simple_same_b-wait_b_warmup-strict: ok fills=248 (60.0s)
[1119/2869] BANK2_BL-07_p21__T_input_-raw_rsi_ex-cross_rsi_sm-simple_same_b-allowe_warmup-strict: ok fills=248 (63.0s)
[1120/2869] BANK2_BL-07_p21__T_input_-raw_rsi_ex-cross_rsi_sm-simple_same_b-allowe_warmup-ready_: ok fills=246 (62.0s)
[1121/2869] BANK2_BL-07_p21__T_input_-adjust_rsi_ex-cross_rsi_sm-simple_same_b-allowe_warmup-ready_: ok fills=226 (62.5s)
[1122/2869] BANK2_BL-07_p21__T_input_-adjust_rsi_ex-cross_rsi_sm-simple_same_b-wait_b_warmup-ready_: ok fills=226 (60.8s)
[1123/2869] BANK2_BL-07_p21__T_input_-raw_rsi_ex-cross_rsi_sm-simple_same_b-wait_b_warmup-ready_: ok fills=246 (57.4s)
[1124/2869] BANK2_BL-07_p21__OAT_a_exec-set_holdings: ok fills=256 (64.4s)
[1125/2869] BANK2_BL-07_p21__OAT_cross_timing-today_ma: ok fills=252 (66.9s)
[1126/2869] BANK2_BL-07_p21__SPOT_all_excluded_off: ok fills=252 (66.2s)
[1127/2869] BANK2_BL-08_t50__ref: ok fills=370 (66.0s)
[1128/2869] BANK2_BL-08_t50__T_input_-adjust_rsi_ex-level_rsi_sm-wilder_same_b-wait_b_warmup-strict: ok fills=346 (58.7s)
[1129/2869] BANK2_BL-08_t50__T_input_-raw_rsi_ex-level_rsi_sm-wilder_same_b-allowe_warmup-strict: ok fills=378 (61.3s)
[1130/2869] BANK2_BL-08_t50__T_input_-raw_rsi_ex-level_rsi_sm-wilder_same_b-wait_b_warmup-strict: ok fills=356 (60.5s)
[1131/2869] BANK2_BL-08_t50__T_input_-adjust_rsi_ex-level_rsi_sm-wilder_same_b-allowe_warmup-ready_: ok fills=358 (57.7s)
[1132/2869] BANK2_BL-08_t50__T_input_-raw_rsi_ex-level_rsi_sm-wilder_same_b-allowe_warmup-ready_: ok fills=366 (58.5s)
[1133/2869] BANK2_BL-08_t50__T_input_-adjust_rsi_ex-level_rsi_sm-wilder_same_b-wait_b_warmup-ready_: ok fills=336 (62.3s)
[1134/2869] BANK2_BL-08_t50__T_input_-raw_rsi_ex-level_rsi_sm-wilder_same_b-wait_b_warmup-ready_: ok fills=346 (62.7s)
[1135/2869] BANK2_BL-08_t50__T_input_-adjust_rsi_ex-cross_rsi_sm-wilder_same_b-allowe_warmup-strict: ok fills=272 (63.4s)
[1136/2869] BANK2_BL-08_t50__T_input_-adjust_rsi_ex-cross_rsi_sm-wilder_same_b-wait_b_warmup-strict: ok fills=272 (59.3s)
[1137/2869] BANK2_BL-08_t50__T_input_-raw_rsi_ex-cross_rsi_sm-wilder_same_b-allowe_warmup-strict: ok fills=292 (63.0s)
[1138/2869] BANK2_BL-08_t50__T_input_-raw_rsi_ex-cross_rsi_sm-wilder_same_b-wait_b_warmup-strict: ok fills=292 (58.9s)
[1139/2869] BANK2_BL-08_t50__T_input_-adjust_rsi_ex-cross_rsi_sm-wilder_same_b-allowe_warmup-ready_: ok fills=264 (56.6s)
[1140/2869] BANK2_BL-08_t50__T_input_-raw_rsi_ex-cross_rsi_sm-wilder_same_b-allowe_warmup-ready_: ok fills=284 (54.9s)
[1141/2869] BANK2_BL-08_t50__T_input_-raw_rsi_ex-cross_rsi_sm-wilder_same_b-wait_b_warmup-ready_: ok fills=284 (58.4s)
[1142/2869] BANK2_BL-08_t50__T_input_-adjust_rsi_ex-level_rsi_sm-simple_same_b-allowe_warmup-strict: ok fills=402 (59.0s)
[1143/2869] BANK2_BL-08_t50__T_input_-adjust_rsi_ex-cross_rsi_sm-wilder_same_b-wait_b_warmup-ready_: ok fills=264 (61.9s)
[1144/2869] BANK2_BL-08_t50__T_input_-adjust_rsi_ex-level_rsi_sm-simple_same_b-wait_b_warmup-strict: ok fills=362 (62.7s)
[1145/2869] BANK2_BL-08_t50__T_input_-raw_rsi_ex-level_rsi_sm-simple_same_b-allowe_warmup-strict: ok fills=420 (65.1s)
[1146/2869] BANK2_BL-08_t50__T_input_-raw_rsi_ex-level_rsi_sm-simple_same_b-wait_b_warmup-strict: ok fills=380 (60.2s)
[1147/2869] BANK2_BL-08_t50__T_input_-adjust_rsi_ex-level_rsi_sm-simple_same_b-allowe_warmup-ready_: ok fills=380 (58.1s)
[1148/2869] BANK2_BL-08_t50__T_input_-raw_rsi_ex-level_rsi_sm-simple_same_b-allowe_warmup-ready_: ok fills=398 (55.8s)
[1149/2869] BANK2_BL-08_t50__T_input_-adjust_rsi_ex-level_rsi_sm-simple_same_b-wait_b_warmup-ready_: ok fills=348 (54.4s)
[1150/2869] BANK2_BL-08_t50__T_input_-raw_rsi_ex-cross_rsi_sm-simple_same_b-allowe_warmup-ready_: exit=1 fills=None (10.9s)
[1151/2869] BANK2_BL-08_t50__T_input_-adjust_rsi_ex-cross_rsi_sm-simple_same_b-allowe_warmup-strict: ok fills=290 (55.1s)
[1152/2869] BANK2_BL-08_t50__T_input_-raw_rsi_ex-level_rsi_sm-simple_same_b-wait_b_warmup-ready_: ok fills=366 (58.7s)
[1153/2869] BANK2_BL-08_t50__T_input_-raw_rsi_ex-cross_rsi_sm-simple_same_b-allowe_warmup-strict: ok fills=310 (57.9s)
[1154/2869] BANK2_BL-08_t50__T_input_-adjust_rsi_ex-cross_rsi_sm-simple_same_b-wait_b_warmup-strict: ok fills=290 (61.2s)
[1155/2869] BANK2_BL-08_t50__T_input_-raw_rsi_ex-cross_rsi_sm-simple_same_b-wait_b_warmup-strict: ok fills=310 (64.4s)
[1156/2869] BANK2_BL-08_t50__T_input_-adjust_rsi_ex-cross_rsi_sm-simple_same_b-allowe_warmup-ready_: ok fills=284 (62.5s)
[1157/2869] BANK2_BL-08_t50__T_input_-adjust_rsi_ex-cross_rsi_sm-simple_same_b-wait_b_warmup-ready_: ok fills=284 (61.0s)
[1158/2869] BANK2_BL-08_t50__T_input_-raw_rsi_ex-cross_rsi_sm-simple_same_b-wait_b_warmup-ready_: ok fills=304 (61.6s)
[1159/2869] BANK2_BL-08_t50__OAT_a_exec-set_holdings: ok fills=370 (61.4s)
[1160/2869] BANK2_BL-08_t50__OAT_cross_timing-today_ma: ok fills=366 (60.6s)
[1161/2869] BANK2_BL-08_t50__SPOT_all_excluded_off: ok fills=366 (59.7s)
[1162/2869] BANK2_BL-08_t60__ref: ok fills=270 (57.8s)
[1163/2869] BANK2_BL-08_t60__T_input_-raw_rsi_ex-level_rsi_sm-wilder_same_b-allowe_warmup-strict: ok fills=280 (59.5s)
[1164/2869] BANK2_BL-08_t60__T_input_-adjust_rsi_ex-level_rsi_sm-wilder_same_b-wait_b_warmup-strict: ok fills=266 (58.1s)
[1165/2869] BANK2_BL-08_t60__T_input_-raw_rsi_ex-level_rsi_sm-wilder_same_b-wait_b_warmup-strict: ok fills=278 (59.9s)
[1166/2869] BANK2_BL-08_t60__T_input_-adjust_rsi_ex-level_rsi_sm-wilder_same_b-allowe_warmup-ready_: ok fills=266 (61.4s)
[1167/2869] BANK2_BL-08_t60__T_input_-raw_rsi_ex-level_rsi_sm-wilder_same_b-allowe_warmup-ready_: ok fills=276 (60.0s)
[1168/2869] BANK2_BL-08_t60__T_input_-adjust_rsi_ex-level_rsi_sm-wilder_same_b-wait_b_warmup-ready_: ok fills=262 (61.2s)
[1169/2869] BANK2_BL-08_t60__T_input_-raw_rsi_ex-level_rsi_sm-wilder_same_b-wait_b_warmup-ready_: ok fills=274 (58.7s)
[1170/2869] BANK2_BL-08_t60__T_input_-adjust_rsi_ex-cross_rsi_sm-wilder_same_b-allowe_warmup-strict: ok fills=250 (59.5s)
[1171/2869] BANK2_BL-08_t60__T_input_-raw_rsi_ex-cross_rsi_sm-wilder_same_b-allowe_warmup-strict: ok fills=264 (59.2s)
[1172/2869] BANK2_BL-08_t60__T_input_-adjust_rsi_ex-cross_rsi_sm-wilder_same_b-wait_b_warmup-strict: ok fills=250 (59.0s)
[1173/2869] BANK2_BL-08_t60__T_input_-raw_rsi_ex-cross_rsi_sm-wilder_same_b-wait_b_warmup-strict: ok fills=264 (60.7s)
[1174/2869] BANK2_BL-08_t60__T_input_-adjust_rsi_ex-cross_rsi_sm-wilder_same_b-allowe_warmup-ready_: ok fills=246 (62.3s)
[1175/2869] BANK2_BL-08_t60__T_input_-raw_rsi_ex-cross_rsi_sm-wilder_same_b-allowe_warmup-ready_: ok fills=260 (63.3s)
[1176/2869] BANK2_BL-08_t60__T_input_-adjust_rsi_ex-cross_rsi_sm-wilder_same_b-wait_b_warmup-ready_: ok fills=246 (63.6s)
[1177/2869] BANK2_BL-08_t60__T_input_-raw_rsi_ex-cross_rsi_sm-wilder_same_b-wait_b_warmup-ready_: ok fills=260 (61.2s)
[1178/2869] BANK2_BL-08_t60__T_input_-adjust_rsi_ex-level_rsi_sm-simple_same_b-wait_b_warmup-ready_: exit=1 fills=None (10.4s)
[1179/2869] BANK2_BL-08_t60__T_input_-adjust_rsi_ex-level_rsi_sm-simple_same_b-allowe_warmup-strict: ok fills=320 (64.1s)
[1180/2869] BANK2_BL-08_t60__T_input_-raw_rsi_ex-level_rsi_sm-simple_same_b-allowe_warmup-strict: ok fills=338 (62.7s)
[1181/2869] BANK2_BL-08_t60__T_input_-adjust_rsi_ex-level_rsi_sm-simple_same_b-wait_b_warmup-strict: ok fills=306 (60.4s)
[1182/2869] BANK2_BL-08_t60__T_input_-raw_rsi_ex-level_rsi_sm-simple_same_b-wait_b_warmup-strict: ok fills=324 (59.8s)
[1183/2869] BANK2_BL-08_t60__T_input_-adjust_rsi_ex-level_rsi_sm-simple_same_b-allowe_warmup-ready_: ok fills=306 (65.1s)
[1184/2869] BANK2_BL-08_t60__T_input_-raw_rsi_ex-level_rsi_sm-simple_same_b-allowe_warmup-ready_: ok fills=324 (63.0s)
[1185/2869] BANK2_BL-08_t60__T_input_-adjust_rsi_ex-cross_rsi_sm-simple_same_b-allowe_warmup-ready_: exit=1 fills=None (9.9s)
[1186/2869] BANK2_BL-08_t60__T_input_-adjust_rsi_ex-cross_rsi_sm-simple_same_b-allowe_warmup-strict: ok fills=270 (63.8s)
[1187/2869] BANK2_BL-08_t60__T_input_-raw_rsi_ex-level_rsi_sm-simple_same_b-wait_b_warmup-ready_: ok fills=314 (64.8s)
[1188/2869] BANK2_BL-08_t60__T_input_-raw_rsi_ex-cross_rsi_sm-simple_same_b-wait_b_warmup-ready_: exit=1 fills=None (15.0s)
[1189/2869] BANK2_BL-08_t60__T_input_-raw_rsi_ex-cross_rsi_sm-simple_same_b-allowe_warmup-strict: ok fills=290 (63.1s)
[1190/2869] BANK2_BL-08_t60__T_input_-adjust_rsi_ex-cross_rsi_sm-simple_same_b-wait_b_warmup-strict: ok fills=270 (65.0s)
[1191/2869] BANK2_BL-08_t70__ref: exit=1 fills=None (15.6s)
[1192/2869] BANK2_BL-08_t60__T_input_-raw_rsi_ex-cross_rsi_sm-simple_same_b-wait_b_warmup-strict: ok fills=290 (67.9s)
[1193/2869] BANK2_BL-08_t60__T_input_-adjust_rsi_ex-cross_rsi_sm-simple_same_b-wait_b_warmup-ready_: ok fills=262 (67.5s)
[1194/2869] BANK2_BL-08_t60__T_input_-raw_rsi_ex-cross_rsi_sm-simple_same_b-allowe_warmup-ready_: ok fills=282 (68.2s)
[1195/2869] BANK2_BL-08_t60__OAT_a_exec-set_holdings: ok fills=270 (65.6s)
[1196/2869] BANK2_BL-08_t60__OAT_cross_timing-today_ma: ok fills=266 (65.4s)
[1197/2869] BANK2_BL-08_t60__SPOT_all_excluded_off: ok fills=266 (69.5s)
[1198/2869] BANK2_BL-08_t70__T_input_-raw_rsi_ex-level_rsi_sm-wilder_same_b-allowe_warmup-strict: ok fills=216 (63.3s)
[1199/2869] BANK2_BL-08_t70__T_input_-adjust_rsi_ex-level_rsi_sm-wilder_same_b-wait_b_warmup-strict: ok fills=202 (64.9s)
[1200/2869] BANK2_BL-08_t70__T_input_-raw_rsi_ex-level_rsi_sm-wilder_same_b-wait_b_warmup-strict: ok fills=216 (62.9s)
[1201/2869] BANK2_BL-08_t70__T_input_-adjust_rsi_ex-level_rsi_sm-wilder_same_b-allowe_warmup-ready_: ok fills=202 (63.1s)
[1202/2869] BANK2_BL-08_t70__T_input_-raw_rsi_ex-level_rsi_sm-wilder_same_b-allowe_warmup-ready_: ok fills=216 (64.2s)
[1203/2869] BANK2_BL-08_t70__T_input_-adjust_rsi_ex-level_rsi_sm-wilder_same_b-wait_b_warmup-ready_: ok fills=202 (63.8s)
[1204/2869] BANK2_BL-08_t70__T_input_-raw_rsi_ex-cross_rsi_sm-wilder_same_b-allowe_warmup-ready_: exit=1 fills=None (12.5s)
[1205/2869] BANK2_BL-08_t70__T_input_-raw_rsi_ex-level_rsi_sm-wilder_same_b-wait_b_warmup-ready_: ok fills=216 (64.7s)
[1206/2869] BANK2_BL-08_t70__T_input_-adjust_rsi_ex-cross_rsi_sm-wilder_same_b-allowe_warmup-strict: ok fills=200 (63.2s)
[1207/2869] BANK2_BL-08_t70__T_input_-raw_rsi_ex-cross_rsi_sm-wilder_same_b-allowe_warmup-strict: ok fills=214 (62.9s)
[1208/2869] BANK2_BL-08_t70__T_input_-adjust_rsi_ex-cross_rsi_sm-wilder_same_b-wait_b_warmup-strict: ok fills=200 (62.6s)
[1209/2869] BANK2_BL-08_t70__T_input_-raw_rsi_ex-cross_rsi_sm-wilder_same_b-wait_b_warmup-strict: ok fills=214 (64.5s)
[1210/2869] BANK2_BL-08_t70__T_input_-adjust_rsi_ex-cross_rsi_sm-wilder_same_b-allowe_warmup-ready_: ok fills=200 (62.0s)
[1211/2869] BANK2_BL-08_t70__T_input_-raw_rsi_ex-cross_rsi_sm-wilder_same_b-wait_b_warmup-ready_: ok fills=214 (64.0s)
[1212/2869] BANK2_BL-08_t70__T_input_-adjust_rsi_ex-cross_rsi_sm-wilder_same_b-wait_b_warmup-ready_: ok fills=200 (68.8s)
[1213/2869] BANK2_BL-08_t70__T_input_-adjust_rsi_ex-level_rsi_sm-simple_same_b-allowe_warmup-strict: ok fills=248 (69.4s)
[1214/2869] BANK2_BL-08_t70__T_input_-raw_rsi_ex-level_rsi_sm-simple_same_b-allowe_warmup-strict: ok fills=264 (66.9s)
[1215/2869] BANK2_BL-08_t70__T_input_-raw_rsi_ex-cross_rsi_sm-simple_same_b-allowe_warmup-strict: exit=1 fills=None (5.3s)
[1216/2869] BANK2_BL-08_t70__T_input_-adjust_rsi_ex-level_rsi_sm-simple_same_b-wait_b_warmup-strict: ok fills=242 (70.7s)
[1217/2869] BANK2_BL-08_t70__T_input_-raw_rsi_ex-level_rsi_sm-simple_same_b-wait_b_warmup-strict: ok fills=260 (69.5s)
[1218/2869] BANK2_BL-08_t70__T_input_-adjust_rsi_ex-level_rsi_sm-simple_same_b-allowe_warmup-ready_: ok fills=246 (71.8s)
[1219/2869] BANK2_BL-08_t70__T_input_-raw_rsi_ex-level_rsi_sm-simple_same_b-allowe_warmup-ready_: ok fills=262 (66.2s)
[1220/2869] BANK2_BL-08_t70__T_input_-adjust_rsi_ex-level_rsi_sm-simple_same_b-wait_b_warmup-ready_: ok fills=240 (65.6s)
[1221/2869] BANK2_BL-08_t70__T_input_-adjust_rsi_ex-cross_rsi_sm-simple_same_b-allowe_warmup-strict: ok fills=232 (64.5s)
[1222/2869] BANK2_BL-08_t70__T_input_-raw_rsi_ex-level_rsi_sm-simple_same_b-wait_b_warmup-ready_: ok fills=258 (71.6s)
[1223/2869] BANK2_BL-08_t70__T_input_-adjust_rsi_ex-cross_rsi_sm-simple_same_b-wait_b_warmup-strict: ok fills=232 (76.0s)
[1224/2869] BANK2_BL-08_t70__OAT_a_exec-set_holdings: exit=1 fills=None (18.0s)
[1225/2869] BANK2_BL-08_t70__T_input_-raw_rsi_ex-cross_rsi_sm-simple_same_b-wait_b_warmup-strict: ok fills=250 (75.5s)
[1226/2869] BANK2_BL-08_t70__T_input_-adjust_rsi_ex-cross_rsi_sm-simple_same_b-allowe_warmup-ready_: ok fills=230 (80.5s)
[1227/2869] BANK2_BL-08_t70__T_input_-raw_rsi_ex-cross_rsi_sm-simple_same_b-allowe_warmup-ready_: ok fills=248 (77.6s)
[1228/2869] BANK2_BL-08_t70__T_input_-adjust_rsi_ex-cross_rsi_sm-simple_same_b-wait_b_warmup-ready_: ok fills=230 (82.3s)
[1229/2869] BANK2_BL-08_t70__T_input_-raw_rsi_ex-cross_rsi_sm-simple_same_b-wait_b_warmup-ready_: ok fills=248 (76.4s)
[1230/2869] BANK2_BL-08_t70__OAT_cross_timing-today_ma: ok fills=198 (76.2s)
[1231/2869] BANK2_BL-08_t80__ref: ok fills=144 (72.8s)
[1232/2869] BANK2_BL-08_t70__SPOT_all_excluded_off: ok fills=198 (75.0s)
[1233/2869] BANK2_BL-08_t80__T_input_-raw_rsi_ex-level_rsi_sm-wilder_same_b-allowe_warmup-strict: ok fills=162 (68.2s)
[1234/2869] BANK2_BL-08_t80__T_input_-adjust_rsi_ex-level_rsi_sm-wilder_same_b-wait_b_warmup-strict: ok fills=144 (70.4s)
[1235/2869] BANK2_BL-08_t80__T_input_-raw_rsi_ex-level_rsi_sm-wilder_same_b-wait_b_warmup-strict: ok fills=162 (68.3s)
[1236/2869] BANK2_BL-08_t80__T_input_-adjust_rsi_ex-cross_rsi_sm-wilder_same_b-allowe_warmup-strict: exit=1 fills=None (14.8s)
[1237/2869] BANK2_BL-08_t80__T_input_-adjust_rsi_ex-level_rsi_sm-wilder_same_b-allowe_warmup-ready_: ok fills=144 (65.6s)
[1238/2869] BANK2_BL-08_t80__T_input_-raw_rsi_ex-level_rsi_sm-wilder_same_b-allowe_warmup-ready_: ok fills=162 (65.7s)
[1239/2869] BANK2_BL-08_t80__T_input_-raw_rsi_ex-cross_rsi_sm-wilder_same_b-allowe_warmup-ready_: exit=1 fills=None (10.5s)
[1240/2869] BANK2_BL-08_t80__T_input_-adjust_rsi_ex-level_rsi_sm-wilder_same_b-wait_b_warmup-ready_: ok fills=144 (64.6s)
[1241/2869] BANK2_BL-08_t80__T_input_-raw_rsi_ex-level_rsi_sm-wilder_same_b-wait_b_warmup-ready_: ok fills=162 (63.0s)
[1242/2869] BANK2_BL-08_t80__T_input_-raw_rsi_ex-cross_rsi_sm-wilder_same_b-allowe_warmup-strict: ok fills=162 (64.0s)
[1243/2869] BANK2_BL-08_t80__T_input_-adjust_rsi_ex-cross_rsi_sm-wilder_same_b-wait_b_warmup-strict: ok fills=144 (67.5s)
[1244/2869] BANK2_BL-08_t80__T_input_-raw_rsi_ex-cross_rsi_sm-wilder_same_b-wait_b_warmup-strict: ok fills=162 (65.9s)
[1245/2869] BANK2_BL-08_t80__T_input_-adjust_rsi_ex-cross_rsi_sm-wilder_same_b-allowe_warmup-ready_: ok fills=144 (66.4s)
[1246/2869] BANK2_BL-08_t80__T_input_-raw_rsi_ex-cross_rsi_sm-wilder_same_b-wait_b_warmup-ready_: ok fills=162 (64.0s)
[1247/2869] BANK2_BL-08_t80__T_input_-adjust_rsi_ex-cross_rsi_sm-wilder_same_b-wait_b_warmup-ready_: ok fills=144 (65.7s)
[1248/2869] BANK2_BL-08_t80__T_input_-adjust_rsi_ex-level_rsi_sm-simple_same_b-allowe_warmup-strict: ok fills=192 (60.8s)
[1249/2869] BANK2_BL-08_t80__T_input_-raw_rsi_ex-level_rsi_sm-simple_same_b-allowe_warmup-strict: ok fills=212 (62.9s)
[1250/2869] BANK2_BL-08_t80__T_input_-raw_rsi_ex-level_rsi_sm-simple_same_b-wait_b_warmup-ready_: exit=1 fills=None (13.9s)
[1251/2869] BANK2_BL-08_t80__T_input_-adjust_rsi_ex-level_rsi_sm-simple_same_b-wait_b_warmup-strict: ok fills=190 (63.2s)
[1252/2869] BANK2_BL-08_t80__T_input_-adjust_rsi_ex-level_rsi_sm-simple_same_b-allowe_warmup-ready_: ok fills=192 (65.5s)
[1253/2869] BANK2_BL-08_t80__T_input_-raw_rsi_ex-level_rsi_sm-simple_same_b-wait_b_warmup-strict: ok fills=210 (67.2s)
[1254/2869] BANK2_BL-08_t80__T_input_-raw_rsi_ex-level_rsi_sm-simple_same_b-allowe_warmup-ready_: ok fills=212 (68.7s)
[1255/2869] BANK2_BL-08_t80__T_input_-adjust_rsi_ex-level_rsi_sm-simple_same_b-wait_b_warmup-ready_: ok fills=190 (64.0s)
[1256/2869] BANK2_BL-08_t80__T_input_-adjust_rsi_ex-cross_rsi_sm-simple_same_b-allowe_warmup-strict: ok fills=186 (64.9s)
[1257/2869] BANK2_BL-08_t80__T_input_-raw_rsi_ex-cross_rsi_sm-simple_same_b-allowe_warmup-strict: ok fills=206 (65.8s)
[1258/2869] BANK2_BL-08_t80__T_input_-adjust_rsi_ex-cross_rsi_sm-simple_same_b-wait_b_warmup-strict: ok fills=186 (65.7s)
[1259/2869] BANK2_BL-08_t80__T_input_-raw_rsi_ex-cross_rsi_sm-simple_same_b-wait_b_warmup-strict: ok fills=206 (63.5s)
[1260/2869] BANK2_BL-08_t80__T_input_-raw_rsi_ex-cross_rsi_sm-simple_same_b-allowe_warmup-ready_: ok fills=206 (63.7s)
[1261/2869] BANK2_BL-08_t80__T_input_-adjust_rsi_ex-cross_rsi_sm-simple_same_b-allowe_warmup-ready_: ok fills=186 (67.0s)
[1262/2869] BANK2_BL-08_t80__T_input_-adjust_rsi_ex-cross_rsi_sm-simple_same_b-wait_b_warmup-ready_: ok fills=186 (65.2s)
[1263/2869] BANK2_BL-08_t80__T_input_-raw_rsi_ex-cross_rsi_sm-simple_same_b-wait_b_warmup-ready_: ok fills=206 (59.7s)
[1264/2869] BANK2_BL-08_t80__OAT_a_exec-set_holdings: ok fills=144 (67.0s)
[1265/2869] BANK2_BL-08_t80__SPOT_all_excluded_off: ok fills=140 (62.1s)
[1266/2869] BANK2_BL-08_t80__OAT_cross_timing-today_ma: ok fills=140 (68.1s)
[1267/2869] BANK2_BL-09_all__ref: ok fills=270 (64.8s)
[1268/2869] BANK2_BL-09_all__T_a_exec-calc_s_cross_-today__input_-adjust_rsi_ex-level_rsi_sm-wilder_same_b-allowe_warmup-strict: ok fills=266 (63.8s)
[1269/2869] BANK2_BL-09_all__T_a_exec-calc_s_cross_-today__input_-raw_rsi_ex-level_rsi_sm-wilder_same_b-allowe_warmup-strict: ok fills=278 (62.1s)
[1270/2869] BANK2_BL-09_all__T_a_exec-calc_s_cross_-both_d_input_-raw_rsi_ex-level_rsi_sm-wilder_same_b-allowe_warmup-strict: ok fills=280 (66.3s)
[1271/2869] BANK2_BL-09_all__T_a_exec-calc_s_cross_-both_d_input_-adjust_rsi_ex-level_rsi_sm-wilder_same_b-wait_b_warmup-strict: ok fills=266 (62.0s)
[1272/2869] BANK2_BL-09_all__T_a_exec-calc_s_cross_-today__input_-adjust_rsi_ex-level_rsi_sm-wilder_same_b-wait_b_warmup-strict: ok fills=262 (64.9s)
[1273/2869] BANK2_BL-09_all__T_a_exec-calc_s_cross_-both_d_input_-raw_rsi_ex-level_rsi_sm-wilder_same_b-wait_b_warmup-strict: ok fills=278 (64.3s)
[1274/2869] BANK2_BL-09_all__T_a_exec-set_ho_cross_-both_d_input_-adjust_rsi_ex-level_rsi_sm-wilder_same_b-allowe_warmup-strict: ok fills=270 (65.5s)
[1275/2869] BANK2_BL-09_all__T_a_exec-calc_s_cross_-today__input_-raw_rsi_ex-level_rsi_sm-wilder_same_b-wait_b_warmup-strict: ok fills=276 (67.3s)
[1276/2869] BANK2_BL-09_all__T_a_exec-set_ho_cross_-both_d_input_-raw_rsi_ex-level_rsi_sm-wilder_same_b-wait_b_warmup-strict: exit=1 fills=None (8.9s)
[1277/2869] BANK2_BL-09_all__T_a_exec-set_ho_cross_-both_d_input_-raw_rsi_ex-level_rsi_sm-wilder_same_b-allowe_warmup-strict: ok fills=280 (62.0s)
[1278/2869] BANK2_BL-09_all__T_a_exec-set_ho_cross_-today__input_-adjust_rsi_ex-level_rsi_sm-wilder_same_b-allowe_warmup-strict: ok fills=266 (67.1s)
[1279/2869] BANK2_BL-09_all__T_a_exec-set_ho_cross_-today__input_-raw_rsi_ex-level_rsi_sm-wilder_same_b-allowe_warmup-strict: ok fills=278 (63.6s)
[1280/2869] BANK2_BL-09_all__T_a_exec-set_ho_cross_-both_d_input_-adjust_rsi_ex-level_rsi_sm-wilder_same_b-wait_b_warmup-strict: ok fills=266 (62.3s)
[1281/2869] BANK2_BL-09_all__T_a_exec-set_ho_cross_-today__input_-adjust_rsi_ex-level_rsi_sm-wilder_same_b-wait_b_warmup-strict: ok fills=262 (63.5s)
[1282/2869] BANK2_BL-09_all__T_a_exec-set_ho_cross_-today__input_-raw_rsi_ex-level_rsi_sm-wilder_same_b-wait_b_warmup-strict: ok fills=276 (65.7s)
[1283/2869] BANK2_BL-09_all__T_a_exec-calc_s_cross_-today__input_-adjust_rsi_ex-level_rsi_sm-wilder_same_b-allowe_warmup-ready_: ok fills=262 (64.1s)
[1284/2869] BANK2_BL-09_all__T_a_exec-calc_s_cross_-both_d_input_-adjust_rsi_ex-level_rsi_sm-wilder_same_b-allowe_warmup-ready_: ok fills=266 (66.4s)
[1285/2869] BANK2_BL-09_all__T_a_exec-calc_s_cross_-both_d_input_-raw_rsi_ex-level_rsi_sm-wilder_same_b-allowe_warmup-ready_: ok fills=276 (63.6s)
[1286/2869] BANK2_BL-09_all__T_a_exec-set_ho_cross_-today__input_-adjust_rsi_ex-level_rsi_sm-wilder_same_b-allowe_warmup-ready_: exit=1 fills=None (11.0s)
[1287/2869] BANK2_BL-09_all__T_a_exec-calc_s_cross_-today__input_-raw_rsi_ex-level_rsi_sm-wilder_same_b-allowe_warmup-ready_: ok fills=274 (64.2s)
[1288/2869] BANK2_BL-09_all__T_a_exec-calc_s_cross_-both_d_input_-adjust_rsi_ex-level_rsi_sm-wilder_same_b-wait_b_warmup-ready_: ok fills=262 (67.3s)
[1289/2869] BANK2_BL-09_all__T_a_exec-calc_s_cross_-today__input_-adjust_rsi_ex-level_rsi_sm-wilder_same_b-wait_b_warmup-ready_: ok fills=258 (64.8s)
[1290/2869] BANK2_BL-09_all__T_a_exec-set_ho_cross_-today__input_-adjust_rsi_ex-level_rsi_sm-wilder_same_b-wait_b_warmup-ready_: exit=1 fills=None (13.9s)
[1291/2869] BANK2_BL-09_all__T_a_exec-calc_s_cross_-both_d_input_-raw_rsi_ex-level_rsi_sm-wilder_same_b-wait_b_warmup-ready_: ok fills=274 (64.1s)
[1292/2869] BANK2_BL-09_all__T_a_exec-calc_s_cross_-today__input_-raw_rsi_ex-level_rsi_sm-wilder_same_b-wait_b_warmup-ready_: ok fills=272 (61.8s)
[1293/2869] BANK2_BL-09_all__T_a_exec-set_ho_cross_-both_d_input_-adjust_rsi_ex-level_rsi_sm-wilder_same_b-allowe_warmup-ready_: ok fills=266 (63.1s)
[1294/2869] BANK2_BL-09_all__T_a_exec-set_ho_cross_-both_d_input_-raw_rsi_ex-level_rsi_sm-wilder_same_b-allowe_warmup-ready_: ok fills=276 (63.3s)
[1295/2869] BANK2_BL-09_all__T_a_exec-set_ho_cross_-today__input_-raw_rsi_ex-level_rsi_sm-wilder_same_b-allowe_warmup-ready_: ok fills=274 (62.8s)
[1296/2869] BANK2_BL-09_all__T_a_exec-set_ho_cross_-both_d_input_-adjust_rsi_ex-level_rsi_sm-wilder_same_b-wait_b_warmup-ready_: ok fills=262 (63.0s)
[1297/2869] BANK2_BL-09_all__T_a_exec-set_ho_cross_-both_d_input_-raw_rsi_ex-level_rsi_sm-wilder_same_b-wait_b_warmup-ready_: ok fills=274 (61.8s)
[1298/2869] BANK2_BL-09_all__T_a_exec-set_ho_cross_-today__input_-raw_rsi_ex-level_rsi_sm-wilder_same_b-wait_b_warmup-ready_: ok fills=272 (61.6s)
[1299/2869] BANK2_BL-09_all__T_a_exec-calc_s_cross_-both_d_input_-adjust_rsi_ex-cross_rsi_sm-wilder_same_b-allowe_warmup-strict: ok fills=250 (61.1s)
[1300/2869] BANK2_BL-09_all__T_a_exec-calc_s_cross_-today__input_-adjust_rsi_ex-cross_rsi_sm-wilder_same_b-allowe_warmup-strict: ok fills=246 (61.4s)
[1301/2869] BANK2_BL-09_all__T_a_exec-calc_s_cross_-both_d_input_-raw_rsi_ex-cross_rsi_sm-wilder_same_b-allowe_warmup-strict: ok fills=264 (62.8s)
[1302/2869] BANK2_BL-09_all__T_a_exec-calc_s_cross_-today__input_-raw_rsi_ex-cross_rsi_sm-wilder_same_b-allowe_warmup-strict: ok fills=262 (61.7s)
[1303/2869] BANK2_BL-09_all__T_a_exec-calc_s_cross_-both_d_input_-adjust_rsi_ex-cross_rsi_sm-wilder_same_b-wait_b_warmup-strict: ok fills=250 (62.7s)
[1304/2869] BANK2_BL-09_all__T_a_exec-calc_s_cross_-today__input_-adjust_rsi_ex-cross_rsi_sm-wilder_same_b-wait_b_warmup-strict: ok fills=246 (63.8s)
[1305/2869] BANK2_BL-09_all__T_a_exec-calc_s_cross_-both_d_input_-raw_rsi_ex-cross_rsi_sm-wilder_same_b-wait_b_warmup-strict: ok fills=264 (59.9s)
[1306/2869] BANK2_BL-09_all__T_a_exec-calc_s_cross_-today__input_-raw_rsi_ex-cross_rsi_sm-wilder_same_b-wait_b_warmup-strict: ok fills=262 (63.6s)
[1307/2869] BANK2_BL-09_all__T_a_exec-set_ho_cross_-both_d_input_-adjust_rsi_ex-cross_rsi_sm-wilder_same_b-allowe_warmup-strict: ok fills=250 (61.9s)
[1308/2869] BANK2_BL-09_all__T_a_exec-set_ho_cross_-today__input_-adjust_rsi_ex-cross_rsi_sm-wilder_same_b-allowe_warmup-strict: ok fills=246 (62.1s)
[1309/2869] BANK2_BL-09_all__T_a_exec-set_ho_cross_-both_d_input_-raw_rsi_ex-cross_rsi_sm-wilder_same_b-allowe_warmup-strict: ok fills=264 (63.6s)
[1310/2869] BANK2_BL-09_all__T_a_exec-set_ho_cross_-both_d_input_-adjust_rsi_ex-cross_rsi_sm-wilder_same_b-wait_b_warmup-strict: ok fills=250 (62.5s)
[1311/2869] BANK2_BL-09_all__T_a_exec-set_ho_cross_-today__input_-raw_rsi_ex-cross_rsi_sm-wilder_same_b-allowe_warmup-strict: ok fills=262 (64.4s)
[1312/2869] BANK2_BL-09_all__T_a_exec-set_ho_cross_-today__input_-adjust_rsi_ex-cross_rsi_sm-wilder_same_b-wait_b_warmup-strict: ok fills=246 (61.3s)
[1313/2869] BANK2_BL-09_all__T_a_exec-set_ho_cross_-both_d_input_-raw_rsi_ex-cross_rsi_sm-wilder_same_b-wait_b_warmup-strict: ok fills=264 (62.4s)
[1314/2869] BANK2_BL-09_all__T_a_exec-set_ho_cross_-today__input_-raw_rsi_ex-cross_rsi_sm-wilder_same_b-wait_b_warmup-strict: ok fills=262 (60.0s)
[1315/2869] BANK2_BL-09_all__T_a_exec-calc_s_cross_-both_d_input_-adjust_rsi_ex-cross_rsi_sm-wilder_same_b-allowe_warmup-ready_: ok fills=246 (65.1s)
[1316/2869] BANK2_BL-09_all__T_a_exec-calc_s_cross_-today__input_-adjust_rsi_ex-cross_rsi_sm-wilder_same_b-allowe_warmup-ready_: ok fills=242 (65.1s)
[1317/2869] BANK2_BL-09_all__T_a_exec-calc_s_cross_-both_d_input_-raw_rsi_ex-cross_rsi_sm-wilder_same_b-allowe_warmup-ready_: ok fills=260 (62.0s)
[1318/2869] BANK2_BL-09_all__T_a_exec-calc_s_cross_-today__input_-raw_rsi_ex-cross_rsi_sm-wilder_same_b-allowe_warmup-ready_: ok fills=258 (66.2s)
[1319/2869] BANK2_BL-09_all__T_a_exec-calc_s_cross_-both_d_input_-adjust_rsi_ex-cross_rsi_sm-wilder_same_b-wait_b_warmup-ready_: ok fills=246 (65.5s)
[1320/2869] BANK2_BL-09_all__T_a_exec-calc_s_cross_-today__input_-adjust_rsi_ex-cross_rsi_sm-wilder_same_b-wait_b_warmup-ready_: ok fills=242 (65.9s)
[1321/2869] BANK2_BL-09_all__T_a_exec-calc_s_cross_-both_d_input_-raw_rsi_ex-cross_rsi_sm-wilder_same_b-wait_b_warmup-ready_: ok fills=260 (63.6s)
[1322/2869] BANK2_BL-09_all__T_a_exec-set_ho_cross_-both_d_input_-adjust_rsi_ex-cross_rsi_sm-wilder_same_b-wait_b_warmup-ready_: exit=1 fills=None (13.2s)
[1323/2869] BANK2_BL-09_all__T_a_exec-calc_s_cross_-today__input_-raw_rsi_ex-cross_rsi_sm-wilder_same_b-wait_b_warmup-ready_: ok fills=258 (65.0s)
[1324/2869] BANK2_BL-09_all__T_a_exec-set_ho_cross_-both_d_input_-adjust_rsi_ex-cross_rsi_sm-wilder_same_b-allowe_warmup-ready_: ok fills=246 (63.4s)
[1325/2869] BANK2_BL-09_all__T_a_exec-set_ho_cross_-both_d_input_-raw_rsi_ex-cross_rsi_sm-wilder_same_b-allowe_warmup-ready_: ok fills=260 (62.5s)
[1326/2869] BANK2_BL-09_all__T_a_exec-set_ho_cross_-today__input_-adjust_rsi_ex-cross_rsi_sm-wilder_same_b-allowe_warmup-ready_: ok fills=242 (64.2s)
[1327/2869] BANK2_BL-09_all__T_a_exec-set_ho_cross_-today__input_-raw_rsi_ex-cross_rsi_sm-wilder_same_b-allowe_warmup-ready_: ok fills=258 (63.0s)
[1328/2869] BANK2_BL-09_all__T_a_exec-set_ho_cross_-today__input_-adjust_rsi_ex-cross_rsi_sm-wilder_same_b-wait_b_warmup-ready_: ok fills=242 (63.0s)
[1329/2869] BANK2_BL-09_all__T_a_exec-set_ho_cross_-today__input_-raw_rsi_ex-cross_rsi_sm-wilder_same_b-wait_b_warmup-ready_: ok fills=258 (62.3s)
[1330/2869] BANK2_BL-09_all__T_a_exec-calc_s_cross_-today__input_-adjust_rsi_ex-level_rsi_sm-simple_same_b-wait_b_warmup-strict: exit=1 fills=None (10.7s)
[1331/2869] BANK2_BL-09_all__T_a_exec-calc_s_cross_-both_d_input_-adjust_rsi_ex-level_rsi_sm-simple_same_b-allowe_warmup-strict: ok fills=320 (60.3s)
[1332/2869] BANK2_BL-09_all__T_a_exec-set_ho_cross_-both_d_input_-raw_rsi_ex-cross_rsi_sm-wilder_same_b-wait_b_warmup-ready_: ok fills=260 (65.1s)
[1333/2869] BANK2_BL-09_all__T_a_exec-calc_s_cross_-today__input_-adjust_rsi_ex-level_rsi_sm-simple_same_b-allowe_warmup-strict: ok fills=316 (59.3s)
[1334/2869] BANK2_BL-09_all__T_a_exec-calc_s_cross_-today__input_-raw_rsi_ex-level_rsi_sm-simple_same_b-allowe_warmup-strict: ok fills=336 (63.9s)
[1335/2869] BANK2_BL-09_all__T_a_exec-calc_s_cross_-both_d_input_-raw_rsi_ex-level_rsi_sm-simple_same_b-allowe_warmup-strict: ok fills=338 (65.1s)
[1336/2869] BANK2_BL-09_all__T_a_exec-calc_s_cross_-both_d_input_-adjust_rsi_ex-level_rsi_sm-simple_same_b-wait_b_warmup-strict: ok fills=306 (64.1s)
[1337/2869] BANK2_BL-09_all__T_a_exec-set_ho_cross_-both_d_input_-adjust_rsi_ex-level_rsi_sm-simple_same_b-allowe_warmup-strict: ok fills=320 (65.0s)
[1338/2869] BANK2_BL-09_all__T_a_exec-calc_s_cross_-both_d_input_-raw_rsi_ex-level_rsi_sm-simple_same_b-wait_b_warmup-strict: ok fills=324 (66.6s)
[1339/2869] BANK2_BL-09_all__T_a_exec-calc_s_cross_-today__input_-raw_rsi_ex-level_rsi_sm-simple_same_b-wait_b_warmup-strict: ok fills=322 (66.9s)
[1340/2869] BANK2_BL-09_all__T_a_exec-set_ho_cross_-today__input_-adjust_rsi_ex-level_rsi_sm-simple_same_b-allowe_warmup-strict: ok fills=316 (66.4s)
[1341/2869] BANK2_BL-09_all__T_a_exec-set_ho_cross_-both_d_input_-raw_rsi_ex-level_rsi_sm-simple_same_b-allowe_warmup-strict: ok fills=338 (63.8s)
[1342/2869] BANK2_BL-09_all__T_a_exec-calc_s_cross_-both_d_input_-adjust_rsi_ex-level_rsi_sm-simple_same_b-allowe_warmup-ready_: exit=1 fills=None (14.3s)
[1343/2869] BANK2_BL-09_all__T_a_exec-set_ho_cross_-both_d_input_-adjust_rsi_ex-level_rsi_sm-simple_same_b-wait_b_warmup-strict: ok fills=306 (67.7s)
[1344/2869] BANK2_BL-09_all__T_a_exec-set_ho_cross_-today__input_-raw_rsi_ex-level_rsi_sm-simple_same_b-allowe_warmup-strict: ok fills=336 (68.8s)
[1345/2869] BANK2_BL-09_all__T_a_exec-set_ho_cross_-today__input_-adjust_rsi_ex-level_rsi_sm-simple_same_b-wait_b_warmup-strict: ok fills=302 (68.6s)
[1346/2869] BANK2_BL-09_all__T_a_exec-set_ho_cross_-today__input_-raw_rsi_ex-level_rsi_sm-simple_same_b-wait_b_warmup-strict: ok fills=322 (68.1s)
[1347/2869] BANK2_BL-09_all__T_a_exec-set_ho_cross_-both_d_input_-raw_rsi_ex-level_rsi_sm-simple_same_b-wait_b_warmup-strict: ok fills=324 (70.0s)
[1348/2869] BANK2_BL-09_all__T_a_exec-calc_s_cross_-today__input_-adjust_rsi_ex-level_rsi_sm-simple_same_b-allowe_warmup-ready_: ok fills=302 (70.8s)
[1349/2869] BANK2_BL-09_all__T_a_exec-calc_s_cross_-both_d_input_-raw_rsi_ex-level_rsi_sm-simple_same_b-allowe_warmup-ready_: ok fills=324 (70.8s)
[1350/2869] BANK2_BL-09_all__T_a_exec-set_ho_cross_-both_d_input_-adjust_rsi_ex-level_rsi_sm-simple_same_b-allowe_warmup-ready_: exit=1 fills=None (15.8s)
[1351/2869] BANK2_BL-09_all__T_a_exec-calc_s_cross_-today__input_-raw_rsi_ex-level_rsi_sm-simple_same_b-allowe_warmup-ready_: ok fills=322 (73.5s)
[1352/2869] BANK2_BL-09_all__T_a_exec-calc_s_cross_-both_d_input_-adjust_rsi_ex-level_rsi_sm-simple_same_b-wait_b_warmup-ready_: ok fills=296 (70.3s)
[1353/2869] BANK2_BL-09_all__T_a_exec-calc_s_cross_-today__input_-adjust_rsi_ex-level_rsi_sm-simple_same_b-wait_b_warmup-ready_: ok fills=292 (71.4s)
[1354/2869] BANK2_BL-09_all__T_a_exec-calc_s_cross_-both_d_input_-raw_rsi_ex-level_rsi_sm-simple_same_b-wait_b_warmup-ready_: ok fills=314 (70.8s)
[1355/2869] BANK2_BL-09_all__T_a_exec-calc_s_cross_-today__input_-raw_rsi_ex-level_rsi_sm-simple_same_b-wait_b_warmup-ready_: ok fills=312 (71.0s)
[1356/2869] BANK2_BL-09_all__T_a_exec-set_ho_cross_-today__input_-adjust_rsi_ex-level_rsi_sm-simple_same_b-allowe_warmup-ready_: ok fills=302 (73.1s)
[1357/2869] BANK2_BL-09_all__T_a_exec-set_ho_cross_-both_d_input_-raw_rsi_ex-level_rsi_sm-simple_same_b-allowe_warmup-ready_: ok fills=324 (70.6s)
[1358/2869] BANK2_BL-09_all__T_a_exec-set_ho_cross_-both_d_input_-adjust_rsi_ex-level_rsi_sm-simple_same_b-wait_b_warmup-ready_: ok fills=296 (68.7s)
[1359/2869] BANK2_BL-09_all__T_a_exec-set_ho_cross_-today__input_-raw_rsi_ex-level_rsi_sm-simple_same_b-allowe_warmup-ready_: ok fills=322 (72.5s)
[1360/2869] BANK2_BL-09_all__T_a_exec-calc_s_cross_-today__input_-adjust_rsi_ex-cross_rsi_sm-simple_same_b-allowe_warmup-strict: exit=1 fills=None (11.8s)
[1361/2869] BANK2_BL-09_all__T_a_exec-set_ho_cross_-today__input_-adjust_rsi_ex-level_rsi_sm-simple_same_b-wait_b_warmup-ready_: ok fills=292 (68.3s)
[1362/2869] BANK2_BL-09_all__T_a_exec-set_ho_cross_-both_d_input_-raw_rsi_ex-level_rsi_sm-simple_same_b-wait_b_warmup-ready_: ok fills=314 (68.7s)
[1363/2869] BANK2_BL-09_all__T_a_exec-set_ho_cross_-today__input_-raw_rsi_ex-level_rsi_sm-simple_same_b-wait_b_warmup-ready_: ok fills=312 (69.9s)
[1364/2869] BANK2_BL-09_all__T_a_exec-calc_s_cross_-both_d_input_-adjust_rsi_ex-cross_rsi_sm-simple_same_b-allowe_warmup-strict: ok fills=270 (66.2s)
[1365/2869] BANK2_BL-09_all__T_a_exec-calc_s_cross_-both_d_input_-adjust_rsi_ex-cross_rsi_sm-simple_same_b-wait_b_warmup-strict: ok fills=270 (65.5s)
[1366/2869] BANK2_BL-09_all__T_a_exec-calc_s_cross_-today__input_-adjust_rsi_ex-cross_rsi_sm-simple_same_b-wait_b_warmup-strict: ok fills=266 (65.9s)
[1367/2869] BANK2_BL-09_all__T_a_exec-calc_s_cross_-both_d_input_-raw_rsi_ex-cross_rsi_sm-simple_same_b-allowe_warmup-strict: ok fills=290 (68.8s)
[1368/2869] BANK2_BL-09_all__T_a_exec-calc_s_cross_-today__input_-raw_rsi_ex-cross_rsi_sm-simple_same_b-allowe_warmup-strict: ok fills=288 (68.5s)
[1369/2869] BANK2_BL-09_all__T_a_exec-calc_s_cross_-both_d_input_-raw_rsi_ex-cross_rsi_sm-simple_same_b-wait_b_warmup-strict: ok fills=290 (65.8s)
[1370/2869] BANK2_BL-09_all__T_a_exec-calc_s_cross_-today__input_-raw_rsi_ex-cross_rsi_sm-simple_same_b-wait_b_warmup-strict: ok fills=288 (68.5s)
[1371/2869] BANK2_BL-09_all__T_a_exec-set_ho_cross_-both_d_input_-adjust_rsi_ex-cross_rsi_sm-simple_same_b-allowe_warmup-strict: ok fills=270 (67.1s)
[1372/2869] BANK2_BL-09_all__T_a_exec-set_ho_cross_-today__input_-adjust_rsi_ex-cross_rsi_sm-simple_same_b-allowe_warmup-strict: ok fills=266 (67.1s)
[1373/2869] BANK2_BL-09_all__T_a_exec-set_ho_cross_-today__input_-adjust_rsi_ex-cross_rsi_sm-simple_same_b-wait_b_warmup-strict: ok fills=266 (63.1s)
[1374/2869] BANK2_BL-09_all__T_a_exec-set_ho_cross_-both_d_input_-adjust_rsi_ex-cross_rsi_sm-simple_same_b-wait_b_warmup-strict: ok fills=270 (64.4s)
[1375/2869] BANK2_BL-09_all__T_a_exec-set_ho_cross_-both_d_input_-raw_rsi_ex-cross_rsi_sm-simple_same_b-allowe_warmup-strict: ok fills=290 (66.1s)
[1376/2869] BANK2_BL-09_all__T_a_exec-set_ho_cross_-today__input_-raw_rsi_ex-cross_rsi_sm-simple_same_b-allowe_warmup-strict: ok fills=288 (67.4s)
[1377/2869] BANK2_BL-09_all__T_a_exec-set_ho_cross_-both_d_input_-raw_rsi_ex-cross_rsi_sm-simple_same_b-wait_b_warmup-strict: ok fills=290 (62.7s)
[1378/2869] BANK2_BL-09_all__T_a_exec-calc_s_cross_-both_d_input_-adjust_rsi_ex-cross_rsi_sm-simple_same_b-wait_b_warmup-ready_: exit=1 fills=None (15.4s)
[1379/2869] BANK2_BL-09_all__T_a_exec-set_ho_cross_-today__input_-raw_rsi_ex-cross_rsi_sm-simple_same_b-wait_b_warmup-strict: ok fills=288 (62.6s)
[1380/2869] BANK2_BL-09_all__T_a_exec-calc_s_cross_-both_d_input_-adjust_rsi_ex-cross_rsi_sm-simple_same_b-allowe_warmup-ready_: ok fills=262 (65.6s)
[1381/2869] BANK2_BL-09_all__T_a_exec-calc_s_cross_-today__input_-adjust_rsi_ex-cross_rsi_sm-simple_same_b-allowe_warmup-ready_: ok fills=258 (69.2s)
[1382/2869] BANK2_BL-09_all__T_a_exec-calc_s_cross_-today__input_-raw_rsi_ex-cross_rsi_sm-simple_same_b-allowe_warmup-ready_: ok fills=280 (75.2s)
[1383/2869] BANK2_BL-09_all__T_a_exec-calc_s_cross_-both_d_input_-raw_rsi_ex-cross_rsi_sm-simple_same_b-allowe_warmup-ready_: ok fills=282 (79.1s)
[1384/2869] BANK2_BL-09_all__T_a_exec-calc_s_cross_-today__input_-adjust_rsi_ex-cross_rsi_sm-simple_same_b-wait_b_warmup-ready_: ok fills=258 (77.2s)
[1385/2869] BANK2_BL-09_all__T_a_exec-calc_s_cross_-both_d_input_-raw_rsi_ex-cross_rsi_sm-simple_same_b-wait_b_warmup-ready_: ok fills=282 (78.6s)
[1386/2869] BANK2_BL-09_all__T_a_exec-set_ho_cross_-both_d_input_-adjust_rsi_ex-cross_rsi_sm-simple_same_b-allowe_warmup-ready_: ok fills=262 (75.7s)
[1387/2869] BANK2_BL-09_all__T_a_exec-calc_s_cross_-today__input_-raw_rsi_ex-cross_rsi_sm-simple_same_b-wait_b_warmup-ready_: ok fills=280 (81.0s)
[1388/2869] BANK2_BL-09_all__T_a_exec-set_ho_cross_-today__input_-adjust_rsi_ex-cross_rsi_sm-simple_same_b-allowe_warmup-ready_: ok fills=258 (73.3s)
[1389/2869] BANK2_BL-09_all__T_a_exec-set_ho_cross_-today__input_-raw_rsi_ex-cross_rsi_sm-simple_same_b-wait_b_warmup-ready_: exit=1 fills=None (15.7s)
[1390/2869] BANK2_BL-09_all__T_a_exec-set_ho_cross_-both_d_input_-raw_rsi_ex-cross_rsi_sm-simple_same_b-allowe_warmup-ready_: ok fills=282 (70.0s)
[1391/2869] BANK2_BL-09_all__T_a_exec-set_ho_cross_-today__input_-raw_rsi_ex-cross_rsi_sm-simple_same_b-allowe_warmup-ready_: ok fills=280 (78.7s)
[1392/2869] BANK2_BL-09_all__T_a_exec-set_ho_cross_-today__input_-adjust_rsi_ex-cross_rsi_sm-simple_same_b-wait_b_warmup-ready_: ok fills=258 (76.8s)
[1393/2869] BANK2_BL-09_all__T_a_exec-set_ho_cross_-both_d_input_-adjust_rsi_ex-cross_rsi_sm-simple_same_b-wait_b_warmup-ready_: ok fills=262 (82.2s)
[1394/2869] BANK2_BL-09_all__T_a_exec-set_ho_cross_-both_d_input_-raw_rsi_ex-cross_rsi_sm-simple_same_b-wait_b_warmup-ready_: ok fills=282 (80.4s)
[1395/2869] BANK2_BL-09_half_down_lastsell__ref: ok fills=217 (83.9s)
[1396/2869] BANK2_BL-09_half_down_lastsell__T_a_exec-calc_s_cross_-today__input_-adjust_rsi_ex-level_rsi_sm-wilder_same_b-allowe_warmup-strict: ok fills=217 (82.0s)
[1397/2869] BANK2_BL-09_half_down_lastsell__T_a_exec-calc_s_cross_-both_d_input_-raw_rsi_ex-level_rsi_sm-wilder_same_b-allowe_warmup-strict: ok fills=218 (83.2s)
[1398/2869] BANK2_BL-09_half_down_lastsell__T_a_exec-calc_s_cross_-today__input_-raw_rsi_ex-level_rsi_sm-wilder_same_b-allowe_warmup-strict: ok fills=218 (82.4s)
[1399/2869] BANK2_BL-09_half_down_lastsell__T_a_exec-calc_s_cross_-today__input_-adjust_rsi_ex-level_rsi_sm-wilder_same_b-wait_b_warmup-strict: ok fills=213 (71.8s)
[1400/2869] BANK2_BL-09_half_down_lastsell__T_a_exec-calc_s_cross_-both_d_input_-adjust_rsi_ex-level_rsi_sm-wilder_same_b-wait_b_warmup-strict: ok fills=213 (74.8s)
[1401/2869] BANK2_BL-09_half_down_lastsell__T_a_exec-calc_s_cross_-both_d_input_-raw_rsi_ex-level_rsi_sm-wilder_same_b-wait_b_warmup-strict: ok fills=216 (72.9s)
[1402/2869] BANK2_BL-09_half_down_lastsell__T_a_exec-calc_s_cross_-today__input_-raw_rsi_ex-level_rsi_sm-wilder_same_b-wait_b_warmup-strict: ok fills=216 (67.7s)
[1403/2869] BANK2_BL-09_half_down_lastsell__T_a_exec-set_ho_cross_-both_d_input_-adjust_rsi_ex-level_rsi_sm-wilder_same_b-allowe_warmup-strict: ok fills=217 (68.3s)
[1404/2869] BANK2_BL-09_half_down_lastsell__T_a_exec-set_ho_cross_-today__input_-adjust_rsi_ex-level_rsi_sm-wilder_same_b-allowe_warmup-strict: ok fills=217 (69.8s)
[1405/2869] BANK2_BL-09_half_down_lastsell__T_a_exec-set_ho_cross_-both_d_input_-raw_rsi_ex-level_rsi_sm-wilder_same_b-allowe_warmup-strict: ok fills=218 (69.8s)
[1406/2869] BANK2_BL-09_half_down_lastsell__T_a_exec-set_ho_cross_-today__input_-raw_rsi_ex-level_rsi_sm-wilder_same_b-allowe_warmup-strict: ok fills=218 (71.5s)
[1407/2869] BANK2_BL-09_half_down_lastsell__T_a_exec-set_ho_cross_-today__input_-adjust_rsi_ex-level_rsi_sm-wilder_same_b-wait_b_warmup-strict: ok fills=213 (71.8s)
[1408/2869] BANK2_BL-09_half_down_lastsell__T_a_exec-set_ho_cross_-both_d_input_-raw_rsi_ex-level_rsi_sm-wilder_same_b-wait_b_warmup-strict: ok fills=216 (76.7s)
[1409/2869] BANK2_BL-09_half_down_lastsell__T_a_exec-set_ho_cross_-today__input_-raw_rsi_ex-level_rsi_sm-wilder_same_b-wait_b_warmup-strict: ok fills=216 (69.4s)
[1410/2869] BANK2_BL-09_half_down_lastsell__T_a_exec-calc_s_cross_-both_d_input_-adjust_rsi_ex-level_rsi_sm-wilder_same_b-wait_b_warmup-ready_: exit=1 fills=None (11.2s)
[1411/2869] BANK2_BL-09_half_down_lastsell__T_a_exec-set_ho_cross_-both_d_input_-adjust_rsi_ex-level_rsi_sm-wilder_same_b-wait_b_warmup-strict: ok fills=213 (84.2s)
[1412/2869] BANK2_BL-09_half_down_lastsell__T_a_exec-calc_s_cross_-both_d_input_-adjust_rsi_ex-level_rsi_sm-wilder_same_b-allowe_warmup-ready_: ok fills=213 (69.6s)
[1413/2869] BANK2_BL-09_half_down_lastsell__T_a_exec-calc_s_cross_-today__input_-adjust_rsi_ex-level_rsi_sm-wilder_same_b-allowe_warmup-ready_: ok fills=213 (72.1s)
[1414/2869] BANK2_BL-09_half_down_lastsell__T_a_exec-calc_s_cross_-both_d_input_-raw_rsi_ex-level_rsi_sm-wilder_same_b-allowe_warmup-ready_: ok fills=214 (74.7s)
[1415/2869] BANK2_BL-09_half_down_lastsell__T_a_exec-calc_s_cross_-today__input_-raw_rsi_ex-level_rsi_sm-wilder_same_b-allowe_warmup-ready_: ok fills=214 (74.6s)
[1416/2869] BANK2_BL-09_half_down_lastsell__T_a_exec-calc_s_cross_-today__input_-adjust_rsi_ex-level_rsi_sm-wilder_same_b-wait_b_warmup-ready_: ok fills=209 (74.5s)
[1417/2869] BANK2_BL-09_half_down_lastsell__T_a_exec-calc_s_cross_-both_d_input_-raw_rsi_ex-level_rsi_sm-wilder_same_b-wait_b_warmup-ready_: ok fills=212 (74.1s)
[1418/2869] BANK2_BL-09_half_down_lastsell__T_a_exec-calc_s_cross_-today__input_-raw_rsi_ex-level_rsi_sm-wilder_same_b-wait_b_warmup-ready_: ok fills=212 (74.8s)
[1419/2869] BANK2_BL-09_half_down_lastsell__T_a_exec-set_ho_cross_-both_d_input_-adjust_rsi_ex-level_rsi_sm-wilder_same_b-allowe_warmup-ready_: ok fills=213 (76.9s)
[1420/2869] BANK2_BL-09_half_down_lastsell__T_a_exec-set_ho_cross_-today__input_-adjust_rsi_ex-level_rsi_sm-wilder_same_b-allowe_warmup-ready_: ok fills=213 (70.8s)
[1421/2869] BANK2_BL-09_half_down_lastsell__T_a_exec-set_ho_cross_-both_d_input_-raw_rsi_ex-level_rsi_sm-wilder_same_b-allowe_warmup-ready_: ok fills=214 (70.3s)
[1422/2869] BANK2_BL-09_half_down_lastsell__T_a_exec-set_ho_cross_-today__input_-raw_rsi_ex-level_rsi_sm-wilder_same_b-allowe_warmup-ready_: ok fills=214 (70.5s)
[1423/2869] BANK2_BL-09_half_down_lastsell__T_a_exec-set_ho_cross_-both_d_input_-adjust_rsi_ex-level_rsi_sm-wilder_same_b-wait_b_warmup-ready_: ok fills=209 (69.8s)
[1424/2869] BANK2_BL-09_half_down_lastsell__T_a_exec-set_ho_cross_-today__input_-adjust_rsi_ex-level_rsi_sm-wilder_same_b-wait_b_warmup-ready_: ok fills=209 (68.1s)
[1425/2869] BANK2_BL-09_half_down_lastsell__T_a_exec-set_ho_cross_-today__input_-raw_rsi_ex-level_rsi_sm-wilder_same_b-wait_b_warmup-ready_: ok fills=212 (70.0s)
[1426/2869] BANK2_BL-09_half_down_lastsell__T_a_exec-set_ho_cross_-both_d_input_-raw_rsi_ex-level_rsi_sm-wilder_same_b-wait_b_warmup-ready_: ok fills=212 (71.5s)
[1427/2869] BANK2_BL-09_half_down_lastsell__T_a_exec-calc_s_cross_-both_d_input_-adjust_rsi_ex-cross_rsi_sm-wilder_same_b-allowe_warmup-strict: ok fills=197 (73.7s)
[1428/2869] BANK2_BL-09_half_down_lastsell__T_a_exec-calc_s_cross_-today__input_-adjust_rsi_ex-cross_rsi_sm-wilder_same_b-allowe_warmup-strict: ok fills=197 (73.8s)
[1429/2869] BANK2_BL-09_half_down_lastsell__T_a_exec-calc_s_cross_-both_d_input_-raw_rsi_ex-cross_rsi_sm-wilder_same_b-allowe_warmup-strict: ok fills=202 (71.3s)
[1430/2869] BANK2_BL-09_half_down_lastsell__T_a_exec-calc_s_cross_-today__input_-raw_rsi_ex-cross_rsi_sm-wilder_same_b-allowe_warmup-strict: ok fills=202 (70.7s)
[1431/2869] BANK2_BL-09_half_down_lastsell__T_a_exec-calc_s_cross_-both_d_input_-adjust_rsi_ex-cross_rsi_sm-wilder_same_b-wait_b_warmup-strict: ok fills=197 (70.4s)
[1432/2869] BANK2_BL-09_half_down_lastsell__T_a_exec-set_ho_cross_-today__input_-raw_rsi_ex-cross_rsi_sm-wilder_same_b-allowe_warmup-strict: exit=1 fills=None (12.2s)
[1433/2869] BANK2_BL-09_half_down_lastsell__T_a_exec-calc_s_cross_-today__input_-adjust_rsi_ex-cross_rsi_sm-wilder_same_b-wait_b_warmup-strict: ok fills=197 (65.3s)
[1434/2869] BANK2_BL-09_half_down_lastsell__T_a_exec-calc_s_cross_-today__input_-raw_rsi_ex-cross_rsi_sm-wilder_same_b-wait_b_warmup-strict: ok fills=202 (67.3s)
[1435/2869] BANK2_BL-09_half_down_lastsell__T_a_exec-calc_s_cross_-both_d_input_-raw_rsi_ex-cross_rsi_sm-wilder_same_b-wait_b_warmup-strict: ok fills=202 (70.8s)
[1436/2869] BANK2_BL-09_half_down_lastsell__T_a_exec-set_ho_cross_-both_d_input_-adjust_rsi_ex-cross_rsi_sm-wilder_same_b-allowe_warmup-strict: ok fills=197 (65.2s)
[1437/2869] BANK2_BL-09_half_down_lastsell__T_a_exec-set_ho_cross_-today__input_-adjust_rsi_ex-cross_rsi_sm-wilder_same_b-allowe_warmup-strict: ok fills=197 (66.8s)
[1438/2869] BANK2_BL-09_half_down_lastsell__T_a_exec-set_ho_cross_-both_d_input_-raw_rsi_ex-cross_rsi_sm-wilder_same_b-allowe_warmup-strict: ok fills=202 (68.4s)
[1439/2869] BANK2_BL-09_half_down_lastsell__T_a_exec-calc_s_cross_-today__input_-adjust_rsi_ex-cross_rsi_sm-wilder_same_b-allowe_warmup-ready_: exit=1 fills=None (17.6s)
[1440/2869] BANK2_BL-09_half_down_lastsell__T_a_exec-set_ho_cross_-today__input_-adjust_rsi_ex-cross_rsi_sm-wilder_same_b-wait_b_warmup-strict: ok fills=197 (72.4s)
[1441/2869] BANK2_BL-09_half_down_lastsell__T_a_exec-set_ho_cross_-both_d_input_-adjust_rsi_ex-cross_rsi_sm-wilder_same_b-wait_b_warmup-strict: ok fills=197 (74.9s)
[1442/2869] BANK2_BL-09_half_down_lastsell__T_a_exec-set_ho_cross_-both_d_input_-raw_rsi_ex-cross_rsi_sm-wilder_same_b-wait_b_warmup-strict: ok fills=202 (70.5s)
[1443/2869] BANK2_BL-09_half_down_lastsell__T_a_exec-set_ho_cross_-today__input_-raw_rsi_ex-cross_rsi_sm-wilder_same_b-wait_b_warmup-strict: ok fills=202 (71.9s)
[1444/2869] BANK2_BL-09_half_down_lastsell__T_a_exec-calc_s_cross_-both_d_input_-adjust_rsi_ex-cross_rsi_sm-wilder_same_b-allowe_warmup-ready_: ok fills=193 (71.2s)
[1445/2869] BANK2_BL-09_half_down_lastsell__T_a_exec-calc_s_cross_-both_d_input_-raw_rsi_ex-cross_rsi_sm-wilder_same_b-allowe_warmup-ready_: ok fills=198 (70.2s)
[1446/2869] BANK2_BL-09_half_down_lastsell__T_a_exec-calc_s_cross_-today__input_-raw_rsi_ex-cross_rsi_sm-wilder_same_b-wait_b_warmup-ready_: exit=1 fills=None (12.3s)
[1447/2869] BANK2_BL-09_half_down_lastsell__T_a_exec-calc_s_cross_-both_d_input_-adjust_rsi_ex-cross_rsi_sm-wilder_same_b-wait_b_warmup-ready_: ok fills=193 (71.9s)
[1448/2869] BANK2_BL-09_half_down_lastsell__T_a_exec-calc_s_cross_-today__input_-raw_rsi_ex-cross_rsi_sm-wilder_same_b-allowe_warmup-ready_: ok fills=198 (73.4s)
[1449/2869] BANK2_BL-09_half_down_lastsell__T_a_exec-calc_s_cross_-both_d_input_-raw_rsi_ex-cross_rsi_sm-wilder_same_b-wait_b_warmup-ready_: ok fills=198 (72.1s)
[1450/2869] BANK2_BL-09_half_down_lastsell__T_a_exec-calc_s_cross_-today__input_-adjust_rsi_ex-cross_rsi_sm-wilder_same_b-wait_b_warmup-ready_: ok fills=193 (76.1s)
[1451/2869] BANK2_BL-09_half_down_lastsell__T_a_exec-set_ho_cross_-today__input_-adjust_rsi_ex-cross_rsi_sm-wilder_same_b-allowe_warmup-ready_: ok fills=193 (72.9s)
[1452/2869] BANK2_BL-09_half_down_lastsell__T_a_exec-set_ho_cross_-both_d_input_-adjust_rsi_ex-cross_rsi_sm-wilder_same_b-allowe_warmup-ready_: ok fills=193 (76.2s)
[1453/2869] BANK2_BL-09_half_down_lastsell__T_a_exec-set_ho_cross_-today__input_-raw_rsi_ex-cross_rsi_sm-wilder_same_b-allowe_warmup-ready_: ok fills=198 (71.4s)
[1454/2869] BANK2_BL-09_half_down_lastsell__T_a_exec-set_ho_cross_-both_d_input_-raw_rsi_ex-cross_rsi_sm-wilder_same_b-allowe_warmup-ready_: ok fills=198 (76.1s)
[1455/2869] BANK2_BL-09_half_down_lastsell__T_a_exec-set_ho_cross_-both_d_input_-adjust_rsi_ex-cross_rsi_sm-wilder_same_b-wait_b_warmup-ready_: ok fills=193 (70.6s)
[1456/2869] BANK2_BL-09_half_down_lastsell__T_a_exec-calc_s_cross_-today__input_-raw_rsi_ex-level_rsi_sm-simple_same_b-allowe_warmup-strict: exit=1 fills=None (12.6s)
[1457/2869] BANK2_BL-09_half_down_lastsell__T_a_exec-set_ho_cross_-today__input_-adjust_rsi_ex-cross_rsi_sm-wilder_same_b-wait_b_warmup-ready_: ok fills=193 (76.7s)
[1458/2869] BANK2_BL-09_half_down_lastsell__T_a_exec-set_ho_cross_-today__input_-raw_rsi_ex-cross_rsi_sm-wilder_same_b-wait_b_warmup-ready_: ok fills=198 (70.8s)
[1459/2869] BANK2_BL-09_half_down_lastsell__T_a_exec-set_ho_cross_-both_d_input_-raw_rsi_ex-cross_rsi_sm-wilder_same_b-wait_b_warmup-ready_: ok fills=198 (76.5s)
[1460/2869] BANK2_BL-09_half_down_lastsell__T_a_exec-calc_s_cross_-today__input_-adjust_rsi_ex-level_rsi_sm-simple_same_b-allowe_warmup-strict: ok fills=267 (66.6s)
[1461/2869] BANK2_BL-09_half_down_lastsell__T_a_exec-calc_s_cross_-both_d_input_-raw_rsi_ex-level_rsi_sm-simple_same_b-allowe_warmup-strict: ok fills=276 (71.7s)
[1462/2869] BANK2_BL-09_half_down_lastsell__T_a_exec-calc_s_cross_-both_d_input_-adjust_rsi_ex-level_rsi_sm-simple_same_b-allowe_warmup-strict: ok fills=267 (73.8s)
[1463/2869] BANK2_BL-09_half_down_lastsell__T_a_exec-calc_s_cross_-both_d_input_-adjust_rsi_ex-level_rsi_sm-simple_same_b-wait_b_warmup-strict: ok fills=253 (72.2s)
[1464/2869] BANK2_BL-09_half_down_lastsell__T_a_exec-calc_s_cross_-today__input_-adjust_rsi_ex-level_rsi_sm-simple_same_b-wait_b_warmup-strict: ok fills=253 (72.0s)
[1465/2869] BANK2_BL-09_half_down_lastsell__T_a_exec-calc_s_cross_-both_d_input_-raw_rsi_ex-level_rsi_sm-simple_same_b-wait_b_warmup-strict: ok fills=262 (68.4s)
[1466/2869] BANK2_BL-09_half_down_lastsell__T_a_exec-calc_s_cross_-today__input_-raw_rsi_ex-level_rsi_sm-simple_same_b-wait_b_warmup-strict: ok fills=262 (69.4s)
[1467/2869] BANK2_BL-09_half_down_lastsell__T_a_exec-set_ho_cross_-both_d_input_-adjust_rsi_ex-level_rsi_sm-simple_same_b-allowe_warmup-strict: ok fills=267 (68.7s)
[1468/2869] BANK2_BL-09_half_down_lastsell__T_a_exec-set_ho_cross_-today__input_-adjust_rsi_ex-level_rsi_sm-simple_same_b-allowe_warmup-strict: ok fills=267 (69.1s)
[1469/2869] BANK2_BL-09_half_down_lastsell__T_a_exec-set_ho_cross_-both_d_input_-raw_rsi_ex-level_rsi_sm-simple_same_b-allowe_warmup-strict: ok fills=276 (67.6s)
[1470/2869] BANK2_BL-09_half_down_lastsell__T_a_exec-set_ho_cross_-today__input_-raw_rsi_ex-level_rsi_sm-simple_same_b-allowe_warmup-strict: ok fills=276 (70.2s)
[1471/2869] BANK2_BL-09_half_down_lastsell__T_a_exec-set_ho_cross_-both_d_input_-adjust_rsi_ex-level_rsi_sm-simple_same_b-wait_b_warmup-strict: ok fills=253 (69.1s)
[1472/2869] BANK2_BL-09_half_down_lastsell__T_a_exec-set_ho_cross_-today__input_-adjust_rsi_ex-level_rsi_sm-simple_same_b-wait_b_warmup-strict: ok fills=253 (71.4s)
[1473/2869] BANK2_BL-09_half_down_lastsell__T_a_exec-set_ho_cross_-both_d_input_-raw_rsi_ex-level_rsi_sm-simple_same_b-wait_b_warmup-strict: ok fills=262 (70.6s)
[1474/2869] BANK2_BL-09_half_down_lastsell__T_a_exec-set_ho_cross_-today__input_-raw_rsi_ex-level_rsi_sm-simple_same_b-wait_b_warmup-strict: ok fills=262 (67.9s)
[1475/2869] BANK2_BL-09_half_down_lastsell__T_a_exec-calc_s_cross_-both_d_input_-adjust_rsi_ex-level_rsi_sm-simple_same_b-allowe_warmup-ready_: ok fills=253 (67.9s)
[1476/2869] BANK2_BL-09_half_down_lastsell__T_a_exec-calc_s_cross_-today__input_-adjust_rsi_ex-level_rsi_sm-simple_same_b-allowe_warmup-ready_: ok fills=253 (64.0s)
[1477/2869] BANK2_BL-09_half_down_lastsell__T_a_exec-calc_s_cross_-both_d_input_-raw_rsi_ex-level_rsi_sm-simple_same_b-allowe_warmup-ready_: ok fills=262 (65.4s)
[1478/2869] BANK2_BL-09_half_down_lastsell__T_a_exec-calc_s_cross_-today__input_-raw_rsi_ex-level_rsi_sm-simple_same_b-allowe_warmup-ready_: ok fills=262 (65.6s)
[1479/2869] BANK2_BL-09_half_down_lastsell__T_a_exec-calc_s_cross_-both_d_input_-adjust_rsi_ex-level_rsi_sm-simple_same_b-wait_b_warmup-ready_: ok fills=243 (63.4s)
[1480/2869] BANK2_BL-09_half_down_lastsell__T_a_exec-calc_s_cross_-today__input_-adjust_rsi_ex-level_rsi_sm-simple_same_b-wait_b_warmup-ready_: ok fills=243 (69.8s)
[1481/2869] BANK2_BL-09_half_down_lastsell__T_a_exec-set_ho_cross_-both_d_input_-adjust_rsi_ex-level_rsi_sm-simple_same_b-wait_b_warmup-ready_: exit=1 fills=None (9.7s)
[1482/2869] BANK2_BL-09_half_down_lastsell__T_a_exec-calc_s_cross_-both_d_input_-raw_rsi_ex-level_rsi_sm-simple_same_b-wait_b_warmup-ready_: ok fills=252 (68.8s)
[1483/2869] BANK2_BL-09_half_down_lastsell__T_a_exec-calc_s_cross_-today__input_-raw_rsi_ex-level_rsi_sm-simple_same_b-wait_b_warmup-ready_: ok fills=252 (68.2s)
[1484/2869] BANK2_BL-09_half_down_lastsell__T_a_exec-set_ho_cross_-both_d_input_-adjust_rsi_ex-level_rsi_sm-simple_same_b-allowe_warmup-ready_: ok fills=253 (68.5s)
[1485/2869] BANK2_BL-09_half_down_lastsell__T_a_exec-set_ho_cross_-today__input_-adjust_rsi_ex-level_rsi_sm-simple_same_b-allowe_warmup-ready_: ok fills=253 (64.2s)
[1486/2869] BANK2_BL-09_half_down_lastsell__T_a_exec-set_ho_cross_-both_d_input_-raw_rsi_ex-level_rsi_sm-simple_same_b-allowe_warmup-ready_: ok fills=262 (63.4s)
[1487/2869] BANK2_BL-09_half_down_lastsell__T_a_exec-set_ho_cross_-today__input_-raw_rsi_ex-level_rsi_sm-simple_same_b-allowe_warmup-ready_: ok fills=262 (64.1s)
[1488/2869] BANK2_BL-09_half_down_lastsell__T_a_exec-set_ho_cross_-today__input_-adjust_rsi_ex-level_rsi_sm-simple_same_b-wait_b_warmup-ready_: ok fills=243 (64.2s)
[1489/2869] BANK2_BL-09_half_down_lastsell__T_a_exec-set_ho_cross_-today__input_-raw_rsi_ex-level_rsi_sm-simple_same_b-wait_b_warmup-ready_: ok fills=252 (65.3s)
[1490/2869] BANK2_BL-09_half_down_lastsell__T_a_exec-set_ho_cross_-both_d_input_-raw_rsi_ex-level_rsi_sm-simple_same_b-wait_b_warmup-ready_: ok fills=252 (68.0s)
[1491/2869] BANK2_BL-09_half_down_lastsell__T_a_exec-calc_s_cross_-today__input_-adjust_rsi_ex-cross_rsi_sm-simple_same_b-allowe_warmup-strict: ok fills=217 (66.5s)
[1492/2869] BANK2_BL-09_half_down_lastsell__T_a_exec-calc_s_cross_-both_d_input_-adjust_rsi_ex-cross_rsi_sm-simple_same_b-allowe_warmup-strict: ok fills=217 (69.7s)
[1493/2869] BANK2_BL-09_half_down_lastsell__T_a_exec-calc_s_cross_-both_d_input_-raw_rsi_ex-cross_rsi_sm-simple_same_b-allowe_warmup-strict: ok fills=228 (66.4s)
[1494/2869] BANK2_BL-09_half_down_lastsell__T_a_exec-calc_s_cross_-today__input_-raw_rsi_ex-cross_rsi_sm-simple_same_b-allowe_warmup-strict: ok fills=228 (68.5s)
[1495/2869] BANK2_BL-09_half_down_lastsell__T_a_exec-calc_s_cross_-both_d_input_-adjust_rsi_ex-cross_rsi_sm-simple_same_b-wait_b_warmup-strict: ok fills=217 (66.0s)
[1496/2869] BANK2_BL-09_half_down_lastsell__T_a_exec-calc_s_cross_-today__input_-adjust_rsi_ex-cross_rsi_sm-simple_same_b-wait_b_warmup-strict: ok fills=217 (62.1s)
[1497/2869] BANK2_BL-09_half_down_lastsell__T_a_exec-calc_s_cross_-both_d_input_-raw_rsi_ex-cross_rsi_sm-simple_same_b-wait_b_warmup-strict: ok fills=228 (67.5s)
[1498/2869] BANK2_BL-09_half_down_lastsell__T_a_exec-calc_s_cross_-today__input_-raw_rsi_ex-cross_rsi_sm-simple_same_b-wait_b_warmup-strict: ok fills=228 (66.5s)
[1499/2869] BANK2_BL-09_half_down_lastsell__T_a_exec-set_ho_cross_-today__input_-adjust_rsi_ex-cross_rsi_sm-simple_same_b-allowe_warmup-strict: ok fills=217 (66.5s)
[1500/2869] BANK2_BL-09_half_down_lastsell__T_a_exec-set_ho_cross_-both_d_input_-adjust_rsi_ex-cross_rsi_sm-simple_same_b-allowe_warmup-strict: ok fills=217 (69.3s)
[1501/2869] BANK2_BL-09_half_down_lastsell__T_a_exec-set_ho_cross_-both_d_input_-raw_rsi_ex-cross_rsi_sm-simple_same_b-allowe_warmup-strict: ok fills=228 (67.9s)
[1502/2869] BANK2_BL-09_half_down_lastsell__T_a_exec-set_ho_cross_-today__input_-raw_rsi_ex-cross_rsi_sm-simple_same_b-allowe_warmup-strict: ok fills=228 (64.0s)
[1503/2869] BANK2_BL-09_half_down_lastsell__T_a_exec-set_ho_cross_-both_d_input_-adjust_rsi_ex-cross_rsi_sm-simple_same_b-wait_b_warmup-strict: ok fills=217 (69.0s)
[1504/2869] BANK2_BL-09_half_down_lastsell__T_a_exec-set_ho_cross_-today__input_-adjust_rsi_ex-cross_rsi_sm-simple_same_b-wait_b_warmup-strict: ok fills=217 (67.4s)
[1505/2869] BANK2_BL-09_half_down_lastsell__T_a_exec-set_ho_cross_-both_d_input_-raw_rsi_ex-cross_rsi_sm-simple_same_b-wait_b_warmup-strict: ok fills=228 (68.2s)
[1506/2869] BANK2_BL-09_half_down_lastsell__T_a_exec-set_ho_cross_-today__input_-raw_rsi_ex-cross_rsi_sm-simple_same_b-wait_b_warmup-strict: ok fills=228 (67.6s)
[1507/2869] BANK2_BL-09_half_down_lastsell__T_a_exec-calc_s_cross_-both_d_input_-adjust_rsi_ex-cross_rsi_sm-simple_same_b-allowe_warmup-ready_: ok fills=209 (68.3s)
[1508/2869] BANK2_BL-09_half_down_lastsell__T_a_exec-calc_s_cross_-today__input_-adjust_rsi_ex-cross_rsi_sm-simple_same_b-allowe_warmup-ready_: ok fills=209 (69.4s)
[1509/2869] BANK2_BL-09_half_down_lastsell__T_a_exec-calc_s_cross_-today__input_-raw_rsi_ex-cross_rsi_sm-simple_same_b-allowe_warmup-ready_: ok fills=220 (70.4s)
[1510/2869] BANK2_BL-09_half_down_lastsell__T_a_exec-calc_s_cross_-both_d_input_-raw_rsi_ex-cross_rsi_sm-simple_same_b-allowe_warmup-ready_: ok fills=220 (73.9s)
[1511/2869] BANK2_BL-09_half_down_lastsell__T_a_exec-calc_s_cross_-both_d_input_-adjust_rsi_ex-cross_rsi_sm-simple_same_b-wait_b_warmup-ready_: ok fills=209 (73.4s)
[1512/2869] BANK2_BL-09_half_down_lastsell__T_a_exec-calc_s_cross_-today__input_-adjust_rsi_ex-cross_rsi_sm-simple_same_b-wait_b_warmup-ready_: ok fills=209 (66.4s)
[1513/2869] BANK2_BL-09_half_down_lastsell__T_a_exec-calc_s_cross_-today__input_-raw_rsi_ex-cross_rsi_sm-simple_same_b-wait_b_warmup-ready_: ok fills=220 (71.2s)
[1514/2869] BANK2_BL-09_half_down_lastsell__T_a_exec-set_ho_cross_-today__input_-adjust_rsi_ex-cross_rsi_sm-simple_same_b-wait_b_warmup-ready_: exit=1 fills=None (14.0s)
[1515/2869] BANK2_BL-09_half_down_lastsell__T_a_exec-calc_s_cross_-both_d_input_-raw_rsi_ex-cross_rsi_sm-simple_same_b-wait_b_warmup-ready_: ok fills=220 (75.3s)
[1516/2869] BANK2_BL-09_half_down_lastsell__T_a_exec-set_ho_cross_-both_d_input_-adjust_rsi_ex-cross_rsi_sm-simple_same_b-allowe_warmup-ready_: ok fills=209 (71.3s)
[1517/2869] BANK2_BL-09_half_down_lastsell__T_a_exec-set_ho_cross_-today__input_-adjust_rsi_ex-cross_rsi_sm-simple_same_b-allowe_warmup-ready_: ok fills=209 (70.4s)
[1518/2869] BANK2_BL-09_half_down_lastsell__T_a_exec-set_ho_cross_-both_d_input_-raw_rsi_ex-cross_rsi_sm-simple_same_b-allowe_warmup-ready_: ok fills=220 (71.1s)
[1519/2869] BANK2_BL-09_half_down_lastsell__T_a_exec-set_ho_cross_-today__input_-raw_rsi_ex-cross_rsi_sm-simple_same_b-allowe_warmup-ready_: ok fills=220 (70.3s)
[1520/2869] BANK2_BL-09_half_down_lastsell__T_a_exec-set_ho_cross_-both_d_input_-adjust_rsi_ex-cross_rsi_sm-simple_same_b-wait_b_warmup-ready_: ok fills=209 (71.5s)
[1521/2869] BANK2_BL-09_half_down_hold__ref: ok fills=169 (68.1s)
[1522/2869] BANK2_BL-09_half_down_lastsell__T_a_exec-set_ho_cross_-both_d_input_-raw_rsi_ex-cross_rsi_sm-simple_same_b-wait_b_warmup-ready_: ok fills=220 (72.6s)
[1523/2869] BANK2_BL-09_half_down_lastsell__T_a_exec-set_ho_cross_-today__input_-raw_rsi_ex-cross_rsi_sm-simple_same_b-wait_b_warmup-ready_: ok fills=220 (72.4s)
[1524/2869] BANK2_BL-09_half_down_hold__T_a_exec-calc_s_cross_-today__input_-adjust_rsi_ex-level_rsi_sm-wilder_same_b-allowe_warmup-strict: ok fills=169 (67.5s)
[1525/2869] BANK2_BL-09_half_down_hold__T_a_exec-calc_s_cross_-both_d_input_-raw_rsi_ex-level_rsi_sm-wilder_same_b-allowe_warmup-strict: ok fills=158 (69.4s)
[1526/2869] BANK2_BL-09_half_down_hold__T_a_exec-calc_s_cross_-both_d_input_-adjust_rsi_ex-level_rsi_sm-wilder_same_b-wait_b_warmup-strict: ok fills=165 (67.0s)
[1527/2869] BANK2_BL-09_half_down_hold__T_a_exec-calc_s_cross_-today__input_-raw_rsi_ex-level_rsi_sm-wilder_same_b-allowe_warmup-strict: ok fills=158 (67.5s)
[1528/2869] BANK2_BL-09_half_down_hold__T_a_exec-calc_s_cross_-today__input_-adjust_rsi_ex-level_rsi_sm-wilder_same_b-wait_b_warmup-strict: ok fills=165 (65.3s)
[1529/2869] BANK2_BL-09_half_down_hold__T_a_exec-calc_s_cross_-both_d_input_-raw_rsi_ex-level_rsi_sm-wilder_same_b-wait_b_warmup-strict: ok fills=156 (65.9s)
[1530/2869] BANK2_BL-09_half_down_hold__T_a_exec-set_ho_cross_-both_d_input_-adjust_rsi_ex-level_rsi_sm-wilder_same_b-allowe_warmup-strict: ok fills=169 (65.2s)
[1531/2869] BANK2_BL-09_half_down_hold__T_a_exec-calc_s_cross_-today__input_-raw_rsi_ex-level_rsi_sm-wilder_same_b-wait_b_warmup-strict: ok fills=156 (65.5s)
[1532/2869] BANK2_BL-09_half_down_hold__T_a_exec-set_ho_cross_-today__input_-adjust_rsi_ex-level_rsi_sm-wilder_same_b-allowe_warmup-strict: ok fills=169 (66.6s)
[1533/2869] BANK2_BL-09_half_down_hold__T_a_exec-set_ho_cross_-both_d_input_-raw_rsi_ex-level_rsi_sm-wilder_same_b-allowe_warmup-strict: ok fills=158 (63.4s)
[1534/2869] BANK2_BL-09_half_down_hold__T_a_exec-set_ho_cross_-today__input_-raw_rsi_ex-level_rsi_sm-wilder_same_b-allowe_warmup-strict: ok fills=158 (64.9s)
[1535/2869] BANK2_BL-09_half_down_hold__T_a_exec-set_ho_cross_-both_d_input_-adjust_rsi_ex-level_rsi_sm-wilder_same_b-wait_b_warmup-strict: ok fills=165 (65.7s)
[1536/2869] BANK2_BL-09_half_down_hold__T_a_exec-set_ho_cross_-today__input_-adjust_rsi_ex-level_rsi_sm-wilder_same_b-wait_b_warmup-strict: ok fills=165 (64.7s)
[1537/2869] BANK2_BL-09_half_down_hold__T_a_exec-set_ho_cross_-today__input_-raw_rsi_ex-level_rsi_sm-wilder_same_b-wait_b_warmup-strict: ok fills=156 (67.3s)
[1538/2869] BANK2_BL-09_half_down_hold__T_a_exec-calc_s_cross_-both_d_input_-adjust_rsi_ex-level_rsi_sm-wilder_same_b-allowe_warmup-ready_: ok fills=165 (67.9s)
[1539/2869] BANK2_BL-09_half_down_hold__T_a_exec-set_ho_cross_-both_d_input_-raw_rsi_ex-level_rsi_sm-wilder_same_b-wait_b_warmup-strict: ok fills=156 (71.1s)
[1540/2869] BANK2_BL-09_half_down_hold__T_a_exec-calc_s_cross_-today__input_-adjust_rsi_ex-level_rsi_sm-wilder_same_b-allowe_warmup-ready_: ok fills=165 (65.5s)
[1541/2869] BANK2_BL-09_half_down_hold__T_a_exec-calc_s_cross_-both_d_input_-raw_rsi_ex-level_rsi_sm-wilder_same_b-allowe_warmup-ready_: ok fills=154 (70.1s)
[1542/2869] BANK2_BL-09_half_down_hold__T_a_exec-calc_s_cross_-today__input_-raw_rsi_ex-level_rsi_sm-wilder_same_b-allowe_warmup-ready_: ok fills=154 (68.1s)
[1543/2869] BANK2_BL-09_half_down_hold__T_a_exec-calc_s_cross_-both_d_input_-adjust_rsi_ex-level_rsi_sm-wilder_same_b-wait_b_warmup-ready_: ok fills=161 (68.0s)
[1544/2869] BANK2_BL-09_half_down_hold__T_a_exec-calc_s_cross_-today__input_-adjust_rsi_ex-level_rsi_sm-wilder_same_b-wait_b_warmup-ready_: ok fills=161 (69.1s)
[1545/2869] BANK2_BL-09_half_down_hold__T_a_exec-calc_s_cross_-both_d_input_-raw_rsi_ex-level_rsi_sm-wilder_same_b-wait_b_warmup-ready_: ok fills=152 (69.8s)
[1546/2869] BANK2_BL-09_half_down_hold__T_a_exec-set_ho_cross_-both_d_input_-adjust_rsi_ex-level_rsi_sm-wilder_same_b-allowe_warmup-ready_: ok fills=165 (67.4s)
[1547/2869] BANK2_BL-09_half_down_hold__T_a_exec-calc_s_cross_-today__input_-raw_rsi_ex-level_rsi_sm-wilder_same_b-wait_b_warmup-ready_: ok fills=152 (72.7s)
[1548/2869] BANK2_BL-09_half_down_hold__T_a_exec-set_ho_cross_-today__input_-adjust_rsi_ex-level_rsi_sm-wilder_same_b-allowe_warmup-ready_: ok fills=165 (70.0s)
[1549/2869] BANK2_BL-09_half_down_hold__T_a_exec-set_ho_cross_-both_d_input_-raw_rsi_ex-level_rsi_sm-wilder_same_b-wait_b_warmup-ready_: exit=1 fills=None (12.7s)
[1550/2869] BANK2_BL-09_half_down_hold__T_a_exec-set_ho_cross_-both_d_input_-raw_rsi_ex-level_rsi_sm-wilder_same_b-allowe_warmup-ready_: ok fills=154 (68.5s)
[1551/2869] BANK2_BL-09_half_down_hold__T_a_exec-set_ho_cross_-both_d_input_-adjust_rsi_ex-level_rsi_sm-wilder_same_b-wait_b_warmup-ready_: ok fills=161 (65.8s)
[1552/2869] BANK2_BL-09_half_down_hold__T_a_exec-set_ho_cross_-today__input_-raw_rsi_ex-level_rsi_sm-wilder_same_b-allowe_warmup-ready_: ok fills=154 (69.6s)
[1553/2869] BANK2_BL-09_half_down_hold__T_a_exec-calc_s_cross_-today__input_-raw_rsi_ex-cross_rsi_sm-wilder_same_b-allowe_warmup-strict: exit=1 fills=None (19.7s)
[1554/2869] BANK2_BL-09_half_down_hold__T_a_exec-set_ho_cross_-today__input_-adjust_rsi_ex-level_rsi_sm-wilder_same_b-wait_b_warmup-ready_: ok fills=161 (66.6s)
[1555/2869] BANK2_BL-09_half_down_hold__T_a_exec-set_ho_cross_-today__input_-raw_rsi_ex-level_rsi_sm-wilder_same_b-wait_b_warmup-ready_: ok fills=152 (68.2s)
[1556/2869] BANK2_BL-09_half_down_hold__T_a_exec-calc_s_cross_-both_d_input_-adjust_rsi_ex-cross_rsi_sm-wilder_same_b-allowe_warmup-strict: ok fills=149 (67.6s)
[1557/2869] BANK2_BL-09_half_down_hold__T_a_exec-calc_s_cross_-today__input_-adjust_rsi_ex-cross_rsi_sm-wilder_same_b-allowe_warmup-strict: ok fills=149 (65.6s)
[1558/2869] BANK2_BL-09_half_down_hold__T_a_exec-calc_s_cross_-both_d_input_-raw_rsi_ex-cross_rsi_sm-wilder_same_b-allowe_warmup-strict: ok fills=142 (68.6s)
[1559/2869] BANK2_BL-09_half_down_hold__T_a_exec-set_ho_cross_-both_d_input_-adjust_rsi_ex-cross_rsi_sm-wilder_same_b-allowe_warmup-strict: exit=1 fills=None (12.7s)
[1560/2869] BANK2_BL-09_half_down_hold__T_a_exec-calc_s_cross_-both_d_input_-adjust_rsi_ex-cross_rsi_sm-wilder_same_b-wait_b_warmup-strict: ok fills=149 (64.8s)
[1561/2869] BANK2_BL-09_half_down_hold__T_a_exec-set_ho_cross_-today__input_-raw_rsi_ex-cross_rsi_sm-wilder_same_b-allowe_warmup-strict: exit=1 fills=None (14.8s)
[1562/2869] BANK2_BL-09_half_down_hold__T_a_exec-calc_s_cross_-both_d_input_-raw_rsi_ex-cross_rsi_sm-wilder_same_b-wait_b_warmup-strict: ok fills=142 (64.7s)
[1563/2869] BANK2_BL-09_half_down_hold__T_a_exec-calc_s_cross_-today__input_-adjust_rsi_ex-cross_rsi_sm-wilder_same_b-wait_b_warmup-strict: ok fills=149 (67.8s)
[1564/2869] BANK2_BL-09_half_down_hold__T_a_exec-calc_s_cross_-today__input_-raw_rsi_ex-cross_rsi_sm-wilder_same_b-wait_b_warmup-strict: ok fills=142 (63.2s)
[1565/2869] BANK2_BL-09_half_down_hold__T_a_exec-set_ho_cross_-today__input_-adjust_rsi_ex-cross_rsi_sm-wilder_same_b-allowe_warmup-strict: ok fills=149 (63.2s)
[1566/2869] BANK2_BL-09_half_down_hold__T_a_exec-set_ho_cross_-both_d_input_-raw_rsi_ex-cross_rsi_sm-wilder_same_b-allowe_warmup-strict: ok fills=142 (61.1s)
[1567/2869] BANK2_BL-09_half_down_hold__T_a_exec-set_ho_cross_-both_d_input_-adjust_rsi_ex-cross_rsi_sm-wilder_same_b-wait_b_warmup-strict: ok fills=149 (59.3s)
[1568/2869] BANK2_BL-09_half_down_hold__T_a_exec-set_ho_cross_-today__input_-adjust_rsi_ex-cross_rsi_sm-wilder_same_b-wait_b_warmup-strict: ok fills=149 (60.0s)
[1569/2869] BANK2_BL-09_half_down_hold__T_a_exec-set_ho_cross_-today__input_-raw_rsi_ex-cross_rsi_sm-wilder_same_b-wait_b_warmup-strict: ok fills=142 (59.0s)
[1570/2869] BANK2_BL-09_half_down_hold__T_a_exec-calc_s_cross_-today__input_-adjust_rsi_ex-cross_rsi_sm-wilder_same_b-allowe_warmup-ready_: ok fills=145 (63.8s)
[1571/2869] BANK2_BL-09_half_down_hold__T_a_exec-set_ho_cross_-both_d_input_-raw_rsi_ex-cross_rsi_sm-wilder_same_b-wait_b_warmup-strict: ok fills=142 (71.8s)
[1572/2869] BANK2_BL-09_half_down_hold__T_a_exec-calc_s_cross_-both_d_input_-adjust_rsi_ex-cross_rsi_sm-wilder_same_b-allowe_warmup-ready_: ok fills=145 (67.3s)
[1573/2869] BANK2_BL-09_half_down_hold__T_a_exec-calc_s_cross_-both_d_input_-raw_rsi_ex-cross_rsi_sm-wilder_same_b-allowe_warmup-ready_: ok fills=138 (62.8s)
[1574/2869] BANK2_BL-09_half_down_hold__T_a_exec-calc_s_cross_-today__input_-raw_rsi_ex-cross_rsi_sm-wilder_same_b-allowe_warmup-ready_: ok fills=138 (62.2s)
[1575/2869] BANK2_BL-09_half_down_hold__T_a_exec-calc_s_cross_-both_d_input_-adjust_rsi_ex-cross_rsi_sm-wilder_same_b-wait_b_warmup-ready_: ok fills=145 (62.3s)
[1576/2869] BANK2_BL-09_half_down_hold__T_a_exec-calc_s_cross_-today__input_-adjust_rsi_ex-cross_rsi_sm-wilder_same_b-wait_b_warmup-ready_: ok fills=145 (60.9s)
[1577/2869] BANK2_BL-09_half_down_hold__T_a_exec-calc_s_cross_-both_d_input_-raw_rsi_ex-cross_rsi_sm-wilder_same_b-wait_b_warmup-ready_: ok fills=138 (63.6s)
[1578/2869] BANK2_BL-09_half_down_hold__T_a_exec-set_ho_cross_-both_d_input_-adjust_rsi_ex-cross_rsi_sm-wilder_same_b-allowe_warmup-ready_: ok fills=145 (63.9s)
[1579/2869] BANK2_BL-09_half_down_hold__T_a_exec-calc_s_cross_-today__input_-raw_rsi_ex-cross_rsi_sm-wilder_same_b-wait_b_warmup-ready_: ok fills=138 (65.3s)
[1580/2869] BANK2_BL-09_half_down_hold__T_a_exec-set_ho_cross_-today__input_-adjust_rsi_ex-cross_rsi_sm-wilder_same_b-allowe_warmup-ready_: ok fills=145 (63.8s)
[1581/2869] BANK2_BL-09_half_down_hold__T_a_exec-set_ho_cross_-both_d_input_-raw_rsi_ex-cross_rsi_sm-wilder_same_b-allowe_warmup-ready_: ok fills=138 (65.9s)
[1582/2869] BANK2_BL-09_half_down_hold__T_a_exec-set_ho_cross_-today__input_-raw_rsi_ex-cross_rsi_sm-wilder_same_b-allowe_warmup-ready_: ok fills=138 (64.9s)
[1583/2869] BANK2_BL-09_half_down_hold__T_a_exec-set_ho_cross_-both_d_input_-adjust_rsi_ex-cross_rsi_sm-wilder_same_b-wait_b_warmup-ready_: ok fills=145 (65.7s)
[1584/2869] BANK2_BL-09_half_down_hold__T_a_exec-set_ho_cross_-today__input_-adjust_rsi_ex-cross_rsi_sm-wilder_same_b-wait_b_warmup-ready_: ok fills=145 (61.4s)
[1585/2869] BANK2_BL-09_half_down_hold__T_a_exec-calc_s_cross_-today__input_-raw_rsi_ex-level_rsi_sm-simple_same_b-allowe_warmup-strict: exit=1 fills=None (13.2s)
[1586/2869] BANK2_BL-09_half_down_hold__T_a_exec-set_ho_cross_-both_d_input_-raw_rsi_ex-cross_rsi_sm-wilder_same_b-wait_b_warmup-ready_: ok fills=138 (62.2s)
[1587/2869] BANK2_BL-09_half_down_hold__T_a_exec-calc_s_cross_-both_d_input_-adjust_rsi_ex-level_rsi_sm-simple_same_b-allowe_warmup-strict: ok fills=219 (66.9s)
[1588/2869] BANK2_BL-09_half_down_hold__T_a_exec-calc_s_cross_-today__input_-adjust_rsi_ex-level_rsi_sm-simple_same_b-allowe_warmup-strict: ok fills=219 (67.7s)
[1589/2869] BANK2_BL-09_half_down_hold__T_a_exec-set_ho_cross_-today__input_-raw_rsi_ex-cross_rsi_sm-wilder_same_b-wait_b_warmup-ready_: ok fills=138 (70.5s)
[1590/2869] BANK2_BL-09_half_down_hold__T_a_exec-calc_s_cross_-both_d_input_-raw_rsi_ex-level_rsi_sm-simple_same_b-allowe_warmup-strict: ok fills=216 (69.5s)
[1591/2869] BANK2_BL-09_half_down_hold__T_a_exec-calc_s_cross_-both_d_input_-adjust_rsi_ex-level_rsi_sm-simple_same_b-wait_b_warmup-strict: ok fills=205 (67.0s)
[1592/2869] BANK2_BL-09_half_down_hold__T_a_exec-calc_s_cross_-today__input_-adjust_rsi_ex-level_rsi_sm-simple_same_b-wait_b_warmup-strict: ok fills=205 (69.6s)
[1593/2869] BANK2_BL-09_half_down_hold__T_a_exec-calc_s_cross_-both_d_input_-raw_rsi_ex-level_rsi_sm-simple_same_b-wait_b_warmup-strict: ok fills=202 (71.2s)
[1594/2869] BANK2_BL-09_half_down_hold__T_a_exec-calc_s_cross_-today__input_-raw_rsi_ex-level_rsi_sm-simple_same_b-wait_b_warmup-strict: ok fills=202 (69.3s)
[1595/2869] BANK2_BL-09_half_down_hold__T_a_exec-set_ho_cross_-both_d_input_-adjust_rsi_ex-level_rsi_sm-simple_same_b-allowe_warmup-strict: ok fills=219 (70.0s)
[1596/2869] BANK2_BL-09_half_down_hold__T_a_exec-set_ho_cross_-today__input_-adjust_rsi_ex-level_rsi_sm-simple_same_b-allowe_warmup-strict: ok fills=219 (69.6s)
[1597/2869] BANK2_BL-09_half_down_hold__T_a_exec-set_ho_cross_-both_d_input_-raw_rsi_ex-level_rsi_sm-simple_same_b-allowe_warmup-strict: ok fills=216 (70.8s)
[1598/2869] BANK2_BL-09_half_down_hold__T_a_exec-set_ho_cross_-today__input_-raw_rsi_ex-level_rsi_sm-simple_same_b-allowe_warmup-strict: ok fills=216 (63.4s)
[1599/2869] BANK2_BL-09_half_down_hold__T_a_exec-set_ho_cross_-both_d_input_-adjust_rsi_ex-level_rsi_sm-simple_same_b-wait_b_warmup-strict: ok fills=205 (64.5s)
[1600/2869] BANK2_BL-09_half_down_hold__T_a_exec-set_ho_cross_-today__input_-adjust_rsi_ex-level_rsi_sm-simple_same_b-wait_b_warmup-strict: ok fills=205 (66.4s)
[1601/2869] BANK2_BL-09_half_down_hold__T_a_exec-set_ho_cross_-both_d_input_-raw_rsi_ex-level_rsi_sm-simple_same_b-wait_b_warmup-strict: ok fills=202 (65.0s)
[1602/2869] BANK2_BL-09_half_down_hold__T_a_exec-set_ho_cross_-today__input_-raw_rsi_ex-level_rsi_sm-simple_same_b-wait_b_warmup-strict: ok fills=202 (62.8s)
[1603/2869] BANK2_BL-09_half_down_hold__T_a_exec-calc_s_cross_-both_d_input_-adjust_rsi_ex-level_rsi_sm-simple_same_b-allowe_warmup-ready_: ok fills=205 (63.1s)
[1604/2869] BANK2_BL-09_half_down_hold__T_a_exec-calc_s_cross_-today__input_-adjust_rsi_ex-level_rsi_sm-simple_same_b-allowe_warmup-ready_: ok fills=205 (64.3s)
[1605/2869] BANK2_BL-09_half_down_hold__T_a_exec-calc_s_cross_-both_d_input_-raw_rsi_ex-level_rsi_sm-simple_same_b-allowe_warmup-ready_: ok fills=202 (61.9s)
[1606/2869] BANK2_BL-09_half_down_hold__T_a_exec-calc_s_cross_-today__input_-raw_rsi_ex-level_rsi_sm-simple_same_b-allowe_warmup-ready_: ok fills=202 (62.7s)
[1607/2869] BANK2_BL-09_half_down_hold__T_a_exec-calc_s_cross_-both_d_input_-adjust_rsi_ex-level_rsi_sm-simple_same_b-wait_b_warmup-ready_: ok fills=195 (59.2s)
[1608/2869] BANK2_BL-09_half_down_hold__T_a_exec-calc_s_cross_-both_d_input_-raw_rsi_ex-level_rsi_sm-simple_same_b-wait_b_warmup-ready_: ok fills=192 (60.9s)
[1609/2869] BANK2_BL-09_half_down_hold__T_a_exec-calc_s_cross_-today__input_-raw_rsi_ex-level_rsi_sm-simple_same_b-wait_b_warmup-ready_: ok fills=192 (59.2s)
[1610/2869] BANK2_BL-09_half_down_hold__T_a_exec-calc_s_cross_-today__input_-adjust_rsi_ex-level_rsi_sm-simple_same_b-wait_b_warmup-ready_: ok fills=195 (66.6s)
[1611/2869] BANK2_BL-09_half_down_hold__T_a_exec-set_ho_cross_-both_d_input_-adjust_rsi_ex-level_rsi_sm-simple_same_b-allowe_warmup-ready_: ok fills=205 (63.2s)
[1612/2869] BANK2_BL-09_half_down_hold__T_a_exec-set_ho_cross_-today__input_-adjust_rsi_ex-level_rsi_sm-simple_same_b-allowe_warmup-ready_: ok fills=205 (63.8s)
[1613/2869] BANK2_BL-09_half_down_hold__T_a_exec-set_ho_cross_-both_d_input_-raw_rsi_ex-level_rsi_sm-simple_same_b-allowe_warmup-ready_: ok fills=202 (64.3s)
[1614/2869] BANK2_BL-09_half_down_hold__T_a_exec-set_ho_cross_-today__input_-raw_rsi_ex-level_rsi_sm-simple_same_b-allowe_warmup-ready_: ok fills=202 (63.1s)
[1615/2869] BANK2_BL-09_half_down_hold__T_a_exec-set_ho_cross_-both_d_input_-adjust_rsi_ex-level_rsi_sm-simple_same_b-wait_b_warmup-ready_: ok fills=195 (65.1s)
[1616/2869] BANK2_BL-09_half_down_hold__T_a_exec-set_ho_cross_-today__input_-adjust_rsi_ex-level_rsi_sm-simple_same_b-wait_b_warmup-ready_: ok fills=195 (63.4s)
[1617/2869] BANK2_BL-09_half_down_hold__T_a_exec-set_ho_cross_-both_d_input_-raw_rsi_ex-level_rsi_sm-simple_same_b-wait_b_warmup-ready_: ok fills=192 (65.5s)
[1618/2869] BANK2_BL-09_half_down_hold__T_a_exec-set_ho_cross_-today__input_-raw_rsi_ex-level_rsi_sm-simple_same_b-wait_b_warmup-ready_: ok fills=192 (62.1s)
[1619/2869] BANK2_BL-09_half_down_hold__T_a_exec-calc_s_cross_-both_d_input_-adjust_rsi_ex-cross_rsi_sm-simple_same_b-allowe_warmup-strict: ok fills=169 (65.1s)
[1620/2869] BANK2_BL-09_half_down_hold__T_a_exec-calc_s_cross_-today__input_-adjust_rsi_ex-cross_rsi_sm-simple_same_b-allowe_warmup-strict: ok fills=169 (66.4s)
[1621/2869] BANK2_BL-09_half_down_hold__T_a_exec-calc_s_cross_-both_d_input_-raw_rsi_ex-cross_rsi_sm-simple_same_b-allowe_warmup-strict: ok fills=168 (66.5s)
[1622/2869] BANK2_BL-09_half_down_hold__T_a_exec-calc_s_cross_-today__input_-raw_rsi_ex-cross_rsi_sm-simple_same_b-allowe_warmup-strict: ok fills=168 (64.5s)
[1623/2869] BANK2_BL-09_half_down_hold__T_a_exec-calc_s_cross_-both_d_input_-adjust_rsi_ex-cross_rsi_sm-simple_same_b-wait_b_warmup-strict: ok fills=169 (64.8s)
[1624/2869] BANK2_BL-09_half_down_hold__T_a_exec-calc_s_cross_-today__input_-adjust_rsi_ex-cross_rsi_sm-simple_same_b-wait_b_warmup-strict: ok fills=169 (65.0s)
[1625/2869] BANK2_BL-09_half_down_hold__T_a_exec-calc_s_cross_-both_d_input_-raw_rsi_ex-cross_rsi_sm-simple_same_b-wait_b_warmup-strict: ok fills=168 (66.9s)
[1626/2869] BANK2_BL-09_half_down_hold__T_a_exec-calc_s_cross_-today__input_-raw_rsi_ex-cross_rsi_sm-simple_same_b-wait_b_warmup-strict: ok fills=168 (66.6s)
[1627/2869] BANK2_BL-09_half_down_hold__T_a_exec-set_ho_cross_-both_d_input_-adjust_rsi_ex-cross_rsi_sm-simple_same_b-allowe_warmup-strict: ok fills=169 (67.1s)
[1628/2869] BANK2_BL-09_half_down_hold__T_a_exec-set_ho_cross_-today__input_-adjust_rsi_ex-cross_rsi_sm-simple_same_b-allowe_warmup-strict: ok fills=169 (65.8s)
[1629/2869] BANK2_BL-09_half_down_hold__T_a_exec-set_ho_cross_-both_d_input_-raw_rsi_ex-cross_rsi_sm-simple_same_b-allowe_warmup-strict: ok fills=168 (67.0s)
[1630/2869] BANK2_BL-09_half_down_hold__T_a_exec-set_ho_cross_-today__input_-raw_rsi_ex-cross_rsi_sm-simple_same_b-allowe_warmup-strict: ok fills=168 (63.9s)
[1631/2869] BANK2_BL-09_half_down_hold__T_a_exec-set_ho_cross_-both_d_input_-adjust_rsi_ex-cross_rsi_sm-simple_same_b-wait_b_warmup-strict: ok fills=169 (63.1s)
[1632/2869] BANK2_BL-09_half_down_hold__T_a_exec-set_ho_cross_-today__input_-adjust_rsi_ex-cross_rsi_sm-simple_same_b-wait_b_warmup-strict: ok fills=169 (67.4s)
[1633/2869] BANK2_BL-09_half_down_hold__T_a_exec-set_ho_cross_-today__input_-raw_rsi_ex-cross_rsi_sm-simple_same_b-wait_b_warmup-strict: ok fills=168 (66.0s)
[1634/2869] BANK2_BL-09_half_down_hold__T_a_exec-set_ho_cross_-both_d_input_-raw_rsi_ex-cross_rsi_sm-simple_same_b-wait_b_warmup-strict: ok fills=168 (67.4s)
[1635/2869] BANK2_BL-09_half_down_hold__T_a_exec-calc_s_cross_-both_d_input_-adjust_rsi_ex-cross_rsi_sm-simple_same_b-allowe_warmup-ready_: ok fills=161 (64.6s)
[1636/2869] BANK2_BL-09_half_down_hold__T_a_exec-calc_s_cross_-today__input_-adjust_rsi_ex-cross_rsi_sm-simple_same_b-allowe_warmup-ready_: ok fills=161 (64.6s)
[1637/2869] BANK2_BL-09_half_down_hold__T_a_exec-calc_s_cross_-both_d_input_-raw_rsi_ex-cross_rsi_sm-simple_same_b-allowe_warmup-ready_: ok fills=160 (67.2s)
[1638/2869] BANK2_BL-09_half_down_hold__T_a_exec-calc_s_cross_-today__input_-raw_rsi_ex-cross_rsi_sm-simple_same_b-allowe_warmup-ready_: ok fills=160 (63.8s)
[1639/2869] BANK2_BL-09_half_down_hold__T_a_exec-calc_s_cross_-both_d_input_-adjust_rsi_ex-cross_rsi_sm-simple_same_b-wait_b_warmup-ready_: ok fills=161 (64.8s)
[1640/2869] BANK2_BL-09_half_down_hold__T_a_exec-calc_s_cross_-today__input_-adjust_rsi_ex-cross_rsi_sm-simple_same_b-wait_b_warmup-ready_: ok fills=161 (64.0s)
[1641/2869] BANK2_BL-09_half_down_hold__T_a_exec-calc_s_cross_-today__input_-raw_rsi_ex-cross_rsi_sm-simple_same_b-wait_b_warmup-ready_: ok fills=160 (59.6s)
[1642/2869] BANK2_BL-09_half_down_hold__T_a_exec-calc_s_cross_-both_d_input_-raw_rsi_ex-cross_rsi_sm-simple_same_b-wait_b_warmup-ready_: ok fills=160 (64.0s)
[1643/2869] BANK2_BL-09_half_down_hold__T_a_exec-set_ho_cross_-both_d_input_-adjust_rsi_ex-cross_rsi_sm-simple_same_b-allowe_warmup-ready_: ok fills=161 (63.0s)
[1644/2869] BANK2_BL-09_half_down_hold__T_a_exec-set_ho_cross_-today__input_-adjust_rsi_ex-cross_rsi_sm-simple_same_b-allowe_warmup-ready_: ok fills=161 (64.8s)
[1645/2869] BANK2_BL-09_half_down_hold__T_a_exec-set_ho_cross_-both_d_input_-raw_rsi_ex-cross_rsi_sm-simple_same_b-allowe_warmup-ready_: ok fills=160 (63.5s)
[1646/2869] BANK2_BL-09_half_down_hold__T_a_exec-set_ho_cross_-today__input_-raw_rsi_ex-cross_rsi_sm-simple_same_b-allowe_warmup-ready_: ok fills=160 (64.9s)
[1647/2869] BANK2_BL-09_half_down_hold__T_a_exec-set_ho_cross_-both_d_input_-adjust_rsi_ex-cross_rsi_sm-simple_same_b-wait_b_warmup-ready_: ok fills=161 (63.1s)
[1648/2869] BANK2_BL-09_half_down_hold__T_a_exec-set_ho_cross_-both_d_input_-raw_rsi_ex-cross_rsi_sm-simple_same_b-wait_b_warmup-ready_: ok fills=160 (64.3s)
[1649/2869] BANK2_BL-09_half_down_hold__T_a_exec-set_ho_cross_-today__input_-adjust_rsi_ex-cross_rsi_sm-simple_same_b-wait_b_warmup-ready_: ok fills=161 (66.8s)
[1650/2869] BANK2_BL-09_half_down_hold__T_a_exec-set_ho_cross_-today__input_-raw_rsi_ex-cross_rsi_sm-simple_same_b-wait_b_warmup-ready_: ok fills=160 (65.4s)
[1651/2869] BANK2_BL-09_half_up__ref: ok fills=217 (63.6s)
[1652/2869] BANK2_BL-09_half_up__T_a_exec-calc_s_cross_-both_d_input_-raw_rsi_ex-level_rsi_sm-wilder_same_b-allowe_warmup-strict: ok fills=218 (62.7s)
[1653/2869] BANK2_BL-09_half_up__T_a_exec-calc_s_cross_-today__input_-adjust_rsi_ex-level_rsi_sm-wilder_same_b-allowe_warmup-strict: ok fills=217 (67.6s)
[1654/2869] BANK2_BL-09_half_up__T_a_exec-calc_s_cross_-today__input_-raw_rsi_ex-level_rsi_sm-wilder_same_b-allowe_warmup-strict: ok fills=218 (69.5s)
[1655/2869] BANK2_BL-09_half_up__T_a_exec-calc_s_cross_-both_d_input_-adjust_rsi_ex-level_rsi_sm-wilder_same_b-wait_b_warmup-strict: ok fills=213 (68.3s)
[1656/2869] BANK2_BL-09_half_up__T_a_exec-calc_s_cross_-both_d_input_-raw_rsi_ex-level_rsi_sm-wilder_same_b-wait_b_warmup-strict: ok fills=216 (64.6s)
[1657/2869] BANK2_BL-09_half_up__T_a_exec-calc_s_cross_-today__input_-adjust_rsi_ex-level_rsi_sm-wilder_same_b-wait_b_warmup-strict: ok fills=213 (66.9s)
[1658/2869] BANK2_BL-09_half_up__T_a_exec-calc_s_cross_-today__input_-raw_rsi_ex-level_rsi_sm-wilder_same_b-wait_b_warmup-strict: ok fills=216 (66.6s)
[1659/2869] BANK2_BL-09_half_up__T_a_exec-set_ho_cross_-both_d_input_-adjust_rsi_ex-level_rsi_sm-wilder_same_b-allowe_warmup-strict: ok fills=217 (64.3s)
[1660/2869] BANK2_BL-09_half_up__T_a_exec-set_ho_cross_-today__input_-raw_rsi_ex-level_rsi_sm-wilder_same_b-wait_b_warmup-strict: exit=1 fills=None (11.7s)
[1661/2869] BANK2_BL-09_half_up__T_a_exec-set_ho_cross_-today__input_-adjust_rsi_ex-level_rsi_sm-wilder_same_b-allowe_warmup-strict: ok fills=217 (64.6s)
[1662/2869] BANK2_BL-09_half_up__T_a_exec-set_ho_cross_-both_d_input_-raw_rsi_ex-level_rsi_sm-wilder_same_b-allowe_warmup-strict: ok fills=218 (64.5s)
[1663/2869] BANK2_BL-09_half_up__T_a_exec-set_ho_cross_-both_d_input_-adjust_rsi_ex-level_rsi_sm-wilder_same_b-wait_b_warmup-strict: ok fills=213 (64.9s)
[1664/2869] BANK2_BL-09_half_up__T_a_exec-set_ho_cross_-both_d_input_-raw_rsi_ex-level_rsi_sm-wilder_same_b-wait_b_warmup-strict: ok fills=216 (62.2s)
[1665/2869] BANK2_BL-09_half_up__T_a_exec-set_ho_cross_-today__input_-adjust_rsi_ex-level_rsi_sm-wilder_same_b-wait_b_warmup-strict: ok fills=213 (64.8s)
[1666/2869] BANK2_BL-09_half_up__T_a_exec-calc_s_cross_-both_d_input_-adjust_rsi_ex-level_rsi_sm-wilder_same_b-allowe_warmup-ready_: ok fills=213 (59.6s)
[1667/2869] BANK2_BL-09_half_up__T_a_exec-calc_s_cross_-today__input_-adjust_rsi_ex-level_rsi_sm-wilder_same_b-allowe_warmup-ready_: ok fills=213 (66.0s)
[1668/2869] BANK2_BL-09_half_up__T_a_exec-calc_s_cross_-both_d_input_-raw_rsi_ex-level_rsi_sm-wilder_same_b-allowe_warmup-ready_: ok fills=214 (61.7s)
[1669/2869] BANK2_BL-09_half_up__T_a_exec-calc_s_cross_-today__input_-raw_rsi_ex-level_rsi_sm-wilder_same_b-allowe_warmup-ready_: ok fills=214 (61.6s)
[1670/2869] BANK2_BL-09_half_up__T_a_exec-calc_s_cross_-today__input_-raw_rsi_ex-level_rsi_sm-wilder_same_b-wait_b_warmup-ready_: exit=1 fills=None (11.2s)
[1671/2869] BANK2_BL-09_half_up__T_a_exec-calc_s_cross_-both_d_input_-adjust_rsi_ex-level_rsi_sm-wilder_same_b-wait_b_warmup-ready_: ok fills=209 (61.4s)
[1672/2869] BANK2_BL-09_half_up__T_a_exec-calc_s_cross_-today__input_-adjust_rsi_ex-level_rsi_sm-wilder_same_b-wait_b_warmup-ready_: ok fills=209 (63.2s)
[1673/2869] BANK2_BL-09_half_up__T_a_exec-calc_s_cross_-both_d_input_-raw_rsi_ex-level_rsi_sm-wilder_same_b-wait_b_warmup-ready_: ok fills=212 (63.0s)
[1674/2869] BANK2_BL-09_half_up__T_a_exec-set_ho_cross_-both_d_input_-adjust_rsi_ex-level_rsi_sm-wilder_same_b-allowe_warmup-ready_: ok fills=213 (58.8s)
[1675/2869] BANK2_BL-09_half_up__T_a_exec-set_ho_cross_-both_d_input_-raw_rsi_ex-level_rsi_sm-wilder_same_b-allowe_warmup-ready_: ok fills=214 (58.2s)
[1676/2869] BANK2_BL-09_half_up__T_a_exec-set_ho_cross_-today__input_-adjust_rsi_ex-level_rsi_sm-wilder_same_b-allowe_warmup-ready_: ok fills=213 (60.4s)
[1677/2869] BANK2_BL-09_half_up__T_a_exec-set_ho_cross_-today__input_-raw_rsi_ex-level_rsi_sm-wilder_same_b-allowe_warmup-ready_: ok fills=214 (61.5s)
[1678/2869] BANK2_BL-09_half_up__T_a_exec-set_ho_cross_-both_d_input_-adjust_rsi_ex-level_rsi_sm-wilder_same_b-wait_b_warmup-ready_: ok fills=209 (58.0s)
[1679/2869] BANK2_BL-09_half_up__T_a_exec-set_ho_cross_-today__input_-adjust_rsi_ex-level_rsi_sm-wilder_same_b-wait_b_warmup-ready_: ok fills=209 (63.9s)
[1680/2869] BANK2_BL-09_half_up__T_a_exec-set_ho_cross_-both_d_input_-raw_rsi_ex-level_rsi_sm-wilder_same_b-wait_b_warmup-ready_: ok fills=212 (63.8s)
[1681/2869] BANK2_BL-09_half_up__T_a_exec-set_ho_cross_-today__input_-raw_rsi_ex-level_rsi_sm-wilder_same_b-wait_b_warmup-ready_: ok fills=212 (58.4s)
[1682/2869] BANK2_BL-09_half_up__T_a_exec-calc_s_cross_-both_d_input_-adjust_rsi_ex-cross_rsi_sm-wilder_same_b-allowe_warmup-strict: ok fills=197 (62.9s)
[1683/2869] BANK2_BL-09_half_up__T_a_exec-calc_s_cross_-today__input_-adjust_rsi_ex-cross_rsi_sm-wilder_same_b-allowe_warmup-strict: ok fills=197 (62.9s)
[1684/2869] BANK2_BL-09_half_up__T_a_exec-calc_s_cross_-both_d_input_-raw_rsi_ex-cross_rsi_sm-wilder_same_b-allowe_warmup-strict: ok fills=202 (63.1s)
[1685/2869] BANK2_BL-09_half_up__T_a_exec-calc_s_cross_-today__input_-raw_rsi_ex-cross_rsi_sm-wilder_same_b-allowe_warmup-strict: ok fills=202 (59.8s)
[1686/2869] BANK2_BL-09_half_up__T_a_exec-calc_s_cross_-both_d_input_-adjust_rsi_ex-cross_rsi_sm-wilder_same_b-wait_b_warmup-strict: ok fills=197 (63.1s)
[1687/2869] BANK2_BL-09_half_up__T_a_exec-calc_s_cross_-today__input_-adjust_rsi_ex-cross_rsi_sm-wilder_same_b-wait_b_warmup-strict: ok fills=197 (63.5s)
[1688/2869] BANK2_BL-09_half_up__T_a_exec-calc_s_cross_-both_d_input_-raw_rsi_ex-cross_rsi_sm-wilder_same_b-wait_b_warmup-strict: ok fills=202 (60.3s)
[1689/2869] BANK2_BL-09_half_up__T_a_exec-set_ho_cross_-both_d_input_-adjust_rsi_ex-cross_rsi_sm-wilder_same_b-allowe_warmup-strict: ok fills=197 (60.7s)
[1690/2869] BANK2_BL-09_half_up__T_a_exec-calc_s_cross_-today__input_-raw_rsi_ex-cross_rsi_sm-wilder_same_b-wait_b_warmup-strict: ok fills=202 (62.2s)
[1691/2869] BANK2_BL-09_half_up__T_a_exec-set_ho_cross_-today__input_-adjust_rsi_ex-cross_rsi_sm-wilder_same_b-wait_b_warmup-strict: exit=1 fills=None (10.8s)
[1692/2869] BANK2_BL-09_half_up__T_a_exec-set_ho_cross_-today__input_-adjust_rsi_ex-cross_rsi_sm-wilder_same_b-allowe_warmup-strict: ok fills=197 (62.3s)
[1693/2869] BANK2_BL-09_half_up__T_a_exec-set_ho_cross_-both_d_input_-raw_rsi_ex-cross_rsi_sm-wilder_same_b-allowe_warmup-strict: ok fills=202 (60.0s)
[1694/2869] BANK2_BL-09_half_up__T_a_exec-set_ho_cross_-today__input_-raw_rsi_ex-cross_rsi_sm-wilder_same_b-allowe_warmup-strict: ok fills=202 (61.0s)
[1695/2869] BANK2_BL-09_half_up__T_a_exec-set_ho_cross_-both_d_input_-adjust_rsi_ex-cross_rsi_sm-wilder_same_b-wait_b_warmup-strict: ok fills=197 (62.2s)
[1696/2869] BANK2_BL-09_half_up__T_a_exec-calc_s_cross_-both_d_input_-adjust_rsi_ex-cross_rsi_sm-wilder_same_b-allowe_warmup-ready_: ok fills=193 (61.6s)
[1697/2869] BANK2_BL-09_half_up__T_a_exec-set_ho_cross_-both_d_input_-raw_rsi_ex-cross_rsi_sm-wilder_same_b-wait_b_warmup-strict: ok fills=202 (62.8s)
[1698/2869] BANK2_BL-09_half_up__T_a_exec-calc_s_cross_-today__input_-adjust_rsi_ex-cross_rsi_sm-wilder_same_b-allowe_warmup-ready_: ok fills=193 (59.1s)
[1699/2869] BANK2_BL-09_half_up__T_a_exec-set_ho_cross_-today__input_-raw_rsi_ex-cross_rsi_sm-wilder_same_b-wait_b_warmup-strict: ok fills=202 (63.2s)
[1700/2869] BANK2_BL-09_half_up__T_a_exec-calc_s_cross_-both_d_input_-raw_rsi_ex-cross_rsi_sm-wilder_same_b-allowe_warmup-ready_: ok fills=198 (62.8s)
[1701/2869] BANK2_BL-09_half_up__T_a_exec-calc_s_cross_-today__input_-raw_rsi_ex-cross_rsi_sm-wilder_same_b-allowe_warmup-ready_: ok fills=198 (61.0s)
[1702/2869] BANK2_BL-09_half_up__T_a_exec-calc_s_cross_-both_d_input_-adjust_rsi_ex-cross_rsi_sm-wilder_same_b-wait_b_warmup-ready_: ok fills=193 (61.4s)
[1703/2869] BANK2_BL-09_half_up__T_a_exec-calc_s_cross_-both_d_input_-raw_rsi_ex-cross_rsi_sm-wilder_same_b-wait_b_warmup-ready_: ok fills=198 (63.3s)
[1704/2869] BANK2_BL-09_half_up__T_a_exec-calc_s_cross_-today__input_-adjust_rsi_ex-cross_rsi_sm-wilder_same_b-wait_b_warmup-ready_: ok fills=193 (64.2s)
[1705/2869] BANK2_BL-09_half_up__T_a_exec-set_ho_cross_-both_d_input_-adjust_rsi_ex-cross_rsi_sm-wilder_same_b-allowe_warmup-ready_: ok fills=193 (63.5s)
[1706/2869] BANK2_BL-09_half_up__T_a_exec-calc_s_cross_-today__input_-raw_rsi_ex-cross_rsi_sm-wilder_same_b-wait_b_warmup-ready_: ok fills=198 (63.8s)
[1707/2869] BANK2_BL-09_half_up__T_a_exec-set_ho_cross_-today__input_-adjust_rsi_ex-cross_rsi_sm-wilder_same_b-allowe_warmup-ready_: ok fills=193 (62.8s)
[1708/2869] BANK2_BL-09_half_up__T_a_exec-set_ho_cross_-both_d_input_-raw_rsi_ex-cross_rsi_sm-wilder_same_b-allowe_warmup-ready_: ok fills=198 (64.0s)
[1709/2869] BANK2_BL-09_half_up__T_a_exec-set_ho_cross_-today__input_-raw_rsi_ex-cross_rsi_sm-wilder_same_b-allowe_warmup-ready_: ok fills=198 (62.3s)
[1710/2869] BANK2_BL-09_half_up__T_a_exec-set_ho_cross_-today__input_-adjust_rsi_ex-cross_rsi_sm-wilder_same_b-wait_b_warmup-ready_: ok fills=193 (62.7s)
[1711/2869] BANK2_BL-09_half_up__T_a_exec-set_ho_cross_-both_d_input_-raw_rsi_ex-cross_rsi_sm-wilder_same_b-wait_b_warmup-ready_: ok fills=198 (63.6s)
[1712/2869] BANK2_BL-09_half_up__T_a_exec-set_ho_cross_-both_d_input_-adjust_rsi_ex-cross_rsi_sm-wilder_same_b-wait_b_warmup-ready_: ok fills=193 (64.9s)
[1713/2869] BANK2_BL-09_half_up__T_a_exec-set_ho_cross_-today__input_-raw_rsi_ex-cross_rsi_sm-wilder_same_b-wait_b_warmup-ready_: ok fills=198 (68.0s)
[1714/2869] BANK2_BL-09_half_up__T_a_exec-calc_s_cross_-both_d_input_-adjust_rsi_ex-level_rsi_sm-simple_same_b-allowe_warmup-strict: ok fills=267 (66.6s)
[1715/2869] BANK2_BL-09_half_up__T_a_exec-calc_s_cross_-today__input_-adjust_rsi_ex-level_rsi_sm-simple_same_b-allowe_warmup-strict: ok fills=267 (65.1s)
[1716/2869] BANK2_BL-09_half_up__T_a_exec-calc_s_cross_-both_d_input_-raw_rsi_ex-level_rsi_sm-simple_same_b-allowe_warmup-strict: ok fills=276 (63.8s)
[1717/2869] BANK2_BL-09_half_up__T_a_exec-calc_s_cross_-today__input_-raw_rsi_ex-level_rsi_sm-simple_same_b-allowe_warmup-strict: ok fills=276 (62.2s)
[1718/2869] BANK2_BL-09_half_up__T_a_exec-calc_s_cross_-both_d_input_-adjust_rsi_ex-level_rsi_sm-simple_same_b-wait_b_warmup-strict: ok fills=253 (61.0s)
[1719/2869] BANK2_BL-09_half_up__T_a_exec-calc_s_cross_-today__input_-adjust_rsi_ex-level_rsi_sm-simple_same_b-wait_b_warmup-strict: ok fills=253 (63.0s)
[1720/2869] BANK2_BL-09_half_up__T_a_exec-calc_s_cross_-both_d_input_-raw_rsi_ex-level_rsi_sm-simple_same_b-wait_b_warmup-strict: ok fills=262 (61.5s)
[1721/2869] BANK2_BL-09_half_up__T_a_exec-calc_s_cross_-today__input_-raw_rsi_ex-level_rsi_sm-simple_same_b-wait_b_warmup-strict: ok fills=262 (60.6s)
[1722/2869] BANK2_BL-09_half_up__T_a_exec-set_ho_cross_-both_d_input_-adjust_rsi_ex-level_rsi_sm-simple_same_b-allowe_warmup-strict: ok fills=267 (59.7s)
[1723/2869] BANK2_BL-09_half_up__T_a_exec-set_ho_cross_-today__input_-adjust_rsi_ex-level_rsi_sm-simple_same_b-allowe_warmup-strict: ok fills=267 (60.4s)
[1724/2869] BANK2_BL-09_half_up__T_a_exec-set_ho_cross_-today__input_-raw_rsi_ex-level_rsi_sm-simple_same_b-allowe_warmup-strict: ok fills=276 (56.8s)
[1725/2869] BANK2_BL-09_half_up__T_a_exec-calc_s_cross_-both_d_input_-adjust_rsi_ex-level_rsi_sm-simple_same_b-allowe_warmup-ready_: exit=1 fills=None (12.7s)
[1726/2869] BANK2_BL-09_half_up__T_a_exec-set_ho_cross_-both_d_input_-raw_rsi_ex-level_rsi_sm-simple_same_b-allowe_warmup-strict: ok fills=276 (60.4s)
[1727/2869] BANK2_BL-09_half_up__T_a_exec-set_ho_cross_-both_d_input_-adjust_rsi_ex-level_rsi_sm-simple_same_b-wait_b_warmup-strict: ok fills=253 (59.6s)
[1728/2869] BANK2_BL-09_half_up__T_a_exec-set_ho_cross_-today__input_-adjust_rsi_ex-level_rsi_sm-simple_same_b-wait_b_warmup-strict: ok fills=253 (57.4s)
[1729/2869] BANK2_BL-09_half_up__T_a_exec-set_ho_cross_-both_d_input_-raw_rsi_ex-level_rsi_sm-simple_same_b-wait_b_warmup-strict: ok fills=262 (57.5s)
[1730/2869] BANK2_BL-09_half_up__T_a_exec-set_ho_cross_-today__input_-raw_rsi_ex-level_rsi_sm-simple_same_b-wait_b_warmup-strict: ok fills=262 (63.5s)
[1731/2869] BANK2_BL-09_half_up__T_a_exec-calc_s_cross_-today__input_-adjust_rsi_ex-level_rsi_sm-simple_same_b-allowe_warmup-ready_: ok fills=253 (62.3s)
[1732/2869] BANK2_BL-09_half_up__T_a_exec-calc_s_cross_-both_d_input_-raw_rsi_ex-level_rsi_sm-simple_same_b-allowe_warmup-ready_: ok fills=262 (64.5s)
[1733/2869] BANK2_BL-09_half_up__T_a_exec-calc_s_cross_-today__input_-adjust_rsi_ex-level_rsi_sm-simple_same_b-wait_b_warmup-ready_: ok fills=243 (59.2s)
[1734/2869] BANK2_BL-09_half_up__T_a_exec-calc_s_cross_-both_d_input_-adjust_rsi_ex-level_rsi_sm-simple_same_b-wait_b_warmup-ready_: ok fills=243 (60.2s)
[1735/2869] BANK2_BL-09_half_up__T_a_exec-calc_s_cross_-today__input_-raw_rsi_ex-level_rsi_sm-simple_same_b-allowe_warmup-ready_: ok fills=262 (62.5s)
[1736/2869] BANK2_BL-09_half_up__T_a_exec-calc_s_cross_-both_d_input_-raw_rsi_ex-level_rsi_sm-simple_same_b-wait_b_warmup-ready_: ok fills=252 (60.9s)
[1737/2869] BANK2_BL-09_half_up__T_a_exec-calc_s_cross_-today__input_-raw_rsi_ex-level_rsi_sm-simple_same_b-wait_b_warmup-ready_: ok fills=252 (60.5s)
[1738/2869] BANK2_BL-09_half_up__T_a_exec-set_ho_cross_-both_d_input_-adjust_rsi_ex-level_rsi_sm-simple_same_b-allowe_warmup-ready_: ok fills=253 (63.0s)
[1739/2869] BANK2_BL-09_half_up__T_a_exec-set_ho_cross_-both_d_input_-raw_rsi_ex-level_rsi_sm-simple_same_b-allowe_warmup-ready_: ok fills=262 (61.0s)
[1740/2869] BANK2_BL-09_half_up__T_a_exec-set_ho_cross_-both_d_input_-adjust_rsi_ex-level_rsi_sm-simple_same_b-wait_b_warmup-ready_: ok fills=243 (60.4s)
[1741/2869] BANK2_BL-09_half_up__T_a_exec-set_ho_cross_-today__input_-adjust_rsi_ex-level_rsi_sm-simple_same_b-allowe_warmup-ready_: ok fills=253 (62.5s)
[1742/2869] BANK2_BL-09_half_up__T_a_exec-set_ho_cross_-today__input_-raw_rsi_ex-level_rsi_sm-simple_same_b-allowe_warmup-ready_: ok fills=262 (62.9s)
[1743/2869] BANK2_BL-09_half_up__T_a_exec-set_ho_cross_-today__input_-adjust_rsi_ex-level_rsi_sm-simple_same_b-wait_b_warmup-ready_: ok fills=243 (60.4s)
[1744/2869] BANK2_BL-09_half_up__T_a_exec-set_ho_cross_-both_d_input_-raw_rsi_ex-level_rsi_sm-simple_same_b-wait_b_warmup-ready_: ok fills=252 (63.3s)
[1745/2869] BANK2_BL-09_half_up__T_a_exec-calc_s_cross_-both_d_input_-adjust_rsi_ex-cross_rsi_sm-simple_same_b-allowe_warmup-strict: ok fills=217 (61.9s)
[1746/2869] BANK2_BL-09_half_up__T_a_exec-calc_s_cross_-today__input_-raw_rsi_ex-cross_rsi_sm-simple_same_b-allowe_warmup-strict: ok fills=228 (59.8s)
[1747/2869] BANK2_BL-09_half_up__T_a_exec-calc_s_cross_-today__input_-adjust_rsi_ex-cross_rsi_sm-simple_same_b-allowe_warmup-strict: ok fills=217 (61.6s)
[1748/2869] BANK2_BL-09_half_up__T_a_exec-set_ho_cross_-today__input_-raw_rsi_ex-level_rsi_sm-simple_same_b-wait_b_warmup-ready_: ok fills=252 (62.8s)
[1749/2869] BANK2_BL-09_half_up__T_a_exec-calc_s_cross_-both_d_input_-raw_rsi_ex-cross_rsi_sm-simple_same_b-allowe_warmup-strict: ok fills=228 (61.2s)
[1750/2869] BANK2_BL-09_half_up__T_a_exec-calc_s_cross_-both_d_input_-adjust_rsi_ex-cross_rsi_sm-simple_same_b-wait_b_warmup-strict: ok fills=217 (61.2s)
[1751/2869] BANK2_BL-09_half_up__T_a_exec-calc_s_cross_-today__input_-adjust_rsi_ex-cross_rsi_sm-simple_same_b-wait_b_warmup-strict: ok fills=217 (58.4s)
[1752/2869] BANK2_BL-09_half_up__T_a_exec-calc_s_cross_-both_d_input_-raw_rsi_ex-cross_rsi_sm-simple_same_b-wait_b_warmup-strict: ok fills=228 (58.6s)
[1753/2869] BANK2_BL-09_half_up__T_a_exec-set_ho_cross_-both_d_input_-adjust_rsi_ex-cross_rsi_sm-simple_same_b-allowe_warmup-strict: ok fills=217 (62.1s)
[1754/2869] BANK2_BL-09_half_up__T_a_exec-set_ho_cross_-both_d_input_-raw_rsi_ex-cross_rsi_sm-simple_same_b-allowe_warmup-strict: ok fills=228 (66.6s)
[1755/2869] BANK2_BL-09_half_up__T_a_exec-calc_s_cross_-today__input_-raw_rsi_ex-cross_rsi_sm-simple_same_b-wait_b_warmup-strict: ok fills=228 (69.1s)
[1756/2869] BANK2_BL-09_half_up__T_a_exec-set_ho_cross_-today__input_-adjust_rsi_ex-cross_rsi_sm-simple_same_b-allowe_warmup-strict: ok fills=217 (69.1s)
[1757/2869] BANK2_BL-09_half_up__T_a_exec-set_ho_cross_-today__input_-raw_rsi_ex-cross_rsi_sm-simple_same_b-allowe_warmup-strict: ok fills=228 (67.2s)
[1758/2869] BANK2_BL-09_half_up__T_a_exec-set_ho_cross_-both_d_input_-adjust_rsi_ex-cross_rsi_sm-simple_same_b-wait_b_warmup-strict: ok fills=217 (62.3s)
[1759/2869] BANK2_BL-09_half_up__T_a_exec-set_ho_cross_-today__input_-adjust_rsi_ex-cross_rsi_sm-simple_same_b-wait_b_warmup-strict: ok fills=217 (59.6s)
[1760/2869] BANK2_BL-09_half_up__T_a_exec-set_ho_cross_-today__input_-raw_rsi_ex-level_rsi_sm-wilder_same_b-allowe_warmup-strict: timeout fills=None (906.6s)
[1761/2869] BANK2_BL-09_half_up__T_a_exec-set_ho_cross_-today__input_-raw_rsi_ex-cross_rsi_sm-simple_same_b-wait_b_warmup-strict: ok fills=228 (60.6s)
[1762/2869] BANK2_BL-09_half_up__T_a_exec-set_ho_cross_-both_d_input_-raw_rsi_ex-cross_rsi_sm-simple_same_b-wait_b_warmup-strict: ok fills=228 (67.0s)
[1763/2869] BANK2_BL-09_half_up__T_a_exec-calc_s_cross_-both_d_input_-adjust_rsi_ex-cross_rsi_sm-simple_same_b-allowe_warmup-ready_: ok fills=209 (61.8s)
[1764/2869] BANK2_BL-09_half_up__T_a_exec-calc_s_cross_-both_d_input_-adjust_rsi_ex-cross_rsi_sm-simple_same_b-wait_b_warmup-ready_: exit=1 fills=None (13.3s)
[1765/2869] BANK2_BL-09_half_up__T_a_exec-calc_s_cross_-today__input_-adjust_rsi_ex-cross_rsi_sm-simple_same_b-allowe_warmup-ready_: ok fills=209 (68.7s)
[1766/2869] BANK2_BL-09_half_up__T_a_exec-calc_s_cross_-both_d_input_-raw_rsi_ex-cross_rsi_sm-simple_same_b-allowe_warmup-ready_: ok fills=220 (66.2s)
[1767/2869] BANK2_BL-09_half_up__T_a_exec-calc_s_cross_-today__input_-raw_rsi_ex-cross_rsi_sm-simple_same_b-allowe_warmup-ready_: ok fills=220 (64.9s)
[1768/2869] BANK2_BL-09_half_up__T_a_exec-calc_s_cross_-today__input_-adjust_rsi_ex-cross_rsi_sm-simple_same_b-wait_b_warmup-ready_: ok fills=209 (61.1s)
[1769/2869] BANK2_BL-09_half_up__T_a_exec-calc_s_cross_-both_d_input_-raw_rsi_ex-cross_rsi_sm-simple_same_b-wait_b_warmup-ready_: ok fills=220 (64.5s)
[1770/2869] BANK2_BL-09_half_up__T_a_exec-calc_s_cross_-today__input_-raw_rsi_ex-cross_rsi_sm-simple_same_b-wait_b_warmup-ready_: ok fills=220 (63.1s)
[1771/2869] BANK2_BL-09_half_up__T_a_exec-set_ho_cross_-both_d_input_-adjust_rsi_ex-cross_rsi_sm-simple_same_b-allowe_warmup-ready_: ok fills=209 (61.8s)
[1772/2869] BANK2_BL-09_half_up__T_a_exec-set_ho_cross_-today__input_-adjust_rsi_ex-cross_rsi_sm-simple_same_b-allowe_warmup-ready_: ok fills=209 (66.3s)
[1773/2869] BANK2_BL-09_half_up__T_a_exec-set_ho_cross_-both_d_input_-raw_rsi_ex-cross_rsi_sm-simple_same_b-allowe_warmup-ready_: ok fills=220 (64.7s)
[1774/2869] BANK2_BL-09_half_up__T_a_exec-set_ho_cross_-today__input_-raw_rsi_ex-cross_rsi_sm-simple_same_b-allowe_warmup-ready_: ok fills=220 (64.8s)
[1775/2869] BANK2_BL-09_half_up__T_a_exec-set_ho_cross_-both_d_input_-adjust_rsi_ex-cross_rsi_sm-simple_same_b-wait_b_warmup-ready_: ok fills=209 (63.5s)
[1776/2869] BANK2_BL-09_half_up__T_a_exec-set_ho_cross_-today__input_-adjust_rsi_ex-cross_rsi_sm-simple_same_b-wait_b_warmup-ready_: ok fills=209 (59.4s)
[1777/2869] BANK2_BL-09_half_up__T_a_exec-set_ho_cross_-today__input_-raw_rsi_ex-cross_rsi_sm-simple_same_b-wait_b_warmup-ready_: ok fills=220 (61.6s)
[1778/2869] BANK2_ER-01_R1__ref: ok fills=191 (61.4s)
[1779/2869] BANK2_BL-09_half_up__T_a_exec-set_ho_cross_-both_d_input_-raw_rsi_ex-cross_rsi_sm-simple_same_b-wait_b_warmup-ready_: ok fills=220 (65.1s)
[1780/2869] BANK2_ER-01_R1__T_cross_-both_d_input_-adjust_same_b-wait_b_warmup-strict: ok fills=187 (65.5s)
[1781/2869] BANK2_ER-01_R1__T_cross_-today__input_-adjust_same_b-allowe_warmup-strict: ok fills=190 (63.5s)
[1782/2869] BANK2_ER-01_R1__T_cross_-both_d_input_-adjust_same_b-allowe_warmup-ready_: exit=1 fills=None (9.2s)
[1783/2869] BANK2_ER-01_R1__T_cross_-today__input_-adjust_same_b-wait_b_warmup-strict: ok fills=186 (64.0s)
[1784/2869] BANK2_ER-01_R1__T_cross_-both_d_input_-raw_same_b-allowe_warmup-strict: ok fills=189 (59.0s)
[1785/2869] BANK2_ER-01_R1__T_cross_-both_d_input_-raw_same_b-wait_b_warmup-strict: ok fills=187 (57.2s)
[1786/2869] BANK2_ER-01_R1__T_cross_-today__input_-raw_same_b-allowe_warmup-strict: ok fills=189 (53.6s)
[1787/2869] BANK2_ER-01_R1__T_cross_-today__input_-raw_same_b-wait_b_warmup-strict: ok fills=187 (58.3s)
[1788/2869] BANK2_ER-01_R1__T_cross_-both_d_input_-adjust_same_b-wait_b_warmup-ready_: ok fills=171 (60.1s)
[1789/2869] BANK2_ER-01_R1__T_cross_-today__input_-adjust_same_b-allowe_warmup-ready_: ok fills=174 (59.4s)
[1790/2869] BANK2_ER-01_R1__T_cross_-today__input_-adjust_same_b-wait_b_warmup-ready_: ok fills=170 (64.8s)
[1791/2869] BANK2_ER-01_R1__T_cross_-both_d_input_-raw_same_b-allowe_warmup-ready_: ok fills=173 (58.9s)
[1792/2869] BANK2_ER-01_R1__T_cross_-both_d_input_-raw_same_b-wait_b_warmup-ready_: ok fills=171 (65.4s)
[1793/2869] BANK2_ER-01_R1__T_cross_-today__input_-raw_same_b-allowe_warmup-ready_: ok fills=173 (61.4s)
[1794/2869] BANK2_ER-01_R1__T_cross_-today__input_-raw_same_b-wait_b_warmup-ready_: ok fills=171 (64.8s)
[1795/2869] BANK2_ER-01_R2__T_cross_-today__input_-adjust_same_b-allowe_warmup-strict: exit=1 fills=None (12.3s)
[1796/2869] BANK2_ER-01_R1__OAT_rsi_smoothing-simple: ok fills=241 (61.1s)
[1797/2869] BANK2_ER-01_R1__OAT_rsi_exit-cross: ok fills=171 (63.5s)
[1798/2869] BANK2_ER-01_R1__OAT_a_exec-set_holdings: ok fills=191 (63.6s)
[1799/2869] BANK2_ER-01_R2__T_cross_-both_d_input_-raw_same_b-allowe_warmup-strict: exit=1 fills=None (16.1s)
[1800/2869] BANK2_ER-01_R2__ref: ok fills=193 (65.2s)
[1801/2869] BANK2_ER-01_R1__SPOT_all_excluded_off: ok fills=191 (70.3s)
[1802/2869] BANK2_ER-01_R2__T_cross_-both_d_input_-adjust_same_b-allowe_warmup-ready_: exit=1 fills=None (12.4s)
[1803/2869] BANK2_ER-01_R2__T_cross_-both_d_input_-adjust_same_b-wait_b_warmup-strict: ok fills=185 (63.5s)
[1804/2869] BANK2_ER-01_R2__T_cross_-today__input_-adjust_same_b-wait_b_warmup-strict: ok fills=185 (61.8s)
[1805/2869] BANK2_ER-01_R2__T_cross_-both_d_input_-raw_same_b-wait_b_warmup-strict: ok fills=182 (63.5s)
[1806/2869] BANK2_ER-01_R2__T_cross_-today__input_-raw_same_b-allowe_warmup-strict: ok fills=188 (60.2s)
[1807/2869] BANK2_ER-01_R2__T_cross_-both_d_input_-raw_same_b-wait_b_warmup-ready_: exit=1 fills=None (13.0s)
[1808/2869] BANK2_ER-01_R2__T_cross_-today__input_-raw_same_b-wait_b_warmup-strict: ok fills=183 (58.3s)
[1809/2869] BANK2_ER-01_R2__T_cross_-today__input_-adjust_same_b-wait_b_warmup-ready_: ok fills=169 (61.5s)
[1810/2869] BANK2_ER-01_R2__T_cross_-both_d_input_-adjust_same_b-wait_b_warmup-ready_: ok fills=169 (66.0s)
[1811/2869] BANK2_ER-01_R2__T_cross_-today__input_-adjust_same_b-allowe_warmup-ready_: ok fills=175 (65.6s)
[1812/2869] BANK2_ER-01_R2__T_cross_-both_d_input_-raw_same_b-allowe_warmup-ready_: ok fills=172 (59.2s)
[1813/2869] BANK2_ER-01_R2__T_cross_-today__input_-raw_same_b-allowe_warmup-ready_: ok fills=172 (58.7s)
[1814/2869] BANK2_ER-01_R2__T_cross_-today__input_-raw_same_b-wait_b_warmup-ready_: ok fills=167 (60.0s)
[1815/2869] BANK2_ER-01_R2__OAT_rsi_exit-cross: ok fills=173 (62.5s)
[1816/2869] BANK2_ER-01_R2__OAT_rsi_smoothing-simple: ok fills=243 (63.1s)
[1817/2869] BANK2_ER-01_R2__OAT_a_exec-set_holdings: ok fills=193 (63.4s)
[1818/2869] BANK2_ER-01_R2__SPOT_all_excluded_off: ok fills=193 (63.4s)
[1819/2869] BANK2_ER-01_R3__ref: ok fills=166 (64.2s)
[1820/2869] BANK2_ER-01_R3__T_cross_-both_d_input_-adjust_same_b-wait_b_warmup-strict: ok fills=162 (63.6s)
[1821/2869] BANK2_ER-01_R3__T_cross_-today__input_-adjust_same_b-allowe_warmup-strict: ok fills=166 (62.5s)
[1822/2869] BANK2_ER-01_R3__T_cross_-today__input_-adjust_same_b-wait_b_warmup-strict: ok fills=162 (62.9s)
[1823/2869] BANK2_ER-01_R3__T_cross_-both_d_input_-raw_same_b-wait_b_warmup-strict: ok fills=154 (60.8s)
[1824/2869] BANK2_ER-01_R3__T_cross_-both_d_input_-raw_same_b-allowe_warmup-strict: ok fills=156 (63.7s)
[1825/2869] BANK2_ER-01_R3__T_cross_-today__input_-raw_same_b-allowe_warmup-strict: ok fills=156 (64.7s)
[1826/2869] BANK2_ER-01_R3__T_cross_-today__input_-raw_same_b-wait_b_warmup-strict: ok fills=154 (63.8s)
[1827/2869] BANK2_ER-01_R3__T_cross_-both_d_input_-adjust_same_b-allowe_warmup-ready_: ok fills=152 (63.4s)
[1828/2869] BANK2_ER-01_R3__T_cross_-both_d_input_-adjust_same_b-wait_b_warmup-ready_: ok fills=148 (63.6s)
[1829/2869] BANK2_ER-01_R3__T_cross_-today__input_-adjust_same_b-allowe_warmup-ready_: ok fills=152 (64.7s)
[1830/2869] BANK2_ER-01_R3__T_cross_-today__input_-adjust_same_b-wait_b_warmup-ready_: ok fills=148 (63.7s)
[1831/2869] BANK2_ER-01_R3__T_cross_-both_d_input_-raw_same_b-wait_b_warmup-ready_: ok fills=140 (61.8s)
[1832/2869] BANK2_ER-01_R3__T_cross_-both_d_input_-raw_same_b-allowe_warmup-ready_: ok fills=142 (64.8s)
[1833/2869] BANK2_ER-01_R3__OAT_a_exec-set_holdings: exit=1 fills=None (13.4s)
[1834/2869] BANK2_ER-01_R3__T_cross_-today__input_-raw_same_b-wait_b_warmup-ready_: ok fills=140 (61.6s)
[1835/2869] BANK2_ER-01_R3__T_cross_-today__input_-raw_same_b-allowe_warmup-ready_: ok fills=142 (65.0s)
[1836/2869] BANK2_ER-01_R3__OAT_rsi_smoothing-simple: ok fills=216 (65.5s)
[1837/2869] BANK2_ER-01_R3__OAT_rsi_exit-cross: ok fills=146 (68.7s)
[1838/2869] BANK2_ER-01_R4__T_cross_-today__input_-adjust_same_b-allowe_warmup-strict: ok fills=166 (62.1s)
[1839/2869] BANK2_ER-01_R4__ref: ok fills=166 (63.3s)
[1840/2869] BANK2_ER-01_R4__T_cross_-both_d_input_-adjust_same_b-wait_b_warmup-strict: ok fills=162 (63.3s)
[1841/2869] BANK2_ER-01_R3__SPOT_all_excluded_off: ok fills=166 (66.7s)
[1842/2869] BANK2_ER-01_R4__T_cross_-today__input_-adjust_same_b-wait_b_warmup-strict: ok fills=162 (62.1s)
[1843/2869] BANK2_ER-01_R4__T_cross_-both_d_input_-raw_same_b-allowe_warmup-strict: ok fills=156 (61.5s)
[1844/2869] BANK2_ER-01_R4__T_cross_-both_d_input_-raw_same_b-wait_b_warmup-strict: ok fills=154 (60.4s)
[1845/2869] BANK2_ER-01_R4__T_cross_-today__input_-raw_same_b-allowe_warmup-strict: ok fills=156 (65.9s)
[1846/2869] BANK2_ER-01_R4__T_cross_-today__input_-raw_same_b-wait_b_warmup-strict: ok fills=154 (59.9s)
[1847/2869] BANK2_ER-01_R4__T_cross_-both_d_input_-adjust_same_b-allowe_warmup-ready_: ok fills=152 (60.7s)
[1848/2869] BANK2_ER-01_R4__T_cross_-today__input_-adjust_same_b-allowe_warmup-ready_: ok fills=152 (61.3s)
[1849/2869] BANK2_ER-01_R4__T_cross_-both_d_input_-adjust_same_b-wait_b_warmup-ready_: ok fills=148 (62.7s)
[1850/2869] BANK2_ER-01_R4__T_cross_-today__input_-adjust_same_b-wait_b_warmup-ready_: ok fills=148 (62.6s)
[1851/2869] BANK2_ER-01_R4__T_cross_-both_d_input_-raw_same_b-wait_b_warmup-ready_: ok fills=140 (58.5s)
[1852/2869] BANK2_ER-01_R4__T_cross_-both_d_input_-raw_same_b-allowe_warmup-ready_: ok fills=142 (61.2s)
[1853/2869] BANK2_ER-01_R4__T_cross_-today__input_-raw_same_b-allowe_warmup-ready_: ok fills=142 (61.6s)
[1854/2869] BANK2_ER-01_R4__T_cross_-today__input_-raw_same_b-wait_b_warmup-ready_: ok fills=140 (62.9s)
[1855/2869] BANK2_ER-01_R4__OAT_rsi_smoothing-simple: ok fills=216 (62.9s)
[1856/2869] BANK2_ER-01_R4__OAT_a_exec-set_holdings: ok fills=166 (64.1s)
[1857/2869] BANK2_ER-01_R4__OAT_rsi_exit-cross: ok fills=146 (66.8s)
[1858/2869] BANK2_ER-01_R4__SPOT_all_excluded_off: ok fills=166 (63.9s)
[1859/2869] BANK2_ER-01_R5__T_cross_-both_d_input_-adjust_same_b-wait_b_warmup-strict: ok fills=187 (64.0s)
[1860/2869] BANK2_ER-01_R5__ref: ok fills=193 (64.5s)
[1861/2869] BANK2_ER-01_R5__T_cross_-today__input_-adjust_same_b-allowe_warmup-strict: ok fills=193 (58.9s)
[1862/2869] BANK2_ER-01_R5__T_cross_-today__input_-adjust_same_b-wait_b_warmup-strict: ok fills=187 (59.9s)
[1863/2869] BANK2_ER-01_R5__T_cross_-both_d_input_-raw_same_b-allowe_warmup-strict: ok fills=191 (62.2s)
[1864/2869] BANK2_ER-01_R5__T_cross_-both_d_input_-raw_same_b-wait_b_warmup-strict: ok fills=187 (60.9s)
[1865/2869] BANK2_ER-01_R5__T_cross_-today__input_-raw_same_b-allowe_warmup-strict: ok fills=191 (63.8s)
[1866/2869] BANK2_ER-01_R5__T_cross_-today__input_-adjust_same_b-wait_b_warmup-ready_: exit=1 fills=None (11.2s)
[1867/2869] BANK2_ER-01_R5__T_cross_-today__input_-raw_same_b-wait_b_warmup-strict: ok fills=187 (64.5s)
[1868/2869] BANK2_ER-01_R5__T_cross_-both_d_input_-adjust_same_b-allowe_warmup-ready_: ok fills=175 (64.0s)
[1869/2869] BANK2_ER-01_R5__T_cross_-both_d_input_-adjust_same_b-wait_b_warmup-ready_: ok fills=171 (65.2s)
[1870/2869] BANK2_ER-01_R5__T_cross_-today__input_-adjust_same_b-allowe_warmup-ready_: ok fills=175 (61.9s)
[1871/2869] BANK2_ER-01_R5__T_cross_-both_d_input_-raw_same_b-allowe_warmup-ready_: ok fills=175 (58.3s)
[1872/2869] BANK2_ER-01_R5__T_cross_-both_d_input_-raw_same_b-wait_b_warmup-ready_: ok fills=171 (58.3s)
[1873/2869] BANK2_ER-01_R5__T_cross_-today__input_-raw_same_b-allowe_warmup-ready_: ok fills=175 (59.1s)
[1874/2869] BANK2_ER-01_R5__T_cross_-today__input_-raw_same_b-wait_b_warmup-ready_: ok fills=171 (59.7s)
[1875/2869] BANK2_ER-01_R5__OAT_rsi_exit-cross: ok fills=173 (61.4s)
[1876/2869] BANK2_ER-01_R5__OAT_a_exec-set_holdings: ok fills=193 (61.2s)
[1877/2869] BANK2_ER-01_R5__OAT_rsi_smoothing-simple: ok fills=243 (64.0s)
[1878/2869] BANK2_ER-01_R5__SPOT_all_excluded_off: ok fills=193 (59.7s)
[1879/2869] BANK2_ER-01_R6__ref: ok fills=172 (61.1s)
[1880/2869] BANK2_ER-01_R6__T_cross_-both_d_input_-adjust_same_b-wait_b_warmup-strict: ok fills=168 (63.4s)
[1881/2869] BANK2_ER-01_R6__T_cross_-today__input_-adjust_same_b-allowe_warmup-strict: ok fills=172 (64.1s)
[1882/2869] BANK2_ER-01_R6__T_cross_-today__input_-adjust_same_b-wait_b_warmup-strict: ok fills=168 (65.3s)
[1883/2869] BANK2_ER-01_R6__T_cross_-both_d_input_-raw_same_b-allowe_warmup-strict: ok fills=164 (60.8s)
[1884/2869] BANK2_ER-01_R6__T_cross_-both_d_input_-raw_same_b-wait_b_warmup-strict: ok fills=162 (64.3s)
[1885/2869] BANK2_ER-01_R6__T_cross_-today__input_-raw_same_b-allowe_warmup-strict: ok fills=164 (65.3s)
[1886/2869] BANK2_ER-01_R6__T_cross_-today__input_-raw_same_b-wait_b_warmup-strict: ok fills=162 (62.3s)
[1887/2869] BANK2_ER-01_R6__T_cross_-today__input_-raw_same_b-allowe_warmup-ready_: exit=1 fills=None (11.3s)
[1888/2869] BANK2_ER-01_R6__T_cross_-both_d_input_-raw_same_b-wait_b_warmup-ready_: exit=1 fills=None (13.9s)
[1889/2869] BANK2_ER-01_R6__T_cross_-both_d_input_-adjust_same_b-allowe_warmup-ready_: ok fills=158 (58.8s)
[1890/2869] BANK2_ER-01_R6__T_cross_-both_d_input_-adjust_same_b-wait_b_warmup-ready_: ok fills=154 (61.5s)
[1891/2869] BANK2_ER-01_R6__T_cross_-today__input_-adjust_same_b-allowe_warmup-ready_: ok fills=158 (61.4s)
[1892/2869] BANK2_ER-01_R6__T_cross_-today__input_-adjust_same_b-wait_b_warmup-ready_: ok fills=154 (63.8s)
[1893/2869] BANK2_ER-01_R6__T_cross_-both_d_input_-raw_same_b-allowe_warmup-ready_: ok fills=148 (62.3s)
[1894/2869] BANK2_ER-01_R6__OAT_rsi_exit-cross: ok fills=152 (63.2s)
[1895/2869] BANK2_ER-01_R6__T_cross_-today__input_-raw_same_b-wait_b_warmup-ready_: ok fills=146 (64.2s)
[1896/2869] BANK2_ER-01_R6__OAT_rsi_smoothing-simple: ok fills=222 (64.3s)
[1897/2869] BANK2_ER-01_R6__OAT_a_exec-set_holdings: ok fills=172 (63.8s)
[1898/2869] BANK2_ER-01_R6__SPOT_all_excluded_off: ok fills=172 (62.3s)
[1899/2869] BANK2_OM-B_private__ref: ok fills=270 (61.0s)
[1900/2869] BANK2_OM-B_private__T_cross_-both_d_input_-adjust_rsi_ex-level_rsi_sm-wilder_same_b-allowe_warmup-ready_: ok fills=266 (65.0s)
[1901/2869] BANK2_OM-B_private__T_cross_-both_d_input_-adjust_rsi_ex-level_rsi_sm-wilder_same_b-wait_b_warmup-strict: ok fills=266 (64.8s)
[1902/2869] BANK2_OM-B_private__T_cross_-both_d_input_-adjust_rsi_ex-level_rsi_sm-wilder_same_b-wait_b_warmup-ready_: ok fills=262 (63.7s)
[1903/2869] BANK2_OM-B_private__T_cross_-both_d_input_-adjust_rsi_ex-level_rsi_sm-simple_same_b-allowe_warmup-strict: ok fills=320 (64.5s)
[1904/2869] BANK2_OM-B_private__T_cross_-both_d_input_-adjust_rsi_ex-level_rsi_sm-simple_same_b-allowe_warmup-ready_: ok fills=306 (64.4s)
[1905/2869] BANK2_OM-B_private__T_cross_-both_d_input_-adjust_rsi_ex-level_rsi_sm-simple_same_b-wait_b_warmup-strict: ok fills=306 (62.3s)
[1906/2869] BANK2_OM-B_private__T_cross_-both_d_input_-adjust_rsi_ex-level_rsi_sm-simple_same_b-wait_b_warmup-ready_: ok fills=296 (61.0s)
[1907/2869] BANK2_OM-B_private__T_cross_-both_d_input_-adjust_rsi_ex-cross_rsi_sm-wilder_same_b-allowe_warmup-strict: ok fills=250 (61.5s)
[1908/2869] BANK2_OM-B_private__T_cross_-both_d_input_-adjust_rsi_ex-cross_rsi_sm-wilder_same_b-allowe_warmup-ready_: ok fills=246 (62.6s)
[1909/2869] BANK2_OM-B_private__T_cross_-both_d_input_-adjust_rsi_ex-cross_rsi_sm-wilder_same_b-wait_b_warmup-strict: ok fills=250 (64.8s)
[1910/2869] BANK2_OM-B_private__T_cross_-both_d_input_-adjust_rsi_ex-cross_rsi_sm-simple_same_b-allowe_warmup-strict: ok fills=270 (64.5s)
[1911/2869] BANK2_OM-B_private__T_cross_-both_d_input_-adjust_rsi_ex-cross_rsi_sm-simple_same_b-allowe_warmup-ready_: ok fills=262 (64.7s)
[1912/2869] BANK2_OM-B_private__T_cross_-both_d_input_-adjust_rsi_ex-cross_rsi_sm-wilder_same_b-wait_b_warmup-ready_: ok fills=246 (66.2s)
[1913/2869] BANK2_OM-B_private__T_cross_-both_d_input_-adjust_rsi_ex-cross_rsi_sm-simple_same_b-wait_b_warmup-strict: ok fills=270 (63.6s)
[1914/2869] BANK2_OM-B_private__T_cross_-both_d_input_-raw_rsi_ex-level_rsi_sm-wilder_same_b-wait_b_warmup-ready_: exit=1 fills=None (12.2s)
[1915/2869] BANK2_OM-B_private__T_cross_-both_d_input_-adjust_rsi_ex-cross_rsi_sm-simple_same_b-wait_b_warmup-ready_: ok fills=262 (64.2s)
[1916/2869] BANK2_OM-B_private__T_cross_-both_d_input_-raw_rsi_ex-level_rsi_sm-wilder_same_b-allowe_warmup-strict: ok fills=280 (62.8s)
[1917/2869] BANK2_OM-B_private__T_cross_-both_d_input_-raw_rsi_ex-level_rsi_sm-wilder_same_b-allowe_warmup-ready_: ok fills=276 (63.8s)
[1918/2869] BANK2_OM-B_private__T_cross_-both_d_input_-raw_rsi_ex-level_rsi_sm-wilder_same_b-wait_b_warmup-strict: ok fills=278 (64.4s)
[1919/2869] BANK2_OM-B_private__T_cross_-both_d_input_-raw_rsi_ex-level_rsi_sm-simple_same_b-allowe_warmup-strict: ok fills=338 (61.7s)
[1920/2869] BANK2_OM-B_private__T_cross_-both_d_input_-raw_rsi_ex-level_rsi_sm-simple_same_b-allowe_warmup-ready_: ok fills=324 (63.7s)
[1921/2869] BANK2_OM-B_private__T_cross_-both_d_input_-raw_rsi_ex-level_rsi_sm-simple_same_b-wait_b_warmup-ready_: ok fills=314 (59.9s)
[1922/2869] BANK2_OM-B_private__T_cross_-both_d_input_-raw_rsi_ex-level_rsi_sm-simple_same_b-wait_b_warmup-strict: ok fills=324 (62.3s)
[1923/2869] BANK2_OM-B_private__T_cross_-both_d_input_-raw_rsi_ex-cross_rsi_sm-wilder_same_b-allowe_warmup-strict: ok fills=264 (62.8s)
[1924/2869] BANK2_OM-B_private__T_cross_-both_d_input_-raw_rsi_ex-cross_rsi_sm-wilder_same_b-allowe_warmup-ready_: ok fills=260 (62.2s)
[1925/2869] BANK2_OM-B_private__T_cross_-both_d_input_-raw_rsi_ex-cross_rsi_sm-wilder_same_b-wait_b_warmup-strict: ok fills=264 (60.7s)
[1926/2869] BANK2_OM-B_private__T_cross_-both_d_input_-raw_rsi_ex-cross_rsi_sm-wilder_same_b-wait_b_warmup-ready_: ok fills=260 (64.4s)
[1927/2869] BANK2_OM-B_private__T_cross_-both_d_input_-raw_rsi_ex-cross_rsi_sm-simple_same_b-allowe_warmup-strict: ok fills=290 (63.8s)
[1928/2869] BANK2_OM-B_private__T_cross_-both_d_input_-raw_rsi_ex-cross_rsi_sm-simple_same_b-allowe_warmup-ready_: ok fills=282 (63.6s)
[1929/2869] BANK2_OM-B_private__T_cross_-both_d_input_-raw_rsi_ex-cross_rsi_sm-simple_same_b-wait_b_warmup-strict: ok fills=290 (66.0s)
[1930/2869] BANK2_OM-B_private__T_cross_-both_d_input_-raw_rsi_ex-cross_rsi_sm-simple_same_b-wait_b_warmup-ready_: ok fills=282 (66.8s)
[1931/2869] BANK2_OM-B_private__T_cross_-today__input_-adjust_rsi_ex-level_rsi_sm-wilder_same_b-allowe_warmup-strict: ok fills=266 (63.4s)
[1932/2869] BANK2_OM-B_private__T_cross_-today__input_-adjust_rsi_ex-level_rsi_sm-wilder_same_b-allowe_warmup-ready_: ok fills=262 (63.6s)
[1933/2869] BANK2_OM-B_private__T_cross_-today__input_-adjust_rsi_ex-level_rsi_sm-wilder_same_b-wait_b_warmup-strict: ok fills=262 (61.7s)
[1934/2869] BANK2_OM-B_private__T_cross_-today__input_-adjust_rsi_ex-cross_rsi_sm-wilder_same_b-allowe_warmup-strict: exit=1 fills=None (11.6s)
[1935/2869] BANK2_OM-B_private__T_cross_-today__input_-adjust_rsi_ex-level_rsi_sm-wilder_same_b-wait_b_warmup-ready_: ok fills=258 (60.7s)
[1936/2869] BANK2_OM-B_private__T_cross_-today__input_-adjust_rsi_ex-level_rsi_sm-simple_same_b-allowe_warmup-ready_: ok fills=302 (61.7s)
[1937/2869] BANK2_OM-B_private__T_cross_-today__input_-adjust_rsi_ex-level_rsi_sm-simple_same_b-allowe_warmup-strict: ok fills=316 (63.8s)
[1938/2869] BANK2_OM-B_private__T_cross_-today__input_-adjust_rsi_ex-level_rsi_sm-simple_same_b-wait_b_warmup-strict: ok fills=302 (63.3s)
[1939/2869] BANK2_OM-B_private__T_cross_-today__input_-adjust_rsi_ex-cross_rsi_sm-simple_same_b-wait_b_warmup-strict: exit=1 fills=None (11.5s)
[1940/2869] BANK2_OM-B_private__T_cross_-today__input_-adjust_rsi_ex-cross_rsi_sm-simple_same_b-allowe_warmup-ready_: exit=1 fills=None (12.8s)
[1941/2869] BANK2_OM-B_private__T_cross_-today__input_-adjust_rsi_ex-level_rsi_sm-simple_same_b-wait_b_warmup-ready_: ok fills=292 (63.3s)
[1942/2869] BANK2_OM-B_private__T_cross_-today__input_-adjust_rsi_ex-cross_rsi_sm-wilder_same_b-allowe_warmup-ready_: ok fills=242 (65.0s)
[1943/2869] BANK2_OM-B_private__T_cross_-today__input_-adjust_rsi_ex-cross_rsi_sm-wilder_same_b-wait_b_warmup-strict: ok fills=246 (63.9s)
[1944/2869] BANK2_OM-B_private__T_cross_-today__input_-adjust_rsi_ex-cross_rsi_sm-wilder_same_b-wait_b_warmup-ready_: ok fills=242 (64.4s)
[1945/2869] BANK2_OM-B_private__T_cross_-today__input_-adjust_rsi_ex-cross_rsi_sm-simple_same_b-allowe_warmup-strict: ok fills=266 (62.5s)
[1946/2869] BANK2_OM-B_private__T_cross_-today__input_-raw_rsi_ex-level_rsi_sm-wilder_same_b-allowe_warmup-strict: ok fills=278 (59.2s)
[1947/2869] BANK2_OM-B_private__T_cross_-today__input_-adjust_rsi_ex-cross_rsi_sm-simple_same_b-wait_b_warmup-ready_: ok fills=258 (63.6s)
[1948/2869] BANK2_OM-B_private__T_cross_-today__input_-raw_rsi_ex-level_rsi_sm-wilder_same_b-allowe_warmup-ready_: ok fills=274 (65.6s)
[1949/2869] BANK2_OM-B_private__T_cross_-today__input_-raw_rsi_ex-level_rsi_sm-wilder_same_b-wait_b_warmup-strict: ok fills=276 (63.8s)
[1950/2869] BANK2_OM-B_private__T_cross_-today__input_-raw_rsi_ex-level_rsi_sm-wilder_same_b-wait_b_warmup-ready_: ok fills=272 (64.0s)
[1951/2869] BANK2_OM-B_private__T_cross_-today__input_-raw_rsi_ex-level_rsi_sm-simple_same_b-allowe_warmup-strict: ok fills=336 (66.1s)
[1952/2869] BANK2_OM-B_private__T_cross_-today__input_-raw_rsi_ex-level_rsi_sm-simple_same_b-allowe_warmup-ready_: ok fills=322 (65.1s)
[1953/2869] BANK2_OM-B_private__T_cross_-today__input_-raw_rsi_ex-level_rsi_sm-simple_same_b-wait_b_warmup-strict: ok fills=322 (62.8s)
[1954/2869] BANK2_OM-B_private__T_cross_-today__input_-raw_rsi_ex-level_rsi_sm-simple_same_b-wait_b_warmup-ready_: ok fills=312 (63.2s)
[1955/2869] BANK2_OM-B_private__T_cross_-today__input_-raw_rsi_ex-cross_rsi_sm-wilder_same_b-allowe_warmup-strict: ok fills=262 (63.1s)
[1956/2869] BANK2_OM-B_private__T_cross_-today__input_-raw_rsi_ex-cross_rsi_sm-wilder_same_b-allowe_warmup-ready_: ok fills=258 (64.1s)
[1957/2869] BANK2_OM-B_private__T_cross_-today__input_-raw_rsi_ex-cross_rsi_sm-wilder_same_b-wait_b_warmup-strict: ok fills=262 (64.8s)
[1958/2869] BANK2_OM-B_private__T_cross_-today__input_-raw_rsi_ex-cross_rsi_sm-wilder_same_b-wait_b_warmup-ready_: ok fills=258 (61.7s)
[1959/2869] BANK2_OM-B_private__T_cross_-today__input_-raw_rsi_ex-cross_rsi_sm-simple_same_b-allowe_warmup-ready_: ok fills=280 (62.6s)
[1960/2869] BANK2_OM-B_private__T_cross_-today__input_-raw_rsi_ex-cross_rsi_sm-simple_same_b-allowe_warmup-strict: ok fills=288 (65.9s)
[1961/2869] BANK2_OM-B_invested_gate__T_cross_-both_d_input_-adjust_rsi_ex-level_rsi_sm-wilder_same_b-allowe_warmup-ready_: exit=1 fills=None (12.4s)
[1962/2869] BANK2_OM-B_private__T_cross_-today__input_-raw_rsi_ex-cross_rsi_sm-simple_same_b-wait_b_warmup-strict: ok fills=288 (60.8s)
[1963/2869] BANK2_OM-B_private__T_cross_-today__input_-raw_rsi_ex-cross_rsi_sm-simple_same_b-wait_b_warmup-ready_: ok fills=280 (60.4s)
[1964/2869] BANK2_OM-B_private__SPOT_all_excluded_off: ok fills=270 (59.2s)
[1965/2869] BANK2_OM-B_private__OAT_a_exec-set_holdings: ok fills=270 (64.5s)
[1966/2869] BANK2_OM-B_invested_gate__ref: ok fills=266 (61.7s)
[1967/2869] BANK2_OM-B_invested_gate__T_cross_-both_d_input_-adjust_rsi_ex-level_rsi_sm-wilder_same_b-wait_b_warmup-strict: ok fills=266 (59.5s)
[1968/2869] BANK2_OM-B_invested_gate__T_cross_-both_d_input_-adjust_rsi_ex-level_rsi_sm-simple_same_b-wait_b_warmup-ready_: exit=1 fills=None (15.0s)
[1969/2869] BANK2_OM-B_invested_gate__T_cross_-both_d_input_-adjust_rsi_ex-cross_rsi_sm-wilder_same_b-allowe_warmup-strict: exit=1 fills=None (14.2s)
[1970/2869] BANK2_OM-B_invested_gate__T_cross_-both_d_input_-adjust_rsi_ex-level_rsi_sm-wilder_same_b-wait_b_warmup-ready_: ok fills=262 (59.8s)
[1971/2869] BANK2_OM-B_invested_gate__T_cross_-both_d_input_-adjust_rsi_ex-level_rsi_sm-simple_same_b-allowe_warmup-strict: ok fills=306 (60.3s)
[1972/2869] BANK2_OM-B_invested_gate__T_cross_-both_d_input_-adjust_rsi_ex-level_rsi_sm-simple_same_b-allowe_warmup-ready_: ok fills=296 (62.2s)
[1973/2869] BANK2_OM-B_invested_gate__T_cross_-both_d_input_-adjust_rsi_ex-level_rsi_sm-simple_same_b-wait_b_warmup-strict: ok fills=306 (64.6s)
[1974/2869] BANK2_OM-B_invested_gate__T_cross_-both_d_input_-adjust_rsi_ex-cross_rsi_sm-wilder_same_b-allowe_warmup-ready_: ok fills=246 (56.8s)
[1975/2869] BANK2_OM-B_invested_gate__T_cross_-both_d_input_-adjust_rsi_ex-cross_rsi_sm-wilder_same_b-wait_b_warmup-ready_: ok fills=246 (57.4s)
[1976/2869] BANK2_OM-B_invested_gate__T_cross_-both_d_input_-adjust_rsi_ex-cross_rsi_sm-simple_same_b-allowe_warmup-ready_: ok fills=262 (56.6s)
[1977/2869] BANK2_OM-B_invested_gate__T_cross_-both_d_input_-adjust_rsi_ex-cross_rsi_sm-simple_same_b-allowe_warmup-strict: ok fills=270 (60.8s)
[1978/2869] BANK2_OM-B_invested_gate__T_cross_-both_d_input_-raw_rsi_ex-level_rsi_sm-wilder_same_b-allowe_warmup-ready_: exit=1 fills=None (16.9s)
[1979/2869] BANK2_OM-B_invested_gate__T_cross_-both_d_input_-adjust_rsi_ex-cross_rsi_sm-wilder_same_b-wait_b_warmup-strict: ok fills=250 (64.2s)
[1980/2869] BANK2_OM-B_invested_gate__T_cross_-both_d_input_-adjust_rsi_ex-cross_rsi_sm-simple_same_b-wait_b_warmup-strict: ok fills=270 (60.7s)
[1981/2869] BANK2_OM-B_invested_gate__T_cross_-both_d_input_-adjust_rsi_ex-cross_rsi_sm-simple_same_b-wait_b_warmup-ready_: ok fills=262 (62.6s)
[1982/2869] BANK2_OM-B_invested_gate__T_cross_-both_d_input_-raw_rsi_ex-level_rsi_sm-wilder_same_b-allowe_warmup-strict: ok fills=278 (61.6s)
[1983/2869] BANK2_OM-B_invested_gate__T_cross_-both_d_input_-raw_rsi_ex-level_rsi_sm-wilder_same_b-wait_b_warmup-strict: ok fills=278 (58.0s)
[1984/2869] BANK2_OM-B_invested_gate__T_cross_-both_d_input_-raw_rsi_ex-level_rsi_sm-wilder_same_b-wait_b_warmup-ready_: ok fills=274 (58.2s)
[1985/2869] BANK2_OM-B_invested_gate__T_cross_-both_d_input_-raw_rsi_ex-level_rsi_sm-simple_same_b-allowe_warmup-ready_: ok fills=314 (58.2s)
[1986/2869] BANK2_OM-B_invested_gate__T_cross_-both_d_input_-raw_rsi_ex-level_rsi_sm-simple_same_b-allowe_warmup-strict: ok fills=324 (60.8s)
[1987/2869] BANK2_OM-B_invested_gate__T_cross_-both_d_input_-raw_rsi_ex-level_rsi_sm-simple_same_b-wait_b_warmup-ready_: ok fills=314 (62.4s)
[1988/2869] BANK2_OM-B_invested_gate__T_cross_-both_d_input_-raw_rsi_ex-level_rsi_sm-simple_same_b-wait_b_warmup-strict: ok fills=324 (66.8s)
[1989/2869] BANK2_OM-B_invested_gate__T_cross_-both_d_input_-raw_rsi_ex-cross_rsi_sm-wilder_same_b-allowe_warmup-strict: ok fills=264 (63.0s)
[1990/2869] BANK2_OM-B_invested_gate__T_cross_-both_d_input_-raw_rsi_ex-cross_rsi_sm-simple_same_b-wait_b_warmup-strict: exit=1 fills=None (12.6s)
[1991/2869] BANK2_OM-B_invested_gate__T_cross_-both_d_input_-raw_rsi_ex-cross_rsi_sm-wilder_same_b-allowe_warmup-ready_: ok fills=260 (64.5s)
[1992/2869] BANK2_OM-B_invested_gate__T_cross_-both_d_input_-raw_rsi_ex-cross_rsi_sm-simple_same_b-allowe_warmup-strict: ok fills=290 (59.7s)
[1993/2869] BANK2_OM-B_invested_gate__T_cross_-today__input_-adjust_rsi_ex-level_rsi_sm-wilder_same_b-wait_b_warmup-strict: exit=1 fills=None (12.1s)
[1994/2869] BANK2_OM-B_invested_gate__T_cross_-both_d_input_-raw_rsi_ex-cross_rsi_sm-wilder_same_b-wait_b_warmup-strict: ok fills=264 (65.2s)
[1995/2869] BANK2_OM-B_invested_gate__T_cross_-both_d_input_-raw_rsi_ex-cross_rsi_sm-simple_same_b-allowe_warmup-ready_: ok fills=282 (59.0s)
[1996/2869] BANK2_OM-B_invested_gate__T_cross_-both_d_input_-raw_rsi_ex-cross_rsi_sm-wilder_same_b-wait_b_warmup-ready_: ok fills=260 (66.1s)
[1997/2869] BANK2_OM-B_invested_gate__T_cross_-both_d_input_-raw_rsi_ex-cross_rsi_sm-simple_same_b-wait_b_warmup-ready_: ok fills=282 (63.2s)
[1998/2869] BANK2_OM-B_invested_gate__T_cross_-today__input_-adjust_rsi_ex-level_rsi_sm-simple_same_b-allowe_warmup-ready_: exit=1 fills=None (13.5s)
[1999/2869] BANK2_OM-B_invested_gate__T_cross_-today__input_-adjust_rsi_ex-level_rsi_sm-wilder_same_b-allowe_warmup-strict: ok fills=262 (61.7s)
[2000/2869] BANK2_OM-B_invested_gate__T_cross_-today__input_-adjust_rsi_ex-level_rsi_sm-wilder_same_b-allowe_warmup-ready_: ok fills=258 (64.5s)
[2001/2869] BANK2_OM-B_invested_gate__T_cross_-today__input_-adjust_rsi_ex-level_rsi_sm-simple_same_b-wait_b_warmup-strict: ok fills=302 (59.7s)
[2002/2869] BANK2_OM-B_invested_gate__T_cross_-today__input_-adjust_rsi_ex-level_rsi_sm-wilder_same_b-wait_b_warmup-ready_: ok fills=258 (61.4s)
[2003/2869] BANK2_OM-B_invested_gate__T_cross_-today__input_-adjust_rsi_ex-level_rsi_sm-simple_same_b-allowe_warmup-strict: ok fills=302 (62.7s)
[2004/2869] BANK2_OM-B_invested_gate__T_cross_-today__input_-adjust_rsi_ex-level_rsi_sm-simple_same_b-wait_b_warmup-ready_: ok fills=292 (59.1s)
[2005/2869] BANK2_OM-B_invested_gate__T_cross_-today__input_-adjust_rsi_ex-cross_rsi_sm-wilder_same_b-allowe_warmup-ready_: ok fills=242 (59.7s)
[2006/2869] BANK2_OM-B_invested_gate__T_cross_-today__input_-adjust_rsi_ex-cross_rsi_sm-wilder_same_b-allowe_warmup-strict: ok fills=246 (64.5s)
[2007/2869] BANK2_OM-B_invested_gate__T_cross_-today__input_-adjust_rsi_ex-cross_rsi_sm-simple_same_b-allowe_warmup-ready_: exit=1 fills=None (19.0s)
[2008/2869] BANK2_OM-B_invested_gate__T_cross_-today__input_-adjust_rsi_ex-cross_rsi_sm-wilder_same_b-wait_b_warmup-strict: ok fills=246 (62.9s)
[2009/2869] BANK2_OM-B_invested_gate__T_cross_-today__input_-adjust_rsi_ex-cross_rsi_sm-wilder_same_b-wait_b_warmup-ready_: ok fills=242 (64.0s)
[2010/2869] BANK2_OM-B_invested_gate__T_cross_-today__input_-raw_rsi_ex-level_rsi_sm-wilder_same_b-allowe_warmup-ready_: exit=1 fills=None (9.5s)
[2011/2869] BANK2_OM-B_invested_gate__T_cross_-today__input_-adjust_rsi_ex-cross_rsi_sm-simple_same_b-allowe_warmup-strict: ok fills=266 (57.0s)
[2012/2869] BANK2_OM-B_invested_gate__T_cross_-today__input_-adjust_rsi_ex-cross_rsi_sm-simple_same_b-wait_b_warmup-strict: ok fills=266 (59.0s)
[2013/2869] BANK2_OM-B_invested_gate__T_cross_-today__input_-adjust_rsi_ex-cross_rsi_sm-simple_same_b-wait_b_warmup-ready_: ok fills=258 (59.8s)
[2014/2869] BANK2_OM-B_invested_gate__T_cross_-today__input_-raw_rsi_ex-level_rsi_sm-wilder_same_b-allowe_warmup-strict: ok fills=276 (61.6s)
[2015/2869] BANK2_OM-B_invested_gate__T_cross_-today__input_-raw_rsi_ex-level_rsi_sm-wilder_same_b-wait_b_warmup-strict: ok fills=276 (59.7s)
[2016/2869] BANK2_OM-B_invested_gate__T_cross_-today__input_-raw_rsi_ex-level_rsi_sm-wilder_same_b-wait_b_warmup-ready_: ok fills=272 (62.9s)
[2017/2869] BANK2_OM-B_invested_gate__T_cross_-today__input_-raw_rsi_ex-level_rsi_sm-simple_same_b-allowe_warmup-strict: ok fills=322 (66.3s)
[2018/2869] BANK2_OM-B_invested_gate__T_cross_-today__input_-raw_rsi_ex-level_rsi_sm-simple_same_b-allowe_warmup-ready_: ok fills=312 (68.3s)
[2019/2869] BANK2_OM-B_invested_gate__T_cross_-today__input_-raw_rsi_ex-level_rsi_sm-simple_same_b-wait_b_warmup-strict: ok fills=322 (67.0s)
[2020/2869] BANK2_OM-B_invested_gate__T_cross_-today__input_-raw_rsi_ex-cross_rsi_sm-wilder_same_b-allowe_warmup-strict: ok fills=262 (62.4s)
[2021/2869] BANK2_OM-B_invested_gate__T_cross_-today__input_-raw_rsi_ex-level_rsi_sm-simple_same_b-wait_b_warmup-ready_: ok fills=312 (63.8s)
[2022/2869] BANK2_OM-B_invested_gate__T_cross_-today__input_-raw_rsi_ex-cross_rsi_sm-wilder_same_b-allowe_warmup-ready_: ok fills=258 (65.7s)
[2023/2869] BANK2_OM-B_invested_gate__T_cross_-today__input_-raw_rsi_ex-cross_rsi_sm-wilder_same_b-wait_b_warmup-strict: ok fills=262 (62.2s)
[2024/2869] BANK2_OM-B_invested_gate__T_cross_-today__input_-raw_rsi_ex-cross_rsi_sm-wilder_same_b-wait_b_warmup-ready_: ok fills=258 (60.1s)
[2025/2869] BANK2_OM-B_invested_gate__T_cross_-today__input_-raw_rsi_ex-cross_rsi_sm-simple_same_b-allowe_warmup-strict: ok fills=288 (65.5s)
[2026/2869] BANK2_OM-B_invested_gate__T_cross_-today__input_-raw_rsi_ex-cross_rsi_sm-simple_same_b-allowe_warmup-ready_: ok fills=280 (65.6s)
[2027/2869] BANK2_OM-B_invested_gate__T_cross_-today__input_-raw_rsi_ex-cross_rsi_sm-simple_same_b-wait_b_warmup-ready_: ok fills=280 (65.1s)
[2028/2869] BANK2_OM-B_invested_gate__T_cross_-today__input_-raw_rsi_ex-cross_rsi_sm-simple_same_b-wait_b_warmup-strict: ok fills=288 (67.0s)
[2029/2869] BANK2_OM-B_invested_gate__OAT_a_exec-set_holdings: ok fills=266 (66.3s)
[2030/2869] BANK2_OM-B_netting__ref: ok fills=448 (61.5s)
[2031/2869] BANK2_OM-B_netting__T_cross_-both_d_input_-adjust_rsi_ex-level_rsi_sm-simple_same_b-allowe_warmup-ready_: exit=1 fills=None (12.1s)
[2032/2869] BANK2_OM-B_invested_gate__SPOT_all_excluded_off: ok fills=266 (63.4s)
[2033/2869] BANK2_OM-B_netting__T_cross_-both_d_input_-adjust_rsi_ex-level_rsi_sm-wilder_same_b-allowe_warmup-ready_: ok fills=428 (64.5s)
[2034/2869] BANK2_OM-B_netting__T_cross_-both_d_input_-adjust_rsi_ex-level_rsi_sm-wilder_same_b-wait_b_warmup-strict: ok fills=448 (65.0s)
[2035/2869] BANK2_OM-B_netting__T_cross_-both_d_input_-adjust_rsi_ex-level_rsi_sm-wilder_same_b-wait_b_warmup-ready_: ok fills=428 (64.1s)
[2036/2869] BANK2_OM-B_netting__T_cross_-both_d_input_-adjust_rsi_ex-level_rsi_sm-simple_same_b-allowe_warmup-strict: ok fills=473 (62.7s)
[2037/2869] BANK2_OM-B_netting__T_cross_-both_d_input_-adjust_rsi_ex-level_rsi_sm-simple_same_b-wait_b_warmup-strict: ok fills=473 (61.9s)
[2038/2869] BANK2_OM-B_netting__T_cross_-both_d_input_-adjust_rsi_ex-cross_rsi_sm-wilder_same_b-allowe_warmup-ready_: ok fills=418 (62.7s)
[2039/2869] BANK2_OM-B_netting__T_cross_-both_d_input_-adjust_rsi_ex-level_rsi_sm-simple_same_b-wait_b_warmup-ready_: ok fills=448 (64.5s)
[2040/2869] BANK2_OM-B_netting__T_cross_-both_d_input_-adjust_rsi_ex-cross_rsi_sm-wilder_same_b-allowe_warmup-strict: ok fills=438 (65.5s)
[2041/2869] BANK2_OM-B_netting__T_cross_-both_d_input_-adjust_rsi_ex-cross_rsi_sm-wilder_same_b-wait_b_warmup-strict: ok fills=438 (59.3s)
[2042/2869] BANK2_OM-B_netting__T_cross_-both_d_input_-adjust_rsi_ex-cross_rsi_sm-wilder_same_b-wait_b_warmup-ready_: ok fills=418 (63.2s)
[2043/2869] BANK2_OM-B_netting__T_cross_-both_d_input_-adjust_rsi_ex-cross_rsi_sm-simple_same_b-allowe_warmup-strict: ok fills=448 (64.1s)
[2044/2869] BANK2_OM-B_netting__T_cross_-both_d_input_-adjust_rsi_ex-cross_rsi_sm-simple_same_b-allowe_warmup-ready_: ok fills=426 (62.5s)
[2045/2869] BANK2_OM-B_netting__T_cross_-both_d_input_-adjust_rsi_ex-cross_rsi_sm-simple_same_b-wait_b_warmup-strict: ok fills=448 (64.3s)
[2046/2869] BANK2_OM-B_netting__T_cross_-both_d_input_-adjust_rsi_ex-cross_rsi_sm-simple_same_b-wait_b_warmup-ready_: ok fills=426 (61.4s)
[2047/2869] BANK2_OM-B_netting__T_cross_-both_d_input_-raw_rsi_ex-level_rsi_sm-wilder_same_b-allowe_warmup-ready_: ok fills=443 (59.6s)
[2048/2869] BANK2_OM-B_netting__T_cross_-both_d_input_-raw_rsi_ex-level_rsi_sm-wilder_same_b-allowe_warmup-strict: ok fills=463 (61.1s)
[2049/2869] BANK2_OM-B_netting__T_cross_-both_d_input_-raw_rsi_ex-level_rsi_sm-wilder_same_b-wait_b_warmup-strict: ok fills=463 (60.7s)
[2050/2869] BANK2_OM-B_netting__T_cross_-both_d_input_-raw_rsi_ex-level_rsi_sm-simple_same_b-wait_b_warmup-strict: exit=1 fills=None (11.6s)
[2051/2869] BANK2_OM-B_netting__T_cross_-both_d_input_-raw_rsi_ex-level_rsi_sm-wilder_same_b-wait_b_warmup-ready_: ok fills=443 (62.2s)
[2052/2869] BANK2_OM-B_netting__T_cross_-both_d_input_-raw_rsi_ex-level_rsi_sm-simple_same_b-allowe_warmup-strict: ok fills=492 (62.5s)
[2053/2869] BANK2_OM-B_netting__T_cross_-both_d_input_-raw_rsi_ex-level_rsi_sm-simple_same_b-allowe_warmup-ready_: ok fills=467 (63.1s)
[2054/2869] BANK2_OM-B_netting__T_cross_-both_d_input_-raw_rsi_ex-level_rsi_sm-simple_same_b-wait_b_warmup-ready_: ok fills=467 (60.9s)
[2055/2869] BANK2_OM-B_netting__T_cross_-both_d_input_-raw_rsi_ex-cross_rsi_sm-wilder_same_b-allowe_warmup-ready_: ok fills=435 (62.3s)
[2056/2869] BANK2_OM-B_netting__T_cross_-both_d_input_-raw_rsi_ex-cross_rsi_sm-wilder_same_b-allowe_warmup-strict: ok fills=455 (63.5s)
[2057/2869] BANK2_OM-B_netting__T_cross_-both_d_input_-raw_rsi_ex-cross_rsi_sm-wilder_same_b-wait_b_warmup-ready_: ok fills=435 (62.8s)
[2058/2869] BANK2_OM-B_netting__T_cross_-both_d_input_-raw_rsi_ex-cross_rsi_sm-wilder_same_b-wait_b_warmup-strict: ok fills=455 (63.8s)
[2059/2869] BANK2_OM-B_netting__T_cross_-both_d_input_-raw_rsi_ex-cross_rsi_sm-simple_same_b-allowe_warmup-strict: ok fills=468 (62.2s)
[2060/2869] BANK2_OM-B_netting__T_cross_-both_d_input_-raw_rsi_ex-cross_rsi_sm-simple_same_b-allowe_warmup-ready_: ok fills=446 (61.6s)
[2061/2869] BANK2_OM-B_netting__T_cross_-both_d_input_-raw_rsi_ex-cross_rsi_sm-simple_same_b-wait_b_warmup-strict: ok fills=468 (62.1s)
[2062/2869] BANK2_OM-B_netting__T_cross_-both_d_input_-raw_rsi_ex-cross_rsi_sm-simple_same_b-wait_b_warmup-ready_: ok fills=446 (60.0s)
[2063/2869] BANK2_OM-B_netting__T_cross_-today__input_-adjust_rsi_ex-level_rsi_sm-wilder_same_b-allowe_warmup-ready_: ok fills=426 (60.9s)
[2064/2869] BANK2_OM-B_netting__T_cross_-today__input_-adjust_rsi_ex-level_rsi_sm-simple_same_b-wait_b_warmup-strict: exit=1 fills=None (12.5s)
[2065/2869] BANK2_OM-B_netting__T_cross_-today__input_-adjust_rsi_ex-level_rsi_sm-wilder_same_b-wait_b_warmup-ready_: ok fills=426 (60.2s)
[2066/2869] BANK2_OM-B_netting__T_cross_-today__input_-adjust_rsi_ex-level_rsi_sm-wilder_same_b-allowe_warmup-strict: ok fills=446 (65.8s)
[2067/2869] BANK2_OM-B_netting__T_cross_-today__input_-adjust_rsi_ex-level_rsi_sm-wilder_same_b-wait_b_warmup-strict: ok fills=446 (65.8s)
[2068/2869] BANK2_OM-B_netting__T_cross_-today__input_-adjust_rsi_ex-level_rsi_sm-simple_same_b-allowe_warmup-ready_: ok fills=446 (61.3s)
[2069/2869] BANK2_OM-B_netting__T_cross_-today__input_-adjust_rsi_ex-level_rsi_sm-simple_same_b-allowe_warmup-strict: ok fills=471 (65.0s)
[2070/2869] BANK2_OM-B_netting__T_cross_-today__input_-adjust_rsi_ex-level_rsi_sm-simple_same_b-wait_b_warmup-ready_: ok fills=446 (63.0s)
[2071/2869] BANK2_OM-B_netting__T_cross_-today__input_-adjust_rsi_ex-cross_rsi_sm-wilder_same_b-allowe_warmup-strict: ok fills=436 (59.5s)
[2072/2869] BANK2_OM-B_netting__T_cross_-today__input_-adjust_rsi_ex-cross_rsi_sm-wilder_same_b-allowe_warmup-ready_: ok fills=416 (60.7s)
[2073/2869] BANK2_OM-B_netting__T_cross_-today__input_-adjust_rsi_ex-cross_rsi_sm-wilder_same_b-wait_b_warmup-strict: ok fills=436 (62.6s)
[2074/2869] BANK2_OM-B_netting__T_cross_-today__input_-adjust_rsi_ex-cross_rsi_sm-wilder_same_b-wait_b_warmup-ready_: ok fills=416 (60.0s)
[2075/2869] BANK2_OM-B_netting__T_cross_-today__input_-adjust_rsi_ex-cross_rsi_sm-simple_same_b-allowe_warmup-strict: ok fills=446 (60.3s)
[2076/2869] BANK2_OM-B_netting__T_cross_-today__input_-adjust_rsi_ex-cross_rsi_sm-simple_same_b-allowe_warmup-ready_: ok fills=424 (60.9s)
[2077/2869] BANK2_OM-B_netting__T_cross_-today__input_-adjust_rsi_ex-cross_rsi_sm-simple_same_b-wait_b_warmup-strict: ok fills=446 (60.7s)
[2078/2869] BANK2_OM-B_netting__T_cross_-today__input_-adjust_rsi_ex-cross_rsi_sm-simple_same_b-wait_b_warmup-ready_: ok fills=424 (61.2s)
[2079/2869] BANK2_OM-B_netting__T_cross_-today__input_-raw_rsi_ex-level_rsi_sm-wilder_same_b-allowe_warmup-strict: ok fills=452 (63.7s)
[2080/2869] BANK2_OM-B_netting__T_cross_-today__input_-raw_rsi_ex-level_rsi_sm-wilder_same_b-allowe_warmup-ready_: ok fills=431 (62.8s)
[2081/2869] BANK2_OM-B_netting__T_cross_-today__input_-raw_rsi_ex-level_rsi_sm-wilder_same_b-wait_b_warmup-ready_: ok fills=431 (61.5s)
[2082/2869] BANK2_OM-B_netting__T_cross_-today__input_-raw_rsi_ex-level_rsi_sm-simple_same_b-allowe_warmup-strict: ok fills=492 (60.1s)
[2083/2869] BANK2_OM-B_netting__T_cross_-today__input_-raw_rsi_ex-level_rsi_sm-wilder_same_b-wait_b_warmup-strict: ok fills=452 (63.3s)
[2084/2869] BANK2_OM-B_netting__T_cross_-today__input_-raw_rsi_ex-level_rsi_sm-simple_same_b-allowe_warmup-ready_: ok fills=467 (60.6s)
[2085/2869] BANK2_OM-B_netting__T_cross_-today__input_-raw_rsi_ex-level_rsi_sm-simple_same_b-wait_b_warmup-strict: ok fills=492 (61.4s)
[2086/2869] BANK2_OM-B_netting__T_cross_-today__input_-raw_rsi_ex-cross_rsi_sm-wilder_same_b-allowe_warmup-ready_: ok fills=423 (59.2s)
[2087/2869] BANK2_OM-B_netting__T_cross_-today__input_-raw_rsi_ex-level_rsi_sm-simple_same_b-wait_b_warmup-ready_: ok fills=467 (65.0s)
[2088/2869] BANK2_OM-B_netting__T_cross_-today__input_-raw_rsi_ex-cross_rsi_sm-wilder_same_b-wait_b_warmup-ready_: ok fills=423 (61.6s)
[2089/2869] BANK2_OM-B_netting__T_cross_-today__input_-raw_rsi_ex-cross_rsi_sm-wilder_same_b-wait_b_warmup-strict: ok fills=444 (62.6s)
[2090/2869] BANK2_OM-B_netting__T_cross_-today__input_-raw_rsi_ex-cross_rsi_sm-simple_same_b-allowe_warmup-strict: ok fills=468 (61.8s)
[2091/2869] BANK2_OM-B_netting__T_cross_-today__input_-raw_rsi_ex-cross_rsi_sm-wilder_same_b-allowe_warmup-strict: ok fills=444 (65.6s)
[2092/2869] BANK2_OM-B_netting__T_cross_-today__input_-raw_rsi_ex-cross_rsi_sm-simple_same_b-allowe_warmup-ready_: ok fills=446 (59.8s)
[2093/2869] BANK2_OM-B_netting__T_cross_-today__input_-raw_rsi_ex-cross_rsi_sm-simple_same_b-wait_b_warmup-strict: ok fills=468 (58.1s)
[2094/2869] BANK2_OM-B_buys_first__ref: exit=1 fills=None (16.3s)
[2095/2869] BANK2_OM-B_netting__T_cross_-today__input_-raw_rsi_ex-cross_rsi_sm-simple_same_b-wait_b_warmup-ready_: ok fills=446 (60.2s)
[2096/2869] BANK2_OM-B_netting__OAT_a_exec-set_holdings: ok fills=448 (60.2s)
[2097/2869] BANK2_OM-B_buys_first__T_cross_-both_d_input_-adjust_rsi_ex-level_rsi_sm-wilder_same_b-wait_b_warmup-strict: ok fills=266 (58.8s)
[2098/2869] BANK2_OM-B_buys_first__T_cross_-both_d_input_-adjust_rsi_ex-level_rsi_sm-wilder_same_b-allowe_warmup-ready_: ok fills=262 (59.8s)
[2099/2869] BANK2_OM-B_netting__SPOT_all_excluded_off: ok fills=448 (61.9s)
[2100/2869] BANK2_OM-B_buys_first__T_cross_-both_d_input_-adjust_rsi_ex-level_rsi_sm-simple_same_b-allowe_warmup-ready_: ok fills=296 (59.6s)
[2101/2869] BANK2_OM-B_buys_first__T_cross_-both_d_input_-adjust_rsi_ex-level_rsi_sm-wilder_same_b-wait_b_warmup-ready_: ok fills=262 (61.0s)
[2102/2869] BANK2_OM-B_buys_first__T_cross_-both_d_input_-adjust_rsi_ex-level_rsi_sm-simple_same_b-allowe_warmup-strict: ok fills=306 (63.3s)
[2103/2869] BANK2_OM-B_buys_first__T_cross_-both_d_input_-adjust_rsi_ex-level_rsi_sm-simple_same_b-wait_b_warmup-strict: ok fills=306 (64.2s)
[2104/2869] BANK2_OM-B_buys_first__T_cross_-both_d_input_-adjust_rsi_ex-cross_rsi_sm-wilder_same_b-allowe_warmup-strict: ok fills=250 (60.8s)
[2105/2869] BANK2_OM-B_buys_first__T_cross_-both_d_input_-adjust_rsi_ex-cross_rsi_sm-wilder_same_b-allowe_warmup-ready_: ok fills=246 (60.8s)
[2106/2869] BANK2_OM-B_buys_first__T_cross_-both_d_input_-adjust_rsi_ex-cross_rsi_sm-wilder_same_b-wait_b_warmup-strict: ok fills=250 (60.5s)
[2107/2869] BANK2_OM-B_buys_first__T_cross_-both_d_input_-adjust_rsi_ex-level_rsi_sm-simple_same_b-wait_b_warmup-ready_: ok fills=296 (65.8s)
[2108/2869] BANK2_OM-B_buys_first__T_cross_-both_d_input_-adjust_rsi_ex-cross_rsi_sm-wilder_same_b-wait_b_warmup-ready_: ok fills=246 (62.2s)
[2109/2869] BANK2_OM-B_buys_first__T_cross_-both_d_input_-adjust_rsi_ex-cross_rsi_sm-simple_same_b-allowe_warmup-strict: ok fills=270 (62.9s)
[2110/2869] BANK2_OM-B_buys_first__T_cross_-both_d_input_-adjust_rsi_ex-cross_rsi_sm-simple_same_b-allowe_warmup-ready_: ok fills=262 (61.0s)
[2111/2869] BANK2_OM-B_buys_first__T_cross_-both_d_input_-raw_rsi_ex-level_rsi_sm-wilder_same_b-allowe_warmup-ready_: ok fills=274 (61.7s)
[2112/2869] BANK2_OM-B_buys_first__T_cross_-both_d_input_-adjust_rsi_ex-cross_rsi_sm-simple_same_b-wait_b_warmup-strict: ok fills=270 (65.0s)
[2113/2869] BANK2_OM-B_buys_first__T_cross_-both_d_input_-adjust_rsi_ex-cross_rsi_sm-simple_same_b-wait_b_warmup-ready_: ok fills=262 (65.2s)
[2114/2869] BANK2_OM-B_buys_first__T_cross_-both_d_input_-raw_rsi_ex-level_rsi_sm-wilder_same_b-allowe_warmup-strict: ok fills=278 (64.4s)
[2115/2869] BANK2_OM-B_buys_first__T_cross_-both_d_input_-raw_rsi_ex-level_rsi_sm-wilder_same_b-wait_b_warmup-strict: ok fills=278 (64.3s)
[2116/2869] BANK2_OM-B_buys_first__T_cross_-both_d_input_-raw_rsi_ex-level_rsi_sm-wilder_same_b-wait_b_warmup-ready_: ok fills=274 (63.5s)
[2117/2869] BANK2_OM-B_buys_first__T_cross_-both_d_input_-raw_rsi_ex-level_rsi_sm-simple_same_b-allowe_warmup-strict: ok fills=324 (63.5s)
[2118/2869] BANK2_OM-B_buys_first__T_cross_-both_d_input_-raw_rsi_ex-level_rsi_sm-simple_same_b-allowe_warmup-ready_: ok fills=314 (63.6s)
[2119/2869] BANK2_OM-B_buys_first__T_cross_-both_d_input_-raw_rsi_ex-cross_rsi_sm-wilder_same_b-allowe_warmup-strict: ok fills=264 (66.2s)
[2120/2869] BANK2_OM-B_buys_first__T_cross_-both_d_input_-raw_rsi_ex-cross_rsi_sm-wilder_same_b-allowe_warmup-ready_: ok fills=260 (66.7s)
[2121/2869] BANK2_OM-B_buys_first__T_cross_-both_d_input_-raw_rsi_ex-level_rsi_sm-simple_same_b-wait_b_warmup-ready_: ok fills=314 (68.2s)
[2122/2869] BANK2_OM-B_buys_first__T_cross_-both_d_input_-raw_rsi_ex-level_rsi_sm-simple_same_b-wait_b_warmup-strict: ok fills=324 (69.5s)
[2123/2869] BANK2_OM-B_buys_first__T_cross_-both_d_input_-raw_rsi_ex-cross_rsi_sm-wilder_same_b-wait_b_warmup-strict: ok fills=264 (67.2s)
[2124/2869] BANK2_OM-B_buys_first__T_cross_-both_d_input_-raw_rsi_ex-cross_rsi_sm-simple_same_b-allowe_warmup-strict: ok fills=290 (66.9s)
[2125/2869] BANK2_OM-B_buys_first__T_cross_-both_d_input_-raw_rsi_ex-cross_rsi_sm-wilder_same_b-wait_b_warmup-ready_: ok fills=260 (68.4s)
[2126/2869] BANK2_OM-B_buys_first__T_cross_-both_d_input_-raw_rsi_ex-cross_rsi_sm-simple_same_b-allowe_warmup-ready_: ok fills=282 (66.7s)
[2127/2869] BANK2_OM-B_buys_first__T_cross_-today__input_-adjust_rsi_ex-level_rsi_sm-wilder_same_b-allowe_warmup-ready_: ok fills=258 (60.7s)
[2128/2869] BANK2_OM-B_buys_first__T_cross_-today__input_-adjust_rsi_ex-level_rsi_sm-wilder_same_b-allowe_warmup-strict: ok fills=262 (61.6s)
[2129/2869] BANK2_OM-B_buys_first__T_cross_-both_d_input_-raw_rsi_ex-cross_rsi_sm-simple_same_b-wait_b_warmup-strict: ok fills=290 (63.4s)
[2130/2869] BANK2_OM-B_buys_first__T_cross_-both_d_input_-raw_rsi_ex-cross_rsi_sm-simple_same_b-wait_b_warmup-ready_: ok fills=282 (63.4s)
[2131/2869] BANK2_OM-B_buys_first__T_cross_-today__input_-adjust_rsi_ex-level_rsi_sm-wilder_same_b-wait_b_warmup-strict: ok fills=262 (66.2s)
[2132/2869] BANK2_OM-B_buys_first__T_cross_-today__input_-adjust_rsi_ex-level_rsi_sm-wilder_same_b-wait_b_warmup-ready_: ok fills=258 (65.3s)
[2133/2869] BANK2_OM-B_buys_first__T_cross_-today__input_-adjust_rsi_ex-level_rsi_sm-simple_same_b-allowe_warmup-strict: ok fills=302 (65.0s)
[2134/2869] BANK2_OM-B_buys_first__T_cross_-today__input_-adjust_rsi_ex-level_rsi_sm-simple_same_b-allowe_warmup-ready_: ok fills=292 (65.2s)
[2135/2869] BANK2_OM-B_buys_first__T_cross_-today__input_-adjust_rsi_ex-level_rsi_sm-simple_same_b-wait_b_warmup-ready_: ok fills=292 (68.9s)
[2136/2869] BANK2_OM-B_buys_first__T_cross_-today__input_-adjust_rsi_ex-level_rsi_sm-simple_same_b-wait_b_warmup-strict: ok fills=302 (71.0s)
[2137/2869] BANK2_OM-B_buys_first__T_cross_-today__input_-adjust_rsi_ex-cross_rsi_sm-wilder_same_b-allowe_warmup-ready_: ok fills=242 (74.4s)
[2138/2869] BANK2_OM-B_buys_first__T_cross_-today__input_-adjust_rsi_ex-cross_rsi_sm-wilder_same_b-allowe_warmup-strict: ok fills=246 (76.4s)
[2139/2869] BANK2_OM-B_buys_first__T_cross_-today__input_-adjust_rsi_ex-cross_rsi_sm-wilder_same_b-wait_b_warmup-strict: ok fills=246 (71.3s)
[2140/2869] BANK2_OM-B_buys_first__T_cross_-today__input_-adjust_rsi_ex-cross_rsi_sm-simple_same_b-allowe_warmup-strict: ok fills=266 (71.1s)
[2141/2869] BANK2_OM-B_buys_first__T_cross_-today__input_-raw_rsi_ex-level_rsi_sm-wilder_same_b-wait_b_warmup-strict: exit=1 fills=None (14.3s)
[2142/2869] BANK2_OM-B_buys_first__T_cross_-today__input_-adjust_rsi_ex-cross_rsi_sm-simple_same_b-allowe_warmup-ready_: ok fills=258 (70.9s)
[2143/2869] BANK2_OM-B_buys_first__T_cross_-today__input_-adjust_rsi_ex-cross_rsi_sm-wilder_same_b-wait_b_warmup-ready_: ok fills=242 (73.3s)
[2144/2869] BANK2_OM-B_buys_first__T_cross_-today__input_-raw_rsi_ex-level_rsi_sm-wilder_same_b-allowe_warmup-strict: ok fills=276 (63.8s)
[2145/2869] BANK2_OM-B_buys_first__T_cross_-today__input_-adjust_rsi_ex-cross_rsi_sm-simple_same_b-wait_b_warmup-strict: ok fills=266 (70.8s)
[2146/2869] BANK2_OM-B_buys_first__T_cross_-today__input_-adjust_rsi_ex-cross_rsi_sm-simple_same_b-wait_b_warmup-ready_: ok fills=258 (71.1s)
[2147/2869] BANK2_OM-B_buys_first__T_cross_-today__input_-raw_rsi_ex-level_rsi_sm-wilder_same_b-allowe_warmup-ready_: ok fills=272 (66.9s)
[2148/2869] BANK2_OM-B_buys_first__T_cross_-today__input_-raw_rsi_ex-level_rsi_sm-simple_same_b-wait_b_warmup-strict: ok fills=322 (64.5s)
[2149/2869] BANK2_OM-B_buys_first__T_cross_-today__input_-raw_rsi_ex-cross_rsi_sm-wilder_same_b-wait_b_warmup-strict: exit=1 fills=None (15.9s)
[2150/2869] BANK2_OM-B_buys_first__T_cross_-today__input_-raw_rsi_ex-level_rsi_sm-wilder_same_b-wait_b_warmup-ready_: ok fills=272 (70.6s)
[2151/2869] BANK2_OM-B_buys_first__T_cross_-today__input_-raw_rsi_ex-level_rsi_sm-simple_same_b-allowe_warmup-ready_: ok fills=312 (72.3s)
[2152/2869] BANK2_OM-B_buys_first__T_cross_-today__input_-raw_rsi_ex-level_rsi_sm-simple_same_b-allowe_warmup-strict: ok fills=322 (72.7s)
[2153/2869] BANK2_OM-B_buys_first__T_cross_-today__input_-raw_rsi_ex-cross_rsi_sm-wilder_same_b-allowe_warmup-ready_: ok fills=258 (71.2s)
[2154/2869] BANK2_OM-B_buys_first__T_cross_-today__input_-raw_rsi_ex-level_rsi_sm-simple_same_b-wait_b_warmup-ready_: ok fills=312 (75.6s)
[2155/2869] BANK2_OM-B_buys_first__T_cross_-today__input_-raw_rsi_ex-cross_rsi_sm-wilder_same_b-allowe_warmup-strict: ok fills=262 (76.0s)
[2156/2869] BANK2_OM-B_buys_first__T_cross_-today__input_-raw_rsi_ex-cross_rsi_sm-wilder_same_b-wait_b_warmup-ready_: ok fills=258 (71.7s)
[2157/2869] BANK2_OM-B_buys_first__SPOT_all_excluded_off: exit=1 fills=None (15.9s)
[2158/2869] BANK2_OM-B_buys_first__T_cross_-today__input_-raw_rsi_ex-cross_rsi_sm-simple_same_b-allowe_warmup-strict: ok fills=288 (75.2s)
[2159/2869] BANK2_OM-B_buys_first__T_cross_-today__input_-raw_rsi_ex-cross_rsi_sm-simple_same_b-allowe_warmup-ready_: ok fills=280 (77.4s)
[2160/2869] BANK2_OM-B_buys_first__T_cross_-today__input_-raw_rsi_ex-cross_rsi_sm-simple_same_b-wait_b_warmup-ready_: ok fills=280 (77.7s)
[2161/2869] BANK2_OM-B_buys_first__T_cross_-today__input_-raw_rsi_ex-cross_rsi_sm-simple_same_b-wait_b_warmup-strict: ok fills=288 (78.5s)
[2162/2869] BANK2_OM-B_buys_first__OAT_a_exec-set_holdings: ok fills=266 (67.1s)
[2163/2869] BANK2_OM-C_parallel__ref: ok fills=270 (70.2s)
[2164/2869] BANK2_OM-C_parallel__T_cross_-both_d_input_-adjust_rsi_ex-level_rsi_sm-wilder_same_b-allowe_warmup-ready_: ok fills=266 (63.6s)
[2165/2869] BANK2_OM-C_parallel__T_cross_-both_d_input_-adjust_rsi_ex-level_rsi_sm-wilder_same_b-wait_b_warmup-strict: ok fills=266 (63.8s)
[2166/2869] BANK2_OM-C_parallel__T_cross_-both_d_input_-adjust_rsi_ex-level_rsi_sm-simple_same_b-wait_b_warmup-ready_: exit=1 fills=None (15.1s)
[2167/2869] BANK2_OM-C_parallel__T_cross_-both_d_input_-adjust_rsi_ex-level_rsi_sm-wilder_same_b-wait_b_warmup-ready_: ok fills=262 (71.8s)
[2168/2869] BANK2_OM-C_parallel__T_cross_-both_d_input_-adjust_rsi_ex-level_rsi_sm-simple_same_b-wait_b_warmup-strict: ok fills=306 (66.9s)
[2169/2869] BANK2_OM-C_parallel__T_cross_-both_d_input_-adjust_rsi_ex-cross_rsi_sm-wilder_same_b-wait_b_warmup-strict: exit=1 fills=None (15.8s)
[2170/2869] BANK2_OM-C_parallel__T_cross_-both_d_input_-adjust_rsi_ex-level_rsi_sm-simple_same_b-allowe_warmup-ready_: ok fills=306 (69.7s)
[2171/2869] BANK2_OM-C_parallel__T_cross_-both_d_input_-adjust_rsi_ex-level_rsi_sm-simple_same_b-allowe_warmup-strict: ok fills=320 (76.3s)
[2172/2869] BANK2_OM-C_parallel__T_cross_-both_d_input_-adjust_rsi_ex-cross_rsi_sm-wilder_same_b-allowe_warmup-strict: ok fills=250 (64.6s)
[2173/2869] BANK2_OM-C_parallel__T_cross_-both_d_input_-adjust_rsi_ex-cross_rsi_sm-wilder_same_b-allowe_warmup-ready_: ok fills=246 (66.5s)
[2174/2869] BANK2_OM-C_parallel__T_cross_-both_d_input_-adjust_rsi_ex-cross_rsi_sm-wilder_same_b-wait_b_warmup-ready_: ok fills=246 (66.0s)
[2175/2869] BANK2_OM-C_parallel__T_cross_-both_d_input_-adjust_rsi_ex-cross_rsi_sm-simple_same_b-allowe_warmup-strict: ok fills=270 (62.2s)
[2176/2869] BANK2_OM-C_parallel__T_cross_-both_d_input_-adjust_rsi_ex-cross_rsi_sm-simple_same_b-wait_b_warmup-strict: ok fills=270 (70.1s)
[2177/2869] BANK2_OM-C_parallel__T_cross_-both_d_input_-adjust_rsi_ex-cross_rsi_sm-simple_same_b-allowe_warmup-ready_: ok fills=262 (71.5s)
[2178/2869] BANK2_OM-C_parallel__T_cross_-both_d_input_-raw_rsi_ex-level_rsi_sm-simple_same_b-allowe_warmup-strict: exit=1 fills=None (12.9s)
[2179/2869] BANK2_OM-C_parallel__T_cross_-both_d_input_-adjust_rsi_ex-cross_rsi_sm-simple_same_b-wait_b_warmup-ready_: ok fills=262 (72.4s)
[2180/2869] BANK2_OM-C_parallel__T_cross_-both_d_input_-raw_rsi_ex-level_rsi_sm-wilder_same_b-allowe_warmup-strict: ok fills=280 (70.6s)
[2181/2869] BANK2_OM-C_parallel__T_cross_-both_d_input_-raw_rsi_ex-level_rsi_sm-wilder_same_b-allowe_warmup-ready_: ok fills=276 (66.8s)
[2182/2869] BANK2_OM-C_parallel__T_cross_-both_d_input_-raw_rsi_ex-level_rsi_sm-wilder_same_b-wait_b_warmup-ready_: ok fills=274 (68.0s)
[2183/2869] BANK2_OM-C_parallel__T_cross_-both_d_input_-raw_rsi_ex-level_rsi_sm-wilder_same_b-wait_b_warmup-strict: ok fills=278 (70.9s)
[2184/2869] BANK2_OM-C_parallel__T_cross_-both_d_input_-raw_rsi_ex-level_rsi_sm-simple_same_b-allowe_warmup-ready_: ok fills=324 (62.5s)
[2185/2869] BANK2_OM-C_parallel__T_cross_-both_d_input_-raw_rsi_ex-cross_rsi_sm-wilder_same_b-wait_b_warmup-ready_: exit=1 fills=None (14.9s)
[2186/2869] BANK2_OM-C_parallel__T_cross_-both_d_input_-raw_rsi_ex-level_rsi_sm-simple_same_b-wait_b_warmup-strict: ok fills=324 (63.3s)
[2187/2869] BANK2_OM-C_parallel__T_cross_-both_d_input_-raw_rsi_ex-level_rsi_sm-simple_same_b-wait_b_warmup-ready_: ok fills=314 (66.8s)
[2188/2869] BANK2_OM-C_parallel__T_cross_-both_d_input_-raw_rsi_ex-cross_rsi_sm-wilder_same_b-allowe_warmup-ready_: ok fills=260 (66.2s)
[2189/2869] BANK2_OM-C_parallel__T_cross_-both_d_input_-raw_rsi_ex-cross_rsi_sm-wilder_same_b-allowe_warmup-strict: ok fills=264 (73.0s)
[2190/2869] BANK2_OM-C_parallel__T_cross_-both_d_input_-raw_rsi_ex-cross_rsi_sm-simple_same_b-wait_b_warmup-ready_: exit=1 fills=None (14.4s)
[2191/2869] BANK2_OM-C_parallel__T_cross_-both_d_input_-raw_rsi_ex-cross_rsi_sm-wilder_same_b-wait_b_warmup-strict: ok fills=264 (67.3s)
[2192/2869] BANK2_OM-C_parallel__T_cross_-both_d_input_-raw_rsi_ex-cross_rsi_sm-simple_same_b-allowe_warmup-strict: ok fills=290 (63.6s)
[2193/2869] BANK2_OM-C_parallel__T_cross_-both_d_input_-raw_rsi_ex-cross_rsi_sm-simple_same_b-wait_b_warmup-strict: ok fills=290 (59.7s)
[2194/2869] BANK2_OM-C_parallel__T_cross_-both_d_input_-raw_rsi_ex-cross_rsi_sm-simple_same_b-allowe_warmup-ready_: ok fills=282 (65.1s)
[2195/2869] BANK2_OM-C_parallel__T_cross_-today__input_-adjust_rsi_ex-level_rsi_sm-wilder_same_b-allowe_warmup-ready_: ok fills=262 (61.7s)
[2196/2869] BANK2_OM-C_parallel__T_cross_-today__input_-adjust_rsi_ex-level_rsi_sm-wilder_same_b-allowe_warmup-strict: ok fills=266 (67.6s)
[2197/2869] BANK2_OM-C_parallel__T_cross_-today__input_-adjust_rsi_ex-level_rsi_sm-wilder_same_b-wait_b_warmup-strict: ok fills=262 (72.3s)
[2198/2869] BANK2_OM-C_parallel__T_cross_-today__input_-adjust_rsi_ex-level_rsi_sm-wilder_same_b-wait_b_warmup-ready_: ok fills=258 (72.2s)
[2199/2869] BANK2_OM-C_parallel__T_cross_-today__input_-adjust_rsi_ex-level_rsi_sm-simple_same_b-allowe_warmup-strict: ok fills=316 (74.5s)
[2200/2869] BANK2_OM-C_parallel__T_cross_-today__input_-adjust_rsi_ex-level_rsi_sm-simple_same_b-allowe_warmup-ready_: ok fills=302 (72.1s)
[2201/2869] BANK2_OM-C_parallel__T_cross_-today__input_-adjust_rsi_ex-level_rsi_sm-simple_same_b-wait_b_warmup-ready_: ok fills=292 (67.7s)
[2202/2869] BANK2_OM-C_parallel__T_cross_-today__input_-adjust_rsi_ex-level_rsi_sm-simple_same_b-wait_b_warmup-strict: ok fills=302 (76.7s)
[2203/2869] BANK2_OM-C_parallel__T_cross_-today__input_-adjust_rsi_ex-cross_rsi_sm-wilder_same_b-allowe_warmup-ready_: ok fills=242 (70.6s)
[2204/2869] BANK2_OM-C_parallel__T_cross_-today__input_-adjust_rsi_ex-cross_rsi_sm-wilder_same_b-allowe_warmup-strict: ok fills=246 (72.4s)
[2205/2869] BANK2_OM-C_parallel__T_cross_-today__input_-adjust_rsi_ex-cross_rsi_sm-wilder_same_b-wait_b_warmup-strict: ok fills=246 (71.8s)
[2206/2869] BANK2_OM-C_parallel__T_cross_-today__input_-adjust_rsi_ex-cross_rsi_sm-wilder_same_b-wait_b_warmup-ready_: ok fills=242 (71.4s)
[2207/2869] BANK2_OM-C_parallel__T_cross_-today__input_-adjust_rsi_ex-cross_rsi_sm-simple_same_b-allowe_warmup-strict: ok fills=266 (68.3s)
[2208/2869] BANK2_OM-C_parallel__T_cross_-today__input_-adjust_rsi_ex-cross_rsi_sm-simple_same_b-wait_b_warmup-strict: ok fills=266 (61.6s)
[2209/2869] BANK2_OM-C_parallel__T_cross_-today__input_-adjust_rsi_ex-cross_rsi_sm-simple_same_b-allowe_warmup-ready_: ok fills=258 (70.8s)
[2210/2869] BANK2_OM-C_parallel__T_cross_-today__input_-adjust_rsi_ex-cross_rsi_sm-simple_same_b-wait_b_warmup-ready_: ok fills=258 (65.0s)
[2211/2869] BANK2_OM-C_parallel__T_cross_-today__input_-raw_rsi_ex-level_rsi_sm-wilder_same_b-allowe_warmup-strict: ok fills=278 (64.0s)
[2212/2869] BANK2_OM-C_parallel__T_cross_-today__input_-raw_rsi_ex-level_rsi_sm-wilder_same_b-allowe_warmup-ready_: ok fills=274 (65.5s)
[2213/2869] BANK2_OM-C_parallel__T_cross_-today__input_-raw_rsi_ex-level_rsi_sm-wilder_same_b-wait_b_warmup-strict: ok fills=276 (67.2s)
[2214/2869] BANK2_OM-C_parallel__T_cross_-today__input_-raw_rsi_ex-level_rsi_sm-wilder_same_b-wait_b_warmup-ready_: ok fills=272 (71.6s)
[2215/2869] BANK2_OM-C_parallel__T_cross_-today__input_-raw_rsi_ex-level_rsi_sm-simple_same_b-allowe_warmup-strict: ok fills=336 (68.1s)
[2216/2869] BANK2_OM-C_parallel__T_cross_-today__input_-raw_rsi_ex-level_rsi_sm-simple_same_b-wait_b_warmup-strict: ok fills=322 (72.9s)
[2217/2869] BANK2_OM-C_parallel__T_cross_-today__input_-raw_rsi_ex-level_rsi_sm-simple_same_b-allowe_warmup-ready_: ok fills=322 (74.6s)
[2218/2869] BANK2_OM-C_parallel__T_cross_-today__input_-raw_rsi_ex-level_rsi_sm-simple_same_b-wait_b_warmup-ready_: ok fills=312 (67.8s)
[2219/2869] BANK2_OM-C_parallel__T_cross_-today__input_-raw_rsi_ex-cross_rsi_sm-wilder_same_b-allowe_warmup-strict: ok fills=262 (71.7s)
[2220/2869] BANK2_OM-C_parallel__T_cross_-today__input_-raw_rsi_ex-cross_rsi_sm-wilder_same_b-allowe_warmup-ready_: ok fills=258 (72.8s)
[2221/2869] BANK2_OM-C_parallel__T_cross_-today__input_-raw_rsi_ex-cross_rsi_sm-wilder_same_b-wait_b_warmup-strict: ok fills=262 (72.8s)
[2222/2869] BANK2_OM-C_parallel__T_cross_-today__input_-raw_rsi_ex-cross_rsi_sm-wilder_same_b-wait_b_warmup-ready_: ok fills=258 (71.4s)
[2223/2869] BANK2_OM-C_parallel__T_cross_-today__input_-raw_rsi_ex-cross_rsi_sm-simple_same_b-allowe_warmup-strict: ok fills=288 (66.4s)
[2224/2869] BANK2_OM-C_parallel__T_cross_-today__input_-raw_rsi_ex-cross_rsi_sm-simple_same_b-wait_b_warmup-ready_: ok fills=280 (66.4s)
[2225/2869] BANK2_OM-C_parallel__T_cross_-today__input_-raw_rsi_ex-cross_rsi_sm-simple_same_b-allowe_warmup-ready_: ok fills=280 (68.9s)
[2226/2869] BANK2_OM-C_parallel__T_cross_-today__input_-raw_rsi_ex-cross_rsi_sm-simple_same_b-wait_b_warmup-strict: ok fills=288 (70.7s)
[2227/2869] BANK2_OM-C_parallel__OAT_a_exec-set_holdings: ok fills=270 (68.0s)
[2228/2869] BANK2_OM-C_parallel__SPOT_all_excluded_off: ok fills=270 (69.3s)
[2229/2869] BANK2_OM-C_race__T_cross_-both_d_input_-adjust_rsi_ex-level_rsi_sm-simple_same_b-allowe_warmup-strict: exit=1 fills=None (15.2s)
[2230/2869] BANK2_OM-C_race__ref: ok fills=131 (68.4s)
[2231/2869] BANK2_OM-C_race__T_cross_-both_d_input_-adjust_rsi_ex-level_rsi_sm-simple_same_b-wait_b_warmup-ready_: exit=1 fills=None (15.6s)
[2232/2869] BANK2_OM-C_race__T_cross_-both_d_input_-adjust_rsi_ex-level_rsi_sm-wilder_same_b-allowe_warmup-ready_: ok fills=127 (68.6s)
[2233/2869] BANK2_OM-C_race__T_cross_-both_d_input_-adjust_rsi_ex-level_rsi_sm-wilder_same_b-wait_b_warmup-strict: ok fills=145 (69.2s)
[2234/2869] BANK2_OM-C_race__T_cross_-both_d_input_-adjust_rsi_ex-level_rsi_sm-simple_same_b-allowe_warmup-ready_: ok fills=169 (66.0s)
[2235/2869] BANK2_OM-C_race__T_cross_-both_d_input_-adjust_rsi_ex-level_rsi_sm-wilder_same_b-wait_b_warmup-ready_: ok fills=141 (70.0s)
[2236/2869] BANK2_OM-C_race__T_cross_-both_d_input_-adjust_rsi_ex-level_rsi_sm-simple_same_b-wait_b_warmup-strict: ok fills=191 (65.9s)
[2237/2869] BANK2_OM-C_race__T_cross_-both_d_input_-adjust_rsi_ex-cross_rsi_sm-wilder_same_b-allowe_warmup-strict: ok fills=135 (72.0s)
[2238/2869] BANK2_OM-C_race__T_cross_-both_d_input_-adjust_rsi_ex-cross_rsi_sm-wilder_same_b-wait_b_warmup-strict: ok fills=135 (68.7s)
[2239/2869] BANK2_OM-C_race__T_cross_-both_d_input_-adjust_rsi_ex-cross_rsi_sm-wilder_same_b-allowe_warmup-ready_: ok fills=131 (71.4s)
[2240/2869] BANK2_OM-C_race__T_cross_-both_d_input_-adjust_rsi_ex-cross_rsi_sm-wilder_same_b-wait_b_warmup-ready_: ok fills=131 (70.6s)
[2241/2869] BANK2_OM-C_race__T_cross_-both_d_input_-adjust_rsi_ex-cross_rsi_sm-simple_same_b-allowe_warmup-strict: ok fills=175 (70.4s)
[2242/2869] BANK2_OM-C_race__T_cross_-both_d_input_-adjust_rsi_ex-cross_rsi_sm-simple_same_b-wait_b_warmup-strict: ok fills=169 (70.3s)
[2243/2869] BANK2_OM-C_race__T_cross_-both_d_input_-adjust_rsi_ex-cross_rsi_sm-simple_same_b-allowe_warmup-ready_: ok fills=167 (72.8s)
[2244/2869] BANK2_OM-C_race__T_cross_-both_d_input_-adjust_rsi_ex-cross_rsi_sm-simple_same_b-wait_b_warmup-ready_: ok fills=161 (68.6s)
[2245/2869] BANK2_OM-C_race__T_cross_-both_d_input_-raw_rsi_ex-level_rsi_sm-wilder_same_b-allowe_warmup-strict: ok fills=155 (69.0s)
[2246/2869] BANK2_OM-C_race__T_cross_-both_d_input_-raw_rsi_ex-level_rsi_sm-wilder_same_b-allowe_warmup-ready_: ok fills=151 (70.6s)
[2247/2869] BANK2_OM-C_race__T_cross_-both_d_input_-raw_rsi_ex-level_rsi_sm-wilder_same_b-wait_b_warmup-strict: ok fills=135 (73.2s)
[2248/2869] BANK2_OM-C_race__T_cross_-both_d_input_-raw_rsi_ex-level_rsi_sm-wilder_same_b-wait_b_warmup-ready_: ok fills=131 (72.0s)
[2249/2869] BANK2_OM-C_race__T_cross_-both_d_input_-raw_rsi_ex-level_rsi_sm-simple_same_b-allowe_warmup-strict: ok fills=195 (68.7s)
[2250/2869] BANK2_OM-C_race__T_cross_-both_d_input_-raw_rsi_ex-level_rsi_sm-simple_same_b-wait_b_warmup-strict: ok fills=177 (71.5s)
[2251/2869] BANK2_OM-C_race__T_cross_-both_d_input_-raw_rsi_ex-level_rsi_sm-simple_same_b-allowe_warmup-ready_: ok fills=185 (77.5s)
[2252/2869] BANK2_OM-C_race__T_cross_-both_d_input_-raw_rsi_ex-level_rsi_sm-simple_same_b-wait_b_warmup-ready_: ok fills=167 (73.3s)
[2253/2869] BANK2_OM-C_race__T_cross_-both_d_input_-raw_rsi_ex-cross_rsi_sm-wilder_same_b-allowe_warmup-strict: ok fills=149 (68.8s)
[2254/2869] BANK2_OM-C_race__T_cross_-both_d_input_-raw_rsi_ex-cross_rsi_sm-wilder_same_b-allowe_warmup-ready_: ok fills=145 (68.6s)
[2255/2869] BANK2_OM-C_race__T_cross_-both_d_input_-raw_rsi_ex-cross_rsi_sm-wilder_same_b-wait_b_warmup-strict: ok fills=129 (69.9s)
[2256/2869] BANK2_OM-C_race__T_cross_-both_d_input_-raw_rsi_ex-cross_rsi_sm-wilder_same_b-wait_b_warmup-ready_: ok fills=125 (71.5s)
[2257/2869] BANK2_OM-C_race__T_cross_-both_d_input_-raw_rsi_ex-cross_rsi_sm-simple_same_b-allowe_warmup-strict: ok fills=181 (75.1s)
[2258/2869] BANK2_OM-C_race__T_cross_-both_d_input_-raw_rsi_ex-cross_rsi_sm-simple_same_b-allowe_warmup-ready_: ok fills=173 (75.0s)
[2259/2869] BANK2_OM-C_race__T_cross_-both_d_input_-raw_rsi_ex-cross_rsi_sm-simple_same_b-wait_b_warmup-strict: ok fills=159 (75.1s)
[2260/2869] BANK2_OM-C_race__T_cross_-both_d_input_-raw_rsi_ex-cross_rsi_sm-simple_same_b-wait_b_warmup-ready_: ok fills=151 (75.7s)
[2261/2869] BANK2_OM-C_race__T_cross_-today__input_-adjust_rsi_ex-level_rsi_sm-wilder_same_b-allowe_warmup-strict: ok fills=141 (76.1s)
[2262/2869] BANK2_OM-C_race__T_cross_-today__input_-adjust_rsi_ex-level_rsi_sm-wilder_same_b-allowe_warmup-ready_: ok fills=137 (75.2s)
[2263/2869] BANK2_OM-C_race__T_cross_-today__input_-adjust_rsi_ex-level_rsi_sm-simple_same_b-wait_b_warmup-strict: exit=1 fills=None (21.6s)
[2264/2869] BANK2_OM-C_race__T_cross_-today__input_-adjust_rsi_ex-level_rsi_sm-wilder_same_b-wait_b_warmup-strict: ok fills=157 (74.5s)
[2265/2869] BANK2_OM-C_race__T_cross_-today__input_-adjust_rsi_ex-level_rsi_sm-wilder_same_b-wait_b_warmup-ready_: ok fills=153 (79.3s)
[2266/2869] BANK2_OM-C_race__T_cross_-today__input_-adjust_rsi_ex-cross_rsi_sm-wilder_same_b-wait_b_warmup-strict: exit=1 fills=None (15.6s)
[2267/2869] BANK2_OM-C_race__T_cross_-today__input_-adjust_rsi_ex-level_rsi_sm-simple_same_b-allowe_warmup-strict: ok fills=191 (81.1s)
[2268/2869] BANK2_OM-C_race__T_cross_-today__input_-adjust_rsi_ex-level_rsi_sm-simple_same_b-allowe_warmup-ready_: ok fills=181 (83.2s)
[2269/2869] BANK2_OM-C_race__T_cross_-today__input_-adjust_rsi_ex-level_rsi_sm-simple_same_b-wait_b_warmup-ready_: ok fills=195 (78.8s)
[2270/2869] BANK2_OM-C_race__T_cross_-today__input_-adjust_rsi_ex-cross_rsi_sm-wilder_same_b-allowe_warmup-strict: ok fills=135 (75.5s)
[2271/2869] BANK2_OM-C_race__T_cross_-today__input_-adjust_rsi_ex-cross_rsi_sm-wilder_same_b-allowe_warmup-ready_: ok fills=131 (74.8s)
[2272/2869] BANK2_OM-C_race__T_cross_-today__input_-adjust_rsi_ex-cross_rsi_sm-wilder_same_b-wait_b_warmup-ready_: ok fills=137 (75.9s)
[2273/2869] BANK2_OM-C_race__T_cross_-today__input_-adjust_rsi_ex-cross_rsi_sm-simple_same_b-allowe_warmup-strict: ok fills=185 (73.5s)
[2274/2869] BANK2_OM-C_race__T_cross_-today__input_-raw_rsi_ex-level_rsi_sm-wilder_same_b-wait_b_warmup-strict: exit=1 fills=None (13.5s)
[2275/2869] BANK2_OM-C_race__T_cross_-today__input_-adjust_rsi_ex-cross_rsi_sm-simple_same_b-allowe_warmup-ready_: ok fills=177 (72.9s)
[2276/2869] BANK2_OM-C_race__T_cross_-today__input_-adjust_rsi_ex-cross_rsi_sm-simple_same_b-wait_b_warmup-strict: ok fills=181 (70.0s)
[2277/2869] BANK2_OM-C_race__T_cross_-today__input_-adjust_rsi_ex-cross_rsi_sm-simple_same_b-wait_b_warmup-ready_: ok fills=173 (67.1s)
[2278/2869] BANK2_OM-C_race__T_cross_-today__input_-raw_rsi_ex-level_rsi_sm-wilder_same_b-allowe_warmup-ready_: ok fills=151 (66.4s)
[2279/2869] BANK2_OM-C_race__T_cross_-today__input_-raw_rsi_ex-level_rsi_sm-wilder_same_b-allowe_warmup-strict: ok fills=155 (70.0s)
[2280/2869] BANK2_OM-C_race__T_cross_-today__input_-raw_rsi_ex-level_rsi_sm-wilder_same_b-wait_b_warmup-ready_: ok fills=131 (65.9s)
[2281/2869] BANK2_OM-C_race__T_cross_-today__input_-raw_rsi_ex-level_rsi_sm-simple_same_b-allowe_warmup-ready_: ok fills=183 (65.0s)
[2282/2869] BANK2_OM-C_race__T_cross_-today__input_-raw_rsi_ex-level_rsi_sm-simple_same_b-allowe_warmup-strict: ok fills=193 (70.1s)
[2283/2869] BANK2_OM-C_race__T_cross_-today__input_-raw_rsi_ex-level_rsi_sm-simple_same_b-wait_b_warmup-strict: ok fills=175 (73.6s)
[2284/2869] BANK2_OM-C_race__T_cross_-today__input_-raw_rsi_ex-level_rsi_sm-simple_same_b-wait_b_warmup-ready_: ok fills=165 (74.5s)
[2285/2869] BANK2_OM-C_race__T_cross_-today__input_-raw_rsi_ex-cross_rsi_sm-wilder_same_b-allowe_warmup-strict: ok fills=149 (69.0s)
[2286/2869] BANK2_OM-C_race__T_cross_-today__input_-raw_rsi_ex-cross_rsi_sm-wilder_same_b-wait_b_warmup-strict: ok fills=129 (68.2s)
[2287/2869] BANK2_OM-C_race__T_cross_-today__input_-raw_rsi_ex-cross_rsi_sm-wilder_same_b-allowe_warmup-ready_: ok fills=145 (73.7s)
[2288/2869] BANK2_OM-C_race__T_cross_-today__input_-raw_rsi_ex-cross_rsi_sm-wilder_same_b-wait_b_warmup-ready_: ok fills=125 (70.3s)
[2289/2869] BANK2_OM-C_sequence__ref: exit=1 fills=None (15.2s)
[2290/2869] BANK2_OM-C_race__T_cross_-today__input_-raw_rsi_ex-cross_rsi_sm-simple_same_b-allowe_warmup-strict: ok fills=179 (71.6s)
[2291/2869] BANK2_OM-C_race__T_cross_-today__input_-raw_rsi_ex-cross_rsi_sm-simple_same_b-allowe_warmup-ready_: ok fills=171 (71.8s)
[2292/2869] BANK2_OM-C_race__T_cross_-today__input_-raw_rsi_ex-cross_rsi_sm-simple_same_b-wait_b_warmup-strict: ok fills=157 (72.6s)
[2293/2869] BANK2_OM-C_race__T_cross_-today__input_-raw_rsi_ex-cross_rsi_sm-simple_same_b-wait_b_warmup-ready_: ok fills=149 (74.8s)
[2294/2869] BANK2_OM-C_race__SPOT_all_excluded_off: ok fills=131 (66.9s)
[2295/2869] BANK2_OM-C_race__OAT_a_exec-set_holdings: ok fills=131 (72.1s)
[2296/2869] BANK2_OM-C_sequence__T_cross_-both_d_input_-adjust_rsi_ex-level_rsi_sm-wilder_same_b-wait_b_warmup-strict: ok fills=91 (61.7s)
[2297/2869] BANK2_OM-C_sequence__T_cross_-both_d_input_-adjust_rsi_ex-level_rsi_sm-wilder_same_b-allowe_warmup-ready_: ok fills=95 (65.0s)
[2298/2869] BANK2_OM-C_sequence__T_cross_-both_d_input_-adjust_rsi_ex-level_rsi_sm-wilder_same_b-wait_b_warmup-ready_: ok fills=91 (63.3s)
[2299/2869] BANK2_OM-C_sequence__T_cross_-both_d_input_-adjust_rsi_ex-level_rsi_sm-simple_same_b-allowe_warmup-strict: ok fills=98 (62.8s)
[2300/2869] BANK2_OM-C_sequence__T_cross_-both_d_input_-adjust_rsi_ex-level_rsi_sm-simple_same_b-allowe_warmup-ready_: ok fills=98 (64.9s)
[2301/2869] BANK2_OM-C_sequence__T_cross_-both_d_input_-adjust_rsi_ex-level_rsi_sm-simple_same_b-wait_b_warmup-strict: ok fills=94 (62.0s)
[2302/2869] BANK2_OM-C_sequence__T_cross_-both_d_input_-adjust_rsi_ex-level_rsi_sm-simple_same_b-wait_b_warmup-ready_: ok fills=94 (67.0s)
[2303/2869] BANK2_OM-C_sequence__T_cross_-both_d_input_-adjust_rsi_ex-cross_rsi_sm-wilder_same_b-allowe_warmup-strict: ok fills=95 (67.4s)
[2304/2869] BANK2_OM-C_sequence__T_cross_-both_d_input_-adjust_rsi_ex-cross_rsi_sm-wilder_same_b-wait_b_warmup-strict: ok fills=91 (64.8s)
[2305/2869] BANK2_OM-C_sequence__T_cross_-both_d_input_-adjust_rsi_ex-cross_rsi_sm-wilder_same_b-allowe_warmup-ready_: ok fills=95 (68.8s)
[2306/2869] BANK2_OM-C_sequence__T_cross_-both_d_input_-adjust_rsi_ex-cross_rsi_sm-wilder_same_b-wait_b_warmup-ready_: ok fills=91 (67.3s)
[2307/2869] BANK2_OM-C_sequence__T_cross_-both_d_input_-adjust_rsi_ex-cross_rsi_sm-simple_same_b-allowe_warmup-strict: ok fills=94 (67.6s)
[2308/2869] BANK2_OM-C_sequence__T_cross_-both_d_input_-adjust_rsi_ex-cross_rsi_sm-simple_same_b-allowe_warmup-ready_: ok fills=94 (72.1s)
[2309/2869] BANK2_OM-C_sequence__T_cross_-both_d_input_-adjust_rsi_ex-cross_rsi_sm-simple_same_b-wait_b_warmup-strict: ok fills=90 (69.9s)
[2310/2869] BANK2_OM-C_sequence__T_cross_-both_d_input_-raw_rsi_ex-level_rsi_sm-wilder_same_b-allowe_warmup-strict: ok fills=115 (65.3s)
[2311/2869] BANK2_OM-C_sequence__T_cross_-both_d_input_-adjust_rsi_ex-cross_rsi_sm-simple_same_b-wait_b_warmup-ready_: ok fills=90 (68.7s)
[2312/2869] BANK2_OM-C_sequence__T_cross_-both_d_input_-raw_rsi_ex-level_rsi_sm-wilder_same_b-allowe_warmup-ready_: ok fills=115 (60.5s)
[2313/2869] BANK2_OM-C_sequence__T_cross_-both_d_input_-raw_rsi_ex-level_rsi_sm-wilder_same_b-wait_b_warmup-strict: ok fills=111 (62.5s)
[2314/2869] BANK2_OM-C_sequence__T_cross_-both_d_input_-raw_rsi_ex-level_rsi_sm-wilder_same_b-wait_b_warmup-ready_: ok fills=111 (60.8s)
[2315/2869] BANK2_OM-C_sequence__T_cross_-both_d_input_-raw_rsi_ex-level_rsi_sm-simple_same_b-allowe_warmup-strict: ok fills=114 (59.2s)
[2316/2869] BANK2_OM-C_sequence__T_cross_-both_d_input_-raw_rsi_ex-level_rsi_sm-simple_same_b-allowe_warmup-ready_: ok fills=114 (62.0s)
[2317/2869] BANK2_OM-C_sequence__T_cross_-both_d_input_-raw_rsi_ex-level_rsi_sm-simple_same_b-wait_b_warmup-strict: ok fills=114 (62.9s)
[2318/2869] BANK2_OM-C_sequence__T_cross_-both_d_input_-raw_rsi_ex-level_rsi_sm-simple_same_b-wait_b_warmup-ready_: ok fills=114 (63.8s)
[2319/2869] BANK2_OM-C_sequence__T_cross_-both_d_input_-raw_rsi_ex-cross_rsi_sm-wilder_same_b-allowe_warmup-strict: ok fills=111 (64.9s)
[2320/2869] BANK2_OM-C_sequence__T_cross_-both_d_input_-raw_rsi_ex-cross_rsi_sm-wilder_same_b-allowe_warmup-ready_: ok fills=111 (67.1s)
[2321/2869] BANK2_OM-C_sequence__T_cross_-both_d_input_-raw_rsi_ex-cross_rsi_sm-wilder_same_b-wait_b_warmup-strict: ok fills=107 (67.3s)
[2322/2869] BANK2_OM-C_sequence__T_cross_-both_d_input_-raw_rsi_ex-cross_rsi_sm-simple_same_b-allowe_warmup-strict: ok fills=106 (63.2s)
[2323/2869] BANK2_OM-C_sequence__T_cross_-both_d_input_-raw_rsi_ex-cross_rsi_sm-wilder_same_b-wait_b_warmup-ready_: ok fills=107 (70.3s)
[2324/2869] BANK2_OM-C_sequence__T_cross_-both_d_input_-raw_rsi_ex-cross_rsi_sm-simple_same_b-allowe_warmup-ready_: ok fills=106 (67.0s)
[2325/2869] BANK2_OM-C_sequence__T_cross_-both_d_input_-raw_rsi_ex-cross_rsi_sm-simple_same_b-wait_b_warmup-strict: ok fills=106 (64.7s)
[2326/2869] BANK2_OM-C_sequence__T_cross_-today__input_-adjust_rsi_ex-level_rsi_sm-simple_same_b-allowe_warmup-ready_: exit=1 fills=None (10.7s)
[2327/2869] BANK2_OM-C_sequence__T_cross_-both_d_input_-raw_rsi_ex-cross_rsi_sm-simple_same_b-wait_b_warmup-ready_: ok fills=106 (63.5s)
[2328/2869] BANK2_OM-C_sequence__T_cross_-today__input_-adjust_rsi_ex-level_rsi_sm-wilder_same_b-allowe_warmup-strict: ok fills=99 (64.5s)
[2329/2869] BANK2_OM-C_sequence__T_cross_-today__input_-adjust_rsi_ex-level_rsi_sm-wilder_same_b-allowe_warmup-ready_: ok fills=99 (62.3s)
[2330/2869] BANK2_OM-C_sequence__T_cross_-today__input_-adjust_rsi_ex-level_rsi_sm-wilder_same_b-wait_b_warmup-strict: ok fills=91 (67.0s)
[2331/2869] BANK2_OM-C_sequence__T_cross_-today__input_-adjust_rsi_ex-level_rsi_sm-simple_same_b-allowe_warmup-strict: ok fills=102 (60.6s)
[2332/2869] BANK2_OM-C_sequence__T_cross_-today__input_-adjust_rsi_ex-level_rsi_sm-wilder_same_b-wait_b_warmup-ready_: ok fills=91 (65.4s)
[2333/2869] BANK2_OM-C_sequence__T_cross_-today__input_-adjust_rsi_ex-level_rsi_sm-simple_same_b-wait_b_warmup-strict: ok fills=94 (60.0s)
[2334/2869] BANK2_OM-C_sequence__T_cross_-today__input_-adjust_rsi_ex-level_rsi_sm-simple_same_b-wait_b_warmup-ready_: ok fills=94 (61.9s)
[2335/2869] BANK2_OM-C_sequence__T_cross_-today__input_-adjust_rsi_ex-cross_rsi_sm-wilder_same_b-allowe_warmup-strict: ok fills=99 (61.6s)
[2336/2869] BANK2_OM-C_sequence__T_cross_-today__input_-adjust_rsi_ex-cross_rsi_sm-simple_same_b-wait_b_warmup-ready_: exit=1 fills=None (14.3s)
[2337/2869] BANK2_OM-C_sequence__T_cross_-today__input_-adjust_rsi_ex-cross_rsi_sm-wilder_same_b-allowe_warmup-ready_: ok fills=99 (59.8s)
[2338/2869] BANK2_OM-C_sequence__T_cross_-today__input_-adjust_rsi_ex-cross_rsi_sm-wilder_same_b-wait_b_warmup-strict: ok fills=91 (57.5s)
[2339/2869] BANK2_OM-C_sequence__T_cross_-today__input_-adjust_rsi_ex-cross_rsi_sm-wilder_same_b-wait_b_warmup-ready_: ok fills=91 (64.5s)
[2340/2869] BANK2_OM-C_sequence__T_cross_-today__input_-adjust_rsi_ex-cross_rsi_sm-simple_same_b-allowe_warmup-ready_: ok fills=98 (65.1s)
[2341/2869] BANK2_OM-C_sequence__T_cross_-today__input_-adjust_rsi_ex-cross_rsi_sm-simple_same_b-allowe_warmup-strict: ok fills=98 (70.1s)
[2342/2869] BANK2_OM-C_sequence__T_cross_-today__input_-adjust_rsi_ex-cross_rsi_sm-simple_same_b-wait_b_warmup-strict: ok fills=90 (66.3s)
[2343/2869] BANK2_OM-C_sequence__T_cross_-today__input_-raw_rsi_ex-level_rsi_sm-wilder_same_b-allowe_warmup-strict: ok fills=119 (62.8s)
[2344/2869] BANK2_OM-C_sequence__T_cross_-today__input_-raw_rsi_ex-level_rsi_sm-wilder_same_b-allowe_warmup-ready_: ok fills=119 (65.0s)
[2345/2869] BANK2_OM-C_sequence__T_cross_-today__input_-raw_rsi_ex-level_rsi_sm-wilder_same_b-wait_b_warmup-ready_: ok fills=111 (59.7s)
[2346/2869] BANK2_OM-C_sequence__T_cross_-today__input_-raw_rsi_ex-level_rsi_sm-wilder_same_b-wait_b_warmup-strict: ok fills=111 (69.3s)
[2347/2869] BANK2_OM-C_sequence__T_cross_-today__input_-raw_rsi_ex-level_rsi_sm-simple_same_b-allowe_warmup-strict: ok fills=118 (62.3s)
[2348/2869] BANK2_OM-C_sequence__T_cross_-today__input_-raw_rsi_ex-level_rsi_sm-simple_same_b-wait_b_warmup-strict: ok fills=114 (62.2s)
[2349/2869] BANK2_OM-C_sequence__T_cross_-today__input_-raw_rsi_ex-level_rsi_sm-simple_same_b-allowe_warmup-ready_: ok fills=118 (66.7s)
[2350/2869] BANK2_OM-C_sequence__T_cross_-today__input_-raw_rsi_ex-level_rsi_sm-simple_same_b-wait_b_warmup-ready_: ok fills=114 (65.8s)
[2351/2869] BANK2_OM-C_sequence__T_cross_-today__input_-raw_rsi_ex-cross_rsi_sm-wilder_same_b-allowe_warmup-strict: ok fills=115 (66.8s)
[2352/2869] BANK2_OM-C_sequence__T_cross_-today__input_-raw_rsi_ex-cross_rsi_sm-wilder_same_b-allowe_warmup-ready_: ok fills=115 (67.6s)
[2353/2869] BANK2_OM-C_sequence__T_cross_-today__input_-raw_rsi_ex-cross_rsi_sm-wilder_same_b-wait_b_warmup-ready_: ok fills=107 (64.2s)
[2354/2869] BANK2_OM-C_sequence__T_cross_-today__input_-raw_rsi_ex-cross_rsi_sm-wilder_same_b-wait_b_warmup-strict: ok fills=107 (68.2s)
[2355/2869] BANK2_OM-C_sequence__T_cross_-today__input_-raw_rsi_ex-cross_rsi_sm-simple_same_b-allowe_warmup-strict: ok fills=110 (61.5s)
[2356/2869] BANK2_OM-C_sequence__T_cross_-today__input_-raw_rsi_ex-cross_rsi_sm-simple_same_b-wait_b_warmup-strict: ok fills=106 (62.0s)
[2357/2869] BANK2_OM-C_sequence__T_cross_-today__input_-raw_rsi_ex-cross_rsi_sm-simple_same_b-allowe_warmup-ready_: ok fills=110 (64.8s)
[2358/2869] BANK2_OM-C_sequence__T_cross_-today__input_-raw_rsi_ex-cross_rsi_sm-simple_same_b-wait_b_warmup-ready_: ok fills=106 (59.7s)
[2359/2869] BANK2_OM-C_sequence__OAT_a_exec-set_holdings: ok fills=95 (66.4s)
[2360/2869] BANK2_OM-C_sequence__SPOT_all_excluded_off: ok fills=95 (63.4s)
[2361/2869] BANK2_OM-C_shared_state__ref: ok fills=125 (65.3s)
[2362/2869] BANK2_OM-C_shared_state__T_cross_-both_d_input_-adjust_rsi_ex-level_rsi_sm-wilder_same_b-allowe_warmup-ready_: ok fills=121 (68.4s)
[2363/2869] BANK2_OM-C_shared_state__T_cross_-both_d_input_-adjust_rsi_ex-level_rsi_sm-wilder_same_b-wait_b_warmup-strict: ok fills=131 (62.5s)
[2364/2869] BANK2_OM-C_shared_state__T_cross_-both_d_input_-adjust_rsi_ex-level_rsi_sm-wilder_same_b-wait_b_warmup-ready_: ok fills=127 (65.5s)
[2365/2869] BANK2_OM-C_shared_state__T_cross_-both_d_input_-adjust_rsi_ex-cross_rsi_sm-wilder_same_b-wait_b_warmup-strict: exit=1 fills=None (11.7s)
[2366/2869] BANK2_OM-C_shared_state__T_cross_-both_d_input_-adjust_rsi_ex-level_rsi_sm-simple_same_b-allowe_warmup-strict: ok fills=193 (64.9s)
[2367/2869] BANK2_OM-C_shared_state__T_cross_-both_d_input_-adjust_rsi_ex-level_rsi_sm-simple_same_b-allowe_warmup-ready_: ok fills=179 (64.4s)
[2368/2869] BANK2_OM-C_shared_state__T_cross_-both_d_input_-adjust_rsi_ex-level_rsi_sm-simple_same_b-wait_b_warmup-strict: ok fills=179 (67.6s)
[2369/2869] BANK2_OM-C_shared_state__T_cross_-both_d_input_-adjust_rsi_ex-level_rsi_sm-simple_same_b-wait_b_warmup-ready_: ok fills=169 (68.3s)
[2370/2869] BANK2_OM-C_shared_state__T_cross_-both_d_input_-adjust_rsi_ex-cross_rsi_sm-wilder_same_b-allowe_warmup-strict: ok fills=119 (69.2s)
[2371/2869] BANK2_OM-C_shared_state__T_cross_-both_d_input_-adjust_rsi_ex-cross_rsi_sm-wilder_same_b-allowe_warmup-ready_: ok fills=115 (70.0s)
[2372/2869] BANK2_OM-C_shared_state__T_cross_-both_d_input_-adjust_rsi_ex-cross_rsi_sm-simple_same_b-allowe_warmup-strict: ok fills=179 (69.7s)
[2373/2869] BANK2_OM-C_shared_state__T_cross_-both_d_input_-adjust_rsi_ex-cross_rsi_sm-wilder_same_b-wait_b_warmup-ready_: ok fills=106 (74.0s)
[2374/2869] BANK2_OM-C_shared_state__T_cross_-both_d_input_-adjust_rsi_ex-cross_rsi_sm-simple_same_b-allowe_warmup-ready_: ok fills=171 (73.3s)
[2375/2869] BANK2_OM-C_shared_state__T_cross_-both_d_input_-adjust_rsi_ex-cross_rsi_sm-simple_same_b-wait_b_warmup-strict: ok fills=175 (72.9s)
[2376/2869] BANK2_OM-C_shared_state__T_cross_-both_d_input_-raw_rsi_ex-level_rsi_sm-simple_same_b-allowe_warmup-ready_: exit=1 fills=None (20.0s)
[2377/2869] BANK2_OM-C_shared_state__T_cross_-both_d_input_-adjust_rsi_ex-cross_rsi_sm-simple_same_b-wait_b_warmup-ready_: ok fills=167 (68.1s)
[2378/2869] BANK2_OM-C_shared_state__T_cross_-both_d_input_-raw_rsi_ex-level_rsi_sm-wilder_same_b-allowe_warmup-strict: ok fills=137 (72.3s)
[2379/2869] BANK2_OM-C_shared_state__T_cross_-both_d_input_-raw_rsi_ex-level_rsi_sm-wilder_same_b-allowe_warmup-ready_: ok fills=133 (69.5s)
[2380/2869] BANK2_OM-C_shared_state__T_cross_-both_d_input_-raw_rsi_ex-level_rsi_sm-wilder_same_b-wait_b_warmup-strict: ok fills=155 (71.4s)
[2381/2869] BANK2_OM-C_shared_state__T_cross_-both_d_input_-raw_rsi_ex-level_rsi_sm-wilder_same_b-wait_b_warmup-ready_: ok fills=151 (70.0s)
[2382/2869] BANK2_OM-C_shared_state__T_cross_-both_d_input_-raw_rsi_ex-level_rsi_sm-simple_same_b-allowe_warmup-strict: ok fills=201 (70.9s)
[2383/2869] BANK2_OM-C_shared_state__T_cross_-both_d_input_-raw_rsi_ex-level_rsi_sm-simple_same_b-wait_b_warmup-strict: ok fills=195 (69.7s)
[2384/2869] BANK2_OM-C_shared_state__T_cross_-both_d_input_-raw_rsi_ex-level_rsi_sm-simple_same_b-wait_b_warmup-ready_: ok fills=185 (69.7s)
[2385/2869] BANK2_OM-C_shared_state__T_cross_-both_d_input_-raw_rsi_ex-cross_rsi_sm-wilder_same_b-allowe_warmup-strict: ok fills=133 (67.2s)
[2386/2869] BANK2_OM-C_shared_state__T_cross_-both_d_input_-raw_rsi_ex-cross_rsi_sm-simple_same_b-wait_b_warmup-ready_: exit=1 fills=None (14.8s)
[2387/2869] BANK2_OM-C_shared_state__T_cross_-both_d_input_-raw_rsi_ex-cross_rsi_sm-wilder_same_b-allowe_warmup-ready_: ok fills=129 (72.5s)
[2388/2869] BANK2_OM-C_shared_state__T_cross_-both_d_input_-raw_rsi_ex-cross_rsi_sm-wilder_same_b-wait_b_warmup-strict: ok fills=149 (71.2s)
[2389/2869] BANK2_OM-C_shared_state__T_cross_-both_d_input_-raw_rsi_ex-cross_rsi_sm-wilder_same_b-wait_b_warmup-ready_: ok fills=145 (70.5s)
[2390/2869] BANK2_OM-C_shared_state__T_cross_-both_d_input_-raw_rsi_ex-cross_rsi_sm-simple_same_b-allowe_warmup-strict: ok fills=175 (75.6s)
[2391/2869] BANK2_OM-C_shared_state__T_cross_-both_d_input_-raw_rsi_ex-cross_rsi_sm-simple_same_b-allowe_warmup-ready_: ok fills=167 (74.8s)
[2392/2869] BANK2_OM-C_shared_state__T_cross_-both_d_input_-raw_rsi_ex-cross_rsi_sm-simple_same_b-wait_b_warmup-strict: ok fills=181 (77.6s)
[2393/2869] BANK2_OM-C_shared_state__T_cross_-today__input_-adjust_rsi_ex-level_rsi_sm-wilder_same_b-allowe_warmup-ready_: ok fills=131 (69.4s)
[2394/2869] BANK2_OM-C_shared_state__T_cross_-today__input_-adjust_rsi_ex-level_rsi_sm-wilder_same_b-allowe_warmup-strict: ok fills=135 (70.5s)
[2395/2869] BANK2_OM-C_shared_state__T_cross_-today__input_-adjust_rsi_ex-level_rsi_sm-wilder_same_b-wait_b_warmup-strict: ok fills=141 (74.8s)
[2396/2869] BANK2_OM-C_shared_state__T_cross_-today__input_-adjust_rsi_ex-level_rsi_sm-wilder_same_b-wait_b_warmup-ready_: ok fills=137 (75.9s)
[2397/2869] BANK2_OM-C_shared_state__T_cross_-today__input_-adjust_rsi_ex-cross_rsi_sm-wilder_same_b-allowe_warmup-strict: exit=1 fills=None (17.7s)
[2398/2869] BANK2_OM-C_shared_state__T_cross_-today__input_-adjust_rsi_ex-level_rsi_sm-simple_same_b-allowe_warmup-strict: ok fills=205 (71.0s)
[2399/2869] BANK2_OM-C_shared_state__T_cross_-today__input_-adjust_rsi_ex-level_rsi_sm-simple_same_b-allowe_warmup-ready_: ok fills=191 (71.6s)
[2400/2869] BANK2_OM-C_shared_state__T_cross_-today__input_-adjust_rsi_ex-level_rsi_sm-simple_same_b-wait_b_warmup-strict: ok fills=191 (72.5s)
[2401/2869] BANK2_OM-C_shared_state__T_cross_-today__input_-adjust_rsi_ex-level_rsi_sm-simple_same_b-wait_b_warmup-ready_: ok fills=181 (70.2s)
[2402/2869] BANK2_OM-C_shared_state__T_cross_-today__input_-adjust_rsi_ex-cross_rsi_sm-wilder_same_b-allowe_warmup-ready_: ok fills=125 (67.1s)
[2403/2869] BANK2_OM-C_shared_state__T_cross_-today__input_-adjust_rsi_ex-cross_rsi_sm-simple_same_b-allowe_warmup-strict: ok fills=189 (59.7s)
[2404/2869] BANK2_OM-C_shared_state__T_cross_-today__input_-adjust_rsi_ex-cross_rsi_sm-simple_same_b-allowe_warmup-ready_: ok fills=181 (59.9s)
[2405/2869] BANK2_OM-C_shared_state__T_cross_-today__input_-adjust_rsi_ex-cross_rsi_sm-wilder_same_b-wait_b_warmup-strict: ok fills=135 (62.7s)
[2406/2869] BANK2_OM-C_shared_state__T_cross_-today__input_-adjust_rsi_ex-cross_rsi_sm-wilder_same_b-wait_b_warmup-ready_: ok fills=131 (60.6s)
[2407/2869] BANK2_OM-C_shared_state__T_cross_-today__input_-adjust_rsi_ex-cross_rsi_sm-simple_same_b-wait_b_warmup-strict: ok fills=185 (62.6s)
[2408/2869] BANK2_OM-C_shared_state__T_cross_-today__input_-adjust_rsi_ex-cross_rsi_sm-simple_same_b-wait_b_warmup-ready_: ok fills=177 (66.6s)
[2409/2869] BANK2_OM-C_shared_state__T_cross_-today__input_-raw_rsi_ex-level_rsi_sm-wilder_same_b-allowe_warmup-strict: ok fills=137 (66.9s)
[2410/2869] BANK2_OM-C_shared_state__T_cross_-today__input_-raw_rsi_ex-level_rsi_sm-wilder_same_b-allowe_warmup-ready_: ok fills=133 (67.6s)
[2411/2869] BANK2_OM-C_shared_state__T_cross_-today__input_-raw_rsi_ex-level_rsi_sm-simple_same_b-allowe_warmup-ready_: ok fills=185 (62.2s)
[2412/2869] BANK2_OM-C_shared_state__T_cross_-today__input_-raw_rsi_ex-level_rsi_sm-wilder_same_b-wait_b_warmup-strict: ok fills=155 (63.8s)
[2413/2869] BANK2_OM-C_shared_state__T_cross_-today__input_-raw_rsi_ex-level_rsi_sm-simple_same_b-allowe_warmup-strict: ok fills=199 (63.1s)
[2414/2869] BANK2_OM-C_shared_state__T_cross_-today__input_-raw_rsi_ex-level_rsi_sm-wilder_same_b-wait_b_warmup-ready_: ok fills=151 (71.7s)
[2415/2869] BANK2_OM-C_shared_state__T_cross_-today__input_-raw_rsi_ex-level_rsi_sm-simple_same_b-wait_b_warmup-strict: ok fills=193 (74.0s)
[2416/2869] BANK2_OM-C_shared_state__T_cross_-today__input_-raw_rsi_ex-level_rsi_sm-simple_same_b-wait_b_warmup-ready_: ok fills=183 (74.4s)
[2417/2869] BANK2_OM-C_shared_state__T_cross_-today__input_-raw_rsi_ex-cross_rsi_sm-wilder_same_b-allowe_warmup-strict: ok fills=133 (73.3s)
[2418/2869] BANK2_OM-C_shared_state__T_cross_-today__input_-raw_rsi_ex-cross_rsi_sm-wilder_same_b-allowe_warmup-ready_: ok fills=129 (77.1s)
[2419/2869] BANK2_OM-C_shared_state__T_cross_-today__input_-raw_rsi_ex-cross_rsi_sm-simple_same_b-allowe_warmup-strict: ok fills=173 (80.9s)
[2420/2869] BANK2_OM-C_shared_state__T_cross_-today__input_-raw_rsi_ex-cross_rsi_sm-wilder_same_b-wait_b_warmup-strict: ok fills=149 (82.8s)
[2421/2869] BANK2_OM-C_shared_state__T_cross_-today__input_-raw_rsi_ex-cross_rsi_sm-wilder_same_b-wait_b_warmup-ready_: ok fills=145 (86.1s)
[2422/2869] BANK2_OM-C_shared_state__T_cross_-today__input_-raw_rsi_ex-cross_rsi_sm-simple_same_b-allowe_warmup-ready_: ok fills=165 (81.0s)
[2423/2869] BANK2_OM-C_shared_state__T_cross_-today__input_-raw_rsi_ex-cross_rsi_sm-simple_same_b-wait_b_warmup-strict: ok fills=179 (76.9s)
[2424/2869] BANK2_OM-C_shared_state__T_cross_-today__input_-raw_rsi_ex-cross_rsi_sm-simple_same_b-wait_b_warmup-ready_: ok fills=171 (82.0s)
[2425/2869] BANK2_OM-C_shared_state__OAT_a_exec-set_holdings: ok fills=125 (77.8s)
[2426/2869] BANK2_PX-01_c5000__T_input_-raw_rsi_ex-level_rsi_sm-wilder_same_b-allowe_warmup-ready_: exit=1 fills=None (15.2s)
[2427/2869] BANK2_OM-C_shared_state__SPOT_all_excluded_off: ok fills=125 (74.6s)
[2428/2869] BANK2_PX-01_c5000__ref: ok fills=270 (78.1s)
[2429/2869] BANK2_PX-01_c5000__T_input_-raw_rsi_ex-level_rsi_sm-wilder_same_b-allowe_warmup-strict: ok fills=280 (77.2s)
[2430/2869] BANK2_PX-01_c5000__T_input_-raw_rsi_ex-level_rsi_sm-wilder_same_b-wait_b_warmup-strict: ok fills=278 (75.1s)
[2431/2869] BANK2_PX-01_c5000__T_input_-adjust_rsi_ex-level_rsi_sm-wilder_same_b-wait_b_warmup-strict: ok fills=266 (78.9s)
[2432/2869] BANK2_PX-01_c5000__T_input_-adjust_rsi_ex-level_rsi_sm-wilder_same_b-allowe_warmup-ready_: ok fills=266 (73.0s)
[2433/2869] BANK2_PX-01_c5000__T_input_-adjust_rsi_ex-level_rsi_sm-wilder_same_b-wait_b_warmup-ready_: ok fills=262 (71.5s)
[2434/2869] BANK2_PX-01_c5000__T_input_-raw_rsi_ex-level_rsi_sm-wilder_same_b-wait_b_warmup-ready_: ok fills=274 (75.0s)
[2435/2869] BANK2_PX-01_c5000__T_input_-adjust_rsi_ex-cross_rsi_sm-wilder_same_b-allowe_warmup-strict: ok fills=250 (76.2s)
[2436/2869] BANK2_PX-01_c5000__T_input_-raw_rsi_ex-cross_rsi_sm-wilder_same_b-allowe_warmup-strict: ok fills=264 (74.2s)
[2437/2869] BANK2_PX-01_c5000__T_input_-adjust_rsi_ex-cross_rsi_sm-wilder_same_b-wait_b_warmup-strict: ok fills=250 (74.8s)
[2438/2869] BANK2_PX-01_c5000__T_input_-raw_rsi_ex-cross_rsi_sm-wilder_same_b-wait_b_warmup-strict: ok fills=264 (73.4s)
[2439/2869] BANK2_PX-01_c5000__T_input_-adjust_rsi_ex-cross_rsi_sm-wilder_same_b-allowe_warmup-ready_: ok fills=246 (82.4s)
[2440/2869] BANK2_PX-01_c5000__T_input_-raw_rsi_ex-cross_rsi_sm-wilder_same_b-allowe_warmup-ready_: ok fills=260 (83.1s)
[2441/2869] BANK2_PX-01_c5000__T_input_-adjust_rsi_ex-cross_rsi_sm-wilder_same_b-wait_b_warmup-ready_: ok fills=246 (80.6s)
[2442/2869] BANK2_PX-01_c5000__T_input_-raw_rsi_ex-cross_rsi_sm-wilder_same_b-wait_b_warmup-ready_: ok fills=260 (79.4s)
[2443/2869] BANK2_PX-01_c5000__T_input_-adjust_rsi_ex-level_rsi_sm-simple_same_b-allowe_warmup-strict: ok fills=320 (79.6s)
[2444/2869] BANK2_PX-01_c5000__T_input_-raw_rsi_ex-level_rsi_sm-simple_same_b-allowe_warmup-strict: ok fills=338 (84.4s)
[2445/2869] BANK2_PX-01_c5000__T_input_-raw_rsi_ex-level_rsi_sm-simple_same_b-wait_b_warmup-strict: ok fills=324 (82.3s)
[2446/2869] BANK2_PX-01_c5000__T_input_-adjust_rsi_ex-cross_rsi_sm-simple_same_b-allowe_warmup-strict: exit=1 fills=None (18.9s)
[2447/2869] BANK2_PX-01_c5000__T_input_-adjust_rsi_ex-level_rsi_sm-simple_same_b-wait_b_warmup-strict: ok fills=306 (90.6s)
[2448/2869] BANK2_PX-01_c5000__T_input_-adjust_rsi_ex-level_rsi_sm-simple_same_b-allowe_warmup-ready_: ok fills=306 (84.0s)
[2449/2869] BANK2_PX-01_c5000__T_input_-raw_rsi_ex-level_rsi_sm-simple_same_b-allowe_warmup-ready_: ok fills=324 (76.3s)
[2450/2869] BANK2_PX-01_c5000__T_input_-adjust_rsi_ex-level_rsi_sm-simple_same_b-wait_b_warmup-ready_: ok fills=296 (77.7s)
[2451/2869] BANK2_PX-01_c5000__T_input_-raw_rsi_ex-level_rsi_sm-simple_same_b-wait_b_warmup-ready_: ok fills=314 (78.8s)
[2452/2869] BANK2_PX-01_c5000__T_input_-raw_rsi_ex-cross_rsi_sm-simple_same_b-wait_b_warmup-strict: ok fills=290 (75.8s)
[2453/2869] BANK2_PX-01_c5000__T_input_-adjust_rsi_ex-cross_rsi_sm-simple_same_b-wait_b_warmup-strict: ok fills=270 (76.4s)
[2454/2869] BANK2_PX-01_c5000__T_input_-raw_rsi_ex-cross_rsi_sm-simple_same_b-allowe_warmup-strict: ok fills=290 (80.9s)
[2455/2869] BANK2_PX-01_c5000__T_input_-adjust_rsi_ex-cross_rsi_sm-simple_same_b-allowe_warmup-ready_: ok fills=262 (81.3s)
[2456/2869] BANK2_PX-01_c5000__T_input_-raw_rsi_ex-cross_rsi_sm-simple_same_b-allowe_warmup-ready_: ok fills=282 (84.3s)
[2457/2869] BANK2_PX-01_c5000__T_input_-adjust_rsi_ex-cross_rsi_sm-simple_same_b-wait_b_warmup-ready_: ok fills=262 (87.7s)
[2458/2869] BANK2_PX-01_c5000__T_input_-raw_rsi_ex-cross_rsi_sm-simple_same_b-wait_b_warmup-ready_: ok fills=282 (82.7s)
[2459/2869] BANK2_PX-01_c5000__OAT_a_exec-set_holdings: ok fills=270 (79.0s)
[2460/2869] BANK2_PX-01_c5000__OAT_cross_timing-today_ma: ok fills=266 (75.8s)
[2461/2869] BANK2_PX-01_c10000__ref: ok fills=270 (75.8s)
[2462/2869] BANK2_PX-01_c5000__SPOT_all_excluded_off: ok fills=266 (79.6s)
[2463/2869] BANK2_PX-01_c10000__T_input_-raw_rsi_ex-level_rsi_sm-wilder_same_b-allowe_warmup-strict: ok fills=280 (84.5s)
[2464/2869] BANK2_PX-01_c10000__T_input_-adjust_rsi_ex-cross_rsi_sm-wilder_same_b-allowe_warmup-strict: exit=1 fills=None (15.9s)
[2465/2869] BANK2_PX-01_c10000__T_input_-adjust_rsi_ex-level_rsi_sm-wilder_same_b-wait_b_warmup-strict: ok fills=266 (80.4s)
[2466/2869] BANK2_PX-01_c10000__T_input_-raw_rsi_ex-level_rsi_sm-wilder_same_b-wait_b_warmup-strict: ok fills=278 (77.4s)
[2467/2869] BANK2_PX-01_c10000__T_input_-raw_rsi_ex-cross_rsi_sm-wilder_same_b-wait_b_warmup-strict: exit=1 fills=None (13.8s)
[2468/2869] BANK2_PX-01_c10000__T_input_-adjust_rsi_ex-level_rsi_sm-wilder_same_b-allowe_warmup-ready_: ok fills=266 (73.1s)
[2469/2869] BANK2_PX-01_c10000__T_input_-raw_rsi_ex-level_rsi_sm-wilder_same_b-allowe_warmup-ready_: ok fills=276 (75.3s)
[2470/2869] BANK2_PX-01_c10000__T_input_-raw_rsi_ex-level_rsi_sm-wilder_same_b-wait_b_warmup-ready_: ok fills=274 (73.2s)
[2471/2869] BANK2_PX-01_c10000__T_input_-adjust_rsi_ex-level_rsi_sm-wilder_same_b-wait_b_warmup-ready_: ok fills=262 (77.6s)
[2472/2869] BANK2_PX-01_c10000__T_input_-raw_rsi_ex-cross_rsi_sm-wilder_same_b-allowe_warmup-strict: ok fills=264 (74.2s)
[2473/2869] BANK2_PX-01_c10000__T_input_-adjust_rsi_ex-cross_rsi_sm-wilder_same_b-wait_b_warmup-strict: ok fills=250 (74.8s)
[2474/2869] BANK2_PX-01_c10000__T_input_-adjust_rsi_ex-cross_rsi_sm-wilder_same_b-allowe_warmup-ready_: ok fills=246 (73.8s)
[2475/2869] BANK2_PX-01_c10000__T_input_-raw_rsi_ex-level_rsi_sm-simple_same_b-wait_b_warmup-strict: exit=1 fills=None (15.6s)
[2476/2869] BANK2_PX-01_c10000__T_input_-raw_rsi_ex-cross_rsi_sm-wilder_same_b-allowe_warmup-ready_: ok fills=260 (73.8s)
[2477/2869] BANK2_PX-01_c10000__T_input_-adjust_rsi_ex-cross_rsi_sm-wilder_same_b-wait_b_warmup-ready_: ok fills=246 (71.2s)
[2478/2869] BANK2_PX-01_c10000__T_input_-adjust_rsi_ex-level_rsi_sm-simple_same_b-allowe_warmup-ready_: exit=1 fills=None (16.6s)
[2479/2869] BANK2_PX-01_c10000__T_input_-raw_rsi_ex-cross_rsi_sm-wilder_same_b-wait_b_warmup-ready_: ok fills=260 (71.2s)
[2480/2869] BANK2_PX-01_c10000__T_input_-adjust_rsi_ex-level_rsi_sm-simple_same_b-allowe_warmup-strict: ok fills=320 (68.1s)
[2481/2869] BANK2_PX-01_c10000__T_input_-raw_rsi_ex-cross_rsi_sm-simple_same_b-allowe_warmup-strict: exit=1 fills=None (17.0s)
[2482/2869] BANK2_PX-01_c10000__T_input_-raw_rsi_ex-level_rsi_sm-simple_same_b-allowe_warmup-strict: ok fills=338 (67.6s)
[2483/2869] BANK2_PX-01_c10000__T_input_-adjust_rsi_ex-level_rsi_sm-simple_same_b-wait_b_warmup-strict: ok fills=306 (72.5s)
[2484/2869] BANK2_PX-01_c10000__T_input_-raw_rsi_ex-level_rsi_sm-simple_same_b-allowe_warmup-ready_: ok fills=324 (69.8s)
[2485/2869] BANK2_PX-01_c10000__T_input_-adjust_rsi_ex-level_rsi_sm-simple_same_b-wait_b_warmup-ready_: ok fills=296 (68.9s)
[2486/2869] BANK2_PX-01_c10000__T_input_-raw_rsi_ex-level_rsi_sm-simple_same_b-wait_b_warmup-ready_: ok fills=314 (69.7s)
[2487/2869] BANK2_PX-01_c10000__T_input_-adjust_rsi_ex-cross_rsi_sm-simple_same_b-allowe_warmup-strict: ok fills=270 (68.4s)
[2488/2869] BANK2_PX-01_c10000__T_input_-raw_rsi_ex-cross_rsi_sm-simple_same_b-wait_b_warmup-ready_: exit=1 fills=None (14.6s)
[2489/2869] BANK2_PX-01_c10000__T_input_-raw_rsi_ex-cross_rsi_sm-simple_same_b-wait_b_warmup-strict: ok fills=290 (73.2s)
[2490/2869] BANK2_PX-01_c10000__T_input_-adjust_rsi_ex-cross_rsi_sm-simple_same_b-wait_b_warmup-strict: ok fills=270 (75.9s)
[2491/2869] BANK2_PX-01_c10000__T_input_-adjust_rsi_ex-cross_rsi_sm-simple_same_b-allowe_warmup-ready_: ok fills=262 (76.0s)
[2492/2869] BANK2_PX-01_c10000__T_input_-raw_rsi_ex-cross_rsi_sm-simple_same_b-allowe_warmup-ready_: ok fills=282 (76.8s)
[2493/2869] BANK2_PX-01_c10000__T_input_-adjust_rsi_ex-cross_rsi_sm-simple_same_b-wait_b_warmup-ready_: ok fills=262 (75.9s)
[2494/2869] BANK2_PX-01_c10000__OAT_a_exec-set_holdings: ok fills=270 (75.6s)
[2495/2869] BANK2_PX-01_c10000__SPOT_all_excluded_off: ok fills=266 (74.8s)
[2496/2869] BANK2_PX-01_c10000__OAT_cross_timing-today_ma: ok fills=266 (77.5s)
[2497/2869] BANK2_PX-01_c20000__ref: ok fills=270 (75.3s)
[2498/2869] BANK2_PX-01_c20000__T_input_-adjust_rsi_ex-level_rsi_sm-wilder_same_b-wait_b_warmup-strict: ok fills=266 (72.6s)
[2499/2869] BANK2_PX-01_c20000__T_input_-raw_rsi_ex-level_rsi_sm-wilder_same_b-allowe_warmup-strict: ok fills=280 (74.7s)
[2500/2869] BANK2_PX-01_c20000__T_input_-raw_rsi_ex-level_rsi_sm-wilder_same_b-wait_b_warmup-strict: ok fills=278 (73.7s)
[2501/2869] BANK2_PX-01_c20000__T_input_-adjust_rsi_ex-level_rsi_sm-wilder_same_b-allowe_warmup-ready_: ok fills=266 (73.0s)
[2502/2869] BANK2_PX-01_c20000__T_input_-adjust_rsi_ex-level_rsi_sm-wilder_same_b-wait_b_warmup-ready_: ok fills=262 (73.7s)
[2503/2869] BANK2_PX-01_c20000__T_input_-raw_rsi_ex-level_rsi_sm-wilder_same_b-wait_b_warmup-ready_: ok fills=274 (73.3s)
[2504/2869] BANK2_PX-01_c20000__T_input_-raw_rsi_ex-level_rsi_sm-wilder_same_b-allowe_warmup-ready_: ok fills=276 (78.2s)
[2505/2869] BANK2_PX-01_c20000__T_input_-adjust_rsi_ex-cross_rsi_sm-wilder_same_b-wait_b_warmup-strict: ok fills=250 (78.9s)
[2506/2869] BANK2_PX-01_c20000__T_input_-raw_rsi_ex-cross_rsi_sm-wilder_same_b-allowe_warmup-strict: ok fills=264 (81.6s)
[2507/2869] BANK2_PX-01_c20000__T_input_-adjust_rsi_ex-cross_rsi_sm-wilder_same_b-allowe_warmup-strict: ok fills=250 (83.6s)
[2508/2869] BANK2_PX-01_c20000__T_input_-raw_rsi_ex-cross_rsi_sm-wilder_same_b-wait_b_warmup-strict: ok fills=264 (78.5s)
[2509/2869] BANK2_PX-01_c20000__T_input_-adjust_rsi_ex-cross_rsi_sm-wilder_same_b-allowe_warmup-ready_: ok fills=246 (79.5s)
[2510/2869] BANK2_PX-01_c20000__T_input_-raw_rsi_ex-cross_rsi_sm-wilder_same_b-allowe_warmup-ready_: ok fills=260 (78.9s)
[2511/2869] BANK2_PX-01_c20000__T_input_-adjust_rsi_ex-cross_rsi_sm-wilder_same_b-wait_b_warmup-ready_: ok fills=246 (77.4s)
[2512/2869] BANK2_PX-01_c20000__T_input_-raw_rsi_ex-cross_rsi_sm-wilder_same_b-wait_b_warmup-ready_: ok fills=260 (82.5s)
[2513/2869] BANK2_PX-01_c20000__T_input_-adjust_rsi_ex-level_rsi_sm-simple_same_b-allowe_warmup-strict: ok fills=320 (70.1s)
[2514/2869] BANK2_PX-01_c20000__T_input_-adjust_rsi_ex-level_rsi_sm-simple_same_b-wait_b_warmup-strict: ok fills=306 (73.5s)
[2515/2869] BANK2_PX-01_c20000__T_input_-raw_rsi_ex-level_rsi_sm-simple_same_b-allowe_warmup-strict: ok fills=338 (74.1s)
[2516/2869] BANK2_PX-01_c20000__T_input_-raw_rsi_ex-level_rsi_sm-simple_same_b-wait_b_warmup-strict: ok fills=324 (77.7s)
[2517/2869] BANK2_PX-01_c20000__T_input_-adjust_rsi_ex-level_rsi_sm-simple_same_b-allowe_warmup-ready_: ok fills=306 (74.8s)
[2518/2869] BANK2_PX-01_c20000__T_input_-raw_rsi_ex-level_rsi_sm-simple_same_b-allowe_warmup-ready_: ok fills=324 (81.8s)
[2519/2869] BANK2_PX-01_c20000__T_input_-adjust_rsi_ex-level_rsi_sm-simple_same_b-wait_b_warmup-ready_: ok fills=296 (81.6s)
[2520/2869] BANK2_PX-01_c20000__T_input_-raw_rsi_ex-level_rsi_sm-simple_same_b-wait_b_warmup-ready_: ok fills=314 (82.5s)
[2521/2869] BANK2_PX-01_c20000__T_input_-adjust_rsi_ex-cross_rsi_sm-simple_same_b-allowe_warmup-strict: ok fills=270 (84.3s)
[2522/2869] BANK2_PX-01_c20000__T_input_-raw_rsi_ex-cross_rsi_sm-simple_same_b-allowe_warmup-strict: ok fills=290 (83.6s)
[2523/2869] BANK2_PX-01_c20000__T_input_-adjust_rsi_ex-cross_rsi_sm-simple_same_b-wait_b_warmup-strict: ok fills=270 (83.7s)
[2524/2869] BANK2_PX-01_c20000__T_input_-raw_rsi_ex-cross_rsi_sm-simple_same_b-wait_b_warmup-strict: ok fills=290 (72.9s)
[2525/2869] BANK2_PX-01_c20000__OAT_cross_timing-today_ma: exit=1 fills=None (12.7s)
[2526/2869] BANK2_PX-01_c20000__T_input_-adjust_rsi_ex-cross_rsi_sm-simple_same_b-allowe_warmup-ready_: ok fills=262 (71.4s)
[2527/2869] BANK2_PX-01_c20000__T_input_-raw_rsi_ex-cross_rsi_sm-simple_same_b-allowe_warmup-ready_: ok fills=282 (68.2s)
[2528/2869] BANK2_PX-01_c20000__T_input_-adjust_rsi_ex-cross_rsi_sm-simple_same_b-wait_b_warmup-ready_: ok fills=262 (71.8s)
[2529/2869] BANK2_PX-01_c20000__T_input_-raw_rsi_ex-cross_rsi_sm-simple_same_b-wait_b_warmup-ready_: ok fills=282 (71.1s)
[2530/2869] BANK2_PX-01_c20000__OAT_a_exec-set_holdings: ok fills=270 (71.4s)
[2531/2869] BANK2_PX-01_c20000__SPOT_all_excluded_off: ok fills=266 (72.7s)
[2532/2869] BANK2_PX-01_c50000__ref: ok fills=270 (76.7s)
[2533/2869] BANK2_PX-01_c50000__T_input_-raw_rsi_ex-level_rsi_sm-wilder_same_b-wait_b_warmup-ready_: exit=1 fills=None (16.5s)
[2534/2869] BANK2_PX-01_c50000__T_input_-raw_rsi_ex-level_rsi_sm-wilder_same_b-allowe_warmup-strict: ok fills=280 (77.9s)
[2535/2869] BANK2_PX-01_c50000__T_input_-adjust_rsi_ex-level_rsi_sm-wilder_same_b-wait_b_warmup-strict: ok fills=266 (71.1s)
[2536/2869] BANK2_PX-01_c50000__T_input_-raw_rsi_ex-level_rsi_sm-wilder_same_b-wait_b_warmup-strict: ok fills=278 (77.4s)
[2537/2869] BANK2_PX-01_c50000__T_input_-raw_rsi_ex-level_rsi_sm-wilder_same_b-allowe_warmup-ready_: ok fills=276 (70.3s)
[2538/2869] BANK2_PX-01_c50000__T_input_-adjust_rsi_ex-level_rsi_sm-wilder_same_b-allowe_warmup-ready_: ok fills=266 (76.8s)
[2539/2869] BANK2_PX-01_c50000__T_input_-adjust_rsi_ex-level_rsi_sm-wilder_same_b-wait_b_warmup-ready_: ok fills=262 (71.9s)
[2540/2869] BANK2_PX-01_c50000__T_input_-adjust_rsi_ex-cross_rsi_sm-wilder_same_b-allowe_warmup-strict: ok fills=250 (65.4s)
[2541/2869] BANK2_PX-01_c50000__T_input_-raw_rsi_ex-cross_rsi_sm-wilder_same_b-allowe_warmup-strict: ok fills=264 (67.8s)
[2542/2869] BANK2_PX-01_c50000__T_input_-raw_rsi_ex-cross_rsi_sm-wilder_same_b-wait_b_warmup-strict: ok fills=264 (65.1s)
[2543/2869] BANK2_PX-01_c50000__T_input_-adjust_rsi_ex-cross_rsi_sm-wilder_same_b-wait_b_warmup-strict: ok fills=250 (69.4s)
[2544/2869] BANK2_PX-01_c50000__T_input_-adjust_rsi_ex-cross_rsi_sm-wilder_same_b-allowe_warmup-ready_: ok fills=246 (65.9s)
[2545/2869] BANK2_PX-01_c50000__T_input_-raw_rsi_ex-cross_rsi_sm-wilder_same_b-allowe_warmup-ready_: ok fills=260 (66.7s)
[2546/2869] BANK2_PX-01_c50000__T_input_-adjust_rsi_ex-cross_rsi_sm-wilder_same_b-wait_b_warmup-ready_: ok fills=246 (68.9s)
[2547/2869] BANK2_PX-01_c50000__T_input_-raw_rsi_ex-cross_rsi_sm-wilder_same_b-wait_b_warmup-ready_: ok fills=260 (69.7s)
[2548/2869] BANK2_PX-01_c50000__T_input_-adjust_rsi_ex-level_rsi_sm-simple_same_b-allowe_warmup-strict: ok fills=320 (73.7s)
[2549/2869] BANK2_PX-01_c50000__T_input_-raw_rsi_ex-level_rsi_sm-simple_same_b-allowe_warmup-strict: ok fills=338 (76.9s)
[2550/2869] BANK2_PX-01_c50000__T_input_-adjust_rsi_ex-level_rsi_sm-simple_same_b-wait_b_warmup-strict: ok fills=306 (76.7s)
[2551/2869] BANK2_PX-01_c50000__T_input_-raw_rsi_ex-level_rsi_sm-simple_same_b-wait_b_warmup-strict: ok fills=324 (82.0s)
[2552/2869] BANK2_PX-01_c50000__T_input_-adjust_rsi_ex-cross_rsi_sm-simple_same_b-allowe_warmup-strict: exit=1 fills=None (14.4s)
[2553/2869] BANK2_PX-01_c50000__T_input_-adjust_rsi_ex-level_rsi_sm-simple_same_b-allowe_warmup-ready_: ok fills=306 (78.2s)
[2554/2869] BANK2_PX-01_c50000__T_input_-raw_rsi_ex-level_rsi_sm-simple_same_b-allowe_warmup-ready_: ok fills=324 (80.6s)
[2555/2869] BANK2_PX-01_c50000__T_input_-adjust_rsi_ex-level_rsi_sm-simple_same_b-wait_b_warmup-ready_: ok fills=296 (80.4s)
[2556/2869] BANK2_PX-01_c50000__T_input_-raw_rsi_ex-level_rsi_sm-simple_same_b-wait_b_warmup-ready_: ok fills=314 (76.3s)
[2557/2869] BANK2_PX-01_c50000__T_input_-raw_rsi_ex-cross_rsi_sm-simple_same_b-allowe_warmup-strict: ok fills=290 (73.2s)
[2558/2869] BANK2_PX-01_c50000__T_input_-adjust_rsi_ex-cross_rsi_sm-simple_same_b-wait_b_warmup-strict: ok fills=270 (76.4s)
[2559/2869] BANK2_PX-01_c50000__T_input_-adjust_rsi_ex-cross_rsi_sm-simple_same_b-allowe_warmup-ready_: ok fills=262 (71.0s)
[2560/2869] BANK2_PX-01_c50000__T_input_-raw_rsi_ex-cross_rsi_sm-simple_same_b-wait_b_warmup-strict: ok fills=290 (75.0s)
[2561/2869] BANK2_PX-01_c50000__T_input_-raw_rsi_ex-cross_rsi_sm-simple_same_b-allowe_warmup-ready_: ok fills=282 (68.9s)
[2562/2869] BANK2_PX-01_c50000__T_input_-raw_rsi_ex-cross_rsi_sm-simple_same_b-wait_b_warmup-ready_: ok fills=282 (72.9s)
[2563/2869] BANK2_PX-01_c50000__T_input_-adjust_rsi_ex-cross_rsi_sm-simple_same_b-wait_b_warmup-ready_: ok fills=262 (77.8s)
[2564/2869] BANK2_PX-01_c50000__OAT_a_exec-set_holdings: ok fills=270 (76.1s)
[2565/2869] BANK2_PX-01_c50000__OAT_cross_timing-today_ma: ok fills=266 (77.2s)
[2566/2869] BANK2_BL-06_skip__ref: ok fills=270 (73.3s)
[2567/2869] BANK2_PX-01_c50000__SPOT_all_excluded_off: ok fills=266 (80.7s)
[2568/2869] BANK2_BL-06_skip__T_input_-raw_rsi_ex-level_rsi_sm-wilder_same_b-allowe_warmup-strict: ok fills=280 (79.6s)
[2569/2869] BANK2_BL-06_skip__T_input_-adjust_rsi_ex-level_rsi_sm-wilder_same_b-wait_b_warmup-strict: ok fills=266 (74.8s)
[2570/2869] BANK2_BL-06_skip__T_input_-adjust_rsi_ex-cross_rsi_sm-wilder_same_b-allowe_warmup-strict: exit=1 fills=None (15.3s)
[2571/2869] BANK2_BL-06_skip__T_input_-raw_rsi_ex-level_rsi_sm-wilder_same_b-wait_b_warmup-strict: ok fills=278 (73.4s)
[2572/2869] BANK2_BL-06_skip__T_input_-adjust_rsi_ex-level_rsi_sm-wilder_same_b-allowe_warmup-ready_: ok fills=266 (75.7s)
[2573/2869] BANK2_BL-06_skip__T_input_-raw_rsi_ex-level_rsi_sm-wilder_same_b-allowe_warmup-ready_: ok fills=276 (73.8s)
[2574/2869] BANK2_BL-06_skip__T_input_-adjust_rsi_ex-level_rsi_sm-wilder_same_b-wait_b_warmup-ready_: ok fills=262 (66.4s)
[2575/2869] BANK2_BL-06_skip__T_input_-raw_rsi_ex-level_rsi_sm-wilder_same_b-wait_b_warmup-ready_: ok fills=274 (69.6s)
[2576/2869] BANK2_BL-06_skip__T_input_-raw_rsi_ex-cross_rsi_sm-wilder_same_b-allowe_warmup-strict: ok fills=264 (67.8s)
[2577/2869] BANK2_BL-06_skip__T_input_-adjust_rsi_ex-cross_rsi_sm-wilder_same_b-wait_b_warmup-strict: ok fills=250 (71.4s)
[2578/2869] BANK2_BL-06_skip__T_input_-raw_rsi_ex-cross_rsi_sm-wilder_same_b-wait_b_warmup-strict: ok fills=264 (71.8s)
[2579/2869] BANK2_BL-06_skip__T_input_-adjust_rsi_ex-cross_rsi_sm-wilder_same_b-allowe_warmup-ready_: ok fills=246 (73.1s)
[2580/2869] BANK2_BL-06_skip__T_input_-raw_rsi_ex-cross_rsi_sm-wilder_same_b-allowe_warmup-ready_: ok fills=260 (73.5s)
[2581/2869] BANK2_BL-06_skip__T_input_-adjust_rsi_ex-cross_rsi_sm-wilder_same_b-wait_b_warmup-ready_: ok fills=246 (75.9s)
[2582/2869] BANK2_BL-06_skip__T_input_-adjust_rsi_ex-level_rsi_sm-simple_same_b-allowe_warmup-strict: ok fills=320 (71.8s)
[2583/2869] BANK2_BL-06_skip__T_input_-raw_rsi_ex-cross_rsi_sm-wilder_same_b-wait_b_warmup-ready_: ok fills=260 (78.1s)
[2584/2869] BANK2_BL-06_skip__T_input_-raw_rsi_ex-level_rsi_sm-simple_same_b-allowe_warmup-strict: ok fills=338 (70.1s)
[2585/2869] BANK2_BL-06_skip__T_input_-adjust_rsi_ex-level_rsi_sm-simple_same_b-wait_b_warmup-strict: ok fills=306 (68.4s)
[2586/2869] BANK2_BL-06_skip__T_input_-adjust_rsi_ex-cross_rsi_sm-simple_same_b-allowe_warmup-strict: exit=1 fills=None (16.7s)
[2587/2869] BANK2_BL-06_skip__T_input_-raw_rsi_ex-level_rsi_sm-simple_same_b-wait_b_warmup-strict: ok fills=324 (76.7s)
[2588/2869] BANK2_BL-06_skip__T_input_-adjust_rsi_ex-level_rsi_sm-simple_same_b-allowe_warmup-ready_: ok fills=306 (76.0s)
[2589/2869] BANK2_BL-06_skip__T_input_-raw_rsi_ex-level_rsi_sm-simple_same_b-allowe_warmup-ready_: ok fills=324 (75.4s)
[2590/2869] BANK2_BL-06_skip__T_input_-adjust_rsi_ex-cross_rsi_sm-simple_same_b-allowe_warmup-ready_: exit=1 fills=None (14.6s)
[2591/2869] BANK2_BL-06_skip__T_input_-adjust_rsi_ex-level_rsi_sm-simple_same_b-wait_b_warmup-ready_: ok fills=296 (74.1s)
[2592/2869] BANK2_BL-06_skip__T_input_-raw_rsi_ex-level_rsi_sm-simple_same_b-wait_b_warmup-ready_: ok fills=314 (73.2s)
[2593/2869] BANK2_BL-06_skip__T_input_-raw_rsi_ex-cross_rsi_sm-simple_same_b-allowe_warmup-strict: ok fills=290 (69.6s)
[2594/2869] BANK2_BL-06_skip__T_input_-raw_rsi_ex-cross_rsi_sm-simple_same_b-wait_b_warmup-strict: ok fills=290 (68.9s)
[2595/2869] BANK2_BL-06_skip__OAT_cross_timing-today_ma: exit=1 fills=None (14.3s)
[2596/2869] BANK2_BL-06_skip__T_input_-adjust_rsi_ex-cross_rsi_sm-simple_same_b-wait_b_warmup-strict: ok fills=270 (74.6s)
[2597/2869] BANK2_BL-06_skip__T_input_-raw_rsi_ex-cross_rsi_sm-simple_same_b-allowe_warmup-ready_: ok fills=282 (70.5s)
[2598/2869] BANK2_BL-06_skip__T_input_-adjust_rsi_ex-cross_rsi_sm-simple_same_b-wait_b_warmup-ready_: ok fills=262 (70.7s)
[2599/2869] BANK2_BL-06_skip__T_input_-raw_rsi_ex-cross_rsi_sm-simple_same_b-wait_b_warmup-ready_: ok fills=282 (72.4s)
[2600/2869] BANK2_BL-06_skip__OAT_a_exec-set_holdings: ok fills=270 (68.0s)
[2601/2869] BANK2_BL-06_skip__SPOT_all_excluded_off: ok fills=266 (69.4s)
[2602/2869] BANK2_BL-06_partial__ref: ok fills=270 (70.4s)
[2603/2869] BANK2_BL-06_partial__T_input_-raw_rsi_ex-level_rsi_sm-wilder_same_b-allowe_warmup-strict: ok fills=280 (71.0s)
[2604/2869] BANK2_BL-06_partial__T_input_-raw_rsi_ex-level_rsi_sm-wilder_same_b-wait_b_warmup-ready_: exit=1 fills=None (13.2s)
[2605/2869] BANK2_BL-06_partial__T_input_-adjust_rsi_ex-level_rsi_sm-wilder_same_b-wait_b_warmup-strict: ok fills=266 (68.7s)
[2606/2869] BANK2_BL-06_partial__T_input_-raw_rsi_ex-level_rsi_sm-wilder_same_b-wait_b_warmup-strict: ok fills=278 (68.0s)
[2607/2869] BANK2_BL-06_partial__T_input_-raw_rsi_ex-cross_rsi_sm-wilder_same_b-allowe_warmup-strict: exit=1 fills=None (18.0s)
[2608/2869] BANK2_BL-06_partial__T_input_-raw_rsi_ex-level_rsi_sm-wilder_same_b-allowe_warmup-ready_: ok fills=276 (69.5s)
[2609/2869] BANK2_BL-06_partial__T_input_-adjust_rsi_ex-level_rsi_sm-wilder_same_b-allowe_warmup-ready_: ok fills=266 (73.9s)
[2610/2869] BANK2_BL-06_partial__T_input_-adjust_rsi_ex-level_rsi_sm-wilder_same_b-wait_b_warmup-ready_: ok fills=262 (68.8s)
[2611/2869] BANK2_BL-06_partial__T_input_-adjust_rsi_ex-cross_rsi_sm-wilder_same_b-allowe_warmup-strict: ok fills=250 (64.2s)
[2612/2869] BANK2_BL-06_partial__T_input_-adjust_rsi_ex-cross_rsi_sm-wilder_same_b-wait_b_warmup-strict: ok fills=250 (68.9s)
[2613/2869] BANK2_BL-06_partial__T_input_-raw_rsi_ex-cross_rsi_sm-wilder_same_b-wait_b_warmup-strict: ok fills=264 (67.8s)
[2614/2869] BANK2_BL-06_partial__T_input_-adjust_rsi_ex-cross_rsi_sm-wilder_same_b-allowe_warmup-ready_: ok fills=246 (64.4s)
[2615/2869] BANK2_BL-06_partial__T_input_-raw_rsi_ex-cross_rsi_sm-wilder_same_b-allowe_warmup-ready_: ok fills=260 (68.4s)
[2616/2869] BANK2_BL-06_partial__T_input_-adjust_rsi_ex-cross_rsi_sm-wilder_same_b-wait_b_warmup-ready_: ok fills=246 (68.5s)
[2617/2869] BANK2_BL-06_partial__T_input_-raw_rsi_ex-cross_rsi_sm-wilder_same_b-wait_b_warmup-ready_: ok fills=260 (70.2s)
[2618/2869] BANK2_BL-06_partial__T_input_-adjust_rsi_ex-level_rsi_sm-simple_same_b-allowe_warmup-strict: ok fills=320 (69.2s)
[2619/2869] BANK2_BL-06_partial__T_input_-raw_rsi_ex-level_rsi_sm-simple_same_b-allowe_warmup-strict: ok fills=338 (65.1s)
[2620/2869] BANK2_BL-06_partial__T_input_-raw_rsi_ex-level_rsi_sm-simple_same_b-wait_b_warmup-strict: ok fills=324 (67.7s)
[2621/2869] BANK2_BL-06_partial__T_input_-adjust_rsi_ex-level_rsi_sm-simple_same_b-wait_b_warmup-strict: ok fills=306 (69.3s)
[2622/2869] BANK2_BL-06_partial__T_input_-adjust_rsi_ex-level_rsi_sm-simple_same_b-allowe_warmup-ready_: ok fills=306 (71.2s)
[2623/2869] BANK2_BL-06_partial__T_input_-raw_rsi_ex-level_rsi_sm-simple_same_b-allowe_warmup-ready_: ok fills=324 (68.1s)
[2624/2869] BANK2_BL-06_partial__T_input_-adjust_rsi_ex-level_rsi_sm-simple_same_b-wait_b_warmup-ready_: ok fills=296 (72.5s)
[2625/2869] BANK2_BL-06_partial__T_input_-raw_rsi_ex-cross_rsi_sm-simple_same_b-allowe_warmup-ready_: exit=1 fills=None (13.7s)
[2626/2869] BANK2_BL-06_partial__T_input_-raw_rsi_ex-level_rsi_sm-simple_same_b-wait_b_warmup-ready_: ok fills=314 (70.1s)
[2627/2869] BANK2_BL-06_partial__T_input_-adjust_rsi_ex-cross_rsi_sm-simple_same_b-allowe_warmup-strict: ok fills=270 (69.9s)
[2628/2869] BANK2_BL-06_partial__T_input_-raw_rsi_ex-cross_rsi_sm-simple_same_b-allowe_warmup-strict: ok fills=290 (64.1s)
[2629/2869] BANK2_BL-06_partial__T_input_-adjust_rsi_ex-cross_rsi_sm-simple_same_b-wait_b_warmup-strict: ok fills=270 (71.0s)
[2630/2869] BANK2_BL-06_partial__T_input_-raw_rsi_ex-cross_rsi_sm-simple_same_b-wait_b_warmup-strict: ok fills=290 (70.3s)
[2631/2869] BANK2_BL-06_partial__T_input_-adjust_rsi_ex-cross_rsi_sm-simple_same_b-allowe_warmup-ready_: ok fills=262 (69.5s)
[2632/2869] BANK2_BL-06_nocheck__T_input_-raw_rsi_ex-level_rsi_sm-wilder_same_b-allowe_warmup-strict: exit=1 fills=None (13.8s)
[2633/2869] BANK2_BL-06_partial__T_input_-raw_rsi_ex-cross_rsi_sm-simple_same_b-wait_b_warmup-ready_: ok fills=282 (76.4s)
[2634/2869] BANK2_BL-06_partial__T_input_-adjust_rsi_ex-cross_rsi_sm-simple_same_b-wait_b_warmup-ready_: ok fills=262 (78.1s)
[2635/2869] BANK2_BL-06_nocheck__T_input_-adjust_rsi_ex-level_rsi_sm-wilder_same_b-wait_b_warmup-strict: exit=1 fills=None (23.4s)
[2636/2869] BANK2_BL-06_partial__OAT_a_exec-set_holdings: ok fills=270 (77.8s)
[2637/2869] BANK2_BL-06_partial__OAT_cross_timing-today_ma: ok fills=266 (73.2s)
[2638/2869] BANK2_BL-06_partial__SPOT_all_excluded_off: ok fills=266 (75.4s)
[2639/2869] BANK2_BL-06_nocheck__ref: ok fills=270 (74.5s)
[2640/2869] BANK2_BL-06_nocheck__T_input_-raw_rsi_ex-level_rsi_sm-wilder_same_b-wait_b_warmup-strict: ok fills=278 (73.2s)
[2641/2869] BANK2_BL-06_nocheck__T_input_-adjust_rsi_ex-level_rsi_sm-wilder_same_b-allowe_warmup-ready_: ok fills=266 (64.9s)
[2642/2869] BANK2_BL-06_nocheck__T_input_-raw_rsi_ex-level_rsi_sm-wilder_same_b-allowe_warmup-ready_: ok fills=276 (65.3s)
[2643/2869] BANK2_BL-06_nocheck__T_input_-adjust_rsi_ex-level_rsi_sm-wilder_same_b-wait_b_warmup-ready_: ok fills=262 (65.0s)
[2644/2869] BANK2_BL-06_nocheck__T_input_-adjust_rsi_ex-cross_rsi_sm-wilder_same_b-allowe_warmup-strict: ok fills=250 (66.6s)
[2645/2869] BANK2_BL-06_nocheck__T_input_-raw_rsi_ex-level_rsi_sm-wilder_same_b-wait_b_warmup-ready_: ok fills=274 (70.7s)
[2646/2869] BANK2_BL-06_nocheck__T_input_-raw_rsi_ex-cross_rsi_sm-wilder_same_b-allowe_warmup-strict: ok fills=264 (67.3s)
[2647/2869] BANK2_BL-06_nocheck__T_input_-adjust_rsi_ex-cross_rsi_sm-wilder_same_b-wait_b_warmup-strict: ok fills=250 (71.2s)
[2648/2869] BANK2_BL-06_nocheck__T_input_-raw_rsi_ex-cross_rsi_sm-wilder_same_b-wait_b_warmup-strict: ok fills=264 (65.3s)
[2649/2869] BANK2_BL-06_nocheck__T_input_-adjust_rsi_ex-cross_rsi_sm-wilder_same_b-wait_b_warmup-ready_: ok fills=246 (67.2s)
[2650/2869] BANK2_BL-06_nocheck__T_input_-adjust_rsi_ex-cross_rsi_sm-wilder_same_b-allowe_warmup-ready_: ok fills=246 (69.8s)
[2651/2869] BANK2_BL-06_nocheck__T_input_-raw_rsi_ex-cross_rsi_sm-wilder_same_b-allowe_warmup-ready_: ok fills=260 (74.1s)
[2652/2869] BANK2_BL-06_nocheck__T_input_-raw_rsi_ex-cross_rsi_sm-wilder_same_b-wait_b_warmup-ready_: ok fills=260 (71.7s)
[2653/2869] BANK2_BL-06_nocheck__T_input_-adjust_rsi_ex-level_rsi_sm-simple_same_b-allowe_warmup-strict: ok fills=320 (69.3s)
[2654/2869] BANK2_BL-06_nocheck__T_input_-raw_rsi_ex-level_rsi_sm-simple_same_b-allowe_warmup-strict: ok fills=338 (73.4s)
[2655/2869] BANK2_BL-06_nocheck__T_input_-adjust_rsi_ex-level_rsi_sm-simple_same_b-wait_b_warmup-strict: ok fills=306 (78.7s)
[2656/2869] BANK2_BL-06_nocheck__T_input_-raw_rsi_ex-level_rsi_sm-simple_same_b-wait_b_warmup-strict: ok fills=324 (73.2s)
[2657/2869] BANK2_BL-06_nocheck__T_input_-adjust_rsi_ex-level_rsi_sm-simple_same_b-allowe_warmup-ready_: ok fills=306 (84.3s)
[2658/2869] BANK2_BL-06_nocheck__T_input_-raw_rsi_ex-level_rsi_sm-simple_same_b-wait_b_warmup-ready_: ok fills=314 (78.0s)
[2659/2869] BANK2_BL-06_nocheck__T_input_-raw_rsi_ex-level_rsi_sm-simple_same_b-allowe_warmup-ready_: ok fills=324 (84.6s)
[2660/2869] BANK2_BL-06_nocheck__T_input_-adjust_rsi_ex-level_rsi_sm-simple_same_b-wait_b_warmup-ready_: ok fills=296 (79.2s)
[2661/2869] BANK2_BL-06_nocheck__T_input_-adjust_rsi_ex-cross_rsi_sm-simple_same_b-allowe_warmup-strict: ok fills=270 (78.1s)
[2662/2869] BANK2_BL-06_nocheck__T_input_-raw_rsi_ex-cross_rsi_sm-simple_same_b-allowe_warmup-strict: ok fills=290 (73.4s)
[2663/2869] BANK2_BL-06_nocheck__T_input_-raw_rsi_ex-cross_rsi_sm-simple_same_b-wait_b_warmup-strict: ok fills=290 (63.2s)
[2664/2869] BANK2_BL-06_nocheck__T_input_-adjust_rsi_ex-cross_rsi_sm-simple_same_b-wait_b_warmup-strict: ok fills=270 (65.3s)
[2665/2869] BANK2_BL-06_nocheck__T_input_-adjust_rsi_ex-cross_rsi_sm-simple_same_b-allowe_warmup-ready_: ok fills=262 (54.2s)
[2666/2869] BANK2_BL-06_nocheck__T_input_-raw_rsi_ex-cross_rsi_sm-simple_same_b-allowe_warmup-ready_: ok fills=282 (54.2s)
[2667/2869] BANK2_BL-06_nocheck__T_input_-adjust_rsi_ex-cross_rsi_sm-simple_same_b-wait_b_warmup-ready_: ok fills=262 (56.3s)
[2668/2869] BANK2_BL-06_nocheck__T_input_-raw_rsi_ex-cross_rsi_sm-simple_same_b-wait_b_warmup-ready_: ok fills=282 (72.2s)
[2669/2869] BANK2_BL-06_nocheck__OAT_a_exec-set_holdings: ok fills=270 (71.7s)
[2670/2869] BANK2_BL-06_nocheck__OAT_cross_timing-today_ma: ok fills=266 (81.6s)
[2671/2869] BANK2_BL-06_nocheck__SPOT_all_excluded_off: ok fills=266 (91.6s)
[2672/2869] BANK2_OM-A_skip_all__ref: ok fills=270 (94.2s)
[2673/2869] BANK2_OM-A_skip_all__T_cross_-both_d_input_-adjust_rsi_ex-level_rsi_sm-wilder_same_b-allowe_warmup-ready_: ok fills=266 (84.2s)
[2674/2869] BANK2_OM-A_skip_all__T_cross_-both_d_input_-adjust_rsi_ex-level_rsi_sm-simple_same_b-wait_b_warmup-ready_: exit=1 fills=None (11.6s)
[2675/2869] BANK2_OM-A_skip_all__T_cross_-both_d_input_-adjust_rsi_ex-level_rsi_sm-wilder_same_b-wait_b_warmup-ready_: ok fills=262 (82.4s)
[2676/2869] BANK2_OM-A_skip_all__T_cross_-both_d_input_-adjust_rsi_ex-level_rsi_sm-wilder_same_b-wait_b_warmup-strict: ok fills=266 (86.0s)
[2677/2869] BANK2_OM-A_skip_all__T_cross_-both_d_input_-adjust_rsi_ex-level_rsi_sm-simple_same_b-allowe_warmup-strict: ok fills=320 (67.7s)
[2678/2869] BANK2_OM-A_skip_all__T_cross_-both_d_input_-adjust_rsi_ex-level_rsi_sm-simple_same_b-allowe_warmup-ready_: ok fills=306 (68.2s)
[2679/2869] BANK2_OM-A_skip_all__T_cross_-both_d_input_-adjust_rsi_ex-level_rsi_sm-simple_same_b-wait_b_warmup-strict: ok fills=306 (48.9s)
[2680/2869] BANK2_OM-A_skip_all__T_cross_-both_d_input_-adjust_rsi_ex-cross_rsi_sm-wilder_same_b-allowe_warmup-strict: ok fills=250 (47.8s)
[2681/2869] BANK2_OM-A_skip_all__T_cross_-both_d_input_-adjust_rsi_ex-cross_rsi_sm-wilder_same_b-wait_b_warmup-strict: ok fills=250 (54.6s)
[2682/2869] BANK2_OM-A_skip_all__T_cross_-both_d_input_-adjust_rsi_ex-cross_rsi_sm-wilder_same_b-wait_b_warmup-ready_: ok fills=246 (53.4s)
[2683/2869] BANK2_OM-A_skip_all__T_cross_-both_d_input_-adjust_rsi_ex-cross_rsi_sm-simple_same_b-allowe_warmup-strict: ok fills=270 (53.2s)
[2684/2869] BANK2_OM-A_skip_all__T_cross_-both_d_input_-adjust_rsi_ex-cross_rsi_sm-wilder_same_b-allowe_warmup-ready_: ok fills=246 (58.5s)
[2685/2869] BANK2_OM-A_skip_all__T_cross_-both_d_input_-adjust_rsi_ex-cross_rsi_sm-simple_same_b-wait_b_warmup-strict: ok fills=270 (57.7s)
[2686/2869] BANK2_OM-A_skip_all__T_cross_-both_d_input_-adjust_rsi_ex-cross_rsi_sm-simple_same_b-allowe_warmup-ready_: ok fills=262 (59.5s)
[2687/2869] BANK2_OM-A_skip_all__T_cross_-both_d_input_-adjust_rsi_ex-cross_rsi_sm-simple_same_b-wait_b_warmup-ready_: ok fills=262 (52.3s)
[2688/2869] BANK2_OM-A_skip_all__T_cross_-both_d_input_-raw_rsi_ex-level_rsi_sm-wilder_same_b-allowe_warmup-strict: ok fills=280 (55.0s)
[2689/2869] BANK2_OM-A_skip_all__T_cross_-both_d_input_-raw_rsi_ex-level_rsi_sm-wilder_same_b-wait_b_warmup-strict: ok fills=278 (51.9s)
[2690/2869] BANK2_OM-A_skip_all__T_cross_-both_d_input_-raw_rsi_ex-level_rsi_sm-simple_same_b-allowe_warmup-strict: ok fills=338 (49.5s)
[2691/2869] BANK2_OM-A_skip_all__T_cross_-both_d_input_-raw_rsi_ex-level_rsi_sm-simple_same_b-wait_b_warmup-strict: ok fills=324 (50.5s)
[2692/2869] BANK2_OM-A_skip_all__T_cross_-both_d_input_-raw_rsi_ex-level_rsi_sm-wilder_same_b-allowe_warmup-ready_: ok fills=276 (58.7s)
[2693/2869] BANK2_OM-A_skip_all__T_cross_-both_d_input_-raw_rsi_ex-cross_rsi_sm-wilder_same_b-allowe_warmup-ready_: exit=1 fills=None (8.3s)
[2694/2869] BANK2_OM-A_skip_all__T_cross_-both_d_input_-raw_rsi_ex-level_rsi_sm-wilder_same_b-wait_b_warmup-ready_: ok fills=274 (60.5s)
[2695/2869] BANK2_OM-A_skip_all__T_cross_-both_d_input_-raw_rsi_ex-level_rsi_sm-simple_same_b-allowe_warmup-ready_: ok fills=324 (55.2s)
[2696/2869] BANK2_OM-A_skip_all__T_cross_-both_d_input_-raw_rsi_ex-level_rsi_sm-simple_same_b-wait_b_warmup-ready_: ok fills=314 (56.5s)
[2697/2869] BANK2_OM-A_skip_all__T_cross_-both_d_input_-raw_rsi_ex-cross_rsi_sm-wilder_same_b-allowe_warmup-strict: ok fills=264 (47.2s)
[2698/2869] BANK2_OM-A_skip_all__T_cross_-both_d_input_-raw_rsi_ex-cross_rsi_sm-wilder_same_b-wait_b_warmup-strict: ok fills=264 (52.6s)
[2699/2869] BANK2_OM-A_skip_all__T_cross_-both_d_input_-raw_rsi_ex-cross_rsi_sm-wilder_same_b-wait_b_warmup-ready_: ok fills=260 (54.3s)
[2700/2869] BANK2_OM-A_skip_all__T_cross_-both_d_input_-raw_rsi_ex-cross_rsi_sm-simple_same_b-allowe_warmup-strict: ok fills=290 (57.3s)
[2701/2869] BANK2_OM-A_skip_all__T_cross_-both_d_input_-raw_rsi_ex-cross_rsi_sm-simple_same_b-wait_b_warmup-strict: ok fills=290 (57.3s)
[2702/2869] BANK2_OM-A_skip_all__T_cross_-both_d_input_-raw_rsi_ex-cross_rsi_sm-simple_same_b-wait_b_warmup-ready_: ok fills=282 (56.9s)
[2703/2869] BANK2_OM-A_skip_all__T_cross_-both_d_input_-raw_rsi_ex-cross_rsi_sm-simple_same_b-allowe_warmup-ready_: ok fills=282 (63.5s)
[2704/2869] BANK2_OM-A_skip_all__T_cross_-today__input_-adjust_rsi_ex-level_rsi_sm-wilder_same_b-allowe_warmup-strict: ok fills=266 (59.2s)
[2705/2869] BANK2_OM-A_skip_all__T_cross_-today__input_-adjust_rsi_ex-level_rsi_sm-wilder_same_b-allowe_warmup-ready_: ok fills=262 (52.1s)
[2706/2869] BANK2_OM-A_skip_all__T_cross_-today__input_-adjust_rsi_ex-cross_rsi_sm-wilder_same_b-allowe_warmup-strict: exit=1 fills=None (14.4s)
[2707/2869] BANK2_OM-A_skip_all__T_cross_-today__input_-adjust_rsi_ex-level_rsi_sm-wilder_same_b-wait_b_warmup-strict: ok fills=262 (52.7s)
[2708/2869] BANK2_OM-A_skip_all__T_cross_-today__input_-adjust_rsi_ex-level_rsi_sm-simple_same_b-allowe_warmup-strict: ok fills=316 (51.6s)
[2709/2869] BANK2_OM-A_skip_all__T_cross_-today__input_-adjust_rsi_ex-level_rsi_sm-wilder_same_b-wait_b_warmup-ready_: ok fills=258 (56.7s)
[2710/2869] BANK2_OM-A_skip_all__T_cross_-today__input_-adjust_rsi_ex-level_rsi_sm-simple_same_b-allowe_warmup-ready_: ok fills=302 (60.4s)
[2711/2869] BANK2_OM-A_skip_all__T_cross_-today__input_-adjust_rsi_ex-level_rsi_sm-simple_same_b-wait_b_warmup-ready_: ok fills=292 (56.7s)
[2712/2869] BANK2_OM-A_skip_all__T_cross_-today__input_-adjust_rsi_ex-level_rsi_sm-simple_same_b-wait_b_warmup-strict: ok fills=302 (63.1s)
[2713/2869] BANK2_OM-A_skip_all__T_cross_-today__input_-adjust_rsi_ex-cross_rsi_sm-wilder_same_b-allowe_warmup-ready_: ok fills=242 (55.7s)
[2714/2869] BANK2_OM-A_skip_all__T_cross_-today__input_-adjust_rsi_ex-cross_rsi_sm-wilder_same_b-wait_b_warmup-strict: ok fills=246 (56.6s)
[2715/2869] BANK2_OM-A_skip_all__T_cross_-today__input_-adjust_rsi_ex-cross_rsi_sm-wilder_same_b-wait_b_warmup-ready_: ok fills=242 (69.4s)
[2716/2869] BANK2_OM-A_skip_all__T_cross_-today__input_-adjust_rsi_ex-cross_rsi_sm-simple_same_b-allowe_warmup-strict: ok fills=266 (60.8s)
[2717/2869] BANK2_OM-A_skip_all__T_cross_-today__input_-adjust_rsi_ex-cross_rsi_sm-simple_same_b-allowe_warmup-ready_: ok fills=258 (71.7s)
[2718/2869] BANK2_OM-A_skip_all__T_cross_-today__input_-raw_rsi_ex-level_rsi_sm-wilder_same_b-wait_b_warmup-ready_: exit=1 fills=None (13.1s)
[2719/2869] BANK2_OM-A_skip_all__T_cross_-today__input_-adjust_rsi_ex-cross_rsi_sm-simple_same_b-wait_b_warmup-strict: ok fills=266 (66.6s)
[2720/2869] BANK2_OM-A_skip_all__T_cross_-today__input_-adjust_rsi_ex-cross_rsi_sm-simple_same_b-wait_b_warmup-ready_: ok fills=258 (69.5s)
[2721/2869] BANK2_OM-A_skip_all__T_cross_-today__input_-raw_rsi_ex-level_rsi_sm-wilder_same_b-allowe_warmup-strict: ok fills=278 (70.1s)
[2722/2869] BANK2_OM-A_skip_all__T_cross_-today__input_-raw_rsi_ex-level_rsi_sm-simple_same_b-allowe_warmup-ready_: exit=1 fills=None (11.9s)
[2723/2869] BANK2_OM-A_skip_all__T_cross_-today__input_-raw_rsi_ex-level_rsi_sm-wilder_same_b-allowe_warmup-ready_: ok fills=274 (72.1s)
[2724/2869] BANK2_OM-A_skip_all__T_cross_-today__input_-raw_rsi_ex-cross_rsi_sm-wilder_same_b-wait_b_warmup-strict: exit=1 fills=None (14.3s)
[2725/2869] BANK2_OM-A_skip_all__T_cross_-today__input_-raw_rsi_ex-level_rsi_sm-wilder_same_b-wait_b_warmup-strict: ok fills=276 (71.7s)
[2726/2869] BANK2_OM-A_skip_all__T_cross_-today__input_-raw_rsi_ex-level_rsi_sm-simple_same_b-allowe_warmup-strict: ok fills=336 (63.3s)
[2727/2869] BANK2_OM-A_skip_all__T_cross_-today__input_-raw_rsi_ex-level_rsi_sm-simple_same_b-wait_b_warmup-strict: ok fills=322 (61.4s)
[2728/2869] BANK2_OM-A_skip_all__T_cross_-today__input_-raw_rsi_ex-level_rsi_sm-simple_same_b-wait_b_warmup-ready_: ok fills=312 (63.1s)
[2729/2869] BANK2_OM-A_skip_all__T_cross_-today__input_-raw_rsi_ex-cross_rsi_sm-wilder_same_b-allowe_warmup-ready_: ok fills=258 (64.6s)
[2730/2869] BANK2_OM-A_skip_all__T_cross_-today__input_-raw_rsi_ex-cross_rsi_sm-wilder_same_b-allowe_warmup-strict: ok fills=262 (68.6s)
[2731/2869] BANK2_OM-A_skip_all__OAT_a_exec-set_holdings: exit=1 fills=None (11.1s)
[2732/2869] BANK2_OM-A_skip_all__T_cross_-today__input_-raw_rsi_ex-cross_rsi_sm-simple_same_b-allowe_warmup-strict: ok fills=288 (70.4s)
[2733/2869] BANK2_OM-A_skip_all__T_cross_-today__input_-raw_rsi_ex-cross_rsi_sm-wilder_same_b-wait_b_warmup-ready_: ok fills=258 (71.1s)
[2734/2869] BANK2_OM-A_skip_all__T_cross_-today__input_-raw_rsi_ex-cross_rsi_sm-simple_same_b-allowe_warmup-ready_: ok fills=280 (70.5s)
[2735/2869] BANK2_OM-A_skip_all__T_cross_-today__input_-raw_rsi_ex-cross_rsi_sm-simple_same_b-wait_b_warmup-strict: ok fills=288 (63.8s)
[2736/2869] BANK2_OM-A_skip_all__T_cross_-today__input_-raw_rsi_ex-cross_rsi_sm-simple_same_b-wait_b_warmup-ready_: ok fills=280 (65.7s)
[2737/2869] BANK2_OM-A_skip_all__SPOT_all_excluded_off: ok fills=270 (72.0s)
[2738/2869] BANK2_OM-A_try_except__T_cross_-both_d_input_-adjust_rsi_ex-level_rsi_sm-wilder_same_b-allowe_warmup-ready_: ok fills=266 (74.3s)
[2739/2869] BANK2_OM-A_try_except__ref: ok fills=270 (75.4s)
[2740/2869] BANK2_OM-A_try_except__T_cross_-both_d_input_-adjust_rsi_ex-level_rsi_sm-wilder_same_b-wait_b_warmup-ready_: ok fills=262 (75.7s)
[2741/2869] BANK2_OM-A_try_except__T_cross_-both_d_input_-adjust_rsi_ex-level_rsi_sm-simple_same_b-allowe_warmup-strict: ok fills=320 (78.9s)
[2742/2869] BANK2_OM-A_try_except__T_cross_-both_d_input_-adjust_rsi_ex-level_rsi_sm-wilder_same_b-wait_b_warmup-strict: ok fills=266 (79.3s)
[2743/2869] BANK2_OM-A_try_except__T_cross_-both_d_input_-adjust_rsi_ex-level_rsi_sm-simple_same_b-allowe_warmup-ready_: ok fills=306 (75.7s)
[2744/2869] BANK2_OM-A_try_except__T_cross_-both_d_input_-adjust_rsi_ex-cross_rsi_sm-wilder_same_b-wait_b_warmup-strict: exit=1 fills=None (19.2s)
[2745/2869] BANK2_OM-A_try_except__T_cross_-both_d_input_-adjust_rsi_ex-level_rsi_sm-simple_same_b-wait_b_warmup-strict: ok fills=306 (79.4s)
[2746/2869] BANK2_OM-A_try_except__T_cross_-both_d_input_-adjust_rsi_ex-level_rsi_sm-simple_same_b-wait_b_warmup-ready_: ok fills=296 (81.6s)
[2747/2869] BANK2_OM-A_try_except__T_cross_-both_d_input_-adjust_rsi_ex-cross_rsi_sm-wilder_same_b-allowe_warmup-strict: ok fills=250 (77.4s)
[2748/2869] BANK2_OM-A_try_except__T_cross_-both_d_input_-adjust_rsi_ex-cross_rsi_sm-wilder_same_b-allowe_warmup-ready_: ok fills=246 (77.0s)
[2749/2869] BANK2_OM-A_try_except__T_cross_-both_d_input_-adjust_rsi_ex-cross_rsi_sm-wilder_same_b-wait_b_warmup-ready_: ok fills=246 (73.2s)
[2750/2869] BANK2_OM-A_try_except__T_cross_-both_d_input_-adjust_rsi_ex-cross_rsi_sm-simple_same_b-allowe_warmup-strict: ok fills=270 (76.7s)
[2751/2869] BANK2_OM-A_try_except__T_cross_-both_d_input_-adjust_rsi_ex-cross_rsi_sm-simple_same_b-allowe_warmup-ready_: ok fills=262 (71.9s)
[2752/2869] BANK2_OM-A_try_except__T_cross_-both_d_input_-raw_rsi_ex-level_rsi_sm-wilder_same_b-wait_b_warmup-ready_: exit=1 fills=None (14.0s)
[2753/2869] BANK2_OM-A_try_except__T_cross_-both_d_input_-adjust_rsi_ex-cross_rsi_sm-simple_same_b-wait_b_warmup-strict: ok fills=270 (75.4s)
[2754/2869] BANK2_OM-A_try_except__T_cross_-both_d_input_-adjust_rsi_ex-cross_rsi_sm-simple_same_b-wait_b_warmup-ready_: ok fills=262 (72.3s)
[2755/2869] BANK2_OM-A_try_except__T_cross_-both_d_input_-raw_rsi_ex-level_rsi_sm-wilder_same_b-allowe_warmup-strict: ok fills=280 (73.5s)
[2756/2869] BANK2_OM-A_try_except__T_cross_-both_d_input_-raw_rsi_ex-level_rsi_sm-wilder_same_b-allowe_warmup-ready_: ok fills=276 (73.6s)
[2757/2869] BANK2_OM-A_try_except__T_cross_-both_d_input_-raw_rsi_ex-level_rsi_sm-wilder_same_b-wait_b_warmup-strict: ok fills=278 (75.7s)
[2758/2869] BANK2_OM-A_try_except__T_cross_-both_d_input_-raw_rsi_ex-level_rsi_sm-simple_same_b-allowe_warmup-strict: ok fills=338 (73.7s)
[2759/2869] BANK2_OM-A_try_except__T_cross_-both_d_input_-raw_rsi_ex-level_rsi_sm-simple_same_b-wait_b_warmup-strict: ok fills=324 (75.2s)
[2760/2869] BANK2_OM-A_try_except__T_cross_-both_d_input_-raw_rsi_ex-level_rsi_sm-simple_same_b-allowe_warmup-ready_: ok fills=324 (78.6s)
[2761/2869] BANK2_OM-A_try_except__T_cross_-both_d_input_-raw_rsi_ex-level_rsi_sm-simple_same_b-wait_b_warmup-ready_: ok fills=314 (74.4s)
[2762/2869] BANK2_OM-A_try_except__T_cross_-both_d_input_-raw_rsi_ex-cross_rsi_sm-simple_same_b-allowe_warmup-strict: exit=1 fills=None (15.5s)
[2763/2869] BANK2_OM-A_try_except__T_cross_-both_d_input_-raw_rsi_ex-cross_rsi_sm-wilder_same_b-allowe_warmup-strict: ok fills=264 (78.8s)
[2764/2869] BANK2_OM-A_try_except__T_cross_-both_d_input_-raw_rsi_ex-cross_rsi_sm-wilder_same_b-allowe_warmup-ready_: ok fills=260 (78.2s)
[2765/2869] BANK2_OM-A_try_except__T_cross_-both_d_input_-raw_rsi_ex-cross_rsi_sm-wilder_same_b-wait_b_warmup-strict: ok fills=264 (80.0s)
[2766/2869] BANK2_OM-A_try_except__T_cross_-both_d_input_-raw_rsi_ex-cross_rsi_sm-wilder_same_b-wait_b_warmup-ready_: ok fills=260 (84.4s)
[2767/2869] BANK2_OM-A_try_except__T_cross_-both_d_input_-raw_rsi_ex-cross_rsi_sm-simple_same_b-allowe_warmup-ready_: ok fills=282 (80.2s)
[2768/2869] BANK2_OM-A_try_except__T_cross_-both_d_input_-raw_rsi_ex-cross_rsi_sm-simple_same_b-wait_b_warmup-strict: ok fills=290 (80.1s)
[2769/2869] BANK2_OM-A_try_except__T_cross_-today__input_-adjust_rsi_ex-level_rsi_sm-wilder_same_b-allowe_warmup-strict: ok fills=266 (85.1s)
[2770/2869] BANK2_OM-A_try_except__T_cross_-both_d_input_-raw_rsi_ex-cross_rsi_sm-simple_same_b-wait_b_warmup-ready_: ok fills=282 (89.5s)
[2771/2869] BANK2_OM-A_try_except__T_cross_-today__input_-adjust_rsi_ex-level_rsi_sm-wilder_same_b-allowe_warmup-ready_: ok fills=262 (82.8s)
[2772/2869] BANK2_OM-A_try_except__T_cross_-today__input_-adjust_rsi_ex-level_rsi_sm-wilder_same_b-wait_b_warmup-strict: ok fills=262 (86.5s)
[2773/2869] BANK2_OM-A_try_except__T_cross_-today__input_-adjust_rsi_ex-level_rsi_sm-wilder_same_b-wait_b_warmup-ready_: ok fills=258 (84.9s)
[2774/2869] BANK2_OM-A_try_except__T_cross_-today__input_-adjust_rsi_ex-level_rsi_sm-simple_same_b-allowe_warmup-strict: ok fills=316 (82.5s)
[2775/2869] BANK2_OM-A_try_except__T_cross_-today__input_-adjust_rsi_ex-level_rsi_sm-simple_same_b-wait_b_warmup-strict: ok fills=302 (73.7s)
[2776/2869] BANK2_OM-A_try_except__T_cross_-today__input_-adjust_rsi_ex-level_rsi_sm-simple_same_b-allowe_warmup-ready_: ok fills=302 (83.1s)
[2777/2869] BANK2_OM-A_try_except__T_cross_-today__input_-adjust_rsi_ex-level_rsi_sm-simple_same_b-wait_b_warmup-ready_: ok fills=292 (81.6s)
[2778/2869] BANK2_OM-A_try_except__T_cross_-today__input_-adjust_rsi_ex-cross_rsi_sm-wilder_same_b-allowe_warmup-strict: ok fills=246 (81.5s)
[2779/2869] BANK2_OM-A_try_except__T_cross_-today__input_-adjust_rsi_ex-cross_rsi_sm-wilder_same_b-allowe_warmup-ready_: ok fills=242 (85.5s)
[2780/2869] BANK2_OM-A_try_except__T_cross_-today__input_-adjust_rsi_ex-cross_rsi_sm-wilder_same_b-wait_b_warmup-strict: ok fills=246 (77.7s)
[2781/2869] BANK2_OM-A_try_except__T_cross_-today__input_-adjust_rsi_ex-cross_rsi_sm-wilder_same_b-wait_b_warmup-ready_: ok fills=242 (82.7s)
[2782/2869] BANK2_OM-A_try_except__T_cross_-today__input_-adjust_rsi_ex-cross_rsi_sm-simple_same_b-allowe_warmup-strict: ok fills=266 (81.9s)
[2783/2869] BANK2_OM-A_try_except__T_cross_-today__input_-adjust_rsi_ex-cross_rsi_sm-simple_same_b-allowe_warmup-ready_: ok fills=258 (76.1s)
[2784/2869] BANK2_OM-A_try_except__T_cross_-today__input_-adjust_rsi_ex-cross_rsi_sm-simple_same_b-wait_b_warmup-strict: ok fills=266 (79.2s)
[2785/2869] BANK2_OM-A_try_except__T_cross_-today__input_-adjust_rsi_ex-cross_rsi_sm-simple_same_b-wait_b_warmup-ready_: ok fills=258 (84.4s)
[2786/2869] BANK2_OM-A_try_except__T_cross_-today__input_-raw_rsi_ex-level_rsi_sm-wilder_same_b-allowe_warmup-strict: ok fills=278 (83.8s)
[2787/2869] BANK2_OM-A_try_except__T_cross_-today__input_-raw_rsi_ex-level_rsi_sm-simple_same_b-wait_b_warmup-strict: exit=1 fills=None (15.3s)
[2788/2869] BANK2_OM-A_try_except__T_cross_-today__input_-raw_rsi_ex-level_rsi_sm-wilder_same_b-allowe_warmup-ready_: ok fills=274 (82.9s)
[2789/2869] BANK2_OM-A_try_except__T_cross_-today__input_-raw_rsi_ex-cross_rsi_sm-wilder_same_b-allowe_warmup-strict: exit=1 fills=None (13.3s)
[2790/2869] BANK2_OM-A_try_except__T_cross_-today__input_-raw_rsi_ex-level_rsi_sm-wilder_same_b-wait_b_warmup-strict: ok fills=276 (78.6s)
[2791/2869] BANK2_OM-A_try_except__T_cross_-today__input_-raw_rsi_ex-level_rsi_sm-wilder_same_b-wait_b_warmup-ready_: ok fills=272 (82.5s)
[2792/2869] BANK2_OM-A_try_except__T_cross_-today__input_-raw_rsi_ex-level_rsi_sm-simple_same_b-allowe_warmup-strict: ok fills=336 (80.1s)
[2793/2869] BANK2_OM-A_try_except__T_cross_-today__input_-raw_rsi_ex-level_rsi_sm-simple_same_b-allowe_warmup-ready_: ok fills=322 (73.7s)
[2794/2869] BANK2_OM-A_try_except__T_cross_-today__input_-raw_rsi_ex-level_rsi_sm-simple_same_b-wait_b_warmup-ready_: ok fills=312 (68.9s)
[2795/2869] BANK2_OM-A_try_except__T_cross_-today__input_-raw_rsi_ex-cross_rsi_sm-wilder_same_b-allowe_warmup-ready_: ok fills=258 (72.0s)
[2796/2869] BANK2_OM-A_try_except__T_cross_-today__input_-raw_rsi_ex-cross_rsi_sm-wilder_same_b-wait_b_warmup-strict: ok fills=262 (72.9s)
[2797/2869] BANK2_OM-A_try_except__T_cross_-today__input_-raw_rsi_ex-cross_rsi_sm-wilder_same_b-wait_b_warmup-ready_: ok fills=258 (74.3s)
[2798/2869] BANK2_OM-A_try_except__T_cross_-today__input_-raw_rsi_ex-cross_rsi_sm-simple_same_b-allowe_warmup-strict: ok fills=288 (65.2s)
[2799/2869] BANK2_OM-A_try_except__T_cross_-today__input_-raw_rsi_ex-cross_rsi_sm-simple_same_b-allowe_warmup-ready_: ok fills=280 (67.5s)
[2800/2869] BANK2_OM-A_try_except__T_cross_-today__input_-raw_rsi_ex-cross_rsi_sm-simple_same_b-wait_b_warmup-strict: ok fills=288 (67.6s)
[2801/2869] BANK2_OM-A_try_except__T_cross_-today__input_-raw_rsi_ex-cross_rsi_sm-simple_same_b-wait_b_warmup-ready_: ok fills=280 (70.1s)
[2802/2869] BANK2_OM-A_try_except__OAT_a_exec-set_holdings: ok fills=270 (67.1s)
[2803/2869] BANK2_OM-A_try_except__SPOT_all_excluded_off: ok fills=270 (66.4s)
[2804/2869] BANK2_OM-A_per_ticker__ref: ok fills=270 (69.3s)
[2805/2869] BANK2_OM-A_per_ticker__T_cross_-both_d_input_-adjust_rsi_ex-level_rsi_sm-wilder_same_b-allowe_warmup-ready_: ok fills=266 (68.7s)
[2806/2869] BANK2_OM-A_per_ticker__T_cross_-both_d_input_-adjust_rsi_ex-level_rsi_sm-wilder_same_b-wait_b_warmup-strict: ok fills=266 (73.5s)
[2807/2869] BANK2_OM-A_per_ticker__T_cross_-both_d_input_-adjust_rsi_ex-level_rsi_sm-wilder_same_b-wait_b_warmup-ready_: ok fills=262 (72.6s)
[2808/2869] BANK2_OM-A_per_ticker__T_cross_-both_d_input_-adjust_rsi_ex-level_rsi_sm-simple_same_b-allowe_warmup-strict: ok fills=320 (74.9s)
[2809/2869] BANK2_OM-A_per_ticker__T_cross_-both_d_input_-adjust_rsi_ex-level_rsi_sm-simple_same_b-allowe_warmup-ready_: ok fills=306 (74.6s)
[2810/2869] BANK2_OM-A_per_ticker__T_cross_-both_d_input_-adjust_rsi_ex-level_rsi_sm-simple_same_b-wait_b_warmup-strict: ok fills=306 (70.7s)
[2811/2869] BANK2_OM-A_per_ticker__T_cross_-both_d_input_-adjust_rsi_ex-level_rsi_sm-simple_same_b-wait_b_warmup-ready_: ok fills=296 (73.9s)
[2812/2869] BANK2_OM-A_per_ticker__T_cross_-both_d_input_-adjust_rsi_ex-cross_rsi_sm-wilder_same_b-allowe_warmup-ready_: ok fills=246 (70.9s)
[2813/2869] BANK2_OM-A_per_ticker__T_cross_-both_d_input_-adjust_rsi_ex-cross_rsi_sm-wilder_same_b-allowe_warmup-strict: ok fills=250 (74.8s)
[2814/2869] BANK2_OM-A_per_ticker__T_cross_-both_d_input_-adjust_rsi_ex-cross_rsi_sm-wilder_same_b-wait_b_warmup-strict: ok fills=250 (72.2s)
[2815/2869] BANK2_OM-A_per_ticker__T_cross_-both_d_input_-adjust_rsi_ex-cross_rsi_sm-wilder_same_b-wait_b_warmup-ready_: ok fills=246 (74.9s)
[2816/2869] BANK2_OM-A_per_ticker__T_cross_-both_d_input_-adjust_rsi_ex-cross_rsi_sm-simple_same_b-allowe_warmup-strict: ok fills=270 (78.0s)
[2817/2869] BANK2_OM-A_per_ticker__T_cross_-both_d_input_-adjust_rsi_ex-cross_rsi_sm-simple_same_b-allowe_warmup-ready_: ok fills=262 (79.2s)
[2818/2869] BANK2_OM-A_per_ticker__T_cross_-both_d_input_-adjust_rsi_ex-cross_rsi_sm-simple_same_b-wait_b_warmup-strict: ok fills=270 (80.0s)
[2819/2869] BANK2_OM-A_per_ticker__T_cross_-both_d_input_-adjust_rsi_ex-cross_rsi_sm-simple_same_b-wait_b_warmup-ready_: ok fills=262 (81.8s)
[2820/2869] BANK2_OM-A_per_ticker__T_cross_-both_d_input_-raw_rsi_ex-level_rsi_sm-wilder_same_b-allowe_warmup-strict: ok fills=280 (80.0s)
[2821/2869] BANK2_OM-A_per_ticker__T_cross_-both_d_input_-raw_rsi_ex-level_rsi_sm-wilder_same_b-allowe_warmup-ready_: ok fills=276 (82.5s)
[2822/2869] BANK2_OM-A_per_ticker__T_cross_-both_d_input_-raw_rsi_ex-level_rsi_sm-wilder_same_b-wait_b_warmup-strict: ok fills=278 (83.1s)
[2823/2869] BANK2_OM-A_per_ticker__T_cross_-both_d_input_-raw_rsi_ex-cross_rsi_sm-wilder_same_b-allowe_warmup-strict: exit=1 fills=None (14.8s)
[2824/2869] BANK2_OM-A_per_ticker__T_cross_-both_d_input_-raw_rsi_ex-level_rsi_sm-wilder_same_b-wait_b_warmup-ready_: ok fills=274 (83.4s)
[2825/2869] BANK2_OM-A_per_ticker__T_cross_-both_d_input_-raw_rsi_ex-level_rsi_sm-simple_same_b-allowe_warmup-strict: ok fills=338 (78.5s)
[2826/2869] BANK2_OM-A_per_ticker__T_cross_-both_d_input_-raw_rsi_ex-level_rsi_sm-simple_same_b-allowe_warmup-ready_: ok fills=324 (83.8s)
[2827/2869] BANK2_OM-A_per_ticker__T_cross_-both_d_input_-raw_rsi_ex-level_rsi_sm-simple_same_b-wait_b_warmup-strict: ok fills=324 (82.7s)
[2828/2869] BANK2_OM-A_per_ticker__T_cross_-both_d_input_-raw_rsi_ex-level_rsi_sm-simple_same_b-wait_b_warmup-ready_: ok fills=314 (82.0s)
[2829/2869] BANK2_OM-A_per_ticker__T_cross_-both_d_input_-raw_rsi_ex-cross_rsi_sm-wilder_same_b-allowe_warmup-ready_: ok fills=260 (77.8s)
[2830/2869] BANK2_OM-A_per_ticker__T_cross_-both_d_input_-raw_rsi_ex-cross_rsi_sm-wilder_same_b-wait_b_warmup-strict: ok fills=264 (79.5s)
[2831/2869] BANK2_OM-A_per_ticker__T_cross_-both_d_input_-raw_rsi_ex-cross_rsi_sm-wilder_same_b-wait_b_warmup-ready_: ok fills=260 (81.6s)
[2832/2869] BANK2_OM-A_per_ticker__T_cross_-both_d_input_-raw_rsi_ex-cross_rsi_sm-simple_same_b-allowe_warmup-strict: ok fills=290 (83.2s)
[2833/2869] BANK2_OM-A_per_ticker__T_cross_-today__input_-adjust_rsi_ex-level_rsi_sm-wilder_same_b-wait_b_warmup-ready_: exit=1 fills=None (16.0s)
[2834/2869] BANK2_OM-A_per_ticker__T_cross_-both_d_input_-raw_rsi_ex-cross_rsi_sm-simple_same_b-allowe_warmup-ready_: ok fills=282 (81.8s)
[2835/2869] BANK2_OM-A_per_ticker__T_cross_-both_d_input_-raw_rsi_ex-cross_rsi_sm-simple_same_b-wait_b_warmup-strict: ok fills=290 (81.1s)
[2836/2869] BANK2_OM-A_per_ticker__T_cross_-both_d_input_-raw_rsi_ex-cross_rsi_sm-simple_same_b-wait_b_warmup-ready_: ok fills=282 (78.0s)
[2837/2869] BANK2_OM-A_per_ticker__T_cross_-today__input_-adjust_rsi_ex-level_rsi_sm-wilder_same_b-allowe_warmup-strict: ok fills=266 (80.5s)
[2838/2869] BANK2_OM-A_per_ticker__T_cross_-today__input_-adjust_rsi_ex-level_rsi_sm-wilder_same_b-allowe_warmup-ready_: ok fills=262 (81.0s)
[2839/2869] BANK2_OM-A_per_ticker__T_cross_-today__input_-adjust_rsi_ex-level_rsi_sm-wilder_same_b-wait_b_warmup-strict: ok fills=262 (74.9s)
[2840/2869] BANK2_OM-A_per_ticker__T_cross_-today__input_-adjust_rsi_ex-level_rsi_sm-simple_same_b-wait_b_warmup-strict: ok fills=302 (78.8s)
[2841/2869] BANK2_OM-A_per_ticker__T_cross_-today__input_-adjust_rsi_ex-level_rsi_sm-simple_same_b-allowe_warmup-ready_: ok fills=302 (80.2s)
[2842/2869] BANK2_OM-A_per_ticker__T_cross_-today__input_-adjust_rsi_ex-level_rsi_sm-simple_same_b-allowe_warmup-strict: ok fills=316 (80.4s)
[2843/2869] BANK2_OM-A_per_ticker__T_cross_-today__input_-adjust_rsi_ex-level_rsi_sm-simple_same_b-wait_b_warmup-ready_: ok fills=292 (78.3s)
[2844/2869] BANK2_OM-A_per_ticker__T_cross_-today__input_-adjust_rsi_ex-cross_rsi_sm-wilder_same_b-allowe_warmup-strict: ok fills=246 (77.8s)
[2845/2869] BANK2_OM-A_per_ticker__T_cross_-today__input_-adjust_rsi_ex-cross_rsi_sm-wilder_same_b-allowe_warmup-ready_: ok fills=242 (76.2s)
[2846/2869] BANK2_OM-A_per_ticker__T_cross_-today__input_-adjust_rsi_ex-cross_rsi_sm-wilder_same_b-wait_b_warmup-strict: ok fills=246 (75.5s)
[2847/2869] BANK2_OM-A_per_ticker__T_cross_-today__input_-raw_rsi_ex-level_rsi_sm-wilder_same_b-allowe_warmup-ready_: exit=1 fills=None (14.9s)
[2848/2869] BANK2_OM-A_per_ticker__T_cross_-today__input_-adjust_rsi_ex-cross_rsi_sm-wilder_same_b-wait_b_warmup-ready_: ok fills=242 (75.9s)
[2849/2869] BANK2_OM-A_per_ticker__T_cross_-today__input_-adjust_rsi_ex-cross_rsi_sm-simple_same_b-allowe_warmup-strict: ok fills=266 (73.3s)
[2850/2869] BANK2_OM-A_per_ticker__T_cross_-today__input_-adjust_rsi_ex-cross_rsi_sm-simple_same_b-allowe_warmup-ready_: ok fills=258 (75.6s)
[2851/2869] BANK2_OM-A_per_ticker__T_cross_-today__input_-adjust_rsi_ex-cross_rsi_sm-simple_same_b-wait_b_warmup-strict: ok fills=266 (78.1s)
[2852/2869] BANK2_OM-A_per_ticker__T_cross_-today__input_-adjust_rsi_ex-cross_rsi_sm-simple_same_b-wait_b_warmup-ready_: ok fills=258 (80.2s)
[2853/2869] BANK2_OM-A_per_ticker__T_cross_-today__input_-raw_rsi_ex-level_rsi_sm-wilder_same_b-allowe_warmup-strict: ok fills=278 (76.9s)
[2854/2869] BANK2_OM-A_per_ticker__T_cross_-today__input_-raw_rsi_ex-level_rsi_sm-wilder_same_b-wait_b_warmup-strict: ok fills=276 (75.7s)
[2855/2869] BANK2_OM-A_per_ticker__T_cross_-today__input_-raw_rsi_ex-level_rsi_sm-wilder_same_b-wait_b_warmup-ready_: ok fills=272 (78.1s)
[2856/2869] BANK2_OM-A_per_ticker__T_cross_-today__input_-raw_rsi_ex-level_rsi_sm-simple_same_b-allowe_warmup-strict: ok fills=336 (76.8s)
[2857/2869] BANK2_OM-A_per_ticker__T_cross_-today__input_-raw_rsi_ex-level_rsi_sm-simple_same_b-allowe_warmup-ready_: ok fills=322 (77.3s)
[2858/2869] BANK2_OM-A_per_ticker__T_cross_-today__input_-raw_rsi_ex-level_rsi_sm-simple_same_b-wait_b_warmup-strict: ok fills=322 (76.4s)
[2859/2869] BANK2_OM-A_per_ticker__T_cross_-today__input_-raw_rsi_ex-level_rsi_sm-simple_same_b-wait_b_warmup-ready_: ok fills=312 (77.1s)
[2860/2869] BANK2_OM-A_per_ticker__T_cross_-today__input_-raw_rsi_ex-cross_rsi_sm-wilder_same_b-allowe_warmup-strict: ok fills=262 (82.1s)
[2861/2869] BANK2_OM-A_per_ticker__T_cross_-today__input_-raw_rsi_ex-cross_rsi_sm-wilder_same_b-allowe_warmup-ready_: ok fills=258 (83.8s)
[2862/2869] BANK2_OM-A_per_ticker__T_cross_-today__input_-raw_rsi_ex-cross_rsi_sm-wilder_same_b-wait_b_warmup-strict: ok fills=262 (78.6s)
[2863/2869] BANK2_OM-A_per_ticker__T_cross_-today__input_-raw_rsi_ex-cross_rsi_sm-wilder_same_b-wait_b_warmup-ready_: ok fills=258 (78.1s)
[2864/2869] BANK2_OM-A_per_ticker__T_cross_-today__input_-raw_rsi_ex-cross_rsi_sm-simple_same_b-allowe_warmup-strict: ok fills=288 (75.8s)
[2865/2869] BANK2_OM-A_per_ticker__T_cross_-today__input_-raw_rsi_ex-cross_rsi_sm-simple_same_b-allowe_warmup-ready_: ok fills=280 (71.5s)
[2866/2869] BANK2_OM-A_per_ticker__T_cross_-today__input_-raw_rsi_ex-cross_rsi_sm-simple_same_b-wait_b_warmup-strict: ok fills=288 (71.2s)
[2867/2869] BANK2_OM-A_per_ticker__T_cross_-today__input_-raw_rsi_ex-cross_rsi_sm-simple_same_b-wait_b_warmup-ready_: ok fills=280 (72.8s)
[2868/2869] BANK2_OM-A_per_ticker__OAT_a_exec-set_holdings: ok fills=270 (64.6s)
[2869/2869] BANK2_OM-A_per_ticker__SPOT_all_excluded_off: ok fills=270 (61.0s)
BUILD DONE
