freeze OK t1=5ae1bdb0e71a all=0eeb421b90d4 engine={'engine_image': 'quantconnect/lean@sha256:dc84a683464681b2e6c9579bc7655e16d4802380367c77004e40a6a504088bd7', 'lean_cli': 'lean 1.0.227', 'git_rev': '6751ed088024167fc4ef77fe579bb21fa744ed63'}
jobs=4097 workers=8
[1/4097] BANK2_DONOR_pin__OAT_rsi_smoothing-simple: cached
[2/4097] BANK2_DONOR_pin__OAT_a_exec-set_holdings: cached
[3/4097] BANK2_DONOR_pin__OAT_warmup-ready_check: cached
[4/4097] BANK2_DONOR_pin__ref: cached
[5/4097] BANK2_DONOR_pin__OAT_warmup-ready_per_rule: cached
[6/4097] BANK2_DONOR_pin__OAT_input_field-raw: cached
[7/4097] BANK2_DONOR_pin__OAT_same_bar_reentry-wait_bar: cached
[8/4097] BANK2_DONOR_pin__OAT_rsi_exit-cross: cached
[9/4097] BANK2_DONOR_pin__SPOT_all_excluded_off: cached
[10/4097] BANK2_DONOR_pin__OAT_cross_timing-today_ma: cached
[11/4097] BANK2_BL-01a_SMA__ref: cached
[12/4097] BANK2_BL-01a_SMA__T_cross_timing-both_days_input_field-raw_warmup-ready_check: cached
[13/4097] BANK2_BL-01a_SMA__T_cross_timing-both_days_input_field-raw_warmup-strict: cached
[14/4097] BANK2_BL-01a_SMA__T_cross_timing-today_ma_input_field-adjusted_warmup-strict: cached
[15/4097] BANK2_BL-01a_SMA__T_cross_timing-today_ma_input_field-adjusted_warmup-ready_check: cached
[16/4097] BANK2_BL-01a_SMA__T_cross_timing-today_ma_input_field-raw_warmup-strict: cached
[17/4097] BANK2_BL-01a_SMA__T_cross_timing-today_ma_input_field-raw_warmup-ready_check: cached
[18/4097] BANK2_BL-01a_SMA__T_cross_timing-both_days_input_field-adjusted_warmup-ready_check: cached
[19/4097] BANK2_BL-01a_SMA__OAT_same_bar_reentry-wait_bar: cached
[20/4097] BANK2_BL-01a_SMA__OAT_a_exec-set_holdings: cached
[21/4097] BANK2_BL-01a_SMA__OAT_rsi_smoothing-simple: cached
[22/4097] BANK2_BL-01a_SMA__OAT_rsi_exit-cross: cached
[23/4097] BANK2_BL-01a_SMA__SPOT_all_excluded_off: cached
[24/4097] BANK2_BL-01a_EMA__ref_wb-150: cached
[25/4097] BANK2_BL-01a_EMA__ref: cached
[26/4097] BANK2_BL-01a_EMA__ref_wb-200: cached
[27/4097] BANK2_BL-01a_EMA__ref_wb-252: cached
[28/4097] BANK2_BL-01a_EMA__T_cross_timing-today_ma_input_field-adjusted_warmup-strict_wb-150: cached
[29/4097] BANK2_BL-01a_EMA__T_cross_timing-today_ma_input_field-adjusted_warmup-strict: cached
[30/4097] BANK2_BL-01a_EMA__T_cross_timing-today_ma_input_field-adjusted_warmup-strict_wb-200: cached
[31/4097] BANK2_BL-01a_EMA__T_cross_timing-both_days_input_field-raw_warmup-strict: cached
[32/4097] BANK2_BL-01a_EMA__T_cross_timing-today_ma_input_field-adjusted_warmup-strict_wb-252: cached
[33/4097] BANK2_BL-01a_EMA__T_cross_timing-both_days_input_field-raw_warmup-strict_wb-150: cached
[34/4097] BANK2_BL-01a_EMA__T_cross_timing-both_days_input_field-raw_warmup-strict_wb-200: cached
[35/4097] BANK2_BL-01a_EMA__T_cross_timing-both_days_input_field-raw_warmup-strict_wb-252: cached
[36/4097] BANK2_BL-01a_EMA__T_cross_timing-today_ma_input_field-raw_warmup-strict: cached
[37/4097] BANK2_BL-01a_EMA__T_cross_timing-today_ma_input_field-raw_warmup-strict_wb-252: cached
[38/4097] BANK2_BL-01a_EMA__T_cross_timing-today_ma_input_field-raw_warmup-strict_wb-150: cached
[39/4097] BANK2_BL-01a_EMA__T_cross_timing-today_ma_input_field-raw_warmup-strict_wb-200: cached
[40/4097] BANK2_BL-01a_EMA__T_cross_timing-today_ma_input_field-adjusted_warmup-ready_check: cached
[41/4097] BANK2_BL-01a_EMA__T_cross_timing-both_days_input_field-adjusted_warmup-ready_check: cached
[42/4097] BANK2_BL-01a_EMA__T_cross_timing-today_ma_input_field-raw_warmup-ready_check: cached
[43/4097] BANK2_BL-01a_EMA__T_cross_timing-both_days_input_field-raw_warmup-ready_check: cached
[44/4097] BANK2_BL-01a_SMA__T_cross_timing-both_days_input_field-adjusted_warmup-ready_per_rule: ok fills=270 (49.0s)
[45/4097] BANK2_BL-01a_EMA__OAT_rsi_smoothing-simple: cached
[46/4097] BANK2_BL-01a_EMA__OAT_rsi_exit-cross: cached
[47/4097] BANK2_BL-01a_EMA__OAT_a_exec-set_holdings: cached
[48/4097] BANK2_BL-01a_EMA__OAT_same_bar_reentry-wait_bar: cached
[49/4097] BANK2_BL-01a_EMA__SPOT_all_excluded_off: cached
[50/4097] BANK2_BL-01a_WMA__ref: cached
[51/4097] BANK2_BL-01a_WMA__T_cross_timing-today_ma_input_field-adjusted_warmup-strict: cached
[52/4097] BANK2_BL-01a_WMA__T_cross_timing-both_days_input_field-raw_warmup-strict: cached
[53/4097] BANK2_BL-01a_WMA__T_cross_timing-today_ma_input_field-raw_warmup-strict: cached
[54/4097] BANK2_BL-01a_WMA__T_cross_timing-both_days_input_field-adjusted_warmup-ready_check: cached
[55/4097] BANK2_BL-01a_WMA__T_cross_timing-today_ma_input_field-adjusted_warmup-ready_check: cached
[56/4097] BANK2_BL-01a_WMA__T_cross_timing-both_days_input_field-raw_warmup-ready_check: cached
[57/4097] BANK2_BL-01a_WMA__T_cross_timing-today_ma_input_field-raw_warmup-ready_check: cached
[58/4097] BANK2_BL-01a_EMA__T_cross_timing-today_ma_input_field-adjusted_warmup-ready_per_rule: ok fills=288 (52.2s)
[59/4097] BANK2_BL-01a_SMA__T_cross_timing-today_ma_input_field-raw_warmup-ready_per_rule: ok fills=278 (54.5s)
[60/4097] BANK2_BL-01a_EMA__T_cross_timing-both_days_input_field-adjusted_warmup-ready_per_rule: ok fills=288 (55.4s)
[61/4097] BANK2_BL-01a_SMA__T_cross_timing-both_days_input_field-raw_warmup-ready_per_rule: ok fills=280 (55.7s)
[62/4097] BANK2_BL-01a_WMA__OAT_rsi_smoothing-simple: cached
[63/4097] BANK2_BL-01a_WMA__OAT_rsi_exit-cross: cached
[64/4097] BANK2_BL-01a_WMA__OAT_a_exec-set_holdings: cached
[65/4097] BANK2_BL-01a_WMA__OAT_same_bar_reentry-wait_bar: cached
[66/4097] BANK2_BL-01a_WMA__SPOT_all_excluded_off: cached
[67/4097] BANK2_BL-01b_p10__ref: cached
[68/4097] BANK2_BL-01b_p10__T_cross_timing-today_ma_input_field-adjusted_warmup-strict: cached
[69/4097] BANK2_BL-01b_p10__T_cross_timing-both_days_input_field-raw_warmup-strict: cached
[70/4097] BANK2_BL-01b_p10__T_cross_timing-today_ma_input_field-raw_warmup-strict: cached
[71/4097] BANK2_BL-01b_p10__T_cross_timing-both_days_input_field-adjusted_warmup-ready_check: cached
[72/4097] BANK2_BL-01b_p10__T_cross_timing-today_ma_input_field-adjusted_warmup-ready_check: cached
[73/4097] BANK2_BL-01b_p10__T_cross_timing-both_days_input_field-raw_warmup-ready_check: cached
[74/4097] BANK2_BL-01b_p10__T_cross_timing-today_ma_input_field-raw_warmup-ready_check: cached
[75/4097] BANK2_BL-01a_EMA__T_cross_timing-today_ma_input_field-raw_warmup-ready_per_rule: ok fills=290 (58.6s)
[76/4097] BANK2_BL-01a_SMA__T_cross_timing-today_ma_input_field-adjusted_warmup-ready_per_rule: ok fills=266 (59.3s)
[77/4097] BANK2_BL-01a_EMA__T_cross_timing-both_days_input_field-raw_warmup-ready_per_rule: ok fills=290 (59.4s)
[78/4097] BANK2_BL-01a_WMA__T_cross_timing-today_ma_input_field-adjusted_warmup-ready_per_rule: ok fills=310 (53.8s)
[79/4097] BANK2_BL-01b_p10__OAT_rsi_smoothing-simple: cached
[80/4097] BANK2_BL-01b_p10__OAT_rsi_exit-cross: cached
[81/4097] BANK2_BL-01a_WMA__T_cross_timing-both_days_input_field-raw_warmup-ready_per_rule: ok fills=304 (51.5s)
[82/4097] BANK2_BL-01b_p10__OAT_a_exec-set_holdings: cached
[83/4097] BANK2_BL-01b_p10__OAT_same_bar_reentry-wait_bar: cached
[84/4097] BANK2_BL-01b_p10__SPOT_all_excluded_off: cached
[85/4097] BANK2_BL-01b_p20__ref: cached
[86/4097] BANK2_BL-01b_p20__T_cross_timing-today_ma_input_field-adjusted_warmup-strict: cached
[87/4097] BANK2_BL-01b_p20__T_cross_timing-today_ma_input_field-raw_warmup-strict: cached
[88/4097] BANK2_BL-01b_p20__T_cross_timing-both_days_input_field-raw_warmup-strict: cached
[89/4097] BANK2_BL-01b_p20__T_cross_timing-both_days_input_field-adjusted_warmup-ready_check: cached
[90/4097] BANK2_BL-01b_p20__T_cross_timing-today_ma_input_field-adjusted_warmup-ready_check: cached
[91/4097] BANK2_BL-01b_p20__T_cross_timing-both_days_input_field-raw_warmup-ready_check: cached
[92/4097] BANK2_BL-01b_p20__T_cross_timing-today_ma_input_field-raw_warmup-ready_check: cached
[93/4097] BANK2_BL-01a_WMA__T_cross_timing-both_days_input_field-adjusted_warmup-ready_per_rule: ok fills=312 (57.1s)
[94/4097] BANK2_BL-01a_WMA__T_cross_timing-today_ma_input_field-raw_warmup-ready_per_rule: ok fills=298 (51.9s)
[95/4097] BANK2_BL-01b_p10__T_cross_timing-today_ma_input_field-raw_warmup-ready_per_rule: ok fills=580 (49.0s)
[96/4097] BANK2_BL-01b_p20__OAT_rsi_smoothing-simple: cached
[97/4097] BANK2_BL-01b_p20__OAT_rsi_exit-cross: cached
[98/4097] BANK2_BL-01b_p20__OAT_a_exec-set_holdings: cached
[99/4097] BANK2_BL-01b_p20__OAT_same_bar_reentry-wait_bar: cached
[100/4097] BANK2_BL-01b_p20__SPOT_all_excluded_off: cached
[101/4097] BANK2_BL-01b_p50__ref: cached
[102/4097] BANK2_BL-01b_p50__T_cross_timing-today_ma_input_field-adjusted_warmup-strict: cached
[103/4097] BANK2_BL-01b_p50__T_cross_timing-both_days_input_field-raw_warmup-strict: cached
[104/4097] BANK2_BL-01b_p50__T_cross_timing-today_ma_input_field-raw_warmup-strict: cached
[105/4097] BANK2_BL-01b_p50__T_cross_timing-both_days_input_field-adjusted_warmup-ready_check: cached
[106/4097] BANK2_BL-01b_p50__T_cross_timing-today_ma_input_field-adjusted_warmup-ready_check: cached
[107/4097] BANK2_BL-01b_p50__T_cross_timing-both_days_input_field-raw_warmup-ready_check: cached
[108/4097] BANK2_BL-01b_p50__T_cross_timing-today_ma_input_field-raw_warmup-ready_check: cached
[109/4097] BANK2_BL-01b_p10__T_cross_timing-both_days_input_field-raw_warmup-ready_per_rule: ok fills=608 (52.5s)
[110/4097] BANK2_BL-01b_p10__T_cross_timing-today_ma_input_field-adjusted_warmup-ready_per_rule: ok fills=598 (53.3s)
[111/4097] BANK2_BL-01b_p10__T_cross_timing-both_days_input_field-adjusted_warmup-ready_per_rule: ok fills=626 (56.3s)
[112/4097] BANK2_BL-01b_p20__T_cross_timing-both_days_input_field-adjusted_warmup-ready_per_rule: ok fills=470 (50.8s)
[113/4097] BANK2_BL-01b_p50__OAT_rsi_smoothing-simple: cached
[114/4097] BANK2_BL-01b_p50__OAT_rsi_exit-cross: cached
[115/4097] BANK2_BL-01b_p50__OAT_a_exec-set_holdings: cached
[116/4097] BANK2_BL-01b_p50__OAT_same_bar_reentry-wait_bar: cached
[117/4097] BANK2_BL-01b_p50__SPOT_all_excluded_off: cached
[118/4097] BANK2_BL-01b_p100__ref: cached
[119/4097] BANK2_BL-01b_p100__T_cross_timing-today_ma_input_field-adjusted_warmup-strict: cached
[120/4097] BANK2_BL-01b_p100__T_cross_timing-both_days_input_field-raw_warmup-strict: cached
[121/4097] BANK2_BL-01b_p100__T_cross_timing-today_ma_input_field-raw_warmup-strict: cached
[122/4097] BANK2_BL-01b_p100__T_cross_timing-both_days_input_field-adjusted_warmup-ready_check: cached
[123/4097] BANK2_BL-01b_p100__T_cross_timing-today_ma_input_field-adjusted_warmup-ready_check: cached
[124/4097] BANK2_BL-01b_p100__T_cross_timing-both_days_input_field-raw_warmup-ready_check: cached
[125/4097] BANK2_BL-01b_p100__T_cross_timing-today_ma_input_field-raw_warmup-ready_check: cached
[126/4097] BANK2_BL-01b_p20__T_cross_timing-today_ma_input_field-adjusted_warmup-ready_per_rule: ok fills=446 (54.1s)
[127/4097] BANK2_BL-01b_p20__T_cross_timing-both_days_input_field-raw_warmup-ready_per_rule: ok fills=458 (54.2s)
[128/4097] BANK2_BL-01b_p20__T_cross_timing-today_ma_input_field-raw_warmup-ready_per_rule: ok fills=428 (55.4s)
[129/4097] BANK2_BL-01b_p50__T_cross_timing-today_ma_input_field-raw_warmup-ready_per_rule: ok fills=333 (51.0s)
[130/4097] BANK2_BL-01b_p100__OAT_rsi_smoothing-simple: cached
[131/4097] BANK2_BL-01b_p100__OAT_rsi_exit-cross: cached
[132/4097] BANK2_BL-01b_p100__OAT_a_exec-set_holdings: cached
[133/4097] BANK2_BL-01b_p100__OAT_same_bar_reentry-wait_bar: cached
[134/4097] BANK2_BL-01b_p100__SPOT_all_excluded_off: cached
[135/4097] BANK2_BL-01b_p200__ref: cached
[136/4097] BANK2_BL-01b_p200__T_cross_timing-today_ma_input_field-adjusted_warmup-strict: cached
[137/4097] BANK2_BL-01b_p200__T_cross_timing-both_days_input_field-raw_warmup-strict: cached
[138/4097] BANK2_BL-01b_p200__T_cross_timing-today_ma_input_field-raw_warmup-strict: cached
[139/4097] BANK2_BL-01b_p200__T_cross_timing-both_days_input_field-adjusted_warmup-ready_check: cached
[140/4097] BANK2_BL-01b_p200__T_cross_timing-today_ma_input_field-adjusted_warmup-ready_check: cached
[141/4097] BANK2_BL-01b_p200__T_cross_timing-both_days_input_field-raw_warmup-ready_check: cached
[142/4097] BANK2_BL-01b_p200__T_cross_timing-today_ma_input_field-raw_warmup-ready_check: cached
[143/4097] BANK2_BL-01b_p50__T_cross_timing-both_days_input_field-adjusted_warmup-ready_per_rule: ok fills=338 (58.3s)
[144/4097] BANK2_BL-01b_p50__T_cross_timing-both_days_input_field-raw_warmup-ready_per_rule: ok fills=335 (55.7s)
[145/4097] BANK2_BL-01b_p100__T_cross_timing-both_days_input_field-adjusted_warmup-ready_per_rule: exit=1 fills=None (10.7s)
[146/4097] BANK2_BL-01b_p50__T_cross_timing-today_ma_input_field-adjusted_warmup-ready_per_rule: ok fills=328 (57.4s)
[147/4097] BANK2_BL-01b_p200__OAT_rsi_smoothing-simple: cached
[148/4097] BANK2_BL-01b_p200__OAT_rsi_exit-cross: cached
[149/4097] BANK2_BL-01b_p200__OAT_a_exec-set_holdings: cached
[150/4097] BANK2_BL-01b_p200__OAT_same_bar_reentry-wait_bar: cached
[151/4097] BANK2_BL-01b_p200__SPOT_all_excluded_off: cached
[152/4097] BANK2_BL-01c_SMA10__ref: cached
[153/4097] BANK2_BL-01c_SMA10__T_cross_timing-today_ma_input_field-adjusted_warmup-strict: cached
[154/4097] BANK2_BL-01c_SMA10__T_cross_timing-both_days_input_field-raw_warmup-strict: cached
[155/4097] BANK2_BL-01c_SMA10__T_cross_timing-today_ma_input_field-raw_warmup-strict: cached
[156/4097] BANK2_BL-01c_SMA10__T_cross_timing-both_days_input_field-adjusted_warmup-ready_check: cached
[157/4097] BANK2_BL-01c_SMA10__T_cross_timing-today_ma_input_field-adjusted_warmup-ready_check: cached
[158/4097] BANK2_BL-01c_SMA10__T_cross_timing-both_days_input_field-raw_warmup-ready_check: cached
[159/4097] BANK2_BL-01c_SMA10__T_cross_timing-today_ma_input_field-raw_warmup-ready_check: cached
[160/4097] BANK2_BL-01b_p100__T_cross_timing-today_ma_input_field-adjusted_warmup-ready_per_rule: ok fills=266 (42.9s)
[161/4097] BANK2_BL-01b_p100__T_cross_timing-today_ma_input_field-raw_warmup-ready_per_rule: ok fills=278 (43.5s)
[162/4097] BANK2_BL-01b_p200__T_cross_timing-both_days_input_field-raw_warmup-ready_per_rule: ok fills=203 (50.6s)
[163/4097] BANK2_BL-01b_p100__T_cross_timing-both_days_input_field-raw_warmup-ready_per_rule: ok fills=280 (57.3s)
[164/4097] BANK2_BL-01c_SMA10__OAT_rsi_smoothing-simple: cached
[165/4097] BANK2_BL-01c_SMA10__OAT_rsi_exit-cross: cached
[166/4097] BANK2_BL-01c_SMA10__OAT_a_exec-set_holdings: cached
[167/4097] BANK2_BL-01c_SMA10__OAT_same_bar_reentry-wait_bar: cached
[168/4097] BANK2_BL-01c_SMA10__SPOT_all_excluded_off: cached
[169/4097] BANK2_BL-01c_SMA20__ref: cached
[170/4097] BANK2_BL-01c_SMA20__T_cross_timing-today_ma_input_field-adjusted_warmup-strict: cached
[171/4097] BANK2_BL-01c_SMA20__T_cross_timing-both_days_input_field-raw_warmup-strict: cached
[172/4097] BANK2_BL-01c_SMA20__T_cross_timing-today_ma_input_field-raw_warmup-strict: cached
[173/4097] BANK2_BL-01c_SMA20__T_cross_timing-both_days_input_field-adjusted_warmup-ready_check: cached
[174/4097] BANK2_BL-01c_SMA20__T_cross_timing-today_ma_input_field-adjusted_warmup-ready_check: cached
[175/4097] BANK2_BL-01c_SMA20__T_cross_timing-both_days_input_field-raw_warmup-ready_check: cached
[176/4097] BANK2_BL-01c_SMA20__T_cross_timing-today_ma_input_field-raw_warmup-ready_check: cached
[177/4097] BANK2_BL-01b_p200__T_cross_timing-today_ma_input_field-raw_warmup-ready_per_rule: ok fills=201 (50.8s)
[178/4097] BANK2_BL-01b_p200__T_cross_timing-both_days_input_field-adjusted_warmup-ready_per_rule: ok fills=208 (54.9s)
[179/4097] BANK2_BL-01c_SMA10__T_cross_timing-both_days_input_field-raw_warmup-ready_per_rule: exit=1 fills=None (13.8s)
[180/4097] BANK2_BL-01c_SMA10__T_cross_timing-both_days_input_field-adjusted_warmup-ready_per_rule: ok fills=626 (52.8s)
[181/4097] BANK2_BL-01c_SMA20__OAT_rsi_smoothing-simple: cached
[182/4097] BANK2_BL-01c_SMA20__OAT_rsi_exit-cross: cached
[183/4097] BANK2_BL-01c_SMA20__OAT_a_exec-set_holdings: cached
[184/4097] BANK2_BL-01c_SMA20__OAT_same_bar_reentry-wait_bar: cached
[185/4097] BANK2_BL-01c_SMA20__SPOT_all_excluded_off: cached
[186/4097] BANK2_BL-01c_SMA50__ref: cached
[187/4097] BANK2_BL-01c_SMA50__T_cross_timing-today_ma_input_field-adjusted_warmup-strict: cached
[188/4097] BANK2_BL-01c_SMA50__T_cross_timing-both_days_input_field-raw_warmup-strict: cached
[189/4097] BANK2_BL-01c_SMA50__T_cross_timing-today_ma_input_field-raw_warmup-strict: cached
[190/4097] BANK2_BL-01c_SMA50__T_cross_timing-both_days_input_field-adjusted_warmup-ready_check: cached
[191/4097] BANK2_BL-01c_SMA50__T_cross_timing-today_ma_input_field-adjusted_warmup-ready_check: cached
[192/4097] BANK2_BL-01c_SMA50__T_cross_timing-both_days_input_field-raw_warmup-ready_check: cached
[193/4097] BANK2_BL-01c_SMA50__T_cross_timing-today_ma_input_field-raw_warmup-ready_check: cached
[194/4097] BANK2_BL-01b_p200__T_cross_timing-today_ma_input_field-adjusted_warmup-ready_per_rule: ok fills=208 (58.4s)
[195/4097] BANK2_BL-01c_SMA10__T_cross_timing-today_ma_input_field-adjusted_warmup-ready_per_rule: ok fills=598 (48.3s)
[196/4097] BANK2_BL-01c_SMA50__T_cross_timing-both_days_input_field-adjusted_warmup-ready_per_rule: ok fills=338 (43.2s)
[197/4097] BANK2_BL-01c_SMA20__T_cross_timing-both_days_input_field-adjusted_warmup-ready_per_rule: ok fills=470 (47.9s)
[198/4097] BANK2_BL-01c_SMA50__OAT_rsi_smoothing-simple: cached
[199/4097] BANK2_BL-01c_SMA50__OAT_rsi_exit-cross: cached
[200/4097] BANK2_BL-01c_SMA50__OAT_a_exec-set_holdings: cached
[201/4097] BANK2_BL-01c_SMA50__OAT_same_bar_reentry-wait_bar: cached
[202/4097] BANK2_BL-01c_SMA50__SPOT_all_excluded_off: cached
[203/4097] BANK2_BL-01c_SMA100__ref: cached
[204/4097] BANK2_BL-01c_SMA100__T_cross_timing-today_ma_input_field-adjusted_warmup-strict: cached
[205/4097] BANK2_BL-01c_SMA100__T_cross_timing-both_days_input_field-raw_warmup-strict: cached
[206/4097] BANK2_BL-01c_SMA100__T_cross_timing-today_ma_input_field-raw_warmup-strict: cached
[207/4097] BANK2_BL-01c_SMA100__T_cross_timing-both_days_input_field-adjusted_warmup-ready_check: cached
[208/4097] BANK2_BL-01c_SMA100__T_cross_timing-today_ma_input_field-adjusted_warmup-ready_check: cached
[209/4097] BANK2_BL-01c_SMA100__T_cross_timing-both_days_input_field-raw_warmup-ready_check: cached
[210/4097] BANK2_BL-01c_SMA100__T_cross_timing-today_ma_input_field-raw_warmup-ready_check: cached
[211/4097] BANK2_BL-01c_SMA20__T_cross_timing-both_days_input_field-raw_warmup-ready_per_rule: ok fills=458 (50.5s)
[212/4097] BANK2_BL-01c_SMA20__T_cross_timing-today_ma_input_field-raw_warmup-ready_per_rule: ok fills=428 (52.7s)
[213/4097] BANK2_BL-01c_SMA10__T_cross_timing-today_ma_input_field-raw_warmup-ready_per_rule: ok fills=580 (56.9s)
[214/4097] BANK2_BL-01c_SMA20__T_cross_timing-today_ma_input_field-adjusted_warmup-ready_per_rule: ok fills=446 (56.8s)
[215/4097] BANK2_BL-01c_SMA100__OAT_rsi_smoothing-simple: cached
[216/4097] BANK2_BL-01c_SMA100__OAT_rsi_exit-cross: cached
[217/4097] BANK2_BL-01c_SMA100__OAT_a_exec-set_holdings: cached
[218/4097] BANK2_BL-01c_SMA100__OAT_same_bar_reentry-wait_bar: cached
[219/4097] BANK2_BL-01c_SMA100__SPOT_all_excluded_off: cached
[220/4097] BANK2_BL-01c_SMA200__ref: cached
[221/4097] BANK2_BL-01c_SMA200__T_cross_timing-today_ma_input_field-adjusted_warmup-strict: cached
[222/4097] BANK2_BL-01c_SMA200__T_cross_timing-both_days_input_field-raw_warmup-strict: cached
[223/4097] BANK2_BL-01c_SMA200__T_cross_timing-today_ma_input_field-raw_warmup-strict: cached
[224/4097] BANK2_BL-01c_SMA200__T_cross_timing-both_days_input_field-adjusted_warmup-ready_check: cached
[225/4097] BANK2_BL-01c_SMA200__T_cross_timing-today_ma_input_field-adjusted_warmup-ready_check: cached
[226/4097] BANK2_BL-01c_SMA200__T_cross_timing-both_days_input_field-raw_warmup-ready_check: cached
[227/4097] BANK2_BL-01c_SMA200__T_cross_timing-today_ma_input_field-raw_warmup-ready_check: cached
[228/4097] BANK2_BL-01c_SMA50__T_cross_timing-today_ma_input_field-raw_warmup-ready_per_rule: exit=1 fills=None (10.6s)
[229/4097] BANK2_BL-01c_SMA50__T_cross_timing-today_ma_input_field-adjusted_warmup-ready_per_rule: ok fills=328 (51.0s)
[230/4097] BANK2_BL-01c_SMA50__T_cross_timing-both_days_input_field-raw_warmup-ready_per_rule: ok fills=335 (53.2s)
[231/4097] BANK2_BL-01c_SMA100__T_cross_timing-both_days_input_field-raw_warmup-ready_per_rule: ok fills=280 (50.0s)
[232/4097] BANK2_BL-01c_SMA200__OAT_rsi_smoothing-simple: cached
[233/4097] BANK2_BL-01c_SMA200__OAT_rsi_exit-cross: cached
[234/4097] BANK2_BL-01c_SMA200__OAT_a_exec-set_holdings: cached
[235/4097] BANK2_BL-01c_SMA200__OAT_same_bar_reentry-wait_bar: cached
[236/4097] BANK2_BL-01c_SMA200__SPOT_all_excluded_off: cached
[237/4097] BANK2_BL-01c_EMA10__ref: cached
[238/4097] BANK2_BL-01c_EMA10__ref_wb-150: cached
[239/4097] BANK2_BL-01c_EMA10__ref_wb-200: cached
[240/4097] BANK2_BL-01c_EMA10__ref_wb-252: cached
[241/4097] BANK2_BL-01c_EMA10__T_cross_timing-today_ma_input_field-adjusted_warmup-strict: cached
[242/4097] BANK2_BL-01c_EMA10__T_cross_timing-today_ma_input_field-adjusted_warmup-strict_wb-150: cached
[243/4097] BANK2_BL-01c_SMA100__T_cross_timing-both_days_input_field-adjusted_warmup-ready_per_rule: ok fills=270 (56.2s)
[244/4097] BANK2_BL-01c_EMA10__T_cross_timing-today_ma_input_field-adjusted_warmup-strict_wb-200: cached
[245/4097] BANK2_BL-01c_EMA10__T_cross_timing-today_ma_input_field-adjusted_warmup-strict_wb-252: cached
[246/4097] BANK2_BL-01c_EMA10__T_cross_timing-both_days_input_field-raw_warmup-strict: cached
[247/4097] BANK2_BL-01c_EMA10__T_cross_timing-both_days_input_field-raw_warmup-strict_wb-150: cached
[248/4097] BANK2_BL-01c_EMA10__T_cross_timing-both_days_input_field-raw_warmup-strict_wb-200: cached
[249/4097] BANK2_BL-01c_EMA10__T_cross_timing-both_days_input_field-raw_warmup-strict_wb-252: cached
[250/4097] BANK2_BL-01c_EMA10__T_cross_timing-today_ma_input_field-raw_warmup-strict: cached
[251/4097] BANK2_BL-01c_EMA10__T_cross_timing-today_ma_input_field-raw_warmup-strict_wb-150: cached
[252/4097] BANK2_BL-01c_EMA10__T_cross_timing-today_ma_input_field-raw_warmup-strict_wb-200: cached
[253/4097] BANK2_BL-01c_EMA10__T_cross_timing-both_days_input_field-adjusted_warmup-ready_check: cached
[254/4097] BANK2_BL-01c_EMA10__T_cross_timing-today_ma_input_field-raw_warmup-strict_wb-252: cached
[255/4097] BANK2_BL-01c_EMA10__T_cross_timing-today_ma_input_field-adjusted_warmup-ready_check: cached
[256/4097] BANK2_BL-01c_EMA10__T_cross_timing-both_days_input_field-raw_warmup-ready_check: cached
[257/4097] BANK2_BL-01c_EMA10__T_cross_timing-today_ma_input_field-raw_warmup-ready_check: cached
[258/4097] BANK2_BL-01c_SMA100__T_cross_timing-today_ma_input_field-adjusted_warmup-ready_per_rule: ok fills=266 (54.9s)
[259/4097] BANK2_BL-01c_SMA100__T_cross_timing-today_ma_input_field-raw_warmup-ready_per_rule: ok fills=278 (49.8s)
[260/4097] BANK2_BL-01c_SMA200__T_cross_timing-both_days_input_field-raw_warmup-ready_per_rule: ok fills=203 (53.0s)
[261/4097] BANK2_BL-01c_EMA10__OAT_rsi_smoothing-simple: cached
[262/4097] BANK2_BL-01c_EMA10__OAT_rsi_exit-cross: cached
[263/4097] BANK2_BL-01c_EMA10__OAT_a_exec-set_holdings: cached
[264/4097] BANK2_BL-01c_EMA10__OAT_same_bar_reentry-wait_bar: cached
[265/4097] BANK2_BL-01c_EMA10__SPOT_all_excluded_off: cached
[266/4097] BANK2_BL-01c_EMA20__ref: cached
[267/4097] BANK2_BL-01c_EMA20__ref_wb-150: cached
[268/4097] BANK2_BL-01c_EMA20__ref_wb-200: cached
[269/4097] BANK2_BL-01c_EMA20__ref_wb-252: cached
[270/4097] BANK2_BL-01c_EMA20__T_cross_timing-today_ma_input_field-adjusted_warmup-strict: cached
[271/4097] BANK2_BL-01c_EMA20__T_cross_timing-today_ma_input_field-adjusted_warmup-strict_wb-150: cached
[272/4097] BANK2_BL-01c_EMA20__T_cross_timing-today_ma_input_field-adjusted_warmup-strict_wb-200: cached
[273/4097] BANK2_BL-01c_EMA20__T_cross_timing-today_ma_input_field-adjusted_warmup-strict_wb-252: cached
[274/4097] BANK2_BL-01c_EMA20__T_cross_timing-both_days_input_field-raw_warmup-strict: cached
[275/4097] BANK2_BL-01c_SMA200__T_cross_timing-both_days_input_field-adjusted_warmup-ready_per_rule: ok fills=208 (53.7s)
[276/4097] BANK2_BL-01c_EMA20__T_cross_timing-both_days_input_field-raw_warmup-strict_wb-150: cached
[277/4097] BANK2_BL-01c_EMA20__T_cross_timing-both_days_input_field-raw_warmup-strict_wb-200: cached
[278/4097] BANK2_BL-01c_EMA20__T_cross_timing-both_days_input_field-raw_warmup-strict_wb-252: cached
[279/4097] BANK2_BL-01c_EMA20__T_cross_timing-today_ma_input_field-raw_warmup-strict: cached
[280/4097] BANK2_BL-01c_EMA20__T_cross_timing-today_ma_input_field-raw_warmup-strict_wb-150: cached
[281/4097] BANK2_BL-01c_EMA20__T_cross_timing-today_ma_input_field-raw_warmup-strict_wb-252: cached
[282/4097] BANK2_BL-01c_EMA20__T_cross_timing-today_ma_input_field-raw_warmup-strict_wb-200: cached
[283/4097] BANK2_BL-01c_EMA20__T_cross_timing-today_ma_input_field-adjusted_warmup-ready_check: cached
[284/4097] BANK2_BL-01c_EMA20__T_cross_timing-both_days_input_field-adjusted_warmup-ready_check: cached
[285/4097] BANK2_BL-01c_EMA20__T_cross_timing-both_days_input_field-raw_warmup-ready_check: cached
[286/4097] BANK2_BL-01c_EMA20__T_cross_timing-today_ma_input_field-raw_warmup-ready_check: cached
[287/4097] BANK2_BL-01c_SMA200__T_cross_timing-today_ma_input_field-adjusted_warmup-ready_per_rule: ok fills=208 (53.2s)
[288/4097] BANK2_BL-01c_SMA200__T_cross_timing-today_ma_input_field-raw_warmup-ready_per_rule: ok fills=201 (47.2s)
[289/4097] BANK2_BL-01c_EMA10__T_cross_timing-both_days_input_field-raw_warmup-ready_per_rule: ok fills=644 (50.6s)
[290/4097] BANK2_BL-01c_EMA20__OAT_rsi_smoothing-simple: cached
[291/4097] BANK2_BL-01c_EMA20__OAT_rsi_exit-cross: cached
[292/4097] BANK2_BL-01c_EMA20__OAT_a_exec-set_holdings: cached
[293/4097] BANK2_BL-01c_EMA20__OAT_same_bar_reentry-wait_bar: cached
[294/4097] BANK2_BL-01c_EMA20__SPOT_all_excluded_off: cached
[295/4097] BANK2_BL-01c_EMA50__ref: cached
[296/4097] BANK2_BL-01c_EMA50__ref_wb-150: cached
[297/4097] BANK2_BL-01c_EMA50__ref_wb-200: cached
[298/4097] BANK2_BL-01c_EMA50__ref_wb-252: cached
[299/4097] BANK2_BL-01c_EMA50__T_cross_timing-today_ma_input_field-adjusted_warmup-strict: cached
[300/4097] BANK2_BL-01c_EMA50__T_cross_timing-today_ma_input_field-adjusted_warmup-strict_wb-150: cached
[301/4097] BANK2_BL-01c_EMA50__T_cross_timing-today_ma_input_field-adjusted_warmup-strict_wb-200: cached
[302/4097] BANK2_BL-01c_EMA50__T_cross_timing-today_ma_input_field-adjusted_warmup-strict_wb-252: cached
[303/4097] BANK2_BL-01c_EMA50__T_cross_timing-both_days_input_field-raw_warmup-strict: cached
[304/4097] BANK2_BL-01c_EMA50__T_cross_timing-both_days_input_field-raw_warmup-strict_wb-150: cached
[305/4097] BANK2_BL-01c_EMA50__T_cross_timing-both_days_input_field-raw_warmup-strict_wb-200: cached
[306/4097] BANK2_BL-01c_EMA50__T_cross_timing-both_days_input_field-raw_warmup-strict_wb-252: cached
[307/4097] BANK2_BL-01c_EMA50__T_cross_timing-today_ma_input_field-raw_warmup-strict: cached
[308/4097] BANK2_BL-01c_EMA50__T_cross_timing-today_ma_input_field-raw_warmup-strict_wb-150: cached
[309/4097] BANK2_BL-01c_EMA50__T_cross_timing-today_ma_input_field-raw_warmup-strict_wb-200: cached
[310/4097] BANK2_BL-01c_EMA50__T_cross_timing-today_ma_input_field-raw_warmup-strict_wb-252: cached
[311/4097] BANK2_BL-01c_EMA50__T_cross_timing-both_days_input_field-adjusted_warmup-ready_check: cached
[312/4097] BANK2_BL-01c_EMA50__T_cross_timing-today_ma_input_field-adjusted_warmup-ready_check: cached
[313/4097] BANK2_BL-01c_EMA50__T_cross_timing-both_days_input_field-raw_warmup-ready_check: cached
[314/4097] BANK2_BL-01c_EMA50__T_cross_timing-today_ma_input_field-raw_warmup-ready_check: cached
[315/4097] BANK2_BL-01c_EMA20__T_cross_timing-today_ma_input_field-adjusted_warmup-ready_per_rule: ok fills=504 (50.1s)
[316/4097] BANK2_BL-01c_EMA10__T_cross_timing-today_ma_input_field-raw_warmup-ready_per_rule: ok fills=644 (58.7s)
[317/4097] BANK2_BL-01c_EMA10__T_cross_timing-today_ma_input_field-adjusted_warmup-ready_per_rule: ok fills=658 (60.6s)
[318/4097] BANK2_BL-01c_EMA10__T_cross_timing-both_days_input_field-adjusted_warmup-ready_per_rule: ok fills=658 (62.8s)
[319/4097] BANK2_BL-01c_EMA50__OAT_rsi_smoothing-simple: cached
[320/4097] BANK2_BL-01c_EMA50__OAT_rsi_exit-cross: cached
[321/4097] BANK2_BL-01c_EMA50__OAT_a_exec-set_holdings: cached
[322/4097] BANK2_BL-01c_EMA50__OAT_same_bar_reentry-wait_bar: cached
[323/4097] BANK2_BL-01c_EMA50__SPOT_all_excluded_off: cached
[324/4097] BANK2_BL-01c_EMA100__ref: cached
[325/4097] BANK2_BL-01c_EMA100__ref_wb-150: cached
[326/4097] BANK2_BL-01c_EMA100__ref_wb-200: cached
[327/4097] BANK2_BL-01c_EMA100__ref_wb-252: cached
[328/4097] BANK2_BL-01c_EMA100__T_cross_timing-today_ma_input_field-adjusted_warmup-strict: cached
[329/4097] BANK2_BL-01c_EMA100__T_cross_timing-today_ma_input_field-adjusted_warmup-strict_wb-150: cached
[330/4097] BANK2_BL-01c_EMA100__T_cross_timing-today_ma_input_field-adjusted_warmup-strict_wb-200: cached
[331/4097] BANK2_BL-01c_EMA100__T_cross_timing-today_ma_input_field-adjusted_warmup-strict_wb-252: cached
[332/4097] BANK2_BL-01c_EMA100__T_cross_timing-both_days_input_field-raw_warmup-strict: cached
[333/4097] BANK2_BL-01c_EMA100__T_cross_timing-both_days_input_field-raw_warmup-strict_wb-150: cached
[334/4097] BANK2_BL-01c_EMA100__T_cross_timing-both_days_input_field-raw_warmup-strict_wb-200: cached
[335/4097] BANK2_BL-01c_EMA100__T_cross_timing-both_days_input_field-raw_warmup-strict_wb-252: cached
[336/4097] BANK2_BL-01c_EMA100__T_cross_timing-today_ma_input_field-raw_warmup-strict: cached
[337/4097] BANK2_BL-01c_EMA100__T_cross_timing-today_ma_input_field-raw_warmup-strict_wb-150: cached
[338/4097] BANK2_BL-01c_EMA100__T_cross_timing-today_ma_input_field-raw_warmup-strict_wb-200: cached
[339/4097] BANK2_BL-01c_EMA100__T_cross_timing-today_ma_input_field-raw_warmup-strict_wb-252: cached
[340/4097] BANK2_BL-01c_EMA100__T_cross_timing-both_days_input_field-adjusted_warmup-ready_check: cached
[341/4097] BANK2_BL-01c_EMA100__T_cross_timing-today_ma_input_field-adjusted_warmup-ready_check: cached
[342/4097] BANK2_BL-01c_EMA100__T_cross_timing-both_days_input_field-raw_warmup-ready_check: cached
[343/4097] BANK2_BL-01c_EMA100__T_cross_timing-today_ma_input_field-raw_warmup-ready_check: cached
[344/4097] BANK2_BL-01c_EMA20__T_cross_timing-both_days_input_field-raw_warmup-ready_per_rule: ok fills=510 (57.9s)
[345/4097] BANK2_BL-01c_EMA20__T_cross_timing-both_days_input_field-adjusted_warmup-ready_per_rule: ok fills=504 (59.3s)
[346/4097] BANK2_BL-01c_EMA20__T_cross_timing-today_ma_input_field-raw_warmup-ready_per_rule: ok fills=510 (48.9s)
[347/4097] BANK2_BL-01c_EMA50__T_cross_timing-both_days_input_field-adjusted_warmup-ready_per_rule: ok fills=340 (51.0s)
[348/4097] BANK2_BL-01c_EMA100__OAT_rsi_smoothing-simple: cached
[349/4097] BANK2_BL-01c_EMA100__OAT_rsi_exit-cross: cached
[350/4097] BANK2_BL-01c_EMA100__OAT_a_exec-set_holdings: cached
[351/4097] BANK2_BL-01c_EMA100__OAT_same_bar_reentry-wait_bar: cached
[352/4097] BANK2_BL-01c_EMA100__SPOT_all_excluded_off: cached
[353/4097] BANK2_BL-01c_EMA200__ref: cached
[354/4097] BANK2_BL-01c_EMA200__ref_wb-150: cached
[355/4097] BANK2_BL-01c_EMA200__ref_wb-200: cached
[356/4097] BANK2_BL-01c_EMA200__ref_wb-252: cached
[357/4097] BANK2_BL-01c_EMA200__T_cross_timing-today_ma_input_field-adjusted_warmup-strict: cached
[358/4097] BANK2_BL-01c_EMA200__T_cross_timing-today_ma_input_field-adjusted_warmup-strict_wb-150: cached
[359/4097] BANK2_BL-01c_EMA200__T_cross_timing-today_ma_input_field-adjusted_warmup-strict_wb-200: cached
[360/4097] BANK2_BL-01c_EMA200__T_cross_timing-today_ma_input_field-adjusted_warmup-strict_wb-252: cached
[361/4097] BANK2_BL-01c_EMA200__T_cross_timing-both_days_input_field-raw_warmup-strict: cached
[362/4097] BANK2_BL-01c_EMA200__T_cross_timing-both_days_input_field-raw_warmup-strict_wb-150: cached
[363/4097] BANK2_BL-01c_EMA200__T_cross_timing-both_days_input_field-raw_warmup-strict_wb-200: cached
[364/4097] BANK2_BL-01c_EMA200__T_cross_timing-both_days_input_field-raw_warmup-strict_wb-252: cached
[365/4097] BANK2_BL-01c_EMA200__T_cross_timing-today_ma_input_field-raw_warmup-strict: cached
[366/4097] BANK2_BL-01c_EMA200__T_cross_timing-today_ma_input_field-raw_warmup-strict_wb-150: cached
[367/4097] BANK2_BL-01c_EMA200__T_cross_timing-today_ma_input_field-raw_warmup-strict_wb-200: cached
[368/4097] BANK2_BL-01c_EMA200__T_cross_timing-today_ma_input_field-raw_warmup-strict_wb-252: cached
[369/4097] BANK2_BL-01c_EMA200__T_cross_timing-both_days_input_field-adjusted_warmup-ready_check: cached
[370/4097] BANK2_BL-01c_EMA200__T_cross_timing-today_ma_input_field-adjusted_warmup-ready_check: cached
[371/4097] BANK2_BL-01c_EMA200__T_cross_timing-both_days_input_field-raw_warmup-ready_check: cached
[372/4097] BANK2_BL-01c_EMA200__T_cross_timing-today_ma_input_field-raw_warmup-ready_check: cached
[373/4097] BANK2_BL-01c_EMA50__T_cross_timing-today_ma_input_field-adjusted_warmup-ready_per_rule: ok fills=340 (52.8s)
[374/4097] BANK2_BL-01c_EMA50__T_cross_timing-today_ma_input_field-raw_warmup-ready_per_rule: ok fills=342 (54.8s)
[375/4097] BANK2_BL-01c_EMA100__T_cross_timing-both_days_input_field-adjusted_warmup-ready_per_rule: ok fills=288 (53.8s)
[376/4097] BANK2_BL-01c_EMA100__T_cross_timing-today_ma_input_field-adjusted_warmup-ready_per_rule: ok fills=288 (60.8s)
[377/4097] BANK2_BL-01c_EMA200__OAT_rsi_smoothing-simple: cached
[378/4097] BANK2_BL-01c_EMA200__OAT_rsi_exit-cross: cached
[379/4097] BANK2_BL-01c_EMA200__OAT_a_exec-set_holdings: cached
[380/4097] BANK2_BL-01c_EMA200__OAT_same_bar_reentry-wait_bar: cached
[381/4097] BANK2_BL-01c_EMA200__SPOT_all_excluded_off: cached
[382/4097] BANK2_BL-01c_WMA10__ref: cached
[383/4097] BANK2_BL-01c_WMA10__T_cross_timing-today_ma_input_field-adjusted_warmup-strict: cached
[384/4097] BANK2_BL-01c_WMA10__T_cross_timing-both_days_input_field-raw_warmup-strict: cached
[385/4097] BANK2_BL-01c_WMA10__T_cross_timing-today_ma_input_field-raw_warmup-strict: cached
[386/4097] BANK2_BL-01c_WMA10__T_cross_timing-both_days_input_field-adjusted_warmup-ready_check: cached
[387/4097] BANK2_BL-01c_WMA10__T_cross_timing-today_ma_input_field-adjusted_warmup-ready_check: cached
[388/4097] BANK2_BL-01c_WMA10__T_cross_timing-both_days_input_field-raw_warmup-ready_check: cached
[389/4097] BANK2_BL-01c_WMA10__T_cross_timing-today_ma_input_field-raw_warmup-ready_check: cached
[390/4097] BANK2_BL-01c_EMA100__T_cross_timing-both_days_input_field-raw_warmup-ready_per_rule: ok fills=290 (61.1s)
[391/4097] BANK2_BL-01c_EMA100__T_cross_timing-today_ma_input_field-raw_warmup-ready_per_rule: ok fills=290 (50.5s)
[392/4097] BANK2_BL-01c_EMA50__T_cross_timing-both_days_input_field-raw_warmup-ready_per_rule: ok fills=342 (67.7s)
[393/4097] BANK2_BL-01c_EMA200__T_cross_timing-both_days_input_field-adjusted_warmup-ready_per_rule: ok fills=224 (55.4s)
[394/4097] BANK2_BL-01c_WMA10__OAT_rsi_smoothing-simple: cached
[395/4097] BANK2_BL-01c_WMA10__OAT_rsi_exit-cross: cached
[396/4097] BANK2_BL-01c_WMA10__OAT_a_exec-set_holdings: cached
[397/4097] BANK2_BL-01c_WMA10__OAT_same_bar_reentry-wait_bar: cached
[398/4097] BANK2_BL-01c_WMA10__SPOT_all_excluded_off: cached
[399/4097] BANK2_BL-01c_WMA20__ref: cached
[400/4097] BANK2_BL-01c_WMA20__T_cross_timing-today_ma_input_field-adjusted_warmup-strict: cached
[401/4097] BANK2_BL-01c_WMA20__T_cross_timing-both_days_input_field-raw_warmup-strict: cached
[402/4097] BANK2_BL-01c_WMA20__T_cross_timing-today_ma_input_field-raw_warmup-strict: cached
[403/4097] BANK2_BL-01c_WMA20__T_cross_timing-both_days_input_field-adjusted_warmup-ready_check: cached
[404/4097] BANK2_BL-01c_WMA20__T_cross_timing-today_ma_input_field-adjusted_warmup-ready_check: cached
[405/4097] BANK2_BL-01c_WMA20__T_cross_timing-both_days_input_field-raw_warmup-ready_check: cached
[406/4097] BANK2_BL-01c_WMA20__T_cross_timing-today_ma_input_field-raw_warmup-ready_check: cached
[407/4097] BANK2_BL-01c_EMA200__T_cross_timing-today_ma_input_field-adjusted_warmup-ready_per_rule: ok fills=224 (51.8s)
[408/4097] BANK2_BL-01c_EMA200__T_cross_timing-both_days_input_field-raw_warmup-ready_per_rule: ok fills=224 (49.2s)
[409/4097] BANK2_BL-01c_EMA200__T_cross_timing-today_ma_input_field-raw_warmup-ready_per_rule: ok fills=224 (57.9s)
[410/4097] BANK2_BL-01c_WMA10__T_cross_timing-both_days_input_field-adjusted_warmup-ready_per_rule: ok fills=716 (53.5s)
[411/4097] BANK2_BL-01c_WMA20__OAT_rsi_smoothing-simple: cached
[412/4097] BANK2_BL-01c_WMA20__OAT_rsi_exit-cross: cached
[413/4097] BANK2_BL-01c_WMA20__OAT_a_exec-set_holdings: cached
[414/4097] BANK2_BL-01c_WMA20__OAT_same_bar_reentry-wait_bar: cached
[415/4097] BANK2_BL-01c_WMA20__SPOT_all_excluded_off: cached
[416/4097] BANK2_BL-01c_WMA50__ref: cached
[417/4097] BANK2_BL-01c_WMA50__T_cross_timing-today_ma_input_field-adjusted_warmup-strict: cached
[418/4097] BANK2_BL-01c_WMA50__T_cross_timing-both_days_input_field-raw_warmup-strict: cached
[419/4097] BANK2_BL-01c_WMA50__T_cross_timing-today_ma_input_field-raw_warmup-strict: cached
[420/4097] BANK2_BL-01c_WMA50__T_cross_timing-both_days_input_field-adjusted_warmup-ready_check: cached
[421/4097] BANK2_BL-01c_WMA50__T_cross_timing-today_ma_input_field-adjusted_warmup-ready_check: cached
[422/4097] BANK2_BL-01c_WMA50__T_cross_timing-both_days_input_field-raw_warmup-ready_check: cached
[423/4097] BANK2_BL-01c_WMA50__T_cross_timing-today_ma_input_field-raw_warmup-ready_check: cached
[424/4097] BANK2_BL-01c_WMA10__T_cross_timing-today_ma_input_field-adjusted_warmup-ready_per_rule: ok fills=710 (54.5s)
[425/4097] BANK2_BL-01c_WMA10__T_cross_timing-today_ma_input_field-raw_warmup-ready_per_rule: ok fills=704 (56.4s)
[426/4097] BANK2_BL-01c_WMA10__T_cross_timing-both_days_input_field-raw_warmup-ready_per_rule: ok fills=710 (57.2s)
[427/4097] BANK2_BL-01c_WMA20__T_cross_timing-both_days_input_field-adjusted_warmup-ready_per_rule: ok fills=552 (52.1s)
[428/4097] BANK2_BL-01c_WMA50__OAT_rsi_smoothing-simple: cached
[429/4097] BANK2_BL-01c_WMA50__OAT_rsi_exit-cross: cached
[430/4097] BANK2_BL-01c_WMA50__OAT_a_exec-set_holdings: cached
[431/4097] BANK2_BL-01c_WMA50__OAT_same_bar_reentry-wait_bar: cached
[432/4097] BANK2_BL-01c_WMA50__SPOT_all_excluded_off: cached
[433/4097] BANK2_BL-01c_WMA100__ref: cached
[434/4097] BANK2_BL-01c_WMA100__T_cross_timing-today_ma_input_field-adjusted_warmup-strict: cached
[435/4097] BANK2_BL-01c_WMA100__T_cross_timing-both_days_input_field-raw_warmup-strict: cached
[436/4097] BANK2_BL-01c_WMA100__T_cross_timing-today_ma_input_field-raw_warmup-strict: cached
[437/4097] BANK2_BL-01c_WMA100__T_cross_timing-both_days_input_field-adjusted_warmup-ready_check: cached
[438/4097] BANK2_BL-01c_WMA100__T_cross_timing-today_ma_input_field-adjusted_warmup-ready_check: cached
[439/4097] BANK2_BL-01c_WMA100__T_cross_timing-both_days_input_field-raw_warmup-ready_check: cached
[440/4097] BANK2_BL-01c_WMA100__T_cross_timing-today_ma_input_field-raw_warmup-ready_check: cached
[441/4097] BANK2_BL-01c_WMA20__T_cross_timing-both_days_input_field-raw_warmup-ready_per_rule: ok fills=540 (50.6s)
[442/4097] BANK2_BL-01c_WMA20__T_cross_timing-today_ma_input_field-adjusted_warmup-ready_per_rule: ok fills=544 (54.3s)
[443/4097] BANK2_BL-01c_WMA20__T_cross_timing-today_ma_input_field-raw_warmup-ready_per_rule: ok fills=532 (48.7s)
[444/4097] BANK2_BL-01c_WMA50__T_cross_timing-today_ma_input_field-adjusted_warmup-ready_per_rule: ok fills=380 (45.5s)
[445/4097] BANK2_BL-01c_WMA100__OAT_rsi_smoothing-simple: cached
[446/4097] BANK2_BL-01c_WMA100__OAT_rsi_exit-cross: cached
[447/4097] BANK2_BL-01c_WMA100__OAT_a_exec-set_holdings: cached
[448/4097] BANK2_BL-01c_WMA100__OAT_same_bar_reentry-wait_bar: cached
[449/4097] BANK2_BL-01c_WMA100__SPOT_all_excluded_off: cached
[450/4097] BANK2_BL-01c_WMA200__ref: cached
[451/4097] BANK2_BL-01c_WMA200__T_cross_timing-today_ma_input_field-adjusted_warmup-strict: cached
[452/4097] BANK2_BL-01c_WMA200__T_cross_timing-both_days_input_field-raw_warmup-strict: cached
[453/4097] BANK2_BL-01c_WMA200__T_cross_timing-today_ma_input_field-raw_warmup-strict: cached
[454/4097] BANK2_BL-01c_WMA200__T_cross_timing-both_days_input_field-adjusted_warmup-ready_check: cached
[455/4097] BANK2_BL-01c_WMA200__T_cross_timing-today_ma_input_field-adjusted_warmup-ready_check: cached
[456/4097] BANK2_BL-01c_WMA200__T_cross_timing-both_days_input_field-raw_warmup-ready_check: cached
[457/4097] BANK2_BL-01c_WMA200__T_cross_timing-today_ma_input_field-raw_warmup-ready_check: cached
[458/4097] BANK2_BL-01c_WMA50__T_cross_timing-both_days_input_field-adjusted_warmup-ready_per_rule: ok fills=382 (52.5s)
[459/4097] BANK2_BL-01c_WMA100__T_cross_timing-today_ma_input_field-adjusted_warmup-ready_per_rule: exit=1 fills=None (16.8s)
[460/4097] BANK2_BL-01c_WMA50__T_cross_timing-both_days_input_field-raw_warmup-ready_per_rule: ok fills=387 (48.2s)
[461/4097] BANK2_BL-01c_WMA50__T_cross_timing-today_ma_input_field-raw_warmup-ready_per_rule: ok fills=385 (54.0s)
[462/4097] BANK2_BL-01c_WMA200__OAT_rsi_smoothing-simple: cached
[463/4097] BANK2_BL-01c_WMA200__OAT_rsi_exit-cross: cached
[464/4097] BANK2_BL-01c_WMA200__OAT_a_exec-set_holdings: cached
[465/4097] BANK2_BL-01c_WMA200__OAT_same_bar_reentry-wait_bar: cached
[466/4097] BANK2_BL-01c_WMA200__SPOT_all_excluded_off: cached
[467/4097] BANK2_CROSS_conv_reent__ref: cached
[468/4097] BANK2_CROSS_conv_reent__T_cross_timing-today_ma_input_field-adjusted_warmup-strict: cached
[469/4097] BANK2_CROSS_conv_reent__T_cross_timing-both_days_input_field-raw_warmup-strict: cached
[470/4097] BANK2_CROSS_conv_reent__T_cross_timing-today_ma_input_field-raw_warmup-strict: cached
[471/4097] BANK2_CROSS_conv_reent__T_cross_timing-both_days_input_field-adjusted_warmup-ready_check: cached
[472/4097] BANK2_CROSS_conv_reent__T_cross_timing-today_ma_input_field-adjusted_warmup-ready_check: cached
[473/4097] BANK2_CROSS_conv_reent__T_cross_timing-both_days_input_field-raw_warmup-ready_check: cached
[474/4097] BANK2_CROSS_conv_reent__T_cross_timing-today_ma_input_field-raw_warmup-ready_check: cached
[475/4097] BANK2_BL-01c_WMA100__T_cross_timing-both_days_input_field-adjusted_warmup-ready_per_rule: ok fills=312 (55.7s)
[476/4097] BANK2_BL-01c_WMA100__T_cross_timing-both_days_input_field-raw_warmup-ready_per_rule: ok fills=304 (60.0s)
[477/4097] BANK2_BL-01c_WMA200__T_cross_timing-both_days_input_field-adjusted_warmup-ready_per_rule: ok fills=252 (49.8s)
[478/4097] BANK2_BL-01c_WMA100__T_cross_timing-today_ma_input_field-raw_warmup-ready_per_rule: ok fills=298 (61.9s)
[479/4097] BANK2_CROSS_conv_reent__OAT_rsi_smoothing-simple: cached
[480/4097] BANK2_CROSS_conv_reent__OAT_rsi_exit-cross: cached
[481/4097] BANK2_CROSS_conv_reent__OAT_a_exec-set_holdings: cached
[482/4097] BANK2_CROSS_conv_reent__SPOT_all_excluded_off: cached
[483/4097] BANK2_CROSS_conv_wait__ref: cached
[484/4097] BANK2_CROSS_conv_wait__T_cross_timing-today_ma_input_field-adjusted_warmup-strict: cached
[485/4097] BANK2_CROSS_conv_wait__T_cross_timing-both_days_input_field-raw_warmup-strict: cached
[486/4097] BANK2_CROSS_conv_wait__T_cross_timing-today_ma_input_field-raw_warmup-strict: cached
[487/4097] BANK2_CROSS_conv_wait__T_cross_timing-both_days_input_field-adjusted_warmup-ready_check: cached
[488/4097] BANK2_CROSS_conv_wait__T_cross_timing-today_ma_input_field-adjusted_warmup-ready_check: cached
[489/4097] BANK2_CROSS_conv_wait__T_cross_timing-both_days_input_field-raw_warmup-ready_check: cached
[490/4097] BANK2_CROSS_conv_wait__T_cross_timing-today_ma_input_field-raw_warmup-ready_check: cached
[491/4097] BANK2_CROSS_conv_reent__T_cross_timing-both_days_input_field-raw_warmup-ready_per_rule: exit=1 fills=None (12.2s)
[492/4097] BANK2_BL-01c_WMA200__T_cross_timing-today_ma_input_field-raw_warmup-ready_per_rule: ok fills=246 (60.4s)
[493/4097] BANK2_BL-01c_WMA200__T_cross_timing-both_days_input_field-raw_warmup-ready_per_rule: ok fills=250 (61.4s)
[494/4097] BANK2_BL-01c_WMA200__T_cross_timing-today_ma_input_field-adjusted_warmup-ready_per_rule: ok fills=252 (62.4s)
[495/4097] BANK2_CROSS_conv_wait__OAT_rsi_smoothing-simple: cached
[496/4097] BANK2_CROSS_conv_wait__OAT_rsi_exit-cross: cached
[497/4097] BANK2_CROSS_conv_wait__OAT_a_exec-set_holdings: cached
[498/4097] BANK2_CROSS_conv_wait__SPOT_all_excluded_off: cached
[499/4097] BANK2_CROSS_inv_reent__ref: cached
[500/4097] BANK2_CROSS_inv_reent__T_cross_timing-today_ma_input_field-adjusted_warmup-strict: cached
[501/4097] BANK2_CROSS_inv_reent__T_cross_timing-both_days_input_field-raw_warmup-strict: cached
[502/4097] BANK2_CROSS_inv_reent__T_cross_timing-today_ma_input_field-raw_warmup-strict: cached
[503/4097] BANK2_CROSS_inv_reent__T_cross_timing-both_days_input_field-adjusted_warmup-ready_check: cached
[504/4097] BANK2_CROSS_inv_reent__T_cross_timing-today_ma_input_field-adjusted_warmup-ready_check: cached
[505/4097] BANK2_CROSS_inv_reent__T_cross_timing-both_days_input_field-raw_warmup-ready_check: cached
[506/4097] BANK2_CROSS_inv_reent__T_cross_timing-today_ma_input_field-raw_warmup-ready_check: cached
[507/4097] BANK2_CROSS_conv_reent__T_cross_timing-both_days_input_field-adjusted_warmup-ready_per_rule: ok fills=270 (60.6s)
[508/4097] BANK2_CROSS_conv_reent__T_cross_timing-today_ma_input_field-adjusted_warmup-ready_per_rule: ok fills=266 (60.0s)
[509/4097] BANK2_CROSS_conv_reent__T_cross_timing-today_ma_input_field-raw_warmup-ready_per_rule: ok fills=278 (56.3s)
[510/4097] BANK2_CROSS_conv_wait__T_cross_timing-both_days_input_field-adjusted_warmup-ready_per_rule: ok fills=266 (54.2s)
[511/4097] BANK2_CROSS_inv_reent__OAT_rsi_smoothing-simple: cached
[512/4097] BANK2_CROSS_inv_reent__OAT_rsi_exit-cross: cached
[513/4097] BANK2_CROSS_inv_reent__OAT_a_exec-set_holdings: cached
[514/4097] BANK2_CROSS_inv_reent__SPOT_all_excluded_off: cached
[515/4097] BANK2_CROSS_inv_wait__ref: cached
[516/4097] BANK2_CROSS_inv_wait__T_cross_timing-today_ma_input_field-adjusted_warmup-strict: cached
[517/4097] BANK2_CROSS_inv_wait__T_cross_timing-both_days_input_field-raw_warmup-strict: cached
[518/4097] BANK2_CROSS_inv_wait__T_cross_timing-today_ma_input_field-raw_warmup-strict: cached
[519/4097] BANK2_CROSS_inv_wait__T_cross_timing-both_days_input_field-adjusted_warmup-ready_check: cached
[520/4097] BANK2_CROSS_inv_wait__T_cross_timing-today_ma_input_field-adjusted_warmup-ready_check: cached
[521/4097] BANK2_CROSS_inv_wait__T_cross_timing-both_days_input_field-raw_warmup-ready_check: cached
[522/4097] BANK2_CROSS_inv_wait__T_cross_timing-today_ma_input_field-raw_warmup-ready_check: cached
[523/4097] BANK2_CROSS_inv_reent__T_cross_timing-both_days_input_field-adjusted_warmup-ready_per_rule: ok fills=269 (55.8s)
[524/4097] BANK2_CROSS_conv_wait__T_cross_timing-today_ma_input_field-raw_warmup-ready_per_rule: ok fills=276 (58.3s)
[525/4097] BANK2_CROSS_conv_wait__T_cross_timing-today_ma_input_field-adjusted_warmup-ready_per_rule: ok fills=262 (64.5s)
[526/4097] BANK2_CROSS_conv_wait__T_cross_timing-both_days_input_field-raw_warmup-ready_per_rule: ok fills=278 (59.5s)
[527/4097] BANK2_CROSS_inv_wait__OAT_rsi_smoothing-simple: cached
[528/4097] BANK2_CROSS_inv_wait__OAT_rsi_exit-cross: cached
[529/4097] BANK2_CROSS_inv_wait__OAT_a_exec-set_holdings: cached
[530/4097] BANK2_CROSS_inv_wait__SPOT_all_excluded_off: cached
[531/4097] BANK2_CROSS_sym_reent__ref: cached
[532/4097] BANK2_CROSS_sym_reent__T_cross_timing-today_ma_input_field-adjusted_warmup-strict: cached
[533/4097] BANK2_CROSS_sym_reent__T_cross_timing-both_days_input_field-raw_warmup-strict: cached
[534/4097] BANK2_CROSS_sym_reent__T_cross_timing-today_ma_input_field-raw_warmup-strict: cached
[535/4097] BANK2_CROSS_sym_reent__T_cross_timing-both_days_input_field-adjusted_warmup-ready_check: cached
[536/4097] BANK2_CROSS_sym_reent__T_cross_timing-today_ma_input_field-adjusted_warmup-ready_check: cached
[537/4097] BANK2_CROSS_sym_reent__T_cross_timing-both_days_input_field-raw_warmup-ready_check: cached
[538/4097] BANK2_CROSS_sym_reent__T_cross_timing-today_ma_input_field-raw_warmup-ready_check: cached
[539/4097] BANK2_CROSS_inv_reent__T_cross_timing-today_ma_input_field-adjusted_warmup-ready_per_rule: ok fills=265 (54.5s)
[540/4097] BANK2_CROSS_inv_reent__T_cross_timing-both_days_input_field-raw_warmup-ready_per_rule: ok fills=279 (52.0s)
[541/4097] BANK2_CROSS_inv_reent__T_cross_timing-today_ma_input_field-raw_warmup-ready_per_rule: ok fills=277 (52.9s)
[542/4097] BANK2_CROSS_inv_wait__T_cross_timing-both_days_input_field-adjusted_warmup-ready_per_rule: ok fills=265 (53.5s)
[543/4097] BANK2_CROSS_sym_reent__OAT_rsi_smoothing-simple: cached
[544/4097] BANK2_CROSS_sym_reent__OAT_rsi_exit-cross: cached
[545/4097] BANK2_CROSS_sym_reent__OAT_a_exec-set_holdings: cached
[546/4097] BANK2_CROSS_sym_reent__SPOT_all_excluded_off: cached
[547/4097] BANK2_CROSS_sym_wait__ref: cached
[548/4097] BANK2_CROSS_sym_wait__T_cross_timing-today_ma_input_field-adjusted_warmup-strict: cached
[549/4097] BANK2_CROSS_sym_wait__T_cross_timing-both_days_input_field-raw_warmup-strict: cached
[550/4097] BANK2_CROSS_sym_wait__T_cross_timing-today_ma_input_field-raw_warmup-strict: cached
[551/4097] BANK2_CROSS_sym_wait__T_cross_timing-both_days_input_field-adjusted_warmup-ready_check: cached
[552/4097] BANK2_CROSS_sym_wait__T_cross_timing-today_ma_input_field-adjusted_warmup-ready_check: cached
[553/4097] BANK2_CROSS_sym_wait__T_cross_timing-both_days_input_field-raw_warmup-ready_check: cached
[554/4097] BANK2_CROSS_sym_wait__T_cross_timing-today_ma_input_field-raw_warmup-ready_check: cached
[555/4097] BANK2_CROSS_sym_reent__T_cross_timing-both_days_input_field-raw_warmup-ready_per_rule: exit=1 fills=None (15.0s)
[556/4097] BANK2_CROSS_inv_wait__T_cross_timing-today_ma_input_field-adjusted_warmup-ready_per_rule: ok fills=261 (57.0s)
[557/4097] BANK2_CROSS_inv_wait__T_cross_timing-both_days_input_field-raw_warmup-ready_per_rule: ok fills=277 (55.8s)
[558/4097] BANK2_CROSS_sym_reent__T_cross_timing-today_ma_input_field-adjusted_warmup-ready_per_rule: ok fills=384 (53.4s)
[559/4097] BANK2_CROSS_sym_wait__OAT_rsi_smoothing-simple: cached
[560/4097] BANK2_CROSS_sym_wait__OAT_rsi_exit-cross: cached
[561/4097] BANK2_CROSS_sym_wait__OAT_a_exec-set_holdings: cached
[562/4097] BANK2_CROSS_sym_wait__SPOT_all_excluded_off: cached
[563/4097] BANK2_CROSS_uu_reent__ref: cached
[564/4097] BANK2_CROSS_uu_reent__T_cross_timing-today_ma_input_field-adjusted_warmup-strict: cached
[565/4097] BANK2_CROSS_uu_reent__T_cross_timing-both_days_input_field-raw_warmup-strict: cached
[566/4097] BANK2_CROSS_uu_reent__T_cross_timing-today_ma_input_field-raw_warmup-strict: cached
[567/4097] BANK2_CROSS_uu_reent__T_cross_timing-both_days_input_field-adjusted_warmup-ready_check: cached
[568/4097] BANK2_CROSS_uu_reent__T_cross_timing-today_ma_input_field-adjusted_warmup-ready_check: cached
[569/4097] BANK2_CROSS_uu_reent__T_cross_timing-both_days_input_field-raw_warmup-ready_check: cached
[570/4097] BANK2_CROSS_uu_reent__T_cross_timing-today_ma_input_field-raw_warmup-ready_check: cached
[571/4097] BANK2_CROSS_inv_wait__T_cross_timing-today_ma_input_field-raw_warmup-ready_per_rule: ok fills=275 (56.3s)
[572/4097] BANK2_CROSS_sym_wait__T_cross_timing-both_days_input_field-adjusted_warmup-ready_per_rule: exit=1 fills=None (15.2s)
[573/4097] BANK2_CROSS_sym_reent__T_cross_timing-both_days_input_field-adjusted_warmup-ready_per_rule: ok fills=384 (58.0s)
[574/4097] BANK2_CROSS_sym_reent__T_cross_timing-today_ma_input_field-raw_warmup-ready_per_rule: ok fills=416 (55.6s)
[575/4097] BANK2_CROSS_uu_reent__OAT_rsi_smoothing-simple: cached
[576/4097] BANK2_CROSS_uu_reent__OAT_rsi_exit-cross: cached
[577/4097] BANK2_CROSS_uu_reent__OAT_a_exec-set_holdings: cached
[578/4097] BANK2_CROSS_uu_reent__SPOT_all_excluded_off: cached
[579/4097] BANK2_CROSS_uu_wait__ref: cached
[580/4097] BANK2_CROSS_uu_wait__T_cross_timing-today_ma_input_field-adjusted_warmup-strict: cached
[581/4097] BANK2_CROSS_uu_wait__T_cross_timing-both_days_input_field-raw_warmup-strict: cached
[582/4097] BANK2_CROSS_uu_wait__T_cross_timing-today_ma_input_field-raw_warmup-strict: cached
[583/4097] BANK2_CROSS_uu_wait__T_cross_timing-both_days_input_field-adjusted_warmup-ready_check: cached
[584/4097] BANK2_CROSS_uu_wait__T_cross_timing-today_ma_input_field-adjusted_warmup-ready_check: cached
[585/4097] BANK2_CROSS_uu_wait__T_cross_timing-both_days_input_field-raw_warmup-ready_check: cached
[586/4097] BANK2_CROSS_uu_wait__T_cross_timing-today_ma_input_field-raw_warmup-ready_check: cached
[587/4097] BANK2_CROSS_sym_wait__T_cross_timing-today_ma_input_field-adjusted_warmup-ready_per_rule: ok fills=266 (52.3s)
[588/4097] BANK2_CROSS_sym_wait__T_cross_timing-today_ma_input_field-raw_warmup-ready_per_rule: ok fills=279 (56.5s)
[589/4097] BANK2_CROSS_uu_reent__T_cross_timing-both_days_input_field-raw_warmup-ready_per_rule: ok fills=280 (65.0s)
[590/4097] BANK2_CROSS_uu_reent__T_cross_timing-today_ma_input_field-raw_warmup-ready_per_rule: ok fills=282 (67.2s)
[591/4097] BANK2_CROSS_uu_wait__OAT_rsi_smoothing-simple: cached
[592/4097] BANK2_CROSS_uu_wait__OAT_rsi_exit-cross: cached
[593/4097] BANK2_CROSS_uu_wait__OAT_a_exec-set_holdings: cached
[594/4097] BANK2_CROSS_uu_wait__SPOT_all_excluded_off: cached
[595/4097] BANK2_CROSS_dd_reent__ref: cached
[596/4097] BANK2_CROSS_dd_reent__T_cross_timing-today_ma_input_field-adjusted_warmup-strict: cached
[597/4097] BANK2_CROSS_dd_reent__T_cross_timing-both_days_input_field-raw_warmup-strict: cached
[598/4097] BANK2_CROSS_dd_reent__T_cross_timing-today_ma_input_field-raw_warmup-strict: cached
[599/4097] BANK2_CROSS_dd_reent__T_cross_timing-both_days_input_field-adjusted_warmup-ready_check: cached
[600/4097] BANK2_CROSS_dd_reent__T_cross_timing-today_ma_input_field-adjusted_warmup-ready_check: cached
[601/4097] BANK2_CROSS_dd_reent__T_cross_timing-both_days_input_field-raw_warmup-ready_check: cached
[602/4097] BANK2_CROSS_dd_reent__T_cross_timing-today_ma_input_field-raw_warmup-ready_check: cached
[603/4097] BANK2_CROSS_sym_wait__T_cross_timing-both_days_input_field-raw_warmup-ready_per_rule: ok fills=278 (75.4s)
[604/4097] BANK2_CROSS_uu_reent__T_cross_timing-today_ma_input_field-adjusted_warmup-ready_per_rule: ok fills=270 (80.4s)
[605/4097] BANK2_CROSS_uu_wait__T_cross_timing-today_ma_input_field-raw_warmup-ready_per_rule: exit=1 fills=None (15.2s)
[606/4097] BANK2_CROSS_uu_reent__T_cross_timing-both_days_input_field-adjusted_warmup-ready_per_rule: ok fills=270 (81.2s)
[607/4097] BANK2_CROSS_dd_reent__OAT_rsi_smoothing-simple: cached
[608/4097] BANK2_CROSS_dd_reent__OAT_rsi_exit-cross: cached
[609/4097] BANK2_CROSS_dd_reent__OAT_a_exec-set_holdings: cached
[610/4097] BANK2_CROSS_dd_reent__SPOT_all_excluded_off: cached
[611/4097] BANK2_CROSS_dd_wait__ref: cached
[612/4097] BANK2_CROSS_dd_wait__T_cross_timing-today_ma_input_field-adjusted_warmup-strict: cached
[613/4097] BANK2_CROSS_dd_wait__T_cross_timing-both_days_input_field-raw_warmup-strict: cached
[614/4097] BANK2_CROSS_dd_wait__T_cross_timing-today_ma_input_field-raw_warmup-strict: cached
[615/4097] BANK2_CROSS_dd_wait__T_cross_timing-both_days_input_field-adjusted_warmup-ready_check: cached
[616/4097] BANK2_CROSS_dd_wait__T_cross_timing-today_ma_input_field-adjusted_warmup-ready_check: cached
[617/4097] BANK2_CROSS_dd_wait__T_cross_timing-both_days_input_field-raw_warmup-ready_check: cached
[618/4097] BANK2_CROSS_dd_wait__T_cross_timing-today_ma_input_field-raw_warmup-ready_check: cached
[619/4097] BANK2_CROSS_uu_wait__T_cross_timing-both_days_input_field-adjusted_warmup-ready_per_rule: ok fills=209 (82.1s)
[620/4097] BANK2_CROSS_uu_wait__T_cross_timing-today_ma_input_field-adjusted_warmup-ready_per_rule: ok fills=209 (79.6s)
[621/4097] BANK2_CROSS_uu_wait__T_cross_timing-both_days_input_field-raw_warmup-ready_per_rule: ok fills=211 (73.0s)
[622/4097] BANK2_CROSS_dd_reent__T_cross_timing-both_days_input_field-adjusted_warmup-ready_per_rule: ok fills=268 (72.3s)
[623/4097] BANK2_CROSS_dd_wait__OAT_rsi_smoothing-simple: cached
[624/4097] BANK2_CROSS_dd_wait__OAT_rsi_exit-cross: cached
[625/4097] BANK2_CROSS_dd_wait__OAT_a_exec-set_holdings: cached
[626/4097] BANK2_CROSS_dd_wait__SPOT_all_excluded_off: cached
[627/4097] BANK2_CROSS_ua_reent__ref: cached
[628/4097] BANK2_CROSS_ua_reent__T_cross_timing-today_ma_input_field-adjusted_warmup-strict: cached
[629/4097] BANK2_CROSS_ua_reent__T_cross_timing-both_days_input_field-raw_warmup-strict: cached
[630/4097] BANK2_CROSS_ua_reent__T_cross_timing-today_ma_input_field-raw_warmup-strict: cached
[631/4097] BANK2_CROSS_ua_reent__T_cross_timing-both_days_input_field-adjusted_warmup-ready_check: cached
[632/4097] BANK2_CROSS_ua_reent__T_cross_timing-today_ma_input_field-adjusted_warmup-ready_check: cached
[633/4097] BANK2_CROSS_ua_reent__T_cross_timing-both_days_input_field-raw_warmup-ready_check: cached
[634/4097] BANK2_CROSS_ua_reent__T_cross_timing-today_ma_input_field-raw_warmup-ready_check: cached
[635/4097] BANK2_CROSS_dd_wait__T_cross_timing-today_ma_input_field-raw_warmup-ready_per_rule: exit=1 fills=None (13.3s)
[636/4097] BANK2_CROSS_dd_reent__T_cross_timing-today_ma_input_field-adjusted_warmup-ready_per_rule: ok fills=268 (68.4s)
[637/4097] BANK2_CROSS_dd_reent__T_cross_timing-both_days_input_field-raw_warmup-ready_per_rule: ok fills=278 (87.6s)
[638/4097] BANK2_CROSS_dd_wait__T_cross_timing-both_days_input_field-adjusted_warmup-ready_per_rule: ok fills=208 (88.7s)
[639/4097] BANK2_CROSS_ua_reent__OAT_rsi_smoothing-simple: cached
[640/4097] BANK2_CROSS_ua_reent__OAT_rsi_exit-cross: cached
[641/4097] BANK2_CROSS_ua_reent__OAT_a_exec-set_holdings: cached
[642/4097] BANK2_CROSS_ua_reent__SPOT_all_excluded_off: cached
[643/4097] BANK2_CROSS_ua_wait__ref: cached
[644/4097] BANK2_CROSS_ua_wait__T_cross_timing-today_ma_input_field-adjusted_warmup-strict: cached
[645/4097] BANK2_CROSS_ua_wait__T_cross_timing-both_days_input_field-raw_warmup-strict: cached
[646/4097] BANK2_CROSS_ua_wait__T_cross_timing-today_ma_input_field-raw_warmup-strict: cached
[647/4097] BANK2_CROSS_ua_wait__T_cross_timing-both_days_input_field-adjusted_warmup-ready_check: cached
[648/4097] BANK2_CROSS_ua_wait__T_cross_timing-today_ma_input_field-adjusted_warmup-ready_check: cached
[649/4097] BANK2_CROSS_ua_wait__T_cross_timing-both_days_input_field-raw_warmup-ready_check: cached
[650/4097] BANK2_CROSS_ua_wait__T_cross_timing-today_ma_input_field-raw_warmup-ready_check: cached
[651/4097] BANK2_CROSS_dd_reent__T_cross_timing-today_ma_input_field-raw_warmup-ready_per_rule: ok fills=278 (89.7s)
[652/4097] BANK2_CROSS_dd_wait__T_cross_timing-both_days_input_field-raw_warmup-ready_per_rule: ok fills=210 (88.9s)
[653/4097] BANK2_CROSS_dd_wait__T_cross_timing-today_ma_input_field-adjusted_warmup-ready_per_rule: ok fills=208 (90.4s)
[654/4097] BANK2_CROSS_ua_reent__T_cross_timing-both_days_input_field-raw_warmup-ready_per_rule: ok fills=280 (67.1s)
[655/4097] BANK2_CROSS_ua_wait__OAT_rsi_smoothing-simple: cached
[656/4097] BANK2_CROSS_ua_wait__OAT_rsi_exit-cross: cached
[657/4097] BANK2_CROSS_ua_wait__OAT_a_exec-set_holdings: cached
[658/4097] BANK2_CROSS_ua_wait__SPOT_all_excluded_off: cached
[659/4097] BANK2_CROSS_au_reent__ref: cached
[660/4097] BANK2_CROSS_au_reent__T_cross_timing-today_ma_input_field-adjusted_warmup-strict: cached
[661/4097] BANK2_CROSS_au_reent__T_cross_timing-both_days_input_field-raw_warmup-strict: cached
[662/4097] BANK2_CROSS_au_reent__T_cross_timing-today_ma_input_field-raw_warmup-strict: cached
[663/4097] BANK2_CROSS_au_reent__T_cross_timing-both_days_input_field-adjusted_warmup-ready_check: cached
[664/4097] BANK2_CROSS_au_reent__T_cross_timing-today_ma_input_field-adjusted_warmup-ready_check: cached
[665/4097] BANK2_CROSS_au_reent__T_cross_timing-both_days_input_field-raw_warmup-ready_check: cached
[666/4097] BANK2_CROSS_au_reent__T_cross_timing-today_ma_input_field-raw_warmup-ready_check: cached
[667/4097] BANK2_CROSS_ua_reent__T_cross_timing-both_days_input_field-adjusted_warmup-ready_per_rule: ok fills=270 (67.5s)
[668/4097] BANK2_CROSS_ua_reent__T_cross_timing-today_ma_input_field-adjusted_warmup-ready_per_rule: ok fills=270 (67.8s)
[669/4097] BANK2_CROSS_ua_wait__T_cross_timing-today_ma_input_field-adjusted_warmup-ready_per_rule: ok fills=262 (73.5s)
[670/4097] BANK2_CROSS_ua_wait__T_cross_timing-both_days_input_field-adjusted_warmup-ready_per_rule: ok fills=266 (74.5s)
[671/4097] BANK2_CROSS_au_reent__OAT_rsi_smoothing-simple: cached
[672/4097] BANK2_CROSS_au_reent__OAT_rsi_exit-cross: cached
[673/4097] BANK2_CROSS_au_reent__OAT_a_exec-set_holdings: cached
[674/4097] BANK2_CROSS_au_reent__SPOT_all_excluded_off: cached
[675/4097] BANK2_CROSS_au_wait__ref: cached
[676/4097] BANK2_CROSS_au_wait__T_cross_timing-today_ma_input_field-adjusted_warmup-strict: cached
[677/4097] BANK2_CROSS_au_wait__T_cross_timing-both_days_input_field-raw_warmup-strict: cached
[678/4097] BANK2_CROSS_au_wait__T_cross_timing-today_ma_input_field-raw_warmup-strict: cached
[679/4097] BANK2_CROSS_au_wait__T_cross_timing-both_days_input_field-adjusted_warmup-ready_check: cached
[680/4097] BANK2_CROSS_au_wait__T_cross_timing-today_ma_input_field-adjusted_warmup-ready_check: cached
[681/4097] BANK2_CROSS_au_wait__T_cross_timing-both_days_input_field-raw_warmup-ready_check: cached
[682/4097] BANK2_CROSS_au_wait__T_cross_timing-today_ma_input_field-raw_warmup-ready_check: cached
[683/4097] BANK2_CROSS_ua_reent__T_cross_timing-today_ma_input_field-raw_warmup-ready_per_rule: ok fills=282 (76.1s)
[684/4097] BANK2_CROSS_ua_wait__T_cross_timing-both_days_input_field-raw_warmup-ready_per_rule: ok fills=278 (75.6s)
[685/4097] BANK2_CROSS_au_reent__T_cross_timing-both_days_input_field-adjusted_warmup-ready_per_rule: ok fills=270 (75.9s)
[686/4097] BANK2_CROSS_au_reent__T_cross_timing-both_days_input_field-raw_warmup-ready_per_rule: ok fills=280 (77.1s)
[687/4097] BANK2_CROSS_au_wait__OAT_rsi_smoothing-simple: cached
[688/4097] BANK2_CROSS_au_wait__OAT_rsi_exit-cross: cached
[689/4097] BANK2_CROSS_au_wait__OAT_a_exec-set_holdings: cached
[690/4097] BANK2_CROSS_au_wait__SPOT_all_excluded_off: cached
[691/4097] BANK2_CROSS_da_reent__ref: cached
[692/4097] BANK2_CROSS_da_reent__T_cross_timing-today_ma_input_field-adjusted_warmup-strict: cached
[693/4097] BANK2_CROSS_da_reent__T_cross_timing-both_days_input_field-raw_warmup-strict: cached
[694/4097] BANK2_CROSS_da_reent__T_cross_timing-today_ma_input_field-raw_warmup-strict: cached
[695/4097] BANK2_CROSS_da_reent__T_cross_timing-both_days_input_field-adjusted_warmup-ready_check: cached
[696/4097] BANK2_CROSS_da_reent__T_cross_timing-today_ma_input_field-adjusted_warmup-ready_check: cached
[697/4097] BANK2_CROSS_da_reent__T_cross_timing-both_days_input_field-raw_warmup-ready_check: cached
[698/4097] BANK2_CROSS_da_reent__T_cross_timing-today_ma_input_field-raw_warmup-ready_check: cached
[699/4097] BANK2_CROSS_au_reent__T_cross_timing-today_ma_input_field-adjusted_warmup-ready_per_rule: ok fills=270 (78.6s)
[700/4097] BANK2_CROSS_ua_wait__T_cross_timing-today_ma_input_field-raw_warmup-ready_per_rule: ok fills=276 (93.5s)
[701/4097] BANK2_CROSS_da_reent__T_cross_timing-both_days_input_field-adjusted_warmup-ready_per_rule: exit=1 fills=None (13.2s)
[702/4097] BANK2_CROSS_au_wait__T_cross_timing-both_days_input_field-adjusted_warmup-ready_per_rule: ok fills=265 (74.4s)
[703/4097] BANK2_CROSS_da_reent__OAT_rsi_smoothing-simple: cached
[704/4097] BANK2_CROSS_da_reent__OAT_rsi_exit-cross: cached
[705/4097] BANK2_CROSS_da_reent__OAT_a_exec-set_holdings: cached
[706/4097] BANK2_CROSS_da_reent__SPOT_all_excluded_off: cached
[707/4097] BANK2_CROSS_da_wait__ref: cached
[708/4097] BANK2_CROSS_da_wait__T_cross_timing-today_ma_input_field-adjusted_warmup-strict: cached
[709/4097] BANK2_CROSS_da_wait__T_cross_timing-both_days_input_field-raw_warmup-strict: cached
[710/4097] BANK2_CROSS_da_wait__T_cross_timing-today_ma_input_field-raw_warmup-strict: cached
[711/4097] BANK2_CROSS_da_wait__T_cross_timing-both_days_input_field-adjusted_warmup-ready_check: cached
[712/4097] BANK2_CROSS_da_wait__T_cross_timing-today_ma_input_field-adjusted_warmup-ready_check: cached
[713/4097] BANK2_CROSS_da_wait__T_cross_timing-both_days_input_field-raw_warmup-ready_check: cached
[714/4097] BANK2_CROSS_da_wait__T_cross_timing-today_ma_input_field-raw_warmup-ready_check: cached
[715/4097] BANK2_CROSS_au_wait__T_cross_timing-today_ma_input_field-adjusted_warmup-ready_per_rule: ok fills=261 (75.0s)
[716/4097] BANK2_CROSS_au_reent__T_cross_timing-today_ma_input_field-raw_warmup-ready_per_rule: ok fills=282 (76.1s)
[717/4097] BANK2_CROSS_au_wait__T_cross_timing-today_ma_input_field-raw_warmup-ready_per_rule: ok fills=275 (65.5s)
[718/4097] BANK2_CROSS_au_wait__T_cross_timing-both_days_input_field-raw_warmup-ready_per_rule: ok fills=277 (71.0s)
[719/4097] BANK2_CROSS_da_wait__OAT_rsi_smoothing-simple: cached
[720/4097] BANK2_CROSS_da_wait__OAT_rsi_exit-cross: cached
[721/4097] BANK2_CROSS_da_wait__OAT_a_exec-set_holdings: cached
[722/4097] BANK2_CROSS_da_wait__SPOT_all_excluded_off: cached
[723/4097] BANK2_CROSS_ad_reent__ref: cached
[724/4097] BANK2_CROSS_ad_reent__T_cross_timing-today_ma_input_field-adjusted_warmup-strict: cached
[725/4097] BANK2_CROSS_ad_reent__T_cross_timing-both_days_input_field-raw_warmup-strict: cached
[726/4097] BANK2_CROSS_ad_reent__T_cross_timing-today_ma_input_field-raw_warmup-strict: cached
[727/4097] BANK2_CROSS_ad_reent__T_cross_timing-both_days_input_field-adjusted_warmup-ready_check: cached
[728/4097] BANK2_CROSS_ad_reent__T_cross_timing-today_ma_input_field-adjusted_warmup-ready_check: cached
[729/4097] BANK2_CROSS_ad_reent__T_cross_timing-both_days_input_field-raw_warmup-ready_check: cached
[730/4097] BANK2_CROSS_ad_reent__T_cross_timing-today_ma_input_field-raw_warmup-ready_check: cached
[731/4097] BANK2_CROSS_da_reent__T_cross_timing-today_ma_input_field-adjusted_warmup-ready_per_rule: ok fills=269 (65.1s)
[732/4097] BANK2_CROSS_da_reent__T_cross_timing-both_days_input_field-raw_warmup-ready_per_rule: ok fills=279 (65.0s)
[733/4097] BANK2_CROSS_da_reent__T_cross_timing-today_ma_input_field-raw_warmup-ready_per_rule: ok fills=279 (66.3s)
[734/4097] BANK2_CROSS_ad_reent__T_cross_timing-both_days_input_field-adjusted_warmup-ready_per_rule: exit=1 fills=None (13.8s)
[735/4097] BANK2_CROSS_ad_reent__OAT_rsi_smoothing-simple: cached
[736/4097] BANK2_CROSS_ad_reent__OAT_rsi_exit-cross: cached
[737/4097] BANK2_CROSS_ad_reent__OAT_a_exec-set_holdings: cached
[738/4097] BANK2_CROSS_ad_reent__SPOT_all_excluded_off: cached
[739/4097] BANK2_CROSS_ad_wait__ref: cached
[740/4097] BANK2_CROSS_ad_wait__T_cross_timing-today_ma_input_field-adjusted_warmup-strict: cached
[741/4097] BANK2_CROSS_ad_wait__T_cross_timing-both_days_input_field-raw_warmup-strict: cached
[742/4097] BANK2_CROSS_ad_wait__T_cross_timing-today_ma_input_field-raw_warmup-strict: cached
[743/4097] BANK2_CROSS_ad_wait__T_cross_timing-both_days_input_field-adjusted_warmup-ready_check: cached
[744/4097] BANK2_CROSS_ad_wait__T_cross_timing-today_ma_input_field-adjusted_warmup-ready_check: cached
[745/4097] BANK2_CROSS_ad_wait__T_cross_timing-both_days_input_field-raw_warmup-ready_check: cached
[746/4097] BANK2_CROSS_ad_wait__T_cross_timing-today_ma_input_field-raw_warmup-ready_check: cached
[747/4097] BANK2_CROSS_ad_reent__T_cross_timing-today_ma_input_field-adjusted_warmup-ready_per_rule: exit=1 fills=None (14.3s)
[748/4097] BANK2_CROSS_da_wait__T_cross_timing-both_days_input_field-adjusted_warmup-ready_per_rule: ok fills=265 (67.2s)
[749/4097] BANK2_CROSS_da_wait__T_cross_timing-today_ma_input_field-adjusted_warmup-ready_per_rule: ok fills=261 (68.0s)
[750/4097] BANK2_CROSS_da_wait__T_cross_timing-both_days_input_field-raw_warmup-ready_per_rule: ok fills=277 (71.6s)
[751/4097] BANK2_CROSS_ad_wait__OAT_rsi_smoothing-simple: cached
[752/4097] BANK2_CROSS_ad_wait__OAT_rsi_exit-cross: cached
[753/4097] BANK2_CROSS_ad_wait__OAT_a_exec-set_holdings: cached
[754/4097] BANK2_CROSS_ad_wait__SPOT_all_excluded_off: cached
[755/4097] BANK2_CROSS_level_reent__ref: cached
[756/4097] BANK2_CROSS_level_reent__T_cross_timing-today_ma_input_field-adjusted_warmup-strict: cached
[757/4097] BANK2_CROSS_level_reent__T_cross_timing-both_days_input_field-raw_warmup-strict: cached
[758/4097] BANK2_CROSS_level_reent__T_cross_timing-today_ma_input_field-raw_warmup-strict: cached
[759/4097] BANK2_CROSS_level_reent__T_cross_timing-both_days_input_field-adjusted_warmup-ready_check: cached
[760/4097] BANK2_CROSS_level_reent__T_cross_timing-today_ma_input_field-adjusted_warmup-ready_check: cached
[761/4097] BANK2_CROSS_level_reent__T_cross_timing-both_days_input_field-raw_warmup-ready_check: cached
[762/4097] BANK2_CROSS_level_reent__T_cross_timing-today_ma_input_field-raw_warmup-ready_check: cached
[763/4097] BANK2_CROSS_da_wait__T_cross_timing-today_ma_input_field-raw_warmup-ready_per_rule: ok fills=275 (71.8s)
[764/4097] BANK2_CROSS_ad_reent__T_cross_timing-both_days_input_field-raw_warmup-ready_per_rule: ok fills=280 (75.6s)
[765/4097] BANK2_CROSS_ad_reent__T_cross_timing-today_ma_input_field-raw_warmup-ready_per_rule: ok fills=280 (75.5s)
[766/4097] BANK2_CROSS_ad_wait__T_cross_timing-today_ma_input_field-adjusted_warmup-ready_per_rule: ok fills=262 (75.1s)
[767/4097] BANK2_CROSS_level_reent__OAT_rsi_smoothing-simple: cached
[768/4097] BANK2_CROSS_level_reent__OAT_rsi_exit-cross: cached
[769/4097] BANK2_CROSS_level_reent__OAT_a_exec-set_holdings: cached
[770/4097] BANK2_CROSS_level_reent__SPOT_all_excluded_off: cached
[771/4097] BANK2_CROSS_level_wait__ref: cached
[772/4097] BANK2_CROSS_level_wait__T_cross_timing-today_ma_input_field-adjusted_warmup-strict: cached
[773/4097] BANK2_CROSS_level_wait__T_cross_timing-both_days_input_field-raw_warmup-strict: cached
[774/4097] BANK2_CROSS_level_wait__T_cross_timing-today_ma_input_field-raw_warmup-strict: cached
[775/4097] BANK2_CROSS_level_wait__T_cross_timing-both_days_input_field-adjusted_warmup-ready_check: cached
[776/4097] BANK2_CROSS_level_wait__T_cross_timing-today_ma_input_field-adjusted_warmup-ready_check: cached
[777/4097] BANK2_CROSS_level_wait__T_cross_timing-both_days_input_field-raw_warmup-ready_check: cached
[778/4097] BANK2_CROSS_level_wait__T_cross_timing-today_ma_input_field-raw_warmup-ready_check: cached
[779/4097] BANK2_CROSS_ad_wait__T_cross_timing-both_days_input_field-adjusted_warmup-ready_per_rule: ok fills=266 (76.3s)
[780/4097] BANK2_CROSS_ad_wait__T_cross_timing-both_days_input_field-raw_warmup-ready_per_rule: ok fills=278 (70.7s)
[781/4097] BANK2_CROSS_level_wait__T_cross_timing-both_days_input_field-adjusted_warmup-ready_per_rule: exit=1 fills=None (14.8s)
[782/4097] BANK2_CROSS_ad_wait__T_cross_timing-today_ma_input_field-raw_warmup-ready_per_rule: ok fills=276 (70.5s)
[783/4097] BANK2_CROSS_level_wait__OAT_rsi_smoothing-simple: cached
[784/4097] BANK2_CROSS_level_wait__OAT_rsi_exit-cross: cached
[785/4097] BANK2_CROSS_level_wait__OAT_a_exec-set_holdings: cached
[786/4097] BANK2_CROSS_level_wait__SPOT_all_excluded_off: cached
[787/4097] BANK2_BL-03_pct10__ref: cached
[788/4097] BANK2_BL-03_pct10__T_a_exec-set_holdings_cross_timing-both_days_input_field-adjusted_warmup-strict: cached
[789/4097] BANK2_BL-03_pct10__T_a_exec-calc_shares_cross_timing-today_ma_input_field-adjusted_warmup-strict: cached
[790/4097] BANK2_BL-03_pct10__T_a_exec-set_holdings_cross_timing-today_ma_input_field-adjusted_warmup-strict: cached
[791/4097] BANK2_BL-03_pct10__T_a_exec-calc_shares_cross_timing-both_days_input_field-raw_warmup-strict: cached
[792/4097] BANK2_BL-03_pct10__T_a_exec-set_holdings_cross_timing-both_days_input_field-raw_warmup-strict: cached
[793/4097] BANK2_BL-03_pct10__T_a_exec-calc_shares_cross_timing-today_ma_input_field-raw_warmup-strict: cached
[794/4097] BANK2_BL-03_pct10__T_a_exec-set_holdings_cross_timing-today_ma_input_field-raw_warmup-strict: cached
[795/4097] BANK2_BL-03_pct10__T_a_exec-calc_shares_cross_timing-both_days_input_field-adjusted_warmup-ready_check: cached
[796/4097] BANK2_BL-03_pct10__T_a_exec-set_holdings_cross_timing-both_days_input_field-adjusted_warmup-ready_check: cached
[797/4097] BANK2_BL-03_pct10__T_a_exec-calc_shares_cross_timing-today_ma_input_field-adjusted_warmup-ready_check: cached
[798/4097] BANK2_BL-03_pct10__T_a_exec-set_holdings_cross_timing-today_ma_input_field-adjusted_warmup-ready_check: cached
[799/4097] BANK2_BL-03_pct10__T_a_exec-calc_shares_cross_timing-both_days_input_field-raw_warmup-ready_check: cached
[800/4097] BANK2_BL-03_pct10__T_a_exec-set_holdings_cross_timing-both_days_input_field-raw_warmup-ready_check: cached
[801/4097] BANK2_BL-03_pct10__T_a_exec-calc_shares_cross_timing-today_ma_input_field-raw_warmup-ready_check: cached
[802/4097] BANK2_BL-03_pct10__T_a_exec-set_holdings_cross_timing-today_ma_input_field-raw_warmup-ready_check: cached
[803/4097] BANK2_CROSS_level_reent__T_cross_timing-both_days_input_field-adjusted_warmup-ready_per_rule: ok fills=270 (68.6s)
[804/4097] BANK2_CROSS_level_reent__T_cross_timing-today_ma_input_field-adjusted_warmup-ready_per_rule: ok fills=270 (63.7s)
[805/4097] BANK2_CROSS_level_reent__T_cross_timing-today_ma_input_field-raw_warmup-ready_per_rule: ok fills=280 (69.2s)
[806/4097] BANK2_CROSS_level_reent__T_cross_timing-both_days_input_field-raw_warmup-ready_per_rule: ok fills=280 (71.6s)
[807/4097] BANK2_CROSS_level_wait__T_cross_timing-today_ma_input_field-adjusted_warmup-ready_per_rule: ok fills=266 (70.3s)
[808/4097] BANK2_CROSS_level_wait__T_cross_timing-both_days_input_field-raw_warmup-ready_per_rule: ok fills=278 (72.0s)
[809/4097] BANK2_BL-03_pct10__T_a_exec-set_holdings_cross_timing-both_days_input_field-adjusted_warmup-ready_per_rule: ok fills=270 (71.6s)
[810/4097] BANK2_CROSS_level_wait__T_cross_timing-today_ma_input_field-raw_warmup-ready_per_rule: ok fills=278 (79.0s)
[811/4097] BANK2_BL-03_pct10__OAT_rsi_smoothing-simple: cached
[812/4097] BANK2_BL-03_pct10__OAT_rsi_exit-cross: cached
[813/4097] BANK2_BL-03_pct10__OAT_same_bar_reentry-wait_bar: cached
[814/4097] BANK2_BL-03_pct10__SPOT_all_excluded_off: cached
[815/4097] BANK2_BL-03_pct20__ref: cached
[816/4097] BANK2_BL-03_pct20__T_a_exec-set_holdings_cross_timing-both_days_input_field-adjusted_warmup-strict: cached
[817/4097] BANK2_BL-03_pct20__T_a_exec-calc_shares_cross_timing-today_ma_input_field-adjusted_warmup-strict: cached
[818/4097] BANK2_BL-03_pct20__T_a_exec-set_holdings_cross_timing-today_ma_input_field-adjusted_warmup-strict: cached
[819/4097] BANK2_BL-03_pct20__T_a_exec-calc_shares_cross_timing-both_days_input_field-raw_warmup-strict: cached
[820/4097] BANK2_BL-03_pct20__T_a_exec-set_holdings_cross_timing-both_days_input_field-raw_warmup-strict: cached
[821/4097] BANK2_BL-03_pct20__T_a_exec-calc_shares_cross_timing-today_ma_input_field-raw_warmup-strict: cached
[822/4097] BANK2_BL-03_pct20__T_a_exec-set_holdings_cross_timing-today_ma_input_field-raw_warmup-strict: cached
[823/4097] BANK2_BL-03_pct20__T_a_exec-calc_shares_cross_timing-both_days_input_field-adjusted_warmup-ready_check: cached
[824/4097] BANK2_BL-03_pct20__T_a_exec-set_holdings_cross_timing-both_days_input_field-adjusted_warmup-ready_check: cached
[825/4097] BANK2_BL-03_pct20__T_a_exec-calc_shares_cross_timing-today_ma_input_field-adjusted_warmup-ready_check: cached
[826/4097] BANK2_BL-03_pct20__T_a_exec-set_holdings_cross_timing-today_ma_input_field-adjusted_warmup-ready_check: cached
[827/4097] BANK2_BL-03_pct20__T_a_exec-calc_shares_cross_timing-both_days_input_field-raw_warmup-ready_check: cached
[828/4097] BANK2_BL-03_pct20__T_a_exec-set_holdings_cross_timing-both_days_input_field-raw_warmup-ready_check: cached
[829/4097] BANK2_BL-03_pct20__T_a_exec-calc_shares_cross_timing-today_ma_input_field-raw_warmup-ready_check: cached
[830/4097] BANK2_BL-03_pct20__T_a_exec-set_holdings_cross_timing-today_ma_input_field-raw_warmup-ready_check: cached
[831/4097] BANK2_BL-03_pct10__T_a_exec-calc_shares_cross_timing-both_days_input_field-adjusted_warmup-ready_per_rule: ok fills=270 (79.1s)
[832/4097] BANK2_BL-03_pct10__T_a_exec-calc_shares_cross_timing-today_ma_input_field-adjusted_warmup-ready_per_rule: ok fills=266 (74.1s)
[833/4097] BANK2_BL-03_pct10__T_a_exec-set_holdings_cross_timing-today_ma_input_field-adjusted_warmup-ready_per_rule: ok fills=266 (70.6s)
[834/4097] BANK2_BL-03_pct10__T_a_exec-set_holdings_cross_timing-both_days_input_field-raw_warmup-ready_per_rule: ok fills=280 (69.1s)
[835/4097] BANK2_BL-03_pct10__T_a_exec-calc_shares_cross_timing-both_days_input_field-raw_warmup-ready_per_rule: ok fills=280 (70.2s)
[836/4097] BANK2_BL-03_pct10__T_a_exec-calc_shares_cross_timing-today_ma_input_field-raw_warmup-ready_per_rule: ok fills=278 (69.0s)
[837/4097] BANK2_BL-03_pct20__T_a_exec-set_holdings_cross_timing-today_ma_input_field-adjusted_warmup-ready_per_rule: exit=1 fills=None (16.0s)
[838/4097] BANK2_BL-03_pct10__T_a_exec-set_holdings_cross_timing-today_ma_input_field-raw_warmup-ready_per_rule: ok fills=278 (70.9s)
[839/4097] BANK2_BL-03_pct20__OAT_rsi_smoothing-simple: cached
[840/4097] BANK2_BL-03_pct20__OAT_rsi_exit-cross: cached
[841/4097] BANK2_BL-03_pct20__OAT_same_bar_reentry-wait_bar: cached
[842/4097] BANK2_BL-03_pct20__SPOT_all_excluded_off: cached
[843/4097] BANK2_BL-03_pct25__ref: cached
[844/4097] BANK2_BL-03_pct25__T_a_exec-set_holdings_cross_timing-both_days_input_field-adjusted_warmup-strict: cached
[845/4097] BANK2_BL-03_pct25__T_a_exec-calc_shares_cross_timing-today_ma_input_field-adjusted_warmup-strict: cached
[846/4097] BANK2_BL-03_pct25__T_a_exec-set_holdings_cross_timing-today_ma_input_field-adjusted_warmup-strict: cached
[847/4097] BANK2_BL-03_pct25__T_a_exec-calc_shares_cross_timing-both_days_input_field-raw_warmup-strict: cached
[848/4097] BANK2_BL-03_pct25__T_a_exec-set_holdings_cross_timing-both_days_input_field-raw_warmup-strict: cached
[849/4097] BANK2_BL-03_pct25__T_a_exec-calc_shares_cross_timing-today_ma_input_field-raw_warmup-strict: cached
[850/4097] BANK2_BL-03_pct25__T_a_exec-set_holdings_cross_timing-today_ma_input_field-raw_warmup-strict: cached
[851/4097] BANK2_BL-03_pct25__T_a_exec-calc_shares_cross_timing-both_days_input_field-adjusted_warmup-ready_check: cached
[852/4097] BANK2_BL-03_pct25__T_a_exec-set_holdings_cross_timing-both_days_input_field-adjusted_warmup-ready_check: cached
[853/4097] BANK2_BL-03_pct25__T_a_exec-calc_shares_cross_timing-today_ma_input_field-adjusted_warmup-ready_check: cached
[854/4097] BANK2_BL-03_pct25__T_a_exec-set_holdings_cross_timing-today_ma_input_field-adjusted_warmup-ready_check: cached
[855/4097] BANK2_BL-03_pct25__T_a_exec-calc_shares_cross_timing-both_days_input_field-raw_warmup-ready_check: cached
[856/4097] BANK2_BL-03_pct25__T_a_exec-set_holdings_cross_timing-both_days_input_field-raw_warmup-ready_check: cached
[857/4097] BANK2_BL-03_pct25__T_a_exec-calc_shares_cross_timing-today_ma_input_field-raw_warmup-ready_check: cached
[858/4097] BANK2_BL-03_pct25__T_a_exec-set_holdings_cross_timing-today_ma_input_field-raw_warmup-ready_check: cached
[859/4097] BANK2_BL-03_pct20__T_a_exec-calc_shares_cross_timing-both_days_input_field-adjusted_warmup-ready_per_rule: ok fills=270 (67.8s)
[860/4097] BANK2_BL-03_pct20__T_a_exec-set_holdings_cross_timing-both_days_input_field-adjusted_warmup-ready_per_rule: ok fills=270 (76.5s)
[861/4097] BANK2_BL-03_pct25__T_a_exec-calc_shares_cross_timing-both_days_input_field-adjusted_warmup-ready_per_rule: exit=1 fills=None (11.1s)
[862/4097] BANK2_BL-03_pct20__T_a_exec-calc_shares_cross_timing-today_ma_input_field-adjusted_warmup-ready_per_rule: ok fills=266 (76.7s)
[863/4097] BANK2_BL-03_pct20__T_a_exec-calc_shares_cross_timing-both_days_input_field-raw_warmup-ready_per_rule: ok fills=280 (68.3s)
[864/4097] BANK2_BL-03_pct20__T_a_exec-set_holdings_cross_timing-both_days_input_field-raw_warmup-ready_per_rule: ok fills=280 (68.9s)
[865/4097] BANK2_BL-03_pct20__T_a_exec-calc_shares_cross_timing-today_ma_input_field-raw_warmup-ready_per_rule: ok fills=278 (72.0s)
[866/4097] BANK2_BL-03_pct20__T_a_exec-set_holdings_cross_timing-today_ma_input_field-raw_warmup-ready_per_rule: ok fills=278 (73.2s)
[867/4097] BANK2_BL-03_pct25__OAT_rsi_smoothing-simple: cached
[868/4097] BANK2_BL-03_pct25__OAT_rsi_exit-cross: cached
[869/4097] BANK2_BL-03_pct25__OAT_same_bar_reentry-wait_bar: cached
[870/4097] BANK2_BL-03_pct25__SPOT_all_excluded_off: cached
[871/4097] BANK2_BL-03_pct40__ref: cached
[872/4097] BANK2_BL-03_pct40__T_a_exec-set_holdings_cross_timing-both_days_input_field-adjusted_warmup-strict: cached
[873/4097] BANK2_BL-03_pct40__T_a_exec-calc_shares_cross_timing-today_ma_input_field-adjusted_warmup-strict: cached
[874/4097] BANK2_BL-03_pct40__T_a_exec-set_holdings_cross_timing-today_ma_input_field-adjusted_warmup-strict: cached
[875/4097] BANK2_BL-03_pct40__T_a_exec-calc_shares_cross_timing-both_days_input_field-raw_warmup-strict: cached
[876/4097] BANK2_BL-03_pct40__T_a_exec-set_holdings_cross_timing-both_days_input_field-raw_warmup-strict: cached
[877/4097] BANK2_BL-03_pct40__T_a_exec-calc_shares_cross_timing-today_ma_input_field-raw_warmup-strict: cached
[878/4097] BANK2_BL-03_pct40__T_a_exec-set_holdings_cross_timing-today_ma_input_field-raw_warmup-strict: cached
[879/4097] BANK2_BL-03_pct40__T_a_exec-calc_shares_cross_timing-both_days_input_field-adjusted_warmup-ready_check: cached
[880/4097] BANK2_BL-03_pct40__T_a_exec-set_holdings_cross_timing-both_days_input_field-adjusted_warmup-ready_check: cached
[881/4097] BANK2_BL-03_pct40__T_a_exec-calc_shares_cross_timing-today_ma_input_field-adjusted_warmup-ready_check: cached
[882/4097] BANK2_BL-03_pct40__T_a_exec-set_holdings_cross_timing-today_ma_input_field-adjusted_warmup-ready_check: cached
[883/4097] BANK2_BL-03_pct40__T_a_exec-calc_shares_cross_timing-both_days_input_field-raw_warmup-ready_check: cached
[884/4097] BANK2_BL-03_pct40__T_a_exec-set_holdings_cross_timing-both_days_input_field-raw_warmup-ready_check: cached
[885/4097] BANK2_BL-03_pct40__T_a_exec-calc_shares_cross_timing-today_ma_input_field-raw_warmup-ready_check: cached
[886/4097] BANK2_BL-03_pct40__T_a_exec-set_holdings_cross_timing-today_ma_input_field-raw_warmup-ready_check: cached
[887/4097] BANK2_BL-03_pct25__T_a_exec-set_holdings_cross_timing-both_days_input_field-adjusted_warmup-ready_per_rule: ok fills=270 (78.8s)
[888/4097] BANK2_BL-03_pct40__T_a_exec-calc_shares_cross_timing-both_days_input_field-adjusted_warmup-ready_per_rule: exit=1 fills=None (12.4s)
[889/4097] BANK2_BL-03_pct25__T_a_exec-set_holdings_cross_timing-today_ma_input_field-adjusted_warmup-ready_per_rule: ok fills=266 (72.5s)
[890/4097] BANK2_BL-03_pct25__T_a_exec-calc_shares_cross_timing-today_ma_input_field-adjusted_warmup-ready_per_rule: ok fills=266 (74.9s)
[891/4097] BANK2_BL-03_pct25__T_a_exec-calc_shares_cross_timing-both_days_input_field-raw_warmup-ready_per_rule: ok fills=280 (67.3s)
[892/4097] BANK2_BL-03_pct25__T_a_exec-set_holdings_cross_timing-both_days_input_field-raw_warmup-ready_per_rule: ok fills=280 (73.1s)
[893/4097] BANK2_BL-03_pct25__T_a_exec-calc_shares_cross_timing-today_ma_input_field-raw_warmup-ready_per_rule: ok fills=278 (73.5s)
[894/4097] BANK2_BL-03_pct25__T_a_exec-set_holdings_cross_timing-today_ma_input_field-raw_warmup-ready_per_rule: ok fills=278 (75.8s)
[895/4097] BANK2_BL-03_pct40__OAT_rsi_smoothing-simple: cached
[896/4097] BANK2_BL-03_pct40__OAT_rsi_exit-cross: cached
[897/4097] BANK2_BL-03_pct40__OAT_same_bar_reentry-wait_bar: cached
[898/4097] BANK2_BL-03_pct40__SPOT_all_excluded_off: cached
[899/4097] BANK2_BL-03_pct50__ref: cached
[900/4097] BANK2_BL-03_pct50__T_a_exec-set_holdings_cross_timing-both_days_input_field-adjusted_warmup-strict: cached
[901/4097] BANK2_BL-03_pct50__T_a_exec-calc_shares_cross_timing-today_ma_input_field-adjusted_warmup-strict: cached
[902/4097] BANK2_BL-03_pct50__T_a_exec-set_holdings_cross_timing-today_ma_input_field-adjusted_warmup-strict: cached
[903/4097] BANK2_BL-03_pct50__T_a_exec-calc_shares_cross_timing-both_days_input_field-raw_warmup-strict: cached
[904/4097] BANK2_BL-03_pct50__T_a_exec-set_holdings_cross_timing-both_days_input_field-raw_warmup-strict: cached
[905/4097] BANK2_BL-03_pct50__T_a_exec-calc_shares_cross_timing-today_ma_input_field-raw_warmup-strict: cached
[906/4097] BANK2_BL-03_pct50__T_a_exec-set_holdings_cross_timing-today_ma_input_field-raw_warmup-strict: cached
[907/4097] BANK2_BL-03_pct50__T_a_exec-calc_shares_cross_timing-both_days_input_field-adjusted_warmup-ready_check: cached
[908/4097] BANK2_BL-03_pct50__T_a_exec-set_holdings_cross_timing-both_days_input_field-adjusted_warmup-ready_check: cached
[909/4097] BANK2_BL-03_pct50__T_a_exec-calc_shares_cross_timing-today_ma_input_field-adjusted_warmup-ready_check: cached
[910/4097] BANK2_BL-03_pct50__T_a_exec-set_holdings_cross_timing-today_ma_input_field-adjusted_warmup-ready_check: cached
[911/4097] BANK2_BL-03_pct50__T_a_exec-calc_shares_cross_timing-both_days_input_field-raw_warmup-ready_check: cached
[912/4097] BANK2_BL-03_pct50__T_a_exec-set_holdings_cross_timing-both_days_input_field-raw_warmup-ready_check: cached
[913/4097] BANK2_BL-03_pct50__T_a_exec-calc_shares_cross_timing-today_ma_input_field-raw_warmup-ready_check: cached
[914/4097] BANK2_BL-03_pct50__T_a_exec-set_holdings_cross_timing-today_ma_input_field-raw_warmup-ready_check: cached
[915/4097] BANK2_BL-03_pct40__T_a_exec-calc_shares_cross_timing-today_ma_input_field-adjusted_warmup-ready_per_rule: ok fills=266 (69.2s)
[916/4097] BANK2_BL-03_pct40__T_a_exec-set_holdings_cross_timing-both_days_input_field-adjusted_warmup-ready_per_rule: ok fills=270 (78.6s)
[917/4097] BANK2_BL-03_pct40__T_a_exec-calc_shares_cross_timing-both_days_input_field-raw_warmup-ready_per_rule: ok fills=280 (76.9s)
[918/4097] BANK2_BL-03_pct50__T_a_exec-set_holdings_cross_timing-both_days_input_field-adjusted_warmup-ready_per_rule: exit=1 fills=None (12.6s)
[919/4097] BANK2_BL-03_pct40__T_a_exec-set_holdings_cross_timing-today_ma_input_field-adjusted_warmup-ready_per_rule: ok fills=266 (80.3s)
[920/4097] BANK2_BL-03_pct40__T_a_exec-set_holdings_cross_timing-both_days_input_field-raw_warmup-ready_per_rule: ok fills=280 (76.6s)
[921/4097] BANK2_BL-03_pct40__T_a_exec-set_holdings_cross_timing-today_ma_input_field-raw_warmup-ready_per_rule: ok fills=278 (75.9s)
[922/4097] BANK2_BL-03_pct40__T_a_exec-calc_shares_cross_timing-today_ma_input_field-raw_warmup-ready_per_rule: ok fills=278 (78.7s)
[923/4097] BANK2_BL-03_pct50__OAT_rsi_smoothing-simple: cached
[924/4097] BANK2_BL-03_pct50__OAT_rsi_exit-cross: cached
[925/4097] BANK2_BL-03_pct50__OAT_same_bar_reentry-wait_bar: cached
[926/4097] BANK2_BL-03_pct50__SPOT_all_excluded_off: cached
[927/4097] BANK2_BL-03_pct100__ref: cached
[928/4097] BANK2_BL-03_pct100__T_a_exec-set_holdings_cross_timing-both_days_input_field-adjusted_warmup-strict: cached
[929/4097] BANK2_BL-03_pct100__T_a_exec-calc_shares_cross_timing-today_ma_input_field-adjusted_warmup-strict: cached
[930/4097] BANK2_BL-03_pct100__T_a_exec-set_holdings_cross_timing-today_ma_input_field-adjusted_warmup-strict: cached
[931/4097] BANK2_BL-03_pct100__T_a_exec-calc_shares_cross_timing-both_days_input_field-raw_warmup-strict: cached
[932/4097] BANK2_BL-03_pct100__T_a_exec-set_holdings_cross_timing-both_days_input_field-raw_warmup-strict: cached
[933/4097] BANK2_BL-03_pct100__T_a_exec-calc_shares_cross_timing-today_ma_input_field-raw_warmup-strict: cached
[934/4097] BANK2_BL-03_pct100__T_a_exec-set_holdings_cross_timing-today_ma_input_field-raw_warmup-strict: cached
[935/4097] BANK2_BL-03_pct100__T_a_exec-calc_shares_cross_timing-both_days_input_field-adjusted_warmup-ready_check: cached
[936/4097] BANK2_BL-03_pct100__T_a_exec-set_holdings_cross_timing-both_days_input_field-adjusted_warmup-ready_check: cached
[937/4097] BANK2_BL-03_pct100__T_a_exec-calc_shares_cross_timing-today_ma_input_field-adjusted_warmup-ready_check: cached
[938/4097] BANK2_BL-03_pct100__T_a_exec-set_holdings_cross_timing-today_ma_input_field-adjusted_warmup-ready_check: cached
[939/4097] BANK2_BL-03_pct100__T_a_exec-calc_shares_cross_timing-both_days_input_field-raw_warmup-ready_check: cached
[940/4097] BANK2_BL-03_pct100__T_a_exec-set_holdings_cross_timing-both_days_input_field-raw_warmup-ready_check: cached
[941/4097] BANK2_BL-03_pct100__T_a_exec-calc_shares_cross_timing-today_ma_input_field-raw_warmup-ready_check: cached
[942/4097] BANK2_BL-03_pct100__T_a_exec-set_holdings_cross_timing-today_ma_input_field-raw_warmup-ready_check: cached
[943/4097] BANK2_BL-03_pct50__T_a_exec-calc_shares_cross_timing-both_days_input_field-adjusted_warmup-ready_per_rule: ok fills=270 (70.9s)
[944/4097] BANK2_BL-03_pct50__T_a_exec-calc_shares_cross_timing-today_ma_input_field-adjusted_warmup-ready_per_rule: ok fills=266 (68.4s)
[945/4097] BANK2_BL-03_pct50__T_a_exec-set_holdings_cross_timing-today_ma_input_field-adjusted_warmup-ready_per_rule: ok fills=266 (71.3s)
[946/4097] BANK2_BL-03_pct50__T_a_exec-set_holdings_cross_timing-both_days_input_field-raw_warmup-ready_per_rule: ok fills=280 (70.7s)
[947/4097] BANK2_BL-03_pct50__T_a_exec-calc_shares_cross_timing-both_days_input_field-raw_warmup-ready_per_rule: ok fills=280 (72.2s)
[948/4097] BANK2_BL-03_pct50__T_a_exec-calc_shares_cross_timing-today_ma_input_field-raw_warmup-ready_per_rule: ok fills=278 (70.0s)
[949/4097] BANK2_BL-03_pct100__T_a_exec-set_holdings_cross_timing-today_ma_input_field-adjusted_warmup-ready_per_rule: exit=1 fills=None (14.7s)
[950/4097] BANK2_BL-03_pct50__T_a_exec-set_holdings_cross_timing-today_ma_input_field-raw_warmup-ready_per_rule: ok fills=278 (72.5s)
[951/4097] BANK2_BL-03_pct100__OAT_rsi_smoothing-simple: cached
[952/4097] BANK2_BL-03_pct100__OAT_rsi_exit-cross: cached
[953/4097] BANK2_BL-03_pct100__OAT_same_bar_reentry-wait_bar: cached
[954/4097] BANK2_BL-03_pct100__SPOT_all_excluded_off: cached
[955/4097] BANK2_BL-04_prev_close__ref: cached
[956/4097] BANK2_BL-04_prev_close__T_input_field-raw_rsi_exit-level_rsi_smoothing-wilder_same_bar_reentry-allowed_warmup-strict: cached
[957/4097] BANK2_BL-04_prev_close__T_input_field-adjusted_rsi_exit-level_rsi_smoothing-wilder_same_bar_reentry-wait_bar_warmup-strict: cached
[958/4097] BANK2_BL-04_prev_close__T_input_field-raw_rsi_exit-level_rsi_smoothing-wilder_same_bar_reentry-wait_bar_warmup-strict: cached
[959/4097] BANK2_BL-04_prev_close__T_input_field-adjusted_rsi_exit-level_rsi_smoothing-wilder_same_bar_reentry-allowed_warmup-ready_check: cached
[960/4097] BANK2_BL-04_prev_close__T_input_field-raw_rsi_exit-level_rsi_smoothing-wilder_same_bar_reentry-allowed_warmup-ready_check: cached
[961/4097] BANK2_BL-04_prev_close__T_input_field-adjusted_rsi_exit-level_rsi_smoothing-wilder_same_bar_reentry-wait_bar_warmup-ready_check: cached
[962/4097] BANK2_BL-04_prev_close__T_input_field-raw_rsi_exit-level_rsi_smoothing-wilder_same_bar_reentry-wait_bar_warmup-ready_check: cached
[963/4097] BANK2_BL-03_pct100__T_a_exec-calc_shares_cross_timing-both_days_input_field-adjusted_warmup-ready_per_rule: ok fills=171 (71.4s)
[964/4097] BANK2_BL-03_pct100__T_a_exec-set_holdings_cross_timing-both_days_input_field-adjusted_warmup-ready_per_rule: ok fills=171 (71.5s)
[965/4097] BANK2_BL-03_pct100__T_a_exec-calc_shares_cross_timing-today_ma_input_field-adjusted_warmup-ready_per_rule: ok fills=181 (72.5s)
[966/4097] BANK2_BL-03_pct100__T_a_exec-set_holdings_cross_timing-both_days_input_field-raw_warmup-ready_per_rule: ok fills=204 (67.4s)
[967/4097] BANK2_BL-04_prev_close__T_input_field-adjusted_rsi_exit-cross_rsi_smoothing-wilder_same_bar_reentry-allowed_warmup-strict: cached
[968/4097] BANK2_BL-04_prev_close__T_input_field-raw_rsi_exit-cross_rsi_smoothing-wilder_same_bar_reentry-allowed_warmup-strict: cached
[969/4097] BANK2_BL-04_prev_close__T_input_field-adjusted_rsi_exit-cross_rsi_smoothing-wilder_same_bar_reentry-wait_bar_warmup-strict: cached
[970/4097] BANK2_BL-04_prev_close__T_input_field-raw_rsi_exit-cross_rsi_smoothing-wilder_same_bar_reentry-wait_bar_warmup-strict: cached
[971/4097] BANK2_BL-04_prev_close__T_input_field-adjusted_rsi_exit-cross_rsi_smoothing-wilder_same_bar_reentry-allowed_warmup-ready_check: cached
[972/4097] BANK2_BL-04_prev_close__T_input_field-raw_rsi_exit-cross_rsi_smoothing-wilder_same_bar_reentry-allowed_warmup-ready_check: cached
[973/4097] BANK2_BL-04_prev_close__T_input_field-adjusted_rsi_exit-cross_rsi_smoothing-wilder_same_bar_reentry-wait_bar_warmup-ready_check: cached
[974/4097] BANK2_BL-04_prev_close__T_input_field-raw_rsi_exit-cross_rsi_smoothing-wilder_same_bar_reentry-wait_bar_warmup-ready_check: cached
[975/4097] BANK2_BL-03_pct100__T_a_exec-calc_shares_cross_timing-both_days_input_field-raw_warmup-ready_per_rule: ok fills=202 (69.6s)
[976/4097] BANK2_BL-03_pct100__T_a_exec-calc_shares_cross_timing-today_ma_input_field-raw_warmup-ready_per_rule: ok fills=202 (69.3s)
[977/4097] BANK2_BL-03_pct100__T_a_exec-set_holdings_cross_timing-today_ma_input_field-raw_warmup-ready_per_rule: ok fills=204 (71.1s)
[978/4097] BANK2_BL-04_prev_close__T_input_field-adjusted_rsi_exit-level_rsi_smoothing-wilder_same_bar_reentry-allowed_warmup-ready_per_rule: ok fills=270 (67.3s)
[979/4097] BANK2_BL-04_prev_close__T_input_field-adjusted_rsi_exit-level_rsi_smoothing-simple_same_bar_reentry-allowed_warmup-strict: cached
[980/4097] BANK2_BL-04_prev_close__T_input_field-raw_rsi_exit-level_rsi_smoothing-simple_same_bar_reentry-allowed_warmup-strict: cached
[981/4097] BANK2_BL-04_prev_close__T_input_field-adjusted_rsi_exit-level_rsi_smoothing-simple_same_bar_reentry-wait_bar_warmup-strict: cached
[982/4097] BANK2_BL-04_prev_close__T_input_field-raw_rsi_exit-level_rsi_smoothing-simple_same_bar_reentry-wait_bar_warmup-strict: cached
[983/4097] BANK2_BL-04_prev_close__T_input_field-adjusted_rsi_exit-level_rsi_smoothing-simple_same_bar_reentry-allowed_warmup-ready_check: cached
[984/4097] BANK2_BL-04_prev_close__T_input_field-raw_rsi_exit-level_rsi_smoothing-simple_same_bar_reentry-allowed_warmup-ready_check: cached
[985/4097] BANK2_BL-04_prev_close__T_input_field-adjusted_rsi_exit-level_rsi_smoothing-simple_same_bar_reentry-wait_bar_warmup-ready_check: cached
[986/4097] BANK2_BL-04_prev_close__T_input_field-raw_rsi_exit-level_rsi_smoothing-simple_same_bar_reentry-wait_bar_warmup-ready_check: cached
[987/4097] BANK2_BL-04_prev_close__T_input_field-raw_rsi_exit-level_rsi_smoothing-wilder_same_bar_reentry-allowed_warmup-ready_per_rule: ok fills=280 (68.9s)
[988/4097] BANK2_BL-04_prev_close__T_input_field-adjusted_rsi_exit-level_rsi_smoothing-wilder_same_bar_reentry-wait_bar_warmup-ready_per_rule: ok fills=266 (69.6s)
[989/4097] BANK2_BL-04_prev_close__T_input_field-raw_rsi_exit-level_rsi_smoothing-wilder_same_bar_reentry-wait_bar_warmup-ready_per_rule: ok fills=278 (68.0s)
[990/4097] BANK2_BL-04_prev_close__T_input_field-adjusted_rsi_exit-cross_rsi_smoothing-wilder_same_bar_reentry-allowed_warmup-ready_per_rule: ok fills=250 (65.7s)
[991/4097] BANK2_BL-04_prev_close__T_input_field-adjusted_rsi_exit-cross_rsi_smoothing-simple_same_bar_reentry-allowed_warmup-strict: cached
[992/4097] BANK2_BL-04_prev_close__T_input_field-raw_rsi_exit-cross_rsi_smoothing-simple_same_bar_reentry-allowed_warmup-strict: cached
[993/4097] BANK2_BL-04_prev_close__T_input_field-adjusted_rsi_exit-cross_rsi_smoothing-simple_same_bar_reentry-wait_bar_warmup-strict: cached
[994/4097] BANK2_BL-04_prev_close__T_input_field-raw_rsi_exit-cross_rsi_smoothing-simple_same_bar_reentry-wait_bar_warmup-strict: cached
[995/4097] BANK2_BL-04_prev_close__T_input_field-adjusted_rsi_exit-cross_rsi_smoothing-simple_same_bar_reentry-allowed_warmup-ready_check: cached
[996/4097] BANK2_BL-04_prev_close__T_input_field-raw_rsi_exit-cross_rsi_smoothing-simple_same_bar_reentry-allowed_warmup-ready_check: cached
[997/4097] BANK2_BL-04_prev_close__T_input_field-adjusted_rsi_exit-cross_rsi_smoothing-simple_same_bar_reentry-wait_bar_warmup-ready_check: cached
[998/4097] BANK2_BL-04_prev_close__T_input_field-raw_rsi_exit-cross_rsi_smoothing-simple_same_bar_reentry-wait_bar_warmup-ready_check: cached
[999/4097] BANK2_BL-04_prev_close__T_input_field-raw_rsi_exit-cross_rsi_smoothing-wilder_same_bar_reentry-allowed_warmup-ready_per_rule: ok fills=264 (66.0s)
[1000/4097] BANK2_BL-04_prev_close__T_input_field-adjusted_rsi_exit-cross_rsi_smoothing-wilder_same_bar_reentry-wait_bar_warmup-ready_per_rule: ok fills=250 (70.2s)
[1001/4097] BANK2_BL-04_prev_close__T_input_field-raw_rsi_exit-cross_rsi_smoothing-wilder_same_bar_reentry-wait_bar_warmup-ready_per_rule: ok fills=264 (72.8s)
[1002/4097] BANK2_BL-04_prev_close__T_input_field-adjusted_rsi_exit-level_rsi_smoothing-simple_same_bar_reentry-allowed_warmup-ready_per_rule: ok fills=318 (74.3s)
[1003/4097] BANK2_BL-04_prev_close__OAT_a_exec-set_holdings: cached
[1004/4097] BANK2_BL-04_prev_close__OAT_cross_timing-today_ma: cached
[1005/4097] BANK2_BL-04_prev_close__SPOT_all_excluded_off: cached
[1006/4097] BANK2_BL-04_open_close__ref: cached
[1007/4097] BANK2_BL-04_open_close__T_input_field-raw_rsi_exit-level_rsi_smoothing-wilder_same_bar_reentry-allowed_warmup-strict: cached
[1008/4097] BANK2_BL-04_open_close__T_input_field-adjusted_rsi_exit-level_rsi_smoothing-wilder_same_bar_reentry-wait_bar_warmup-strict: cached
[1009/4097] BANK2_BL-04_open_close__T_input_field-raw_rsi_exit-level_rsi_smoothing-wilder_same_bar_reentry-wait_bar_warmup-strict: cached
[1010/4097] BANK2_BL-04_open_close__T_input_field-adjusted_rsi_exit-level_rsi_smoothing-wilder_same_bar_reentry-allowed_warmup-ready_check: cached
[1011/4097] BANK2_BL-04_open_close__T_input_field-raw_rsi_exit-level_rsi_smoothing-wilder_same_bar_reentry-allowed_warmup-ready_check: cached
[1012/4097] BANK2_BL-04_open_close__T_input_field-adjusted_rsi_exit-level_rsi_smoothing-wilder_same_bar_reentry-wait_bar_warmup-ready_check: cached
[1013/4097] BANK2_BL-04_open_close__T_input_field-raw_rsi_exit-level_rsi_smoothing-wilder_same_bar_reentry-wait_bar_warmup-ready_check: cached
[1014/4097] BANK2_BL-04_prev_close__T_input_field-raw_rsi_exit-level_rsi_smoothing-simple_same_bar_reentry-allowed_warmup-ready_per_rule: ok fills=336 (74.8s)
[1015/4097] BANK2_BL-04_prev_close__T_input_field-adjusted_rsi_exit-level_rsi_smoothing-simple_same_bar_reentry-wait_bar_warmup-ready_per_rule: ok fills=304 (65.3s)
[1016/4097] BANK2_BL-04_prev_close__T_input_field-raw_rsi_exit-cross_rsi_smoothing-simple_same_bar_reentry-allowed_warmup-ready_per_rule: ok fills=288 (62.3s)
[1017/4097] BANK2_BL-04_prev_close__T_input_field-raw_rsi_exit-level_rsi_smoothing-simple_same_bar_reentry-wait_bar_warmup-ready_per_rule: ok fills=322 (65.2s)
[1018/4097] BANK2_BL-04_open_close__T_input_field-adjusted_rsi_exit-cross_rsi_smoothing-wilder_same_bar_reentry-allowed_warmup-strict: cached
[1019/4097] BANK2_BL-04_open_close__T_input_field-raw_rsi_exit-cross_rsi_smoothing-wilder_same_bar_reentry-allowed_warmup-strict: cached
[1020/4097] BANK2_BL-04_open_close__T_input_field-adjusted_rsi_exit-cross_rsi_smoothing-wilder_same_bar_reentry-wait_bar_warmup-strict: cached
[1021/4097] BANK2_BL-04_open_close__T_input_field-raw_rsi_exit-cross_rsi_smoothing-wilder_same_bar_reentry-wait_bar_warmup-strict: cached
[1022/4097] BANK2_BL-04_open_close__T_input_field-adjusted_rsi_exit-cross_rsi_smoothing-wilder_same_bar_reentry-allowed_warmup-ready_check: cached
[1023/4097] BANK2_BL-04_open_close__T_input_field-raw_rsi_exit-cross_rsi_smoothing-wilder_same_bar_reentry-allowed_warmup-ready_check: cached
[1024/4097] BANK2_BL-04_open_close__T_input_field-adjusted_rsi_exit-cross_rsi_smoothing-wilder_same_bar_reentry-wait_bar_warmup-ready_check: cached
[1025/4097] BANK2_BL-04_open_close__T_input_field-raw_rsi_exit-cross_rsi_smoothing-wilder_same_bar_reentry-wait_bar_warmup-ready_check: cached
[1026/4097] BANK2_BL-04_prev_close__T_input_field-adjusted_rsi_exit-cross_rsi_smoothing-simple_same_bar_reentry-allowed_warmup-ready_per_rule: ok fills=268 (65.7s)
[1027/4097] BANK2_BL-04_prev_close__T_input_field-adjusted_rsi_exit-cross_rsi_smoothing-simple_same_bar_reentry-wait_bar_warmup-ready_per_rule: ok fills=268 (58.0s)
[1028/4097] BANK2_BL-04_prev_close__T_input_field-raw_rsi_exit-cross_rsi_smoothing-simple_same_bar_reentry-wait_bar_warmup-ready_per_rule: ok fills=288 (63.1s)
[1029/4097] BANK2_BL-04_open_close__T_input_field-adjusted_rsi_exit-cross_rsi_smoothing-wilder_same_bar_reentry-wait_bar_warmup-ready_per_rule: exit=1 fills=None (10.2s)
[1030/4097] BANK2_BL-04_open_close__T_input_field-adjusted_rsi_exit-level_rsi_smoothing-simple_same_bar_reentry-allowed_warmup-strict: cached
[1031/4097] BANK2_BL-04_open_close__T_input_field-raw_rsi_exit-level_rsi_smoothing-simple_same_bar_reentry-allowed_warmup-strict: cached
[1032/4097] BANK2_BL-04_open_close__T_input_field-adjusted_rsi_exit-level_rsi_smoothing-simple_same_bar_reentry-wait_bar_warmup-strict: cached
[1033/4097] BANK2_BL-04_open_close__T_input_field-raw_rsi_exit-level_rsi_smoothing-simple_same_bar_reentry-wait_bar_warmup-strict: cached
[1034/4097] BANK2_BL-04_open_close__T_input_field-adjusted_rsi_exit-level_rsi_smoothing-simple_same_bar_reentry-allowed_warmup-ready_check: cached
[1035/4097] BANK2_BL-04_open_close__T_input_field-raw_rsi_exit-level_rsi_smoothing-simple_same_bar_reentry-allowed_warmup-ready_check: cached
[1036/4097] BANK2_BL-04_open_close__T_input_field-adjusted_rsi_exit-level_rsi_smoothing-simple_same_bar_reentry-wait_bar_warmup-ready_check: cached
[1037/4097] BANK2_BL-04_open_close__T_input_field-raw_rsi_exit-level_rsi_smoothing-simple_same_bar_reentry-wait_bar_warmup-ready_check: cached
[1038/4097] BANK2_BL-04_open_close__T_input_field-adjusted_rsi_exit-level_rsi_smoothing-wilder_same_bar_reentry-allowed_warmup-ready_per_rule: ok fills=306 (62.5s)
[1039/4097] BANK2_BL-04_open_close__T_input_field-raw_rsi_exit-level_rsi_smoothing-wilder_same_bar_reentry-allowed_warmup-ready_per_rule: ok fills=314 (65.4s)
[1040/4097] BANK2_BL-04_open_close__T_input_field-adjusted_rsi_exit-level_rsi_smoothing-wilder_same_bar_reentry-wait_bar_warmup-ready_per_rule: ok fills=288 (60.4s)
[1041/4097] BANK2_BL-04_open_close__T_input_field-adjusted_rsi_exit-cross_rsi_smoothing-wilder_same_bar_reentry-allowed_warmup-ready_per_rule: ok fills=248 (61.1s)
[1042/4097] BANK2_BL-04_open_close__T_input_field-adjusted_rsi_exit-cross_rsi_smoothing-simple_same_bar_reentry-allowed_warmup-strict: cached
[1043/4097] BANK2_BL-04_open_close__T_input_field-raw_rsi_exit-cross_rsi_smoothing-simple_same_bar_reentry-allowed_warmup-strict: cached
[1044/4097] BANK2_BL-04_open_close__T_input_field-adjusted_rsi_exit-cross_rsi_smoothing-simple_same_bar_reentry-wait_bar_warmup-strict: cached
[1045/4097] BANK2_BL-04_open_close__T_input_field-raw_rsi_exit-cross_rsi_smoothing-simple_same_bar_reentry-wait_bar_warmup-strict: cached
[1046/4097] BANK2_BL-04_open_close__T_input_field-adjusted_rsi_exit-cross_rsi_smoothing-simple_same_bar_reentry-allowed_warmup-ready_check: cached
[1047/4097] BANK2_BL-04_open_close__T_input_field-raw_rsi_exit-cross_rsi_smoothing-simple_same_bar_reentry-allowed_warmup-ready_check: cached
[1048/4097] BANK2_BL-04_open_close__T_input_field-adjusted_rsi_exit-cross_rsi_smoothing-simple_same_bar_reentry-wait_bar_warmup-ready_check: cached
[1049/4097] BANK2_BL-04_open_close__T_input_field-raw_rsi_exit-cross_rsi_smoothing-simple_same_bar_reentry-wait_bar_warmup-ready_check: cached
[1050/4097] BANK2_BL-04_open_close__T_input_field-raw_rsi_exit-cross_rsi_smoothing-wilder_same_bar_reentry-allowed_warmup-ready_per_rule: ok fills=260 (60.6s)
[1051/4097] BANK2_BL-04_open_close__T_input_field-raw_rsi_exit-level_rsi_smoothing-wilder_same_bar_reentry-wait_bar_warmup-ready_per_rule: ok fills=298 (61.8s)
[1052/4097] BANK2_BL-04_open_close__T_input_field-raw_rsi_exit-level_rsi_smoothing-simple_same_bar_reentry-wait_bar_warmup-ready_per_rule: exit=1 fills=None (14.4s)
[1053/4097] BANK2_BL-04_open_close__T_input_field-raw_rsi_exit-cross_rsi_smoothing-wilder_same_bar_reentry-wait_bar_warmup-ready_per_rule: ok fills=260 (60.5s)
[1054/4097] BANK2_BL-04_open_close__OAT_a_exec-set_holdings: cached
[1055/4097] BANK2_BL-04_open_close__OAT_cross_timing-today_ma: cached
[1056/4097] BANK2_BL-04_open_close__SPOT_all_excluded_off: cached
[1057/4097] BANK2_BL-04_prev_close_le__ref: cached
[1058/4097] BANK2_BL-04_prev_close_le__T_input_field-raw_rsi_exit-level_rsi_smoothing-wilder_same_bar_reentry-allowed_warmup-strict: cached
[1059/4097] BANK2_BL-04_prev_close_le__T_input_field-adjusted_rsi_exit-level_rsi_smoothing-wilder_same_bar_reentry-wait_bar_warmup-strict: cached
[1060/4097] BANK2_BL-04_prev_close_le__T_input_field-raw_rsi_exit-level_rsi_smoothing-wilder_same_bar_reentry-wait_bar_warmup-strict: cached
[1061/4097] BANK2_BL-04_prev_close_le__T_input_field-adjusted_rsi_exit-level_rsi_smoothing-wilder_same_bar_reentry-allowed_warmup-ready_check: cached
[1062/4097] BANK2_BL-04_prev_close_le__T_input_field-raw_rsi_exit-level_rsi_smoothing-wilder_same_bar_reentry-allowed_warmup-ready_check: cached
[1063/4097] BANK2_BL-04_prev_close_le__T_input_field-adjusted_rsi_exit-level_rsi_smoothing-wilder_same_bar_reentry-wait_bar_warmup-ready_check: cached
[1064/4097] BANK2_BL-04_prev_close_le__T_input_field-raw_rsi_exit-level_rsi_smoothing-wilder_same_bar_reentry-wait_bar_warmup-ready_check: cached
[1065/4097] BANK2_BL-04_open_close__T_input_field-adjusted_rsi_exit-level_rsi_smoothing-simple_same_bar_reentry-allowed_warmup-ready_per_rule: ok fills=354 (62.7s)
[1066/4097] BANK2_BL-04_open_close__T_input_field-raw_rsi_exit-level_rsi_smoothing-simple_same_bar_reentry-allowed_warmup-ready_per_rule: ok fills=370 (58.8s)
[1067/4097] BANK2_BL-04_open_close__T_input_field-adjusted_rsi_exit-level_rsi_smoothing-simple_same_bar_reentry-wait_bar_warmup-ready_per_rule: ok fills=332 (60.2s)
[1068/4097] BANK2_BL-04_open_close__T_input_field-raw_rsi_exit-cross_rsi_smoothing-simple_same_bar_reentry-allowed_warmup-ready_per_rule: ok fills=294 (63.2s)
[1069/4097] BANK2_BL-04_prev_close_le__T_input_field-adjusted_rsi_exit-cross_rsi_smoothing-wilder_same_bar_reentry-allowed_warmup-strict: cached
[1070/4097] BANK2_BL-04_prev_close_le__T_input_field-raw_rsi_exit-cross_rsi_smoothing-wilder_same_bar_reentry-allowed_warmup-strict: cached
[1071/4097] BANK2_BL-04_prev_close_le__T_input_field-adjusted_rsi_exit-cross_rsi_smoothing-wilder_same_bar_reentry-wait_bar_warmup-strict: cached
[1072/4097] BANK2_BL-04_prev_close_le__T_input_field-raw_rsi_exit-cross_rsi_smoothing-wilder_same_bar_reentry-wait_bar_warmup-strict: cached
[1073/4097] BANK2_BL-04_prev_close_le__T_input_field-adjusted_rsi_exit-cross_rsi_smoothing-wilder_same_bar_reentry-allowed_warmup-ready_check: cached
[1074/4097] BANK2_BL-04_prev_close_le__T_input_field-raw_rsi_exit-cross_rsi_smoothing-wilder_same_bar_reentry-allowed_warmup-ready_check: cached
[1075/4097] BANK2_BL-04_prev_close_le__T_input_field-adjusted_rsi_exit-cross_rsi_smoothing-wilder_same_bar_reentry-wait_bar_warmup-ready_check: cached
[1076/4097] BANK2_BL-04_prev_close_le__T_input_field-raw_rsi_exit-cross_rsi_smoothing-wilder_same_bar_reentry-wait_bar_warmup-ready_check: cached
[1077/4097] BANK2_BL-04_open_close__T_input_field-raw_rsi_exit-cross_rsi_smoothing-simple_same_bar_reentry-wait_bar_warmup-ready_per_rule: ok fills=294 (62.9s)
[1078/4097] BANK2_BL-04_open_close__T_input_field-adjusted_rsi_exit-cross_rsi_smoothing-simple_same_bar_reentry-wait_bar_warmup-ready_per_rule: ok fills=274 (63.7s)
[1079/4097] BANK2_BL-04_open_close__T_input_field-adjusted_rsi_exit-cross_rsi_smoothing-simple_same_bar_reentry-allowed_warmup-ready_per_rule: ok fills=274 (64.0s)
[1080/4097] BANK2_BL-04_prev_close_le__T_input_field-adjusted_rsi_exit-level_rsi_smoothing-wilder_same_bar_reentry-allowed_warmup-ready_per_rule: ok fills=270 (64.8s)
[1081/4097] BANK2_BL-04_prev_close_le__T_input_field-adjusted_rsi_exit-level_rsi_smoothing-simple_same_bar_reentry-allowed_warmup-strict: cached
[1082/4097] BANK2_BL-04_prev_close_le__T_input_field-raw_rsi_exit-level_rsi_smoothing-simple_same_bar_reentry-allowed_warmup-strict: cached
[1083/4097] BANK2_BL-04_prev_close_le__T_input_field-adjusted_rsi_exit-level_rsi_smoothing-simple_same_bar_reentry-wait_bar_warmup-strict: cached
[1084/4097] BANK2_BL-04_prev_close_le__T_input_field-raw_rsi_exit-level_rsi_smoothing-simple_same_bar_reentry-wait_bar_warmup-strict: cached
[1085/4097] BANK2_BL-04_prev_close_le__T_input_field-adjusted_rsi_exit-level_rsi_smoothing-simple_same_bar_reentry-allowed_warmup-ready_check: cached
[1086/4097] BANK2_BL-04_prev_close_le__T_input_field-raw_rsi_exit-level_rsi_smoothing-simple_same_bar_reentry-allowed_warmup-ready_check: cached
[1087/4097] BANK2_BL-04_prev_close_le__T_input_field-adjusted_rsi_exit-level_rsi_smoothing-simple_same_bar_reentry-wait_bar_warmup-ready_check: cached
[1088/4097] BANK2_BL-04_prev_close_le__T_input_field-raw_rsi_exit-level_rsi_smoothing-simple_same_bar_reentry-wait_bar_warmup-ready_check: cached
[1089/4097] BANK2_BL-04_prev_close_le__T_input_field-raw_rsi_exit-level_rsi_smoothing-wilder_same_bar_reentry-allowed_warmup-ready_per_rule: ok fills=280 (64.7s)
[1090/4097] BANK2_BL-04_prev_close_le__T_input_field-adjusted_rsi_exit-level_rsi_smoothing-wilder_same_bar_reentry-wait_bar_warmup-ready_per_rule: ok fills=266 (62.3s)
[1091/4097] BANK2_BL-04_prev_close_le__T_input_field-raw_rsi_exit-level_rsi_smoothing-wilder_same_bar_reentry-wait_bar_warmup-ready_per_rule: ok fills=278 (64.6s)
[1092/4097] BANK2_BL-04_prev_close_le__T_input_field-raw_rsi_exit-cross_rsi_smoothing-wilder_same_bar_reentry-allowed_warmup-ready_per_rule: ok fills=264 (63.4s)
[1093/4097] BANK2_BL-04_prev_close_le__T_input_field-adjusted_rsi_exit-cross_rsi_smoothing-simple_same_bar_reentry-allowed_warmup-strict: cached
[1094/4097] BANK2_BL-04_prev_close_le__T_input_field-raw_rsi_exit-cross_rsi_smoothing-simple_same_bar_reentry-allowed_warmup-strict: cached
[1095/4097] BANK2_BL-04_prev_close_le__T_input_field-adjusted_rsi_exit-cross_rsi_smoothing-simple_same_bar_reentry-wait_bar_warmup-strict: cached
[1096/4097] BANK2_BL-04_prev_close_le__T_input_field-raw_rsi_exit-cross_rsi_smoothing-simple_same_bar_reentry-wait_bar_warmup-strict: cached
[1097/4097] BANK2_BL-04_prev_close_le__T_input_field-adjusted_rsi_exit-cross_rsi_smoothing-simple_same_bar_reentry-allowed_warmup-ready_check: cached
[1098/4097] BANK2_BL-04_prev_close_le__T_input_field-raw_rsi_exit-cross_rsi_smoothing-simple_same_bar_reentry-allowed_warmup-ready_check: cached
[1099/4097] BANK2_BL-04_prev_close_le__T_input_field-adjusted_rsi_exit-cross_rsi_smoothing-simple_same_bar_reentry-wait_bar_warmup-ready_check: cached
[1100/4097] BANK2_BL-04_prev_close_le__T_input_field-raw_rsi_exit-cross_rsi_smoothing-simple_same_bar_reentry-wait_bar_warmup-ready_check: cached
[1101/4097] BANK2_BL-04_prev_close_le__T_input_field-raw_rsi_exit-cross_rsi_smoothing-wilder_same_bar_reentry-wait_bar_warmup-ready_per_rule: ok fills=264 (65.1s)
[1102/4097] BANK2_BL-04_prev_close_le__T_input_field-adjusted_rsi_exit-cross_rsi_smoothing-wilder_same_bar_reentry-allowed_warmup-ready_per_rule: ok fills=250 (68.0s)
[1103/4097] BANK2_BL-04_prev_close_le__T_input_field-adjusted_rsi_exit-cross_rsi_smoothing-wilder_same_bar_reentry-wait_bar_warmup-ready_per_rule: ok fills=250 (70.6s)
[1104/4097] BANK2_BL-04_prev_close_le__T_input_field-adjusted_rsi_exit-level_rsi_smoothing-simple_same_bar_reentry-allowed_warmup-ready_per_rule: ok fills=318 (66.3s)
[1105/4097] BANK2_BL-04_prev_close_le__OAT_a_exec-set_holdings: cached
[1106/4097] BANK2_BL-04_prev_close_le__OAT_cross_timing-today_ma: cached
[1107/4097] BANK2_BL-04_prev_close_le__SPOT_all_excluded_off: cached
[1108/4097] BANK2_BL-05_d2__ref: cached
[1109/4097] BANK2_BL-05_d2__T_input_field-raw_rsi_exit-level_rsi_smoothing-wilder_same_bar_reentry-allowed_warmup-strict: cached
[1110/4097] BANK2_BL-05_d2__T_input_field-adjusted_rsi_exit-level_rsi_smoothing-wilder_same_bar_reentry-wait_bar_warmup-strict: cached
[1111/4097] BANK2_BL-05_d2__T_input_field-raw_rsi_exit-level_rsi_smoothing-wilder_same_bar_reentry-wait_bar_warmup-strict: cached
[1112/4097] BANK2_BL-05_d2__T_input_field-adjusted_rsi_exit-level_rsi_smoothing-wilder_same_bar_reentry-allowed_warmup-ready_check: cached
[1113/4097] BANK2_BL-05_d2__T_input_field-raw_rsi_exit-level_rsi_smoothing-wilder_same_bar_reentry-allowed_warmup-ready_check: cached
[1114/4097] BANK2_BL-05_d2__T_input_field-adjusted_rsi_exit-level_rsi_smoothing-wilder_same_bar_reentry-wait_bar_warmup-ready_check: cached
[1115/4097] BANK2_BL-05_d2__T_input_field-raw_rsi_exit-level_rsi_smoothing-wilder_same_bar_reentry-wait_bar_warmup-ready_check: cached
[1116/4097] BANK2_BL-04_prev_close_le__T_input_field-raw_rsi_exit-level_rsi_smoothing-simple_same_bar_reentry-allowed_warmup-ready_per_rule: ok fills=336 (66.0s)
[1117/4097] BANK2_BL-04_prev_close_le__T_input_field-adjusted_rsi_exit-level_rsi_smoothing-simple_same_bar_reentry-wait_bar_warmup-ready_per_rule: ok fills=304 (69.5s)
[1118/4097] BANK2_BL-04_prev_close_le__T_input_field-raw_rsi_exit-level_rsi_smoothing-simple_same_bar_reentry-wait_bar_warmup-ready_per_rule: ok fills=322 (61.8s)
[1119/4097] BANK2_BL-04_prev_close_le__T_input_field-adjusted_rsi_exit-cross_rsi_smoothing-simple_same_bar_reentry-wait_bar_warmup-ready_per_rule: ok fills=268 (60.9s)
[1120/4097] BANK2_BL-05_d2__T_input_field-adjusted_rsi_exit-cross_rsi_smoothing-wilder_same_bar_reentry-allowed_warmup-strict: cached
[1121/4097] BANK2_BL-05_d2__T_input_field-raw_rsi_exit-cross_rsi_smoothing-wilder_same_bar_reentry-allowed_warmup-strict: cached
[1122/4097] BANK2_BL-05_d2__T_input_field-adjusted_rsi_exit-cross_rsi_smoothing-wilder_same_bar_reentry-wait_bar_warmup-strict: cached
[1123/4097] BANK2_BL-05_d2__T_input_field-raw_rsi_exit-cross_rsi_smoothing-wilder_same_bar_reentry-wait_bar_warmup-strict: cached
[1124/4097] BANK2_BL-05_d2__T_input_field-adjusted_rsi_exit-cross_rsi_smoothing-wilder_same_bar_reentry-allowed_warmup-ready_check: cached
[1125/4097] BANK2_BL-05_d2__T_input_field-raw_rsi_exit-cross_rsi_smoothing-wilder_same_bar_reentry-allowed_warmup-ready_check: cached
[1126/4097] BANK2_BL-05_d2__T_input_field-adjusted_rsi_exit-cross_rsi_smoothing-wilder_same_bar_reentry-wait_bar_warmup-ready_check: cached
[1127/4097] BANK2_BL-05_d2__T_input_field-raw_rsi_exit-cross_rsi_smoothing-wilder_same_bar_reentry-wait_bar_warmup-ready_check: cached
[1128/4097] BANK2_BL-04_prev_close_le__T_input_field-adjusted_rsi_exit-cross_rsi_smoothing-simple_same_bar_reentry-allowed_warmup-ready_per_rule: ok fills=268 (66.8s)
[1129/4097] BANK2_BL-04_prev_close_le__T_input_field-raw_rsi_exit-cross_rsi_smoothing-simple_same_bar_reentry-wait_bar_warmup-ready_per_rule: ok fills=288 (61.6s)
[1130/4097] BANK2_BL-04_prev_close_le__T_input_field-raw_rsi_exit-cross_rsi_smoothing-simple_same_bar_reentry-allowed_warmup-ready_per_rule: ok fills=288 (67.5s)
[1131/4097] BANK2_BL-05_d2__T_input_field-adjusted_rsi_exit-level_rsi_smoothing-wilder_same_bar_reentry-allowed_warmup-ready_per_rule: ok fills=416 (67.3s)
[1132/4097] BANK2_BL-05_d2__T_input_field-adjusted_rsi_exit-level_rsi_smoothing-simple_same_bar_reentry-allowed_warmup-strict: cached
[1133/4097] BANK2_BL-05_d2__T_input_field-raw_rsi_exit-level_rsi_smoothing-simple_same_bar_reentry-allowed_warmup-strict: cached
[1134/4097] BANK2_BL-05_d2__T_input_field-adjusted_rsi_exit-level_rsi_smoothing-simple_same_bar_reentry-wait_bar_warmup-strict: cached
[1135/4097] BANK2_BL-05_d2__T_input_field-raw_rsi_exit-level_rsi_smoothing-simple_same_bar_reentry-wait_bar_warmup-strict: cached
[1136/4097] BANK2_BL-05_d2__T_input_field-adjusted_rsi_exit-level_rsi_smoothing-simple_same_bar_reentry-allowed_warmup-ready_check: cached
[1137/4097] BANK2_BL-05_d2__T_input_field-raw_rsi_exit-level_rsi_smoothing-simple_same_bar_reentry-allowed_warmup-ready_check: cached
[1138/4097] BANK2_BL-05_d2__T_input_field-adjusted_rsi_exit-level_rsi_smoothing-simple_same_bar_reentry-wait_bar_warmup-ready_check: cached
[1139/4097] BANK2_BL-05_d2__T_input_field-raw_rsi_exit-level_rsi_smoothing-simple_same_bar_reentry-wait_bar_warmup-ready_check: cached
[1140/4097] BANK2_BL-05_d2__T_input_field-raw_rsi_exit-level_rsi_smoothing-wilder_same_bar_reentry-allowed_warmup-ready_per_rule: ok fills=420 (66.4s)
[1141/4097] BANK2_BL-05_d2__T_input_field-raw_rsi_exit-level_rsi_smoothing-wilder_same_bar_reentry-wait_bar_warmup-ready_per_rule: ok fills=398 (64.6s)
[1142/4097] BANK2_BL-05_d2__T_input_field-adjusted_rsi_exit-level_rsi_smoothing-wilder_same_bar_reentry-wait_bar_warmup-ready_per_rule: ok fills=390 (68.7s)
[1143/4097] BANK2_BL-05_d2__T_input_field-adjusted_rsi_exit-cross_rsi_smoothing-wilder_same_bar_reentry-wait_bar_warmup-ready_per_rule: ok fills=298 (63.1s)
[1144/4097] BANK2_BL-05_d2__T_input_field-adjusted_rsi_exit-cross_rsi_smoothing-simple_same_bar_reentry-allowed_warmup-strict: cached
[1145/4097] BANK2_BL-05_d2__T_input_field-raw_rsi_exit-cross_rsi_smoothing-simple_same_bar_reentry-allowed_warmup-strict: cached
[1146/4097] BANK2_BL-05_d2__T_input_field-adjusted_rsi_exit-cross_rsi_smoothing-simple_same_bar_reentry-wait_bar_warmup-strict: cached
[1147/4097] BANK2_BL-05_d2__T_input_field-raw_rsi_exit-cross_rsi_smoothing-simple_same_bar_reentry-wait_bar_warmup-strict: cached
[1148/4097] BANK2_BL-05_d2__T_input_field-adjusted_rsi_exit-cross_rsi_smoothing-simple_same_bar_reentry-allowed_warmup-ready_check: cached
[1149/4097] BANK2_BL-05_d2__T_input_field-raw_rsi_exit-cross_rsi_smoothing-simple_same_bar_reentry-allowed_warmup-ready_check: cached
[1150/4097] BANK2_BL-05_d2__T_input_field-adjusted_rsi_exit-cross_rsi_smoothing-simple_same_bar_reentry-wait_bar_warmup-ready_check: cached
[1151/4097] BANK2_BL-05_d2__T_input_field-raw_rsi_exit-cross_rsi_smoothing-simple_same_bar_reentry-wait_bar_warmup-ready_check: cached
[1152/4097] BANK2_BL-05_d2__T_input_field-adjusted_rsi_exit-cross_rsi_smoothing-wilder_same_bar_reentry-allowed_warmup-ready_per_rule: ok fills=298 (67.7s)
[1153/4097] BANK2_BL-05_d2__T_input_field-raw_rsi_exit-cross_rsi_smoothing-wilder_same_bar_reentry-allowed_warmup-ready_per_rule: ok fills=310 (68.3s)
[1154/4097] BANK2_BL-05_d2__T_input_field-raw_rsi_exit-cross_rsi_smoothing-wilder_same_bar_reentry-wait_bar_warmup-ready_per_rule: ok fills=310 (69.3s)
[1155/4097] BANK2_BL-05_d2__T_input_field-adjusted_rsi_exit-level_rsi_smoothing-simple_same_bar_reentry-allowed_warmup-ready_per_rule: ok fills=512 (77.2s)
[1156/4097] BANK2_BL-05_d2__OAT_a_exec-set_holdings: cached
[1157/4097] BANK2_BL-05_d2__OAT_cross_timing-today_ma: cached
[1158/4097] BANK2_BL-05_d2__SPOT_all_excluded_off: cached
[1159/4097] BANK2_BL-05_d3__ref: cached
[1160/4097] BANK2_BL-05_d3__T_input_field-raw_rsi_exit-level_rsi_smoothing-wilder_same_bar_reentry-allowed_warmup-strict: cached
[1161/4097] BANK2_BL-05_d3__T_input_field-adjusted_rsi_exit-level_rsi_smoothing-wilder_same_bar_reentry-wait_bar_warmup-strict: cached
[1162/4097] BANK2_BL-05_d3__T_input_field-raw_rsi_exit-level_rsi_smoothing-wilder_same_bar_reentry-wait_bar_warmup-strict: cached
[1163/4097] BANK2_BL-05_d3__T_input_field-adjusted_rsi_exit-level_rsi_smoothing-wilder_same_bar_reentry-allowed_warmup-ready_check: cached
[1164/4097] BANK2_BL-05_d3__T_input_field-raw_rsi_exit-level_rsi_smoothing-wilder_same_bar_reentry-allowed_warmup-ready_check: cached
[1165/4097] BANK2_BL-05_d3__T_input_field-adjusted_rsi_exit-level_rsi_smoothing-wilder_same_bar_reentry-wait_bar_warmup-ready_check: cached
[1166/4097] BANK2_BL-05_d3__T_input_field-raw_rsi_exit-level_rsi_smoothing-wilder_same_bar_reentry-wait_bar_warmup-ready_check: cached
[1167/4097] BANK2_BL-05_d2__T_input_field-raw_rsi_exit-level_rsi_smoothing-simple_same_bar_reentry-allowed_warmup-ready_per_rule: ok fills=528 (76.4s)
[1168/4097] BANK2_BL-05_d2__T_input_field-adjusted_rsi_exit-level_rsi_smoothing-simple_same_bar_reentry-wait_bar_warmup-ready_per_rule: ok fills=454 (73.5s)
[1169/4097] BANK2_BL-05_d2__T_input_field-raw_rsi_exit-level_rsi_smoothing-simple_same_bar_reentry-wait_bar_warmup-ready_per_rule: ok fills=472 (72.1s)
[1170/4097] BANK2_BL-05_d3__T_input_field-raw_rsi_exit-level_rsi_smoothing-wilder_same_bar_reentry-allowed_warmup-ready_per_rule: exit=1 fills=None (15.1s)
[1171/4097] BANK2_BL-05_d3__T_input_field-adjusted_rsi_exit-cross_rsi_smoothing-wilder_same_bar_reentry-allowed_warmup-strict: cached
[1172/4097] BANK2_BL-05_d3__T_input_field-raw_rsi_exit-cross_rsi_smoothing-wilder_same_bar_reentry-allowed_warmup-strict: cached
[1173/4097] BANK2_BL-05_d3__T_input_field-adjusted_rsi_exit-cross_rsi_smoothing-wilder_same_bar_reentry-wait_bar_warmup-strict: cached
[1174/4097] BANK2_BL-05_d3__T_input_field-raw_rsi_exit-cross_rsi_smoothing-wilder_same_bar_reentry-wait_bar_warmup-strict: cached
[1175/4097] BANK2_BL-05_d3__T_input_field-adjusted_rsi_exit-cross_rsi_smoothing-wilder_same_bar_reentry-allowed_warmup-ready_check: cached
[1176/4097] BANK2_BL-05_d3__T_input_field-raw_rsi_exit-cross_rsi_smoothing-wilder_same_bar_reentry-allowed_warmup-ready_check: cached
[1177/4097] BANK2_BL-05_d3__T_input_field-adjusted_rsi_exit-cross_rsi_smoothing-wilder_same_bar_reentry-wait_bar_warmup-ready_check: cached
[1178/4097] BANK2_BL-05_d3__T_input_field-raw_rsi_exit-cross_rsi_smoothing-wilder_same_bar_reentry-wait_bar_warmup-ready_check: cached
[1179/4097] BANK2_BL-05_d2__T_input_field-adjusted_rsi_exit-cross_rsi_smoothing-simple_same_bar_reentry-allowed_warmup-ready_per_rule: ok fills=320 (71.0s)
[1180/4097] BANK2_BL-05_d2__T_input_field-raw_rsi_exit-cross_rsi_smoothing-simple_same_bar_reentry-allowed_warmup-ready_per_rule: ok fills=340 (71.4s)
[1181/4097] BANK2_BL-05_d2__T_input_field-adjusted_rsi_exit-cross_rsi_smoothing-simple_same_bar_reentry-wait_bar_warmup-ready_per_rule: ok fills=314 (70.8s)
[1182/4097] BANK2_BL-05_d2__T_input_field-raw_rsi_exit-cross_rsi_smoothing-simple_same_bar_reentry-wait_bar_warmup-ready_per_rule: ok fills=334 (72.4s)
[1183/4097] BANK2_BL-05_d3__T_input_field-adjusted_rsi_exit-level_rsi_smoothing-simple_same_bar_reentry-allowed_warmup-strict: cached
[1184/4097] BANK2_BL-05_d3__T_input_field-raw_rsi_exit-level_rsi_smoothing-simple_same_bar_reentry-allowed_warmup-strict: cached
[1185/4097] BANK2_BL-05_d3__T_input_field-adjusted_rsi_exit-level_rsi_smoothing-simple_same_bar_reentry-wait_bar_warmup-strict: cached
[1186/4097] BANK2_BL-05_d3__T_input_field-raw_rsi_exit-level_rsi_smoothing-simple_same_bar_reentry-wait_bar_warmup-strict: cached
[1187/4097] BANK2_BL-05_d3__T_input_field-adjusted_rsi_exit-level_rsi_smoothing-simple_same_bar_reentry-allowed_warmup-ready_check: cached
[1188/4097] BANK2_BL-05_d3__T_input_field-raw_rsi_exit-level_rsi_smoothing-simple_same_bar_reentry-allowed_warmup-ready_check: cached
[1189/4097] BANK2_BL-05_d3__T_input_field-adjusted_rsi_exit-level_rsi_smoothing-simple_same_bar_reentry-wait_bar_warmup-ready_check: cached
[1190/4097] BANK2_BL-05_d3__T_input_field-raw_rsi_exit-level_rsi_smoothing-simple_same_bar_reentry-wait_bar_warmup-ready_check: cached
[1191/4097] BANK2_BL-05_d3__T_input_field-adjusted_rsi_exit-level_rsi_smoothing-wilder_same_bar_reentry-allowed_warmup-ready_per_rule: ok fills=270 (63.4s)
[1192/4097] BANK2_BL-05_d3__T_input_field-raw_rsi_exit-level_rsi_smoothing-wilder_same_bar_reentry-wait_bar_warmup-ready_per_rule: ok fills=278 (63.6s)
[1193/4097] BANK2_BL-05_d3__T_input_field-adjusted_rsi_exit-level_rsi_smoothing-wilder_same_bar_reentry-wait_bar_warmup-ready_per_rule: ok fills=266 (66.7s)
[1194/4097] BANK2_BL-05_d3__T_input_field-adjusted_rsi_exit-cross_rsi_smoothing-wilder_same_bar_reentry-allowed_warmup-ready_per_rule: ok fills=250 (67.3s)
[1195/4097] BANK2_BL-05_d3__T_input_field-adjusted_rsi_exit-cross_rsi_smoothing-simple_same_bar_reentry-allowed_warmup-strict: cached
[1196/4097] BANK2_BL-05_d3__T_input_field-raw_rsi_exit-cross_rsi_smoothing-simple_same_bar_reentry-allowed_warmup-strict: cached
[1197/4097] BANK2_BL-05_d3__T_input_field-adjusted_rsi_exit-cross_rsi_smoothing-simple_same_bar_reentry-wait_bar_warmup-strict: cached
[1198/4097] BANK2_BL-05_d3__T_input_field-raw_rsi_exit-cross_rsi_smoothing-simple_same_bar_reentry-wait_bar_warmup-strict: cached
[1199/4097] BANK2_BL-05_d3__T_input_field-adjusted_rsi_exit-cross_rsi_smoothing-simple_same_bar_reentry-allowed_warmup-ready_check: cached
[1200/4097] BANK2_BL-05_d3__T_input_field-raw_rsi_exit-cross_rsi_smoothing-simple_same_bar_reentry-allowed_warmup-ready_check: cached
[1201/4097] BANK2_BL-05_d3__T_input_field-adjusted_rsi_exit-cross_rsi_smoothing-simple_same_bar_reentry-wait_bar_warmup-ready_check: cached
[1202/4097] BANK2_BL-05_d3__T_input_field-raw_rsi_exit-cross_rsi_smoothing-simple_same_bar_reentry-wait_bar_warmup-ready_check: cached
[1203/4097] BANK2_BL-05_d3__T_input_field-raw_rsi_exit-cross_rsi_smoothing-wilder_same_bar_reentry-allowed_warmup-ready_per_rule: ok fills=264 (65.2s)
[1204/4097] BANK2_BL-05_d3__T_input_field-adjusted_rsi_exit-cross_rsi_smoothing-simple_same_bar_reentry-allowed_warmup-ready_per_rule: exit=1 fills=None (15.8s)
[1205/4097] BANK2_BL-05_d3__T_input_field-adjusted_rsi_exit-cross_rsi_smoothing-wilder_same_bar_reentry-wait_bar_warmup-ready_per_rule: ok fills=250 (72.4s)
[1206/4097] BANK2_BL-05_d3__T_input_field-raw_rsi_exit-cross_rsi_smoothing-wilder_same_bar_reentry-wait_bar_warmup-ready_per_rule: ok fills=264 (73.1s)
[1207/4097] BANK2_BL-05_d3__OAT_a_exec-set_holdings: cached
[1208/4097] BANK2_BL-05_d3__OAT_cross_timing-today_ma: cached
[1209/4097] BANK2_BL-05_d3__SPOT_all_excluded_off: cached
[1210/4097] BANK2_BL-05_d4__ref: cached
[1211/4097] BANK2_BL-05_d4__T_input_field-raw_rsi_exit-level_rsi_smoothing-wilder_same_bar_reentry-allowed_warmup-strict: cached
[1212/4097] BANK2_BL-05_d4__T_input_field-adjusted_rsi_exit-level_rsi_smoothing-wilder_same_bar_reentry-wait_bar_warmup-strict: cached
[1213/4097] BANK2_BL-05_d4__T_input_field-raw_rsi_exit-level_rsi_smoothing-wilder_same_bar_reentry-wait_bar_warmup-strict: cached
[1214/4097] BANK2_BL-05_d4__T_input_field-adjusted_rsi_exit-level_rsi_smoothing-wilder_same_bar_reentry-allowed_warmup-ready_check: cached
[1215/4097] BANK2_BL-05_d4__T_input_field-raw_rsi_exit-level_rsi_smoothing-wilder_same_bar_reentry-allowed_warmup-ready_check: cached
[1216/4097] BANK2_BL-05_d4__T_input_field-adjusted_rsi_exit-level_rsi_smoothing-wilder_same_bar_reentry-wait_bar_warmup-ready_check: cached
[1217/4097] BANK2_BL-05_d4__T_input_field-raw_rsi_exit-level_rsi_smoothing-wilder_same_bar_reentry-wait_bar_warmup-ready_check: cached
[1218/4097] BANK2_BL-05_d3__T_input_field-adjusted_rsi_exit-level_rsi_smoothing-simple_same_bar_reentry-allowed_warmup-ready_per_rule: ok fills=318 (68.4s)
[1219/4097] BANK2_BL-05_d3__T_input_field-adjusted_rsi_exit-cross_rsi_smoothing-simple_same_bar_reentry-wait_bar_warmup-ready_per_rule: exit=1 fills=None (10.8s)
[1220/4097] BANK2_BL-05_d3__T_input_field-raw_rsi_exit-level_rsi_smoothing-simple_same_bar_reentry-allowed_warmup-ready_per_rule: ok fills=336 (65.2s)
[1221/4097] BANK2_BL-05_d3__T_input_field-adjusted_rsi_exit-level_rsi_smoothing-simple_same_bar_reentry-wait_bar_warmup-ready_per_rule: ok fills=304 (65.1s)
[1222/4097] BANK2_BL-05_d4__T_input_field-adjusted_rsi_exit-cross_rsi_smoothing-wilder_same_bar_reentry-allowed_warmup-strict: cached
[1223/4097] BANK2_BL-05_d4__T_input_field-raw_rsi_exit-cross_rsi_smoothing-wilder_same_bar_reentry-allowed_warmup-strict: cached
[1224/4097] BANK2_BL-05_d4__T_input_field-adjusted_rsi_exit-cross_rsi_smoothing-wilder_same_bar_reentry-wait_bar_warmup-strict: cached
[1225/4097] BANK2_BL-05_d4__T_input_field-raw_rsi_exit-cross_rsi_smoothing-wilder_same_bar_reentry-wait_bar_warmup-strict: cached
[1226/4097] BANK2_BL-05_d4__T_input_field-adjusted_rsi_exit-cross_rsi_smoothing-wilder_same_bar_reentry-allowed_warmup-ready_check: cached
[1227/4097] BANK2_BL-05_d4__T_input_field-raw_rsi_exit-cross_rsi_smoothing-wilder_same_bar_reentry-allowed_warmup-ready_check: cached
[1228/4097] BANK2_BL-05_d4__T_input_field-adjusted_rsi_exit-cross_rsi_smoothing-wilder_same_bar_reentry-wait_bar_warmup-ready_check: cached
[1229/4097] BANK2_BL-05_d4__T_input_field-raw_rsi_exit-cross_rsi_smoothing-wilder_same_bar_reentry-wait_bar_warmup-ready_check: cached
[1230/4097] BANK2_BL-05_d3__T_input_field-raw_rsi_exit-level_rsi_smoothing-simple_same_bar_reentry-wait_bar_warmup-ready_per_rule: ok fills=322 (68.0s)
[1231/4097] BANK2_BL-05_d3__T_input_field-raw_rsi_exit-cross_rsi_smoothing-simple_same_bar_reentry-allowed_warmup-ready_per_rule: ok fills=288 (62.8s)
[1232/4097] BANK2_BL-05_d3__T_input_field-raw_rsi_exit-cross_rsi_smoothing-simple_same_bar_reentry-wait_bar_warmup-ready_per_rule: ok fills=288 (68.4s)
[1233/4097] BANK2_BL-05_d4__T_input_field-adjusted_rsi_exit-level_rsi_smoothing-wilder_same_bar_reentry-allowed_warmup-ready_per_rule: ok fills=194 (66.6s)
[1234/4097] BANK2_BL-05_d4__T_input_field-adjusted_rsi_exit-level_rsi_smoothing-simple_same_bar_reentry-allowed_warmup-strict: cached
[1235/4097] BANK2_BL-05_d4__T_input_field-raw_rsi_exit-level_rsi_smoothing-simple_same_bar_reentry-allowed_warmup-strict: cached
[1236/4097] BANK2_BL-05_d4__T_input_field-adjusted_rsi_exit-level_rsi_smoothing-simple_same_bar_reentry-wait_bar_warmup-strict: cached
[1237/4097] BANK2_BL-05_d4__T_input_field-raw_rsi_exit-level_rsi_smoothing-simple_same_bar_reentry-wait_bar_warmup-strict: cached
[1238/4097] BANK2_BL-05_d4__T_input_field-adjusted_rsi_exit-level_rsi_smoothing-simple_same_bar_reentry-allowed_warmup-ready_check: cached
[1239/4097] BANK2_BL-05_d4__T_input_field-raw_rsi_exit-level_rsi_smoothing-simple_same_bar_reentry-allowed_warmup-ready_check: cached
[1240/4097] BANK2_BL-05_d4__T_input_field-adjusted_rsi_exit-level_rsi_smoothing-simple_same_bar_reentry-wait_bar_warmup-ready_check: cached
[1241/4097] BANK2_BL-05_d4__T_input_field-raw_rsi_exit-level_rsi_smoothing-simple_same_bar_reentry-wait_bar_warmup-ready_check: cached
[1242/4097] BANK2_BL-05_d4__T_input_field-raw_rsi_exit-level_rsi_smoothing-wilder_same_bar_reentry-allowed_warmup-ready_per_rule: ok fills=210 (69.7s)
[1243/4097] BANK2_BL-05_d4__T_input_field-adjusted_rsi_exit-level_rsi_smoothing-wilder_same_bar_reentry-wait_bar_warmup-ready_per_rule: ok fills=194 (69.9s)
[1244/4097] BANK2_BL-05_d4__T_input_field-raw_rsi_exit-level_rsi_smoothing-wilder_same_bar_reentry-wait_bar_warmup-ready_per_rule: ok fills=210 (68.9s)
[1245/4097] BANK2_BL-05_d4__T_input_field-adjusted_rsi_exit-level_rsi_smoothing-simple_same_bar_reentry-wait_bar_warmup-ready_per_rule: exit=1 fills=None (19.5s)
[1246/4097] BANK2_BL-05_d4__T_input_field-adjusted_rsi_exit-cross_rsi_smoothing-simple_same_bar_reentry-allowed_warmup-strict: cached
[1247/4097] BANK2_BL-05_d4__T_input_field-raw_rsi_exit-cross_rsi_smoothing-simple_same_bar_reentry-allowed_warmup-strict: cached
[1248/4097] BANK2_BL-05_d4__T_input_field-adjusted_rsi_exit-cross_rsi_smoothing-simple_same_bar_reentry-wait_bar_warmup-strict: cached
[1249/4097] BANK2_BL-05_d4__T_input_field-raw_rsi_exit-cross_rsi_smoothing-simple_same_bar_reentry-wait_bar_warmup-strict: cached
[1250/4097] BANK2_BL-05_d4__T_input_field-adjusted_rsi_exit-cross_rsi_smoothing-simple_same_bar_reentry-allowed_warmup-ready_check: cached
[1251/4097] BANK2_BL-05_d4__T_input_field-raw_rsi_exit-cross_rsi_smoothing-simple_same_bar_reentry-allowed_warmup-ready_check: cached
[1252/4097] BANK2_BL-05_d4__T_input_field-adjusted_rsi_exit-cross_rsi_smoothing-simple_same_bar_reentry-wait_bar_warmup-ready_check: cached
[1253/4097] BANK2_BL-05_d4__T_input_field-raw_rsi_exit-cross_rsi_smoothing-simple_same_bar_reentry-wait_bar_warmup-ready_check: cached
[1254/4097] BANK2_BL-05_d4__T_input_field-adjusted_rsi_exit-cross_rsi_smoothing-wilder_same_bar_reentry-allowed_warmup-ready_per_rule: ok fills=192 (72.7s)
[1255/4097] BANK2_BL-05_d4__T_input_field-raw_rsi_exit-cross_rsi_smoothing-wilder_same_bar_reentry-allowed_warmup-ready_per_rule: ok fills=208 (71.7s)
[1256/4097] BANK2_BL-05_d4__T_input_field-adjusted_rsi_exit-cross_rsi_smoothing-wilder_same_bar_reentry-wait_bar_warmup-ready_per_rule: ok fills=192 (69.1s)
[1257/4097] BANK2_BL-05_d4__T_input_field-raw_rsi_exit-cross_rsi_smoothing-wilder_same_bar_reentry-wait_bar_warmup-ready_per_rule: ok fills=208 (67.6s)
[1258/4097] BANK2_BL-05_d4__OAT_a_exec-set_holdings: cached
[1259/4097] BANK2_BL-05_d4__OAT_cross_timing-today_ma: cached
[1260/4097] BANK2_BL-05_d4__SPOT_all_excluded_off: cached
[1261/4097] BANK2_BL-05_d5__ref: cached
[1262/4097] BANK2_BL-05_d5__T_input_field-raw_rsi_exit-level_rsi_smoothing-wilder_same_bar_reentry-allowed_warmup-strict: cached
[1263/4097] BANK2_BL-05_d5__T_input_field-adjusted_rsi_exit-level_rsi_smoothing-wilder_same_bar_reentry-wait_bar_warmup-strict: cached
[1264/4097] BANK2_BL-05_d5__T_input_field-raw_rsi_exit-level_rsi_smoothing-wilder_same_bar_reentry-wait_bar_warmup-strict: cached
[1265/4097] BANK2_BL-05_d5__T_input_field-adjusted_rsi_exit-level_rsi_smoothing-wilder_same_bar_reentry-allowed_warmup-ready_check: cached
[1266/4097] BANK2_BL-05_d5__T_input_field-raw_rsi_exit-level_rsi_smoothing-wilder_same_bar_reentry-allowed_warmup-ready_check: cached
[1267/4097] BANK2_BL-05_d5__T_input_field-adjusted_rsi_exit-level_rsi_smoothing-wilder_same_bar_reentry-wait_bar_warmup-ready_check: cached
[1268/4097] BANK2_BL-05_d5__T_input_field-raw_rsi_exit-level_rsi_smoothing-wilder_same_bar_reentry-wait_bar_warmup-ready_check: cached
[1269/4097] BANK2_BL-05_d4__T_input_field-adjusted_rsi_exit-level_rsi_smoothing-simple_same_bar_reentry-allowed_warmup-ready_per_rule: ok fills=221 (74.0s)
[1270/4097] BANK2_BL-05_d4__T_input_field-raw_rsi_exit-level_rsi_smoothing-simple_same_bar_reentry-allowed_warmup-ready_per_rule: ok fills=241 (71.0s)
[1271/4097] BANK2_BL-05_d4__T_input_field-raw_rsi_exit-level_rsi_smoothing-simple_same_bar_reentry-wait_bar_warmup-ready_per_rule: ok fills=237 (67.4s)
[1272/4097] BANK2_BL-05_d4__T_input_field-adjusted_rsi_exit-cross_rsi_smoothing-simple_same_bar_reentry-allowed_warmup-ready_per_rule: ok fills=211 (71.7s)
[1273/4097] BANK2_BL-05_d5__T_input_field-adjusted_rsi_exit-cross_rsi_smoothing-wilder_same_bar_reentry-allowed_warmup-strict: cached
[1274/4097] BANK2_BL-05_d5__T_input_field-raw_rsi_exit-cross_rsi_smoothing-wilder_same_bar_reentry-allowed_warmup-strict: cached
[1275/4097] BANK2_BL-05_d5__T_input_field-adjusted_rsi_exit-cross_rsi_smoothing-wilder_same_bar_reentry-wait_bar_warmup-strict: cached
[1276/4097] BANK2_BL-05_d5__T_input_field-raw_rsi_exit-cross_rsi_smoothing-wilder_same_bar_reentry-wait_bar_warmup-strict: cached
[1277/4097] BANK2_BL-05_d5__T_input_field-adjusted_rsi_exit-cross_rsi_smoothing-wilder_same_bar_reentry-allowed_warmup-ready_check: cached
[1278/4097] BANK2_BL-05_d5__T_input_field-raw_rsi_exit-cross_rsi_smoothing-wilder_same_bar_reentry-allowed_warmup-ready_check: cached
[1279/4097] BANK2_BL-05_d5__T_input_field-adjusted_rsi_exit-cross_rsi_smoothing-wilder_same_bar_reentry-wait_bar_warmup-ready_check: cached
[1280/4097] BANK2_BL-05_d5__T_input_field-raw_rsi_exit-cross_rsi_smoothing-wilder_same_bar_reentry-wait_bar_warmup-ready_check: cached
[1281/4097] BANK2_BL-05_d4__T_input_field-raw_rsi_exit-cross_rsi_smoothing-simple_same_bar_reentry-allowed_warmup-ready_per_rule: ok fills=231 (66.2s)
[1282/4097] BANK2_BL-05_d5__T_input_field-adjusted_rsi_exit-cross_rsi_smoothing-wilder_same_bar_reentry-allowed_warmup-ready_per_rule: exit=1 fills=None (12.2s)
[1283/4097] BANK2_BL-05_d4__T_input_field-adjusted_rsi_exit-cross_rsi_smoothing-simple_same_bar_reentry-wait_bar_warmup-ready_per_rule: ok fills=211 (67.4s)
[1284/4097] BANK2_BL-05_d4__T_input_field-raw_rsi_exit-cross_rsi_smoothing-simple_same_bar_reentry-wait_bar_warmup-ready_per_rule: ok fills=231 (67.4s)
[1285/4097] BANK2_BL-05_d5__T_input_field-adjusted_rsi_exit-level_rsi_smoothing-simple_same_bar_reentry-allowed_warmup-strict: cached
[1286/4097] BANK2_BL-05_d5__T_input_field-raw_rsi_exit-level_rsi_smoothing-simple_same_bar_reentry-allowed_warmup-strict: cached
[1287/4097] BANK2_BL-05_d5__T_input_field-adjusted_rsi_exit-level_rsi_smoothing-simple_same_bar_reentry-wait_bar_warmup-strict: cached
[1288/4097] BANK2_BL-05_d5__T_input_field-raw_rsi_exit-level_rsi_smoothing-simple_same_bar_reentry-wait_bar_warmup-strict: cached
[1289/4097] BANK2_BL-05_d5__T_input_field-adjusted_rsi_exit-level_rsi_smoothing-simple_same_bar_reentry-allowed_warmup-ready_check: cached
[1290/4097] BANK2_BL-05_d5__T_input_field-raw_rsi_exit-level_rsi_smoothing-simple_same_bar_reentry-allowed_warmup-ready_check: cached
[1291/4097] BANK2_BL-05_d5__T_input_field-adjusted_rsi_exit-level_rsi_smoothing-simple_same_bar_reentry-wait_bar_warmup-ready_check: cached
[1292/4097] BANK2_BL-05_d5__T_input_field-raw_rsi_exit-level_rsi_smoothing-simple_same_bar_reentry-wait_bar_warmup-ready_check: cached
[1293/4097] BANK2_BL-05_d5__T_input_field-raw_rsi_exit-cross_rsi_smoothing-wilder_same_bar_reentry-allowed_warmup-ready_per_rule: exit=1 fills=None (15.3s)
[1294/4097] BANK2_BL-05_d5__T_input_field-adjusted_rsi_exit-level_rsi_smoothing-wilder_same_bar_reentry-allowed_warmup-ready_per_rule: ok fills=154 (64.5s)
[1295/4097] BANK2_BL-05_d5__T_input_field-raw_rsi_exit-level_rsi_smoothing-wilder_same_bar_reentry-allowed_warmup-ready_per_rule: ok fills=174 (69.9s)
[1296/4097] BANK2_BL-05_d5__T_input_field-adjusted_rsi_exit-level_rsi_smoothing-wilder_same_bar_reentry-wait_bar_warmup-ready_per_rule: ok fills=154 (69.7s)
[1297/4097] BANK2_BL-05_d5__T_input_field-adjusted_rsi_exit-cross_rsi_smoothing-simple_same_bar_reentry-allowed_warmup-strict: cached
[1298/4097] BANK2_BL-05_d5__T_input_field-raw_rsi_exit-cross_rsi_smoothing-simple_same_bar_reentry-allowed_warmup-strict: cached
[1299/4097] BANK2_BL-05_d5__T_input_field-adjusted_rsi_exit-cross_rsi_smoothing-simple_same_bar_reentry-wait_bar_warmup-strict: cached
[1300/4097] BANK2_BL-05_d5__T_input_field-raw_rsi_exit-cross_rsi_smoothing-simple_same_bar_reentry-wait_bar_warmup-strict: cached
[1301/4097] BANK2_BL-05_d5__T_input_field-adjusted_rsi_exit-cross_rsi_smoothing-simple_same_bar_reentry-allowed_warmup-ready_check: cached
[1302/4097] BANK2_BL-05_d5__T_input_field-raw_rsi_exit-cross_rsi_smoothing-simple_same_bar_reentry-allowed_warmup-ready_check: cached
[1303/4097] BANK2_BL-05_d5__T_input_field-adjusted_rsi_exit-cross_rsi_smoothing-simple_same_bar_reentry-wait_bar_warmup-ready_check: cached
[1304/4097] BANK2_BL-05_d5__T_input_field-raw_rsi_exit-cross_rsi_smoothing-simple_same_bar_reentry-wait_bar_warmup-ready_check: cached
[1305/4097] BANK2_BL-05_d5__T_input_field-raw_rsi_exit-level_rsi_smoothing-wilder_same_bar_reentry-wait_bar_warmup-ready_per_rule: ok fills=174 (67.9s)
[1306/4097] BANK2_BL-05_d5__T_input_field-adjusted_rsi_exit-cross_rsi_smoothing-wilder_same_bar_reentry-wait_bar_warmup-ready_per_rule: ok fills=154 (69.5s)
[1307/4097] BANK2_BL-05_d5__T_input_field-raw_rsi_exit-cross_rsi_smoothing-wilder_same_bar_reentry-wait_bar_warmup-ready_per_rule: ok fills=174 (65.4s)
[1308/4097] BANK2_BL-05_d5__T_input_field-adjusted_rsi_exit-level_rsi_smoothing-simple_same_bar_reentry-allowed_warmup-ready_per_rule: ok fills=161 (67.1s)
[1309/4097] BANK2_BL-05_d5__OAT_a_exec-set_holdings: cached
[1310/4097] BANK2_BL-05_d5__OAT_cross_timing-today_ma: cached
[1311/4097] BANK2_BL-05_d5__SPOT_all_excluded_off: cached
[1312/4097] BANK2_BL-07_p7__ref: cached
[1313/4097] BANK2_BL-07_p7__T_input_field-raw_rsi_exit-level_rsi_smoothing-wilder_same_bar_reentry-allowed_warmup-strict: cached
[1314/4097] BANK2_BL-07_p7__T_input_field-adjusted_rsi_exit-level_rsi_smoothing-wilder_same_bar_reentry-wait_bar_warmup-strict: cached
[1315/4097] BANK2_BL-07_p7__T_input_field-raw_rsi_exit-level_rsi_smoothing-wilder_same_bar_reentry-wait_bar_warmup-strict: cached
[1316/4097] BANK2_BL-07_p7__T_input_field-adjusted_rsi_exit-level_rsi_smoothing-wilder_same_bar_reentry-allowed_warmup-ready_check: cached
[1317/4097] BANK2_BL-07_p7__T_input_field-raw_rsi_exit-level_rsi_smoothing-wilder_same_bar_reentry-allowed_warmup-ready_check: cached
[1318/4097] BANK2_BL-07_p7__T_input_field-adjusted_rsi_exit-level_rsi_smoothing-wilder_same_bar_reentry-wait_bar_warmup-ready_check: cached
[1319/4097] BANK2_BL-07_p7__T_input_field-raw_rsi_exit-level_rsi_smoothing-wilder_same_bar_reentry-wait_bar_warmup-ready_check: cached
[1320/4097] BANK2_BL-05_d5__T_input_field-raw_rsi_exit-level_rsi_smoothing-simple_same_bar_reentry-allowed_warmup-ready_per_rule: ok fills=181 (69.2s)
[1321/4097] BANK2_BL-05_d5__T_input_field-adjusted_rsi_exit-level_rsi_smoothing-simple_same_bar_reentry-wait_bar_warmup-ready_per_rule: ok fills=157 (64.7s)
[1322/4097] BANK2_BL-05_d5__T_input_field-adjusted_rsi_exit-cross_rsi_smoothing-simple_same_bar_reentry-allowed_warmup-ready_per_rule: ok fills=157 (70.9s)
[1323/4097] BANK2_BL-05_d5__T_input_field-raw_rsi_exit-level_rsi_smoothing-simple_same_bar_reentry-wait_bar_warmup-ready_per_rule: ok fills=177 (72.7s)
[1324/4097] BANK2_BL-07_p7__T_input_field-adjusted_rsi_exit-cross_rsi_smoothing-wilder_same_bar_reentry-allowed_warmup-strict: cached
[1325/4097] BANK2_BL-07_p7__T_input_field-raw_rsi_exit-cross_rsi_smoothing-wilder_same_bar_reentry-allowed_warmup-strict: cached
[1326/4097] BANK2_BL-07_p7__T_input_field-adjusted_rsi_exit-cross_rsi_smoothing-wilder_same_bar_reentry-wait_bar_warmup-strict: cached
[1327/4097] BANK2_BL-07_p7__T_input_field-raw_rsi_exit-cross_rsi_smoothing-wilder_same_bar_reentry-wait_bar_warmup-strict: cached
[1328/4097] BANK2_BL-07_p7__T_input_field-adjusted_rsi_exit-cross_rsi_smoothing-wilder_same_bar_reentry-allowed_warmup-ready_check: cached
[1329/4097] BANK2_BL-07_p7__T_input_field-raw_rsi_exit-cross_rsi_smoothing-wilder_same_bar_reentry-allowed_warmup-ready_check: cached
[1330/4097] BANK2_BL-07_p7__T_input_field-adjusted_rsi_exit-cross_rsi_smoothing-wilder_same_bar_reentry-wait_bar_warmup-ready_check: cached
[1331/4097] BANK2_BL-07_p7__T_input_field-raw_rsi_exit-cross_rsi_smoothing-wilder_same_bar_reentry-wait_bar_warmup-ready_check: cached
[1332/4097] BANK2_BL-05_d5__T_input_field-raw_rsi_exit-cross_rsi_smoothing-simple_same_bar_reentry-allowed_warmup-ready_per_rule: ok fills=177 (67.7s)
[1333/4097] BANK2_BL-05_d5__T_input_field-adjusted_rsi_exit-cross_rsi_smoothing-simple_same_bar_reentry-wait_bar_warmup-ready_per_rule: ok fills=157 (64.1s)
[1334/4097] BANK2_BL-05_d5__T_input_field-raw_rsi_exit-cross_rsi_smoothing-simple_same_bar_reentry-wait_bar_warmup-ready_per_rule: ok fills=177 (64.5s)
[1335/4097] BANK2_BL-07_p7__T_input_field-adjusted_rsi_exit-level_rsi_smoothing-wilder_same_bar_reentry-allowed_warmup-ready_per_rule: ok fills=302 (68.5s)
[1336/4097] BANK2_BL-07_p7__T_input_field-adjusted_rsi_exit-level_rsi_smoothing-simple_same_bar_reentry-allowed_warmup-strict: cached
[1337/4097] BANK2_BL-07_p7__T_input_field-raw_rsi_exit-level_rsi_smoothing-simple_same_bar_reentry-allowed_warmup-strict: cached
[1338/4097] BANK2_BL-07_p7__T_input_field-adjusted_rsi_exit-level_rsi_smoothing-simple_same_bar_reentry-wait_bar_warmup-strict: cached
[1339/4097] BANK2_BL-07_p7__T_input_field-raw_rsi_exit-level_rsi_smoothing-simple_same_bar_reentry-wait_bar_warmup-strict: cached
[1340/4097] BANK2_BL-07_p7__T_input_field-adjusted_rsi_exit-level_rsi_smoothing-simple_same_bar_reentry-allowed_warmup-ready_check: cached
[1341/4097] BANK2_BL-07_p7__T_input_field-raw_rsi_exit-level_rsi_smoothing-simple_same_bar_reentry-allowed_warmup-ready_check: cached
[1342/4097] BANK2_BL-07_p7__T_input_field-adjusted_rsi_exit-level_rsi_smoothing-simple_same_bar_reentry-wait_bar_warmup-ready_check: cached
[1343/4097] BANK2_BL-07_p7__T_input_field-raw_rsi_exit-level_rsi_smoothing-simple_same_bar_reentry-wait_bar_warmup-ready_check: cached
[1344/4097] BANK2_BL-07_p7__T_input_field-raw_rsi_exit-level_rsi_smoothing-wilder_same_bar_reentry-allowed_warmup-ready_per_rule: ok fills=316 (72.8s)
[1345/4097] BANK2_BL-07_p7__T_input_field-adjusted_rsi_exit-level_rsi_smoothing-wilder_same_bar_reentry-wait_bar_warmup-ready_per_rule: ok fills=300 (70.6s)
[1346/4097] BANK2_BL-07_p7__T_input_field-adjusted_rsi_exit-cross_rsi_smoothing-wilder_same_bar_reentry-allowed_warmup-ready_per_rule: ok fills=296 (78.4s)
[1347/4097] BANK2_BL-07_p7__T_input_field-raw_rsi_exit-level_rsi_smoothing-wilder_same_bar_reentry-wait_bar_warmup-ready_per_rule: ok fills=316 (80.3s)
[1348/4097] BANK2_BL-07_p7__T_input_field-adjusted_rsi_exit-cross_rsi_smoothing-simple_same_bar_reentry-allowed_warmup-strict: cached
[1349/4097] BANK2_BL-07_p7__T_input_field-raw_rsi_exit-cross_rsi_smoothing-simple_same_bar_reentry-allowed_warmup-strict: cached
[1350/4097] BANK2_BL-07_p7__T_input_field-adjusted_rsi_exit-cross_rsi_smoothing-simple_same_bar_reentry-wait_bar_warmup-strict: cached
[1351/4097] BANK2_BL-07_p7__T_input_field-raw_rsi_exit-cross_rsi_smoothing-simple_same_bar_reentry-wait_bar_warmup-strict: cached
[1352/4097] BANK2_BL-07_p7__T_input_field-adjusted_rsi_exit-cross_rsi_smoothing-simple_same_bar_reentry-allowed_warmup-ready_check: cached
[1353/4097] BANK2_BL-07_p7__T_input_field-raw_rsi_exit-cross_rsi_smoothing-simple_same_bar_reentry-allowed_warmup-ready_check: cached
[1354/4097] BANK2_BL-07_p7__T_input_field-adjusted_rsi_exit-cross_rsi_smoothing-simple_same_bar_reentry-wait_bar_warmup-ready_check: cached
[1355/4097] BANK2_BL-07_p7__T_input_field-raw_rsi_exit-cross_rsi_smoothing-simple_same_bar_reentry-wait_bar_warmup-ready_check: cached
[1356/4097] BANK2_BL-07_p7__T_input_field-raw_rsi_exit-cross_rsi_smoothing-wilder_same_bar_reentry-allowed_warmup-ready_per_rule: ok fills=312 (73.2s)
[1357/4097] BANK2_BL-07_p7__T_input_field-adjusted_rsi_exit-cross_rsi_smoothing-wilder_same_bar_reentry-wait_bar_warmup-ready_per_rule: ok fills=296 (72.7s)
[1358/4097] BANK2_BL-07_p7__T_input_field-raw_rsi_exit-cross_rsi_smoothing-wilder_same_bar_reentry-wait_bar_warmup-ready_per_rule: ok fills=312 (76.2s)
[1359/4097] BANK2_BL-07_p7__T_input_field-adjusted_rsi_exit-level_rsi_smoothing-simple_same_bar_reentry-allowed_warmup-ready_per_rule: ok fills=324 (73.0s)
[1360/4097] BANK2_BL-07_p7__OAT_a_exec-set_holdings: cached
[1361/4097] BANK2_BL-07_p7__OAT_cross_timing-today_ma: cached
[1362/4097] BANK2_BL-07_p7__SPOT_all_excluded_off: cached
[1363/4097] BANK2_BL-07_p9__ref: cached
[1364/4097] BANK2_BL-07_p9__T_input_field-raw_rsi_exit-level_rsi_smoothing-wilder_same_bar_reentry-allowed_warmup-strict: cached
[1365/4097] BANK2_BL-07_p9__T_input_field-adjusted_rsi_exit-level_rsi_smoothing-wilder_same_bar_reentry-wait_bar_warmup-strict: cached
[1366/4097] BANK2_BL-07_p9__T_input_field-raw_rsi_exit-level_rsi_smoothing-wilder_same_bar_reentry-wait_bar_warmup-strict: cached
[1367/4097] BANK2_BL-07_p9__T_input_field-adjusted_rsi_exit-level_rsi_smoothing-wilder_same_bar_reentry-allowed_warmup-ready_check: cached
[1368/4097] BANK2_BL-07_p9__T_input_field-raw_rsi_exit-level_rsi_smoothing-wilder_same_bar_reentry-allowed_warmup-ready_check: cached
[1369/4097] BANK2_BL-07_p9__T_input_field-adjusted_rsi_exit-level_rsi_smoothing-wilder_same_bar_reentry-wait_bar_warmup-ready_check: cached
[1370/4097] BANK2_BL-07_p9__T_input_field-raw_rsi_exit-level_rsi_smoothing-wilder_same_bar_reentry-wait_bar_warmup-ready_check: cached
[1371/4097] BANK2_BL-07_p7__T_input_field-raw_rsi_exit-cross_rsi_smoothing-simple_same_bar_reentry-wait_bar_warmup-ready_per_rule: exit=1 fills=None (12.9s)
[1372/4097] BANK2_BL-07_p7__T_input_field-raw_rsi_exit-level_rsi_smoothing-simple_same_bar_reentry-allowed_warmup-ready_per_rule: ok fills=344 (78.7s)
[1373/4097] BANK2_BL-07_p7__T_input_field-adjusted_rsi_exit-level_rsi_smoothing-simple_same_bar_reentry-wait_bar_warmup-ready_per_rule: ok fills=320 (76.8s)
[1374/4097] BANK2_BL-07_p7__T_input_field-raw_rsi_exit-level_rsi_smoothing-simple_same_bar_reentry-wait_bar_warmup-ready_per_rule: ok fills=340 (71.6s)
[1375/4097] BANK2_BL-07_p9__T_input_field-adjusted_rsi_exit-cross_rsi_smoothing-wilder_same_bar_reentry-allowed_warmup-strict: cached
[1376/4097] BANK2_BL-07_p9__T_input_field-raw_rsi_exit-cross_rsi_smoothing-wilder_same_bar_reentry-allowed_warmup-strict: cached
[1377/4097] BANK2_BL-07_p9__T_input_field-adjusted_rsi_exit-cross_rsi_smoothing-wilder_same_bar_reentry-wait_bar_warmup-strict: cached
[1378/4097] BANK2_BL-07_p9__T_input_field-raw_rsi_exit-cross_rsi_smoothing-wilder_same_bar_reentry-wait_bar_warmup-strict: cached
[1379/4097] BANK2_BL-07_p9__T_input_field-adjusted_rsi_exit-cross_rsi_smoothing-wilder_same_bar_reentry-allowed_warmup-ready_check: cached
[1380/4097] BANK2_BL-07_p9__T_input_field-raw_rsi_exit-cross_rsi_smoothing-wilder_same_bar_reentry-allowed_warmup-ready_check: cached
[1381/4097] BANK2_BL-07_p9__T_input_field-adjusted_rsi_exit-cross_rsi_smoothing-wilder_same_bar_reentry-wait_bar_warmup-ready_check: cached
[1382/4097] BANK2_BL-07_p9__T_input_field-raw_rsi_exit-cross_rsi_smoothing-wilder_same_bar_reentry-wait_bar_warmup-ready_check: cached
[1383/4097] BANK2_BL-07_p7__T_input_field-adjusted_rsi_exit-cross_rsi_smoothing-simple_same_bar_reentry-allowed_warmup-ready_per_rule: ok fills=306 (75.8s)
[1384/4097] BANK2_BL-07_p7__T_input_field-raw_rsi_exit-cross_rsi_smoothing-simple_same_bar_reentry-allowed_warmup-ready_per_rule: ok fills=326 (85.7s)
[1385/4097] BANK2_BL-07_p7__T_input_field-adjusted_rsi_exit-cross_rsi_smoothing-simple_same_bar_reentry-wait_bar_warmup-ready_per_rule: ok fills=306 (76.3s)
[1386/4097] BANK2_BL-07_p9__T_input_field-adjusted_rsi_exit-level_rsi_smoothing-wilder_same_bar_reentry-allowed_warmup-ready_per_rule: ok fills=292 (74.3s)
[1387/4097] BANK2_BL-07_p9__T_input_field-adjusted_rsi_exit-level_rsi_smoothing-simple_same_bar_reentry-allowed_warmup-strict: cached
[1388/4097] BANK2_BL-07_p9__T_input_field-raw_rsi_exit-level_rsi_smoothing-simple_same_bar_reentry-allowed_warmup-strict: cached
[1389/4097] BANK2_BL-07_p9__T_input_field-adjusted_rsi_exit-level_rsi_smoothing-simple_same_bar_reentry-wait_bar_warmup-strict: cached
[1390/4097] BANK2_BL-07_p9__T_input_field-raw_rsi_exit-level_rsi_smoothing-simple_same_bar_reentry-wait_bar_warmup-strict: cached
[1391/4097] BANK2_BL-07_p9__T_input_field-adjusted_rsi_exit-level_rsi_smoothing-simple_same_bar_reentry-allowed_warmup-ready_check: cached
[1392/4097] BANK2_BL-07_p9__T_input_field-raw_rsi_exit-level_rsi_smoothing-simple_same_bar_reentry-allowed_warmup-ready_check: cached
[1393/4097] BANK2_BL-07_p9__T_input_field-adjusted_rsi_exit-level_rsi_smoothing-simple_same_bar_reentry-wait_bar_warmup-ready_check: cached
[1394/4097] BANK2_BL-07_p9__T_input_field-raw_rsi_exit-level_rsi_smoothing-simple_same_bar_reentry-wait_bar_warmup-ready_check: cached
[1395/4097] BANK2_BL-07_p9__T_input_field-raw_rsi_exit-cross_rsi_smoothing-wilder_same_bar_reentry-wait_bar_warmup-ready_per_rule: exit=1 fills=None (16.2s)
[1396/4097] BANK2_BL-07_p9__T_input_field-raw_rsi_exit-level_rsi_smoothing-wilder_same_bar_reentry-allowed_warmup-ready_per_rule: ok fills=308 (75.4s)
[1397/4097] BANK2_BL-07_p9__T_input_field-raw_rsi_exit-level_rsi_smoothing-wilder_same_bar_reentry-wait_bar_warmup-ready_per_rule: ok fills=306 (76.7s)
[1398/4097] BANK2_BL-07_p9__T_input_field-adjusted_rsi_exit-level_rsi_smoothing-wilder_same_bar_reentry-wait_bar_warmup-ready_per_rule: ok fills=290 (79.0s)
[1399/4097] BANK2_BL-07_p9__T_input_field-adjusted_rsi_exit-cross_rsi_smoothing-simple_same_bar_reentry-allowed_warmup-strict: cached
[1400/4097] BANK2_BL-07_p9__T_input_field-raw_rsi_exit-cross_rsi_smoothing-simple_same_bar_reentry-allowed_warmup-strict: cached
[1401/4097] BANK2_BL-07_p9__T_input_field-adjusted_rsi_exit-cross_rsi_smoothing-simple_same_bar_reentry-wait_bar_warmup-strict: cached
[1402/4097] BANK2_BL-07_p9__T_input_field-raw_rsi_exit-cross_rsi_smoothing-simple_same_bar_reentry-wait_bar_warmup-strict: cached
[1403/4097] BANK2_BL-07_p9__T_input_field-adjusted_rsi_exit-cross_rsi_smoothing-simple_same_bar_reentry-allowed_warmup-ready_check: cached
[1404/4097] BANK2_BL-07_p9__T_input_field-raw_rsi_exit-cross_rsi_smoothing-simple_same_bar_reentry-allowed_warmup-ready_check: cached
[1405/4097] BANK2_BL-07_p9__T_input_field-adjusted_rsi_exit-cross_rsi_smoothing-simple_same_bar_reentry-wait_bar_warmup-ready_check: cached
[1406/4097] BANK2_BL-07_p9__T_input_field-raw_rsi_exit-cross_rsi_smoothing-simple_same_bar_reentry-wait_bar_warmup-ready_check: cached
[1407/4097] BANK2_BL-07_p9__T_input_field-adjusted_rsi_exit-cross_rsi_smoothing-wilder_same_bar_reentry-allowed_warmup-ready_per_rule: ok fills=282 (75.0s)
[1408/4097] BANK2_BL-07_p9__T_input_field-raw_rsi_exit-cross_rsi_smoothing-wilder_same_bar_reentry-allowed_warmup-ready_per_rule: ok fills=298 (71.8s)
[1409/4097] BANK2_BL-07_p9__T_input_field-adjusted_rsi_exit-cross_rsi_smoothing-wilder_same_bar_reentry-wait_bar_warmup-ready_per_rule: ok fills=282 (75.7s)
[1410/4097] BANK2_BL-07_p9__T_input_field-raw_rsi_exit-level_rsi_smoothing-simple_same_bar_reentry-allowed_warmup-ready_per_rule: ok fills=332 (72.1s)
[1411/4097] BANK2_BL-07_p9__OAT_a_exec-set_holdings: cached
[1412/4097] BANK2_BL-07_p9__OAT_cross_timing-today_ma: cached
[1413/4097] BANK2_BL-07_p9__SPOT_all_excluded_off: cached
[1414/4097] BANK2_BL-07_p14__ref: cached
[1415/4097] BANK2_BL-07_p14__T_input_field-raw_rsi_exit-level_rsi_smoothing-wilder_same_bar_reentry-allowed_warmup-strict: cached
[1416/4097] BANK2_BL-07_p14__T_input_field-adjusted_rsi_exit-level_rsi_smoothing-wilder_same_bar_reentry-wait_bar_warmup-strict: cached
[1417/4097] BANK2_BL-07_p14__T_input_field-raw_rsi_exit-level_rsi_smoothing-wilder_same_bar_reentry-wait_bar_warmup-strict: cached
[1418/4097] BANK2_BL-07_p14__T_input_field-adjusted_rsi_exit-level_rsi_smoothing-wilder_same_bar_reentry-allowed_warmup-ready_check: cached
[1419/4097] BANK2_BL-07_p14__T_input_field-raw_rsi_exit-level_rsi_smoothing-wilder_same_bar_reentry-allowed_warmup-ready_check: cached
[1420/4097] BANK2_BL-07_p14__T_input_field-adjusted_rsi_exit-level_rsi_smoothing-wilder_same_bar_reentry-wait_bar_warmup-ready_check: cached
[1421/4097] BANK2_BL-07_p14__T_input_field-raw_rsi_exit-level_rsi_smoothing-wilder_same_bar_reentry-wait_bar_warmup-ready_check: cached
[1422/4097] BANK2_BL-07_p9__T_input_field-adjusted_rsi_exit-level_rsi_smoothing-simple_same_bar_reentry-wait_bar_warmup-ready_per_rule: ok fills=310 (74.0s)
[1423/4097] BANK2_BL-07_p9__T_input_field-adjusted_rsi_exit-level_rsi_smoothing-simple_same_bar_reentry-allowed_warmup-ready_per_rule: ok fills=314 (97.7s)
[1424/4097] BANK2_BL-07_p9__T_input_field-adjusted_rsi_exit-cross_rsi_smoothing-simple_same_bar_reentry-allowed_warmup-ready_per_rule: ok fills=286 (81.8s)
[1425/4097] BANK2_BL-07_p9__T_input_field-raw_rsi_exit-level_rsi_smoothing-simple_same_bar_reentry-wait_bar_warmup-ready_per_rule: ok fills=330 (84.3s)
[1426/4097] BANK2_BL-07_p14__T_input_field-adjusted_rsi_exit-cross_rsi_smoothing-wilder_same_bar_reentry-allowed_warmup-strict: cached
[1427/4097] BANK2_BL-07_p14__T_input_field-raw_rsi_exit-cross_rsi_smoothing-wilder_same_bar_reentry-allowed_warmup-strict: cached
[1428/4097] BANK2_BL-07_p14__T_input_field-adjusted_rsi_exit-cross_rsi_smoothing-wilder_same_bar_reentry-wait_bar_warmup-strict: cached
[1429/4097] BANK2_BL-07_p14__T_input_field-raw_rsi_exit-cross_rsi_smoothing-wilder_same_bar_reentry-wait_bar_warmup-strict: cached
[1430/4097] BANK2_BL-07_p14__T_input_field-adjusted_rsi_exit-cross_rsi_smoothing-wilder_same_bar_reentry-allowed_warmup-ready_check: cached
[1431/4097] BANK2_BL-07_p14__T_input_field-raw_rsi_exit-cross_rsi_smoothing-wilder_same_bar_reentry-allowed_warmup-ready_check: cached
[1432/4097] BANK2_BL-07_p14__T_input_field-adjusted_rsi_exit-cross_rsi_smoothing-wilder_same_bar_reentry-wait_bar_warmup-ready_check: cached
[1433/4097] BANK2_BL-07_p14__T_input_field-raw_rsi_exit-cross_rsi_smoothing-wilder_same_bar_reentry-wait_bar_warmup-ready_check: cached
[1434/4097] BANK2_BL-07_p9__T_input_field-raw_rsi_exit-cross_rsi_smoothing-simple_same_bar_reentry-allowed_warmup-ready_per_rule: ok fills=306 (77.6s)
[1435/4097] BANK2_BL-07_p9__T_input_field-adjusted_rsi_exit-cross_rsi_smoothing-simple_same_bar_reentry-wait_bar_warmup-ready_per_rule: ok fills=286 (78.4s)
[1436/4097] BANK2_BL-07_p9__T_input_field-raw_rsi_exit-cross_rsi_smoothing-simple_same_bar_reentry-wait_bar_warmup-ready_per_rule: ok fills=306 (82.9s)
[1437/4097] BANK2_BL-07_p14__T_input_field-adjusted_rsi_exit-level_rsi_smoothing-wilder_same_bar_reentry-allowed_warmup-ready_per_rule: ok fills=270 (75.6s)
[1438/4097] BANK2_BL-07_p14__T_input_field-adjusted_rsi_exit-level_rsi_smoothing-simple_same_bar_reentry-allowed_warmup-strict: cached
[1439/4097] BANK2_BL-07_p14__T_input_field-raw_rsi_exit-level_rsi_smoothing-simple_same_bar_reentry-allowed_warmup-strict: cached
[1440/4097] BANK2_BL-07_p14__T_input_field-adjusted_rsi_exit-level_rsi_smoothing-simple_same_bar_reentry-wait_bar_warmup-strict: cached
[1441/4097] BANK2_BL-07_p14__T_input_field-raw_rsi_exit-level_rsi_smoothing-simple_same_bar_reentry-wait_bar_warmup-strict: cached
[1442/4097] BANK2_BL-07_p14__T_input_field-adjusted_rsi_exit-level_rsi_smoothing-simple_same_bar_reentry-allowed_warmup-ready_check: cached
[1443/4097] BANK2_BL-07_p14__T_input_field-raw_rsi_exit-level_rsi_smoothing-simple_same_bar_reentry-allowed_warmup-ready_check: cached
[1444/4097] BANK2_BL-07_p14__T_input_field-adjusted_rsi_exit-level_rsi_smoothing-simple_same_bar_reentry-wait_bar_warmup-ready_check: cached
[1445/4097] BANK2_BL-07_p14__T_input_field-raw_rsi_exit-level_rsi_smoothing-simple_same_bar_reentry-wait_bar_warmup-ready_check: cached
[1446/4097] BANK2_BL-07_p14__T_input_field-raw_rsi_exit-level_rsi_smoothing-wilder_same_bar_reentry-allowed_warmup-ready_per_rule: ok fills=280 (77.0s)
[1447/4097] BANK2_BL-07_p14__T_input_field-adjusted_rsi_exit-level_rsi_smoothing-wilder_same_bar_reentry-wait_bar_warmup-ready_per_rule: ok fills=266 (77.6s)
[1448/4097] BANK2_BL-07_p14__T_input_field-raw_rsi_exit-level_rsi_smoothing-wilder_same_bar_reentry-wait_bar_warmup-ready_per_rule: ok fills=278 (77.9s)
[1449/4097] BANK2_BL-07_p14__T_input_field-adjusted_rsi_exit-cross_rsi_smoothing-wilder_same_bar_reentry-allowed_warmup-ready_per_rule: ok fills=250 (81.0s)
[1450/4097] BANK2_BL-07_p14__T_input_field-adjusted_rsi_exit-cross_rsi_smoothing-simple_same_bar_reentry-allowed_warmup-strict: cached
[1451/4097] BANK2_BL-07_p14__T_input_field-raw_rsi_exit-cross_rsi_smoothing-simple_same_bar_reentry-allowed_warmup-strict: cached
[1452/4097] BANK2_BL-07_p14__T_input_field-adjusted_rsi_exit-cross_rsi_smoothing-simple_same_bar_reentry-wait_bar_warmup-strict: cached
[1453/4097] BANK2_BL-07_p14__T_input_field-raw_rsi_exit-cross_rsi_smoothing-simple_same_bar_reentry-wait_bar_warmup-strict: cached
[1454/4097] BANK2_BL-07_p14__T_input_field-adjusted_rsi_exit-cross_rsi_smoothing-simple_same_bar_reentry-allowed_warmup-ready_check: cached
[1455/4097] BANK2_BL-07_p14__T_input_field-raw_rsi_exit-cross_rsi_smoothing-simple_same_bar_reentry-allowed_warmup-ready_check: cached
[1456/4097] BANK2_BL-07_p14__T_input_field-adjusted_rsi_exit-cross_rsi_smoothing-simple_same_bar_reentry-wait_bar_warmup-ready_check: cached
[1457/4097] BANK2_BL-07_p14__T_input_field-raw_rsi_exit-cross_rsi_smoothing-simple_same_bar_reentry-wait_bar_warmup-ready_check: cached
[1458/4097] BANK2_BL-07_p14__T_input_field-raw_rsi_exit-cross_rsi_smoothing-wilder_same_bar_reentry-allowed_warmup-ready_per_rule: ok fills=264 (88.2s)
[1459/4097] BANK2_BL-07_p14__T_input_field-adjusted_rsi_exit-cross_rsi_smoothing-wilder_same_bar_reentry-wait_bar_warmup-ready_per_rule: ok fills=250 (86.3s)
[1460/4097] BANK2_BL-07_p14__T_input_field-raw_rsi_exit-cross_rsi_smoothing-wilder_same_bar_reentry-wait_bar_warmup-ready_per_rule: ok fills=264 (84.7s)
[1461/4097] BANK2_BL-07_p14__T_input_field-adjusted_rsi_exit-level_rsi_smoothing-simple_same_bar_reentry-allowed_warmup-ready_per_rule: ok fills=318 (74.4s)
[1462/4097] BANK2_BL-07_p14__OAT_a_exec-set_holdings: cached
[1463/4097] BANK2_BL-07_p14__OAT_cross_timing-today_ma: cached
[1464/4097] BANK2_BL-07_p14__SPOT_all_excluded_off: cached
[1465/4097] BANK2_BL-07_p21__ref: cached
[1466/4097] BANK2_BL-07_p21__T_input_field-raw_rsi_exit-level_rsi_smoothing-wilder_same_bar_reentry-allowed_warmup-strict: cached
[1467/4097] BANK2_BL-07_p21__T_input_field-adjusted_rsi_exit-level_rsi_smoothing-wilder_same_bar_reentry-wait_bar_warmup-strict: cached
[1468/4097] BANK2_BL-07_p21__T_input_field-raw_rsi_exit-level_rsi_smoothing-wilder_same_bar_reentry-wait_bar_warmup-strict: cached
[1469/4097] BANK2_BL-07_p21__T_input_field-adjusted_rsi_exit-level_rsi_smoothing-wilder_same_bar_reentry-allowed_warmup-ready_check: cached
[1470/4097] BANK2_BL-07_p21__T_input_field-raw_rsi_exit-level_rsi_smoothing-wilder_same_bar_reentry-allowed_warmup-ready_check: cached
[1471/4097] BANK2_BL-07_p21__T_input_field-adjusted_rsi_exit-level_rsi_smoothing-wilder_same_bar_reentry-wait_bar_warmup-ready_check: cached
[1472/4097] BANK2_BL-07_p21__T_input_field-raw_rsi_exit-level_rsi_smoothing-wilder_same_bar_reentry-wait_bar_warmup-ready_check: cached
[1473/4097] BANK2_BL-07_p14__T_input_field-raw_rsi_exit-level_rsi_smoothing-simple_same_bar_reentry-allowed_warmup-ready_per_rule: ok fills=336 (75.7s)
[1474/4097] BANK2_BL-07_p14__T_input_field-raw_rsi_exit-level_rsi_smoothing-simple_same_bar_reentry-wait_bar_warmup-ready_per_rule: ok fills=322 (80.2s)
[1475/4097] BANK2_BL-07_p14__T_input_field-adjusted_rsi_exit-cross_rsi_smoothing-simple_same_bar_reentry-allowed_warmup-ready_per_rule: ok fills=268 (77.1s)
[1476/4097] BANK2_BL-07_p14__T_input_field-adjusted_rsi_exit-level_rsi_smoothing-simple_same_bar_reentry-wait_bar_warmup-ready_per_rule: ok fills=304 (82.8s)
[1477/4097] BANK2_BL-07_p21__T_input_field-adjusted_rsi_exit-cross_rsi_smoothing-wilder_same_bar_reentry-allowed_warmup-strict: cached
[1478/4097] BANK2_BL-07_p21__T_input_field-raw_rsi_exit-cross_rsi_smoothing-wilder_same_bar_reentry-allowed_warmup-strict: cached
[1479/4097] BANK2_BL-07_p21__T_input_field-adjusted_rsi_exit-cross_rsi_smoothing-wilder_same_bar_reentry-wait_bar_warmup-strict: cached
[1480/4097] BANK2_BL-07_p21__T_input_field-raw_rsi_exit-cross_rsi_smoothing-wilder_same_bar_reentry-wait_bar_warmup-strict: cached
[1481/4097] BANK2_BL-07_p21__T_input_field-adjusted_rsi_exit-cross_rsi_smoothing-wilder_same_bar_reentry-allowed_warmup-ready_check: cached
[1482/4097] BANK2_BL-07_p21__T_input_field-raw_rsi_exit-cross_rsi_smoothing-wilder_same_bar_reentry-allowed_warmup-ready_check: cached
[1483/4097] BANK2_BL-07_p21__T_input_field-adjusted_rsi_exit-cross_rsi_smoothing-wilder_same_bar_reentry-wait_bar_warmup-ready_check: cached
[1484/4097] BANK2_BL-07_p21__T_input_field-raw_rsi_exit-cross_rsi_smoothing-wilder_same_bar_reentry-wait_bar_warmup-ready_check: cached
[1485/4097] BANK2_BL-07_p14__T_input_field-adjusted_rsi_exit-cross_rsi_smoothing-simple_same_bar_reentry-wait_bar_warmup-ready_per_rule: ok fills=268 (69.1s)
[1486/4097] BANK2_BL-07_p14__T_input_field-raw_rsi_exit-cross_rsi_smoothing-simple_same_bar_reentry-allowed_warmup-ready_per_rule: ok fills=288 (70.9s)
[1487/4097] BANK2_BL-07_p21__T_input_field-raw_rsi_exit-level_rsi_smoothing-wilder_same_bar_reentry-wait_bar_warmup-ready_per_rule: exit=1 fills=None (16.9s)
[1488/4097] BANK2_BL-07_p14__T_input_field-raw_rsi_exit-cross_rsi_smoothing-simple_same_bar_reentry-wait_bar_warmup-ready_per_rule: ok fills=288 (74.5s)
[1489/4097] BANK2_BL-07_p21__T_input_field-adjusted_rsi_exit-level_rsi_smoothing-simple_same_bar_reentry-allowed_warmup-strict: cached
[1490/4097] BANK2_BL-07_p21__T_input_field-raw_rsi_exit-level_rsi_smoothing-simple_same_bar_reentry-allowed_warmup-strict: cached
[1491/4097] BANK2_BL-07_p21__T_input_field-adjusted_rsi_exit-level_rsi_smoothing-simple_same_bar_reentry-wait_bar_warmup-strict: cached
[1492/4097] BANK2_BL-07_p21__T_input_field-raw_rsi_exit-level_rsi_smoothing-simple_same_bar_reentry-wait_bar_warmup-strict: cached
[1493/4097] BANK2_BL-07_p21__T_input_field-adjusted_rsi_exit-level_rsi_smoothing-simple_same_bar_reentry-allowed_warmup-ready_check: cached
[1494/4097] BANK2_BL-07_p21__T_input_field-raw_rsi_exit-level_rsi_smoothing-simple_same_bar_reentry-allowed_warmup-ready_check: cached
[1495/4097] BANK2_BL-07_p21__T_input_field-adjusted_rsi_exit-level_rsi_smoothing-simple_same_bar_reentry-wait_bar_warmup-ready_check: cached
[1496/4097] BANK2_BL-07_p21__T_input_field-raw_rsi_exit-level_rsi_smoothing-simple_same_bar_reentry-wait_bar_warmup-ready_check: cached
[1497/4097] BANK2_BL-07_p21__T_input_field-adjusted_rsi_exit-level_rsi_smoothing-wilder_same_bar_reentry-allowed_warmup-ready_per_rule: ok fills=256 (75.7s)
[1498/4097] BANK2_BL-07_p21__T_input_field-raw_rsi_exit-level_rsi_smoothing-wilder_same_bar_reentry-allowed_warmup-ready_per_rule: ok fills=264 (76.8s)
[1499/4097] BANK2_BL-07_p21__T_input_field-adjusted_rsi_exit-level_rsi_smoothing-wilder_same_bar_reentry-wait_bar_warmup-ready_per_rule: ok fills=252 (69.6s)
[1500/4097] BANK2_BL-07_p21__T_input_field-adjusted_rsi_exit-cross_rsi_smoothing-wilder_same_bar_reentry-allowed_warmup-ready_per_rule: ok fills=228 (72.3s)
[1501/4097] BANK2_BL-07_p21__T_input_field-adjusted_rsi_exit-cross_rsi_smoothing-simple_same_bar_reentry-allowed_warmup-strict: cached
[1502/4097] BANK2_BL-07_p21__T_input_field-raw_rsi_exit-cross_rsi_smoothing-simple_same_bar_reentry-allowed_warmup-strict: cached
[1503/4097] BANK2_BL-07_p21__T_input_field-adjusted_rsi_exit-cross_rsi_smoothing-simple_same_bar_reentry-wait_bar_warmup-strict: cached
[1504/4097] BANK2_BL-07_p21__T_input_field-raw_rsi_exit-cross_rsi_smoothing-simple_same_bar_reentry-wait_bar_warmup-strict: cached
[1505/4097] BANK2_BL-07_p21__T_input_field-adjusted_rsi_exit-cross_rsi_smoothing-simple_same_bar_reentry-allowed_warmup-ready_check: cached
[1506/4097] BANK2_BL-07_p21__T_input_field-raw_rsi_exit-cross_rsi_smoothing-simple_same_bar_reentry-allowed_warmup-ready_check: cached
[1507/4097] BANK2_BL-07_p21__T_input_field-adjusted_rsi_exit-cross_rsi_smoothing-simple_same_bar_reentry-wait_bar_warmup-ready_check: cached
[1508/4097] BANK2_BL-07_p21__T_input_field-raw_rsi_exit-cross_rsi_smoothing-simple_same_bar_reentry-wait_bar_warmup-ready_check: cached
[1509/4097] BANK2_BL-07_p21__T_input_field-raw_rsi_exit-cross_rsi_smoothing-wilder_same_bar_reentry-wait_bar_warmup-ready_per_rule: ok fills=244 (70.3s)
[1510/4097] BANK2_BL-07_p21__T_input_field-adjusted_rsi_exit-cross_rsi_smoothing-wilder_same_bar_reentry-wait_bar_warmup-ready_per_rule: ok fills=228 (72.2s)
[1511/4097] BANK2_BL-07_p21__T_input_field-raw_rsi_exit-cross_rsi_smoothing-wilder_same_bar_reentry-allowed_warmup-ready_per_rule: ok fills=244 (74.4s)
[1512/4097] BANK2_BL-07_p21__T_input_field-adjusted_rsi_exit-cross_rsi_smoothing-simple_same_bar_reentry-allowed_warmup-ready_per_rule: exit=1 fills=None (16.1s)
[1513/4097] BANK2_BL-07_p21__OAT_a_exec-set_holdings: cached
[1514/4097] BANK2_BL-07_p21__OAT_cross_timing-today_ma: cached
[1515/4097] BANK2_BL-07_p21__SPOT_all_excluded_off: cached
[1516/4097] BANK2_BL-08_t50__ref: cached
[1517/4097] BANK2_BL-08_t50__T_input_field-raw_rsi_exit-level_rsi_smoothing-wilder_same_bar_reentry-allowed_warmup-strict: cached
[1518/4097] BANK2_BL-08_t50__T_input_field-adjusted_rsi_exit-level_rsi_smoothing-wilder_same_bar_reentry-wait_bar_warmup-strict: cached
[1519/4097] BANK2_BL-08_t50__T_input_field-raw_rsi_exit-level_rsi_smoothing-wilder_same_bar_reentry-wait_bar_warmup-strict: cached
[1520/4097] BANK2_BL-08_t50__T_input_field-adjusted_rsi_exit-level_rsi_smoothing-wilder_same_bar_reentry-allowed_warmup-ready_check: cached
[1521/4097] BANK2_BL-08_t50__T_input_field-raw_rsi_exit-level_rsi_smoothing-wilder_same_bar_reentry-allowed_warmup-ready_check: cached
[1522/4097] BANK2_BL-08_t50__T_input_field-adjusted_rsi_exit-level_rsi_smoothing-wilder_same_bar_reentry-wait_bar_warmup-ready_check: cached
[1523/4097] BANK2_BL-08_t50__T_input_field-raw_rsi_exit-level_rsi_smoothing-wilder_same_bar_reentry-wait_bar_warmup-ready_check: cached
[1524/4097] BANK2_BL-07_p21__T_input_field-adjusted_rsi_exit-level_rsi_smoothing-simple_same_bar_reentry-allowed_warmup-ready_per_rule: ok fills=282 (70.0s)
[1525/4097] BANK2_BL-07_p21__T_input_field-raw_rsi_exit-level_rsi_smoothing-simple_same_bar_reentry-allowed_warmup-ready_per_rule: ok fills=300 (74.3s)
[1526/4097] BANK2_BL-07_p21__T_input_field-adjusted_rsi_exit-level_rsi_smoothing-simple_same_bar_reentry-wait_bar_warmup-ready_per_rule: ok fills=268 (78.0s)
[1527/4097] BANK2_BL-08_t50__T_input_field-raw_rsi_exit-level_rsi_smoothing-wilder_same_bar_reentry-allowed_warmup-ready_per_rule: exit=1 fills=None (15.5s)
[1528/4097] BANK2_BL-08_t50__T_input_field-adjusted_rsi_exit-cross_rsi_smoothing-wilder_same_bar_reentry-allowed_warmup-strict: cached
[1529/4097] BANK2_BL-08_t50__T_input_field-raw_rsi_exit-cross_rsi_smoothing-wilder_same_bar_reentry-allowed_warmup-strict: cached
[1530/4097] BANK2_BL-08_t50__T_input_field-adjusted_rsi_exit-cross_rsi_smoothing-wilder_same_bar_reentry-wait_bar_warmup-strict: cached
[1531/4097] BANK2_BL-08_t50__T_input_field-raw_rsi_exit-cross_rsi_smoothing-wilder_same_bar_reentry-wait_bar_warmup-strict: cached
[1532/4097] BANK2_BL-08_t50__T_input_field-adjusted_rsi_exit-cross_rsi_smoothing-wilder_same_bar_reentry-allowed_warmup-ready_check: cached
[1533/4097] BANK2_BL-08_t50__T_input_field-raw_rsi_exit-cross_rsi_smoothing-wilder_same_bar_reentry-allowed_warmup-ready_check: cached
[1534/4097] BANK2_BL-08_t50__T_input_field-adjusted_rsi_exit-cross_rsi_smoothing-wilder_same_bar_reentry-wait_bar_warmup-ready_check: cached
[1535/4097] BANK2_BL-08_t50__T_input_field-raw_rsi_exit-cross_rsi_smoothing-wilder_same_bar_reentry-wait_bar_warmup-ready_check: cached
[1536/4097] BANK2_BL-07_p21__T_input_field-raw_rsi_exit-level_rsi_smoothing-simple_same_bar_reentry-wait_bar_warmup-ready_per_rule: ok fills=286 (75.1s)
[1537/4097] BANK2_BL-07_p21__T_input_field-raw_rsi_exit-cross_rsi_smoothing-simple_same_bar_reentry-allowed_warmup-ready_per_rule: ok fills=248 (69.4s)
[1538/4097] BANK2_BL-08_t50__T_input_field-adjusted_rsi_exit-level_rsi_smoothing-wilder_same_bar_reentry-allowed_warmup-ready_per_rule: ok fills=370 (73.2s)
[1539/4097] BANK2_BL-07_p21__T_input_field-adjusted_rsi_exit-cross_rsi_smoothing-simple_same_bar_reentry-wait_bar_warmup-ready_per_rule: ok fills=228 (78.4s)
[1540/4097] BANK2_BL-08_t50__T_input_field-adjusted_rsi_exit-level_rsi_smoothing-simple_same_bar_reentry-allowed_warmup-strict: cached
[1541/4097] BANK2_BL-08_t50__T_input_field-raw_rsi_exit-level_rsi_smoothing-simple_same_bar_reentry-allowed_warmup-strict: cached
[1542/4097] BANK2_BL-08_t50__T_input_field-adjusted_rsi_exit-level_rsi_smoothing-simple_same_bar_reentry-wait_bar_warmup-strict: cached
[1543/4097] BANK2_BL-08_t50__T_input_field-raw_rsi_exit-level_rsi_smoothing-simple_same_bar_reentry-wait_bar_warmup-strict: cached
[1544/4097] BANK2_BL-08_t50__T_input_field-adjusted_rsi_exit-level_rsi_smoothing-simple_same_bar_reentry-allowed_warmup-ready_check: cached
[1545/4097] BANK2_BL-08_t50__T_input_field-raw_rsi_exit-level_rsi_smoothing-simple_same_bar_reentry-allowed_warmup-ready_check: cached
[1546/4097] BANK2_BL-08_t50__T_input_field-adjusted_rsi_exit-level_rsi_smoothing-simple_same_bar_reentry-wait_bar_warmup-ready_check: cached
[1547/4097] BANK2_BL-08_t50__T_input_field-raw_rsi_exit-level_rsi_smoothing-simple_same_bar_reentry-wait_bar_warmup-ready_check: cached
[1548/4097] BANK2_BL-07_p21__T_input_field-raw_rsi_exit-cross_rsi_smoothing-simple_same_bar_reentry-wait_bar_warmup-ready_per_rule: ok fills=248 (78.0s)
[1549/4097] BANK2_BL-08_t50__T_input_field-adjusted_rsi_exit-level_rsi_smoothing-wilder_same_bar_reentry-wait_bar_warmup-ready_per_rule: ok fills=346 (73.7s)
[1550/4097] BANK2_BL-08_t50__T_input_field-raw_rsi_exit-level_rsi_smoothing-wilder_same_bar_reentry-wait_bar_warmup-ready_per_rule: ok fills=356 (82.4s)
[1551/4097] BANK2_BL-08_t50__T_input_field-adjusted_rsi_exit-cross_rsi_smoothing-wilder_same_bar_reentry-allowed_warmup-ready_per_rule: ok fills=272 (83.0s)
[1552/4097] BANK2_BL-08_t50__T_input_field-adjusted_rsi_exit-cross_rsi_smoothing-simple_same_bar_reentry-allowed_warmup-strict: cached
[1553/4097] BANK2_BL-08_t50__T_input_field-raw_rsi_exit-cross_rsi_smoothing-simple_same_bar_reentry-allowed_warmup-strict: cached
[1554/4097] BANK2_BL-08_t50__T_input_field-adjusted_rsi_exit-cross_rsi_smoothing-simple_same_bar_reentry-wait_bar_warmup-strict: cached
[1555/4097] BANK2_BL-08_t50__T_input_field-raw_rsi_exit-cross_rsi_smoothing-simple_same_bar_reentry-wait_bar_warmup-strict: cached
[1556/4097] BANK2_BL-08_t50__T_input_field-adjusted_rsi_exit-cross_rsi_smoothing-simple_same_bar_reentry-allowed_warmup-ready_check: cached
[1557/4097] BANK2_BL-08_t50__T_input_field-raw_rsi_exit-cross_rsi_smoothing-simple_same_bar_reentry-allowed_warmup-ready_check: cached
[1558/4097] BANK2_BL-08_t50__T_input_field-adjusted_rsi_exit-cross_rsi_smoothing-simple_same_bar_reentry-wait_bar_warmup-ready_check: cached
[1559/4097] BANK2_BL-08_t50__T_input_field-raw_rsi_exit-cross_rsi_smoothing-simple_same_bar_reentry-wait_bar_warmup-ready_check: cached
[1560/4097] BANK2_BL-08_t50__T_input_field-raw_rsi_exit-cross_rsi_smoothing-wilder_same_bar_reentry-allowed_warmup-ready_per_rule: ok fills=292 (79.2s)
[1561/4097] BANK2_BL-08_t50__T_input_field-adjusted_rsi_exit-cross_rsi_smoothing-wilder_same_bar_reentry-wait_bar_warmup-ready_per_rule: ok fills=272 (73.3s)
[1562/4097] BANK2_BL-08_t50__T_input_field-raw_rsi_exit-cross_rsi_smoothing-wilder_same_bar_reentry-wait_bar_warmup-ready_per_rule: ok fills=292 (77.6s)
[1563/4097] BANK2_BL-08_t50__T_input_field-raw_rsi_exit-level_rsi_smoothing-simple_same_bar_reentry-allowed_warmup-ready_per_rule: ok fills=416 (75.3s)
[1564/4097] BANK2_BL-08_t50__OAT_a_exec-set_holdings: cached
[1565/4097] BANK2_BL-08_t50__OAT_cross_timing-today_ma: cached
[1566/4097] BANK2_BL-08_t50__SPOT_all_excluded_off: cached
[1567/4097] BANK2_BL-08_t60__ref: cached
[1568/4097] BANK2_BL-08_t60__T_input_field-raw_rsi_exit-level_rsi_smoothing-wilder_same_bar_reentry-allowed_warmup-strict: cached
[1569/4097] BANK2_BL-08_t60__T_input_field-adjusted_rsi_exit-level_rsi_smoothing-wilder_same_bar_reentry-wait_bar_warmup-strict: cached
[1570/4097] BANK2_BL-08_t60__T_input_field-raw_rsi_exit-level_rsi_smoothing-wilder_same_bar_reentry-wait_bar_warmup-strict: cached
[1571/4097] BANK2_BL-08_t60__T_input_field-adjusted_rsi_exit-level_rsi_smoothing-wilder_same_bar_reentry-allowed_warmup-ready_check: cached
[1572/4097] BANK2_BL-08_t60__T_input_field-raw_rsi_exit-level_rsi_smoothing-wilder_same_bar_reentry-allowed_warmup-ready_check: cached
[1573/4097] BANK2_BL-08_t60__T_input_field-adjusted_rsi_exit-level_rsi_smoothing-wilder_same_bar_reentry-wait_bar_warmup-ready_check: cached
[1574/4097] BANK2_BL-08_t60__T_input_field-raw_rsi_exit-level_rsi_smoothing-wilder_same_bar_reentry-wait_bar_warmup-ready_check: cached
[1575/4097] BANK2_BL-08_t50__T_input_field-adjusted_rsi_exit-level_rsi_smoothing-simple_same_bar_reentry-allowed_warmup-ready_per_rule: ok fills=398 (78.6s)
[1576/4097] BANK2_BL-08_t50__T_input_field-adjusted_rsi_exit-level_rsi_smoothing-simple_same_bar_reentry-wait_bar_warmup-ready_per_rule: ok fills=360 (64.3s)
[1577/4097] BANK2_BL-08_t50__T_input_field-adjusted_rsi_exit-cross_rsi_smoothing-simple_same_bar_reentry-allowed_warmup-ready_per_rule: ok fills=290 (70.4s)
[1578/4097] BANK2_BL-08_t50__T_input_field-raw_rsi_exit-level_rsi_smoothing-simple_same_bar_reentry-wait_bar_warmup-ready_per_rule: ok fills=378 (71.9s)
[1579/4097] BANK2_BL-08_t60__T_input_field-adjusted_rsi_exit-cross_rsi_smoothing-wilder_same_bar_reentry-allowed_warmup-strict: cached
[1580/4097] BANK2_BL-08_t60__T_input_field-raw_rsi_exit-cross_rsi_smoothing-wilder_same_bar_reentry-allowed_warmup-strict: cached
[1581/4097] BANK2_BL-08_t60__T_input_field-adjusted_rsi_exit-cross_rsi_smoothing-wilder_same_bar_reentry-wait_bar_warmup-strict: cached
[1582/4097] BANK2_BL-08_t60__T_input_field-raw_rsi_exit-cross_rsi_smoothing-wilder_same_bar_reentry-wait_bar_warmup-strict: cached
[1583/4097] BANK2_BL-08_t60__T_input_field-adjusted_rsi_exit-cross_rsi_smoothing-wilder_same_bar_reentry-allowed_warmup-ready_check: cached
[1584/4097] BANK2_BL-08_t60__T_input_field-raw_rsi_exit-cross_rsi_smoothing-wilder_same_bar_reentry-allowed_warmup-ready_check: cached
[1585/4097] BANK2_BL-08_t60__T_input_field-adjusted_rsi_exit-cross_rsi_smoothing-wilder_same_bar_reentry-wait_bar_warmup-ready_check: cached
[1586/4097] BANK2_BL-08_t60__T_input_field-raw_rsi_exit-cross_rsi_smoothing-wilder_same_bar_reentry-wait_bar_warmup-ready_check: cached
[1587/4097] BANK2_BL-08_t50__T_input_field-raw_rsi_exit-cross_rsi_smoothing-simple_same_bar_reentry-allowed_warmup-ready_per_rule: ok fills=310 (72.6s)
[1588/4097] BANK2_BL-08_t50__T_input_field-adjusted_rsi_exit-cross_rsi_smoothing-simple_same_bar_reentry-wait_bar_warmup-ready_per_rule: ok fills=290 (69.8s)
[1589/4097] BANK2_BL-08_t60__T_input_field-adjusted_rsi_exit-level_rsi_smoothing-wilder_same_bar_reentry-allowed_warmup-ready_per_rule: ok fills=270 (69.0s)
[1590/4097] BANK2_BL-08_t50__T_input_field-raw_rsi_exit-cross_rsi_smoothing-simple_same_bar_reentry-wait_bar_warmup-ready_per_rule: ok fills=310 (75.1s)
[1591/4097] BANK2_BL-08_t60__T_input_field-adjusted_rsi_exit-level_rsi_smoothing-simple_same_bar_reentry-allowed_warmup-strict: cached
[1592/4097] BANK2_BL-08_t60__T_input_field-raw_rsi_exit-level_rsi_smoothing-simple_same_bar_reentry-allowed_warmup-strict: cached
[1593/4097] BANK2_BL-08_t60__T_input_field-adjusted_rsi_exit-level_rsi_smoothing-simple_same_bar_reentry-wait_bar_warmup-strict: cached
[1594/4097] BANK2_BL-08_t60__T_input_field-raw_rsi_exit-level_rsi_smoothing-simple_same_bar_reentry-wait_bar_warmup-strict: cached
[1595/4097] BANK2_BL-08_t60__T_input_field-adjusted_rsi_exit-level_rsi_smoothing-simple_same_bar_reentry-allowed_warmup-ready_check: cached
[1596/4097] BANK2_BL-08_t60__T_input_field-raw_rsi_exit-level_rsi_smoothing-simple_same_bar_reentry-allowed_warmup-ready_check: cached
[1597/4097] BANK2_BL-08_t60__T_input_field-adjusted_rsi_exit-level_rsi_smoothing-simple_same_bar_reentry-wait_bar_warmup-ready_check: cached
[1598/4097] BANK2_BL-08_t60__T_input_field-raw_rsi_exit-level_rsi_smoothing-simple_same_bar_reentry-wait_bar_warmup-ready_check: cached
[1599/4097] BANK2_BL-08_t60__T_input_field-adjusted_rsi_exit-level_rsi_smoothing-wilder_same_bar_reentry-wait_bar_warmup-ready_per_rule: ok fills=266 (69.4s)
[1600/4097] BANK2_BL-08_t60__T_input_field-raw_rsi_exit-level_rsi_smoothing-wilder_same_bar_reentry-allowed_warmup-ready_per_rule: ok fills=280 (78.3s)
[1601/4097] BANK2_BL-08_t60__T_input_field-raw_rsi_exit-level_rsi_smoothing-wilder_same_bar_reentry-wait_bar_warmup-ready_per_rule: ok fills=278 (69.1s)
[1602/4097] BANK2_BL-08_t60__T_input_field-adjusted_rsi_exit-cross_rsi_smoothing-wilder_same_bar_reentry-allowed_warmup-ready_per_rule: ok fills=250 (69.5s)
[1603/4097] BANK2_BL-08_t60__T_input_field-adjusted_rsi_exit-cross_rsi_smoothing-simple_same_bar_reentry-allowed_warmup-strict: cached
[1604/4097] BANK2_BL-08_t60__T_input_field-raw_rsi_exit-cross_rsi_smoothing-simple_same_bar_reentry-allowed_warmup-strict: cached
[1605/4097] BANK2_BL-08_t60__T_input_field-adjusted_rsi_exit-cross_rsi_smoothing-simple_same_bar_reentry-wait_bar_warmup-strict: cached
[1606/4097] BANK2_BL-08_t60__T_input_field-raw_rsi_exit-cross_rsi_smoothing-simple_same_bar_reentry-wait_bar_warmup-strict: cached
[1607/4097] BANK2_BL-08_t60__T_input_field-adjusted_rsi_exit-cross_rsi_smoothing-simple_same_bar_reentry-allowed_warmup-ready_check: cached
[1608/4097] BANK2_BL-08_t60__T_input_field-raw_rsi_exit-cross_rsi_smoothing-simple_same_bar_reentry-allowed_warmup-ready_check: cached
[1609/4097] BANK2_BL-08_t60__T_input_field-adjusted_rsi_exit-cross_rsi_smoothing-simple_same_bar_reentry-wait_bar_warmup-ready_check: cached
[1610/4097] BANK2_BL-08_t60__T_input_field-raw_rsi_exit-cross_rsi_smoothing-simple_same_bar_reentry-wait_bar_warmup-ready_check: cached
[1611/4097] BANK2_BL-08_t60__T_input_field-raw_rsi_exit-cross_rsi_smoothing-wilder_same_bar_reentry-allowed_warmup-ready_per_rule: ok fills=264 (66.4s)
[1612/4097] BANK2_BL-08_t60__T_input_field-adjusted_rsi_exit-cross_rsi_smoothing-wilder_same_bar_reentry-wait_bar_warmup-ready_per_rule: ok fills=250 (68.4s)
[1613/4097] BANK2_BL-08_t60__T_input_field-raw_rsi_exit-cross_rsi_smoothing-wilder_same_bar_reentry-wait_bar_warmup-ready_per_rule: ok fills=264 (75.4s)
[1614/4097] BANK2_BL-08_t60__T_input_field-adjusted_rsi_exit-level_rsi_smoothing-simple_same_bar_reentry-allowed_warmup-ready_per_rule: ok fills=318 (71.7s)
[1615/4097] BANK2_BL-08_t60__OAT_a_exec-set_holdings: cached
[1616/4097] BANK2_BL-08_t60__OAT_cross_timing-today_ma: cached
[1617/4097] BANK2_BL-08_t60__SPOT_all_excluded_off: cached
[1618/4097] BANK2_BL-08_t70__ref: cached
[1619/4097] BANK2_BL-08_t70__T_input_field-raw_rsi_exit-level_rsi_smoothing-wilder_same_bar_reentry-allowed_warmup-strict: cached
[1620/4097] BANK2_BL-08_t70__T_input_field-adjusted_rsi_exit-level_rsi_smoothing-wilder_same_bar_reentry-wait_bar_warmup-strict: cached
[1621/4097] BANK2_BL-08_t70__T_input_field-raw_rsi_exit-level_rsi_smoothing-wilder_same_bar_reentry-wait_bar_warmup-strict: cached
[1622/4097] BANK2_BL-08_t70__T_input_field-adjusted_rsi_exit-level_rsi_smoothing-wilder_same_bar_reentry-allowed_warmup-ready_check: cached
[1623/4097] BANK2_BL-08_t70__T_input_field-raw_rsi_exit-level_rsi_smoothing-wilder_same_bar_reentry-allowed_warmup-ready_check: cached
[1624/4097] BANK2_BL-08_t70__T_input_field-adjusted_rsi_exit-level_rsi_smoothing-wilder_same_bar_reentry-wait_bar_warmup-ready_check: cached
[1625/4097] BANK2_BL-08_t70__T_input_field-raw_rsi_exit-level_rsi_smoothing-wilder_same_bar_reentry-wait_bar_warmup-ready_check: cached
[1626/4097] BANK2_BL-08_t60__T_input_field-raw_rsi_exit-level_rsi_smoothing-simple_same_bar_reentry-allowed_warmup-ready_per_rule: ok fills=336 (71.4s)
[1627/4097] BANK2_BL-08_t60__T_input_field-adjusted_rsi_exit-level_rsi_smoothing-simple_same_bar_reentry-wait_bar_warmup-ready_per_rule: ok fills=304 (72.1s)
[1628/4097] BANK2_BL-08_t60__T_input_field-raw_rsi_exit-level_rsi_smoothing-simple_same_bar_reentry-wait_bar_warmup-ready_per_rule: ok fills=322 (66.4s)
[1629/4097] BANK2_BL-08_t60__T_input_field-adjusted_rsi_exit-cross_rsi_smoothing-simple_same_bar_reentry-allowed_warmup-ready_per_rule: ok fills=268 (66.4s)
[1630/4097] BANK2_BL-08_t70__T_input_field-adjusted_rsi_exit-cross_rsi_smoothing-wilder_same_bar_reentry-allowed_warmup-strict: cached
[1631/4097] BANK2_BL-08_t70__T_input_field-raw_rsi_exit-cross_rsi_smoothing-wilder_same_bar_reentry-allowed_warmup-strict: cached
[1632/4097] BANK2_BL-08_t70__T_input_field-adjusted_rsi_exit-cross_rsi_smoothing-wilder_same_bar_reentry-wait_bar_warmup-strict: cached
[1633/4097] BANK2_BL-08_t70__T_input_field-raw_rsi_exit-cross_rsi_smoothing-wilder_same_bar_reentry-wait_bar_warmup-strict: cached
[1634/4097] BANK2_BL-08_t70__T_input_field-adjusted_rsi_exit-cross_rsi_smoothing-wilder_same_bar_reentry-allowed_warmup-ready_check: cached
[1635/4097] BANK2_BL-08_t70__T_input_field-raw_rsi_exit-cross_rsi_smoothing-wilder_same_bar_reentry-allowed_warmup-ready_check: cached
[1636/4097] BANK2_BL-08_t70__T_input_field-adjusted_rsi_exit-cross_rsi_smoothing-wilder_same_bar_reentry-wait_bar_warmup-ready_check: cached
[1637/4097] BANK2_BL-08_t70__T_input_field-raw_rsi_exit-cross_rsi_smoothing-wilder_same_bar_reentry-wait_bar_warmup-ready_check: cached
[1638/4097] BANK2_BL-08_t60__T_input_field-raw_rsi_exit-cross_rsi_smoothing-simple_same_bar_reentry-allowed_warmup-ready_per_rule: ok fills=288 (59.9s)
[1639/4097] BANK2_BL-08_t60__T_input_field-adjusted_rsi_exit-cross_rsi_smoothing-simple_same_bar_reentry-wait_bar_warmup-ready_per_rule: ok fills=268 (65.4s)
[1640/4097] BANK2_BL-08_t70__T_input_field-raw_rsi_exit-cross_rsi_smoothing-wilder_same_bar_reentry-allowed_warmup-ready_per_rule: exit=1 fills=None (11.8s)
[1641/4097] BANK2_BL-08_t60__T_input_field-raw_rsi_exit-cross_rsi_smoothing-simple_same_bar_reentry-wait_bar_warmup-ready_per_rule: ok fills=288 (61.0s)
[1642/4097] BANK2_BL-08_t70__T_input_field-adjusted_rsi_exit-level_rsi_smoothing-simple_same_bar_reentry-allowed_warmup-strict: cached
[1643/4097] BANK2_BL-08_t70__T_input_field-raw_rsi_exit-level_rsi_smoothing-simple_same_bar_reentry-allowed_warmup-strict: cached
[1644/4097] BANK2_BL-08_t70__T_input_field-adjusted_rsi_exit-level_rsi_smoothing-simple_same_bar_reentry-wait_bar_warmup-strict: cached
[1645/4097] BANK2_BL-08_t70__T_input_field-raw_rsi_exit-level_rsi_smoothing-simple_same_bar_reentry-wait_bar_warmup-strict: cached
[1646/4097] BANK2_BL-08_t70__T_input_field-adjusted_rsi_exit-level_rsi_smoothing-simple_same_bar_reentry-allowed_warmup-ready_check: cached
[1647/4097] BANK2_BL-08_t70__T_input_field-raw_rsi_exit-level_rsi_smoothing-simple_same_bar_reentry-allowed_warmup-ready_check: cached
[1648/4097] BANK2_BL-08_t70__T_input_field-adjusted_rsi_exit-level_rsi_smoothing-simple_same_bar_reentry-wait_bar_warmup-ready_check: cached
[1649/4097] BANK2_BL-08_t70__T_input_field-raw_rsi_exit-level_rsi_smoothing-simple_same_bar_reentry-wait_bar_warmup-ready_check: cached
[1650/4097] BANK2_BL-08_t70__T_input_field-adjusted_rsi_exit-level_rsi_smoothing-wilder_same_bar_reentry-allowed_warmup-ready_per_rule: ok fills=202 (80.0s)
[1651/4097] BANK2_BL-08_t70__T_input_field-raw_rsi_exit-level_rsi_smoothing-wilder_same_bar_reentry-allowed_warmup-ready_per_rule: ok fills=216 (77.2s)
[1652/4097] BANK2_BL-08_t70__T_input_field-adjusted_rsi_exit-level_rsi_smoothing-wilder_same_bar_reentry-wait_bar_warmup-ready_per_rule: ok fills=202 (77.5s)
[1653/4097] BANK2_BL-08_t70__T_input_field-adjusted_rsi_exit-cross_rsi_smoothing-wilder_same_bar_reentry-allowed_warmup-ready_per_rule: ok fills=200 (72.2s)
[1654/4097] BANK2_BL-08_t70__T_input_field-adjusted_rsi_exit-cross_rsi_smoothing-simple_same_bar_reentry-allowed_warmup-strict: cached
[1655/4097] BANK2_BL-08_t70__T_input_field-raw_rsi_exit-cross_rsi_smoothing-simple_same_bar_reentry-allowed_warmup-strict: cached
[1656/4097] BANK2_BL-08_t70__T_input_field-adjusted_rsi_exit-cross_rsi_smoothing-simple_same_bar_reentry-wait_bar_warmup-strict: cached
[1657/4097] BANK2_BL-08_t70__T_input_field-raw_rsi_exit-cross_rsi_smoothing-simple_same_bar_reentry-wait_bar_warmup-strict: cached
[1658/4097] BANK2_BL-08_t70__T_input_field-adjusted_rsi_exit-cross_rsi_smoothing-simple_same_bar_reentry-allowed_warmup-ready_check: cached
[1659/4097] BANK2_BL-08_t70__T_input_field-raw_rsi_exit-cross_rsi_smoothing-simple_same_bar_reentry-allowed_warmup-ready_check: cached
[1660/4097] BANK2_BL-08_t70__T_input_field-adjusted_rsi_exit-cross_rsi_smoothing-simple_same_bar_reentry-wait_bar_warmup-ready_check: cached
[1661/4097] BANK2_BL-08_t70__T_input_field-raw_rsi_exit-cross_rsi_smoothing-simple_same_bar_reentry-wait_bar_warmup-ready_check: cached
[1662/4097] BANK2_BL-08_t70__T_input_field-raw_rsi_exit-level_rsi_smoothing-wilder_same_bar_reentry-wait_bar_warmup-ready_per_rule: ok fills=216 (74.0s)
[1663/4097] BANK2_BL-08_t70__T_input_field-adjusted_rsi_exit-cross_rsi_smoothing-wilder_same_bar_reentry-wait_bar_warmup-ready_per_rule: ok fills=200 (68.7s)
[1664/4097] BANK2_BL-08_t70__T_input_field-raw_rsi_exit-cross_rsi_smoothing-wilder_same_bar_reentry-wait_bar_warmup-ready_per_rule: ok fills=214 (68.8s)
[1665/4097] BANK2_BL-08_t70__T_input_field-adjusted_rsi_exit-level_rsi_smoothing-simple_same_bar_reentry-allowed_warmup-ready_per_rule: ok fills=248 (67.5s)
[1666/4097] BANK2_BL-08_t70__OAT_a_exec-set_holdings: cached
[1667/4097] BANK2_BL-08_t70__OAT_cross_timing-today_ma: cached
[1668/4097] BANK2_BL-08_t70__SPOT_all_excluded_off: cached
[1669/4097] BANK2_BL-08_t80__ref: cached
[1670/4097] BANK2_BL-08_t80__T_input_field-raw_rsi_exit-level_rsi_smoothing-wilder_same_bar_reentry-allowed_warmup-strict: cached
[1671/4097] BANK2_BL-08_t80__T_input_field-adjusted_rsi_exit-level_rsi_smoothing-wilder_same_bar_reentry-wait_bar_warmup-strict: cached
[1672/4097] BANK2_BL-08_t80__T_input_field-raw_rsi_exit-level_rsi_smoothing-wilder_same_bar_reentry-wait_bar_warmup-strict: cached
[1673/4097] BANK2_BL-08_t80__T_input_field-adjusted_rsi_exit-level_rsi_smoothing-wilder_same_bar_reentry-allowed_warmup-ready_check: cached
[1674/4097] BANK2_BL-08_t80__T_input_field-raw_rsi_exit-level_rsi_smoothing-wilder_same_bar_reentry-allowed_warmup-ready_check: cached
[1675/4097] BANK2_BL-08_t80__T_input_field-adjusted_rsi_exit-level_rsi_smoothing-wilder_same_bar_reentry-wait_bar_warmup-ready_check: cached
[1676/4097] BANK2_BL-08_t80__T_input_field-raw_rsi_exit-level_rsi_smoothing-wilder_same_bar_reentry-wait_bar_warmup-ready_check: cached
[1677/4097] BANK2_BL-08_t70__T_input_field-raw_rsi_exit-level_rsi_smoothing-simple_same_bar_reentry-allowed_warmup-ready_per_rule: ok fills=264 (66.3s)
[1678/4097] BANK2_BL-08_t70__T_input_field-raw_rsi_exit-level_rsi_smoothing-simple_same_bar_reentry-wait_bar_warmup-ready_per_rule: ok fills=260 (61.8s)
[1679/4097] BANK2_BL-08_t70__T_input_field-adjusted_rsi_exit-level_rsi_smoothing-simple_same_bar_reentry-wait_bar_warmup-ready_per_rule: ok fills=242 (65.7s)
[1680/4097] BANK2_BL-08_t70__T_input_field-adjusted_rsi_exit-cross_rsi_smoothing-simple_same_bar_reentry-allowed_warmup-ready_per_rule: ok fills=232 (69.1s)
[1681/4097] BANK2_BL-08_t80__T_input_field-adjusted_rsi_exit-cross_rsi_smoothing-wilder_same_bar_reentry-allowed_warmup-strict: cached
[1682/4097] BANK2_BL-08_t80__T_input_field-raw_rsi_exit-cross_rsi_smoothing-wilder_same_bar_reentry-allowed_warmup-strict: cached
[1683/4097] BANK2_BL-08_t80__T_input_field-adjusted_rsi_exit-cross_rsi_smoothing-wilder_same_bar_reentry-wait_bar_warmup-strict: cached
[1684/4097] BANK2_BL-08_t80__T_input_field-raw_rsi_exit-cross_rsi_smoothing-wilder_same_bar_reentry-wait_bar_warmup-strict: cached
[1685/4097] BANK2_BL-08_t80__T_input_field-adjusted_rsi_exit-cross_rsi_smoothing-wilder_same_bar_reentry-allowed_warmup-ready_check: cached
[1686/4097] BANK2_BL-08_t80__T_input_field-raw_rsi_exit-cross_rsi_smoothing-wilder_same_bar_reentry-allowed_warmup-ready_check: cached
[1687/4097] BANK2_BL-08_t80__T_input_field-adjusted_rsi_exit-cross_rsi_smoothing-wilder_same_bar_reentry-wait_bar_warmup-ready_check: cached
[1688/4097] BANK2_BL-08_t80__T_input_field-raw_rsi_exit-cross_rsi_smoothing-wilder_same_bar_reentry-wait_bar_warmup-ready_check: cached
[1689/4097] BANK2_BL-08_t70__T_input_field-raw_rsi_exit-cross_rsi_smoothing-simple_same_bar_reentry-allowed_warmup-ready_per_rule: ok fills=250 (70.7s)
[1690/4097] BANK2_BL-08_t70__T_input_field-adjusted_rsi_exit-cross_rsi_smoothing-simple_same_bar_reentry-wait_bar_warmup-ready_per_rule: ok fills=232 (68.4s)
[1691/4097] BANK2_BL-08_t70__T_input_field-raw_rsi_exit-cross_rsi_smoothing-simple_same_bar_reentry-wait_bar_warmup-ready_per_rule: ok fills=250 (68.7s)
[1692/4097] BANK2_BL-08_t80__T_input_field-raw_rsi_exit-cross_rsi_smoothing-wilder_same_bar_reentry-allowed_warmup-ready_per_rule: exit=1 fills=None (12.4s)
[1693/4097] BANK2_BL-08_t80__T_input_field-adjusted_rsi_exit-level_rsi_smoothing-simple_same_bar_reentry-allowed_warmup-strict: cached
[1694/4097] BANK2_BL-08_t80__T_input_field-raw_rsi_exit-level_rsi_smoothing-simple_same_bar_reentry-allowed_warmup-strict: cached
[1695/4097] BANK2_BL-08_t80__T_input_field-adjusted_rsi_exit-level_rsi_smoothing-simple_same_bar_reentry-wait_bar_warmup-strict: cached
[1696/4097] BANK2_BL-08_t80__T_input_field-raw_rsi_exit-level_rsi_smoothing-simple_same_bar_reentry-wait_bar_warmup-strict: cached
[1697/4097] BANK2_BL-08_t80__T_input_field-adjusted_rsi_exit-level_rsi_smoothing-simple_same_bar_reentry-allowed_warmup-ready_check: cached
[1698/4097] BANK2_BL-08_t80__T_input_field-raw_rsi_exit-level_rsi_smoothing-simple_same_bar_reentry-allowed_warmup-ready_check: cached
[1699/4097] BANK2_BL-08_t80__T_input_field-adjusted_rsi_exit-level_rsi_smoothing-simple_same_bar_reentry-wait_bar_warmup-ready_check: cached
[1700/4097] BANK2_BL-08_t80__T_input_field-raw_rsi_exit-level_rsi_smoothing-simple_same_bar_reentry-wait_bar_warmup-ready_check: cached
[1701/4097] BANK2_BL-08_t80__T_input_field-adjusted_rsi_exit-level_rsi_smoothing-wilder_same_bar_reentry-allowed_warmup-ready_per_rule: ok fills=144 (59.8s)
[1702/4097] BANK2_BL-08_t80__T_input_field-raw_rsi_exit-level_rsi_smoothing-wilder_same_bar_reentry-allowed_warmup-ready_per_rule: ok fills=162 (60.0s)
[1703/4097] BANK2_BL-08_t80__T_input_field-adjusted_rsi_exit-level_rsi_smoothing-wilder_same_bar_reentry-wait_bar_warmup-ready_per_rule: ok fills=144 (61.9s)
[1704/4097] BANK2_BL-08_t80__T_input_field-raw_rsi_exit-level_rsi_smoothing-wilder_same_bar_reentry-wait_bar_warmup-ready_per_rule: ok fills=162 (63.8s)
[1705/4097] BANK2_BL-08_t80__T_input_field-adjusted_rsi_exit-cross_rsi_smoothing-simple_same_bar_reentry-allowed_warmup-strict: cached
[1706/4097] BANK2_BL-08_t80__T_input_field-raw_rsi_exit-cross_rsi_smoothing-simple_same_bar_reentry-allowed_warmup-strict: cached
[1707/4097] BANK2_BL-08_t80__T_input_field-adjusted_rsi_exit-cross_rsi_smoothing-simple_same_bar_reentry-wait_bar_warmup-strict: cached
[1708/4097] BANK2_BL-08_t80__T_input_field-raw_rsi_exit-cross_rsi_smoothing-simple_same_bar_reentry-wait_bar_warmup-strict: cached
[1709/4097] BANK2_BL-08_t80__T_input_field-adjusted_rsi_exit-cross_rsi_smoothing-simple_same_bar_reentry-allowed_warmup-ready_check: cached
[1710/4097] BANK2_BL-08_t80__T_input_field-raw_rsi_exit-cross_rsi_smoothing-simple_same_bar_reentry-allowed_warmup-ready_check: cached
[1711/4097] BANK2_BL-08_t80__T_input_field-adjusted_rsi_exit-cross_rsi_smoothing-simple_same_bar_reentry-wait_bar_warmup-ready_check: cached
[1712/4097] BANK2_BL-08_t80__T_input_field-raw_rsi_exit-cross_rsi_smoothing-simple_same_bar_reentry-wait_bar_warmup-ready_check: cached
[1713/4097] BANK2_BL-08_t80__T_input_field-adjusted_rsi_exit-cross_rsi_smoothing-wilder_same_bar_reentry-allowed_warmup-ready_per_rule: ok fills=144 (58.9s)
[1714/4097] BANK2_BL-08_t80__T_input_field-adjusted_rsi_exit-cross_rsi_smoothing-wilder_same_bar_reentry-wait_bar_warmup-ready_per_rule: ok fills=144 (64.8s)
[1715/4097] BANK2_BL-08_t80__T_input_field-raw_rsi_exit-cross_rsi_smoothing-wilder_same_bar_reentry-wait_bar_warmup-ready_per_rule: ok fills=162 (65.6s)
[1716/4097] BANK2_BL-08_t80__T_input_field-adjusted_rsi_exit-level_rsi_smoothing-simple_same_bar_reentry-allowed_warmup-ready_per_rule: ok fills=192 (66.8s)
[1717/4097] BANK2_BL-08_t80__OAT_a_exec-set_holdings: cached
[1718/4097] BANK2_BL-08_t80__OAT_cross_timing-today_ma: cached
[1719/4097] BANK2_BL-08_t80__SPOT_all_excluded_off: cached
[1720/4097] BANK2_BL-09_all__ref: cached
[1721/4097] BANK2_BL-09_all__T_a_exec-calc_shares_cross_timing-today_ma_input_field-adjusted_rsi_exit-level_rsi_smoothing-wilder_same_bar_reentry-allowed_warmup-strict: cached
[1722/4097] BANK2_BL-09_all__T_a_exec-calc_shares_cross_timing-both_days_input_field-raw_rsi_exit-level_rsi_smoothing-wilder_same_bar_reentry-allowed_warmup-strict: cached
[1723/4097] BANK2_BL-09_all__T_a_exec-calc_shares_cross_timing-today_ma_input_field-raw_rsi_exit-level_rsi_smoothing-wilder_same_bar_reentry-allowed_warmup-strict: cached
[1724/4097] BANK2_BL-09_all__T_a_exec-calc_shares_cross_timing-both_days_input_field-adjusted_rsi_exit-level_rsi_smoothing-wilder_same_bar_reentry-wait_bar_warmup-strict: cached
[1725/4097] BANK2_BL-09_all__T_a_exec-calc_shares_cross_timing-today_ma_input_field-adjusted_rsi_exit-level_rsi_smoothing-wilder_same_bar_reentry-wait_bar_warmup-strict: cached
[1726/4097] BANK2_BL-09_all__T_a_exec-calc_shares_cross_timing-both_days_input_field-raw_rsi_exit-level_rsi_smoothing-wilder_same_bar_reentry-wait_bar_warmup-strict: cached
[1727/4097] BANK2_BL-09_all__T_a_exec-calc_shares_cross_timing-today_ma_input_field-raw_rsi_exit-level_rsi_smoothing-wilder_same_bar_reentry-wait_bar_warmup-strict: cached
[1728/4097] BANK2_BL-09_all__T_a_exec-set_holdings_cross_timing-both_days_input_field-adjusted_rsi_exit-level_rsi_smoothing-wilder_same_bar_reentry-allowed_warmup-strict: cached
[1729/4097] BANK2_BL-09_all__T_a_exec-set_holdings_cross_timing-today_ma_input_field-adjusted_rsi_exit-level_rsi_smoothing-wilder_same_bar_reentry-allowed_warmup-strict: cached
[1730/4097] BANK2_BL-09_all__T_a_exec-set_holdings_cross_timing-both_days_input_field-raw_rsi_exit-level_rsi_smoothing-wilder_same_bar_reentry-allowed_warmup-strict: cached
[1731/4097] BANK2_BL-09_all__T_a_exec-set_holdings_cross_timing-today_ma_input_field-raw_rsi_exit-level_rsi_smoothing-wilder_same_bar_reentry-allowed_warmup-strict: cached
[1732/4097] BANK2_BL-09_all__T_a_exec-set_holdings_cross_timing-both_days_input_field-adjusted_rsi_exit-level_rsi_smoothing-wilder_same_bar_reentry-wait_bar_warmup-strict: cached
[1733/4097] BANK2_BL-09_all__T_a_exec-set_holdings_cross_timing-today_ma_input_field-adjusted_rsi_exit-level_rsi_smoothing-wilder_same_bar_reentry-wait_bar_warmup-strict: cached
[1734/4097] BANK2_BL-09_all__T_a_exec-set_holdings_cross_timing-both_days_input_field-raw_rsi_exit-level_rsi_smoothing-wilder_same_bar_reentry-wait_bar_warmup-strict: cached
[1735/4097] BANK2_BL-09_all__T_a_exec-set_holdings_cross_timing-today_ma_input_field-raw_rsi_exit-level_rsi_smoothing-wilder_same_bar_reentry-wait_bar_warmup-strict: cached
[1736/4097] BANK2_BL-09_all__T_a_exec-calc_shares_cross_timing-both_days_input_field-adjusted_rsi_exit-level_rsi_smoothing-wilder_same_bar_reentry-allowed_warmup-ready_check: cached
[1737/4097] BANK2_BL-09_all__T_a_exec-calc_shares_cross_timing-today_ma_input_field-adjusted_rsi_exit-level_rsi_smoothing-wilder_same_bar_reentry-allowed_warmup-ready_check: cached
[1738/4097] BANK2_BL-09_all__T_a_exec-calc_shares_cross_timing-both_days_input_field-raw_rsi_exit-level_rsi_smoothing-wilder_same_bar_reentry-allowed_warmup-ready_check: cached
[1739/4097] BANK2_BL-09_all__T_a_exec-calc_shares_cross_timing-today_ma_input_field-raw_rsi_exit-level_rsi_smoothing-wilder_same_bar_reentry-allowed_warmup-ready_check: cached
[1740/4097] BANK2_BL-09_all__T_a_exec-calc_shares_cross_timing-both_days_input_field-adjusted_rsi_exit-level_rsi_smoothing-wilder_same_bar_reentry-wait_bar_warmup-ready_check: cached
[1741/4097] BANK2_BL-09_all__T_a_exec-calc_shares_cross_timing-today_ma_input_field-adjusted_rsi_exit-level_rsi_smoothing-wilder_same_bar_reentry-wait_bar_warmup-ready_check: cached
[1742/4097] BANK2_BL-09_all__T_a_exec-calc_shares_cross_timing-both_days_input_field-raw_rsi_exit-level_rsi_smoothing-wilder_same_bar_reentry-wait_bar_warmup-ready_check: cached
[1743/4097] BANK2_BL-09_all__T_a_exec-calc_shares_cross_timing-today_ma_input_field-raw_rsi_exit-level_rsi_smoothing-wilder_same_bar_reentry-wait_bar_warmup-ready_check: cached
[1744/4097] BANK2_BL-09_all__T_a_exec-set_holdings_cross_timing-both_days_input_field-adjusted_rsi_exit-level_rsi_smoothing-wilder_same_bar_reentry-allowed_warmup-ready_check: cached
[1745/4097] BANK2_BL-09_all__T_a_exec-set_holdings_cross_timing-today_ma_input_field-adjusted_rsi_exit-level_rsi_smoothing-wilder_same_bar_reentry-allowed_warmup-ready_check: cached
[1746/4097] BANK2_BL-09_all__T_a_exec-set_holdings_cross_timing-both_days_input_field-raw_rsi_exit-level_rsi_smoothing-wilder_same_bar_reentry-allowed_warmup-ready_check: cached
[1747/4097] BANK2_BL-09_all__T_a_exec-set_holdings_cross_timing-today_ma_input_field-raw_rsi_exit-level_rsi_smoothing-wilder_same_bar_reentry-allowed_warmup-ready_check: cached
[1748/4097] BANK2_BL-09_all__T_a_exec-set_holdings_cross_timing-both_days_input_field-adjusted_rsi_exit-level_rsi_smoothing-wilder_same_bar_reentry-wait_bar_warmup-ready_check: cached
[1749/4097] BANK2_BL-09_all__T_a_exec-set_holdings_cross_timing-today_ma_input_field-adjusted_rsi_exit-level_rsi_smoothing-wilder_same_bar_reentry-wait_bar_warmup-ready_check: cached
[1750/4097] BANK2_BL-09_all__T_a_exec-set_holdings_cross_timing-both_days_input_field-raw_rsi_exit-level_rsi_smoothing-wilder_same_bar_reentry-wait_bar_warmup-ready_check: cached
[1751/4097] BANK2_BL-09_all__T_a_exec-set_holdings_cross_timing-today_ma_input_field-raw_rsi_exit-level_rsi_smoothing-wilder_same_bar_reentry-wait_bar_warmup-ready_check: cached
[1752/4097] BANK2_BL-08_t80__T_input_field-raw_rsi_exit-level_rsi_smoothing-simple_same_bar_reentry-allowed_warmup-ready_per_rule: ok fills=212 (68.2s)
[1753/4097] BANK2_BL-08_t80__T_input_field-adjusted_rsi_exit-level_rsi_smoothing-simple_same_bar_reentry-wait_bar_warmup-ready_per_rule: ok fills=190 (64.1s)
[1754/4097] BANK2_BL-08_t80__T_input_field-raw_rsi_exit-level_rsi_smoothing-simple_same_bar_reentry-wait_bar_warmup-ready_per_rule: ok fills=210 (66.9s)
[1755/4097] BANK2_BL-08_t80__T_input_field-adjusted_rsi_exit-cross_rsi_smoothing-simple_same_bar_reentry-allowed_warmup-ready_per_rule: ok fills=186 (62.7s)
[1756/4097] BANK2_BL-08_t80__T_input_field-raw_rsi_exit-cross_rsi_smoothing-simple_same_bar_reentry-allowed_warmup-ready_per_rule: ok fills=206 (63.5s)
[1757/4097] BANK2_BL-08_t80__T_input_field-raw_rsi_exit-cross_rsi_smoothing-simple_same_bar_reentry-wait_bar_warmup-ready_per_rule: ok fills=206 (71.0s)
[1758/4097] BANK2_BL-08_t80__T_input_field-adjusted_rsi_exit-cross_rsi_smoothing-simple_same_bar_reentry-wait_bar_warmup-ready_per_rule: ok fills=186 (75.8s)
[1759/4097] BANK2_BL-09_all__T_a_exec-calc_shares_cross_timing-today_ma_input_field-adjusted_rsi_exit-level_rsi_smoothing-wilder_same_bar_reentry-allowed_warmup-ready_per_rule: ok fills=266 (68.8s)
[1760/4097] BANK2_BL-09_all__T_a_exec-calc_shares_cross_timing-both_days_input_field-adjusted_rsi_exit-level_rsi_smoothing-wilder_same_bar_reentry-allowed_warmup-ready_per_rule: ok fills=270 (74.8s)
[1761/4097] BANK2_BL-09_all__T_a_exec-calc_shares_cross_timing-both_days_input_field-raw_rsi_exit-level_rsi_smoothing-wilder_same_bar_reentry-allowed_warmup-ready_per_rule: ok fills=280 (62.7s)
[1762/4097] BANK2_BL-09_all__T_a_exec-calc_shares_cross_timing-both_days_input_field-adjusted_rsi_exit-level_rsi_smoothing-wilder_same_bar_reentry-wait_bar_warmup-ready_per_rule: ok fills=266 (71.6s)
[1763/4097] BANK2_BL-09_all__T_a_exec-calc_shares_cross_timing-today_ma_input_field-raw_rsi_exit-level_rsi_smoothing-wilder_same_bar_reentry-allowed_warmup-ready_per_rule: ok fills=278 (74.4s)
[1764/4097] BANK2_BL-09_all__T_a_exec-calc_shares_cross_timing-today_ma_input_field-adjusted_rsi_exit-level_rsi_smoothing-wilder_same_bar_reentry-wait_bar_warmup-ready_per_rule: ok fills=262 (65.5s)
[1765/4097] BANK2_BL-09_all__T_a_exec-calc_shares_cross_timing-both_days_input_field-raw_rsi_exit-level_rsi_smoothing-wilder_same_bar_reentry-wait_bar_warmup-ready_per_rule: ok fills=278 (67.2s)
[1766/4097] BANK2_BL-09_all__T_a_exec-set_holdings_cross_timing-today_ma_input_field-adjusted_rsi_exit-level_rsi_smoothing-wilder_same_bar_reentry-allowed_warmup-ready_per_rule: ok fills=266 (63.4s)
[1767/4097] BANK2_BL-09_all__T_a_exec-calc_shares_cross_timing-today_ma_input_field-raw_rsi_exit-level_rsi_smoothing-wilder_same_bar_reentry-wait_bar_warmup-ready_per_rule: ok fills=276 (66.0s)
[1768/4097] BANK2_BL-09_all__T_a_exec-calc_shares_cross_timing-both_days_input_field-adjusted_rsi_exit-cross_rsi_smoothing-wilder_same_bar_reentry-allowed_warmup-strict: cached
[1769/4097] BANK2_BL-09_all__T_a_exec-calc_shares_cross_timing-today_ma_input_field-adjusted_rsi_exit-cross_rsi_smoothing-wilder_same_bar_reentry-allowed_warmup-strict: cached
[1770/4097] BANK2_BL-09_all__T_a_exec-calc_shares_cross_timing-both_days_input_field-raw_rsi_exit-cross_rsi_smoothing-wilder_same_bar_reentry-allowed_warmup-strict: cached
[1771/4097] BANK2_BL-09_all__T_a_exec-calc_shares_cross_timing-today_ma_input_field-raw_rsi_exit-cross_rsi_smoothing-wilder_same_bar_reentry-allowed_warmup-strict: cached
[1772/4097] BANK2_BL-09_all__T_a_exec-calc_shares_cross_timing-both_days_input_field-adjusted_rsi_exit-cross_rsi_smoothing-wilder_same_bar_reentry-wait_bar_warmup-strict: cached
[1773/4097] BANK2_BL-09_all__T_a_exec-calc_shares_cross_timing-today_ma_input_field-adjusted_rsi_exit-cross_rsi_smoothing-wilder_same_bar_reentry-wait_bar_warmup-strict: cached
[1774/4097] BANK2_BL-09_all__T_a_exec-calc_shares_cross_timing-both_days_input_field-raw_rsi_exit-cross_rsi_smoothing-wilder_same_bar_reentry-wait_bar_warmup-strict: cached
[1775/4097] BANK2_BL-09_all__T_a_exec-calc_shares_cross_timing-today_ma_input_field-raw_rsi_exit-cross_rsi_smoothing-wilder_same_bar_reentry-wait_bar_warmup-strict: cached
[1776/4097] BANK2_BL-09_all__T_a_exec-set_holdings_cross_timing-both_days_input_field-adjusted_rsi_exit-cross_rsi_smoothing-wilder_same_bar_reentry-allowed_warmup-strict: cached
[1777/4097] BANK2_BL-09_all__T_a_exec-set_holdings_cross_timing-today_ma_input_field-adjusted_rsi_exit-cross_rsi_smoothing-wilder_same_bar_reentry-allowed_warmup-strict: cached
[1778/4097] BANK2_BL-09_all__T_a_exec-set_holdings_cross_timing-both_days_input_field-raw_rsi_exit-cross_rsi_smoothing-wilder_same_bar_reentry-allowed_warmup-strict: cached
[1779/4097] BANK2_BL-09_all__T_a_exec-set_holdings_cross_timing-today_ma_input_field-raw_rsi_exit-cross_rsi_smoothing-wilder_same_bar_reentry-allowed_warmup-strict: cached
[1780/4097] BANK2_BL-09_all__T_a_exec-set_holdings_cross_timing-both_days_input_field-adjusted_rsi_exit-cross_rsi_smoothing-wilder_same_bar_reentry-wait_bar_warmup-strict: cached
[1781/4097] BANK2_BL-09_all__T_a_exec-set_holdings_cross_timing-today_ma_input_field-adjusted_rsi_exit-cross_rsi_smoothing-wilder_same_bar_reentry-wait_bar_warmup-strict: cached
[1782/4097] BANK2_BL-09_all__T_a_exec-set_holdings_cross_timing-both_days_input_field-raw_rsi_exit-cross_rsi_smoothing-wilder_same_bar_reentry-wait_bar_warmup-strict: cached
[1783/4097] BANK2_BL-09_all__T_a_exec-set_holdings_cross_timing-today_ma_input_field-raw_rsi_exit-cross_rsi_smoothing-wilder_same_bar_reentry-wait_bar_warmup-strict: cached
[1784/4097] BANK2_BL-09_all__T_a_exec-calc_shares_cross_timing-both_days_input_field-adjusted_rsi_exit-cross_rsi_smoothing-wilder_same_bar_reentry-allowed_warmup-ready_check: cached
[1785/4097] BANK2_BL-09_all__T_a_exec-calc_shares_cross_timing-today_ma_input_field-adjusted_rsi_exit-cross_rsi_smoothing-wilder_same_bar_reentry-allowed_warmup-ready_check: cached
[1786/4097] BANK2_BL-09_all__T_a_exec-calc_shares_cross_timing-both_days_input_field-raw_rsi_exit-cross_rsi_smoothing-wilder_same_bar_reentry-allowed_warmup-ready_check: cached
[1787/4097] BANK2_BL-09_all__T_a_exec-calc_shares_cross_timing-today_ma_input_field-raw_rsi_exit-cross_rsi_smoothing-wilder_same_bar_reentry-allowed_warmup-ready_check: cached
[1788/4097] BANK2_BL-09_all__T_a_exec-calc_shares_cross_timing-both_days_input_field-adjusted_rsi_exit-cross_rsi_smoothing-wilder_same_bar_reentry-wait_bar_warmup-ready_check: cached
[1789/4097] BANK2_BL-09_all__T_a_exec-calc_shares_cross_timing-today_ma_input_field-adjusted_rsi_exit-cross_rsi_smoothing-wilder_same_bar_reentry-wait_bar_warmup-ready_check: cached
[1790/4097] BANK2_BL-09_all__T_a_exec-calc_shares_cross_timing-both_days_input_field-raw_rsi_exit-cross_rsi_smoothing-wilder_same_bar_reentry-wait_bar_warmup-ready_check: cached
[1791/4097] BANK2_BL-09_all__T_a_exec-calc_shares_cross_timing-today_ma_input_field-raw_rsi_exit-cross_rsi_smoothing-wilder_same_bar_reentry-wait_bar_warmup-ready_check: cached
[1792/4097] BANK2_BL-09_all__T_a_exec-set_holdings_cross_timing-both_days_input_field-adjusted_rsi_exit-cross_rsi_smoothing-wilder_same_bar_reentry-allowed_warmup-ready_check: cached
[1793/4097] BANK2_BL-09_all__T_a_exec-set_holdings_cross_timing-today_ma_input_field-adjusted_rsi_exit-cross_rsi_smoothing-wilder_same_bar_reentry-allowed_warmup-ready_check: cached
[1794/4097] BANK2_BL-09_all__T_a_exec-set_holdings_cross_timing-both_days_input_field-raw_rsi_exit-cross_rsi_smoothing-wilder_same_bar_reentry-allowed_warmup-ready_check: cached
[1795/4097] BANK2_BL-09_all__T_a_exec-set_holdings_cross_timing-today_ma_input_field-raw_rsi_exit-cross_rsi_smoothing-wilder_same_bar_reentry-allowed_warmup-ready_check: cached
[1796/4097] BANK2_BL-09_all__T_a_exec-set_holdings_cross_timing-both_days_input_field-adjusted_rsi_exit-cross_rsi_smoothing-wilder_same_bar_reentry-wait_bar_warmup-ready_check: cached
[1797/4097] BANK2_BL-09_all__T_a_exec-set_holdings_cross_timing-today_ma_input_field-adjusted_rsi_exit-cross_rsi_smoothing-wilder_same_bar_reentry-wait_bar_warmup-ready_check: cached
[1798/4097] BANK2_BL-09_all__T_a_exec-set_holdings_cross_timing-both_days_input_field-raw_rsi_exit-cross_rsi_smoothing-wilder_same_bar_reentry-wait_bar_warmup-ready_check: cached
[1799/4097] BANK2_BL-09_all__T_a_exec-set_holdings_cross_timing-today_ma_input_field-raw_rsi_exit-cross_rsi_smoothing-wilder_same_bar_reentry-wait_bar_warmup-ready_check: cached
[1800/4097] BANK2_BL-09_all__T_a_exec-set_holdings_cross_timing-both_days_input_field-adjusted_rsi_exit-level_rsi_smoothing-wilder_same_bar_reentry-allowed_warmup-ready_per_rule: ok fills=270 (66.3s)
[1801/4097] BANK2_BL-09_all__T_a_exec-set_holdings_cross_timing-both_days_input_field-raw_rsi_exit-level_rsi_smoothing-wilder_same_bar_reentry-allowed_warmup-ready_per_rule: ok fills=280 (65.4s)
[1802/4097] BANK2_BL-09_all__T_a_exec-set_holdings_cross_timing-today_ma_input_field-raw_rsi_exit-level_rsi_smoothing-wilder_same_bar_reentry-allowed_warmup-ready_per_rule: ok fills=278 (66.4s)
[1803/4097] BANK2_BL-09_all__T_a_exec-set_holdings_cross_timing-both_days_input_field-adjusted_rsi_exit-level_rsi_smoothing-wilder_same_bar_reentry-wait_bar_warmup-ready_per_rule: ok fills=266 (71.3s)
[1804/4097] BANK2_BL-09_all__T_a_exec-set_holdings_cross_timing-today_ma_input_field-adjusted_rsi_exit-level_rsi_smoothing-wilder_same_bar_reentry-wait_bar_warmup-ready_per_rule: ok fills=262 (69.6s)
[1805/4097] BANK2_BL-09_all__T_a_exec-set_holdings_cross_timing-both_days_input_field-raw_rsi_exit-level_rsi_smoothing-wilder_same_bar_reentry-wait_bar_warmup-ready_per_rule: ok fills=278 (67.7s)
[1806/4097] BANK2_BL-09_all__T_a_exec-calc_shares_cross_timing-both_days_input_field-adjusted_rsi_exit-cross_rsi_smoothing-wilder_same_bar_reentry-allowed_warmup-ready_per_rule: ok fills=250 (68.5s)
[1807/4097] BANK2_BL-09_all__T_a_exec-set_holdings_cross_timing-today_ma_input_field-raw_rsi_exit-level_rsi_smoothing-wilder_same_bar_reentry-wait_bar_warmup-ready_per_rule: ok fills=276 (70.8s)
[1808/4097] BANK2_BL-09_all__T_a_exec-calc_shares_cross_timing-today_ma_input_field-adjusted_rsi_exit-cross_rsi_smoothing-wilder_same_bar_reentry-allowed_warmup-ready_per_rule: ok fills=246 (72.0s)
[1809/4097] BANK2_BL-09_all__T_a_exec-calc_shares_cross_timing-both_days_input_field-raw_rsi_exit-cross_rsi_smoothing-wilder_same_bar_reentry-allowed_warmup-ready_per_rule: ok fills=264 (72.4s)
[1810/4097] BANK2_BL-09_all__T_a_exec-calc_shares_cross_timing-today_ma_input_field-raw_rsi_exit-cross_rsi_smoothing-wilder_same_bar_reentry-allowed_warmup-ready_per_rule: ok fills=262 (63.1s)
[1811/4097] BANK2_BL-09_all__T_a_exec-calc_shares_cross_timing-today_ma_input_field-adjusted_rsi_exit-cross_rsi_smoothing-wilder_same_bar_reentry-wait_bar_warmup-ready_per_rule: ok fills=246 (68.1s)
[1812/4097] BANK2_BL-09_all__T_a_exec-calc_shares_cross_timing-both_days_input_field-adjusted_rsi_exit-cross_rsi_smoothing-wilder_same_bar_reentry-wait_bar_warmup-ready_per_rule: ok fills=250 (73.4s)
[1813/4097] BANK2_BL-09_all__T_a_exec-calc_shares_cross_timing-both_days_input_field-raw_rsi_exit-cross_rsi_smoothing-wilder_same_bar_reentry-wait_bar_warmup-ready_per_rule: ok fills=264 (69.2s)
[1814/4097] BANK2_BL-09_all__T_a_exec-calc_shares_cross_timing-today_ma_input_field-raw_rsi_exit-cross_rsi_smoothing-wilder_same_bar_reentry-wait_bar_warmup-ready_per_rule: ok fills=262 (67.3s)
[1815/4097] BANK2_BL-09_all__T_a_exec-set_holdings_cross_timing-both_days_input_field-adjusted_rsi_exit-cross_rsi_smoothing-wilder_same_bar_reentry-allowed_warmup-ready_per_rule: ok fills=250 (68.4s)
[1816/4097] BANK2_BL-09_all__T_a_exec-calc_shares_cross_timing-both_days_input_field-adjusted_rsi_exit-level_rsi_smoothing-simple_same_bar_reentry-allowed_warmup-strict: cached
[1817/4097] BANK2_BL-09_all__T_a_exec-calc_shares_cross_timing-today_ma_input_field-adjusted_rsi_exit-level_rsi_smoothing-simple_same_bar_reentry-allowed_warmup-strict: cached
[1818/4097] BANK2_BL-09_all__T_a_exec-calc_shares_cross_timing-both_days_input_field-raw_rsi_exit-level_rsi_smoothing-simple_same_bar_reentry-allowed_warmup-strict: cached
[1819/4097] BANK2_BL-09_all__T_a_exec-calc_shares_cross_timing-today_ma_input_field-raw_rsi_exit-level_rsi_smoothing-simple_same_bar_reentry-allowed_warmup-strict: cached
[1820/4097] BANK2_BL-09_all__T_a_exec-calc_shares_cross_timing-both_days_input_field-adjusted_rsi_exit-level_rsi_smoothing-simple_same_bar_reentry-wait_bar_warmup-strict: cached
[1821/4097] BANK2_BL-09_all__T_a_exec-calc_shares_cross_timing-today_ma_input_field-adjusted_rsi_exit-level_rsi_smoothing-simple_same_bar_reentry-wait_bar_warmup-strict: cached
[1822/4097] BANK2_BL-09_all__T_a_exec-calc_shares_cross_timing-both_days_input_field-raw_rsi_exit-level_rsi_smoothing-simple_same_bar_reentry-wait_bar_warmup-strict: cached
[1823/4097] BANK2_BL-09_all__T_a_exec-calc_shares_cross_timing-today_ma_input_field-raw_rsi_exit-level_rsi_smoothing-simple_same_bar_reentry-wait_bar_warmup-strict: cached
[1824/4097] BANK2_BL-09_all__T_a_exec-set_holdings_cross_timing-both_days_input_field-adjusted_rsi_exit-level_rsi_smoothing-simple_same_bar_reentry-allowed_warmup-strict: cached
[1825/4097] BANK2_BL-09_all__T_a_exec-set_holdings_cross_timing-today_ma_input_field-adjusted_rsi_exit-level_rsi_smoothing-simple_same_bar_reentry-allowed_warmup-strict: cached
[1826/4097] BANK2_BL-09_all__T_a_exec-set_holdings_cross_timing-both_days_input_field-raw_rsi_exit-level_rsi_smoothing-simple_same_bar_reentry-allowed_warmup-strict: cached
[1827/4097] BANK2_BL-09_all__T_a_exec-set_holdings_cross_timing-today_ma_input_field-raw_rsi_exit-level_rsi_smoothing-simple_same_bar_reentry-allowed_warmup-strict: cached
[1828/4097] BANK2_BL-09_all__T_a_exec-set_holdings_cross_timing-both_days_input_field-adjusted_rsi_exit-level_rsi_smoothing-simple_same_bar_reentry-wait_bar_warmup-strict: cached
[1829/4097] BANK2_BL-09_all__T_a_exec-set_holdings_cross_timing-today_ma_input_field-adjusted_rsi_exit-level_rsi_smoothing-simple_same_bar_reentry-wait_bar_warmup-strict: cached
[1830/4097] BANK2_BL-09_all__T_a_exec-set_holdings_cross_timing-both_days_input_field-raw_rsi_exit-level_rsi_smoothing-simple_same_bar_reentry-wait_bar_warmup-strict: cached
[1831/4097] BANK2_BL-09_all__T_a_exec-set_holdings_cross_timing-today_ma_input_field-raw_rsi_exit-level_rsi_smoothing-simple_same_bar_reentry-wait_bar_warmup-strict: cached
[1832/4097] BANK2_BL-09_all__T_a_exec-calc_shares_cross_timing-both_days_input_field-adjusted_rsi_exit-level_rsi_smoothing-simple_same_bar_reentry-allowed_warmup-ready_check: cached
[1833/4097] BANK2_BL-09_all__T_a_exec-calc_shares_cross_timing-today_ma_input_field-adjusted_rsi_exit-level_rsi_smoothing-simple_same_bar_reentry-allowed_warmup-ready_check: cached
[1834/4097] BANK2_BL-09_all__T_a_exec-calc_shares_cross_timing-both_days_input_field-raw_rsi_exit-level_rsi_smoothing-simple_same_bar_reentry-allowed_warmup-ready_check: cached
[1835/4097] BANK2_BL-09_all__T_a_exec-calc_shares_cross_timing-today_ma_input_field-raw_rsi_exit-level_rsi_smoothing-simple_same_bar_reentry-allowed_warmup-ready_check: cached
[1836/4097] BANK2_BL-09_all__T_a_exec-calc_shares_cross_timing-both_days_input_field-adjusted_rsi_exit-level_rsi_smoothing-simple_same_bar_reentry-wait_bar_warmup-ready_check: cached
[1837/4097] BANK2_BL-09_all__T_a_exec-calc_shares_cross_timing-today_ma_input_field-adjusted_rsi_exit-level_rsi_smoothing-simple_same_bar_reentry-wait_bar_warmup-ready_check: cached
[1838/4097] BANK2_BL-09_all__T_a_exec-calc_shares_cross_timing-both_days_input_field-raw_rsi_exit-level_rsi_smoothing-simple_same_bar_reentry-wait_bar_warmup-ready_check: cached
[1839/4097] BANK2_BL-09_all__T_a_exec-calc_shares_cross_timing-today_ma_input_field-raw_rsi_exit-level_rsi_smoothing-simple_same_bar_reentry-wait_bar_warmup-ready_check: cached
[1840/4097] BANK2_BL-09_all__T_a_exec-set_holdings_cross_timing-both_days_input_field-adjusted_rsi_exit-level_rsi_smoothing-simple_same_bar_reentry-allowed_warmup-ready_check: cached
[1841/4097] BANK2_BL-09_all__T_a_exec-set_holdings_cross_timing-today_ma_input_field-adjusted_rsi_exit-level_rsi_smoothing-simple_same_bar_reentry-allowed_warmup-ready_check: cached
[1842/4097] BANK2_BL-09_all__T_a_exec-set_holdings_cross_timing-both_days_input_field-raw_rsi_exit-level_rsi_smoothing-simple_same_bar_reentry-allowed_warmup-ready_check: cached
[1843/4097] BANK2_BL-09_all__T_a_exec-set_holdings_cross_timing-today_ma_input_field-raw_rsi_exit-level_rsi_smoothing-simple_same_bar_reentry-allowed_warmup-ready_check: cached
[1844/4097] BANK2_BL-09_all__T_a_exec-set_holdings_cross_timing-both_days_input_field-adjusted_rsi_exit-level_rsi_smoothing-simple_same_bar_reentry-wait_bar_warmup-ready_check: cached
[1845/4097] BANK2_BL-09_all__T_a_exec-set_holdings_cross_timing-today_ma_input_field-adjusted_rsi_exit-level_rsi_smoothing-simple_same_bar_reentry-wait_bar_warmup-ready_check: cached
[1846/4097] BANK2_BL-09_all__T_a_exec-set_holdings_cross_timing-both_days_input_field-raw_rsi_exit-level_rsi_smoothing-simple_same_bar_reentry-wait_bar_warmup-ready_check: cached
[1847/4097] BANK2_BL-09_all__T_a_exec-set_holdings_cross_timing-today_ma_input_field-raw_rsi_exit-level_rsi_smoothing-simple_same_bar_reentry-wait_bar_warmup-ready_check: cached
[1848/4097] BANK2_BL-09_all__T_a_exec-set_holdings_cross_timing-today_ma_input_field-adjusted_rsi_exit-cross_rsi_smoothing-wilder_same_bar_reentry-allowed_warmup-ready_per_rule: ok fills=246 (66.4s)
[1849/4097] BANK2_BL-09_all__T_a_exec-set_holdings_cross_timing-both_days_input_field-raw_rsi_exit-cross_rsi_smoothing-wilder_same_bar_reentry-allowed_warmup-ready_per_rule: ok fills=264 (68.0s)
[1850/4097] BANK2_BL-09_all__T_a_exec-set_holdings_cross_timing-today_ma_input_field-raw_rsi_exit-cross_rsi_smoothing-wilder_same_bar_reentry-allowed_warmup-ready_per_rule: ok fills=262 (67.3s)
[1851/4097] BANK2_BL-09_all__T_a_exec-set_holdings_cross_timing-both_days_input_field-adjusted_rsi_exit-cross_rsi_smoothing-wilder_same_bar_reentry-wait_bar_warmup-ready_per_rule: ok fills=250 (65.6s)
[1852/4097] BANK2_BL-09_all__T_a_exec-set_holdings_cross_timing-today_ma_input_field-adjusted_rsi_exit-cross_rsi_smoothing-wilder_same_bar_reentry-wait_bar_warmup-ready_per_rule: ok fills=246 (71.1s)
[1853/4097] BANK2_BL-09_all__T_a_exec-set_holdings_cross_timing-both_days_input_field-raw_rsi_exit-cross_rsi_smoothing-wilder_same_bar_reentry-wait_bar_warmup-ready_per_rule: ok fills=264 (75.9s)
[1854/4097] BANK2_BL-09_all__T_a_exec-set_holdings_cross_timing-today_ma_input_field-raw_rsi_exit-cross_rsi_smoothing-wilder_same_bar_reentry-wait_bar_warmup-ready_per_rule: ok fills=262 (75.5s)
[1855/4097] BANK2_BL-09_all__T_a_exec-calc_shares_cross_timing-today_ma_input_field-adjusted_rsi_exit-level_rsi_smoothing-simple_same_bar_reentry-allowed_warmup-ready_per_rule: ok fills=314 (73.9s)
[1856/4097] BANK2_BL-09_all__T_a_exec-calc_shares_cross_timing-both_days_input_field-adjusted_rsi_exit-level_rsi_smoothing-simple_same_bar_reentry-allowed_warmup-ready_per_rule: ok fills=318 (74.7s)
[1857/4097] BANK2_BL-09_all__T_a_exec-calc_shares_cross_timing-both_days_input_field-raw_rsi_exit-level_rsi_smoothing-simple_same_bar_reentry-allowed_warmup-ready_per_rule: ok fills=336 (70.6s)
[1858/4097] BANK2_BL-09_all__T_a_exec-calc_shares_cross_timing-both_days_input_field-adjusted_rsi_exit-level_rsi_smoothing-simple_same_bar_reentry-wait_bar_warmup-ready_per_rule: ok fills=304 (71.2s)
[1859/4097] BANK2_BL-09_all__T_a_exec-calc_shares_cross_timing-today_ma_input_field-raw_rsi_exit-level_rsi_smoothing-simple_same_bar_reentry-allowed_warmup-ready_per_rule: ok fills=334 (87.2s)
[1860/4097] BANK2_BL-09_all__T_a_exec-calc_shares_cross_timing-today_ma_input_field-adjusted_rsi_exit-level_rsi_smoothing-simple_same_bar_reentry-wait_bar_warmup-ready_per_rule: ok fills=300 (66.6s)
[1861/4097] BANK2_BL-09_all__T_a_exec-calc_shares_cross_timing-both_days_input_field-raw_rsi_exit-level_rsi_smoothing-simple_same_bar_reentry-wait_bar_warmup-ready_per_rule: ok fills=322 (71.0s)
[1862/4097] BANK2_BL-09_all__T_a_exec-calc_shares_cross_timing-today_ma_input_field-raw_rsi_exit-level_rsi_smoothing-simple_same_bar_reentry-wait_bar_warmup-ready_per_rule: ok fills=320 (71.9s)
[1863/4097] BANK2_BL-09_all__T_a_exec-set_holdings_cross_timing-today_ma_input_field-adjusted_rsi_exit-level_rsi_smoothing-simple_same_bar_reentry-allowed_warmup-ready_per_rule: ok fills=314 (77.1s)
[1864/4097] BANK2_BL-09_all__T_a_exec-calc_shares_cross_timing-both_days_input_field-adjusted_rsi_exit-cross_rsi_smoothing-simple_same_bar_reentry-allowed_warmup-strict: cached
[1865/4097] BANK2_BL-09_all__T_a_exec-calc_shares_cross_timing-today_ma_input_field-adjusted_rsi_exit-cross_rsi_smoothing-simple_same_bar_reentry-allowed_warmup-strict: cached
[1866/4097] BANK2_BL-09_all__T_a_exec-calc_shares_cross_timing-both_days_input_field-raw_rsi_exit-cross_rsi_smoothing-simple_same_bar_reentry-allowed_warmup-strict: cached
[1867/4097] BANK2_BL-09_all__T_a_exec-calc_shares_cross_timing-today_ma_input_field-raw_rsi_exit-cross_rsi_smoothing-simple_same_bar_reentry-allowed_warmup-strict: cached
[1868/4097] BANK2_BL-09_all__T_a_exec-calc_shares_cross_timing-both_days_input_field-adjusted_rsi_exit-cross_rsi_smoothing-simple_same_bar_reentry-wait_bar_warmup-strict: cached
[1869/4097] BANK2_BL-09_all__T_a_exec-calc_shares_cross_timing-today_ma_input_field-adjusted_rsi_exit-cross_rsi_smoothing-simple_same_bar_reentry-wait_bar_warmup-strict: cached
[1870/4097] BANK2_BL-09_all__T_a_exec-calc_shares_cross_timing-both_days_input_field-raw_rsi_exit-cross_rsi_smoothing-simple_same_bar_reentry-wait_bar_warmup-strict: cached
[1871/4097] BANK2_BL-09_all__T_a_exec-calc_shares_cross_timing-today_ma_input_field-raw_rsi_exit-cross_rsi_smoothing-simple_same_bar_reentry-wait_bar_warmup-strict: cached
[1872/4097] BANK2_BL-09_all__T_a_exec-set_holdings_cross_timing-both_days_input_field-adjusted_rsi_exit-cross_rsi_smoothing-simple_same_bar_reentry-allowed_warmup-strict: cached
[1873/4097] BANK2_BL-09_all__T_a_exec-set_holdings_cross_timing-today_ma_input_field-adjusted_rsi_exit-cross_rsi_smoothing-simple_same_bar_reentry-allowed_warmup-strict: cached
[1874/4097] BANK2_BL-09_all__T_a_exec-set_holdings_cross_timing-both_days_input_field-raw_rsi_exit-cross_rsi_smoothing-simple_same_bar_reentry-allowed_warmup-strict: cached
[1875/4097] BANK2_BL-09_all__T_a_exec-set_holdings_cross_timing-today_ma_input_field-raw_rsi_exit-cross_rsi_smoothing-simple_same_bar_reentry-allowed_warmup-strict: cached
[1876/4097] BANK2_BL-09_all__T_a_exec-set_holdings_cross_timing-both_days_input_field-adjusted_rsi_exit-cross_rsi_smoothing-simple_same_bar_reentry-wait_bar_warmup-strict: cached
[1877/4097] BANK2_BL-09_all__T_a_exec-set_holdings_cross_timing-today_ma_input_field-adjusted_rsi_exit-cross_rsi_smoothing-simple_same_bar_reentry-wait_bar_warmup-strict: cached
[1878/4097] BANK2_BL-09_all__T_a_exec-set_holdings_cross_timing-both_days_input_field-raw_rsi_exit-cross_rsi_smoothing-simple_same_bar_reentry-wait_bar_warmup-strict: cached
[1879/4097] BANK2_BL-09_all__T_a_exec-set_holdings_cross_timing-today_ma_input_field-raw_rsi_exit-cross_rsi_smoothing-simple_same_bar_reentry-wait_bar_warmup-strict: cached
[1880/4097] BANK2_BL-09_all__T_a_exec-calc_shares_cross_timing-both_days_input_field-adjusted_rsi_exit-cross_rsi_smoothing-simple_same_bar_reentry-allowed_warmup-ready_check: cached
[1881/4097] BANK2_BL-09_all__T_a_exec-calc_shares_cross_timing-today_ma_input_field-adjusted_rsi_exit-cross_rsi_smoothing-simple_same_bar_reentry-allowed_warmup-ready_check: cached
[1882/4097] BANK2_BL-09_all__T_a_exec-calc_shares_cross_timing-both_days_input_field-raw_rsi_exit-cross_rsi_smoothing-simple_same_bar_reentry-allowed_warmup-ready_check: cached
[1883/4097] BANK2_BL-09_all__T_a_exec-calc_shares_cross_timing-today_ma_input_field-raw_rsi_exit-cross_rsi_smoothing-simple_same_bar_reentry-allowed_warmup-ready_check: cached
[1884/4097] BANK2_BL-09_all__T_a_exec-calc_shares_cross_timing-both_days_input_field-adjusted_rsi_exit-cross_rsi_smoothing-simple_same_bar_reentry-wait_bar_warmup-ready_check: cached
[1885/4097] BANK2_BL-09_all__T_a_exec-calc_shares_cross_timing-today_ma_input_field-adjusted_rsi_exit-cross_rsi_smoothing-simple_same_bar_reentry-wait_bar_warmup-ready_check: cached
[1886/4097] BANK2_BL-09_all__T_a_exec-calc_shares_cross_timing-both_days_input_field-raw_rsi_exit-cross_rsi_smoothing-simple_same_bar_reentry-wait_bar_warmup-ready_check: cached
[1887/4097] BANK2_BL-09_all__T_a_exec-calc_shares_cross_timing-today_ma_input_field-raw_rsi_exit-cross_rsi_smoothing-simple_same_bar_reentry-wait_bar_warmup-ready_check: cached
[1888/4097] BANK2_BL-09_all__T_a_exec-set_holdings_cross_timing-both_days_input_field-adjusted_rsi_exit-cross_rsi_smoothing-simple_same_bar_reentry-allowed_warmup-ready_check: cached
[1889/4097] BANK2_BL-09_all__T_a_exec-set_holdings_cross_timing-today_ma_input_field-adjusted_rsi_exit-cross_rsi_smoothing-simple_same_bar_reentry-allowed_warmup-ready_check: cached
[1890/4097] BANK2_BL-09_all__T_a_exec-set_holdings_cross_timing-both_days_input_field-raw_rsi_exit-cross_rsi_smoothing-simple_same_bar_reentry-allowed_warmup-ready_check: cached
[1891/4097] BANK2_BL-09_all__T_a_exec-set_holdings_cross_timing-today_ma_input_field-raw_rsi_exit-cross_rsi_smoothing-simple_same_bar_reentry-allowed_warmup-ready_check: cached
[1892/4097] BANK2_BL-09_all__T_a_exec-set_holdings_cross_timing-both_days_input_field-adjusted_rsi_exit-cross_rsi_smoothing-simple_same_bar_reentry-wait_bar_warmup-ready_check: cached
[1893/4097] BANK2_BL-09_all__T_a_exec-set_holdings_cross_timing-today_ma_input_field-adjusted_rsi_exit-cross_rsi_smoothing-simple_same_bar_reentry-wait_bar_warmup-ready_check: cached
[1894/4097] BANK2_BL-09_all__T_a_exec-set_holdings_cross_timing-both_days_input_field-raw_rsi_exit-cross_rsi_smoothing-simple_same_bar_reentry-wait_bar_warmup-ready_check: cached
[1895/4097] BANK2_BL-09_all__T_a_exec-set_holdings_cross_timing-today_ma_input_field-raw_rsi_exit-cross_rsi_smoothing-simple_same_bar_reentry-wait_bar_warmup-ready_check: cached
[1896/4097] BANK2_BL-09_all__T_a_exec-set_holdings_cross_timing-both_days_input_field-raw_rsi_exit-level_rsi_smoothing-simple_same_bar_reentry-allowed_warmup-ready_per_rule: ok fills=336 (75.0s)
[1897/4097] BANK2_BL-09_all__T_a_exec-set_holdings_cross_timing-both_days_input_field-adjusted_rsi_exit-level_rsi_smoothing-simple_same_bar_reentry-allowed_warmup-ready_per_rule: ok fills=318 (81.1s)
[1898/4097] BANK2_BL-09_all__T_a_exec-set_holdings_cross_timing-both_days_input_field-adjusted_rsi_exit-level_rsi_smoothing-simple_same_bar_reentry-wait_bar_warmup-ready_per_rule: ok fills=304 (73.7s)
[1899/4097] BANK2_BL-09_all__T_a_exec-set_holdings_cross_timing-today_ma_input_field-adjusted_rsi_exit-level_rsi_smoothing-simple_same_bar_reentry-wait_bar_warmup-ready_per_rule: ok fills=300 (74.0s)
[1900/4097] BANK2_BL-09_all__T_a_exec-set_holdings_cross_timing-today_ma_input_field-raw_rsi_exit-level_rsi_smoothing-simple_same_bar_reentry-allowed_warmup-ready_per_rule: ok fills=334 (79.1s)
[1901/4097] BANK2_BL-09_all__T_a_exec-set_holdings_cross_timing-both_days_input_field-raw_rsi_exit-level_rsi_smoothing-simple_same_bar_reentry-wait_bar_warmup-ready_per_rule: ok fills=322 (68.8s)
[1902/4097] BANK2_BL-09_all__T_a_exec-set_holdings_cross_timing-today_ma_input_field-raw_rsi_exit-level_rsi_smoothing-simple_same_bar_reentry-wait_bar_warmup-ready_per_rule: ok fills=320 (73.8s)
[1903/4097] BANK2_BL-09_all__T_a_exec-calc_shares_cross_timing-both_days_input_field-adjusted_rsi_exit-cross_rsi_smoothing-simple_same_bar_reentry-allowed_warmup-ready_per_rule: ok fills=268 (75.0s)
[1904/4097] BANK2_BL-09_all__T_a_exec-calc_shares_cross_timing-today_ma_input_field-raw_rsi_exit-cross_rsi_smoothing-simple_same_bar_reentry-wait_bar_warmup-ready_per_rule: exit=1 fills=None (9.3s)
[1905/4097] BANK2_BL-09_all__T_a_exec-calc_shares_cross_timing-both_days_input_field-raw_rsi_exit-cross_rsi_smoothing-simple_same_bar_reentry-allowed_warmup-ready_per_rule: ok fills=288 (73.6s)
[1906/4097] BANK2_BL-09_all__T_a_exec-calc_shares_cross_timing-today_ma_input_field-adjusted_rsi_exit-cross_rsi_smoothing-simple_same_bar_reentry-allowed_warmup-ready_per_rule: ok fills=264 (75.4s)
[1907/4097] BANK2_BL-09_all__T_a_exec-calc_shares_cross_timing-today_ma_input_field-raw_rsi_exit-cross_rsi_smoothing-simple_same_bar_reentry-allowed_warmup-ready_per_rule: ok fills=286 (70.3s)
[1908/4097] BANK2_BL-09_all__T_a_exec-calc_shares_cross_timing-both_days_input_field-adjusted_rsi_exit-cross_rsi_smoothing-simple_same_bar_reentry-wait_bar_warmup-ready_per_rule: ok fills=268 (74.8s)
[1909/4097] BANK2_BL-09_all__T_a_exec-calc_shares_cross_timing-today_ma_input_field-adjusted_rsi_exit-cross_rsi_smoothing-simple_same_bar_reentry-wait_bar_warmup-ready_per_rule: ok fills=264 (71.4s)
[1910/4097] BANK2_BL-09_all__T_a_exec-calc_shares_cross_timing-both_days_input_field-raw_rsi_exit-cross_rsi_smoothing-simple_same_bar_reentry-wait_bar_warmup-ready_per_rule: ok fills=288 (69.7s)
[1911/4097] BANK2_BL-09_all__T_a_exec-set_holdings_cross_timing-today_ma_input_field-adjusted_rsi_exit-cross_rsi_smoothing-simple_same_bar_reentry-allowed_warmup-ready_per_rule: ok fills=264 (66.5s)
[1912/4097] BANK2_BL-09_half_down_lastsell__ref: cached
[1913/4097] BANK2_BL-09_half_down_lastsell__T_a_exec-calc_shares_cross_timing-today_ma_input_field-adjusted_rsi_exit-level_rsi_smoothing-wilder_same_bar_reentry-allowed_warmup-strict: cached
[1914/4097] BANK2_BL-09_half_down_lastsell__T_a_exec-calc_shares_cross_timing-both_days_input_field-raw_rsi_exit-level_rsi_smoothing-wilder_same_bar_reentry-allowed_warmup-strict: cached
[1915/4097] BANK2_BL-09_half_down_lastsell__T_a_exec-calc_shares_cross_timing-today_ma_input_field-raw_rsi_exit-level_rsi_smoothing-wilder_same_bar_reentry-allowed_warmup-strict: cached
[1916/4097] BANK2_BL-09_half_down_lastsell__T_a_exec-calc_shares_cross_timing-both_days_input_field-adjusted_rsi_exit-level_rsi_smoothing-wilder_same_bar_reentry-wait_bar_warmup-strict: cached
[1917/4097] BANK2_BL-09_half_down_lastsell__T_a_exec-calc_shares_cross_timing-today_ma_input_field-adjusted_rsi_exit-level_rsi_smoothing-wilder_same_bar_reentry-wait_bar_warmup-strict: cached
[1918/4097] BANK2_BL-09_half_down_lastsell__T_a_exec-calc_shares_cross_timing-both_days_input_field-raw_rsi_exit-level_rsi_smoothing-wilder_same_bar_reentry-wait_bar_warmup-strict: cached
[1919/4097] BANK2_BL-09_half_down_lastsell__T_a_exec-calc_shares_cross_timing-today_ma_input_field-raw_rsi_exit-level_rsi_smoothing-wilder_same_bar_reentry-wait_bar_warmup-strict: cached
[1920/4097] BANK2_BL-09_half_down_lastsell__T_a_exec-set_holdings_cross_timing-both_days_input_field-adjusted_rsi_exit-level_rsi_smoothing-wilder_same_bar_reentry-allowed_warmup-strict: cached
[1921/4097] BANK2_BL-09_half_down_lastsell__T_a_exec-set_holdings_cross_timing-today_ma_input_field-adjusted_rsi_exit-level_rsi_smoothing-wilder_same_bar_reentry-allowed_warmup-strict: cached
[1922/4097] BANK2_BL-09_half_down_lastsell__T_a_exec-set_holdings_cross_timing-both_days_input_field-raw_rsi_exit-level_rsi_smoothing-wilder_same_bar_reentry-allowed_warmup-strict: cached
[1923/4097] BANK2_BL-09_half_down_lastsell__T_a_exec-set_holdings_cross_timing-today_ma_input_field-raw_rsi_exit-level_rsi_smoothing-wilder_same_bar_reentry-allowed_warmup-strict: cached
[1924/4097] BANK2_BL-09_half_down_lastsell__T_a_exec-set_holdings_cross_timing-both_days_input_field-adjusted_rsi_exit-level_rsi_smoothing-wilder_same_bar_reentry-wait_bar_warmup-strict: cached
[1925/4097] BANK2_BL-09_half_down_lastsell__T_a_exec-set_holdings_cross_timing-today_ma_input_field-adjusted_rsi_exit-level_rsi_smoothing-wilder_same_bar_reentry-wait_bar_warmup-strict: cached
[1926/4097] BANK2_BL-09_half_down_lastsell__T_a_exec-set_holdings_cross_timing-both_days_input_field-raw_rsi_exit-level_rsi_smoothing-wilder_same_bar_reentry-wait_bar_warmup-strict: cached
[1927/4097] BANK2_BL-09_half_down_lastsell__T_a_exec-set_holdings_cross_timing-today_ma_input_field-raw_rsi_exit-level_rsi_smoothing-wilder_same_bar_reentry-wait_bar_warmup-strict: cached
[1928/4097] BANK2_BL-09_half_down_lastsell__T_a_exec-calc_shares_cross_timing-both_days_input_field-adjusted_rsi_exit-level_rsi_smoothing-wilder_same_bar_reentry-allowed_warmup-ready_check: cached
[1929/4097] BANK2_BL-09_half_down_lastsell__T_a_exec-calc_shares_cross_timing-today_ma_input_field-adjusted_rsi_exit-level_rsi_smoothing-wilder_same_bar_reentry-allowed_warmup-ready_check: cached
[1930/4097] BANK2_BL-09_half_down_lastsell__T_a_exec-calc_shares_cross_timing-both_days_input_field-raw_rsi_exit-level_rsi_smoothing-wilder_same_bar_reentry-allowed_warmup-ready_check: cached
[1931/4097] BANK2_BL-09_half_down_lastsell__T_a_exec-calc_shares_cross_timing-today_ma_input_field-raw_rsi_exit-level_rsi_smoothing-wilder_same_bar_reentry-allowed_warmup-ready_check: cached
[1932/4097] BANK2_BL-09_half_down_lastsell__T_a_exec-calc_shares_cross_timing-both_days_input_field-adjusted_rsi_exit-level_rsi_smoothing-wilder_same_bar_reentry-wait_bar_warmup-ready_check: cached
[1933/4097] BANK2_BL-09_half_down_lastsell__T_a_exec-calc_shares_cross_timing-today_ma_input_field-adjusted_rsi_exit-level_rsi_smoothing-wilder_same_bar_reentry-wait_bar_warmup-ready_check: cached
[1934/4097] BANK2_BL-09_half_down_lastsell__T_a_exec-calc_shares_cross_timing-both_days_input_field-raw_rsi_exit-level_rsi_smoothing-wilder_same_bar_reentry-wait_bar_warmup-ready_check: cached
[1935/4097] BANK2_BL-09_half_down_lastsell__T_a_exec-calc_shares_cross_timing-today_ma_input_field-raw_rsi_exit-level_rsi_smoothing-wilder_same_bar_reentry-wait_bar_warmup-ready_check: cached
[1936/4097] BANK2_BL-09_half_down_lastsell__T_a_exec-set_holdings_cross_timing-both_days_input_field-adjusted_rsi_exit-level_rsi_smoothing-wilder_same_bar_reentry-allowed_warmup-ready_check: cached
[1937/4097] BANK2_BL-09_half_down_lastsell__T_a_exec-set_holdings_cross_timing-today_ma_input_field-adjusted_rsi_exit-level_rsi_smoothing-wilder_same_bar_reentry-allowed_warmup-ready_check: cached
[1938/4097] BANK2_BL-09_half_down_lastsell__T_a_exec-set_holdings_cross_timing-both_days_input_field-raw_rsi_exit-level_rsi_smoothing-wilder_same_bar_reentry-allowed_warmup-ready_check: cached
[1939/4097] BANK2_BL-09_half_down_lastsell__T_a_exec-set_holdings_cross_timing-today_ma_input_field-raw_rsi_exit-level_rsi_smoothing-wilder_same_bar_reentry-allowed_warmup-ready_check: cached
[1940/4097] BANK2_BL-09_half_down_lastsell__T_a_exec-set_holdings_cross_timing-both_days_input_field-adjusted_rsi_exit-level_rsi_smoothing-wilder_same_bar_reentry-wait_bar_warmup-ready_check: cached
[1941/4097] BANK2_BL-09_half_down_lastsell__T_a_exec-set_holdings_cross_timing-today_ma_input_field-adjusted_rsi_exit-level_rsi_smoothing-wilder_same_bar_reentry-wait_bar_warmup-ready_check: cached
[1942/4097] BANK2_BL-09_half_down_lastsell__T_a_exec-set_holdings_cross_timing-both_days_input_field-raw_rsi_exit-level_rsi_smoothing-wilder_same_bar_reentry-wait_bar_warmup-ready_check: cached
[1943/4097] BANK2_BL-09_half_down_lastsell__T_a_exec-set_holdings_cross_timing-today_ma_input_field-raw_rsi_exit-level_rsi_smoothing-wilder_same_bar_reentry-wait_bar_warmup-ready_check: cached
[1944/4097] BANK2_BL-09_all__T_a_exec-set_holdings_cross_timing-both_days_input_field-raw_rsi_exit-cross_rsi_smoothing-simple_same_bar_reentry-allowed_warmup-ready_per_rule: ok fills=288 (71.9s)
[1945/4097] BANK2_BL-09_all__T_a_exec-set_holdings_cross_timing-both_days_input_field-adjusted_rsi_exit-cross_rsi_smoothing-simple_same_bar_reentry-allowed_warmup-ready_per_rule: ok fills=268 (79.4s)
[1946/4097] BANK2_BL-09_all__T_a_exec-set_holdings_cross_timing-today_ma_input_field-raw_rsi_exit-cross_rsi_smoothing-simple_same_bar_reentry-allowed_warmup-ready_per_rule: ok fills=286 (76.6s)
[1947/4097] BANK2_BL-09_half_down_lastsell__T_a_exec-calc_shares_cross_timing-both_days_input_field-adjusted_rsi_exit-level_rsi_smoothing-wilder_same_bar_reentry-allowed_warmup-ready_per_rule: exit=1 fills=None (13.4s)
[1948/4097] BANK2_BL-09_all__T_a_exec-set_holdings_cross_timing-both_days_input_field-adjusted_rsi_exit-cross_rsi_smoothing-simple_same_bar_reentry-wait_bar_warmup-ready_per_rule: ok fills=268 (74.4s)
[1949/4097] BANK2_BL-09_half_down_lastsell__T_a_exec-calc_shares_cross_timing-today_ma_input_field-raw_rsi_exit-level_rsi_smoothing-wilder_same_bar_reentry-allowed_warmup-ready_per_rule: exit=1 fills=None (15.7s)
[1950/4097] BANK2_BL-09_half_down_lastsell__T_a_exec-calc_shares_cross_timing-both_days_input_field-adjusted_rsi_exit-level_rsi_smoothing-wilder_same_bar_reentry-wait_bar_warmup-ready_per_rule: exit=1 fills=None (14.8s)
[1951/4097] BANK2_BL-09_all__T_a_exec-set_holdings_cross_timing-both_days_input_field-raw_rsi_exit-cross_rsi_smoothing-simple_same_bar_reentry-wait_bar_warmup-ready_per_rule: ok fills=288 (69.1s)
[1952/4097] BANK2_BL-09_all__T_a_exec-set_holdings_cross_timing-today_ma_input_field-adjusted_rsi_exit-cross_rsi_smoothing-simple_same_bar_reentry-wait_bar_warmup-ready_per_rule: ok fills=264 (71.5s)
[1953/4097] BANK2_BL-09_all__T_a_exec-set_holdings_cross_timing-today_ma_input_field-raw_rsi_exit-cross_rsi_smoothing-simple_same_bar_reentry-wait_bar_warmup-ready_per_rule: ok fills=286 (65.2s)
[1954/4097] BANK2_BL-09_half_down_lastsell__T_a_exec-calc_shares_cross_timing-today_ma_input_field-adjusted_rsi_exit-level_rsi_smoothing-wilder_same_bar_reentry-allowed_warmup-ready_per_rule: ok fills=217 (59.5s)
[1955/4097] BANK2_BL-09_half_down_lastsell__T_a_exec-calc_shares_cross_timing-both_days_input_field-raw_rsi_exit-level_rsi_smoothing-wilder_same_bar_reentry-allowed_warmup-ready_per_rule: ok fills=218 (60.9s)
[1956/4097] BANK2_BL-09_half_down_lastsell__T_a_exec-calc_shares_cross_timing-today_ma_input_field-adjusted_rsi_exit-level_rsi_smoothing-wilder_same_bar_reentry-wait_bar_warmup-ready_per_rule: ok fills=213 (57.0s)
[1957/4097] BANK2_BL-09_half_down_lastsell__T_a_exec-calc_shares_cross_timing-today_ma_input_field-raw_rsi_exit-level_rsi_smoothing-wilder_same_bar_reentry-wait_bar_warmup-ready_per_rule: ok fills=216 (63.2s)
[1958/4097] BANK2_BL-09_half_down_lastsell__T_a_exec-set_holdings_cross_timing-both_days_input_field-adjusted_rsi_exit-level_rsi_smoothing-wilder_same_bar_reentry-allowed_warmup-ready_per_rule: ok fills=217 (67.2s)
[1959/4097] BANK2_BL-09_half_down_lastsell__T_a_exec-calc_shares_cross_timing-both_days_input_field-raw_rsi_exit-level_rsi_smoothing-wilder_same_bar_reentry-wait_bar_warmup-ready_per_rule: ok fills=216 (67.9s)
[1960/4097] BANK2_BL-09_half_down_lastsell__T_a_exec-calc_shares_cross_timing-both_days_input_field-adjusted_rsi_exit-cross_rsi_smoothing-wilder_same_bar_reentry-allowed_warmup-strict: cached
[1961/4097] BANK2_BL-09_half_down_lastsell__T_a_exec-calc_shares_cross_timing-today_ma_input_field-adjusted_rsi_exit-cross_rsi_smoothing-wilder_same_bar_reentry-allowed_warmup-strict: cached
[1962/4097] BANK2_BL-09_half_down_lastsell__T_a_exec-calc_shares_cross_timing-both_days_input_field-raw_rsi_exit-cross_rsi_smoothing-wilder_same_bar_reentry-allowed_warmup-strict: cached
[1963/4097] BANK2_BL-09_half_down_lastsell__T_a_exec-calc_shares_cross_timing-today_ma_input_field-raw_rsi_exit-cross_rsi_smoothing-wilder_same_bar_reentry-allowed_warmup-strict: cached
[1964/4097] BANK2_BL-09_half_down_lastsell__T_a_exec-calc_shares_cross_timing-both_days_input_field-adjusted_rsi_exit-cross_rsi_smoothing-wilder_same_bar_reentry-wait_bar_warmup-strict: cached
[1965/4097] BANK2_BL-09_half_down_lastsell__T_a_exec-calc_shares_cross_timing-today_ma_input_field-adjusted_rsi_exit-cross_rsi_smoothing-wilder_same_bar_reentry-wait_bar_warmup-strict: cached
[1966/4097] BANK2_BL-09_half_down_lastsell__T_a_exec-calc_shares_cross_timing-both_days_input_field-raw_rsi_exit-cross_rsi_smoothing-wilder_same_bar_reentry-wait_bar_warmup-strict: cached
[1967/4097] BANK2_BL-09_half_down_lastsell__T_a_exec-calc_shares_cross_timing-today_ma_input_field-raw_rsi_exit-cross_rsi_smoothing-wilder_same_bar_reentry-wait_bar_warmup-strict: cached
[1968/4097] BANK2_BL-09_half_down_lastsell__T_a_exec-set_holdings_cross_timing-both_days_input_field-adjusted_rsi_exit-cross_rsi_smoothing-wilder_same_bar_reentry-allowed_warmup-strict: cached
[1969/4097] BANK2_BL-09_half_down_lastsell__T_a_exec-set_holdings_cross_timing-today_ma_input_field-adjusted_rsi_exit-cross_rsi_smoothing-wilder_same_bar_reentry-allowed_warmup-strict: cached
[1970/4097] BANK2_BL-09_half_down_lastsell__T_a_exec-set_holdings_cross_timing-both_days_input_field-raw_rsi_exit-cross_rsi_smoothing-wilder_same_bar_reentry-allowed_warmup-strict: cached
[1971/4097] BANK2_BL-09_half_down_lastsell__T_a_exec-set_holdings_cross_timing-today_ma_input_field-raw_rsi_exit-cross_rsi_smoothing-wilder_same_bar_reentry-allowed_warmup-strict: cached
[1972/4097] BANK2_BL-09_half_down_lastsell__T_a_exec-set_holdings_cross_timing-both_days_input_field-adjusted_rsi_exit-cross_rsi_smoothing-wilder_same_bar_reentry-wait_bar_warmup-strict: cached
[1973/4097] BANK2_BL-09_half_down_lastsell__T_a_exec-set_holdings_cross_timing-today_ma_input_field-adjusted_rsi_exit-cross_rsi_smoothing-wilder_same_bar_reentry-wait_bar_warmup-strict: cached
[1974/4097] BANK2_BL-09_half_down_lastsell__T_a_exec-set_holdings_cross_timing-both_days_input_field-raw_rsi_exit-cross_rsi_smoothing-wilder_same_bar_reentry-wait_bar_warmup-strict: cached
[1975/4097] BANK2_BL-09_half_down_lastsell__T_a_exec-set_holdings_cross_timing-today_ma_input_field-raw_rsi_exit-cross_rsi_smoothing-wilder_same_bar_reentry-wait_bar_warmup-strict: cached
[1976/4097] BANK2_BL-09_half_down_lastsell__T_a_exec-calc_shares_cross_timing-both_days_input_field-adjusted_rsi_exit-cross_rsi_smoothing-wilder_same_bar_reentry-allowed_warmup-ready_check: cached
[1977/4097] BANK2_BL-09_half_down_lastsell__T_a_exec-calc_shares_cross_timing-today_ma_input_field-adjusted_rsi_exit-cross_rsi_smoothing-wilder_same_bar_reentry-allowed_warmup-ready_check: cached
[1978/4097] BANK2_BL-09_half_down_lastsell__T_a_exec-calc_shares_cross_timing-both_days_input_field-raw_rsi_exit-cross_rsi_smoothing-wilder_same_bar_reentry-allowed_warmup-ready_check: cached
[1979/4097] BANK2_BL-09_half_down_lastsell__T_a_exec-calc_shares_cross_timing-today_ma_input_field-raw_rsi_exit-cross_rsi_smoothing-wilder_same_bar_reentry-allowed_warmup-ready_check: cached
[1980/4097] BANK2_BL-09_half_down_lastsell__T_a_exec-calc_shares_cross_timing-both_days_input_field-adjusted_rsi_exit-cross_rsi_smoothing-wilder_same_bar_reentry-wait_bar_warmup-ready_check: cached
[1981/4097] BANK2_BL-09_half_down_lastsell__T_a_exec-calc_shares_cross_timing-today_ma_input_field-adjusted_rsi_exit-cross_rsi_smoothing-wilder_same_bar_reentry-wait_bar_warmup-ready_check: cached
[1982/4097] BANK2_BL-09_half_down_lastsell__T_a_exec-calc_shares_cross_timing-both_days_input_field-raw_rsi_exit-cross_rsi_smoothing-wilder_same_bar_reentry-wait_bar_warmup-ready_check: cached
[1983/4097] BANK2_BL-09_half_down_lastsell__T_a_exec-calc_shares_cross_timing-today_ma_input_field-raw_rsi_exit-cross_rsi_smoothing-wilder_same_bar_reentry-wait_bar_warmup-ready_check: cached
[1984/4097] BANK2_BL-09_half_down_lastsell__T_a_exec-set_holdings_cross_timing-both_days_input_field-adjusted_rsi_exit-cross_rsi_smoothing-wilder_same_bar_reentry-allowed_warmup-ready_check: cached
[1985/4097] BANK2_BL-09_half_down_lastsell__T_a_exec-set_holdings_cross_timing-today_ma_input_field-adjusted_rsi_exit-cross_rsi_smoothing-wilder_same_bar_reentry-allowed_warmup-ready_check: cached
[1986/4097] BANK2_BL-09_half_down_lastsell__T_a_exec-set_holdings_cross_timing-both_days_input_field-raw_rsi_exit-cross_rsi_smoothing-wilder_same_bar_reentry-allowed_warmup-ready_check: cached
[1987/4097] BANK2_BL-09_half_down_lastsell__T_a_exec-set_holdings_cross_timing-today_ma_input_field-raw_rsi_exit-cross_rsi_smoothing-wilder_same_bar_reentry-allowed_warmup-ready_check: cached
[1988/4097] BANK2_BL-09_half_down_lastsell__T_a_exec-set_holdings_cross_timing-both_days_input_field-adjusted_rsi_exit-cross_rsi_smoothing-wilder_same_bar_reentry-wait_bar_warmup-ready_check: cached
[1989/4097] BANK2_BL-09_half_down_lastsell__T_a_exec-set_holdings_cross_timing-today_ma_input_field-adjusted_rsi_exit-cross_rsi_smoothing-wilder_same_bar_reentry-wait_bar_warmup-ready_check: cached
[1990/4097] BANK2_BL-09_half_down_lastsell__T_a_exec-set_holdings_cross_timing-both_days_input_field-raw_rsi_exit-cross_rsi_smoothing-wilder_same_bar_reentry-wait_bar_warmup-ready_check: cached
[1991/4097] BANK2_BL-09_half_down_lastsell__T_a_exec-set_holdings_cross_timing-today_ma_input_field-raw_rsi_exit-cross_rsi_smoothing-wilder_same_bar_reentry-wait_bar_warmup-ready_check: cached
[1992/4097] BANK2_BL-09_half_down_lastsell__T_a_exec-set_holdings_cross_timing-today_ma_input_field-adjusted_rsi_exit-level_rsi_smoothing-wilder_same_bar_reentry-wait_bar_warmup-ready_per_rule: exit=1 fills=None (11.9s)
[1993/4097] BANK2_BL-09_half_down_lastsell__T_a_exec-set_holdings_cross_timing-today_ma_input_field-adjusted_rsi_exit-level_rsi_smoothing-wilder_same_bar_reentry-allowed_warmup-ready_per_rule: ok fills=217 (68.7s)
[1994/4097] BANK2_BL-09_half_down_lastsell__T_a_exec-set_holdings_cross_timing-both_days_input_field-raw_rsi_exit-level_rsi_smoothing-wilder_same_bar_reentry-allowed_warmup-ready_per_rule: ok fills=218 (65.5s)
[1995/4097] BANK2_BL-09_half_down_lastsell__T_a_exec-set_holdings_cross_timing-today_ma_input_field-raw_rsi_exit-level_rsi_smoothing-wilder_same_bar_reentry-allowed_warmup-ready_per_rule: ok fills=218 (64.0s)
[1996/4097] BANK2_BL-09_half_down_lastsell__T_a_exec-set_holdings_cross_timing-both_days_input_field-adjusted_rsi_exit-level_rsi_smoothing-wilder_same_bar_reentry-wait_bar_warmup-ready_per_rule: ok fills=213 (63.5s)
[1997/4097] BANK2_BL-09_half_down_lastsell__T_a_exec-set_holdings_cross_timing-both_days_input_field-raw_rsi_exit-level_rsi_smoothing-wilder_same_bar_reentry-wait_bar_warmup-ready_per_rule: ok fills=216 (59.3s)
[1998/4097] BANK2_BL-09_half_down_lastsell__T_a_exec-calc_shares_cross_timing-today_ma_input_field-adjusted_rsi_exit-cross_rsi_smoothing-wilder_same_bar_reentry-allowed_warmup-ready_per_rule: ok fills=197 (63.2s)
[1999/4097] BANK2_BL-09_half_down_lastsell__T_a_exec-calc_shares_cross_timing-both_days_input_field-adjusted_rsi_exit-cross_rsi_smoothing-wilder_same_bar_reentry-allowed_warmup-ready_per_rule: ok fills=197 (65.2s)
[2000/4097] BANK2_BL-09_half_down_lastsell__T_a_exec-calc_shares_cross_timing-both_days_input_field-raw_rsi_exit-cross_rsi_smoothing-wilder_same_bar_reentry-allowed_warmup-ready_per_rule: ok fills=202 (66.5s)
[2001/4097] BANK2_BL-09_half_down_lastsell__T_a_exec-set_holdings_cross_timing-today_ma_input_field-raw_rsi_exit-level_rsi_smoothing-wilder_same_bar_reentry-wait_bar_warmup-ready_per_rule: ok fills=216 (74.0s)
[2002/4097] BANK2_BL-09_half_down_lastsell__T_a_exec-calc_shares_cross_timing-today_ma_input_field-raw_rsi_exit-cross_rsi_smoothing-wilder_same_bar_reentry-allowed_warmup-ready_per_rule: ok fills=202 (72.8s)
[2003/4097] BANK2_BL-09_half_down_lastsell__T_a_exec-calc_shares_cross_timing-both_days_input_field-adjusted_rsi_exit-cross_rsi_smoothing-wilder_same_bar_reentry-wait_bar_warmup-ready_per_rule: ok fills=197 (71.8s)
[2004/4097] BANK2_BL-09_half_down_lastsell__T_a_exec-calc_shares_cross_timing-today_ma_input_field-adjusted_rsi_exit-cross_rsi_smoothing-wilder_same_bar_reentry-wait_bar_warmup-ready_per_rule: ok fills=197 (67.4s)
[2005/4097] BANK2_BL-09_half_down_lastsell__T_a_exec-calc_shares_cross_timing-both_days_input_field-raw_rsi_exit-cross_rsi_smoothing-wilder_same_bar_reentry-wait_bar_warmup-ready_per_rule: ok fills=202 (62.1s)
[2006/4097] BANK2_BL-09_half_down_lastsell__T_a_exec-calc_shares_cross_timing-today_ma_input_field-raw_rsi_exit-cross_rsi_smoothing-wilder_same_bar_reentry-wait_bar_warmup-ready_per_rule: ok fills=202 (67.8s)
[2007/4097] BANK2_BL-09_half_down_lastsell__T_a_exec-set_holdings_cross_timing-both_days_input_field-adjusted_rsi_exit-cross_rsi_smoothing-wilder_same_bar_reentry-allowed_warmup-ready_per_rule: ok fills=197 (71.0s)
[2008/4097] BANK2_BL-09_half_down_lastsell__T_a_exec-calc_shares_cross_timing-both_days_input_field-adjusted_rsi_exit-level_rsi_smoothing-simple_same_bar_reentry-allowed_warmup-strict: cached
[2009/4097] BANK2_BL-09_half_down_lastsell__T_a_exec-calc_shares_cross_timing-today_ma_input_field-adjusted_rsi_exit-level_rsi_smoothing-simple_same_bar_reentry-allowed_warmup-strict: cached
[2010/4097] BANK2_BL-09_half_down_lastsell__T_a_exec-calc_shares_cross_timing-both_days_input_field-raw_rsi_exit-level_rsi_smoothing-simple_same_bar_reentry-allowed_warmup-strict: cached
[2011/4097] BANK2_BL-09_half_down_lastsell__T_a_exec-calc_shares_cross_timing-today_ma_input_field-raw_rsi_exit-level_rsi_smoothing-simple_same_bar_reentry-allowed_warmup-strict: cached
[2012/4097] BANK2_BL-09_half_down_lastsell__T_a_exec-calc_shares_cross_timing-both_days_input_field-adjusted_rsi_exit-level_rsi_smoothing-simple_same_bar_reentry-wait_bar_warmup-strict: cached
[2013/4097] BANK2_BL-09_half_down_lastsell__T_a_exec-calc_shares_cross_timing-today_ma_input_field-adjusted_rsi_exit-level_rsi_smoothing-simple_same_bar_reentry-wait_bar_warmup-strict: cached
[2014/4097] BANK2_BL-09_half_down_lastsell__T_a_exec-calc_shares_cross_timing-both_days_input_field-raw_rsi_exit-level_rsi_smoothing-simple_same_bar_reentry-wait_bar_warmup-strict: cached
[2015/4097] BANK2_BL-09_half_down_lastsell__T_a_exec-calc_shares_cross_timing-today_ma_input_field-raw_rsi_exit-level_rsi_smoothing-simple_same_bar_reentry-wait_bar_warmup-strict: cached
[2016/4097] BANK2_BL-09_half_down_lastsell__T_a_exec-set_holdings_cross_timing-both_days_input_field-adjusted_rsi_exit-level_rsi_smoothing-simple_same_bar_reentry-allowed_warmup-strict: cached
[2017/4097] BANK2_BL-09_half_down_lastsell__T_a_exec-set_holdings_cross_timing-today_ma_input_field-adjusted_rsi_exit-level_rsi_smoothing-simple_same_bar_reentry-allowed_warmup-strict: cached
[2018/4097] BANK2_BL-09_half_down_lastsell__T_a_exec-set_holdings_cross_timing-both_days_input_field-raw_rsi_exit-level_rsi_smoothing-simple_same_bar_reentry-allowed_warmup-strict: cached
[2019/4097] BANK2_BL-09_half_down_lastsell__T_a_exec-set_holdings_cross_timing-today_ma_input_field-raw_rsi_exit-level_rsi_smoothing-simple_same_bar_reentry-allowed_warmup-strict: cached
[2020/4097] BANK2_BL-09_half_down_lastsell__T_a_exec-set_holdings_cross_timing-both_days_input_field-adjusted_rsi_exit-level_rsi_smoothing-simple_same_bar_reentry-wait_bar_warmup-strict: cached
[2021/4097] BANK2_BL-09_half_down_lastsell__T_a_exec-set_holdings_cross_timing-today_ma_input_field-adjusted_rsi_exit-level_rsi_smoothing-simple_same_bar_reentry-wait_bar_warmup-strict: cached
[2022/4097] BANK2_BL-09_half_down_lastsell__T_a_exec-set_holdings_cross_timing-both_days_input_field-raw_rsi_exit-level_rsi_smoothing-simple_same_bar_reentry-wait_bar_warmup-strict: cached
[2023/4097] BANK2_BL-09_half_down_lastsell__T_a_exec-set_holdings_cross_timing-today_ma_input_field-raw_rsi_exit-level_rsi_smoothing-simple_same_bar_reentry-wait_bar_warmup-strict: cached
[2024/4097] BANK2_BL-09_half_down_lastsell__T_a_exec-calc_shares_cross_timing-both_days_input_field-adjusted_rsi_exit-level_rsi_smoothing-simple_same_bar_reentry-allowed_warmup-ready_check: cached
[2025/4097] BANK2_BL-09_half_down_lastsell__T_a_exec-calc_shares_cross_timing-today_ma_input_field-adjusted_rsi_exit-level_rsi_smoothing-simple_same_bar_reentry-allowed_warmup-ready_check: cached
[2026/4097] BANK2_BL-09_half_down_lastsell__T_a_exec-calc_shares_cross_timing-both_days_input_field-raw_rsi_exit-level_rsi_smoothing-simple_same_bar_reentry-allowed_warmup-ready_check: cached
[2027/4097] BANK2_BL-09_half_down_lastsell__T_a_exec-calc_shares_cross_timing-today_ma_input_field-raw_rsi_exit-level_rsi_smoothing-simple_same_bar_reentry-allowed_warmup-ready_check: cached
[2028/4097] BANK2_BL-09_half_down_lastsell__T_a_exec-calc_shares_cross_timing-both_days_input_field-adjusted_rsi_exit-level_rsi_smoothing-simple_same_bar_reentry-wait_bar_warmup-ready_check: cached
[2029/4097] BANK2_BL-09_half_down_lastsell__T_a_exec-calc_shares_cross_timing-today_ma_input_field-adjusted_rsi_exit-level_rsi_smoothing-simple_same_bar_reentry-wait_bar_warmup-ready_check: cached
[2030/4097] BANK2_BL-09_half_down_lastsell__T_a_exec-calc_shares_cross_timing-both_days_input_field-raw_rsi_exit-level_rsi_smoothing-simple_same_bar_reentry-wait_bar_warmup-ready_check: cached
[2031/4097] BANK2_BL-09_half_down_lastsell__T_a_exec-calc_shares_cross_timing-today_ma_input_field-raw_rsi_exit-level_rsi_smoothing-simple_same_bar_reentry-wait_bar_warmup-ready_check: cached
[2032/4097] BANK2_BL-09_half_down_lastsell__T_a_exec-set_holdings_cross_timing-both_days_input_field-adjusted_rsi_exit-level_rsi_smoothing-simple_same_bar_reentry-allowed_warmup-ready_check: cached
[2033/4097] BANK2_BL-09_half_down_lastsell__T_a_exec-set_holdings_cross_timing-today_ma_input_field-adjusted_rsi_exit-level_rsi_smoothing-simple_same_bar_reentry-allowed_warmup-ready_check: cached
[2034/4097] BANK2_BL-09_half_down_lastsell__T_a_exec-set_holdings_cross_timing-both_days_input_field-raw_rsi_exit-level_rsi_smoothing-simple_same_bar_reentry-allowed_warmup-ready_check: cached
[2035/4097] BANK2_BL-09_half_down_lastsell__T_a_exec-set_holdings_cross_timing-today_ma_input_field-raw_rsi_exit-level_rsi_smoothing-simple_same_bar_reentry-allowed_warmup-ready_check: cached
[2036/4097] BANK2_BL-09_half_down_lastsell__T_a_exec-set_holdings_cross_timing-both_days_input_field-adjusted_rsi_exit-level_rsi_smoothing-simple_same_bar_reentry-wait_bar_warmup-ready_check: cached
[2037/4097] BANK2_BL-09_half_down_lastsell__T_a_exec-set_holdings_cross_timing-today_ma_input_field-adjusted_rsi_exit-level_rsi_smoothing-simple_same_bar_reentry-wait_bar_warmup-ready_check: cached
[2038/4097] BANK2_BL-09_half_down_lastsell__T_a_exec-set_holdings_cross_timing-both_days_input_field-raw_rsi_exit-level_rsi_smoothing-simple_same_bar_reentry-wait_bar_warmup-ready_check: cached
[2039/4097] BANK2_BL-09_half_down_lastsell__T_a_exec-set_holdings_cross_timing-today_ma_input_field-raw_rsi_exit-level_rsi_smoothing-simple_same_bar_reentry-wait_bar_warmup-ready_check: cached
[2040/4097] BANK2_BL-09_half_down_lastsell__T_a_exec-set_holdings_cross_timing-both_days_input_field-raw_rsi_exit-cross_rsi_smoothing-wilder_same_bar_reentry-allowed_warmup-ready_per_rule: ok fills=202 (65.4s)
[2041/4097] BANK2_BL-09_half_down_lastsell__T_a_exec-set_holdings_cross_timing-today_ma_input_field-adjusted_rsi_exit-cross_rsi_smoothing-wilder_same_bar_reentry-allowed_warmup-ready_per_rule: ok fills=197 (69.9s)
[2042/4097] BANK2_BL-09_half_down_lastsell__T_a_exec-set_holdings_cross_timing-today_ma_input_field-raw_rsi_exit-cross_rsi_smoothing-wilder_same_bar_reentry-allowed_warmup-ready_per_rule: ok fills=202 (75.8s)
[2043/4097] BANK2_BL-09_half_down_lastsell__T_a_exec-set_holdings_cross_timing-both_days_input_field-adjusted_rsi_exit-cross_rsi_smoothing-wilder_same_bar_reentry-wait_bar_warmup-ready_per_rule: ok fills=197 (68.4s)
[2044/4097] BANK2_BL-09_half_down_lastsell__T_a_exec-set_holdings_cross_timing-today_ma_input_field-adjusted_rsi_exit-cross_rsi_smoothing-wilder_same_bar_reentry-wait_bar_warmup-ready_per_rule: ok fills=197 (68.0s)
[2045/4097] BANK2_BL-09_half_down_lastsell__T_a_exec-set_holdings_cross_timing-both_days_input_field-raw_rsi_exit-cross_rsi_smoothing-wilder_same_bar_reentry-wait_bar_warmup-ready_per_rule: ok fills=202 (62.7s)
[2046/4097] BANK2_BL-09_half_down_lastsell__T_a_exec-calc_shares_cross_timing-today_ma_input_field-raw_rsi_exit-level_rsi_smoothing-simple_same_bar_reentry-allowed_warmup-ready_per_rule: exit=1 fills=None (10.2s)
[2047/4097] BANK2_BL-09_half_down_lastsell__T_a_exec-calc_shares_cross_timing-both_days_input_field-adjusted_rsi_exit-level_rsi_smoothing-simple_same_bar_reentry-allowed_warmup-ready_per_rule: ok fills=265 (59.5s)
[2048/4097] BANK2_BL-09_half_down_lastsell__T_a_exec-set_holdings_cross_timing-today_ma_input_field-raw_rsi_exit-cross_rsi_smoothing-wilder_same_bar_reentry-wait_bar_warmup-ready_per_rule: ok fills=202 (69.3s)
[2049/4097] BANK2_BL-09_half_down_lastsell__T_a_exec-calc_shares_cross_timing-both_days_input_field-raw_rsi_exit-level_rsi_smoothing-simple_same_bar_reentry-allowed_warmup-ready_per_rule: ok fills=274 (61.8s)
[2050/4097] BANK2_BL-09_half_down_lastsell__T_a_exec-calc_shares_cross_timing-today_ma_input_field-adjusted_rsi_exit-level_rsi_smoothing-simple_same_bar_reentry-allowed_warmup-ready_per_rule: ok fills=265 (63.8s)
[2051/4097] BANK2_BL-09_half_down_lastsell__T_a_exec-calc_shares_cross_timing-today_ma_input_field-adjusted_rsi_exit-level_rsi_smoothing-simple_same_bar_reentry-wait_bar_warmup-ready_per_rule: ok fills=251 (65.9s)
[2052/4097] BANK2_BL-09_half_down_lastsell__T_a_exec-calc_shares_cross_timing-both_days_input_field-adjusted_rsi_exit-level_rsi_smoothing-simple_same_bar_reentry-wait_bar_warmup-ready_per_rule: ok fills=251 (70.4s)
[2053/4097] BANK2_BL-09_half_down_lastsell__T_a_exec-calc_shares_cross_timing-today_ma_input_field-raw_rsi_exit-level_rsi_smoothing-simple_same_bar_reentry-wait_bar_warmup-ready_per_rule: ok fills=260 (64.4s)
[2054/4097] BANK2_BL-09_half_down_lastsell__T_a_exec-calc_shares_cross_timing-both_days_input_field-raw_rsi_exit-level_rsi_smoothing-simple_same_bar_reentry-wait_bar_warmup-ready_per_rule: ok fills=260 (69.6s)
[2055/4097] BANK2_BL-09_half_down_lastsell__T_a_exec-set_holdings_cross_timing-both_days_input_field-adjusted_rsi_exit-level_rsi_smoothing-simple_same_bar_reentry-allowed_warmup-ready_per_rule: ok fills=265 (66.2s)
[2056/4097] BANK2_BL-09_half_down_lastsell__T_a_exec-calc_shares_cross_timing-both_days_input_field-adjusted_rsi_exit-cross_rsi_smoothing-simple_same_bar_reentry-allowed_warmup-strict: cached
[2057/4097] BANK2_BL-09_half_down_lastsell__T_a_exec-calc_shares_cross_timing-today_ma_input_field-adjusted_rsi_exit-cross_rsi_smoothing-simple_same_bar_reentry-allowed_warmup-strict: cached
[2058/4097] BANK2_BL-09_half_down_lastsell__T_a_exec-calc_shares_cross_timing-both_days_input_field-raw_rsi_exit-cross_rsi_smoothing-simple_same_bar_reentry-allowed_warmup-strict: cached
[2059/4097] BANK2_BL-09_half_down_lastsell__T_a_exec-calc_shares_cross_timing-today_ma_input_field-raw_rsi_exit-cross_rsi_smoothing-simple_same_bar_reentry-allowed_warmup-strict: cached
[2060/4097] BANK2_BL-09_half_down_lastsell__T_a_exec-calc_shares_cross_timing-both_days_input_field-adjusted_rsi_exit-cross_rsi_smoothing-simple_same_bar_reentry-wait_bar_warmup-strict: cached
[2061/4097] BANK2_BL-09_half_down_lastsell__T_a_exec-calc_shares_cross_timing-today_ma_input_field-adjusted_rsi_exit-cross_rsi_smoothing-simple_same_bar_reentry-wait_bar_warmup-strict: cached
[2062/4097] BANK2_BL-09_half_down_lastsell__T_a_exec-calc_shares_cross_timing-both_days_input_field-raw_rsi_exit-cross_rsi_smoothing-simple_same_bar_reentry-wait_bar_warmup-strict: cached
[2063/4097] BANK2_BL-09_half_down_lastsell__T_a_exec-calc_shares_cross_timing-today_ma_input_field-raw_rsi_exit-cross_rsi_smoothing-simple_same_bar_reentry-wait_bar_warmup-strict: cached
[2064/4097] BANK2_BL-09_half_down_lastsell__T_a_exec-set_holdings_cross_timing-both_days_input_field-adjusted_rsi_exit-cross_rsi_smoothing-simple_same_bar_reentry-allowed_warmup-strict: cached
[2065/4097] BANK2_BL-09_half_down_lastsell__T_a_exec-set_holdings_cross_timing-today_ma_input_field-adjusted_rsi_exit-cross_rsi_smoothing-simple_same_bar_reentry-allowed_warmup-strict: cached
[2066/4097] BANK2_BL-09_half_down_lastsell__T_a_exec-set_holdings_cross_timing-both_days_input_field-raw_rsi_exit-cross_rsi_smoothing-simple_same_bar_reentry-allowed_warmup-strict: cached
[2067/4097] BANK2_BL-09_half_down_lastsell__T_a_exec-set_holdings_cross_timing-today_ma_input_field-raw_rsi_exit-cross_rsi_smoothing-simple_same_bar_reentry-allowed_warmup-strict: cached
[2068/4097] BANK2_BL-09_half_down_lastsell__T_a_exec-set_holdings_cross_timing-both_days_input_field-adjusted_rsi_exit-cross_rsi_smoothing-simple_same_bar_reentry-wait_bar_warmup-strict: cached
[2069/4097] BANK2_BL-09_half_down_lastsell__T_a_exec-set_holdings_cross_timing-today_ma_input_field-adjusted_rsi_exit-cross_rsi_smoothing-simple_same_bar_reentry-wait_bar_warmup-strict: cached
[2070/4097] BANK2_BL-09_half_down_lastsell__T_a_exec-set_holdings_cross_timing-both_days_input_field-raw_rsi_exit-cross_rsi_smoothing-simple_same_bar_reentry-wait_bar_warmup-strict: cached
[2071/4097] BANK2_BL-09_half_down_lastsell__T_a_exec-set_holdings_cross_timing-today_ma_input_field-raw_rsi_exit-cross_rsi_smoothing-simple_same_bar_reentry-wait_bar_warmup-strict: cached
[2072/4097] BANK2_BL-09_half_down_lastsell__T_a_exec-calc_shares_cross_timing-both_days_input_field-adjusted_rsi_exit-cross_rsi_smoothing-simple_same_bar_reentry-allowed_warmup-ready_check: cached
[2073/4097] BANK2_BL-09_half_down_lastsell__T_a_exec-calc_shares_cross_timing-today_ma_input_field-adjusted_rsi_exit-cross_rsi_smoothing-simple_same_bar_reentry-allowed_warmup-ready_check: cached
[2074/4097] BANK2_BL-09_half_down_lastsell__T_a_exec-calc_shares_cross_timing-both_days_input_field-raw_rsi_exit-cross_rsi_smoothing-simple_same_bar_reentry-allowed_warmup-ready_check: cached
[2075/4097] BANK2_BL-09_half_down_lastsell__T_a_exec-calc_shares_cross_timing-today_ma_input_field-raw_rsi_exit-cross_rsi_smoothing-simple_same_bar_reentry-allowed_warmup-ready_check: cached
[2076/4097] BANK2_BL-09_half_down_lastsell__T_a_exec-calc_shares_cross_timing-both_days_input_field-adjusted_rsi_exit-cross_rsi_smoothing-simple_same_bar_reentry-wait_bar_warmup-ready_check: cached
[2077/4097] BANK2_BL-09_half_down_lastsell__T_a_exec-calc_shares_cross_timing-today_ma_input_field-adjusted_rsi_exit-cross_rsi_smoothing-simple_same_bar_reentry-wait_bar_warmup-ready_check: cached
[2078/4097] BANK2_BL-09_half_down_lastsell__T_a_exec-calc_shares_cross_timing-both_days_input_field-raw_rsi_exit-cross_rsi_smoothing-simple_same_bar_reentry-wait_bar_warmup-ready_check: cached
[2079/4097] BANK2_BL-09_half_down_lastsell__T_a_exec-calc_shares_cross_timing-today_ma_input_field-raw_rsi_exit-cross_rsi_smoothing-simple_same_bar_reentry-wait_bar_warmup-ready_check: cached
[2080/4097] BANK2_BL-09_half_down_lastsell__T_a_exec-set_holdings_cross_timing-both_days_input_field-adjusted_rsi_exit-cross_rsi_smoothing-simple_same_bar_reentry-allowed_warmup-ready_check: cached
[2081/4097] BANK2_BL-09_half_down_lastsell__T_a_exec-set_holdings_cross_timing-today_ma_input_field-adjusted_rsi_exit-cross_rsi_smoothing-simple_same_bar_reentry-allowed_warmup-ready_check: cached
[2082/4097] BANK2_BL-09_half_down_lastsell__T_a_exec-set_holdings_cross_timing-both_days_input_field-raw_rsi_exit-cross_rsi_smoothing-simple_same_bar_reentry-allowed_warmup-ready_check: cached
[2083/4097] BANK2_BL-09_half_down_lastsell__T_a_exec-set_holdings_cross_timing-today_ma_input_field-raw_rsi_exit-cross_rsi_smoothing-simple_same_bar_reentry-allowed_warmup-ready_check: cached
[2084/4097] BANK2_BL-09_half_down_lastsell__T_a_exec-set_holdings_cross_timing-both_days_input_field-adjusted_rsi_exit-cross_rsi_smoothing-simple_same_bar_reentry-wait_bar_warmup-ready_check: cached
[2085/4097] BANK2_BL-09_half_down_lastsell__T_a_exec-set_holdings_cross_timing-today_ma_input_field-adjusted_rsi_exit-cross_rsi_smoothing-simple_same_bar_reentry-wait_bar_warmup-ready_check: cached
[2086/4097] BANK2_BL-09_half_down_lastsell__T_a_exec-set_holdings_cross_timing-both_days_input_field-raw_rsi_exit-cross_rsi_smoothing-simple_same_bar_reentry-wait_bar_warmup-ready_check: cached
[2087/4097] BANK2_BL-09_half_down_lastsell__T_a_exec-set_holdings_cross_timing-today_ma_input_field-raw_rsi_exit-cross_rsi_smoothing-simple_same_bar_reentry-wait_bar_warmup-ready_check: cached
[2088/4097] BANK2_BL-09_half_down_lastsell__T_a_exec-set_holdings_cross_timing-today_ma_input_field-raw_rsi_exit-level_rsi_smoothing-simple_same_bar_reentry-wait_bar_warmup-ready_per_rule: exit=1 fills=None (13.6s)
[2089/4097] BANK2_BL-09_half_down_lastsell__T_a_exec-set_holdings_cross_timing-today_ma_input_field-raw_rsi_exit-level_rsi_smoothing-simple_same_bar_reentry-allowed_warmup-ready_per_rule: ok fills=274 (65.1s)
[2090/4097] BANK2_BL-09_half_down_lastsell__T_a_exec-set_holdings_cross_timing-both_days_input_field-raw_rsi_exit-level_rsi_smoothing-simple_same_bar_reentry-allowed_warmup-ready_per_rule: ok fills=274 (67.2s)
[2091/4097] BANK2_BL-09_half_down_lastsell__T_a_exec-set_holdings_cross_timing-today_ma_input_field-adjusted_rsi_exit-level_rsi_smoothing-simple_same_bar_reentry-allowed_warmup-ready_per_rule: ok fills=265 (68.8s)
[2092/4097] BANK2_BL-09_half_down_lastsell__T_a_exec-set_holdings_cross_timing-both_days_input_field-adjusted_rsi_exit-level_rsi_smoothing-simple_same_bar_reentry-wait_bar_warmup-ready_per_rule: ok fills=251 (69.5s)
[2093/4097] BANK2_BL-09_half_down_lastsell__T_a_exec-set_holdings_cross_timing-both_days_input_field-raw_rsi_exit-level_rsi_smoothing-simple_same_bar_reentry-wait_bar_warmup-ready_per_rule: ok fills=260 (66.1s)
[2094/4097] BANK2_BL-09_half_down_lastsell__T_a_exec-set_holdings_cross_timing-today_ma_input_field-adjusted_rsi_exit-level_rsi_smoothing-simple_same_bar_reentry-wait_bar_warmup-ready_per_rule: ok fills=251 (75.3s)
[2095/4097] BANK2_BL-09_half_down_lastsell__T_a_exec-calc_shares_cross_timing-today_ma_input_field-adjusted_rsi_exit-cross_rsi_smoothing-simple_same_bar_reentry-allowed_warmup-ready_per_rule: ok fills=215 (68.7s)
[2096/4097] BANK2_BL-09_half_down_lastsell__T_a_exec-calc_shares_cross_timing-both_days_input_field-adjusted_rsi_exit-cross_rsi_smoothing-simple_same_bar_reentry-allowed_warmup-ready_per_rule: ok fills=215 (70.9s)
[2097/4097] BANK2_BL-09_half_down_lastsell__T_a_exec-calc_shares_cross_timing-today_ma_input_field-raw_rsi_exit-cross_rsi_smoothing-simple_same_bar_reentry-wait_bar_warmup-ready_per_rule: exit=1 fills=None (13.6s)
[2098/4097] BANK2_BL-09_half_down_lastsell__T_a_exec-calc_shares_cross_timing-both_days_input_field-adjusted_rsi_exit-cross_rsi_smoothing-simple_same_bar_reentry-wait_bar_warmup-ready_per_rule: ok fills=215 (67.4s)
[2099/4097] BANK2_BL-09_half_down_lastsell__T_a_exec-calc_shares_cross_timing-both_days_input_field-raw_rsi_exit-cross_rsi_smoothing-simple_same_bar_reentry-allowed_warmup-ready_per_rule: ok fills=226 (69.2s)
[2100/4097] BANK2_BL-09_half_down_lastsell__T_a_exec-calc_shares_cross_timing-today_ma_input_field-raw_rsi_exit-cross_rsi_smoothing-simple_same_bar_reentry-allowed_warmup-ready_per_rule: ok fills=226 (70.9s)
[2101/4097] BANK2_BL-09_half_down_lastsell__T_a_exec-calc_shares_cross_timing-both_days_input_field-raw_rsi_exit-cross_rsi_smoothing-simple_same_bar_reentry-wait_bar_warmup-ready_per_rule: ok fills=226 (66.6s)
[2102/4097] BANK2_BL-09_half_down_lastsell__T_a_exec-calc_shares_cross_timing-today_ma_input_field-adjusted_rsi_exit-cross_rsi_smoothing-simple_same_bar_reentry-wait_bar_warmup-ready_per_rule: ok fills=215 (67.4s)
[2103/4097] BANK2_BL-09_half_down_lastsell__T_a_exec-set_holdings_cross_timing-both_days_input_field-adjusted_rsi_exit-cross_rsi_smoothing-simple_same_bar_reentry-allowed_warmup-ready_per_rule: ok fills=215 (63.0s)
[2104/4097] BANK2_BL-09_half_down_hold__ref: cached
[2105/4097] BANK2_BL-09_half_down_hold__T_a_exec-calc_shares_cross_timing-today_ma_input_field-adjusted_rsi_exit-level_rsi_smoothing-wilder_same_bar_reentry-allowed_warmup-strict: cached
[2106/4097] BANK2_BL-09_half_down_hold__T_a_exec-calc_shares_cross_timing-both_days_input_field-raw_rsi_exit-level_rsi_smoothing-wilder_same_bar_reentry-allowed_warmup-strict: cached
[2107/4097] BANK2_BL-09_half_down_hold__T_a_exec-calc_shares_cross_timing-today_ma_input_field-raw_rsi_exit-level_rsi_smoothing-wilder_same_bar_reentry-allowed_warmup-strict: cached
[2108/4097] BANK2_BL-09_half_down_hold__T_a_exec-calc_shares_cross_timing-both_days_input_field-adjusted_rsi_exit-level_rsi_smoothing-wilder_same_bar_reentry-wait_bar_warmup-strict: cached
[2109/4097] BANK2_BL-09_half_down_hold__T_a_exec-calc_shares_cross_timing-today_ma_input_field-adjusted_rsi_exit-level_rsi_smoothing-wilder_same_bar_reentry-wait_bar_warmup-strict: cached
[2110/4097] BANK2_BL-09_half_down_hold__T_a_exec-calc_shares_cross_timing-both_days_input_field-raw_rsi_exit-level_rsi_smoothing-wilder_same_bar_reentry-wait_bar_warmup-strict: cached
[2111/4097] BANK2_BL-09_half_down_hold__T_a_exec-calc_shares_cross_timing-today_ma_input_field-raw_rsi_exit-level_rsi_smoothing-wilder_same_bar_reentry-wait_bar_warmup-strict: cached
[2112/4097] BANK2_BL-09_half_down_hold__T_a_exec-set_holdings_cross_timing-both_days_input_field-adjusted_rsi_exit-level_rsi_smoothing-wilder_same_bar_reentry-allowed_warmup-strict: cached
[2113/4097] BANK2_BL-09_half_down_hold__T_a_exec-set_holdings_cross_timing-today_ma_input_field-adjusted_rsi_exit-level_rsi_smoothing-wilder_same_bar_reentry-allowed_warmup-strict: cached
[2114/4097] BANK2_BL-09_half_down_hold__T_a_exec-set_holdings_cross_timing-both_days_input_field-raw_rsi_exit-level_rsi_smoothing-wilder_same_bar_reentry-allowed_warmup-strict: cached
[2115/4097] BANK2_BL-09_half_down_hold__T_a_exec-set_holdings_cross_timing-today_ma_input_field-raw_rsi_exit-level_rsi_smoothing-wilder_same_bar_reentry-allowed_warmup-strict: cached
[2116/4097] BANK2_BL-09_half_down_hold__T_a_exec-set_holdings_cross_timing-both_days_input_field-adjusted_rsi_exit-level_rsi_smoothing-wilder_same_bar_reentry-wait_bar_warmup-strict: cached
[2117/4097] BANK2_BL-09_half_down_hold__T_a_exec-set_holdings_cross_timing-today_ma_input_field-adjusted_rsi_exit-level_rsi_smoothing-wilder_same_bar_reentry-wait_bar_warmup-strict: cached
[2118/4097] BANK2_BL-09_half_down_hold__T_a_exec-set_holdings_cross_timing-both_days_input_field-raw_rsi_exit-level_rsi_smoothing-wilder_same_bar_reentry-wait_bar_warmup-strict: cached
[2119/4097] BANK2_BL-09_half_down_hold__T_a_exec-set_holdings_cross_timing-today_ma_input_field-raw_rsi_exit-level_rsi_smoothing-wilder_same_bar_reentry-wait_bar_warmup-strict: cached
[2120/4097] BANK2_BL-09_half_down_hold__T_a_exec-calc_shares_cross_timing-both_days_input_field-adjusted_rsi_exit-level_rsi_smoothing-wilder_same_bar_reentry-allowed_warmup-ready_check: cached
[2121/4097] BANK2_BL-09_half_down_hold__T_a_exec-calc_shares_cross_timing-today_ma_input_field-adjusted_rsi_exit-level_rsi_smoothing-wilder_same_bar_reentry-allowed_warmup-ready_check: cached
[2122/4097] BANK2_BL-09_half_down_hold__T_a_exec-calc_shares_cross_timing-both_days_input_field-raw_rsi_exit-level_rsi_smoothing-wilder_same_bar_reentry-allowed_warmup-ready_check: cached
[2123/4097] BANK2_BL-09_half_down_hold__T_a_exec-calc_shares_cross_timing-today_ma_input_field-raw_rsi_exit-level_rsi_smoothing-wilder_same_bar_reentry-allowed_warmup-ready_check: cached
[2124/4097] BANK2_BL-09_half_down_hold__T_a_exec-calc_shares_cross_timing-both_days_input_field-adjusted_rsi_exit-level_rsi_smoothing-wilder_same_bar_reentry-wait_bar_warmup-ready_check: cached
[2125/4097] BANK2_BL-09_half_down_hold__T_a_exec-calc_shares_cross_timing-today_ma_input_field-adjusted_rsi_exit-level_rsi_smoothing-wilder_same_bar_reentry-wait_bar_warmup-ready_check: cached
[2126/4097] BANK2_BL-09_half_down_hold__T_a_exec-calc_shares_cross_timing-both_days_input_field-raw_rsi_exit-level_rsi_smoothing-wilder_same_bar_reentry-wait_bar_warmup-ready_check: cached
[2127/4097] BANK2_BL-09_half_down_hold__T_a_exec-calc_shares_cross_timing-today_ma_input_field-raw_rsi_exit-level_rsi_smoothing-wilder_same_bar_reentry-wait_bar_warmup-ready_check: cached
[2128/4097] BANK2_BL-09_half_down_hold__T_a_exec-set_holdings_cross_timing-both_days_input_field-adjusted_rsi_exit-level_rsi_smoothing-wilder_same_bar_reentry-allowed_warmup-ready_check: cached
[2129/4097] BANK2_BL-09_half_down_hold__T_a_exec-set_holdings_cross_timing-today_ma_input_field-adjusted_rsi_exit-level_rsi_smoothing-wilder_same_bar_reentry-allowed_warmup-ready_check: cached
[2130/4097] BANK2_BL-09_half_down_hold__T_a_exec-set_holdings_cross_timing-both_days_input_field-raw_rsi_exit-level_rsi_smoothing-wilder_same_bar_reentry-allowed_warmup-ready_check: cached
[2131/4097] BANK2_BL-09_half_down_hold__T_a_exec-set_holdings_cross_timing-today_ma_input_field-raw_rsi_exit-level_rsi_smoothing-wilder_same_bar_reentry-allowed_warmup-ready_check: cached
[2132/4097] BANK2_BL-09_half_down_hold__T_a_exec-set_holdings_cross_timing-both_days_input_field-adjusted_rsi_exit-level_rsi_smoothing-wilder_same_bar_reentry-wait_bar_warmup-ready_check: cached
[2133/4097] BANK2_BL-09_half_down_hold__T_a_exec-set_holdings_cross_timing-today_ma_input_field-adjusted_rsi_exit-level_rsi_smoothing-wilder_same_bar_reentry-wait_bar_warmup-ready_check: cached
[2134/4097] BANK2_BL-09_half_down_hold__T_a_exec-set_holdings_cross_timing-both_days_input_field-raw_rsi_exit-level_rsi_smoothing-wilder_same_bar_reentry-wait_bar_warmup-ready_check: cached
[2135/4097] BANK2_BL-09_half_down_hold__T_a_exec-set_holdings_cross_timing-today_ma_input_field-raw_rsi_exit-level_rsi_smoothing-wilder_same_bar_reentry-wait_bar_warmup-ready_check: cached
[2136/4097] BANK2_BL-09_half_down_lastsell__T_a_exec-set_holdings_cross_timing-today_ma_input_field-adjusted_rsi_exit-cross_rsi_smoothing-simple_same_bar_reentry-allowed_warmup-ready_per_rule: ok fills=215 (65.3s)
[2137/4097] BANK2_BL-09_half_down_lastsell__T_a_exec-set_holdings_cross_timing-both_days_input_field-raw_rsi_exit-cross_rsi_smoothing-simple_same_bar_reentry-allowed_warmup-ready_per_rule: ok fills=226 (67.6s)
[2138/4097] BANK2_BL-09_half_down_lastsell__T_a_exec-set_holdings_cross_timing-today_ma_input_field-raw_rsi_exit-cross_rsi_smoothing-simple_same_bar_reentry-allowed_warmup-ready_per_rule: ok fills=226 (64.6s)
[2139/4097] BANK2_BL-09_half_down_lastsell__T_a_exec-set_holdings_cross_timing-today_ma_input_field-adjusted_rsi_exit-cross_rsi_smoothing-simple_same_bar_reentry-wait_bar_warmup-ready_per_rule: ok fills=215 (63.1s)
[2140/4097] BANK2_BL-09_half_down_lastsell__T_a_exec-set_holdings_cross_timing-both_days_input_field-adjusted_rsi_exit-cross_rsi_smoothing-simple_same_bar_reentry-wait_bar_warmup-ready_per_rule: ok fills=215 (66.9s)
[2141/4097] BANK2_BL-09_half_down_lastsell__T_a_exec-set_holdings_cross_timing-today_ma_input_field-raw_rsi_exit-cross_rsi_smoothing-simple_same_bar_reentry-wait_bar_warmup-ready_per_rule: ok fills=226 (66.8s)
[2142/4097] BANK2_BL-09_half_down_lastsell__T_a_exec-set_holdings_cross_timing-both_days_input_field-raw_rsi_exit-cross_rsi_smoothing-simple_same_bar_reentry-wait_bar_warmup-ready_per_rule: ok fills=226 (72.0s)
[2143/4097] BANK2_BL-09_half_down_hold__T_a_exec-calc_shares_cross_timing-both_days_input_field-adjusted_rsi_exit-level_rsi_smoothing-wilder_same_bar_reentry-allowed_warmup-ready_per_rule: ok fills=169 (67.0s)
[2144/4097] BANK2_BL-09_half_down_hold__T_a_exec-calc_shares_cross_timing-today_ma_input_field-adjusted_rsi_exit-level_rsi_smoothing-wilder_same_bar_reentry-allowed_warmup-ready_per_rule: ok fills=169 (63.6s)
[2145/4097] BANK2_BL-09_half_down_hold__T_a_exec-calc_shares_cross_timing-today_ma_input_field-raw_rsi_exit-level_rsi_smoothing-wilder_same_bar_reentry-wait_bar_warmup-ready_per_rule: exit=1 fills=None (12.4s)
[2146/4097] BANK2_BL-09_half_down_hold__T_a_exec-calc_shares_cross_timing-both_days_input_field-raw_rsi_exit-level_rsi_smoothing-wilder_same_bar_reentry-allowed_warmup-ready_per_rule: ok fills=158 (65.7s)
[2147/4097] BANK2_BL-09_half_down_hold__T_a_exec-calc_shares_cross_timing-both_days_input_field-adjusted_rsi_exit-level_rsi_smoothing-wilder_same_bar_reentry-wait_bar_warmup-ready_per_rule: ok fills=165 (69.8s)
[2148/4097] BANK2_BL-09_half_down_hold__T_a_exec-calc_shares_cross_timing-today_ma_input_field-raw_rsi_exit-level_rsi_smoothing-wilder_same_bar_reentry-allowed_warmup-ready_per_rule: ok fills=158 (70.9s)
[2149/4097] BANK2_BL-09_half_down_hold__T_a_exec-set_holdings_cross_timing-both_days_input_field-raw_rsi_exit-level_rsi_smoothing-wilder_same_bar_reentry-allowed_warmup-ready_per_rule: exit=1 fills=None (10.3s)
[2150/4097] BANK2_BL-09_half_down_hold__T_a_exec-calc_shares_cross_timing-today_ma_input_field-adjusted_rsi_exit-level_rsi_smoothing-wilder_same_bar_reentry-wait_bar_warmup-ready_per_rule: ok fills=165 (75.8s)
[2151/4097] BANK2_BL-09_half_down_hold__T_a_exec-calc_shares_cross_timing-both_days_input_field-raw_rsi_exit-level_rsi_smoothing-wilder_same_bar_reentry-wait_bar_warmup-ready_per_rule: ok fills=156 (67.5s)
[2152/4097] BANK2_BL-09_half_down_hold__T_a_exec-calc_shares_cross_timing-both_days_input_field-adjusted_rsi_exit-cross_rsi_smoothing-wilder_same_bar_reentry-allowed_warmup-strict: cached
[2153/4097] BANK2_BL-09_half_down_hold__T_a_exec-calc_shares_cross_timing-today_ma_input_field-adjusted_rsi_exit-cross_rsi_smoothing-wilder_same_bar_reentry-allowed_warmup-strict: cached
[2154/4097] BANK2_BL-09_half_down_hold__T_a_exec-calc_shares_cross_timing-both_days_input_field-raw_rsi_exit-cross_rsi_smoothing-wilder_same_bar_reentry-allowed_warmup-strict: cached
[2155/4097] BANK2_BL-09_half_down_hold__T_a_exec-calc_shares_cross_timing-today_ma_input_field-raw_rsi_exit-cross_rsi_smoothing-wilder_same_bar_reentry-allowed_warmup-strict: cached
[2156/4097] BANK2_BL-09_half_down_hold__T_a_exec-calc_shares_cross_timing-both_days_input_field-adjusted_rsi_exit-cross_rsi_smoothing-wilder_same_bar_reentry-wait_bar_warmup-strict: cached
[2157/4097] BANK2_BL-09_half_down_hold__T_a_exec-calc_shares_cross_timing-today_ma_input_field-adjusted_rsi_exit-cross_rsi_smoothing-wilder_same_bar_reentry-wait_bar_warmup-strict: cached
[2158/4097] BANK2_BL-09_half_down_hold__T_a_exec-calc_shares_cross_timing-both_days_input_field-raw_rsi_exit-cross_rsi_smoothing-wilder_same_bar_reentry-wait_bar_warmup-strict: cached
[2159/4097] BANK2_BL-09_half_down_hold__T_a_exec-calc_shares_cross_timing-today_ma_input_field-raw_rsi_exit-cross_rsi_smoothing-wilder_same_bar_reentry-wait_bar_warmup-strict: cached
[2160/4097] BANK2_BL-09_half_down_hold__T_a_exec-set_holdings_cross_timing-both_days_input_field-adjusted_rsi_exit-cross_rsi_smoothing-wilder_same_bar_reentry-allowed_warmup-strict: cached
[2161/4097] BANK2_BL-09_half_down_hold__T_a_exec-set_holdings_cross_timing-today_ma_input_field-adjusted_rsi_exit-cross_rsi_smoothing-wilder_same_bar_reentry-allowed_warmup-strict: cached
[2162/4097] BANK2_BL-09_half_down_hold__T_a_exec-set_holdings_cross_timing-both_days_input_field-raw_rsi_exit-cross_rsi_smoothing-wilder_same_bar_reentry-allowed_warmup-strict: cached
[2163/4097] BANK2_BL-09_half_down_hold__T_a_exec-set_holdings_cross_timing-today_ma_input_field-raw_rsi_exit-cross_rsi_smoothing-wilder_same_bar_reentry-allowed_warmup-strict: cached
[2164/4097] BANK2_BL-09_half_down_hold__T_a_exec-set_holdings_cross_timing-both_days_input_field-adjusted_rsi_exit-cross_rsi_smoothing-wilder_same_bar_reentry-wait_bar_warmup-strict: cached
[2165/4097] BANK2_BL-09_half_down_hold__T_a_exec-set_holdings_cross_timing-today_ma_input_field-adjusted_rsi_exit-cross_rsi_smoothing-wilder_same_bar_reentry-wait_bar_warmup-strict: cached
[2166/4097] BANK2_BL-09_half_down_hold__T_a_exec-set_holdings_cross_timing-both_days_input_field-raw_rsi_exit-cross_rsi_smoothing-wilder_same_bar_reentry-wait_bar_warmup-strict: cached
[2167/4097] BANK2_BL-09_half_down_hold__T_a_exec-set_holdings_cross_timing-today_ma_input_field-raw_rsi_exit-cross_rsi_smoothing-wilder_same_bar_reentry-wait_bar_warmup-strict: cached
[2168/4097] BANK2_BL-09_half_down_hold__T_a_exec-calc_shares_cross_timing-both_days_input_field-adjusted_rsi_exit-cross_rsi_smoothing-wilder_same_bar_reentry-allowed_warmup-ready_check: cached
[2169/4097] BANK2_BL-09_half_down_hold__T_a_exec-calc_shares_cross_timing-today_ma_input_field-adjusted_rsi_exit-cross_rsi_smoothing-wilder_same_bar_reentry-allowed_warmup-ready_check: cached
[2170/4097] BANK2_BL-09_half_down_hold__T_a_exec-calc_shares_cross_timing-both_days_input_field-raw_rsi_exit-cross_rsi_smoothing-wilder_same_bar_reentry-allowed_warmup-ready_check: cached
[2171/4097] BANK2_BL-09_half_down_hold__T_a_exec-calc_shares_cross_timing-today_ma_input_field-raw_rsi_exit-cross_rsi_smoothing-wilder_same_bar_reentry-allowed_warmup-ready_check: cached
[2172/4097] BANK2_BL-09_half_down_hold__T_a_exec-calc_shares_cross_timing-both_days_input_field-adjusted_rsi_exit-cross_rsi_smoothing-wilder_same_bar_reentry-wait_bar_warmup-ready_check: cached
[2173/4097] BANK2_BL-09_half_down_hold__T_a_exec-calc_shares_cross_timing-today_ma_input_field-adjusted_rsi_exit-cross_rsi_smoothing-wilder_same_bar_reentry-wait_bar_warmup-ready_check: cached
[2174/4097] BANK2_BL-09_half_down_hold__T_a_exec-calc_shares_cross_timing-both_days_input_field-raw_rsi_exit-cross_rsi_smoothing-wilder_same_bar_reentry-wait_bar_warmup-ready_check: cached
[2175/4097] BANK2_BL-09_half_down_hold__T_a_exec-calc_shares_cross_timing-today_ma_input_field-raw_rsi_exit-cross_rsi_smoothing-wilder_same_bar_reentry-wait_bar_warmup-ready_check: cached
[2176/4097] BANK2_BL-09_half_down_hold__T_a_exec-set_holdings_cross_timing-both_days_input_field-adjusted_rsi_exit-cross_rsi_smoothing-wilder_same_bar_reentry-allowed_warmup-ready_check: cached
[2177/4097] BANK2_BL-09_half_down_hold__T_a_exec-set_holdings_cross_timing-today_ma_input_field-adjusted_rsi_exit-cross_rsi_smoothing-wilder_same_bar_reentry-allowed_warmup-ready_check: cached
[2178/4097] BANK2_BL-09_half_down_hold__T_a_exec-set_holdings_cross_timing-both_days_input_field-raw_rsi_exit-cross_rsi_smoothing-wilder_same_bar_reentry-allowed_warmup-ready_check: cached
[2179/4097] BANK2_BL-09_half_down_hold__T_a_exec-set_holdings_cross_timing-today_ma_input_field-raw_rsi_exit-cross_rsi_smoothing-wilder_same_bar_reentry-allowed_warmup-ready_check: cached
[2180/4097] BANK2_BL-09_half_down_hold__T_a_exec-set_holdings_cross_timing-both_days_input_field-adjusted_rsi_exit-cross_rsi_smoothing-wilder_same_bar_reentry-wait_bar_warmup-ready_check: cached
[2181/4097] BANK2_BL-09_half_down_hold__T_a_exec-set_holdings_cross_timing-today_ma_input_field-adjusted_rsi_exit-cross_rsi_smoothing-wilder_same_bar_reentry-wait_bar_warmup-ready_check: cached
[2182/4097] BANK2_BL-09_half_down_hold__T_a_exec-set_holdings_cross_timing-both_days_input_field-raw_rsi_exit-cross_rsi_smoothing-wilder_same_bar_reentry-wait_bar_warmup-ready_check: cached
[2183/4097] BANK2_BL-09_half_down_hold__T_a_exec-set_holdings_cross_timing-today_ma_input_field-raw_rsi_exit-cross_rsi_smoothing-wilder_same_bar_reentry-wait_bar_warmup-ready_check: cached
[2184/4097] BANK2_BL-09_half_down_hold__T_a_exec-set_holdings_cross_timing-today_ma_input_field-adjusted_rsi_exit-level_rsi_smoothing-wilder_same_bar_reentry-allowed_warmup-ready_per_rule: ok fills=169 (64.6s)
[2185/4097] BANK2_BL-09_half_down_hold__T_a_exec-set_holdings_cross_timing-both_days_input_field-adjusted_rsi_exit-level_rsi_smoothing-wilder_same_bar_reentry-allowed_warmup-ready_per_rule: ok fills=169 (67.2s)
[2186/4097] BANK2_BL-09_half_down_hold__T_a_exec-set_holdings_cross_timing-today_ma_input_field-raw_rsi_exit-level_rsi_smoothing-wilder_same_bar_reentry-allowed_warmup-ready_per_rule: ok fills=158 (68.7s)
[2187/4097] BANK2_BL-09_half_down_hold__T_a_exec-set_holdings_cross_timing-both_days_input_field-adjusted_rsi_exit-level_rsi_smoothing-wilder_same_bar_reentry-wait_bar_warmup-ready_per_rule: ok fills=165 (67.3s)
[2188/4097] BANK2_BL-09_half_down_hold__T_a_exec-set_holdings_cross_timing-today_ma_input_field-adjusted_rsi_exit-level_rsi_smoothing-wilder_same_bar_reentry-wait_bar_warmup-ready_per_rule: ok fills=165 (68.0s)
[2189/4097] BANK2_BL-09_half_down_hold__T_a_exec-set_holdings_cross_timing-today_ma_input_field-raw_rsi_exit-level_rsi_smoothing-wilder_same_bar_reentry-wait_bar_warmup-ready_per_rule: ok fills=156 (66.3s)
[2190/4097] BANK2_BL-09_half_down_hold__T_a_exec-set_holdings_cross_timing-both_days_input_field-raw_rsi_exit-level_rsi_smoothing-wilder_same_bar_reentry-wait_bar_warmup-ready_per_rule: ok fills=156 (74.1s)
[2191/4097] BANK2_BL-09_half_down_hold__T_a_exec-calc_shares_cross_timing-both_days_input_field-adjusted_rsi_exit-cross_rsi_smoothing-wilder_same_bar_reentry-allowed_warmup-ready_per_rule: ok fills=149 (67.1s)
[2192/4097] BANK2_BL-09_half_down_hold__T_a_exec-calc_shares_cross_timing-both_days_input_field-raw_rsi_exit-cross_rsi_smoothing-wilder_same_bar_reentry-allowed_warmup-ready_per_rule: ok fills=142 (62.7s)
[2193/4097] BANK2_BL-09_half_down_hold__T_a_exec-calc_shares_cross_timing-today_ma_input_field-adjusted_rsi_exit-cross_rsi_smoothing-wilder_same_bar_reentry-allowed_warmup-ready_per_rule: ok fills=149 (64.9s)
[2194/4097] BANK2_BL-09_half_down_hold__T_a_exec-set_holdings_cross_timing-both_days_input_field-adjusted_rsi_exit-cross_rsi_smoothing-wilder_same_bar_reentry-allowed_warmup-ready_per_rule: exit=1 fills=None (12.6s)
[2195/4097] BANK2_BL-09_half_down_hold__T_a_exec-set_holdings_cross_timing-both_days_input_field-raw_rsi_exit-cross_rsi_smoothing-wilder_same_bar_reentry-allowed_warmup-ready_per_rule: exit=1 fills=None (12.9s)
[2196/4097] BANK2_BL-09_half_down_hold__T_a_exec-calc_shares_cross_timing-today_ma_input_field-raw_rsi_exit-cross_rsi_smoothing-wilder_same_bar_reentry-allowed_warmup-ready_per_rule: ok fills=142 (69.2s)
[2197/4097] BANK2_BL-09_half_down_hold__T_a_exec-set_holdings_cross_timing-today_ma_input_field-raw_rsi_exit-cross_rsi_smoothing-wilder_same_bar_reentry-allowed_warmup-ready_per_rule: exit=1 fills=None (12.3s)
[2198/4097] BANK2_BL-09_half_down_hold__T_a_exec-calc_shares_cross_timing-today_ma_input_field-adjusted_rsi_exit-cross_rsi_smoothing-wilder_same_bar_reentry-wait_bar_warmup-ready_per_rule: ok fills=149 (69.6s)
[2199/4097] BANK2_BL-09_half_down_hold__T_a_exec-calc_shares_cross_timing-today_ma_input_field-raw_rsi_exit-cross_rsi_smoothing-wilder_same_bar_reentry-wait_bar_warmup-ready_per_rule: ok fills=142 (66.5s)
[2200/4097] BANK2_BL-09_half_down_hold__T_a_exec-calc_shares_cross_timing-both_days_input_field-adjusted_rsi_exit-level_rsi_smoothing-simple_same_bar_reentry-allowed_warmup-strict: cached
[2201/4097] BANK2_BL-09_half_down_hold__T_a_exec-calc_shares_cross_timing-today_ma_input_field-adjusted_rsi_exit-level_rsi_smoothing-simple_same_bar_reentry-allowed_warmup-strict: cached
[2202/4097] BANK2_BL-09_half_down_hold__T_a_exec-calc_shares_cross_timing-both_days_input_field-raw_rsi_exit-level_rsi_smoothing-simple_same_bar_reentry-allowed_warmup-strict: cached
[2203/4097] BANK2_BL-09_half_down_hold__T_a_exec-calc_shares_cross_timing-today_ma_input_field-raw_rsi_exit-level_rsi_smoothing-simple_same_bar_reentry-allowed_warmup-strict: cached
[2204/4097] BANK2_BL-09_half_down_hold__T_a_exec-calc_shares_cross_timing-both_days_input_field-adjusted_rsi_exit-level_rsi_smoothing-simple_same_bar_reentry-wait_bar_warmup-strict: cached
[2205/4097] BANK2_BL-09_half_down_hold__T_a_exec-calc_shares_cross_timing-today_ma_input_field-adjusted_rsi_exit-level_rsi_smoothing-simple_same_bar_reentry-wait_bar_warmup-strict: cached
[2206/4097] BANK2_BL-09_half_down_hold__T_a_exec-calc_shares_cross_timing-both_days_input_field-raw_rsi_exit-level_rsi_smoothing-simple_same_bar_reentry-wait_bar_warmup-strict: cached
[2207/4097] BANK2_BL-09_half_down_hold__T_a_exec-calc_shares_cross_timing-today_ma_input_field-raw_rsi_exit-level_rsi_smoothing-simple_same_bar_reentry-wait_bar_warmup-strict: cached
[2208/4097] BANK2_BL-09_half_down_hold__T_a_exec-set_holdings_cross_timing-both_days_input_field-adjusted_rsi_exit-level_rsi_smoothing-simple_same_bar_reentry-allowed_warmup-strict: cached
[2209/4097] BANK2_BL-09_half_down_hold__T_a_exec-set_holdings_cross_timing-today_ma_input_field-adjusted_rsi_exit-level_rsi_smoothing-simple_same_bar_reentry-allowed_warmup-strict: cached
[2210/4097] BANK2_BL-09_half_down_hold__T_a_exec-set_holdings_cross_timing-both_days_input_field-raw_rsi_exit-level_rsi_smoothing-simple_same_bar_reentry-allowed_warmup-strict: cached
[2211/4097] BANK2_BL-09_half_down_hold__T_a_exec-set_holdings_cross_timing-today_ma_input_field-raw_rsi_exit-level_rsi_smoothing-simple_same_bar_reentry-allowed_warmup-strict: cached
[2212/4097] BANK2_BL-09_half_down_hold__T_a_exec-set_holdings_cross_timing-both_days_input_field-adjusted_rsi_exit-level_rsi_smoothing-simple_same_bar_reentry-wait_bar_warmup-strict: cached
[2213/4097] BANK2_BL-09_half_down_hold__T_a_exec-set_holdings_cross_timing-today_ma_input_field-adjusted_rsi_exit-level_rsi_smoothing-simple_same_bar_reentry-wait_bar_warmup-strict: cached
[2214/4097] BANK2_BL-09_half_down_hold__T_a_exec-set_holdings_cross_timing-both_days_input_field-raw_rsi_exit-level_rsi_smoothing-simple_same_bar_reentry-wait_bar_warmup-strict: cached
[2215/4097] BANK2_BL-09_half_down_hold__T_a_exec-set_holdings_cross_timing-today_ma_input_field-raw_rsi_exit-level_rsi_smoothing-simple_same_bar_reentry-wait_bar_warmup-strict: cached
[2216/4097] BANK2_BL-09_half_down_hold__T_a_exec-calc_shares_cross_timing-both_days_input_field-adjusted_rsi_exit-level_rsi_smoothing-simple_same_bar_reentry-allowed_warmup-ready_check: cached
[2217/4097] BANK2_BL-09_half_down_hold__T_a_exec-calc_shares_cross_timing-today_ma_input_field-adjusted_rsi_exit-level_rsi_smoothing-simple_same_bar_reentry-allowed_warmup-ready_check: cached
[2218/4097] BANK2_BL-09_half_down_hold__T_a_exec-calc_shares_cross_timing-both_days_input_field-raw_rsi_exit-level_rsi_smoothing-simple_same_bar_reentry-allowed_warmup-ready_check: cached
[2219/4097] BANK2_BL-09_half_down_hold__T_a_exec-calc_shares_cross_timing-today_ma_input_field-raw_rsi_exit-level_rsi_smoothing-simple_same_bar_reentry-allowed_warmup-ready_check: cached
[2220/4097] BANK2_BL-09_half_down_hold__T_a_exec-calc_shares_cross_timing-both_days_input_field-adjusted_rsi_exit-level_rsi_smoothing-simple_same_bar_reentry-wait_bar_warmup-ready_check: cached
[2221/4097] BANK2_BL-09_half_down_hold__T_a_exec-calc_shares_cross_timing-today_ma_input_field-adjusted_rsi_exit-level_rsi_smoothing-simple_same_bar_reentry-wait_bar_warmup-ready_check: cached
[2222/4097] BANK2_BL-09_half_down_hold__T_a_exec-calc_shares_cross_timing-both_days_input_field-raw_rsi_exit-level_rsi_smoothing-simple_same_bar_reentry-wait_bar_warmup-ready_check: cached
[2223/4097] BANK2_BL-09_half_down_hold__T_a_exec-calc_shares_cross_timing-today_ma_input_field-raw_rsi_exit-level_rsi_smoothing-simple_same_bar_reentry-wait_bar_warmup-ready_check: cached
[2224/4097] BANK2_BL-09_half_down_hold__T_a_exec-set_holdings_cross_timing-both_days_input_field-adjusted_rsi_exit-level_rsi_smoothing-simple_same_bar_reentry-allowed_warmup-ready_check: cached
[2225/4097] BANK2_BL-09_half_down_hold__T_a_exec-set_holdings_cross_timing-today_ma_input_field-adjusted_rsi_exit-level_rsi_smoothing-simple_same_bar_reentry-allowed_warmup-ready_check: cached
[2226/4097] BANK2_BL-09_half_down_hold__T_a_exec-set_holdings_cross_timing-both_days_input_field-raw_rsi_exit-level_rsi_smoothing-simple_same_bar_reentry-allowed_warmup-ready_check: cached
[2227/4097] BANK2_BL-09_half_down_hold__T_a_exec-set_holdings_cross_timing-today_ma_input_field-raw_rsi_exit-level_rsi_smoothing-simple_same_bar_reentry-allowed_warmup-ready_check: cached
[2228/4097] BANK2_BL-09_half_down_hold__T_a_exec-set_holdings_cross_timing-both_days_input_field-adjusted_rsi_exit-level_rsi_smoothing-simple_same_bar_reentry-wait_bar_warmup-ready_check: cached
[2229/4097] BANK2_BL-09_half_down_hold__T_a_exec-set_holdings_cross_timing-today_ma_input_field-adjusted_rsi_exit-level_rsi_smoothing-simple_same_bar_reentry-wait_bar_warmup-ready_check: cached
[2230/4097] BANK2_BL-09_half_down_hold__T_a_exec-set_holdings_cross_timing-both_days_input_field-raw_rsi_exit-level_rsi_smoothing-simple_same_bar_reentry-wait_bar_warmup-ready_check: cached
[2231/4097] BANK2_BL-09_half_down_hold__T_a_exec-set_holdings_cross_timing-today_ma_input_field-raw_rsi_exit-level_rsi_smoothing-simple_same_bar_reentry-wait_bar_warmup-ready_check: cached
[2232/4097] BANK2_BL-09_half_down_hold__T_a_exec-calc_shares_cross_timing-both_days_input_field-adjusted_rsi_exit-cross_rsi_smoothing-wilder_same_bar_reentry-wait_bar_warmup-ready_per_rule: ok fills=149 (74.9s)
[2233/4097] BANK2_BL-09_half_down_hold__T_a_exec-calc_shares_cross_timing-both_days_input_field-raw_rsi_exit-cross_rsi_smoothing-wilder_same_bar_reentry-wait_bar_warmup-ready_per_rule: ok fills=142 (68.6s)
[2234/4097] BANK2_BL-09_half_down_hold__T_a_exec-set_holdings_cross_timing-today_ma_input_field-adjusted_rsi_exit-cross_rsi_smoothing-wilder_same_bar_reentry-allowed_warmup-ready_per_rule: ok fills=149 (63.5s)
[2235/4097] BANK2_BL-09_half_down_hold__T_a_exec-set_holdings_cross_timing-both_days_input_field-raw_rsi_exit-cross_rsi_smoothing-wilder_same_bar_reentry-wait_bar_warmup-ready_per_rule: ok fills=142 (66.4s)
[2236/4097] BANK2_BL-09_half_down_hold__T_a_exec-set_holdings_cross_timing-both_days_input_field-adjusted_rsi_exit-cross_rsi_smoothing-wilder_same_bar_reentry-wait_bar_warmup-ready_per_rule: ok fills=149 (67.2s)
[2237/4097] BANK2_BL-09_half_down_hold__T_a_exec-set_holdings_cross_timing-today_ma_input_field-adjusted_rsi_exit-cross_rsi_smoothing-wilder_same_bar_reentry-wait_bar_warmup-ready_per_rule: ok fills=149 (72.3s)
[2238/4097] BANK2_BL-09_half_down_hold__T_a_exec-set_holdings_cross_timing-today_ma_input_field-raw_rsi_exit-cross_rsi_smoothing-wilder_same_bar_reentry-wait_bar_warmup-ready_per_rule: ok fills=142 (68.8s)
[2239/4097] BANK2_BL-09_half_down_hold__T_a_exec-calc_shares_cross_timing-both_days_input_field-adjusted_rsi_exit-level_rsi_smoothing-simple_same_bar_reentry-allowed_warmup-ready_per_rule: ok fills=217 (70.9s)
[2240/4097] BANK2_BL-09_half_down_hold__T_a_exec-calc_shares_cross_timing-both_days_input_field-raw_rsi_exit-level_rsi_smoothing-simple_same_bar_reentry-allowed_warmup-ready_per_rule: ok fills=214 (72.4s)
[2241/4097] BANK2_BL-09_half_down_hold__T_a_exec-calc_shares_cross_timing-today_ma_input_field-adjusted_rsi_exit-level_rsi_smoothing-simple_same_bar_reentry-allowed_warmup-ready_per_rule: ok fills=217 (74.2s)
[2242/4097] BANK2_BL-09_half_down_hold__T_a_exec-calc_shares_cross_timing-today_ma_input_field-raw_rsi_exit-level_rsi_smoothing-simple_same_bar_reentry-allowed_warmup-ready_per_rule: ok fills=214 (68.4s)
[2243/4097] BANK2_BL-09_half_down_hold__T_a_exec-calc_shares_cross_timing-both_days_input_field-raw_rsi_exit-level_rsi_smoothing-simple_same_bar_reentry-wait_bar_warmup-ready_per_rule: ok fills=200 (60.1s)
[2244/4097] BANK2_BL-09_half_down_hold__T_a_exec-calc_shares_cross_timing-today_ma_input_field-adjusted_rsi_exit-level_rsi_smoothing-simple_same_bar_reentry-wait_bar_warmup-ready_per_rule: ok fills=203 (66.7s)
[2245/4097] BANK2_BL-09_half_down_hold__T_a_exec-calc_shares_cross_timing-both_days_input_field-adjusted_rsi_exit-level_rsi_smoothing-simple_same_bar_reentry-wait_bar_warmup-ready_per_rule: ok fills=203 (67.8s)
[2246/4097] BANK2_BL-09_half_down_hold__T_a_exec-calc_shares_cross_timing-today_ma_input_field-raw_rsi_exit-level_rsi_smoothing-simple_same_bar_reentry-wait_bar_warmup-ready_per_rule: ok fills=200 (61.1s)
[2247/4097] BANK2_BL-09_half_down_hold__T_a_exec-set_holdings_cross_timing-today_ma_input_field-adjusted_rsi_exit-level_rsi_smoothing-simple_same_bar_reentry-allowed_warmup-ready_per_rule: ok fills=217 (65.3s)
[2248/4097] BANK2_BL-09_half_down_hold__T_a_exec-calc_shares_cross_timing-both_days_input_field-adjusted_rsi_exit-cross_rsi_smoothing-simple_same_bar_reentry-allowed_warmup-strict: cached
[2249/4097] BANK2_BL-09_half_down_hold__T_a_exec-calc_shares_cross_timing-today_ma_input_field-adjusted_rsi_exit-cross_rsi_smoothing-simple_same_bar_reentry-allowed_warmup-strict: cached
[2250/4097] BANK2_BL-09_half_down_hold__T_a_exec-calc_shares_cross_timing-both_days_input_field-raw_rsi_exit-cross_rsi_smoothing-simple_same_bar_reentry-allowed_warmup-strict: cached
[2251/4097] BANK2_BL-09_half_down_hold__T_a_exec-calc_shares_cross_timing-today_ma_input_field-raw_rsi_exit-cross_rsi_smoothing-simple_same_bar_reentry-allowed_warmup-strict: cached
[2252/4097] BANK2_BL-09_half_down_hold__T_a_exec-calc_shares_cross_timing-both_days_input_field-adjusted_rsi_exit-cross_rsi_smoothing-simple_same_bar_reentry-wait_bar_warmup-strict: cached
[2253/4097] BANK2_BL-09_half_down_hold__T_a_exec-calc_shares_cross_timing-today_ma_input_field-adjusted_rsi_exit-cross_rsi_smoothing-simple_same_bar_reentry-wait_bar_warmup-strict: cached
[2254/4097] BANK2_BL-09_half_down_hold__T_a_exec-calc_shares_cross_timing-both_days_input_field-raw_rsi_exit-cross_rsi_smoothing-simple_same_bar_reentry-wait_bar_warmup-strict: cached
[2255/4097] BANK2_BL-09_half_down_hold__T_a_exec-calc_shares_cross_timing-today_ma_input_field-raw_rsi_exit-cross_rsi_smoothing-simple_same_bar_reentry-wait_bar_warmup-strict: cached
[2256/4097] BANK2_BL-09_half_down_hold__T_a_exec-set_holdings_cross_timing-both_days_input_field-adjusted_rsi_exit-cross_rsi_smoothing-simple_same_bar_reentry-allowed_warmup-strict: cached
[2257/4097] BANK2_BL-09_half_down_hold__T_a_exec-set_holdings_cross_timing-today_ma_input_field-adjusted_rsi_exit-cross_rsi_smoothing-simple_same_bar_reentry-allowed_warmup-strict: cached
[2258/4097] BANK2_BL-09_half_down_hold__T_a_exec-set_holdings_cross_timing-both_days_input_field-raw_rsi_exit-cross_rsi_smoothing-simple_same_bar_reentry-allowed_warmup-strict: cached
[2259/4097] BANK2_BL-09_half_down_hold__T_a_exec-set_holdings_cross_timing-today_ma_input_field-raw_rsi_exit-cross_rsi_smoothing-simple_same_bar_reentry-allowed_warmup-strict: cached
[2260/4097] BANK2_BL-09_half_down_hold__T_a_exec-set_holdings_cross_timing-both_days_input_field-adjusted_rsi_exit-cross_rsi_smoothing-simple_same_bar_reentry-wait_bar_warmup-strict: cached
[2261/4097] BANK2_BL-09_half_down_hold__T_a_exec-set_holdings_cross_timing-today_ma_input_field-adjusted_rsi_exit-cross_rsi_smoothing-simple_same_bar_reentry-wait_bar_warmup-strict: cached
[2262/4097] BANK2_BL-09_half_down_hold__T_a_exec-set_holdings_cross_timing-both_days_input_field-raw_rsi_exit-cross_rsi_smoothing-simple_same_bar_reentry-wait_bar_warmup-strict: cached
[2263/4097] BANK2_BL-09_half_down_hold__T_a_exec-set_holdings_cross_timing-today_ma_input_field-raw_rsi_exit-cross_rsi_smoothing-simple_same_bar_reentry-wait_bar_warmup-strict: cached
[2264/4097] BANK2_BL-09_half_down_hold__T_a_exec-calc_shares_cross_timing-both_days_input_field-adjusted_rsi_exit-cross_rsi_smoothing-simple_same_bar_reentry-allowed_warmup-ready_check: cached
[2265/4097] BANK2_BL-09_half_down_hold__T_a_exec-calc_shares_cross_timing-today_ma_input_field-adjusted_rsi_exit-cross_rsi_smoothing-simple_same_bar_reentry-allowed_warmup-ready_check: cached
[2266/4097] BANK2_BL-09_half_down_hold__T_a_exec-calc_shares_cross_timing-both_days_input_field-raw_rsi_exit-cross_rsi_smoothing-simple_same_bar_reentry-allowed_warmup-ready_check: cached
[2267/4097] BANK2_BL-09_half_down_hold__T_a_exec-calc_shares_cross_timing-today_ma_input_field-raw_rsi_exit-cross_rsi_smoothing-simple_same_bar_reentry-allowed_warmup-ready_check: cached
[2268/4097] BANK2_BL-09_half_down_hold__T_a_exec-calc_shares_cross_timing-both_days_input_field-adjusted_rsi_exit-cross_rsi_smoothing-simple_same_bar_reentry-wait_bar_warmup-ready_check: cached
[2269/4097] BANK2_BL-09_half_down_hold__T_a_exec-calc_shares_cross_timing-today_ma_input_field-adjusted_rsi_exit-cross_rsi_smoothing-simple_same_bar_reentry-wait_bar_warmup-ready_check: cached
[2270/4097] BANK2_BL-09_half_down_hold__T_a_exec-calc_shares_cross_timing-both_days_input_field-raw_rsi_exit-cross_rsi_smoothing-simple_same_bar_reentry-wait_bar_warmup-ready_check: cached
[2271/4097] BANK2_BL-09_half_down_hold__T_a_exec-calc_shares_cross_timing-today_ma_input_field-raw_rsi_exit-cross_rsi_smoothing-simple_same_bar_reentry-wait_bar_warmup-ready_check: cached
[2272/4097] BANK2_BL-09_half_down_hold__T_a_exec-set_holdings_cross_timing-both_days_input_field-adjusted_rsi_exit-cross_rsi_smoothing-simple_same_bar_reentry-allowed_warmup-ready_check: cached
[2273/4097] BANK2_BL-09_half_down_hold__T_a_exec-set_holdings_cross_timing-today_ma_input_field-adjusted_rsi_exit-cross_rsi_smoothing-simple_same_bar_reentry-allowed_warmup-ready_check: cached
[2274/4097] BANK2_BL-09_half_down_hold__T_a_exec-set_holdings_cross_timing-both_days_input_field-raw_rsi_exit-cross_rsi_smoothing-simple_same_bar_reentry-allowed_warmup-ready_check: cached
[2275/4097] BANK2_BL-09_half_down_hold__T_a_exec-set_holdings_cross_timing-today_ma_input_field-raw_rsi_exit-cross_rsi_smoothing-simple_same_bar_reentry-allowed_warmup-ready_check: cached
[2276/4097] BANK2_BL-09_half_down_hold__T_a_exec-set_holdings_cross_timing-both_days_input_field-adjusted_rsi_exit-cross_rsi_smoothing-simple_same_bar_reentry-wait_bar_warmup-ready_check: cached
[2277/4097] BANK2_BL-09_half_down_hold__T_a_exec-set_holdings_cross_timing-today_ma_input_field-adjusted_rsi_exit-cross_rsi_smoothing-simple_same_bar_reentry-wait_bar_warmup-ready_check: cached
[2278/4097] BANK2_BL-09_half_down_hold__T_a_exec-set_holdings_cross_timing-both_days_input_field-raw_rsi_exit-cross_rsi_smoothing-simple_same_bar_reentry-wait_bar_warmup-ready_check: cached
[2279/4097] BANK2_BL-09_half_down_hold__T_a_exec-set_holdings_cross_timing-today_ma_input_field-raw_rsi_exit-cross_rsi_smoothing-simple_same_bar_reentry-wait_bar_warmup-ready_check: cached
[2280/4097] BANK2_BL-09_half_down_hold__T_a_exec-set_holdings_cross_timing-both_days_input_field-raw_rsi_exit-level_rsi_smoothing-simple_same_bar_reentry-allowed_warmup-ready_per_rule: ok fills=214 (64.7s)
[2281/4097] BANK2_BL-09_half_down_hold__T_a_exec-set_holdings_cross_timing-today_ma_input_field-adjusted_rsi_exit-level_rsi_smoothing-simple_same_bar_reentry-wait_bar_warmup-ready_per_rule: exit=1 fills=None (15.6s)
[2282/4097] BANK2_BL-09_half_down_hold__T_a_exec-set_holdings_cross_timing-both_days_input_field-adjusted_rsi_exit-level_rsi_smoothing-simple_same_bar_reentry-allowed_warmup-ready_per_rule: ok fills=217 (69.6s)
[2283/4097] BANK2_BL-09_half_down_hold__T_a_exec-set_holdings_cross_timing-today_ma_input_field-raw_rsi_exit-level_rsi_smoothing-simple_same_bar_reentry-allowed_warmup-ready_per_rule: ok fills=214 (65.1s)
[2284/4097] BANK2_BL-09_half_down_hold__T_a_exec-set_holdings_cross_timing-both_days_input_field-adjusted_rsi_exit-level_rsi_smoothing-simple_same_bar_reentry-wait_bar_warmup-ready_per_rule: ok fills=203 (63.4s)
[2285/4097] BANK2_BL-09_half_down_hold__T_a_exec-set_holdings_cross_timing-both_days_input_field-raw_rsi_exit-level_rsi_smoothing-simple_same_bar_reentry-wait_bar_warmup-ready_per_rule: ok fills=200 (65.5s)
[2286/4097] BANK2_BL-09_half_down_hold__T_a_exec-set_holdings_cross_timing-today_ma_input_field-raw_rsi_exit-level_rsi_smoothing-simple_same_bar_reentry-wait_bar_warmup-ready_per_rule: ok fills=200 (65.6s)
[2287/4097] BANK2_BL-09_half_down_hold__T_a_exec-calc_shares_cross_timing-today_ma_input_field-raw_rsi_exit-cross_rsi_smoothing-simple_same_bar_reentry-allowed_warmup-ready_per_rule: ok fills=166 (64.6s)
[2288/4097] BANK2_BL-09_half_down_hold__T_a_exec-calc_shares_cross_timing-both_days_input_field-raw_rsi_exit-cross_rsi_smoothing-simple_same_bar_reentry-allowed_warmup-ready_per_rule: ok fills=166 (65.1s)
[2289/4097] BANK2_BL-09_half_down_hold__T_a_exec-calc_shares_cross_timing-today_ma_input_field-adjusted_rsi_exit-cross_rsi_smoothing-simple_same_bar_reentry-allowed_warmup-ready_per_rule: ok fills=167 (69.1s)
[2290/4097] BANK2_BL-09_half_down_hold__T_a_exec-calc_shares_cross_timing-both_days_input_field-adjusted_rsi_exit-cross_rsi_smoothing-simple_same_bar_reentry-allowed_warmup-ready_per_rule: ok fills=167 (72.4s)
[2291/4097] BANK2_BL-09_half_down_hold__T_a_exec-calc_shares_cross_timing-both_days_input_field-adjusted_rsi_exit-cross_rsi_smoothing-simple_same_bar_reentry-wait_bar_warmup-ready_per_rule: ok fills=167 (66.4s)
[2292/4097] BANK2_BL-09_half_down_hold__T_a_exec-calc_shares_cross_timing-today_ma_input_field-adjusted_rsi_exit-cross_rsi_smoothing-simple_same_bar_reentry-wait_bar_warmup-ready_per_rule: ok fills=167 (67.4s)
[2293/4097] BANK2_BL-09_half_down_hold__T_a_exec-calc_shares_cross_timing-both_days_input_field-raw_rsi_exit-cross_rsi_smoothing-simple_same_bar_reentry-wait_bar_warmup-ready_per_rule: ok fills=166 (65.7s)
[2294/4097] BANK2_BL-09_half_down_hold__T_a_exec-calc_shares_cross_timing-today_ma_input_field-raw_rsi_exit-cross_rsi_smoothing-simple_same_bar_reentry-wait_bar_warmup-ready_per_rule: ok fills=166 (66.6s)
[2295/4097] BANK2_BL-09_half_down_hold__T_a_exec-set_holdings_cross_timing-today_ma_input_field-adjusted_rsi_exit-cross_rsi_smoothing-simple_same_bar_reentry-allowed_warmup-ready_per_rule: ok fills=167 (68.0s)
[2296/4097] BANK2_BL-09_half_up__ref: cached
[2297/4097] BANK2_BL-09_half_up__T_a_exec-calc_shares_cross_timing-today_ma_input_field-adjusted_rsi_exit-level_rsi_smoothing-wilder_same_bar_reentry-allowed_warmup-strict: cached
[2298/4097] BANK2_BL-09_half_up__T_a_exec-calc_shares_cross_timing-both_days_input_field-raw_rsi_exit-level_rsi_smoothing-wilder_same_bar_reentry-allowed_warmup-strict: cached
[2299/4097] BANK2_BL-09_half_up__T_a_exec-calc_shares_cross_timing-today_ma_input_field-raw_rsi_exit-level_rsi_smoothing-wilder_same_bar_reentry-allowed_warmup-strict: cached
[2300/4097] BANK2_BL-09_half_up__T_a_exec-calc_shares_cross_timing-both_days_input_field-adjusted_rsi_exit-level_rsi_smoothing-wilder_same_bar_reentry-wait_bar_warmup-strict: cached
[2301/4097] BANK2_BL-09_half_up__T_a_exec-calc_shares_cross_timing-today_ma_input_field-adjusted_rsi_exit-level_rsi_smoothing-wilder_same_bar_reentry-wait_bar_warmup-strict: cached
[2302/4097] BANK2_BL-09_half_up__T_a_exec-calc_shares_cross_timing-both_days_input_field-raw_rsi_exit-level_rsi_smoothing-wilder_same_bar_reentry-wait_bar_warmup-strict: cached
[2303/4097] BANK2_BL-09_half_up__T_a_exec-calc_shares_cross_timing-today_ma_input_field-raw_rsi_exit-level_rsi_smoothing-wilder_same_bar_reentry-wait_bar_warmup-strict: cached
[2304/4097] BANK2_BL-09_half_up__T_a_exec-set_holdings_cross_timing-both_days_input_field-adjusted_rsi_exit-level_rsi_smoothing-wilder_same_bar_reentry-allowed_warmup-strict: cached
[2305/4097] BANK2_BL-09_half_up__T_a_exec-set_holdings_cross_timing-today_ma_input_field-adjusted_rsi_exit-level_rsi_smoothing-wilder_same_bar_reentry-allowed_warmup-strict: cached
[2306/4097] BANK2_BL-09_half_up__T_a_exec-set_holdings_cross_timing-both_days_input_field-raw_rsi_exit-level_rsi_smoothing-wilder_same_bar_reentry-allowed_warmup-strict: cached
[2307/4097] BANK2_BL-09_half_up__T_a_exec-set_holdings_cross_timing-today_ma_input_field-raw_rsi_exit-level_rsi_smoothing-wilder_same_bar_reentry-allowed_warmup-strict: cached
[2308/4097] BANK2_BL-09_half_up__T_a_exec-set_holdings_cross_timing-both_days_input_field-adjusted_rsi_exit-level_rsi_smoothing-wilder_same_bar_reentry-wait_bar_warmup-strict: cached
[2309/4097] BANK2_BL-09_half_up__T_a_exec-set_holdings_cross_timing-today_ma_input_field-adjusted_rsi_exit-level_rsi_smoothing-wilder_same_bar_reentry-wait_bar_warmup-strict: cached
[2310/4097] BANK2_BL-09_half_up__T_a_exec-set_holdings_cross_timing-both_days_input_field-raw_rsi_exit-level_rsi_smoothing-wilder_same_bar_reentry-wait_bar_warmup-strict: cached
[2311/4097] BANK2_BL-09_half_up__T_a_exec-set_holdings_cross_timing-today_ma_input_field-raw_rsi_exit-level_rsi_smoothing-wilder_same_bar_reentry-wait_bar_warmup-strict: cached
[2312/4097] BANK2_BL-09_half_up__T_a_exec-calc_shares_cross_timing-both_days_input_field-adjusted_rsi_exit-level_rsi_smoothing-wilder_same_bar_reentry-allowed_warmup-ready_check: cached
[2313/4097] BANK2_BL-09_half_up__T_a_exec-calc_shares_cross_timing-today_ma_input_field-adjusted_rsi_exit-level_rsi_smoothing-wilder_same_bar_reentry-allowed_warmup-ready_check: cached
[2314/4097] BANK2_BL-09_half_up__T_a_exec-calc_shares_cross_timing-both_days_input_field-raw_rsi_exit-level_rsi_smoothing-wilder_same_bar_reentry-allowed_warmup-ready_check: cached
[2315/4097] BANK2_BL-09_half_up__T_a_exec-calc_shares_cross_timing-today_ma_input_field-raw_rsi_exit-level_rsi_smoothing-wilder_same_bar_reentry-allowed_warmup-ready_check: cached
[2316/4097] BANK2_BL-09_half_up__T_a_exec-calc_shares_cross_timing-both_days_input_field-adjusted_rsi_exit-level_rsi_smoothing-wilder_same_bar_reentry-wait_bar_warmup-ready_check: cached
[2317/4097] BANK2_BL-09_half_up__T_a_exec-calc_shares_cross_timing-today_ma_input_field-adjusted_rsi_exit-level_rsi_smoothing-wilder_same_bar_reentry-wait_bar_warmup-ready_check: cached
[2318/4097] BANK2_BL-09_half_up__T_a_exec-calc_shares_cross_timing-both_days_input_field-raw_rsi_exit-level_rsi_smoothing-wilder_same_bar_reentry-wait_bar_warmup-ready_check: cached
[2319/4097] BANK2_BL-09_half_up__T_a_exec-calc_shares_cross_timing-today_ma_input_field-raw_rsi_exit-level_rsi_smoothing-wilder_same_bar_reentry-wait_bar_warmup-ready_check: cached
[2320/4097] BANK2_BL-09_half_up__T_a_exec-set_holdings_cross_timing-both_days_input_field-adjusted_rsi_exit-level_rsi_smoothing-wilder_same_bar_reentry-allowed_warmup-ready_check: cached
[2321/4097] BANK2_BL-09_half_up__T_a_exec-set_holdings_cross_timing-today_ma_input_field-adjusted_rsi_exit-level_rsi_smoothing-wilder_same_bar_reentry-allowed_warmup-ready_check: cached
[2322/4097] BANK2_BL-09_half_up__T_a_exec-set_holdings_cross_timing-both_days_input_field-raw_rsi_exit-level_rsi_smoothing-wilder_same_bar_reentry-allowed_warmup-ready_check: cached
[2323/4097] BANK2_BL-09_half_up__T_a_exec-set_holdings_cross_timing-today_ma_input_field-raw_rsi_exit-level_rsi_smoothing-wilder_same_bar_reentry-allowed_warmup-ready_check: cached
[2324/4097] BANK2_BL-09_half_up__T_a_exec-set_holdings_cross_timing-both_days_input_field-adjusted_rsi_exit-level_rsi_smoothing-wilder_same_bar_reentry-wait_bar_warmup-ready_check: cached
[2325/4097] BANK2_BL-09_half_up__T_a_exec-set_holdings_cross_timing-today_ma_input_field-adjusted_rsi_exit-level_rsi_smoothing-wilder_same_bar_reentry-wait_bar_warmup-ready_check: cached
[2326/4097] BANK2_BL-09_half_up__T_a_exec-set_holdings_cross_timing-both_days_input_field-raw_rsi_exit-level_rsi_smoothing-wilder_same_bar_reentry-wait_bar_warmup-ready_check: cached
[2327/4097] BANK2_BL-09_half_up__T_a_exec-set_holdings_cross_timing-today_ma_input_field-raw_rsi_exit-level_rsi_smoothing-wilder_same_bar_reentry-wait_bar_warmup-ready_check: cached
[2328/4097] BANK2_BL-09_half_down_hold__T_a_exec-set_holdings_cross_timing-both_days_input_field-adjusted_rsi_exit-cross_rsi_smoothing-simple_same_bar_reentry-allowed_warmup-ready_per_rule: ok fills=167 (69.1s)
[2329/4097] BANK2_BL-09_half_down_hold__T_a_exec-set_holdings_cross_timing-today_ma_input_field-raw_rsi_exit-cross_rsi_smoothing-simple_same_bar_reentry-allowed_warmup-ready_per_rule: ok fills=166 (64.0s)
[2330/4097] BANK2_BL-09_half_down_hold__T_a_exec-set_holdings_cross_timing-both_days_input_field-raw_rsi_exit-cross_rsi_smoothing-simple_same_bar_reentry-allowed_warmup-ready_per_rule: ok fills=166 (69.8s)
[2331/4097] BANK2_BL-09_half_down_hold__T_a_exec-set_holdings_cross_timing-both_days_input_field-adjusted_rsi_exit-cross_rsi_smoothing-simple_same_bar_reentry-wait_bar_warmup-ready_per_rule: ok fills=167 (63.5s)
[2332/4097] BANK2_BL-09_half_down_hold__T_a_exec-set_holdings_cross_timing-today_ma_input_field-adjusted_rsi_exit-cross_rsi_smoothing-simple_same_bar_reentry-wait_bar_warmup-ready_per_rule: ok fills=167 (67.2s)
[2333/4097] BANK2_BL-09_half_down_hold__T_a_exec-set_holdings_cross_timing-today_ma_input_field-raw_rsi_exit-cross_rsi_smoothing-simple_same_bar_reentry-wait_bar_warmup-ready_per_rule: ok fills=166 (65.2s)
[2334/4097] BANK2_BL-09_half_down_hold__T_a_exec-set_holdings_cross_timing-both_days_input_field-raw_rsi_exit-cross_rsi_smoothing-simple_same_bar_reentry-wait_bar_warmup-ready_per_rule: ok fills=166 (67.1s)
[2335/4097] BANK2_BL-09_half_up__T_a_exec-calc_shares_cross_timing-both_days_input_field-raw_rsi_exit-level_rsi_smoothing-wilder_same_bar_reentry-allowed_warmup-ready_per_rule: ok fills=218 (65.2s)
[2336/4097] BANK2_BL-09_half_up__T_a_exec-calc_shares_cross_timing-both_days_input_field-adjusted_rsi_exit-level_rsi_smoothing-wilder_same_bar_reentry-allowed_warmup-ready_per_rule: ok fills=217 (75.3s)
[2337/4097] BANK2_BL-09_half_up__T_a_exec-calc_shares_cross_timing-today_ma_input_field-adjusted_rsi_exit-level_rsi_smoothing-wilder_same_bar_reentry-allowed_warmup-ready_per_rule: ok fills=217 (76.2s)
[2338/4097] BANK2_BL-09_half_up__T_a_exec-calc_shares_cross_timing-today_ma_input_field-raw_rsi_exit-level_rsi_smoothing-wilder_same_bar_reentry-allowed_warmup-ready_per_rule: ok fills=218 (72.3s)
[2339/4097] BANK2_BL-09_half_up__T_a_exec-calc_shares_cross_timing-both_days_input_field-adjusted_rsi_exit-level_rsi_smoothing-wilder_same_bar_reentry-wait_bar_warmup-ready_per_rule: ok fills=213 (68.2s)
[2340/4097] BANK2_BL-09_half_up__T_a_exec-calc_shares_cross_timing-both_days_input_field-raw_rsi_exit-level_rsi_smoothing-wilder_same_bar_reentry-wait_bar_warmup-ready_per_rule: ok fills=216 (67.0s)
[2341/4097] BANK2_BL-09_half_up__T_a_exec-calc_shares_cross_timing-today_ma_input_field-adjusted_rsi_exit-level_rsi_smoothing-wilder_same_bar_reentry-wait_bar_warmup-ready_per_rule: ok fills=213 (70.1s)
[2342/4097] BANK2_BL-09_half_up__T_a_exec-calc_shares_cross_timing-today_ma_input_field-raw_rsi_exit-level_rsi_smoothing-wilder_same_bar_reentry-wait_bar_warmup-ready_per_rule: ok fills=216 (68.0s)
[2343/4097] BANK2_BL-09_half_up__T_a_exec-set_holdings_cross_timing-both_days_input_field-adjusted_rsi_exit-level_rsi_smoothing-wilder_same_bar_reentry-allowed_warmup-ready_per_rule: ok fills=217 (59.4s)
[2344/4097] BANK2_BL-09_half_up__T_a_exec-calc_shares_cross_timing-both_days_input_field-adjusted_rsi_exit-cross_rsi_smoothing-wilder_same_bar_reentry-allowed_warmup-strict: cached
[2345/4097] BANK2_BL-09_half_up__T_a_exec-calc_shares_cross_timing-today_ma_input_field-adjusted_rsi_exit-cross_rsi_smoothing-wilder_same_bar_reentry-allowed_warmup-strict: cached
[2346/4097] BANK2_BL-09_half_up__T_a_exec-calc_shares_cross_timing-both_days_input_field-raw_rsi_exit-cross_rsi_smoothing-wilder_same_bar_reentry-allowed_warmup-strict: cached
[2347/4097] BANK2_BL-09_half_up__T_a_exec-calc_shares_cross_timing-today_ma_input_field-raw_rsi_exit-cross_rsi_smoothing-wilder_same_bar_reentry-allowed_warmup-strict: cached
[2348/4097] BANK2_BL-09_half_up__T_a_exec-calc_shares_cross_timing-both_days_input_field-adjusted_rsi_exit-cross_rsi_smoothing-wilder_same_bar_reentry-wait_bar_warmup-strict: cached
[2349/4097] BANK2_BL-09_half_up__T_a_exec-calc_shares_cross_timing-today_ma_input_field-adjusted_rsi_exit-cross_rsi_smoothing-wilder_same_bar_reentry-wait_bar_warmup-strict: cached
[2350/4097] BANK2_BL-09_half_up__T_a_exec-calc_shares_cross_timing-both_days_input_field-raw_rsi_exit-cross_rsi_smoothing-wilder_same_bar_reentry-wait_bar_warmup-strict: cached
[2351/4097] BANK2_BL-09_half_up__T_a_exec-calc_shares_cross_timing-today_ma_input_field-raw_rsi_exit-cross_rsi_smoothing-wilder_same_bar_reentry-wait_bar_warmup-strict: cached
[2352/4097] BANK2_BL-09_half_up__T_a_exec-set_holdings_cross_timing-both_days_input_field-adjusted_rsi_exit-cross_rsi_smoothing-wilder_same_bar_reentry-allowed_warmup-strict: cached
[2353/4097] BANK2_BL-09_half_up__T_a_exec-set_holdings_cross_timing-today_ma_input_field-adjusted_rsi_exit-cross_rsi_smoothing-wilder_same_bar_reentry-allowed_warmup-strict: cached
[2354/4097] BANK2_BL-09_half_up__T_a_exec-set_holdings_cross_timing-both_days_input_field-raw_rsi_exit-cross_rsi_smoothing-wilder_same_bar_reentry-allowed_warmup-strict: cached
[2355/4097] BANK2_BL-09_half_up__T_a_exec-set_holdings_cross_timing-today_ma_input_field-raw_rsi_exit-cross_rsi_smoothing-wilder_same_bar_reentry-allowed_warmup-strict: cached
[2356/4097] BANK2_BL-09_half_up__T_a_exec-set_holdings_cross_timing-both_days_input_field-adjusted_rsi_exit-cross_rsi_smoothing-wilder_same_bar_reentry-wait_bar_warmup-strict: cached
[2357/4097] BANK2_BL-09_half_up__T_a_exec-set_holdings_cross_timing-today_ma_input_field-adjusted_rsi_exit-cross_rsi_smoothing-wilder_same_bar_reentry-wait_bar_warmup-strict: cached
[2358/4097] BANK2_BL-09_half_up__T_a_exec-set_holdings_cross_timing-both_days_input_field-raw_rsi_exit-cross_rsi_smoothing-wilder_same_bar_reentry-wait_bar_warmup-strict: cached
[2359/4097] BANK2_BL-09_half_up__T_a_exec-set_holdings_cross_timing-today_ma_input_field-raw_rsi_exit-cross_rsi_smoothing-wilder_same_bar_reentry-wait_bar_warmup-strict: cached
[2360/4097] BANK2_BL-09_half_up__T_a_exec-calc_shares_cross_timing-both_days_input_field-adjusted_rsi_exit-cross_rsi_smoothing-wilder_same_bar_reentry-allowed_warmup-ready_check: cached
[2361/4097] BANK2_BL-09_half_up__T_a_exec-calc_shares_cross_timing-today_ma_input_field-adjusted_rsi_exit-cross_rsi_smoothing-wilder_same_bar_reentry-allowed_warmup-ready_check: cached
[2362/4097] BANK2_BL-09_half_up__T_a_exec-calc_shares_cross_timing-both_days_input_field-raw_rsi_exit-cross_rsi_smoothing-wilder_same_bar_reentry-allowed_warmup-ready_check: cached
[2363/4097] BANK2_BL-09_half_up__T_a_exec-calc_shares_cross_timing-today_ma_input_field-raw_rsi_exit-cross_rsi_smoothing-wilder_same_bar_reentry-allowed_warmup-ready_check: cached
[2364/4097] BANK2_BL-09_half_up__T_a_exec-calc_shares_cross_timing-both_days_input_field-adjusted_rsi_exit-cross_rsi_smoothing-wilder_same_bar_reentry-wait_bar_warmup-ready_check: cached
[2365/4097] BANK2_BL-09_half_up__T_a_exec-calc_shares_cross_timing-today_ma_input_field-adjusted_rsi_exit-cross_rsi_smoothing-wilder_same_bar_reentry-wait_bar_warmup-ready_check: cached
[2366/4097] BANK2_BL-09_half_up__T_a_exec-calc_shares_cross_timing-both_days_input_field-raw_rsi_exit-cross_rsi_smoothing-wilder_same_bar_reentry-wait_bar_warmup-ready_check: cached
[2367/4097] BANK2_BL-09_half_up__T_a_exec-calc_shares_cross_timing-today_ma_input_field-raw_rsi_exit-cross_rsi_smoothing-wilder_same_bar_reentry-wait_bar_warmup-ready_check: cached
[2368/4097] BANK2_BL-09_half_up__T_a_exec-set_holdings_cross_timing-both_days_input_field-adjusted_rsi_exit-cross_rsi_smoothing-wilder_same_bar_reentry-allowed_warmup-ready_check: cached
[2369/4097] BANK2_BL-09_half_up__T_a_exec-set_holdings_cross_timing-today_ma_input_field-adjusted_rsi_exit-cross_rsi_smoothing-wilder_same_bar_reentry-allowed_warmup-ready_check: cached
[2370/4097] BANK2_BL-09_half_up__T_a_exec-set_holdings_cross_timing-both_days_input_field-raw_rsi_exit-cross_rsi_smoothing-wilder_same_bar_reentry-allowed_warmup-ready_check: cached
[2371/4097] BANK2_BL-09_half_up__T_a_exec-set_holdings_cross_timing-today_ma_input_field-raw_rsi_exit-cross_rsi_smoothing-wilder_same_bar_reentry-allowed_warmup-ready_check: cached
[2372/4097] BANK2_BL-09_half_up__T_a_exec-set_holdings_cross_timing-both_days_input_field-adjusted_rsi_exit-cross_rsi_smoothing-wilder_same_bar_reentry-wait_bar_warmup-ready_check: cached
[2373/4097] BANK2_BL-09_half_up__T_a_exec-set_holdings_cross_timing-today_ma_input_field-adjusted_rsi_exit-cross_rsi_smoothing-wilder_same_bar_reentry-wait_bar_warmup-ready_check: cached
[2374/4097] BANK2_BL-09_half_up__T_a_exec-set_holdings_cross_timing-both_days_input_field-raw_rsi_exit-cross_rsi_smoothing-wilder_same_bar_reentry-wait_bar_warmup-ready_check: cached
[2375/4097] BANK2_BL-09_half_up__T_a_exec-set_holdings_cross_timing-today_ma_input_field-raw_rsi_exit-cross_rsi_smoothing-wilder_same_bar_reentry-wait_bar_warmup-ready_check: cached
[2376/4097] BANK2_BL-09_half_up__T_a_exec-set_holdings_cross_timing-both_days_input_field-raw_rsi_exit-level_rsi_smoothing-wilder_same_bar_reentry-allowed_warmup-ready_per_rule: ok fills=218 (66.1s)
[2377/4097] BANK2_BL-09_half_up__T_a_exec-calc_shares_cross_timing-both_days_input_field-adjusted_rsi_exit-cross_rsi_smoothing-wilder_same_bar_reentry-allowed_warmup-ready_per_rule: exit=1 fills=None (17.1s)
[2378/4097] BANK2_BL-09_half_up__T_a_exec-set_holdings_cross_timing-today_ma_input_field-adjusted_rsi_exit-level_rsi_smoothing-wilder_same_bar_reentry-allowed_warmup-ready_per_rule: ok fills=217 (71.1s)
[2379/4097] BANK2_BL-09_half_up__T_a_exec-set_holdings_cross_timing-today_ma_input_field-raw_rsi_exit-level_rsi_smoothing-wilder_same_bar_reentry-allowed_warmup-ready_per_rule: ok fills=218 (71.3s)
[2380/4097] BANK2_BL-09_half_up__T_a_exec-set_holdings_cross_timing-both_days_input_field-adjusted_rsi_exit-level_rsi_smoothing-wilder_same_bar_reentry-wait_bar_warmup-ready_per_rule: ok fills=213 (63.9s)
[2381/4097] BANK2_BL-09_half_up__T_a_exec-set_holdings_cross_timing-today_ma_input_field-adjusted_rsi_exit-level_rsi_smoothing-wilder_same_bar_reentry-wait_bar_warmup-ready_per_rule: ok fills=213 (67.2s)
[2382/4097] BANK2_BL-09_half_up__T_a_exec-set_holdings_cross_timing-both_days_input_field-raw_rsi_exit-level_rsi_smoothing-wilder_same_bar_reentry-wait_bar_warmup-ready_per_rule: ok fills=216 (73.1s)
[2383/4097] BANK2_BL-09_half_up__T_a_exec-set_holdings_cross_timing-today_ma_input_field-raw_rsi_exit-level_rsi_smoothing-wilder_same_bar_reentry-wait_bar_warmup-ready_per_rule: ok fills=216 (77.7s)
[2384/4097] BANK2_BL-09_half_up__T_a_exec-calc_shares_cross_timing-today_ma_input_field-adjusted_rsi_exit-cross_rsi_smoothing-wilder_same_bar_reentry-allowed_warmup-ready_per_rule: ok fills=197 (66.1s)
[2385/4097] BANK2_BL-09_half_up__T_a_exec-set_holdings_cross_timing-both_days_input_field-adjusted_rsi_exit-cross_rsi_smoothing-wilder_same_bar_reentry-allowed_warmup-ready_per_rule: exit=1 fills=None (13.7s)
[2386/4097] BANK2_BL-09_half_up__T_a_exec-calc_shares_cross_timing-both_days_input_field-raw_rsi_exit-cross_rsi_smoothing-wilder_same_bar_reentry-allowed_warmup-ready_per_rule: ok fills=202 (69.1s)
[2387/4097] BANK2_BL-09_half_up__T_a_exec-calc_shares_cross_timing-today_ma_input_field-raw_rsi_exit-cross_rsi_smoothing-wilder_same_bar_reentry-allowed_warmup-ready_per_rule: ok fills=202 (76.3s)
[2388/4097] BANK2_BL-09_half_up__T_a_exec-calc_shares_cross_timing-both_days_input_field-adjusted_rsi_exit-cross_rsi_smoothing-wilder_same_bar_reentry-wait_bar_warmup-ready_per_rule: ok fills=197 (75.8s)
[2389/4097] BANK2_BL-09_half_up__T_a_exec-calc_shares_cross_timing-today_ma_input_field-adjusted_rsi_exit-cross_rsi_smoothing-wilder_same_bar_reentry-wait_bar_warmup-ready_per_rule: ok fills=197 (75.3s)
[2390/4097] BANK2_BL-09_half_up__T_a_exec-calc_shares_cross_timing-both_days_input_field-raw_rsi_exit-cross_rsi_smoothing-wilder_same_bar_reentry-wait_bar_warmup-ready_per_rule: ok fills=202 (77.6s)
[2391/4097] BANK2_BL-09_half_up__T_a_exec-calc_shares_cross_timing-today_ma_input_field-raw_rsi_exit-cross_rsi_smoothing-wilder_same_bar_reentry-wait_bar_warmup-ready_per_rule: ok fills=202 (71.1s)
[2392/4097] BANK2_BL-09_half_up__T_a_exec-calc_shares_cross_timing-both_days_input_field-adjusted_rsi_exit-level_rsi_smoothing-simple_same_bar_reentry-allowed_warmup-strict: cached
[2393/4097] BANK2_BL-09_half_up__T_a_exec-calc_shares_cross_timing-today_ma_input_field-adjusted_rsi_exit-level_rsi_smoothing-simple_same_bar_reentry-allowed_warmup-strict: cached
[2394/4097] BANK2_BL-09_half_up__T_a_exec-calc_shares_cross_timing-both_days_input_field-raw_rsi_exit-level_rsi_smoothing-simple_same_bar_reentry-allowed_warmup-strict: cached
[2395/4097] BANK2_BL-09_half_up__T_a_exec-calc_shares_cross_timing-today_ma_input_field-raw_rsi_exit-level_rsi_smoothing-simple_same_bar_reentry-allowed_warmup-strict: cached
[2396/4097] BANK2_BL-09_half_up__T_a_exec-calc_shares_cross_timing-both_days_input_field-adjusted_rsi_exit-level_rsi_smoothing-simple_same_bar_reentry-wait_bar_warmup-strict: cached
[2397/4097] BANK2_BL-09_half_up__T_a_exec-calc_shares_cross_timing-today_ma_input_field-adjusted_rsi_exit-level_rsi_smoothing-simple_same_bar_reentry-wait_bar_warmup-strict: cached
[2398/4097] BANK2_BL-09_half_up__T_a_exec-calc_shares_cross_timing-both_days_input_field-raw_rsi_exit-level_rsi_smoothing-simple_same_bar_reentry-wait_bar_warmup-strict: cached
[2399/4097] BANK2_BL-09_half_up__T_a_exec-calc_shares_cross_timing-today_ma_input_field-raw_rsi_exit-level_rsi_smoothing-simple_same_bar_reentry-wait_bar_warmup-strict: cached
[2400/4097] BANK2_BL-09_half_up__T_a_exec-set_holdings_cross_timing-both_days_input_field-adjusted_rsi_exit-level_rsi_smoothing-simple_same_bar_reentry-allowed_warmup-strict: cached
[2401/4097] BANK2_BL-09_half_up__T_a_exec-set_holdings_cross_timing-today_ma_input_field-adjusted_rsi_exit-level_rsi_smoothing-simple_same_bar_reentry-allowed_warmup-strict: cached
[2402/4097] BANK2_BL-09_half_up__T_a_exec-set_holdings_cross_timing-both_days_input_field-raw_rsi_exit-level_rsi_smoothing-simple_same_bar_reentry-allowed_warmup-strict: cached
[2403/4097] BANK2_BL-09_half_up__T_a_exec-set_holdings_cross_timing-today_ma_input_field-raw_rsi_exit-level_rsi_smoothing-simple_same_bar_reentry-allowed_warmup-strict: cached
[2404/4097] BANK2_BL-09_half_up__T_a_exec-set_holdings_cross_timing-both_days_input_field-adjusted_rsi_exit-level_rsi_smoothing-simple_same_bar_reentry-wait_bar_warmup-strict: cached
[2405/4097] BANK2_BL-09_half_up__T_a_exec-set_holdings_cross_timing-today_ma_input_field-adjusted_rsi_exit-level_rsi_smoothing-simple_same_bar_reentry-wait_bar_warmup-strict: cached
[2406/4097] BANK2_BL-09_half_up__T_a_exec-set_holdings_cross_timing-both_days_input_field-raw_rsi_exit-level_rsi_smoothing-simple_same_bar_reentry-wait_bar_warmup-strict: cached
[2407/4097] BANK2_BL-09_half_up__T_a_exec-set_holdings_cross_timing-today_ma_input_field-raw_rsi_exit-level_rsi_smoothing-simple_same_bar_reentry-wait_bar_warmup-strict: cached
[2408/4097] BANK2_BL-09_half_up__T_a_exec-calc_shares_cross_timing-both_days_input_field-adjusted_rsi_exit-level_rsi_smoothing-simple_same_bar_reentry-allowed_warmup-ready_check: cached
[2409/4097] BANK2_BL-09_half_up__T_a_exec-calc_shares_cross_timing-today_ma_input_field-adjusted_rsi_exit-level_rsi_smoothing-simple_same_bar_reentry-allowed_warmup-ready_check: cached
[2410/4097] BANK2_BL-09_half_up__T_a_exec-calc_shares_cross_timing-both_days_input_field-raw_rsi_exit-level_rsi_smoothing-simple_same_bar_reentry-allowed_warmup-ready_check: cached
[2411/4097] BANK2_BL-09_half_up__T_a_exec-calc_shares_cross_timing-today_ma_input_field-raw_rsi_exit-level_rsi_smoothing-simple_same_bar_reentry-allowed_warmup-ready_check: cached
[2412/4097] BANK2_BL-09_half_up__T_a_exec-calc_shares_cross_timing-both_days_input_field-adjusted_rsi_exit-level_rsi_smoothing-simple_same_bar_reentry-wait_bar_warmup-ready_check: cached
[2413/4097] BANK2_BL-09_half_up__T_a_exec-calc_shares_cross_timing-today_ma_input_field-adjusted_rsi_exit-level_rsi_smoothing-simple_same_bar_reentry-wait_bar_warmup-ready_check: cached
[2414/4097] BANK2_BL-09_half_up__T_a_exec-calc_shares_cross_timing-both_days_input_field-raw_rsi_exit-level_rsi_smoothing-simple_same_bar_reentry-wait_bar_warmup-ready_check: cached
[2415/4097] BANK2_BL-09_half_up__T_a_exec-calc_shares_cross_timing-today_ma_input_field-raw_rsi_exit-level_rsi_smoothing-simple_same_bar_reentry-wait_bar_warmup-ready_check: cached
[2416/4097] BANK2_BL-09_half_up__T_a_exec-set_holdings_cross_timing-both_days_input_field-adjusted_rsi_exit-level_rsi_smoothing-simple_same_bar_reentry-allowed_warmup-ready_check: cached
[2417/4097] BANK2_BL-09_half_up__T_a_exec-set_holdings_cross_timing-today_ma_input_field-adjusted_rsi_exit-level_rsi_smoothing-simple_same_bar_reentry-allowed_warmup-ready_check: cached
[2418/4097] BANK2_BL-09_half_up__T_a_exec-set_holdings_cross_timing-both_days_input_field-raw_rsi_exit-level_rsi_smoothing-simple_same_bar_reentry-allowed_warmup-ready_check: cached
[2419/4097] BANK2_BL-09_half_up__T_a_exec-set_holdings_cross_timing-today_ma_input_field-raw_rsi_exit-level_rsi_smoothing-simple_same_bar_reentry-allowed_warmup-ready_check: cached
[2420/4097] BANK2_BL-09_half_up__T_a_exec-set_holdings_cross_timing-both_days_input_field-adjusted_rsi_exit-level_rsi_smoothing-simple_same_bar_reentry-wait_bar_warmup-ready_check: cached
[2421/4097] BANK2_BL-09_half_up__T_a_exec-set_holdings_cross_timing-today_ma_input_field-adjusted_rsi_exit-level_rsi_smoothing-simple_same_bar_reentry-wait_bar_warmup-ready_check: cached
[2422/4097] BANK2_BL-09_half_up__T_a_exec-set_holdings_cross_timing-both_days_input_field-raw_rsi_exit-level_rsi_smoothing-simple_same_bar_reentry-wait_bar_warmup-ready_check: cached
[2423/4097] BANK2_BL-09_half_up__T_a_exec-set_holdings_cross_timing-today_ma_input_field-raw_rsi_exit-level_rsi_smoothing-simple_same_bar_reentry-wait_bar_warmup-ready_check: cached
[2424/4097] BANK2_BL-09_half_up__T_a_exec-set_holdings_cross_timing-today_ma_input_field-adjusted_rsi_exit-cross_rsi_smoothing-wilder_same_bar_reentry-allowed_warmup-ready_per_rule: ok fills=197 (87.1s)
[2425/4097] BANK2_BL-09_half_up__T_a_exec-set_holdings_cross_timing-both_days_input_field-raw_rsi_exit-cross_rsi_smoothing-wilder_same_bar_reentry-allowed_warmup-ready_per_rule: ok fills=202 (88.2s)
[2426/4097] BANK2_BL-09_half_up__T_a_exec-set_holdings_cross_timing-both_days_input_field-adjusted_rsi_exit-cross_rsi_smoothing-wilder_same_bar_reentry-wait_bar_warmup-ready_per_rule: ok fills=197 (76.1s)
[2427/4097] BANK2_BL-09_half_up__T_a_exec-set_holdings_cross_timing-today_ma_input_field-adjusted_rsi_exit-cross_rsi_smoothing-wilder_same_bar_reentry-wait_bar_warmup-ready_per_rule: ok fills=197 (75.2s)
[2428/4097] BANK2_BL-09_half_up__T_a_exec-set_holdings_cross_timing-today_ma_input_field-raw_rsi_exit-cross_rsi_smoothing-wilder_same_bar_reentry-allowed_warmup-ready_per_rule: ok fills=202 (87.2s)
[2429/4097] BANK2_BL-09_half_up__T_a_exec-set_holdings_cross_timing-both_days_input_field-raw_rsi_exit-cross_rsi_smoothing-wilder_same_bar_reentry-wait_bar_warmup-ready_per_rule: ok fills=202 (72.6s)
[2430/4097] BANK2_BL-09_half_up__T_a_exec-calc_shares_cross_timing-both_days_input_field-adjusted_rsi_exit-level_rsi_smoothing-simple_same_bar_reentry-allowed_warmup-ready_per_rule: ok fills=265 (75.3s)
[2431/4097] BANK2_BL-09_half_up__T_a_exec-set_holdings_cross_timing-today_ma_input_field-raw_rsi_exit-cross_rsi_smoothing-wilder_same_bar_reentry-wait_bar_warmup-ready_per_rule: ok fills=202 (76.8s)
[2432/4097] BANK2_BL-09_half_up__T_a_exec-calc_shares_cross_timing-today_ma_input_field-adjusted_rsi_exit-level_rsi_smoothing-simple_same_bar_reentry-allowed_warmup-ready_per_rule: ok fills=265 (65.5s)
[2433/4097] BANK2_BL-09_half_up__T_a_exec-calc_shares_cross_timing-both_days_input_field-adjusted_rsi_exit-level_rsi_smoothing-simple_same_bar_reentry-wait_bar_warmup-ready_per_rule: ok fills=251 (69.0s)
[2434/4097] BANK2_BL-09_half_up__T_a_exec-calc_shares_cross_timing-both_days_input_field-raw_rsi_exit-level_rsi_smoothing-simple_same_bar_reentry-allowed_warmup-ready_per_rule: ok fills=274 (71.4s)
[2435/4097] BANK2_BL-09_half_up__T_a_exec-calc_shares_cross_timing-today_ma_input_field-raw_rsi_exit-level_rsi_smoothing-simple_same_bar_reentry-allowed_warmup-ready_per_rule: ok fills=274 (70.8s)
[2436/4097] BANK2_BL-09_half_up__T_a_exec-calc_shares_cross_timing-today_ma_input_field-adjusted_rsi_exit-level_rsi_smoothing-simple_same_bar_reentry-wait_bar_warmup-ready_per_rule: ok fills=251 (70.6s)
[2437/4097] BANK2_BL-09_half_up__T_a_exec-calc_shares_cross_timing-both_days_input_field-raw_rsi_exit-level_rsi_smoothing-simple_same_bar_reentry-wait_bar_warmup-ready_per_rule: ok fills=260 (71.3s)
[2438/4097] BANK2_BL-09_half_up__T_a_exec-set_holdings_cross_timing-today_ma_input_field-adjusted_rsi_exit-level_rsi_smoothing-simple_same_bar_reentry-wait_bar_warmup-ready_per_rule: exit=1 fills=None (13.4s)
[2439/4097] BANK2_BL-09_half_up__T_a_exec-calc_shares_cross_timing-today_ma_input_field-raw_rsi_exit-level_rsi_smoothing-simple_same_bar_reentry-wait_bar_warmup-ready_per_rule: ok fills=260 (70.0s)
[2440/4097] BANK2_BL-09_half_up__T_a_exec-calc_shares_cross_timing-both_days_input_field-adjusted_rsi_exit-cross_rsi_smoothing-simple_same_bar_reentry-allowed_warmup-strict: cached
[2441/4097] BANK2_BL-09_half_up__T_a_exec-calc_shares_cross_timing-today_ma_input_field-adjusted_rsi_exit-cross_rsi_smoothing-simple_same_bar_reentry-allowed_warmup-strict: cached
[2442/4097] BANK2_BL-09_half_up__T_a_exec-calc_shares_cross_timing-both_days_input_field-raw_rsi_exit-cross_rsi_smoothing-simple_same_bar_reentry-allowed_warmup-strict: cached
[2443/4097] BANK2_BL-09_half_up__T_a_exec-calc_shares_cross_timing-today_ma_input_field-raw_rsi_exit-cross_rsi_smoothing-simple_same_bar_reentry-allowed_warmup-strict: cached
[2444/4097] BANK2_BL-09_half_up__T_a_exec-calc_shares_cross_timing-both_days_input_field-adjusted_rsi_exit-cross_rsi_smoothing-simple_same_bar_reentry-wait_bar_warmup-strict: cached
[2445/4097] BANK2_BL-09_half_up__T_a_exec-calc_shares_cross_timing-today_ma_input_field-adjusted_rsi_exit-cross_rsi_smoothing-simple_same_bar_reentry-wait_bar_warmup-strict: cached
[2446/4097] BANK2_BL-09_half_up__T_a_exec-calc_shares_cross_timing-both_days_input_field-raw_rsi_exit-cross_rsi_smoothing-simple_same_bar_reentry-wait_bar_warmup-strict: cached
[2447/4097] BANK2_BL-09_half_up__T_a_exec-calc_shares_cross_timing-today_ma_input_field-raw_rsi_exit-cross_rsi_smoothing-simple_same_bar_reentry-wait_bar_warmup-strict: cached
[2448/4097] BANK2_BL-09_half_up__T_a_exec-set_holdings_cross_timing-both_days_input_field-adjusted_rsi_exit-cross_rsi_smoothing-simple_same_bar_reentry-allowed_warmup-strict: cached
[2449/4097] BANK2_BL-09_half_up__T_a_exec-set_holdings_cross_timing-today_ma_input_field-adjusted_rsi_exit-cross_rsi_smoothing-simple_same_bar_reentry-allowed_warmup-strict: cached
[2450/4097] BANK2_BL-09_half_up__T_a_exec-set_holdings_cross_timing-both_days_input_field-raw_rsi_exit-cross_rsi_smoothing-simple_same_bar_reentry-allowed_warmup-strict: cached
[2451/4097] BANK2_BL-09_half_up__T_a_exec-set_holdings_cross_timing-today_ma_input_field-raw_rsi_exit-cross_rsi_smoothing-simple_same_bar_reentry-allowed_warmup-strict: cached
[2452/4097] BANK2_BL-09_half_up__T_a_exec-set_holdings_cross_timing-both_days_input_field-adjusted_rsi_exit-cross_rsi_smoothing-simple_same_bar_reentry-wait_bar_warmup-strict: cached
[2453/4097] BANK2_BL-09_half_up__T_a_exec-set_holdings_cross_timing-today_ma_input_field-adjusted_rsi_exit-cross_rsi_smoothing-simple_same_bar_reentry-wait_bar_warmup-strict: cached
[2454/4097] BANK2_BL-09_half_up__T_a_exec-set_holdings_cross_timing-both_days_input_field-raw_rsi_exit-cross_rsi_smoothing-simple_same_bar_reentry-wait_bar_warmup-strict: cached
[2455/4097] BANK2_BL-09_half_up__T_a_exec-set_holdings_cross_timing-today_ma_input_field-raw_rsi_exit-cross_rsi_smoothing-simple_same_bar_reentry-wait_bar_warmup-strict: cached
[2456/4097] BANK2_BL-09_half_up__T_a_exec-calc_shares_cross_timing-both_days_input_field-adjusted_rsi_exit-cross_rsi_smoothing-simple_same_bar_reentry-allowed_warmup-ready_check: cached
[2457/4097] BANK2_BL-09_half_up__T_a_exec-calc_shares_cross_timing-today_ma_input_field-adjusted_rsi_exit-cross_rsi_smoothing-simple_same_bar_reentry-allowed_warmup-ready_check: cached
[2458/4097] BANK2_BL-09_half_up__T_a_exec-calc_shares_cross_timing-both_days_input_field-raw_rsi_exit-cross_rsi_smoothing-simple_same_bar_reentry-allowed_warmup-ready_check: cached
[2459/4097] BANK2_BL-09_half_up__T_a_exec-calc_shares_cross_timing-today_ma_input_field-raw_rsi_exit-cross_rsi_smoothing-simple_same_bar_reentry-allowed_warmup-ready_check: cached
[2460/4097] BANK2_BL-09_half_up__T_a_exec-calc_shares_cross_timing-both_days_input_field-adjusted_rsi_exit-cross_rsi_smoothing-simple_same_bar_reentry-wait_bar_warmup-ready_check: cached
[2461/4097] BANK2_BL-09_half_up__T_a_exec-calc_shares_cross_timing-today_ma_input_field-adjusted_rsi_exit-cross_rsi_smoothing-simple_same_bar_reentry-wait_bar_warmup-ready_check: cached
[2462/4097] BANK2_BL-09_half_up__T_a_exec-calc_shares_cross_timing-both_days_input_field-raw_rsi_exit-cross_rsi_smoothing-simple_same_bar_reentry-wait_bar_warmup-ready_check: cached
[2463/4097] BANK2_BL-09_half_up__T_a_exec-calc_shares_cross_timing-today_ma_input_field-raw_rsi_exit-cross_rsi_smoothing-simple_same_bar_reentry-wait_bar_warmup-ready_check: cached
[2464/4097] BANK2_BL-09_half_up__T_a_exec-set_holdings_cross_timing-both_days_input_field-adjusted_rsi_exit-cross_rsi_smoothing-simple_same_bar_reentry-allowed_warmup-ready_check: cached
[2465/4097] BANK2_BL-09_half_up__T_a_exec-set_holdings_cross_timing-today_ma_input_field-adjusted_rsi_exit-cross_rsi_smoothing-simple_same_bar_reentry-allowed_warmup-ready_check: cached
[2466/4097] BANK2_BL-09_half_up__T_a_exec-set_holdings_cross_timing-both_days_input_field-raw_rsi_exit-cross_rsi_smoothing-simple_same_bar_reentry-allowed_warmup-ready_check: cached
[2467/4097] BANK2_BL-09_half_up__T_a_exec-set_holdings_cross_timing-today_ma_input_field-raw_rsi_exit-cross_rsi_smoothing-simple_same_bar_reentry-allowed_warmup-ready_check: cached
[2468/4097] BANK2_BL-09_half_up__T_a_exec-set_holdings_cross_timing-both_days_input_field-adjusted_rsi_exit-cross_rsi_smoothing-simple_same_bar_reentry-wait_bar_warmup-ready_check: cached
[2469/4097] BANK2_BL-09_half_up__T_a_exec-set_holdings_cross_timing-today_ma_input_field-adjusted_rsi_exit-cross_rsi_smoothing-simple_same_bar_reentry-wait_bar_warmup-ready_check: cached
[2470/4097] BANK2_BL-09_half_up__T_a_exec-set_holdings_cross_timing-both_days_input_field-raw_rsi_exit-cross_rsi_smoothing-simple_same_bar_reentry-wait_bar_warmup-ready_check: cached
[2471/4097] BANK2_BL-09_half_up__T_a_exec-set_holdings_cross_timing-today_ma_input_field-raw_rsi_exit-cross_rsi_smoothing-simple_same_bar_reentry-wait_bar_warmup-ready_check: cached
[2472/4097] BANK2_BL-09_half_up__T_a_exec-set_holdings_cross_timing-both_days_input_field-adjusted_rsi_exit-level_rsi_smoothing-simple_same_bar_reentry-allowed_warmup-ready_per_rule: ok fills=265 (72.8s)
[2473/4097] BANK2_BL-09_half_up__T_a_exec-set_holdings_cross_timing-today_ma_input_field-adjusted_rsi_exit-level_rsi_smoothing-simple_same_bar_reentry-allowed_warmup-ready_per_rule: ok fills=265 (64.3s)
[2474/4097] BANK2_BL-09_half_up__T_a_exec-set_holdings_cross_timing-both_days_input_field-raw_rsi_exit-level_rsi_smoothing-simple_same_bar_reentry-allowed_warmup-ready_per_rule: ok fills=274 (68.3s)
[2475/4097] BANK2_BL-09_half_up__T_a_exec-set_holdings_cross_timing-today_ma_input_field-raw_rsi_exit-level_rsi_smoothing-simple_same_bar_reentry-allowed_warmup-ready_per_rule: ok fills=274 (72.1s)
[2476/4097] BANK2_BL-09_half_up__T_a_exec-set_holdings_cross_timing-both_days_input_field-adjusted_rsi_exit-level_rsi_smoothing-simple_same_bar_reentry-wait_bar_warmup-ready_per_rule: ok fills=251 (72.2s)
[2477/4097] BANK2_BL-09_half_up__T_a_exec-set_holdings_cross_timing-today_ma_input_field-raw_rsi_exit-level_rsi_smoothing-simple_same_bar_reentry-wait_bar_warmup-ready_per_rule: ok fills=260 (69.5s)
[2478/4097] BANK2_BL-09_half_up__T_a_exec-calc_shares_cross_timing-today_ma_input_field-adjusted_rsi_exit-cross_rsi_smoothing-simple_same_bar_reentry-wait_bar_warmup-ready_per_rule: exit=1 fills=None (12.0s)
[2479/4097] BANK2_BL-09_half_up__T_a_exec-set_holdings_cross_timing-both_days_input_field-raw_rsi_exit-level_rsi_smoothing-simple_same_bar_reentry-wait_bar_warmup-ready_per_rule: ok fills=260 (71.9s)
[2480/4097] BANK2_BL-09_half_up__T_a_exec-calc_shares_cross_timing-both_days_input_field-adjusted_rsi_exit-cross_rsi_smoothing-simple_same_bar_reentry-allowed_warmup-ready_per_rule: ok fills=215 (66.6s)
[2481/4097] BANK2_BL-09_half_up__T_a_exec-calc_shares_cross_timing-today_ma_input_field-adjusted_rsi_exit-cross_rsi_smoothing-simple_same_bar_reentry-allowed_warmup-ready_per_rule: ok fills=215 (68.6s)
[2482/4097] BANK2_BL-09_half_up__T_a_exec-calc_shares_cross_timing-both_days_input_field-raw_rsi_exit-cross_rsi_smoothing-simple_same_bar_reentry-allowed_warmup-ready_per_rule: ok fills=226 (66.3s)
[2483/4097] BANK2_BL-09_half_up__T_a_exec-calc_shares_cross_timing-today_ma_input_field-raw_rsi_exit-cross_rsi_smoothing-simple_same_bar_reentry-allowed_warmup-ready_per_rule: ok fills=226 (70.2s)
[2484/4097] BANK2_BL-09_half_up__T_a_exec-calc_shares_cross_timing-both_days_input_field-adjusted_rsi_exit-cross_rsi_smoothing-simple_same_bar_reentry-wait_bar_warmup-ready_per_rule: ok fills=215 (76.1s)
[2485/4097] BANK2_BL-09_half_up__T_a_exec-set_holdings_cross_timing-both_days_input_field-adjusted_rsi_exit-cross_rsi_smoothing-simple_same_bar_reentry-allowed_warmup-ready_per_rule: ok fills=215 (74.9s)
[2486/4097] BANK2_BL-09_half_up__T_a_exec-calc_shares_cross_timing-today_ma_input_field-raw_rsi_exit-cross_rsi_smoothing-simple_same_bar_reentry-wait_bar_warmup-ready_per_rule: ok fills=226 (76.0s)
[2487/4097] BANK2_BL-09_half_up__T_a_exec-set_holdings_cross_timing-today_ma_input_field-adjusted_rsi_exit-cross_rsi_smoothing-simple_same_bar_reentry-wait_bar_warmup-ready_per_rule: exit=1 fills=None (12.6s)
[2488/4097] BANK2_ER-01_R1__ref: cached
[2489/4097] BANK2_ER-01_R1__T_cross_timing-both_days_input_field-adjusted_same_bar_reentry-wait_bar_warmup-strict: cached
[2490/4097] BANK2_ER-01_R1__T_cross_timing-today_ma_input_field-adjusted_same_bar_reentry-allowed_warmup-strict: cached
[2491/4097] BANK2_ER-01_R1__T_cross_timing-today_ma_input_field-adjusted_same_bar_reentry-wait_bar_warmup-strict: cached
[2492/4097] BANK2_ER-01_R1__T_cross_timing-both_days_input_field-raw_same_bar_reentry-allowed_warmup-strict: cached
[2493/4097] BANK2_ER-01_R1__T_cross_timing-both_days_input_field-raw_same_bar_reentry-wait_bar_warmup-strict: cached
[2494/4097] BANK2_ER-01_R1__T_cross_timing-today_ma_input_field-raw_same_bar_reentry-allowed_warmup-strict: cached
[2495/4097] BANK2_ER-01_R1__T_cross_timing-today_ma_input_field-raw_same_bar_reentry-wait_bar_warmup-strict: cached
[2496/4097] BANK2_ER-01_R1__T_cross_timing-both_days_input_field-adjusted_same_bar_reentry-allowed_warmup-ready_check: cached
[2497/4097] BANK2_ER-01_R1__T_cross_timing-both_days_input_field-adjusted_same_bar_reentry-wait_bar_warmup-ready_check: cached
[2498/4097] BANK2_ER-01_R1__T_cross_timing-today_ma_input_field-adjusted_same_bar_reentry-allowed_warmup-ready_check: cached
[2499/4097] BANK2_ER-01_R1__T_cross_timing-today_ma_input_field-adjusted_same_bar_reentry-wait_bar_warmup-ready_check: cached
[2500/4097] BANK2_ER-01_R1__T_cross_timing-both_days_input_field-raw_same_bar_reentry-allowed_warmup-ready_check: cached
[2501/4097] BANK2_ER-01_R1__T_cross_timing-both_days_input_field-raw_same_bar_reentry-wait_bar_warmup-ready_check: cached
[2502/4097] BANK2_ER-01_R1__T_cross_timing-today_ma_input_field-raw_same_bar_reentry-allowed_warmup-ready_check: cached
[2503/4097] BANK2_ER-01_R1__T_cross_timing-today_ma_input_field-raw_same_bar_reentry-wait_bar_warmup-ready_check: cached
[2504/4097] BANK2_BL-09_half_up__T_a_exec-calc_shares_cross_timing-both_days_input_field-raw_rsi_exit-cross_rsi_smoothing-simple_same_bar_reentry-wait_bar_warmup-ready_per_rule: ok fills=226 (77.2s)
[2505/4097] BANK2_BL-09_half_up__T_a_exec-set_holdings_cross_timing-today_ma_input_field-adjusted_rsi_exit-cross_rsi_smoothing-simple_same_bar_reentry-allowed_warmup-ready_per_rule: ok fills=215 (72.9s)
[2506/4097] BANK2_BL-09_half_up__T_a_exec-set_holdings_cross_timing-both_days_input_field-raw_rsi_exit-cross_rsi_smoothing-simple_same_bar_reentry-allowed_warmup-ready_per_rule: ok fills=226 (70.9s)
[2507/4097] BANK2_BL-09_half_up__T_a_exec-set_holdings_cross_timing-today_ma_input_field-raw_rsi_exit-cross_rsi_smoothing-simple_same_bar_reentry-allowed_warmup-ready_per_rule: ok fills=226 (78.4s)
[2508/4097] BANK2_BL-09_half_up__T_a_exec-set_holdings_cross_timing-both_days_input_field-adjusted_rsi_exit-cross_rsi_smoothing-simple_same_bar_reentry-wait_bar_warmup-ready_per_rule: ok fills=215 (64.7s)
[2509/4097] BANK2_ER-01_R1__T_cross_timing-both_days_input_field-adjusted_same_bar_reentry-wait_bar_warmup-ready_per_rule: ok fills=183 (70.1s)
[2510/4097] BANK2_ER-01_R1__T_cross_timing-both_days_input_field-adjusted_same_bar_reentry-allowed_warmup-ready_per_rule: ok fills=187 (72.9s)
[2511/4097] BANK2_BL-09_half_up__T_a_exec-set_holdings_cross_timing-both_days_input_field-raw_rsi_exit-cross_rsi_smoothing-simple_same_bar_reentry-wait_bar_warmup-ready_per_rule: ok fills=226 (74.3s)
[2512/4097] BANK2_ER-01_R1__OAT_rsi_smoothing-simple: cached
[2513/4097] BANK2_ER-01_R1__OAT_rsi_exit-cross: cached
[2514/4097] BANK2_ER-01_R1__OAT_a_exec-set_holdings: cached
[2515/4097] BANK2_ER-01_R1__SPOT_all_excluded_off: cached
[2516/4097] BANK2_ER-01_R2__ref: cached
[2517/4097] BANK2_ER-01_R2__T_cross_timing-both_days_input_field-adjusted_same_bar_reentry-wait_bar_warmup-strict: cached
[2518/4097] BANK2_ER-01_R2__T_cross_timing-today_ma_input_field-adjusted_same_bar_reentry-allowed_warmup-strict: cached
[2519/4097] BANK2_ER-01_R2__T_cross_timing-today_ma_input_field-adjusted_same_bar_reentry-wait_bar_warmup-strict: cached
[2520/4097] BANK2_ER-01_R2__T_cross_timing-both_days_input_field-raw_same_bar_reentry-allowed_warmup-strict: cached
[2521/4097] BANK2_ER-01_R2__T_cross_timing-both_days_input_field-raw_same_bar_reentry-wait_bar_warmup-strict: cached
[2522/4097] BANK2_ER-01_R2__T_cross_timing-today_ma_input_field-raw_same_bar_reentry-allowed_warmup-strict: cached
[2523/4097] BANK2_ER-01_R2__T_cross_timing-today_ma_input_field-raw_same_bar_reentry-wait_bar_warmup-strict: cached
[2524/4097] BANK2_ER-01_R2__T_cross_timing-both_days_input_field-adjusted_same_bar_reentry-allowed_warmup-ready_check: cached
[2525/4097] BANK2_ER-01_R2__T_cross_timing-both_days_input_field-adjusted_same_bar_reentry-wait_bar_warmup-ready_check: cached
[2526/4097] BANK2_ER-01_R2__T_cross_timing-today_ma_input_field-adjusted_same_bar_reentry-allowed_warmup-ready_check: cached
[2527/4097] BANK2_ER-01_R2__T_cross_timing-today_ma_input_field-adjusted_same_bar_reentry-wait_bar_warmup-ready_check: cached
[2528/4097] BANK2_ER-01_R2__T_cross_timing-both_days_input_field-raw_same_bar_reentry-allowed_warmup-ready_check: cached
[2529/4097] BANK2_ER-01_R2__T_cross_timing-both_days_input_field-raw_same_bar_reentry-wait_bar_warmup-ready_check: cached
[2530/4097] BANK2_ER-01_R2__T_cross_timing-today_ma_input_field-raw_same_bar_reentry-allowed_warmup-ready_check: cached
[2531/4097] BANK2_ER-01_R2__T_cross_timing-today_ma_input_field-raw_same_bar_reentry-wait_bar_warmup-ready_check: cached
[2532/4097] BANK2_BL-09_half_up__T_a_exec-set_holdings_cross_timing-today_ma_input_field-raw_rsi_exit-cross_rsi_smoothing-simple_same_bar_reentry-wait_bar_warmup-ready_per_rule: ok fills=226 (74.9s)
[2533/4097] BANK2_ER-01_R1__T_cross_timing-today_ma_input_field-adjusted_same_bar_reentry-allowed_warmup-ready_per_rule: ok fills=186 (66.8s)
[2534/4097] BANK2_ER-01_R1__T_cross_timing-today_ma_input_field-adjusted_same_bar_reentry-wait_bar_warmup-ready_per_rule: ok fills=182 (66.4s)
[2535/4097] BANK2_ER-01_R1__T_cross_timing-both_days_input_field-raw_same_bar_reentry-allowed_warmup-ready_per_rule: ok fills=185 (69.8s)
[2536/4097] BANK2_ER-01_R1__T_cross_timing-both_days_input_field-raw_same_bar_reentry-wait_bar_warmup-ready_per_rule: ok fills=183 (69.8s)
[2537/4097] BANK2_ER-01_R1__T_cross_timing-today_ma_input_field-raw_same_bar_reentry-allowed_warmup-ready_per_rule: ok fills=185 (75.7s)
[2538/4097] BANK2_ER-01_R1__T_cross_timing-today_ma_input_field-raw_same_bar_reentry-wait_bar_warmup-ready_per_rule: ok fills=183 (73.5s)
[2539/4097] BANK2_ER-01_R2__T_cross_timing-both_days_input_field-adjusted_same_bar_reentry-allowed_warmup-ready_per_rule: ok fills=187 (75.8s)
[2540/4097] BANK2_ER-01_R2__OAT_rsi_smoothing-simple: cached
[2541/4097] BANK2_ER-01_R2__OAT_rsi_exit-cross: cached
[2542/4097] BANK2_ER-01_R2__OAT_a_exec-set_holdings: cached
[2543/4097] BANK2_ER-01_R2__SPOT_all_excluded_off: cached
[2544/4097] BANK2_ER-01_R3__ref: cached
[2545/4097] BANK2_ER-01_R3__T_cross_timing-both_days_input_field-adjusted_same_bar_reentry-wait_bar_warmup-strict: cached
[2546/4097] BANK2_ER-01_R3__T_cross_timing-today_ma_input_field-adjusted_same_bar_reentry-allowed_warmup-strict: cached
[2547/4097] BANK2_ER-01_R3__T_cross_timing-today_ma_input_field-adjusted_same_bar_reentry-wait_bar_warmup-strict: cached
[2548/4097] BANK2_ER-01_R3__T_cross_timing-both_days_input_field-raw_same_bar_reentry-allowed_warmup-strict: cached
[2549/4097] BANK2_ER-01_R3__T_cross_timing-both_days_input_field-raw_same_bar_reentry-wait_bar_warmup-strict: cached
[2550/4097] BANK2_ER-01_R3__T_cross_timing-today_ma_input_field-raw_same_bar_reentry-allowed_warmup-strict: cached
[2551/4097] BANK2_ER-01_R3__T_cross_timing-today_ma_input_field-raw_same_bar_reentry-wait_bar_warmup-strict: cached
[2552/4097] BANK2_ER-01_R3__T_cross_timing-both_days_input_field-adjusted_same_bar_reentry-allowed_warmup-ready_check: cached
[2553/4097] BANK2_ER-01_R3__T_cross_timing-both_days_input_field-adjusted_same_bar_reentry-wait_bar_warmup-ready_check: cached
[2554/4097] BANK2_ER-01_R3__T_cross_timing-today_ma_input_field-adjusted_same_bar_reentry-allowed_warmup-ready_check: cached
[2555/4097] BANK2_ER-01_R3__T_cross_timing-today_ma_input_field-adjusted_same_bar_reentry-wait_bar_warmup-ready_check: cached
[2556/4097] BANK2_ER-01_R3__T_cross_timing-both_days_input_field-raw_same_bar_reentry-allowed_warmup-ready_check: cached
[2557/4097] BANK2_ER-01_R3__T_cross_timing-both_days_input_field-raw_same_bar_reentry-wait_bar_warmup-ready_check: cached
[2558/4097] BANK2_ER-01_R3__T_cross_timing-today_ma_input_field-raw_same_bar_reentry-allowed_warmup-ready_check: cached
[2559/4097] BANK2_ER-01_R3__T_cross_timing-today_ma_input_field-raw_same_bar_reentry-wait_bar_warmup-ready_check: cached
[2560/4097] BANK2_ER-01_R2__T_cross_timing-both_days_input_field-adjusted_same_bar_reentry-wait_bar_warmup-ready_per_rule: ok fills=181 (77.6s)
[2561/4097] BANK2_ER-01_R2__T_cross_timing-today_ma_input_field-adjusted_same_bar_reentry-allowed_warmup-ready_per_rule: ok fills=187 (71.8s)
[2562/4097] BANK2_ER-01_R2__T_cross_timing-today_ma_input_field-adjusted_same_bar_reentry-wait_bar_warmup-ready_per_rule: ok fills=181 (71.0s)
[2563/4097] BANK2_ER-01_R2__T_cross_timing-both_days_input_field-raw_same_bar_reentry-wait_bar_warmup-ready_per_rule: ok fills=178 (66.5s)
[2564/4097] BANK2_ER-01_R2__T_cross_timing-both_days_input_field-raw_same_bar_reentry-allowed_warmup-ready_per_rule: ok fills=184 (80.3s)
[2565/4097] BANK2_ER-01_R3__T_cross_timing-both_days_input_field-adjusted_same_bar_reentry-allowed_warmup-ready_per_rule: ok fills=164 (70.8s)
[2566/4097] BANK2_ER-01_R2__T_cross_timing-today_ma_input_field-raw_same_bar_reentry-wait_bar_warmup-ready_per_rule: ok fills=179 (74.3s)
[2567/4097] BANK2_ER-01_R3__T_cross_timing-today_ma_input_field-adjusted_same_bar_reentry-allowed_warmup-ready_per_rule: ok fills=164 (65.1s)
[2568/4097] BANK2_ER-01_R3__OAT_rsi_smoothing-simple: cached
[2569/4097] BANK2_ER-01_R3__OAT_rsi_exit-cross: cached
[2570/4097] BANK2_ER-01_R3__OAT_a_exec-set_holdings: cached
[2571/4097] BANK2_ER-01_R3__SPOT_all_excluded_off: cached
[2572/4097] BANK2_ER-01_R4__ref: cached
[2573/4097] BANK2_ER-01_R4__T_cross_timing-both_days_input_field-adjusted_same_bar_reentry-wait_bar_warmup-strict: cached
[2574/4097] BANK2_ER-01_R4__T_cross_timing-today_ma_input_field-adjusted_same_bar_reentry-allowed_warmup-strict: cached
[2575/4097] BANK2_ER-01_R4__T_cross_timing-today_ma_input_field-adjusted_same_bar_reentry-wait_bar_warmup-strict: cached
[2576/4097] BANK2_ER-01_R4__T_cross_timing-both_days_input_field-raw_same_bar_reentry-allowed_warmup-strict: cached
[2577/4097] BANK2_ER-01_R4__T_cross_timing-both_days_input_field-raw_same_bar_reentry-wait_bar_warmup-strict: cached
[2578/4097] BANK2_ER-01_R4__T_cross_timing-today_ma_input_field-raw_same_bar_reentry-allowed_warmup-strict: cached
[2579/4097] BANK2_ER-01_R4__T_cross_timing-today_ma_input_field-raw_same_bar_reentry-wait_bar_warmup-strict: cached
[2580/4097] BANK2_ER-01_R4__T_cross_timing-both_days_input_field-adjusted_same_bar_reentry-allowed_warmup-ready_check: cached
[2581/4097] BANK2_ER-01_R4__T_cross_timing-both_days_input_field-adjusted_same_bar_reentry-wait_bar_warmup-ready_check: cached
[2582/4097] BANK2_ER-01_R4__T_cross_timing-today_ma_input_field-adjusted_same_bar_reentry-allowed_warmup-ready_check: cached
[2583/4097] BANK2_ER-01_R4__T_cross_timing-today_ma_input_field-adjusted_same_bar_reentry-wait_bar_warmup-ready_check: cached
[2584/4097] BANK2_ER-01_R4__T_cross_timing-both_days_input_field-raw_same_bar_reentry-allowed_warmup-ready_check: cached
[2585/4097] BANK2_ER-01_R4__T_cross_timing-both_days_input_field-raw_same_bar_reentry-wait_bar_warmup-ready_check: cached
[2586/4097] BANK2_ER-01_R4__T_cross_timing-today_ma_input_field-raw_same_bar_reentry-allowed_warmup-ready_check: cached
[2587/4097] BANK2_ER-01_R4__T_cross_timing-today_ma_input_field-raw_same_bar_reentry-wait_bar_warmup-ready_check: cached
[2588/4097] BANK2_ER-01_R2__T_cross_timing-today_ma_input_field-raw_same_bar_reentry-allowed_warmup-ready_per_rule: ok fills=184 (75.2s)
[2589/4097] BANK2_ER-01_R3__T_cross_timing-both_days_input_field-adjusted_same_bar_reentry-wait_bar_warmup-ready_per_rule: ok fills=160 (70.3s)
[2590/4097] BANK2_ER-01_R3__T_cross_timing-today_ma_input_field-adjusted_same_bar_reentry-wait_bar_warmup-ready_per_rule: ok fills=160 (67.2s)
[2591/4097] BANK2_ER-01_R3__T_cross_timing-both_days_input_field-raw_same_bar_reentry-allowed_warmup-ready_per_rule: ok fills=154 (60.4s)
[2592/4097] BANK2_ER-01_R4__T_cross_timing-both_days_input_field-adjusted_same_bar_reentry-allowed_warmup-ready_per_rule: exit=1 fills=None (19.5s)
[2593/4097] BANK2_ER-01_R3__T_cross_timing-both_days_input_field-raw_same_bar_reentry-wait_bar_warmup-ready_per_rule: ok fills=152 (70.8s)
[2594/4097] BANK2_ER-01_R3__T_cross_timing-today_ma_input_field-raw_same_bar_reentry-wait_bar_warmup-ready_per_rule: ok fills=152 (73.6s)
[2595/4097] BANK2_ER-01_R4__T_cross_timing-both_days_input_field-adjusted_same_bar_reentry-wait_bar_warmup-ready_per_rule: ok fills=160 (75.1s)
[2596/4097] BANK2_ER-01_R4__OAT_rsi_smoothing-simple: cached
[2597/4097] BANK2_ER-01_R4__OAT_rsi_exit-cross: cached
[2598/4097] BANK2_ER-01_R4__OAT_a_exec-set_holdings: cached
[2599/4097] BANK2_ER-01_R4__SPOT_all_excluded_off: cached
[2600/4097] BANK2_ER-01_R5__ref: cached
[2601/4097] BANK2_ER-01_R5__T_cross_timing-both_days_input_field-adjusted_same_bar_reentry-wait_bar_warmup-strict: cached
[2602/4097] BANK2_ER-01_R5__T_cross_timing-today_ma_input_field-adjusted_same_bar_reentry-allowed_warmup-strict: cached
[2603/4097] BANK2_ER-01_R5__T_cross_timing-today_ma_input_field-adjusted_same_bar_reentry-wait_bar_warmup-strict: cached
[2604/4097] BANK2_ER-01_R5__T_cross_timing-both_days_input_field-raw_same_bar_reentry-allowed_warmup-strict: cached
[2605/4097] BANK2_ER-01_R5__T_cross_timing-both_days_input_field-raw_same_bar_reentry-wait_bar_warmup-strict: cached
[2606/4097] BANK2_ER-01_R5__T_cross_timing-today_ma_input_field-raw_same_bar_reentry-allowed_warmup-strict: cached
[2607/4097] BANK2_ER-01_R5__T_cross_timing-today_ma_input_field-raw_same_bar_reentry-wait_bar_warmup-strict: cached
[2608/4097] BANK2_ER-01_R5__T_cross_timing-both_days_input_field-adjusted_same_bar_reentry-allowed_warmup-ready_check: cached
[2609/4097] BANK2_ER-01_R5__T_cross_timing-both_days_input_field-adjusted_same_bar_reentry-wait_bar_warmup-ready_check: cached
[2610/4097] BANK2_ER-01_R5__T_cross_timing-today_ma_input_field-adjusted_same_bar_reentry-allowed_warmup-ready_check: cached
[2611/4097] BANK2_ER-01_R5__T_cross_timing-today_ma_input_field-adjusted_same_bar_reentry-wait_bar_warmup-ready_check: cached
[2612/4097] BANK2_ER-01_R5__T_cross_timing-both_days_input_field-raw_same_bar_reentry-allowed_warmup-ready_check: cached
[2613/4097] BANK2_ER-01_R5__T_cross_timing-both_days_input_field-raw_same_bar_reentry-wait_bar_warmup-ready_check: cached
[2614/4097] BANK2_ER-01_R5__T_cross_timing-today_ma_input_field-raw_same_bar_reentry-allowed_warmup-ready_check: cached
[2615/4097] BANK2_ER-01_R5__T_cross_timing-today_ma_input_field-raw_same_bar_reentry-wait_bar_warmup-ready_check: cached
[2616/4097] BANK2_ER-01_R4__T_cross_timing-today_ma_input_field-adjusted_same_bar_reentry-allowed_warmup-ready_per_rule: ok fills=164 (75.4s)
[2617/4097] BANK2_ER-01_R3__T_cross_timing-today_ma_input_field-raw_same_bar_reentry-allowed_warmup-ready_per_rule: ok fills=154 (77.8s)
[2618/4097] BANK2_ER-01_R4__T_cross_timing-today_ma_input_field-adjusted_same_bar_reentry-wait_bar_warmup-ready_per_rule: ok fills=160 (75.6s)
[2619/4097] BANK2_ER-01_R4__T_cross_timing-both_days_input_field-raw_same_bar_reentry-wait_bar_warmup-ready_per_rule: ok fills=152 (70.7s)
[2620/4097] BANK2_ER-01_R5__T_cross_timing-both_days_input_field-adjusted_same_bar_reentry-allowed_warmup-ready_per_rule: exit=1 fills=None (15.7s)
[2621/4097] BANK2_ER-01_R4__T_cross_timing-both_days_input_field-raw_same_bar_reentry-allowed_warmup-ready_per_rule: ok fills=154 (74.3s)
[2622/4097] BANK2_ER-01_R4__T_cross_timing-today_ma_input_field-raw_same_bar_reentry-allowed_warmup-ready_per_rule: ok fills=154 (75.2s)
[2623/4097] BANK2_ER-01_R5__T_cross_timing-today_ma_input_field-adjusted_same_bar_reentry-allowed_warmup-ready_per_rule: ok fills=187 (72.9s)
[2624/4097] BANK2_ER-01_R5__OAT_rsi_smoothing-simple: cached
[2625/4097] BANK2_ER-01_R5__OAT_rsi_exit-cross: cached
[2626/4097] BANK2_ER-01_R5__OAT_a_exec-set_holdings: cached
[2627/4097] BANK2_ER-01_R5__SPOT_all_excluded_off: cached
[2628/4097] BANK2_ER-01_R6__ref: cached
[2629/4097] BANK2_ER-01_R6__T_cross_timing-both_days_input_field-adjusted_same_bar_reentry-wait_bar_warmup-strict: cached
[2630/4097] BANK2_ER-01_R6__T_cross_timing-today_ma_input_field-adjusted_same_bar_reentry-allowed_warmup-strict: cached
[2631/4097] BANK2_ER-01_R6__T_cross_timing-today_ma_input_field-adjusted_same_bar_reentry-wait_bar_warmup-strict: cached
[2632/4097] BANK2_ER-01_R6__T_cross_timing-both_days_input_field-raw_same_bar_reentry-allowed_warmup-strict: cached
[2633/4097] BANK2_ER-01_R6__T_cross_timing-both_days_input_field-raw_same_bar_reentry-wait_bar_warmup-strict: cached
[2634/4097] BANK2_ER-01_R6__T_cross_timing-today_ma_input_field-raw_same_bar_reentry-allowed_warmup-strict: cached
[2635/4097] BANK2_ER-01_R6__T_cross_timing-today_ma_input_field-raw_same_bar_reentry-wait_bar_warmup-strict: cached
[2636/4097] BANK2_ER-01_R6__T_cross_timing-both_days_input_field-adjusted_same_bar_reentry-allowed_warmup-ready_check: cached
[2637/4097] BANK2_ER-01_R6__T_cross_timing-both_days_input_field-adjusted_same_bar_reentry-wait_bar_warmup-ready_check: cached
[2638/4097] BANK2_ER-01_R6__T_cross_timing-today_ma_input_field-adjusted_same_bar_reentry-allowed_warmup-ready_check: cached
[2639/4097] BANK2_ER-01_R6__T_cross_timing-today_ma_input_field-adjusted_same_bar_reentry-wait_bar_warmup-ready_check: cached
[2640/4097] BANK2_ER-01_R6__T_cross_timing-both_days_input_field-raw_same_bar_reentry-allowed_warmup-ready_check: cached
[2641/4097] BANK2_ER-01_R6__T_cross_timing-both_days_input_field-raw_same_bar_reentry-wait_bar_warmup-ready_check: cached
[2642/4097] BANK2_ER-01_R6__T_cross_timing-today_ma_input_field-raw_same_bar_reentry-allowed_warmup-ready_check: cached
[2643/4097] BANK2_ER-01_R6__T_cross_timing-today_ma_input_field-raw_same_bar_reentry-wait_bar_warmup-ready_check: cached
[2644/4097] BANK2_ER-01_R4__T_cross_timing-today_ma_input_field-raw_same_bar_reentry-wait_bar_warmup-ready_per_rule: ok fills=152 (76.8s)
[2645/4097] BANK2_ER-01_R5__T_cross_timing-today_ma_input_field-adjusted_same_bar_reentry-wait_bar_warmup-ready_per_rule: ok fills=183 (76.4s)
[2646/4097] BANK2_ER-01_R5__T_cross_timing-both_days_input_field-adjusted_same_bar_reentry-wait_bar_warmup-ready_per_rule: ok fills=183 (80.6s)
[2647/4097] BANK2_ER-01_R5__T_cross_timing-today_ma_input_field-raw_same_bar_reentry-allowed_warmup-ready_per_rule: ok fills=187 (67.5s)
[2648/4097] BANK2_ER-01_R5__T_cross_timing-both_days_input_field-raw_same_bar_reentry-allowed_warmup-ready_per_rule: ok fills=187 (69.1s)
[2649/4097] BANK2_ER-01_R5__T_cross_timing-both_days_input_field-raw_same_bar_reentry-wait_bar_warmup-ready_per_rule: ok fills=183 (71.0s)
[2650/4097] BANK2_ER-01_R5__T_cross_timing-today_ma_input_field-raw_same_bar_reentry-wait_bar_warmup-ready_per_rule: ok fills=183 (69.8s)
[2651/4097] BANK2_ER-01_R6__T_cross_timing-both_days_input_field-adjusted_same_bar_reentry-allowed_warmup-ready_per_rule: ok fills=170 (63.5s)
[2652/4097] BANK2_ER-01_R6__OAT_rsi_smoothing-simple: cached
[2653/4097] BANK2_ER-01_R6__OAT_rsi_exit-cross: cached
[2654/4097] BANK2_ER-01_R6__OAT_a_exec-set_holdings: cached
[2655/4097] BANK2_ER-01_R6__SPOT_all_excluded_off: cached
[2656/4097] BANK2_OM-B_private__ref: cached
[2657/4097] BANK2_OM-B_private__T_cross_timing-both_days_input_field-adjusted_rsi_exit-level_rsi_smoothing-wilder_same_bar_reentry-allowed_warmup-ready_check: cached
[2658/4097] BANK2_ER-01_R6__T_cross_timing-both_days_input_field-adjusted_same_bar_reentry-wait_bar_warmup-ready_per_rule: ok fills=166 (64.6s)
[2659/4097] BANK2_OM-B_private__T_cross_timing-both_days_input_field-adjusted_rsi_exit-level_rsi_smoothing-wilder_same_bar_reentry-wait_bar_warmup-strict: cached
[2660/4097] BANK2_OM-B_private__T_cross_timing-both_days_input_field-adjusted_rsi_exit-level_rsi_smoothing-wilder_same_bar_reentry-wait_bar_warmup-ready_check: cached
[2661/4097] BANK2_ER-01_R6__T_cross_timing-today_ma_input_field-raw_same_bar_reentry-allowed_warmup-ready_per_rule: ok fills=160 (67.5s)
[2662/4097] BANK2_OM-B_private__T_cross_timing-both_days_input_field-adjusted_rsi_exit-level_rsi_smoothing-simple_same_bar_reentry-allowed_warmup-strict: cached
[2663/4097] BANK2_OM-B_private__T_cross_timing-both_days_input_field-adjusted_rsi_exit-level_rsi_smoothing-simple_same_bar_reentry-allowed_warmup-ready_check: cached
[2664/4097] BANK2_ER-01_R6__T_cross_timing-both_days_input_field-raw_same_bar_reentry-allowed_warmup-ready_per_rule: ok fills=160 (71.4s)
[2665/4097] BANK2_OM-B_private__T_cross_timing-both_days_input_field-adjusted_rsi_exit-level_rsi_smoothing-simple_same_bar_reentry-wait_bar_warmup-strict: cached
[2666/4097] BANK2_OM-B_private__T_cross_timing-both_days_input_field-adjusted_rsi_exit-level_rsi_smoothing-simple_same_bar_reentry-wait_bar_warmup-ready_check: cached
[2667/4097] BANK2_ER-01_R6__T_cross_timing-today_ma_input_field-adjusted_same_bar_reentry-wait_bar_warmup-ready_per_rule: ok fills=166 (73.2s)
[2668/4097] BANK2_OM-B_private__T_cross_timing-both_days_input_field-adjusted_rsi_exit-cross_rsi_smoothing-wilder_same_bar_reentry-allowed_warmup-strict: cached
[2669/4097] BANK2_OM-B_private__T_cross_timing-both_days_input_field-adjusted_rsi_exit-cross_rsi_smoothing-wilder_same_bar_reentry-allowed_warmup-ready_check: cached
[2670/4097] BANK2_ER-01_R6__T_cross_timing-both_days_input_field-raw_same_bar_reentry-wait_bar_warmup-ready_per_rule: ok fills=158 (72.5s)
[2671/4097] BANK2_OM-B_private__T_cross_timing-both_days_input_field-adjusted_rsi_exit-cross_rsi_smoothing-wilder_same_bar_reentry-wait_bar_warmup-strict: cached
[2672/4097] BANK2_OM-B_private__T_cross_timing-both_days_input_field-adjusted_rsi_exit-cross_rsi_smoothing-wilder_same_bar_reentry-wait_bar_warmup-ready_check: cached
[2673/4097] BANK2_ER-01_R6__T_cross_timing-today_ma_input_field-adjusted_same_bar_reentry-allowed_warmup-ready_per_rule: ok fills=170 (75.6s)
[2674/4097] BANK2_OM-B_private__T_cross_timing-both_days_input_field-adjusted_rsi_exit-cross_rsi_smoothing-simple_same_bar_reentry-allowed_warmup-strict: cached
[2675/4097] BANK2_OM-B_private__T_cross_timing-both_days_input_field-adjusted_rsi_exit-cross_rsi_smoothing-simple_same_bar_reentry-allowed_warmup-ready_check: cached
[2676/4097] BANK2_ER-01_R6__T_cross_timing-today_ma_input_field-raw_same_bar_reentry-wait_bar_warmup-ready_per_rule: ok fills=158 (64.4s)
[2677/4097] BANK2_OM-B_private__T_cross_timing-both_days_input_field-adjusted_rsi_exit-cross_rsi_smoothing-simple_same_bar_reentry-wait_bar_warmup-strict: cached
[2678/4097] BANK2_OM-B_private__T_cross_timing-both_days_input_field-adjusted_rsi_exit-cross_rsi_smoothing-simple_same_bar_reentry-wait_bar_warmup-ready_check: cached
[2679/4097] BANK2_OM-B_private__T_cross_timing-both_days_input_field-adjusted_rsi_exit-level_rsi_smoothing-wilder_same_bar_reentry-allowed_warmup-ready_per_rule: ok fills=270 (65.4s)
[2680/4097] BANK2_OM-B_private__T_cross_timing-both_days_input_field-raw_rsi_exit-level_rsi_smoothing-wilder_same_bar_reentry-allowed_warmup-strict: cached
[2681/4097] BANK2_OM-B_private__T_cross_timing-both_days_input_field-raw_rsi_exit-level_rsi_smoothing-wilder_same_bar_reentry-allowed_warmup-ready_check: cached
[2682/4097] BANK2_OM-B_private__T_cross_timing-both_days_input_field-adjusted_rsi_exit-level_rsi_smoothing-wilder_same_bar_reentry-wait_bar_warmup-ready_per_rule: ok fills=266 (68.7s)
[2683/4097] BANK2_OM-B_private__T_cross_timing-both_days_input_field-raw_rsi_exit-level_rsi_smoothing-wilder_same_bar_reentry-wait_bar_warmup-strict: cached
[2684/4097] BANK2_OM-B_private__T_cross_timing-both_days_input_field-raw_rsi_exit-level_rsi_smoothing-wilder_same_bar_reentry-wait_bar_warmup-ready_check: cached
[2685/4097] BANK2_OM-B_private__T_cross_timing-both_days_input_field-adjusted_rsi_exit-level_rsi_smoothing-simple_same_bar_reentry-wait_bar_warmup-ready_per_rule: ok fills=304 (71.6s)
[2686/4097] BANK2_OM-B_private__T_cross_timing-both_days_input_field-raw_rsi_exit-level_rsi_smoothing-simple_same_bar_reentry-allowed_warmup-strict: cached
[2687/4097] BANK2_OM-B_private__T_cross_timing-both_days_input_field-raw_rsi_exit-level_rsi_smoothing-simple_same_bar_reentry-allowed_warmup-ready_check: cached
[2688/4097] BANK2_OM-B_private__T_cross_timing-both_days_input_field-adjusted_rsi_exit-cross_rsi_smoothing-wilder_same_bar_reentry-allowed_warmup-ready_per_rule: ok fills=250 (73.8s)
[2689/4097] BANK2_OM-B_private__T_cross_timing-both_days_input_field-raw_rsi_exit-level_rsi_smoothing-simple_same_bar_reentry-wait_bar_warmup-strict: cached
[2690/4097] BANK2_OM-B_private__T_cross_timing-both_days_input_field-raw_rsi_exit-level_rsi_smoothing-simple_same_bar_reentry-wait_bar_warmup-ready_check: cached
[2691/4097] BANK2_OM-B_private__T_cross_timing-both_days_input_field-adjusted_rsi_exit-cross_rsi_smoothing-simple_same_bar_reentry-allowed_warmup-ready_per_rule: ok fills=268 (73.5s)
[2692/4097] BANK2_OM-B_private__T_cross_timing-both_days_input_field-raw_rsi_exit-cross_rsi_smoothing-wilder_same_bar_reentry-allowed_warmup-strict: cached
[2693/4097] BANK2_OM-B_private__T_cross_timing-both_days_input_field-raw_rsi_exit-cross_rsi_smoothing-wilder_same_bar_reentry-allowed_warmup-ready_check: cached
[2694/4097] BANK2_OM-B_private__T_cross_timing-both_days_input_field-adjusted_rsi_exit-cross_rsi_smoothing-wilder_same_bar_reentry-wait_bar_warmup-ready_per_rule: ok fills=250 (75.0s)
[2695/4097] BANK2_OM-B_private__T_cross_timing-both_days_input_field-raw_rsi_exit-cross_rsi_smoothing-wilder_same_bar_reentry-wait_bar_warmup-strict: cached
[2696/4097] BANK2_OM-B_private__T_cross_timing-both_days_input_field-raw_rsi_exit-cross_rsi_smoothing-wilder_same_bar_reentry-wait_bar_warmup-ready_check: cached
[2697/4097] BANK2_OM-B_private__T_cross_timing-both_days_input_field-adjusted_rsi_exit-level_rsi_smoothing-simple_same_bar_reentry-allowed_warmup-ready_per_rule: ok fills=318 (77.9s)
[2698/4097] BANK2_OM-B_private__T_cross_timing-both_days_input_field-raw_rsi_exit-cross_rsi_smoothing-simple_same_bar_reentry-allowed_warmup-strict: cached
[2699/4097] BANK2_OM-B_private__T_cross_timing-both_days_input_field-raw_rsi_exit-cross_rsi_smoothing-simple_same_bar_reentry-allowed_warmup-ready_check: cached
[2700/4097] BANK2_OM-B_private__T_cross_timing-both_days_input_field-adjusted_rsi_exit-cross_rsi_smoothing-simple_same_bar_reentry-wait_bar_warmup-ready_per_rule: ok fills=268 (61.2s)
[2701/4097] BANK2_OM-B_private__T_cross_timing-both_days_input_field-raw_rsi_exit-cross_rsi_smoothing-simple_same_bar_reentry-wait_bar_warmup-strict: cached
[2702/4097] BANK2_OM-B_private__T_cross_timing-both_days_input_field-raw_rsi_exit-cross_rsi_smoothing-simple_same_bar_reentry-wait_bar_warmup-ready_check: cached
[2703/4097] BANK2_OM-B_private__T_cross_timing-both_days_input_field-raw_rsi_exit-level_rsi_smoothing-wilder_same_bar_reentry-allowed_warmup-ready_per_rule: ok fills=280 (61.9s)
[2704/4097] BANK2_OM-B_private__T_cross_timing-today_ma_input_field-adjusted_rsi_exit-level_rsi_smoothing-wilder_same_bar_reentry-allowed_warmup-strict: cached
[2705/4097] BANK2_OM-B_private__T_cross_timing-today_ma_input_field-adjusted_rsi_exit-level_rsi_smoothing-wilder_same_bar_reentry-allowed_warmup-ready_check: cached
[2706/4097] BANK2_OM-B_private__T_cross_timing-both_days_input_field-raw_rsi_exit-level_rsi_smoothing-wilder_same_bar_reentry-wait_bar_warmup-ready_per_rule: ok fills=278 (65.9s)
[2707/4097] BANK2_OM-B_private__T_cross_timing-today_ma_input_field-adjusted_rsi_exit-level_rsi_smoothing-wilder_same_bar_reentry-wait_bar_warmup-strict: cached
[2708/4097] BANK2_OM-B_private__T_cross_timing-today_ma_input_field-adjusted_rsi_exit-level_rsi_smoothing-wilder_same_bar_reentry-wait_bar_warmup-ready_check: cached
[2709/4097] BANK2_OM-B_private__T_cross_timing-today_ma_input_field-adjusted_rsi_exit-level_rsi_smoothing-wilder_same_bar_reentry-allowed_warmup-ready_per_rule: exit=1 fills=None (8.7s)
[2710/4097] BANK2_OM-B_private__T_cross_timing-today_ma_input_field-adjusted_rsi_exit-level_rsi_smoothing-simple_same_bar_reentry-allowed_warmup-strict: cached
[2711/4097] BANK2_OM-B_private__T_cross_timing-today_ma_input_field-adjusted_rsi_exit-level_rsi_smoothing-simple_same_bar_reentry-allowed_warmup-ready_check: cached
[2712/4097] BANK2_OM-B_private__T_cross_timing-both_days_input_field-raw_rsi_exit-level_rsi_smoothing-simple_same_bar_reentry-allowed_warmup-ready_per_rule: ok fills=336 (70.3s)
[2713/4097] BANK2_OM-B_private__T_cross_timing-today_ma_input_field-adjusted_rsi_exit-level_rsi_smoothing-simple_same_bar_reentry-wait_bar_warmup-strict: cached
[2714/4097] BANK2_OM-B_private__T_cross_timing-today_ma_input_field-adjusted_rsi_exit-level_rsi_smoothing-simple_same_bar_reentry-wait_bar_warmup-ready_check: cached
[2715/4097] BANK2_OM-B_private__T_cross_timing-both_days_input_field-raw_rsi_exit-cross_rsi_smoothing-wilder_same_bar_reentry-allowed_warmup-ready_per_rule: ok fills=264 (68.0s)
[2716/4097] BANK2_OM-B_private__T_cross_timing-today_ma_input_field-adjusted_rsi_exit-cross_rsi_smoothing-wilder_same_bar_reentry-allowed_warmup-strict: cached
[2717/4097] BANK2_OM-B_private__T_cross_timing-today_ma_input_field-adjusted_rsi_exit-cross_rsi_smoothing-wilder_same_bar_reentry-allowed_warmup-ready_check: cached
[2718/4097] BANK2_OM-B_private__T_cross_timing-both_days_input_field-raw_rsi_exit-level_rsi_smoothing-simple_same_bar_reentry-wait_bar_warmup-ready_per_rule: ok fills=322 (69.4s)
[2719/4097] BANK2_OM-B_private__T_cross_timing-today_ma_input_field-adjusted_rsi_exit-cross_rsi_smoothing-wilder_same_bar_reentry-wait_bar_warmup-strict: cached
[2720/4097] BANK2_OM-B_private__T_cross_timing-today_ma_input_field-adjusted_rsi_exit-cross_rsi_smoothing-wilder_same_bar_reentry-wait_bar_warmup-ready_check: cached
[2721/4097] BANK2_OM-B_private__T_cross_timing-both_days_input_field-raw_rsi_exit-cross_rsi_smoothing-simple_same_bar_reentry-allowed_warmup-ready_per_rule: ok fills=288 (66.9s)
[2722/4097] BANK2_OM-B_private__T_cross_timing-today_ma_input_field-adjusted_rsi_exit-cross_rsi_smoothing-simple_same_bar_reentry-allowed_warmup-strict: cached
[2723/4097] BANK2_OM-B_private__T_cross_timing-today_ma_input_field-adjusted_rsi_exit-cross_rsi_smoothing-simple_same_bar_reentry-allowed_warmup-ready_check: cached
[2724/4097] BANK2_OM-B_private__T_cross_timing-both_days_input_field-raw_rsi_exit-cross_rsi_smoothing-wilder_same_bar_reentry-wait_bar_warmup-ready_per_rule: ok fills=264 (68.7s)
[2725/4097] BANK2_OM-B_private__T_cross_timing-today_ma_input_field-adjusted_rsi_exit-cross_rsi_smoothing-simple_same_bar_reentry-wait_bar_warmup-strict: cached
[2726/4097] BANK2_OM-B_private__T_cross_timing-today_ma_input_field-adjusted_rsi_exit-cross_rsi_smoothing-simple_same_bar_reentry-wait_bar_warmup-ready_check: cached
[2727/4097] BANK2_OM-B_private__T_cross_timing-both_days_input_field-raw_rsi_exit-cross_rsi_smoothing-simple_same_bar_reentry-wait_bar_warmup-ready_per_rule: ok fills=288 (65.5s)
[2728/4097] BANK2_OM-B_private__T_cross_timing-today_ma_input_field-raw_rsi_exit-level_rsi_smoothing-wilder_same_bar_reentry-allowed_warmup-strict: cached
[2729/4097] BANK2_OM-B_private__T_cross_timing-today_ma_input_field-raw_rsi_exit-level_rsi_smoothing-wilder_same_bar_reentry-allowed_warmup-ready_check: cached
[2730/4097] BANK2_OM-B_private__T_cross_timing-today_ma_input_field-adjusted_rsi_exit-level_rsi_smoothing-simple_same_bar_reentry-allowed_warmup-ready_per_rule: ok fills=314 (66.1s)
[2731/4097] BANK2_OM-B_private__T_cross_timing-today_ma_input_field-raw_rsi_exit-level_rsi_smoothing-wilder_same_bar_reentry-wait_bar_warmup-strict: cached
[2732/4097] BANK2_OM-B_private__T_cross_timing-today_ma_input_field-raw_rsi_exit-level_rsi_smoothing-wilder_same_bar_reentry-wait_bar_warmup-ready_check: cached
[2733/4097] BANK2_OM-B_private__T_cross_timing-today_ma_input_field-adjusted_rsi_exit-level_rsi_smoothing-wilder_same_bar_reentry-wait_bar_warmup-ready_per_rule: ok fills=262 (72.0s)
[2734/4097] BANK2_OM-B_private__T_cross_timing-today_ma_input_field-raw_rsi_exit-level_rsi_smoothing-simple_same_bar_reentry-allowed_warmup-strict: cached
[2735/4097] BANK2_OM-B_private__T_cross_timing-today_ma_input_field-raw_rsi_exit-level_rsi_smoothing-simple_same_bar_reentry-allowed_warmup-ready_check: cached
[2736/4097] BANK2_OM-B_private__T_cross_timing-today_ma_input_field-adjusted_rsi_exit-level_rsi_smoothing-simple_same_bar_reentry-wait_bar_warmup-ready_per_rule: ok fills=300 (76.6s)
[2737/4097] BANK2_OM-B_private__T_cross_timing-today_ma_input_field-raw_rsi_exit-level_rsi_smoothing-simple_same_bar_reentry-wait_bar_warmup-strict: cached
[2738/4097] BANK2_OM-B_private__T_cross_timing-today_ma_input_field-raw_rsi_exit-level_rsi_smoothing-simple_same_bar_reentry-wait_bar_warmup-ready_check: cached
[2739/4097] BANK2_OM-B_private__T_cross_timing-today_ma_input_field-adjusted_rsi_exit-cross_rsi_smoothing-simple_same_bar_reentry-wait_bar_warmup-ready_per_rule: ok fills=264 (74.8s)
[2740/4097] BANK2_OM-B_private__T_cross_timing-today_ma_input_field-raw_rsi_exit-cross_rsi_smoothing-wilder_same_bar_reentry-allowed_warmup-strict: cached
[2741/4097] BANK2_OM-B_private__T_cross_timing-today_ma_input_field-raw_rsi_exit-cross_rsi_smoothing-wilder_same_bar_reentry-allowed_warmup-ready_check: cached
[2742/4097] BANK2_OM-B_private__T_cross_timing-today_ma_input_field-adjusted_rsi_exit-cross_rsi_smoothing-simple_same_bar_reentry-allowed_warmup-ready_per_rule: ok fills=264 (76.3s)
[2743/4097] BANK2_OM-B_private__T_cross_timing-today_ma_input_field-raw_rsi_exit-cross_rsi_smoothing-wilder_same_bar_reentry-wait_bar_warmup-strict: cached
[2744/4097] BANK2_OM-B_private__T_cross_timing-today_ma_input_field-raw_rsi_exit-cross_rsi_smoothing-wilder_same_bar_reentry-wait_bar_warmup-ready_check: cached
[2745/4097] BANK2_OM-B_private__T_cross_timing-today_ma_input_field-adjusted_rsi_exit-cross_rsi_smoothing-wilder_same_bar_reentry-allowed_warmup-ready_per_rule: ok fills=246 (77.6s)
[2746/4097] BANK2_OM-B_private__T_cross_timing-today_ma_input_field-raw_rsi_exit-cross_rsi_smoothing-simple_same_bar_reentry-allowed_warmup-strict: cached
[2747/4097] BANK2_OM-B_private__T_cross_timing-today_ma_input_field-raw_rsi_exit-cross_rsi_smoothing-simple_same_bar_reentry-allowed_warmup-ready_check: cached
[2748/4097] BANK2_OM-B_private__T_cross_timing-today_ma_input_field-adjusted_rsi_exit-cross_rsi_smoothing-wilder_same_bar_reentry-wait_bar_warmup-ready_per_rule: ok fills=246 (77.6s)
[2749/4097] BANK2_OM-B_private__T_cross_timing-today_ma_input_field-raw_rsi_exit-cross_rsi_smoothing-simple_same_bar_reentry-wait_bar_warmup-strict: cached
[2750/4097] BANK2_OM-B_private__T_cross_timing-today_ma_input_field-raw_rsi_exit-cross_rsi_smoothing-simple_same_bar_reentry-wait_bar_warmup-ready_check: cached
[2751/4097] BANK2_OM-B_private__T_cross_timing-today_ma_input_field-raw_rsi_exit-level_rsi_smoothing-wilder_same_bar_reentry-wait_bar_warmup-ready_per_rule: ok fills=276 (75.5s)
[2752/4097] BANK2_OM-B_private__OAT_a_exec-set_holdings: cached
[2753/4097] BANK2_OM-B_private__T_cross_timing-today_ma_input_field-raw_rsi_exit-level_rsi_smoothing-simple_same_bar_reentry-allowed_warmup-ready_per_rule: ok fills=334 (76.9s)
[2754/4097] BANK2_OM-B_invested_gate__ref: cached
[2755/4097] BANK2_OM-B_invested_gate__T_cross_timing-both_days_input_field-adjusted_rsi_exit-level_rsi_smoothing-wilder_same_bar_reentry-allowed_warmup-ready_check: cached
[2756/4097] BANK2_OM-B_private__T_cross_timing-today_ma_input_field-raw_rsi_exit-cross_rsi_smoothing-wilder_same_bar_reentry-wait_bar_warmup-ready_per_rule: ok fills=262 (69.5s)
[2757/4097] BANK2_OM-B_invested_gate__T_cross_timing-both_days_input_field-adjusted_rsi_exit-level_rsi_smoothing-wilder_same_bar_reentry-wait_bar_warmup-strict: cached
[2758/4097] BANK2_OM-B_invested_gate__T_cross_timing-both_days_input_field-adjusted_rsi_exit-level_rsi_smoothing-wilder_same_bar_reentry-wait_bar_warmup-ready_check: cached
[2759/4097] BANK2_OM-B_private__T_cross_timing-today_ma_input_field-raw_rsi_exit-level_rsi_smoothing-simple_same_bar_reentry-wait_bar_warmup-ready_per_rule: ok fills=320 (71.8s)
[2760/4097] BANK2_OM-B_invested_gate__T_cross_timing-both_days_input_field-adjusted_rsi_exit-level_rsi_smoothing-simple_same_bar_reentry-allowed_warmup-strict: cached
[2761/4097] BANK2_OM-B_invested_gate__T_cross_timing-both_days_input_field-adjusted_rsi_exit-level_rsi_smoothing-simple_same_bar_reentry-allowed_warmup-ready_check: cached
[2762/4097] BANK2_OM-B_private__T_cross_timing-today_ma_input_field-raw_rsi_exit-cross_rsi_smoothing-wilder_same_bar_reentry-allowed_warmup-ready_per_rule: ok fills=262 (70.9s)
[2763/4097] BANK2_OM-B_invested_gate__T_cross_timing-both_days_input_field-adjusted_rsi_exit-level_rsi_smoothing-simple_same_bar_reentry-wait_bar_warmup-strict: cached
[2764/4097] BANK2_OM-B_invested_gate__T_cross_timing-both_days_input_field-adjusted_rsi_exit-level_rsi_smoothing-simple_same_bar_reentry-wait_bar_warmup-ready_check: cached
[2765/4097] BANK2_OM-B_private__T_cross_timing-today_ma_input_field-raw_rsi_exit-cross_rsi_smoothing-simple_same_bar_reentry-wait_bar_warmup-ready_per_rule: ok fills=286 (69.9s)
[2766/4097] BANK2_OM-B_invested_gate__T_cross_timing-both_days_input_field-adjusted_rsi_exit-cross_rsi_smoothing-wilder_same_bar_reentry-allowed_warmup-strict: cached
[2767/4097] BANK2_OM-B_invested_gate__T_cross_timing-both_days_input_field-adjusted_rsi_exit-cross_rsi_smoothing-wilder_same_bar_reentry-allowed_warmup-ready_check: cached
[2768/4097] BANK2_OM-B_private__T_cross_timing-today_ma_input_field-raw_rsi_exit-cross_rsi_smoothing-simple_same_bar_reentry-allowed_warmup-ready_per_rule: ok fills=286 (70.5s)
[2769/4097] BANK2_OM-B_invested_gate__T_cross_timing-both_days_input_field-adjusted_rsi_exit-cross_rsi_smoothing-wilder_same_bar_reentry-wait_bar_warmup-strict: cached
[2770/4097] BANK2_OM-B_invested_gate__T_cross_timing-both_days_input_field-adjusted_rsi_exit-cross_rsi_smoothing-wilder_same_bar_reentry-wait_bar_warmup-ready_check: cached
[2771/4097] BANK2_OM-B_private__SPOT_all_excluded_off: ok fills=270 (60.1s)
[2772/4097] BANK2_OM-B_invested_gate__T_cross_timing-both_days_input_field-adjusted_rsi_exit-cross_rsi_smoothing-simple_same_bar_reentry-allowed_warmup-strict: cached
[2773/4097] BANK2_OM-B_invested_gate__T_cross_timing-both_days_input_field-adjusted_rsi_exit-cross_rsi_smoothing-simple_same_bar_reentry-allowed_warmup-ready_check: cached
[2774/4097] BANK2_OM-B_invested_gate__T_cross_timing-both_days_input_field-adjusted_rsi_exit-level_rsi_smoothing-wilder_same_bar_reentry-allowed_warmup-ready_per_rule: ok fills=266 (74.8s)
[2775/4097] BANK2_OM-B_invested_gate__T_cross_timing-both_days_input_field-adjusted_rsi_exit-cross_rsi_smoothing-simple_same_bar_reentry-wait_bar_warmup-strict: cached
[2776/4097] BANK2_OM-B_invested_gate__T_cross_timing-both_days_input_field-adjusted_rsi_exit-cross_rsi_smoothing-simple_same_bar_reentry-wait_bar_warmup-ready_check: cached
[2777/4097] BANK2_OM-B_invested_gate__T_cross_timing-both_days_input_field-adjusted_rsi_exit-level_rsi_smoothing-simple_same_bar_reentry-allowed_warmup-ready_per_rule: ok fills=304 (60.9s)
[2778/4097] BANK2_OM-B_invested_gate__T_cross_timing-both_days_input_field-raw_rsi_exit-level_rsi_smoothing-wilder_same_bar_reentry-allowed_warmup-strict: cached
[2779/4097] BANK2_OM-B_invested_gate__T_cross_timing-both_days_input_field-raw_rsi_exit-level_rsi_smoothing-wilder_same_bar_reentry-allowed_warmup-ready_check: cached
[2780/4097] BANK2_OM-B_invested_gate__T_cross_timing-both_days_input_field-adjusted_rsi_exit-level_rsi_smoothing-simple_same_bar_reentry-wait_bar_warmup-ready_per_rule: ok fills=304 (63.8s)
[2781/4097] BANK2_OM-B_invested_gate__T_cross_timing-both_days_input_field-raw_rsi_exit-level_rsi_smoothing-wilder_same_bar_reentry-wait_bar_warmup-strict: cached
[2782/4097] BANK2_OM-B_invested_gate__T_cross_timing-both_days_input_field-raw_rsi_exit-level_rsi_smoothing-wilder_same_bar_reentry-wait_bar_warmup-ready_check: cached
[2783/4097] BANK2_OM-B_invested_gate__T_cross_timing-both_days_input_field-adjusted_rsi_exit-cross_rsi_smoothing-wilder_same_bar_reentry-wait_bar_warmup-ready_per_rule: ok fills=250 (65.0s)
[2784/4097] BANK2_OM-B_invested_gate__T_cross_timing-both_days_input_field-raw_rsi_exit-level_rsi_smoothing-simple_same_bar_reentry-allowed_warmup-strict: cached
[2785/4097] BANK2_OM-B_invested_gate__T_cross_timing-both_days_input_field-raw_rsi_exit-level_rsi_smoothing-simple_same_bar_reentry-allowed_warmup-ready_check: cached
[2786/4097] BANK2_OM-B_invested_gate__T_cross_timing-both_days_input_field-adjusted_rsi_exit-level_rsi_smoothing-wilder_same_bar_reentry-wait_bar_warmup-ready_per_rule: ok fills=266 (67.4s)
[2787/4097] BANK2_OM-B_invested_gate__T_cross_timing-both_days_input_field-raw_rsi_exit-level_rsi_smoothing-simple_same_bar_reentry-wait_bar_warmup-strict: cached
[2788/4097] BANK2_OM-B_invested_gate__T_cross_timing-both_days_input_field-raw_rsi_exit-level_rsi_smoothing-simple_same_bar_reentry-wait_bar_warmup-ready_check: cached
[2789/4097] BANK2_OM-B_invested_gate__T_cross_timing-both_days_input_field-adjusted_rsi_exit-cross_rsi_smoothing-wilder_same_bar_reentry-allowed_warmup-ready_per_rule: ok fills=250 (78.2s)
[2790/4097] BANK2_OM-B_invested_gate__T_cross_timing-both_days_input_field-raw_rsi_exit-cross_rsi_smoothing-wilder_same_bar_reentry-allowed_warmup-strict: cached
[2791/4097] BANK2_OM-B_invested_gate__T_cross_timing-both_days_input_field-raw_rsi_exit-cross_rsi_smoothing-wilder_same_bar_reentry-allowed_warmup-ready_check: cached
[2792/4097] BANK2_OM-B_invested_gate__T_cross_timing-both_days_input_field-adjusted_rsi_exit-cross_rsi_smoothing-simple_same_bar_reentry-allowed_warmup-ready_per_rule: ok fills=268 (63.1s)
[2793/4097] BANK2_OM-B_invested_gate__T_cross_timing-both_days_input_field-raw_rsi_exit-cross_rsi_smoothing-wilder_same_bar_reentry-wait_bar_warmup-strict: cached
[2794/4097] BANK2_OM-B_invested_gate__T_cross_timing-both_days_input_field-raw_rsi_exit-cross_rsi_smoothing-wilder_same_bar_reentry-wait_bar_warmup-ready_check: cached
[2795/4097] BANK2_OM-B_invested_gate__T_cross_timing-both_days_input_field-adjusted_rsi_exit-cross_rsi_smoothing-simple_same_bar_reentry-wait_bar_warmup-ready_per_rule: ok fills=268 (59.3s)
[2796/4097] BANK2_OM-B_invested_gate__T_cross_timing-both_days_input_field-raw_rsi_exit-cross_rsi_smoothing-simple_same_bar_reentry-allowed_warmup-strict: cached
[2797/4097] BANK2_OM-B_invested_gate__T_cross_timing-both_days_input_field-raw_rsi_exit-cross_rsi_smoothing-simple_same_bar_reentry-allowed_warmup-ready_check: cached
[2798/4097] BANK2_OM-B_invested_gate__T_cross_timing-both_days_input_field-raw_rsi_exit-level_rsi_smoothing-simple_same_bar_reentry-wait_bar_warmup-ready_per_rule: ok fills=322 (62.3s)
[2799/4097] BANK2_OM-B_invested_gate__T_cross_timing-both_days_input_field-raw_rsi_exit-cross_rsi_smoothing-simple_same_bar_reentry-wait_bar_warmup-strict: cached
[2800/4097] BANK2_OM-B_invested_gate__T_cross_timing-both_days_input_field-raw_rsi_exit-cross_rsi_smoothing-simple_same_bar_reentry-wait_bar_warmup-ready_check: cached
[2801/4097] BANK2_OM-B_invested_gate__T_cross_timing-both_days_input_field-raw_rsi_exit-level_rsi_smoothing-wilder_same_bar_reentry-allowed_warmup-ready_per_rule: ok fills=278 (69.5s)
[2802/4097] BANK2_OM-B_invested_gate__T_cross_timing-today_ma_input_field-adjusted_rsi_exit-level_rsi_smoothing-wilder_same_bar_reentry-allowed_warmup-strict: cached
[2803/4097] BANK2_OM-B_invested_gate__T_cross_timing-today_ma_input_field-adjusted_rsi_exit-level_rsi_smoothing-wilder_same_bar_reentry-allowed_warmup-ready_check: cached
[2804/4097] BANK2_OM-B_invested_gate__T_cross_timing-both_days_input_field-raw_rsi_exit-level_rsi_smoothing-simple_same_bar_reentry-allowed_warmup-ready_per_rule: ok fills=322 (65.1s)
[2805/4097] BANK2_OM-B_invested_gate__T_cross_timing-today_ma_input_field-adjusted_rsi_exit-level_rsi_smoothing-wilder_same_bar_reentry-wait_bar_warmup-strict: cached
[2806/4097] BANK2_OM-B_invested_gate__T_cross_timing-today_ma_input_field-adjusted_rsi_exit-level_rsi_smoothing-wilder_same_bar_reentry-wait_bar_warmup-ready_check: cached
[2807/4097] BANK2_OM-B_invested_gate__T_cross_timing-both_days_input_field-raw_rsi_exit-level_rsi_smoothing-wilder_same_bar_reentry-wait_bar_warmup-ready_per_rule: ok fills=278 (73.4s)
[2808/4097] BANK2_OM-B_invested_gate__T_cross_timing-today_ma_input_field-adjusted_rsi_exit-level_rsi_smoothing-simple_same_bar_reentry-allowed_warmup-strict: cached
[2809/4097] BANK2_OM-B_invested_gate__T_cross_timing-today_ma_input_field-adjusted_rsi_exit-level_rsi_smoothing-simple_same_bar_reentry-allowed_warmup-ready_check: cached
[2810/4097] BANK2_OM-B_invested_gate__T_cross_timing-both_days_input_field-raw_rsi_exit-cross_rsi_smoothing-wilder_same_bar_reentry-allowed_warmup-ready_per_rule: ok fills=264 (62.0s)
[2811/4097] BANK2_OM-B_invested_gate__T_cross_timing-today_ma_input_field-adjusted_rsi_exit-level_rsi_smoothing-simple_same_bar_reentry-wait_bar_warmup-strict: cached
[2812/4097] BANK2_OM-B_invested_gate__T_cross_timing-today_ma_input_field-adjusted_rsi_exit-level_rsi_smoothing-simple_same_bar_reentry-wait_bar_warmup-ready_check: cached
[2813/4097] BANK2_OM-B_invested_gate__T_cross_timing-both_days_input_field-raw_rsi_exit-cross_rsi_smoothing-wilder_same_bar_reentry-wait_bar_warmup-ready_per_rule: ok fills=264 (65.9s)
[2814/4097] BANK2_OM-B_invested_gate__T_cross_timing-today_ma_input_field-adjusted_rsi_exit-cross_rsi_smoothing-wilder_same_bar_reentry-allowed_warmup-strict: cached
[2815/4097] BANK2_OM-B_invested_gate__T_cross_timing-today_ma_input_field-adjusted_rsi_exit-cross_rsi_smoothing-wilder_same_bar_reentry-allowed_warmup-ready_check: cached
[2816/4097] BANK2_OM-B_invested_gate__T_cross_timing-both_days_input_field-raw_rsi_exit-cross_rsi_smoothing-simple_same_bar_reentry-allowed_warmup-ready_per_rule: ok fills=288 (63.4s)
[2817/4097] BANK2_OM-B_invested_gate__T_cross_timing-today_ma_input_field-adjusted_rsi_exit-cross_rsi_smoothing-wilder_same_bar_reentry-wait_bar_warmup-strict: cached
[2818/4097] BANK2_OM-B_invested_gate__T_cross_timing-today_ma_input_field-adjusted_rsi_exit-cross_rsi_smoothing-wilder_same_bar_reentry-wait_bar_warmup-ready_check: cached
[2819/4097] BANK2_OM-B_invested_gate__T_cross_timing-today_ma_input_field-adjusted_rsi_exit-level_rsi_smoothing-wilder_same_bar_reentry-wait_bar_warmup-ready_per_rule: ok fills=262 (60.6s)
[2820/4097] BANK2_OM-B_invested_gate__T_cross_timing-today_ma_input_field-adjusted_rsi_exit-cross_rsi_smoothing-simple_same_bar_reentry-allowed_warmup-strict: cached
[2821/4097] BANK2_OM-B_invested_gate__T_cross_timing-today_ma_input_field-adjusted_rsi_exit-cross_rsi_smoothing-simple_same_bar_reentry-allowed_warmup-ready_check: cached
[2822/4097] BANK2_OM-B_invested_gate__T_cross_timing-both_days_input_field-raw_rsi_exit-cross_rsi_smoothing-simple_same_bar_reentry-wait_bar_warmup-ready_per_rule: ok fills=288 (62.9s)
[2823/4097] BANK2_OM-B_invested_gate__T_cross_timing-today_ma_input_field-adjusted_rsi_exit-cross_rsi_smoothing-simple_same_bar_reentry-wait_bar_warmup-strict: cached
[2824/4097] BANK2_OM-B_invested_gate__T_cross_timing-today_ma_input_field-adjusted_rsi_exit-cross_rsi_smoothing-simple_same_bar_reentry-wait_bar_warmup-ready_check: cached
[2825/4097] BANK2_OM-B_invested_gate__T_cross_timing-today_ma_input_field-adjusted_rsi_exit-level_rsi_smoothing-wilder_same_bar_reentry-allowed_warmup-ready_per_rule: ok fills=262 (65.0s)
[2826/4097] BANK2_OM-B_invested_gate__T_cross_timing-today_ma_input_field-raw_rsi_exit-level_rsi_smoothing-wilder_same_bar_reentry-allowed_warmup-strict: cached
[2827/4097] BANK2_OM-B_invested_gate__T_cross_timing-today_ma_input_field-raw_rsi_exit-level_rsi_smoothing-wilder_same_bar_reentry-allowed_warmup-ready_check: cached
[2828/4097] BANK2_OM-B_invested_gate__T_cross_timing-today_ma_input_field-adjusted_rsi_exit-level_rsi_smoothing-simple_same_bar_reentry-allowed_warmup-ready_per_rule: ok fills=300 (71.7s)
[2829/4097] BANK2_OM-B_invested_gate__T_cross_timing-today_ma_input_field-raw_rsi_exit-level_rsi_smoothing-wilder_same_bar_reentry-wait_bar_warmup-strict: cached
[2830/4097] BANK2_OM-B_invested_gate__T_cross_timing-today_ma_input_field-raw_rsi_exit-level_rsi_smoothing-wilder_same_bar_reentry-wait_bar_warmup-ready_check: cached
[2831/4097] BANK2_OM-B_invested_gate__T_cross_timing-today_ma_input_field-adjusted_rsi_exit-level_rsi_smoothing-simple_same_bar_reentry-wait_bar_warmup-ready_per_rule: ok fills=300 (69.8s)
[2832/4097] BANK2_OM-B_invested_gate__T_cross_timing-today_ma_input_field-raw_rsi_exit-level_rsi_smoothing-simple_same_bar_reentry-allowed_warmup-strict: cached
[2833/4097] BANK2_OM-B_invested_gate__T_cross_timing-today_ma_input_field-raw_rsi_exit-level_rsi_smoothing-simple_same_bar_reentry-allowed_warmup-ready_check: cached
[2834/4097] BANK2_OM-B_invested_gate__T_cross_timing-today_ma_input_field-adjusted_rsi_exit-cross_rsi_smoothing-wilder_same_bar_reentry-allowed_warmup-ready_per_rule: ok fills=246 (63.5s)
[2835/4097] BANK2_OM-B_invested_gate__T_cross_timing-today_ma_input_field-raw_rsi_exit-level_rsi_smoothing-simple_same_bar_reentry-wait_bar_warmup-strict: cached
[2836/4097] BANK2_OM-B_invested_gate__T_cross_timing-today_ma_input_field-raw_rsi_exit-level_rsi_smoothing-simple_same_bar_reentry-wait_bar_warmup-ready_check: cached
[2837/4097] BANK2_OM-B_invested_gate__T_cross_timing-today_ma_input_field-adjusted_rsi_exit-cross_rsi_smoothing-wilder_same_bar_reentry-wait_bar_warmup-ready_per_rule: ok fills=246 (67.0s)
[2838/4097] BANK2_OM-B_invested_gate__T_cross_timing-today_ma_input_field-raw_rsi_exit-cross_rsi_smoothing-wilder_same_bar_reentry-allowed_warmup-strict: cached
[2839/4097] BANK2_OM-B_invested_gate__T_cross_timing-today_ma_input_field-raw_rsi_exit-cross_rsi_smoothing-wilder_same_bar_reentry-allowed_warmup-ready_check: cached
[2840/4097] BANK2_OM-B_invested_gate__T_cross_timing-today_ma_input_field-adjusted_rsi_exit-cross_rsi_smoothing-simple_same_bar_reentry-allowed_warmup-ready_per_rule: ok fills=264 (61.6s)
[2841/4097] BANK2_OM-B_invested_gate__T_cross_timing-today_ma_input_field-raw_rsi_exit-cross_rsi_smoothing-wilder_same_bar_reentry-wait_bar_warmup-strict: cached
[2842/4097] BANK2_OM-B_invested_gate__T_cross_timing-today_ma_input_field-raw_rsi_exit-cross_rsi_smoothing-wilder_same_bar_reentry-wait_bar_warmup-ready_check: cached
[2843/4097] BANK2_OM-B_invested_gate__T_cross_timing-today_ma_input_field-raw_rsi_exit-level_rsi_smoothing-wilder_same_bar_reentry-allowed_warmup-ready_per_rule: ok fills=276 (58.6s)
[2844/4097] BANK2_OM-B_invested_gate__T_cross_timing-today_ma_input_field-raw_rsi_exit-cross_rsi_smoothing-simple_same_bar_reentry-allowed_warmup-strict: cached
[2845/4097] BANK2_OM-B_invested_gate__T_cross_timing-today_ma_input_field-raw_rsi_exit-cross_rsi_smoothing-simple_same_bar_reentry-allowed_warmup-ready_check: cached
[2846/4097] BANK2_OM-B_invested_gate__T_cross_timing-today_ma_input_field-adjusted_rsi_exit-cross_rsi_smoothing-simple_same_bar_reentry-wait_bar_warmup-ready_per_rule: ok fills=264 (61.8s)
[2847/4097] BANK2_OM-B_invested_gate__T_cross_timing-today_ma_input_field-raw_rsi_exit-cross_rsi_smoothing-simple_same_bar_reentry-wait_bar_warmup-strict: cached
[2848/4097] BANK2_OM-B_invested_gate__T_cross_timing-today_ma_input_field-raw_rsi_exit-cross_rsi_smoothing-simple_same_bar_reentry-wait_bar_warmup-ready_check: cached
[2849/4097] BANK2_OM-B_invested_gate__T_cross_timing-today_ma_input_field-raw_rsi_exit-level_rsi_smoothing-simple_same_bar_reentry-allowed_warmup-ready_per_rule: ok fills=320 (59.6s)
[2850/4097] BANK2_OM-B_invested_gate__OAT_a_exec-set_holdings: cached
[2851/4097] BANK2_OM-B_invested_gate__T_cross_timing-today_ma_input_field-raw_rsi_exit-level_rsi_smoothing-wilder_same_bar_reentry-wait_bar_warmup-ready_per_rule: ok fills=276 (65.2s)
[2852/4097] BANK2_OM-B_netting__ref: cached
[2853/4097] BANK2_OM-B_netting__T_cross_timing-both_days_input_field-adjusted_rsi_exit-level_rsi_smoothing-wilder_same_bar_reentry-allowed_warmup-ready_check: cached
[2854/4097] BANK2_OM-B_invested_gate__T_cross_timing-today_ma_input_field-raw_rsi_exit-level_rsi_smoothing-simple_same_bar_reentry-wait_bar_warmup-ready_per_rule: ok fills=320 (60.6s)
[2855/4097] BANK2_OM-B_netting__T_cross_timing-both_days_input_field-adjusted_rsi_exit-level_rsi_smoothing-wilder_same_bar_reentry-wait_bar_warmup-strict: cached
[2856/4097] BANK2_OM-B_netting__T_cross_timing-both_days_input_field-adjusted_rsi_exit-level_rsi_smoothing-wilder_same_bar_reentry-wait_bar_warmup-ready_check: cached
[2857/4097] BANK2_OM-B_invested_gate__T_cross_timing-today_ma_input_field-raw_rsi_exit-cross_rsi_smoothing-wilder_same_bar_reentry-allowed_warmup-ready_per_rule: ok fills=262 (64.7s)
[2858/4097] BANK2_OM-B_netting__T_cross_timing-both_days_input_field-adjusted_rsi_exit-level_rsi_smoothing-simple_same_bar_reentry-allowed_warmup-strict: cached
[2859/4097] BANK2_OM-B_netting__T_cross_timing-both_days_input_field-adjusted_rsi_exit-level_rsi_smoothing-simple_same_bar_reentry-allowed_warmup-ready_check: cached
[2860/4097] BANK2_OM-B_invested_gate__T_cross_timing-today_ma_input_field-raw_rsi_exit-cross_rsi_smoothing-simple_same_bar_reentry-allowed_warmup-ready_per_rule: ok fills=286 (62.3s)
[2861/4097] BANK2_OM-B_netting__T_cross_timing-both_days_input_field-adjusted_rsi_exit-level_rsi_smoothing-simple_same_bar_reentry-wait_bar_warmup-strict: cached
[2862/4097] BANK2_OM-B_netting__T_cross_timing-both_days_input_field-adjusted_rsi_exit-level_rsi_smoothing-simple_same_bar_reentry-wait_bar_warmup-ready_check: cached
[2863/4097] BANK2_OM-B_invested_gate__T_cross_timing-today_ma_input_field-raw_rsi_exit-cross_rsi_smoothing-wilder_same_bar_reentry-wait_bar_warmup-ready_per_rule: ok fills=262 (64.1s)
[2864/4097] BANK2_OM-B_netting__T_cross_timing-both_days_input_field-adjusted_rsi_exit-cross_rsi_smoothing-wilder_same_bar_reentry-allowed_warmup-strict: cached
[2865/4097] BANK2_OM-B_netting__T_cross_timing-both_days_input_field-adjusted_rsi_exit-cross_rsi_smoothing-wilder_same_bar_reentry-allowed_warmup-ready_check: cached
[2866/4097] BANK2_OM-B_invested_gate__T_cross_timing-today_ma_input_field-raw_rsi_exit-cross_rsi_smoothing-simple_same_bar_reentry-wait_bar_warmup-ready_per_rule: ok fills=286 (67.8s)
[2867/4097] BANK2_OM-B_netting__T_cross_timing-both_days_input_field-adjusted_rsi_exit-cross_rsi_smoothing-wilder_same_bar_reentry-wait_bar_warmup-strict: cached
[2868/4097] BANK2_OM-B_netting__T_cross_timing-both_days_input_field-adjusted_rsi_exit-cross_rsi_smoothing-wilder_same_bar_reentry-wait_bar_warmup-ready_check: cached
[2869/4097] BANK2_OM-B_invested_gate__SPOT_all_excluded_off: ok fills=266 (67.4s)
[2870/4097] BANK2_OM-B_netting__T_cross_timing-both_days_input_field-adjusted_rsi_exit-cross_rsi_smoothing-simple_same_bar_reentry-allowed_warmup-strict: cached
[2871/4097] BANK2_OM-B_netting__T_cross_timing-both_days_input_field-adjusted_rsi_exit-cross_rsi_smoothing-simple_same_bar_reentry-allowed_warmup-ready_check: cached
[2872/4097] BANK2_OM-B_netting__T_cross_timing-both_days_input_field-adjusted_rsi_exit-level_rsi_smoothing-wilder_same_bar_reentry-allowed_warmup-ready_per_rule: ok fills=446 (71.2s)
[2873/4097] BANK2_OM-B_netting__T_cross_timing-both_days_input_field-adjusted_rsi_exit-cross_rsi_smoothing-simple_same_bar_reentry-wait_bar_warmup-strict: cached
[2874/4097] BANK2_OM-B_netting__T_cross_timing-both_days_input_field-adjusted_rsi_exit-cross_rsi_smoothing-simple_same_bar_reentry-wait_bar_warmup-ready_check: cached
[2875/4097] BANK2_OM-B_netting__T_cross_timing-both_days_input_field-adjusted_rsi_exit-level_rsi_smoothing-wilder_same_bar_reentry-wait_bar_warmup-ready_per_rule: ok fills=446 (63.3s)
[2876/4097] BANK2_OM-B_netting__T_cross_timing-both_days_input_field-raw_rsi_exit-level_rsi_smoothing-wilder_same_bar_reentry-allowed_warmup-strict: cached
[2877/4097] BANK2_OM-B_netting__T_cross_timing-both_days_input_field-raw_rsi_exit-level_rsi_smoothing-wilder_same_bar_reentry-allowed_warmup-ready_check: cached
[2878/4097] BANK2_OM-B_netting__T_cross_timing-both_days_input_field-adjusted_rsi_exit-cross_rsi_smoothing-simple_same_bar_reentry-allowed_warmup-ready_per_rule: exit=1 fills=None (9.6s)
[2879/4097] BANK2_OM-B_netting__T_cross_timing-both_days_input_field-raw_rsi_exit-level_rsi_smoothing-wilder_same_bar_reentry-wait_bar_warmup-strict: cached
[2880/4097] BANK2_OM-B_netting__T_cross_timing-both_days_input_field-raw_rsi_exit-level_rsi_smoothing-wilder_same_bar_reentry-wait_bar_warmup-ready_check: cached
[2881/4097] BANK2_OM-B_netting__T_cross_timing-both_days_input_field-adjusted_rsi_exit-level_rsi_smoothing-simple_same_bar_reentry-allowed_warmup-ready_per_rule: ok fills=470 (59.0s)
[2882/4097] BANK2_OM-B_netting__T_cross_timing-both_days_input_field-raw_rsi_exit-level_rsi_smoothing-simple_same_bar_reentry-allowed_warmup-strict: cached
[2883/4097] BANK2_OM-B_netting__T_cross_timing-both_days_input_field-raw_rsi_exit-level_rsi_smoothing-simple_same_bar_reentry-allowed_warmup-ready_check: cached
[2884/4097] BANK2_OM-B_netting__T_cross_timing-both_days_input_field-adjusted_rsi_exit-cross_rsi_smoothing-wilder_same_bar_reentry-allowed_warmup-ready_per_rule: ok fills=436 (62.5s)
[2885/4097] BANK2_OM-B_netting__T_cross_timing-both_days_input_field-raw_rsi_exit-level_rsi_smoothing-simple_same_bar_reentry-wait_bar_warmup-strict: cached
[2886/4097] BANK2_OM-B_netting__T_cross_timing-both_days_input_field-raw_rsi_exit-level_rsi_smoothing-simple_same_bar_reentry-wait_bar_warmup-ready_check: cached
[2887/4097] BANK2_OM-B_netting__T_cross_timing-both_days_input_field-adjusted_rsi_exit-level_rsi_smoothing-simple_same_bar_reentry-wait_bar_warmup-ready_per_rule: ok fills=470 (65.8s)
[2888/4097] BANK2_OM-B_netting__T_cross_timing-both_days_input_field-raw_rsi_exit-cross_rsi_smoothing-wilder_same_bar_reentry-allowed_warmup-strict: cached
[2889/4097] BANK2_OM-B_netting__T_cross_timing-both_days_input_field-raw_rsi_exit-cross_rsi_smoothing-wilder_same_bar_reentry-allowed_warmup-ready_check: cached
[2890/4097] BANK2_OM-B_netting__T_cross_timing-both_days_input_field-adjusted_rsi_exit-cross_rsi_smoothing-wilder_same_bar_reentry-wait_bar_warmup-ready_per_rule: ok fills=436 (62.3s)
[2891/4097] BANK2_OM-B_netting__T_cross_timing-both_days_input_field-raw_rsi_exit-cross_rsi_smoothing-wilder_same_bar_reentry-wait_bar_warmup-strict: cached
[2892/4097] BANK2_OM-B_netting__T_cross_timing-both_days_input_field-raw_rsi_exit-cross_rsi_smoothing-wilder_same_bar_reentry-wait_bar_warmup-ready_check: cached
[2893/4097] BANK2_OM-B_netting__T_cross_timing-both_days_input_field-raw_rsi_exit-level_rsi_smoothing-wilder_same_bar_reentry-wait_bar_warmup-ready_per_rule: ok fills=461 (56.7s)
[2894/4097] BANK2_OM-B_netting__T_cross_timing-both_days_input_field-raw_rsi_exit-cross_rsi_smoothing-simple_same_bar_reentry-allowed_warmup-strict: cached
[2895/4097] BANK2_OM-B_netting__T_cross_timing-both_days_input_field-raw_rsi_exit-cross_rsi_smoothing-simple_same_bar_reentry-allowed_warmup-ready_check: cached
[2896/4097] BANK2_OM-B_netting__T_cross_timing-both_days_input_field-adjusted_rsi_exit-cross_rsi_smoothing-simple_same_bar_reentry-wait_bar_warmup-ready_per_rule: ok fills=445 (58.7s)
[2897/4097] BANK2_OM-B_netting__T_cross_timing-both_days_input_field-raw_rsi_exit-cross_rsi_smoothing-simple_same_bar_reentry-wait_bar_warmup-strict: cached
[2898/4097] BANK2_OM-B_netting__T_cross_timing-both_days_input_field-raw_rsi_exit-cross_rsi_smoothing-simple_same_bar_reentry-wait_bar_warmup-ready_check: cached
[2899/4097] BANK2_OM-B_netting__T_cross_timing-both_days_input_field-raw_rsi_exit-level_rsi_smoothing-wilder_same_bar_reentry-allowed_warmup-ready_per_rule: ok fills=461 (61.4s)
[2900/4097] BANK2_OM-B_netting__T_cross_timing-today_ma_input_field-adjusted_rsi_exit-level_rsi_smoothing-wilder_same_bar_reentry-allowed_warmup-strict: cached
[2901/4097] BANK2_OM-B_netting__T_cross_timing-today_ma_input_field-adjusted_rsi_exit-level_rsi_smoothing-wilder_same_bar_reentry-allowed_warmup-ready_check: cached
[2902/4097] BANK2_OM-B_netting__T_cross_timing-both_days_input_field-raw_rsi_exit-level_rsi_smoothing-simple_same_bar_reentry-allowed_warmup-ready_per_rule: ok fills=489 (62.1s)
[2903/4097] BANK2_OM-B_netting__T_cross_timing-today_ma_input_field-adjusted_rsi_exit-level_rsi_smoothing-wilder_same_bar_reentry-wait_bar_warmup-strict: cached
[2904/4097] BANK2_OM-B_netting__T_cross_timing-today_ma_input_field-adjusted_rsi_exit-level_rsi_smoothing-wilder_same_bar_reentry-wait_bar_warmup-ready_check: cached
[2905/4097] BANK2_OM-B_netting__T_cross_timing-both_days_input_field-raw_rsi_exit-level_rsi_smoothing-simple_same_bar_reentry-wait_bar_warmup-ready_per_rule: ok fills=489 (64.0s)
[2906/4097] BANK2_OM-B_netting__T_cross_timing-today_ma_input_field-adjusted_rsi_exit-level_rsi_smoothing-simple_same_bar_reentry-allowed_warmup-strict: cached
[2907/4097] BANK2_OM-B_netting__T_cross_timing-today_ma_input_field-adjusted_rsi_exit-level_rsi_smoothing-simple_same_bar_reentry-allowed_warmup-ready_check: cached
[2908/4097] BANK2_OM-B_netting__T_cross_timing-both_days_input_field-raw_rsi_exit-cross_rsi_smoothing-wilder_same_bar_reentry-wait_bar_warmup-ready_per_rule: ok fills=453 (62.6s)
[2909/4097] BANK2_OM-B_netting__T_cross_timing-today_ma_input_field-adjusted_rsi_exit-level_rsi_smoothing-simple_same_bar_reentry-wait_bar_warmup-strict: cached
[2910/4097] BANK2_OM-B_netting__T_cross_timing-today_ma_input_field-adjusted_rsi_exit-level_rsi_smoothing-simple_same_bar_reentry-wait_bar_warmup-ready_check: cached
[2911/4097] BANK2_OM-B_netting__T_cross_timing-both_days_input_field-raw_rsi_exit-cross_rsi_smoothing-wilder_same_bar_reentry-allowed_warmup-ready_per_rule: ok fills=453 (64.9s)
[2912/4097] BANK2_OM-B_netting__T_cross_timing-today_ma_input_field-adjusted_rsi_exit-cross_rsi_smoothing-wilder_same_bar_reentry-allowed_warmup-strict: cached
[2913/4097] BANK2_OM-B_netting__T_cross_timing-today_ma_input_field-adjusted_rsi_exit-cross_rsi_smoothing-wilder_same_bar_reentry-allowed_warmup-ready_check: cached
[2914/4097] BANK2_OM-B_netting__T_cross_timing-both_days_input_field-raw_rsi_exit-cross_rsi_smoothing-simple_same_bar_reentry-allowed_warmup-ready_per_rule: ok fills=465 (60.4s)
[2915/4097] BANK2_OM-B_netting__T_cross_timing-today_ma_input_field-adjusted_rsi_exit-cross_rsi_smoothing-wilder_same_bar_reentry-wait_bar_warmup-strict: cached
[2916/4097] BANK2_OM-B_netting__T_cross_timing-today_ma_input_field-adjusted_rsi_exit-cross_rsi_smoothing-wilder_same_bar_reentry-wait_bar_warmup-ready_check: cached
[2917/4097] BANK2_OM-B_netting__T_cross_timing-today_ma_input_field-adjusted_rsi_exit-level_rsi_smoothing-wilder_same_bar_reentry-allowed_warmup-ready_per_rule: ok fills=444 (59.8s)
[2918/4097] BANK2_OM-B_netting__T_cross_timing-today_ma_input_field-adjusted_rsi_exit-cross_rsi_smoothing-simple_same_bar_reentry-allowed_warmup-strict: cached
[2919/4097] BANK2_OM-B_netting__T_cross_timing-today_ma_input_field-adjusted_rsi_exit-cross_rsi_smoothing-simple_same_bar_reentry-allowed_warmup-ready_check: cached
[2920/4097] BANK2_OM-B_netting__T_cross_timing-both_days_input_field-raw_rsi_exit-cross_rsi_smoothing-simple_same_bar_reentry-wait_bar_warmup-ready_per_rule: ok fills=465 (64.2s)
[2921/4097] BANK2_OM-B_netting__T_cross_timing-today_ma_input_field-adjusted_rsi_exit-cross_rsi_smoothing-simple_same_bar_reentry-wait_bar_warmup-strict: cached
[2922/4097] BANK2_OM-B_netting__T_cross_timing-today_ma_input_field-adjusted_rsi_exit-cross_rsi_smoothing-simple_same_bar_reentry-wait_bar_warmup-ready_check: cached
[2923/4097] BANK2_OM-B_netting__T_cross_timing-today_ma_input_field-adjusted_rsi_exit-level_rsi_smoothing-wilder_same_bar_reentry-wait_bar_warmup-ready_per_rule: ok fills=444 (57.5s)
[2924/4097] BANK2_OM-B_netting__T_cross_timing-today_ma_input_field-raw_rsi_exit-level_rsi_smoothing-wilder_same_bar_reentry-allowed_warmup-strict: cached
[2925/4097] BANK2_OM-B_netting__T_cross_timing-today_ma_input_field-raw_rsi_exit-level_rsi_smoothing-wilder_same_bar_reentry-allowed_warmup-ready_check: cached
[2926/4097] BANK2_OM-B_netting__T_cross_timing-today_ma_input_field-adjusted_rsi_exit-level_rsi_smoothing-simple_same_bar_reentry-allowed_warmup-ready_per_rule: ok fills=468 (61.8s)
[2927/4097] BANK2_OM-B_netting__T_cross_timing-today_ma_input_field-raw_rsi_exit-level_rsi_smoothing-wilder_same_bar_reentry-wait_bar_warmup-strict: cached
[2928/4097] BANK2_OM-B_netting__T_cross_timing-today_ma_input_field-raw_rsi_exit-level_rsi_smoothing-wilder_same_bar_reentry-wait_bar_warmup-ready_check: cached
[2929/4097] BANK2_OM-B_netting__T_cross_timing-today_ma_input_field-adjusted_rsi_exit-cross_rsi_smoothing-wilder_same_bar_reentry-allowed_warmup-ready_per_rule: ok fills=434 (60.1s)
[2930/4097] BANK2_OM-B_netting__T_cross_timing-today_ma_input_field-raw_rsi_exit-level_rsi_smoothing-simple_same_bar_reentry-allowed_warmup-strict: cached
[2931/4097] BANK2_OM-B_netting__T_cross_timing-today_ma_input_field-raw_rsi_exit-level_rsi_smoothing-simple_same_bar_reentry-allowed_warmup-ready_check: cached
[2932/4097] BANK2_OM-B_netting__T_cross_timing-today_ma_input_field-adjusted_rsi_exit-level_rsi_smoothing-simple_same_bar_reentry-wait_bar_warmup-ready_per_rule: ok fills=468 (62.0s)
[2933/4097] BANK2_OM-B_netting__T_cross_timing-today_ma_input_field-raw_rsi_exit-level_rsi_smoothing-simple_same_bar_reentry-wait_bar_warmup-strict: cached
[2934/4097] BANK2_OM-B_netting__T_cross_timing-today_ma_input_field-raw_rsi_exit-level_rsi_smoothing-simple_same_bar_reentry-wait_bar_warmup-ready_check: cached
[2935/4097] BANK2_OM-B_netting__T_cross_timing-today_ma_input_field-adjusted_rsi_exit-cross_rsi_smoothing-simple_same_bar_reentry-allowed_warmup-ready_per_rule: ok fills=443 (61.4s)
[2936/4097] BANK2_OM-B_netting__T_cross_timing-today_ma_input_field-raw_rsi_exit-cross_rsi_smoothing-wilder_same_bar_reentry-allowed_warmup-strict: cached
[2937/4097] BANK2_OM-B_netting__T_cross_timing-today_ma_input_field-raw_rsi_exit-cross_rsi_smoothing-wilder_same_bar_reentry-allowed_warmup-ready_check: cached
[2938/4097] BANK2_OM-B_netting__T_cross_timing-today_ma_input_field-adjusted_rsi_exit-cross_rsi_smoothing-simple_same_bar_reentry-wait_bar_warmup-ready_per_rule: ok fills=443 (62.2s)
[2939/4097] BANK2_OM-B_netting__T_cross_timing-today_ma_input_field-raw_rsi_exit-cross_rsi_smoothing-wilder_same_bar_reentry-wait_bar_warmup-strict: cached
[2940/4097] BANK2_OM-B_netting__T_cross_timing-today_ma_input_field-raw_rsi_exit-cross_rsi_smoothing-wilder_same_bar_reentry-wait_bar_warmup-ready_check: cached
[2941/4097] BANK2_OM-B_netting__T_cross_timing-today_ma_input_field-adjusted_rsi_exit-cross_rsi_smoothing-wilder_same_bar_reentry-wait_bar_warmup-ready_per_rule: ok fills=434 (66.6s)
[2942/4097] BANK2_OM-B_netting__T_cross_timing-today_ma_input_field-raw_rsi_exit-cross_rsi_smoothing-simple_same_bar_reentry-allowed_warmup-strict: cached
[2943/4097] BANK2_OM-B_netting__T_cross_timing-today_ma_input_field-raw_rsi_exit-cross_rsi_smoothing-simple_same_bar_reentry-allowed_warmup-ready_check: cached
[2944/4097] BANK2_OM-B_netting__T_cross_timing-today_ma_input_field-raw_rsi_exit-level_rsi_smoothing-wilder_same_bar_reentry-allowed_warmup-ready_per_rule: ok fills=450 (59.6s)
[2945/4097] BANK2_OM-B_netting__T_cross_timing-today_ma_input_field-raw_rsi_exit-cross_rsi_smoothing-simple_same_bar_reentry-wait_bar_warmup-strict: cached
[2946/4097] BANK2_OM-B_netting__T_cross_timing-today_ma_input_field-raw_rsi_exit-cross_rsi_smoothing-simple_same_bar_reentry-wait_bar_warmup-ready_check: cached
[2947/4097] BANK2_OM-B_netting__T_cross_timing-today_ma_input_field-raw_rsi_exit-level_rsi_smoothing-wilder_same_bar_reentry-wait_bar_warmup-ready_per_rule: ok fills=450 (59.4s)
[2948/4097] BANK2_OM-B_netting__OAT_a_exec-set_holdings: cached
[2949/4097] BANK2_OM-B_netting__T_cross_timing-today_ma_input_field-raw_rsi_exit-level_rsi_smoothing-simple_same_bar_reentry-allowed_warmup-ready_per_rule: ok fills=489 (58.7s)
[2950/4097] BANK2_OM-B_buys_first__ref: cached
[2951/4097] BANK2_OM-B_buys_first__T_cross_timing-both_days_input_field-adjusted_rsi_exit-level_rsi_smoothing-wilder_same_bar_reentry-allowed_warmup-ready_check: cached
[2952/4097] BANK2_OM-B_netting__T_cross_timing-today_ma_input_field-raw_rsi_exit-level_rsi_smoothing-simple_same_bar_reentry-wait_bar_warmup-ready_per_rule: ok fills=489 (57.7s)
[2953/4097] BANK2_OM-B_buys_first__T_cross_timing-both_days_input_field-adjusted_rsi_exit-level_rsi_smoothing-wilder_same_bar_reentry-wait_bar_warmup-strict: cached
[2954/4097] BANK2_OM-B_buys_first__T_cross_timing-both_days_input_field-adjusted_rsi_exit-level_rsi_smoothing-wilder_same_bar_reentry-wait_bar_warmup-ready_check: cached
[2955/4097] BANK2_OM-B_netting__T_cross_timing-today_ma_input_field-raw_rsi_exit-cross_rsi_smoothing-wilder_same_bar_reentry-allowed_warmup-ready_per_rule: ok fills=442 (61.9s)
[2956/4097] BANK2_OM-B_buys_first__T_cross_timing-both_days_input_field-adjusted_rsi_exit-level_rsi_smoothing-simple_same_bar_reentry-allowed_warmup-strict: cached
[2957/4097] BANK2_OM-B_buys_first__T_cross_timing-both_days_input_field-adjusted_rsi_exit-level_rsi_smoothing-simple_same_bar_reentry-allowed_warmup-ready_check: cached
[2958/4097] BANK2_OM-B_netting__T_cross_timing-today_ma_input_field-raw_rsi_exit-cross_rsi_smoothing-wilder_same_bar_reentry-wait_bar_warmup-ready_per_rule: ok fills=442 (65.7s)
[2959/4097] BANK2_OM-B_buys_first__T_cross_timing-both_days_input_field-adjusted_rsi_exit-level_rsi_smoothing-simple_same_bar_reentry-wait_bar_warmup-strict: cached
[2960/4097] BANK2_OM-B_buys_first__T_cross_timing-both_days_input_field-adjusted_rsi_exit-level_rsi_smoothing-simple_same_bar_reentry-wait_bar_warmup-ready_check: cached
[2961/4097] BANK2_OM-B_netting__T_cross_timing-today_ma_input_field-raw_rsi_exit-cross_rsi_smoothing-simple_same_bar_reentry-allowed_warmup-ready_per_rule: ok fills=465 (65.6s)
[2962/4097] BANK2_OM-B_buys_first__T_cross_timing-both_days_input_field-adjusted_rsi_exit-cross_rsi_smoothing-wilder_same_bar_reentry-allowed_warmup-strict: cached
[2963/4097] BANK2_OM-B_buys_first__T_cross_timing-both_days_input_field-adjusted_rsi_exit-cross_rsi_smoothing-wilder_same_bar_reentry-allowed_warmup-ready_check: cached
[2964/4097] BANK2_OM-B_netting__T_cross_timing-today_ma_input_field-raw_rsi_exit-cross_rsi_smoothing-simple_same_bar_reentry-wait_bar_warmup-ready_per_rule: ok fills=465 (59.4s)
[2965/4097] BANK2_OM-B_buys_first__T_cross_timing-both_days_input_field-adjusted_rsi_exit-cross_rsi_smoothing-wilder_same_bar_reentry-wait_bar_warmup-strict: cached
[2966/4097] BANK2_OM-B_buys_first__T_cross_timing-both_days_input_field-adjusted_rsi_exit-cross_rsi_smoothing-wilder_same_bar_reentry-wait_bar_warmup-ready_check: cached
[2967/4097] BANK2_OM-B_buys_first__T_cross_timing-both_days_input_field-adjusted_rsi_exit-level_rsi_smoothing-wilder_same_bar_reentry-allowed_warmup-ready_per_rule: ok fills=266 (56.8s)
[2968/4097] BANK2_OM-B_buys_first__T_cross_timing-both_days_input_field-adjusted_rsi_exit-cross_rsi_smoothing-simple_same_bar_reentry-allowed_warmup-strict: cached
[2969/4097] BANK2_OM-B_buys_first__T_cross_timing-both_days_input_field-adjusted_rsi_exit-cross_rsi_smoothing-simple_same_bar_reentry-allowed_warmup-ready_check: cached
[2970/4097] BANK2_OM-B_netting__SPOT_all_excluded_off: ok fills=448 (57.6s)
[2971/4097] BANK2_OM-B_buys_first__T_cross_timing-both_days_input_field-adjusted_rsi_exit-cross_rsi_smoothing-simple_same_bar_reentry-wait_bar_warmup-strict: cached
[2972/4097] BANK2_OM-B_buys_first__T_cross_timing-both_days_input_field-adjusted_rsi_exit-cross_rsi_smoothing-simple_same_bar_reentry-wait_bar_warmup-ready_check: cached
[2973/4097] BANK2_OM-B_buys_first__T_cross_timing-both_days_input_field-adjusted_rsi_exit-level_rsi_smoothing-wilder_same_bar_reentry-wait_bar_warmup-ready_per_rule: ok fills=266 (56.9s)
[2974/4097] BANK2_OM-B_buys_first__T_cross_timing-both_days_input_field-raw_rsi_exit-level_rsi_smoothing-wilder_same_bar_reentry-allowed_warmup-strict: cached
[2975/4097] BANK2_OM-B_buys_first__T_cross_timing-both_days_input_field-raw_rsi_exit-level_rsi_smoothing-wilder_same_bar_reentry-allowed_warmup-ready_check: cached
[2976/4097] BANK2_OM-B_buys_first__T_cross_timing-both_days_input_field-adjusted_rsi_exit-level_rsi_smoothing-simple_same_bar_reentry-allowed_warmup-ready_per_rule: ok fills=304 (62.8s)
[2977/4097] BANK2_OM-B_buys_first__T_cross_timing-both_days_input_field-raw_rsi_exit-level_rsi_smoothing-wilder_same_bar_reentry-wait_bar_warmup-strict: cached
[2978/4097] BANK2_OM-B_buys_first__T_cross_timing-both_days_input_field-raw_rsi_exit-level_rsi_smoothing-wilder_same_bar_reentry-wait_bar_warmup-ready_check: cached
[2979/4097] BANK2_OM-B_buys_first__T_cross_timing-both_days_input_field-adjusted_rsi_exit-cross_rsi_smoothing-wilder_same_bar_reentry-allowed_warmup-ready_per_rule: ok fills=250 (63.1s)
[2980/4097] BANK2_OM-B_buys_first__T_cross_timing-both_days_input_field-raw_rsi_exit-level_rsi_smoothing-simple_same_bar_reentry-allowed_warmup-strict: cached
[2981/4097] BANK2_OM-B_buys_first__T_cross_timing-both_days_input_field-raw_rsi_exit-level_rsi_smoothing-simple_same_bar_reentry-allowed_warmup-ready_check: cached
[2982/4097] BANK2_OM-B_buys_first__T_cross_timing-both_days_input_field-adjusted_rsi_exit-level_rsi_smoothing-simple_same_bar_reentry-wait_bar_warmup-ready_per_rule: ok fills=304 (63.3s)
[2983/4097] BANK2_OM-B_buys_first__T_cross_timing-both_days_input_field-raw_rsi_exit-level_rsi_smoothing-simple_same_bar_reentry-wait_bar_warmup-strict: cached
[2984/4097] BANK2_OM-B_buys_first__T_cross_timing-both_days_input_field-raw_rsi_exit-level_rsi_smoothing-simple_same_bar_reentry-wait_bar_warmup-ready_check: cached
[2985/4097] BANK2_OM-B_buys_first__T_cross_timing-both_days_input_field-adjusted_rsi_exit-cross_rsi_smoothing-wilder_same_bar_reentry-wait_bar_warmup-ready_per_rule: ok fills=250 (62.8s)
[2986/4097] BANK2_OM-B_buys_first__T_cross_timing-both_days_input_field-raw_rsi_exit-cross_rsi_smoothing-wilder_same_bar_reentry-allowed_warmup-strict: cached
[2987/4097] BANK2_OM-B_buys_first__T_cross_timing-both_days_input_field-raw_rsi_exit-cross_rsi_smoothing-wilder_same_bar_reentry-allowed_warmup-ready_check: cached
[2988/4097] BANK2_OM-B_buys_first__T_cross_timing-both_days_input_field-adjusted_rsi_exit-cross_rsi_smoothing-simple_same_bar_reentry-allowed_warmup-ready_per_rule: ok fills=268 (58.4s)
[2989/4097] BANK2_OM-B_buys_first__T_cross_timing-both_days_input_field-raw_rsi_exit-cross_rsi_smoothing-wilder_same_bar_reentry-wait_bar_warmup-strict: cached
[2990/4097] BANK2_OM-B_buys_first__T_cross_timing-both_days_input_field-raw_rsi_exit-cross_rsi_smoothing-wilder_same_bar_reentry-wait_bar_warmup-ready_check: cached
[2991/4097] BANK2_OM-B_buys_first__T_cross_timing-both_days_input_field-adjusted_rsi_exit-cross_rsi_smoothing-simple_same_bar_reentry-wait_bar_warmup-ready_per_rule: ok fills=268 (61.6s)
[2992/4097] BANK2_OM-B_buys_first__T_cross_timing-both_days_input_field-raw_rsi_exit-cross_rsi_smoothing-simple_same_bar_reentry-allowed_warmup-strict: cached
[2993/4097] BANK2_OM-B_buys_first__T_cross_timing-both_days_input_field-raw_rsi_exit-cross_rsi_smoothing-simple_same_bar_reentry-allowed_warmup-ready_check: cached
[2994/4097] BANK2_OM-B_buys_first__T_cross_timing-both_days_input_field-raw_rsi_exit-level_rsi_smoothing-wilder_same_bar_reentry-allowed_warmup-ready_per_rule: ok fills=278 (63.9s)
[2995/4097] BANK2_OM-B_buys_first__T_cross_timing-both_days_input_field-raw_rsi_exit-cross_rsi_smoothing-simple_same_bar_reentry-wait_bar_warmup-strict: cached
[2996/4097] BANK2_OM-B_buys_first__T_cross_timing-both_days_input_field-raw_rsi_exit-cross_rsi_smoothing-simple_same_bar_reentry-wait_bar_warmup-ready_check: cached
[2997/4097] BANK2_OM-B_buys_first__T_cross_timing-both_days_input_field-raw_rsi_exit-level_rsi_smoothing-wilder_same_bar_reentry-wait_bar_warmup-ready_per_rule: ok fills=278 (56.9s)
[2998/4097] BANK2_OM-B_buys_first__T_cross_timing-today_ma_input_field-adjusted_rsi_exit-level_rsi_smoothing-wilder_same_bar_reentry-allowed_warmup-strict: cached
[2999/4097] BANK2_OM-B_buys_first__T_cross_timing-today_ma_input_field-adjusted_rsi_exit-level_rsi_smoothing-wilder_same_bar_reentry-allowed_warmup-ready_check: cached
[3000/4097] BANK2_OM-B_buys_first__T_cross_timing-both_days_input_field-raw_rsi_exit-level_rsi_smoothing-simple_same_bar_reentry-wait_bar_warmup-ready_per_rule: ok fills=322 (58.7s)
[3001/4097] BANK2_OM-B_buys_first__T_cross_timing-today_ma_input_field-adjusted_rsi_exit-level_rsi_smoothing-wilder_same_bar_reentry-wait_bar_warmup-strict: cached
[3002/4097] BANK2_OM-B_buys_first__T_cross_timing-today_ma_input_field-adjusted_rsi_exit-level_rsi_smoothing-wilder_same_bar_reentry-wait_bar_warmup-ready_check: cached
[3003/4097] BANK2_OM-B_buys_first__T_cross_timing-both_days_input_field-raw_rsi_exit-level_rsi_smoothing-simple_same_bar_reentry-allowed_warmup-ready_per_rule: ok fills=322 (69.2s)
[3004/4097] BANK2_OM-B_buys_first__T_cross_timing-today_ma_input_field-adjusted_rsi_exit-level_rsi_smoothing-simple_same_bar_reentry-allowed_warmup-strict: cached
[3005/4097] BANK2_OM-B_buys_first__T_cross_timing-today_ma_input_field-adjusted_rsi_exit-level_rsi_smoothing-simple_same_bar_reentry-allowed_warmup-ready_check: cached
[3006/4097] BANK2_OM-B_buys_first__T_cross_timing-today_ma_input_field-adjusted_rsi_exit-level_rsi_smoothing-wilder_same_bar_reentry-wait_bar_warmup-ready_per_rule: exit=1 fills=None (11.1s)
[3007/4097] BANK2_OM-B_buys_first__T_cross_timing-today_ma_input_field-adjusted_rsi_exit-level_rsi_smoothing-simple_same_bar_reentry-wait_bar_warmup-strict: cached
[3008/4097] BANK2_OM-B_buys_first__T_cross_timing-today_ma_input_field-adjusted_rsi_exit-level_rsi_smoothing-simple_same_bar_reentry-wait_bar_warmup-ready_check: cached
[3009/4097] BANK2_OM-B_buys_first__T_cross_timing-both_days_input_field-raw_rsi_exit-cross_rsi_smoothing-wilder_same_bar_reentry-allowed_warmup-ready_per_rule: ok fills=264 (62.7s)
[3010/4097] BANK2_OM-B_buys_first__T_cross_timing-today_ma_input_field-adjusted_rsi_exit-cross_rsi_smoothing-wilder_same_bar_reentry-allowed_warmup-strict: cached
[3011/4097] BANK2_OM-B_buys_first__T_cross_timing-today_ma_input_field-adjusted_rsi_exit-cross_rsi_smoothing-wilder_same_bar_reentry-allowed_warmup-ready_check: cached
[3012/4097] BANK2_OM-B_buys_first__T_cross_timing-both_days_input_field-raw_rsi_exit-cross_rsi_smoothing-wilder_same_bar_reentry-wait_bar_warmup-ready_per_rule: ok fills=264 (65.5s)
[3013/4097] BANK2_OM-B_buys_first__T_cross_timing-today_ma_input_field-adjusted_rsi_exit-cross_rsi_smoothing-wilder_same_bar_reentry-wait_bar_warmup-strict: cached
[3014/4097] BANK2_OM-B_buys_first__T_cross_timing-today_ma_input_field-adjusted_rsi_exit-cross_rsi_smoothing-wilder_same_bar_reentry-wait_bar_warmup-ready_check: cached
[3015/4097] BANK2_OM-B_buys_first__T_cross_timing-both_days_input_field-raw_rsi_exit-cross_rsi_smoothing-simple_same_bar_reentry-allowed_warmup-ready_per_rule: ok fills=288 (64.2s)
[3016/4097] BANK2_OM-B_buys_first__T_cross_timing-today_ma_input_field-adjusted_rsi_exit-cross_rsi_smoothing-simple_same_bar_reentry-allowed_warmup-strict: cached
[3017/4097] BANK2_OM-B_buys_first__T_cross_timing-today_ma_input_field-adjusted_rsi_exit-cross_rsi_smoothing-simple_same_bar_reentry-allowed_warmup-ready_check: cached
[3018/4097] BANK2_OM-B_buys_first__T_cross_timing-both_days_input_field-raw_rsi_exit-cross_rsi_smoothing-simple_same_bar_reentry-wait_bar_warmup-ready_per_rule: ok fills=288 (61.5s)
[3019/4097] BANK2_OM-B_buys_first__T_cross_timing-today_ma_input_field-adjusted_rsi_exit-cross_rsi_smoothing-simple_same_bar_reentry-wait_bar_warmup-strict: cached
[3020/4097] BANK2_OM-B_buys_first__T_cross_timing-today_ma_input_field-adjusted_rsi_exit-cross_rsi_smoothing-simple_same_bar_reentry-wait_bar_warmup-ready_check: cached
[3021/4097] BANK2_OM-B_private__T_cross_timing-today_ma_input_field-raw_rsi_exit-level_rsi_smoothing-wilder_same_bar_reentry-allowed_warmup-ready_per_rule: timeout fills=None (905.4s)
[3022/4097] BANK2_OM-B_buys_first__T_cross_timing-today_ma_input_field-raw_rsi_exit-level_rsi_smoothing-wilder_same_bar_reentry-allowed_warmup-strict: cached
[3023/4097] BANK2_OM-B_buys_first__T_cross_timing-today_ma_input_field-raw_rsi_exit-level_rsi_smoothing-wilder_same_bar_reentry-allowed_warmup-ready_check: cached
[3024/4097] BANK2_OM-B_buys_first__T_cross_timing-today_ma_input_field-adjusted_rsi_exit-level_rsi_smoothing-wilder_same_bar_reentry-allowed_warmup-ready_per_rule: ok fills=262 (59.8s)
[3025/4097] BANK2_OM-B_buys_first__T_cross_timing-today_ma_input_field-raw_rsi_exit-level_rsi_smoothing-wilder_same_bar_reentry-wait_bar_warmup-strict: cached
[3026/4097] BANK2_OM-B_buys_first__T_cross_timing-today_ma_input_field-raw_rsi_exit-level_rsi_smoothing-wilder_same_bar_reentry-wait_bar_warmup-ready_check: cached
[3027/4097] BANK2_OM-B_buys_first__T_cross_timing-today_ma_input_field-adjusted_rsi_exit-level_rsi_smoothing-simple_same_bar_reentry-wait_bar_warmup-ready_per_rule: ok fills=300 (62.9s)
[3028/4097] BANK2_OM-B_buys_first__T_cross_timing-today_ma_input_field-raw_rsi_exit-level_rsi_smoothing-simple_same_bar_reentry-allowed_warmup-strict: cached
[3029/4097] BANK2_OM-B_buys_first__T_cross_timing-today_ma_input_field-raw_rsi_exit-level_rsi_smoothing-simple_same_bar_reentry-allowed_warmup-ready_check: cached
[3030/4097] BANK2_OM-B_buys_first__T_cross_timing-today_ma_input_field-adjusted_rsi_exit-cross_rsi_smoothing-wilder_same_bar_reentry-allowed_warmup-ready_per_rule: ok fills=246 (63.4s)
[3031/4097] BANK2_OM-B_buys_first__T_cross_timing-today_ma_input_field-raw_rsi_exit-level_rsi_smoothing-simple_same_bar_reentry-wait_bar_warmup-strict: cached
[3032/4097] BANK2_OM-B_buys_first__T_cross_timing-today_ma_input_field-raw_rsi_exit-level_rsi_smoothing-simple_same_bar_reentry-wait_bar_warmup-ready_check: cached
[3033/4097] BANK2_OM-B_buys_first__T_cross_timing-today_ma_input_field-adjusted_rsi_exit-level_rsi_smoothing-simple_same_bar_reentry-allowed_warmup-ready_per_rule: ok fills=300 (65.3s)
[3034/4097] BANK2_OM-B_buys_first__T_cross_timing-today_ma_input_field-raw_rsi_exit-cross_rsi_smoothing-wilder_same_bar_reentry-allowed_warmup-strict: cached
[3035/4097] BANK2_OM-B_buys_first__T_cross_timing-today_ma_input_field-raw_rsi_exit-cross_rsi_smoothing-wilder_same_bar_reentry-allowed_warmup-ready_check: cached
[3036/4097] BANK2_OM-B_buys_first__T_cross_timing-today_ma_input_field-adjusted_rsi_exit-cross_rsi_smoothing-wilder_same_bar_reentry-wait_bar_warmup-ready_per_rule: ok fills=246 (61.1s)
[3037/4097] BANK2_OM-B_buys_first__T_cross_timing-today_ma_input_field-raw_rsi_exit-cross_rsi_smoothing-wilder_same_bar_reentry-wait_bar_warmup-strict: cached
[3038/4097] BANK2_OM-B_buys_first__T_cross_timing-today_ma_input_field-raw_rsi_exit-cross_rsi_smoothing-wilder_same_bar_reentry-wait_bar_warmup-ready_check: cached
[3039/4097] BANK2_OM-B_buys_first__T_cross_timing-today_ma_input_field-adjusted_rsi_exit-cross_rsi_smoothing-simple_same_bar_reentry-wait_bar_warmup-ready_per_rule: ok fills=264 (67.6s)
[3040/4097] BANK2_OM-B_buys_first__T_cross_timing-today_ma_input_field-raw_rsi_exit-cross_rsi_smoothing-simple_same_bar_reentry-allowed_warmup-strict: cached
[3041/4097] BANK2_OM-B_buys_first__T_cross_timing-today_ma_input_field-raw_rsi_exit-cross_rsi_smoothing-simple_same_bar_reentry-allowed_warmup-ready_check: cached
[3042/4097] BANK2_OM-B_buys_first__T_cross_timing-today_ma_input_field-raw_rsi_exit-cross_rsi_smoothing-wilder_same_bar_reentry-wait_bar_warmup-ready_per_rule: exit=1 fills=None (9.4s)
[3043/4097] BANK2_OM-B_buys_first__T_cross_timing-today_ma_input_field-raw_rsi_exit-cross_rsi_smoothing-simple_same_bar_reentry-wait_bar_warmup-strict: cached
[3044/4097] BANK2_OM-B_buys_first__T_cross_timing-today_ma_input_field-raw_rsi_exit-cross_rsi_smoothing-simple_same_bar_reentry-wait_bar_warmup-ready_check: cached
[3045/4097] BANK2_OM-B_buys_first__T_cross_timing-today_ma_input_field-adjusted_rsi_exit-cross_rsi_smoothing-simple_same_bar_reentry-allowed_warmup-ready_per_rule: ok fills=264 (68.5s)
[3046/4097] BANK2_OM-B_buys_first__OAT_a_exec-set_holdings: cached
[3047/4097] BANK2_OM-B_buys_first__T_cross_timing-today_ma_input_field-raw_rsi_exit-level_rsi_smoothing-wilder_same_bar_reentry-allowed_warmup-ready_per_rule: ok fills=276 (59.1s)
[3048/4097] BANK2_OM-C_parallel__ref: cached
[3049/4097] BANK2_OM-C_parallel__T_cross_timing-both_days_input_field-adjusted_rsi_exit-level_rsi_smoothing-wilder_same_bar_reentry-allowed_warmup-ready_check: cached
[3050/4097] BANK2_OM-B_buys_first__T_cross_timing-today_ma_input_field-raw_rsi_exit-level_rsi_smoothing-wilder_same_bar_reentry-wait_bar_warmup-ready_per_rule: ok fills=276 (58.9s)
[3051/4097] BANK2_OM-C_parallel__T_cross_timing-both_days_input_field-adjusted_rsi_exit-level_rsi_smoothing-wilder_same_bar_reentry-wait_bar_warmup-strict: cached
[3052/4097] BANK2_OM-C_parallel__T_cross_timing-both_days_input_field-adjusted_rsi_exit-level_rsi_smoothing-wilder_same_bar_reentry-wait_bar_warmup-ready_check: cached
[3053/4097] BANK2_OM-B_buys_first__T_cross_timing-today_ma_input_field-raw_rsi_exit-cross_rsi_smoothing-wilder_same_bar_reentry-allowed_warmup-ready_per_rule: ok fills=262 (64.4s)
[3054/4097] BANK2_OM-C_parallel__T_cross_timing-both_days_input_field-adjusted_rsi_exit-level_rsi_smoothing-simple_same_bar_reentry-allowed_warmup-strict: cached
[3055/4097] BANK2_OM-C_parallel__T_cross_timing-both_days_input_field-adjusted_rsi_exit-level_rsi_smoothing-simple_same_bar_reentry-allowed_warmup-ready_check: cached
[3056/4097] BANK2_OM-B_buys_first__T_cross_timing-today_ma_input_field-raw_rsi_exit-level_rsi_smoothing-simple_same_bar_reentry-allowed_warmup-ready_per_rule: ok fills=320 (66.6s)
[3057/4097] BANK2_OM-C_parallel__T_cross_timing-both_days_input_field-adjusted_rsi_exit-level_rsi_smoothing-simple_same_bar_reentry-wait_bar_warmup-strict: cached
[3058/4097] BANK2_OM-C_parallel__T_cross_timing-both_days_input_field-adjusted_rsi_exit-level_rsi_smoothing-simple_same_bar_reentry-wait_bar_warmup-ready_check: cached
[3059/4097] BANK2_OM-B_buys_first__T_cross_timing-today_ma_input_field-raw_rsi_exit-level_rsi_smoothing-simple_same_bar_reentry-wait_bar_warmup-ready_per_rule: ok fills=320 (69.3s)
[3060/4097] BANK2_OM-C_parallel__T_cross_timing-both_days_input_field-adjusted_rsi_exit-cross_rsi_smoothing-wilder_same_bar_reentry-allowed_warmup-strict: cached
[3061/4097] BANK2_OM-C_parallel__T_cross_timing-both_days_input_field-adjusted_rsi_exit-cross_rsi_smoothing-wilder_same_bar_reentry-allowed_warmup-ready_check: cached
[3062/4097] BANK2_OM-B_buys_first__T_cross_timing-today_ma_input_field-raw_rsi_exit-cross_rsi_smoothing-simple_same_bar_reentry-wait_bar_warmup-ready_per_rule: ok fills=286 (66.9s)
[3063/4097] BANK2_OM-C_parallel__T_cross_timing-both_days_input_field-adjusted_rsi_exit-cross_rsi_smoothing-wilder_same_bar_reentry-wait_bar_warmup-strict: cached
[3064/4097] BANK2_OM-C_parallel__T_cross_timing-both_days_input_field-adjusted_rsi_exit-cross_rsi_smoothing-wilder_same_bar_reentry-wait_bar_warmup-ready_check: cached
[3065/4097] BANK2_OM-B_buys_first__T_cross_timing-today_ma_input_field-raw_rsi_exit-cross_rsi_smoothing-simple_same_bar_reentry-allowed_warmup-ready_per_rule: ok fills=286 (67.4s)
[3066/4097] BANK2_OM-C_parallel__T_cross_timing-both_days_input_field-adjusted_rsi_exit-cross_rsi_smoothing-simple_same_bar_reentry-allowed_warmup-strict: cached
[3067/4097] BANK2_OM-C_parallel__T_cross_timing-both_days_input_field-adjusted_rsi_exit-cross_rsi_smoothing-simple_same_bar_reentry-allowed_warmup-ready_check: cached
[3068/4097] BANK2_OM-B_buys_first__SPOT_all_excluded_off: ok fills=266 (67.0s)
[3069/4097] BANK2_OM-C_parallel__T_cross_timing-both_days_input_field-adjusted_rsi_exit-cross_rsi_smoothing-simple_same_bar_reentry-wait_bar_warmup-strict: cached
[3070/4097] BANK2_OM-C_parallel__T_cross_timing-both_days_input_field-adjusted_rsi_exit-cross_rsi_smoothing-simple_same_bar_reentry-wait_bar_warmup-ready_check: cached
[3071/4097] BANK2_OM-C_parallel__T_cross_timing-both_days_input_field-adjusted_rsi_exit-level_rsi_smoothing-wilder_same_bar_reentry-allowed_warmup-ready_per_rule: ok fills=270 (64.0s)
[3072/4097] BANK2_OM-C_parallel__T_cross_timing-both_days_input_field-raw_rsi_exit-level_rsi_smoothing-wilder_same_bar_reentry-allowed_warmup-strict: cached
[3073/4097] BANK2_OM-C_parallel__T_cross_timing-both_days_input_field-raw_rsi_exit-level_rsi_smoothing-wilder_same_bar_reentry-allowed_warmup-ready_check: cached
[3074/4097] BANK2_OM-C_parallel__T_cross_timing-both_days_input_field-adjusted_rsi_exit-level_rsi_smoothing-wilder_same_bar_reentry-wait_bar_warmup-ready_per_rule: ok fills=266 (73.4s)
[3075/4097] BANK2_OM-C_parallel__T_cross_timing-both_days_input_field-raw_rsi_exit-level_rsi_smoothing-wilder_same_bar_reentry-wait_bar_warmup-strict: cached
[3076/4097] BANK2_OM-C_parallel__T_cross_timing-both_days_input_field-raw_rsi_exit-level_rsi_smoothing-wilder_same_bar_reentry-wait_bar_warmup-ready_check: cached
[3077/4097] BANK2_OM-C_parallel__T_cross_timing-both_days_input_field-adjusted_rsi_exit-level_rsi_smoothing-simple_same_bar_reentry-allowed_warmup-ready_per_rule: ok fills=318 (57.7s)
[3078/4097] BANK2_OM-C_parallel__T_cross_timing-both_days_input_field-raw_rsi_exit-level_rsi_smoothing-simple_same_bar_reentry-allowed_warmup-strict: cached
[3079/4097] BANK2_OM-C_parallel__T_cross_timing-both_days_input_field-raw_rsi_exit-level_rsi_smoothing-simple_same_bar_reentry-allowed_warmup-ready_check: cached
[3080/4097] BANK2_OM-C_parallel__T_cross_timing-both_days_input_field-adjusted_rsi_exit-level_rsi_smoothing-simple_same_bar_reentry-wait_bar_warmup-ready_per_rule: ok fills=304 (66.1s)
[3081/4097] BANK2_OM-C_parallel__T_cross_timing-both_days_input_field-raw_rsi_exit-level_rsi_smoothing-simple_same_bar_reentry-wait_bar_warmup-strict: cached
[3082/4097] BANK2_OM-C_parallel__T_cross_timing-both_days_input_field-raw_rsi_exit-level_rsi_smoothing-simple_same_bar_reentry-wait_bar_warmup-ready_check: cached
[3083/4097] BANK2_OM-C_parallel__T_cross_timing-both_days_input_field-adjusted_rsi_exit-cross_rsi_smoothing-wilder_same_bar_reentry-allowed_warmup-ready_per_rule: ok fills=250 (63.4s)
[3084/4097] BANK2_OM-C_parallel__T_cross_timing-both_days_input_field-raw_rsi_exit-cross_rsi_smoothing-wilder_same_bar_reentry-allowed_warmup-strict: cached
[3085/4097] BANK2_OM-C_parallel__T_cross_timing-both_days_input_field-raw_rsi_exit-cross_rsi_smoothing-wilder_same_bar_reentry-allowed_warmup-ready_check: cached
[3086/4097] BANK2_OM-C_parallel__T_cross_timing-both_days_input_field-adjusted_rsi_exit-cross_rsi_smoothing-simple_same_bar_reentry-allowed_warmup-ready_per_rule: ok fills=268 (67.2s)
[3087/4097] BANK2_OM-C_parallel__T_cross_timing-both_days_input_field-raw_rsi_exit-cross_rsi_smoothing-wilder_same_bar_reentry-wait_bar_warmup-strict: cached
[3088/4097] BANK2_OM-C_parallel__T_cross_timing-both_days_input_field-raw_rsi_exit-cross_rsi_smoothing-wilder_same_bar_reentry-wait_bar_warmup-ready_check: cached
[3089/4097] BANK2_OM-C_parallel__T_cross_timing-both_days_input_field-raw_rsi_exit-level_rsi_smoothing-wilder_same_bar_reentry-allowed_warmup-ready_per_rule: ok fills=280 (73.1s)
[3090/4097] BANK2_OM-C_parallel__T_cross_timing-both_days_input_field-raw_rsi_exit-cross_rsi_smoothing-simple_same_bar_reentry-allowed_warmup-strict: cached
[3091/4097] BANK2_OM-C_parallel__T_cross_timing-both_days_input_field-raw_rsi_exit-cross_rsi_smoothing-simple_same_bar_reentry-allowed_warmup-ready_check: cached
[3092/4097] BANK2_OM-C_parallel__T_cross_timing-both_days_input_field-adjusted_rsi_exit-cross_rsi_smoothing-wilder_same_bar_reentry-wait_bar_warmup-ready_per_rule: ok fills=250 (73.9s)
[3093/4097] BANK2_OM-C_parallel__T_cross_timing-both_days_input_field-raw_rsi_exit-cross_rsi_smoothing-simple_same_bar_reentry-wait_bar_warmup-strict: cached
[3094/4097] BANK2_OM-C_parallel__T_cross_timing-both_days_input_field-raw_rsi_exit-cross_rsi_smoothing-simple_same_bar_reentry-wait_bar_warmup-ready_check: cached
[3095/4097] BANK2_OM-C_parallel__T_cross_timing-both_days_input_field-adjusted_rsi_exit-cross_rsi_smoothing-simple_same_bar_reentry-wait_bar_warmup-ready_per_rule: ok fills=268 (74.0s)
[3096/4097] BANK2_OM-C_parallel__T_cross_timing-today_ma_input_field-adjusted_rsi_exit-level_rsi_smoothing-wilder_same_bar_reentry-allowed_warmup-strict: cached
[3097/4097] BANK2_OM-C_parallel__T_cross_timing-today_ma_input_field-adjusted_rsi_exit-level_rsi_smoothing-wilder_same_bar_reentry-allowed_warmup-ready_check: cached
[3098/4097] BANK2_OM-C_parallel__T_cross_timing-both_days_input_field-raw_rsi_exit-level_rsi_smoothing-wilder_same_bar_reentry-wait_bar_warmup-ready_per_rule: ok fills=278 (66.5s)
[3099/4097] BANK2_OM-C_parallel__T_cross_timing-today_ma_input_field-adjusted_rsi_exit-level_rsi_smoothing-wilder_same_bar_reentry-wait_bar_warmup-strict: cached
[3100/4097] BANK2_OM-C_parallel__T_cross_timing-today_ma_input_field-adjusted_rsi_exit-level_rsi_smoothing-wilder_same_bar_reentry-wait_bar_warmup-ready_check: cached
[3101/4097] BANK2_OM-C_parallel__T_cross_timing-both_days_input_field-raw_rsi_exit-cross_rsi_smoothing-simple_same_bar_reentry-wait_bar_warmup-ready_per_rule: exit=1 fills=None (12.7s)
[3102/4097] BANK2_OM-C_parallel__T_cross_timing-today_ma_input_field-adjusted_rsi_exit-level_rsi_smoothing-simple_same_bar_reentry-allowed_warmup-strict: cached
[3103/4097] BANK2_OM-C_parallel__T_cross_timing-today_ma_input_field-adjusted_rsi_exit-level_rsi_smoothing-simple_same_bar_reentry-allowed_warmup-ready_check: cached
[3104/4097] BANK2_OM-C_parallel__T_cross_timing-both_days_input_field-raw_rsi_exit-level_rsi_smoothing-simple_same_bar_reentry-allowed_warmup-ready_per_rule: ok fills=336 (63.9s)
[3105/4097] BANK2_OM-C_parallel__T_cross_timing-today_ma_input_field-adjusted_rsi_exit-level_rsi_smoothing-simple_same_bar_reentry-wait_bar_warmup-strict: cached
[3106/4097] BANK2_OM-C_parallel__T_cross_timing-today_ma_input_field-adjusted_rsi_exit-level_rsi_smoothing-simple_same_bar_reentry-wait_bar_warmup-ready_check: cached
[3107/4097] BANK2_OM-C_parallel__T_cross_timing-both_days_input_field-raw_rsi_exit-level_rsi_smoothing-simple_same_bar_reentry-wait_bar_warmup-ready_per_rule: ok fills=322 (69.7s)
[3108/4097] BANK2_OM-C_parallel__T_cross_timing-today_ma_input_field-adjusted_rsi_exit-cross_rsi_smoothing-wilder_same_bar_reentry-allowed_warmup-strict: cached
[3109/4097] BANK2_OM-C_parallel__T_cross_timing-today_ma_input_field-adjusted_rsi_exit-cross_rsi_smoothing-wilder_same_bar_reentry-allowed_warmup-ready_check: cached
[3110/4097] BANK2_OM-C_parallel__T_cross_timing-both_days_input_field-raw_rsi_exit-cross_rsi_smoothing-wilder_same_bar_reentry-allowed_warmup-ready_per_rule: ok fills=264 (69.1s)
[3111/4097] BANK2_OM-C_parallel__T_cross_timing-today_ma_input_field-adjusted_rsi_exit-cross_rsi_smoothing-wilder_same_bar_reentry-wait_bar_warmup-strict: cached
[3112/4097] BANK2_OM-C_parallel__T_cross_timing-today_ma_input_field-adjusted_rsi_exit-cross_rsi_smoothing-wilder_same_bar_reentry-wait_bar_warmup-ready_check: cached
[3113/4097] BANK2_OM-C_parallel__T_cross_timing-both_days_input_field-raw_rsi_exit-cross_rsi_smoothing-wilder_same_bar_reentry-wait_bar_warmup-ready_per_rule: ok fills=264 (61.9s)
[3114/4097] BANK2_OM-C_parallel__T_cross_timing-today_ma_input_field-adjusted_rsi_exit-cross_rsi_smoothing-simple_same_bar_reentry-allowed_warmup-strict: cached
[3115/4097] BANK2_OM-C_parallel__T_cross_timing-today_ma_input_field-adjusted_rsi_exit-cross_rsi_smoothing-simple_same_bar_reentry-allowed_warmup-ready_check: cached
[3116/4097] BANK2_OM-C_parallel__T_cross_timing-today_ma_input_field-adjusted_rsi_exit-level_rsi_smoothing-wilder_same_bar_reentry-allowed_warmup-ready_per_rule: ok fills=266 (66.9s)
[3117/4097] BANK2_OM-C_parallel__T_cross_timing-today_ma_input_field-adjusted_rsi_exit-cross_rsi_smoothing-simple_same_bar_reentry-wait_bar_warmup-strict: cached
[3118/4097] BANK2_OM-C_parallel__T_cross_timing-today_ma_input_field-adjusted_rsi_exit-cross_rsi_smoothing-simple_same_bar_reentry-wait_bar_warmup-ready_check: cached
[3119/4097] BANK2_OM-C_parallel__T_cross_timing-both_days_input_field-raw_rsi_exit-cross_rsi_smoothing-simple_same_bar_reentry-allowed_warmup-ready_per_rule: ok fills=288 (69.6s)
[3120/4097] BANK2_OM-C_parallel__T_cross_timing-today_ma_input_field-raw_rsi_exit-level_rsi_smoothing-wilder_same_bar_reentry-allowed_warmup-strict: cached
[3121/4097] BANK2_OM-C_parallel__T_cross_timing-today_ma_input_field-raw_rsi_exit-level_rsi_smoothing-wilder_same_bar_reentry-allowed_warmup-ready_check: cached
[3122/4097] BANK2_OM-C_parallel__T_cross_timing-today_ma_input_field-adjusted_rsi_exit-level_rsi_smoothing-wilder_same_bar_reentry-wait_bar_warmup-ready_per_rule: ok fills=262 (65.5s)
[3123/4097] BANK2_OM-C_parallel__T_cross_timing-today_ma_input_field-raw_rsi_exit-level_rsi_smoothing-wilder_same_bar_reentry-wait_bar_warmup-strict: cached
[3124/4097] BANK2_OM-C_parallel__T_cross_timing-today_ma_input_field-raw_rsi_exit-level_rsi_smoothing-wilder_same_bar_reentry-wait_bar_warmup-ready_check: cached
[3125/4097] BANK2_OM-C_parallel__T_cross_timing-today_ma_input_field-adjusted_rsi_exit-level_rsi_smoothing-simple_same_bar_reentry-allowed_warmup-ready_per_rule: ok fills=314 (65.1s)
[3126/4097] BANK2_OM-C_parallel__T_cross_timing-today_ma_input_field-raw_rsi_exit-level_rsi_smoothing-simple_same_bar_reentry-allowed_warmup-strict: cached
[3127/4097] BANK2_OM-C_parallel__T_cross_timing-today_ma_input_field-raw_rsi_exit-level_rsi_smoothing-simple_same_bar_reentry-allowed_warmup-ready_check: cached
[3128/4097] BANK2_OM-C_parallel__T_cross_timing-today_ma_input_field-adjusted_rsi_exit-cross_rsi_smoothing-simple_same_bar_reentry-wait_bar_warmup-ready_per_rule: exit=1 fills=None (10.6s)
[3129/4097] BANK2_OM-C_parallel__T_cross_timing-today_ma_input_field-raw_rsi_exit-level_rsi_smoothing-simple_same_bar_reentry-wait_bar_warmup-strict: cached
[3130/4097] BANK2_OM-C_parallel__T_cross_timing-today_ma_input_field-raw_rsi_exit-level_rsi_smoothing-simple_same_bar_reentry-wait_bar_warmup-ready_check: cached
[3131/4097] BANK2_OM-C_parallel__T_cross_timing-today_ma_input_field-adjusted_rsi_exit-level_rsi_smoothing-simple_same_bar_reentry-wait_bar_warmup-ready_per_rule: ok fills=300 (65.4s)
[3132/4097] BANK2_OM-C_parallel__T_cross_timing-today_ma_input_field-raw_rsi_exit-cross_rsi_smoothing-wilder_same_bar_reentry-allowed_warmup-strict: cached
[3133/4097] BANK2_OM-C_parallel__T_cross_timing-today_ma_input_field-raw_rsi_exit-cross_rsi_smoothing-wilder_same_bar_reentry-allowed_warmup-ready_check: cached
[3134/4097] BANK2_OM-C_parallel__T_cross_timing-today_ma_input_field-raw_rsi_exit-level_rsi_smoothing-wilder_same_bar_reentry-wait_bar_warmup-ready_per_rule: exit=1 fills=None (10.6s)
[3135/4097] BANK2_OM-C_parallel__T_cross_timing-today_ma_input_field-raw_rsi_exit-cross_rsi_smoothing-wilder_same_bar_reentry-wait_bar_warmup-strict: cached
[3136/4097] BANK2_OM-C_parallel__T_cross_timing-today_ma_input_field-raw_rsi_exit-cross_rsi_smoothing-wilder_same_bar_reentry-wait_bar_warmup-ready_check: cached
[3137/4097] BANK2_OM-C_parallel__T_cross_timing-today_ma_input_field-adjusted_rsi_exit-cross_rsi_smoothing-wilder_same_bar_reentry-allowed_warmup-ready_per_rule: ok fills=246 (64.9s)
[3138/4097] BANK2_OM-C_parallel__T_cross_timing-today_ma_input_field-raw_rsi_exit-cross_rsi_smoothing-simple_same_bar_reentry-allowed_warmup-strict: cached
[3139/4097] BANK2_OM-C_parallel__T_cross_timing-today_ma_input_field-raw_rsi_exit-cross_rsi_smoothing-simple_same_bar_reentry-allowed_warmup-ready_check: cached
[3140/4097] BANK2_OM-C_parallel__T_cross_timing-today_ma_input_field-raw_rsi_exit-cross_rsi_smoothing-wilder_same_bar_reentry-allowed_warmup-ready_per_rule: exit=1 fills=None (14.5s)
[3141/4097] BANK2_OM-C_parallel__T_cross_timing-today_ma_input_field-raw_rsi_exit-cross_rsi_smoothing-simple_same_bar_reentry-wait_bar_warmup-strict: cached
[3142/4097] BANK2_OM-C_parallel__T_cross_timing-today_ma_input_field-raw_rsi_exit-cross_rsi_smoothing-simple_same_bar_reentry-wait_bar_warmup-ready_check: cached
[3143/4097] BANK2_OM-C_parallel__T_cross_timing-today_ma_input_field-adjusted_rsi_exit-cross_rsi_smoothing-wilder_same_bar_reentry-wait_bar_warmup-ready_per_rule: ok fills=246 (66.4s)
[3144/4097] BANK2_OM-C_parallel__OAT_a_exec-set_holdings: cached
[3145/4097] BANK2_OM-C_parallel__SPOT_all_excluded_off: exit=1 fills=None (14.1s)
[3146/4097] BANK2_OM-C_parallel__T_cross_timing-today_ma_input_field-adjusted_rsi_exit-cross_rsi_smoothing-simple_same_bar_reentry-allowed_warmup-ready_per_rule: ok fills=264 (62.8s)
[3147/4097] BANK2_OM-C_race__ref: cached
[3148/4097] BANK2_OM-C_race__T_cross_timing-both_days_input_field-adjusted_rsi_exit-level_rsi_smoothing-wilder_same_bar_reentry-allowed_warmup-ready_check: cached
[3149/4097] BANK2_OM-C_race__T_cross_timing-both_days_input_field-adjusted_rsi_exit-level_rsi_smoothing-wilder_same_bar_reentry-wait_bar_warmup-strict: cached
[3150/4097] BANK2_OM-C_race__T_cross_timing-both_days_input_field-adjusted_rsi_exit-level_rsi_smoothing-wilder_same_bar_reentry-wait_bar_warmup-ready_check: cached
[3151/4097] BANK2_OM-C_parallel__T_cross_timing-today_ma_input_field-raw_rsi_exit-level_rsi_smoothing-wilder_same_bar_reentry-allowed_warmup-ready_per_rule: ok fills=278 (64.3s)
[3152/4097] BANK2_OM-C_race__T_cross_timing-both_days_input_field-adjusted_rsi_exit-level_rsi_smoothing-simple_same_bar_reentry-allowed_warmup-strict: cached
[3153/4097] BANK2_OM-C_race__T_cross_timing-both_days_input_field-adjusted_rsi_exit-level_rsi_smoothing-simple_same_bar_reentry-allowed_warmup-ready_check: cached
[3154/4097] BANK2_OM-C_parallel__T_cross_timing-today_ma_input_field-raw_rsi_exit-level_rsi_smoothing-simple_same_bar_reentry-wait_bar_warmup-ready_per_rule: ok fills=320 (63.6s)
[3155/4097] BANK2_OM-C_race__T_cross_timing-both_days_input_field-adjusted_rsi_exit-level_rsi_smoothing-simple_same_bar_reentry-wait_bar_warmup-strict: cached
[3156/4097] BANK2_OM-C_race__T_cross_timing-both_days_input_field-adjusted_rsi_exit-level_rsi_smoothing-simple_same_bar_reentry-wait_bar_warmup-ready_check: cached
[3157/4097] BANK2_OM-C_parallel__T_cross_timing-today_ma_input_field-raw_rsi_exit-level_rsi_smoothing-simple_same_bar_reentry-allowed_warmup-ready_per_rule: ok fills=334 (64.8s)
[3158/4097] BANK2_OM-C_race__T_cross_timing-both_days_input_field-adjusted_rsi_exit-cross_rsi_smoothing-wilder_same_bar_reentry-allowed_warmup-strict: cached
[3159/4097] BANK2_OM-C_race__T_cross_timing-both_days_input_field-adjusted_rsi_exit-cross_rsi_smoothing-wilder_same_bar_reentry-allowed_warmup-ready_check: cached
[3160/4097] BANK2_OM-C_parallel__T_cross_timing-today_ma_input_field-raw_rsi_exit-cross_rsi_smoothing-wilder_same_bar_reentry-wait_bar_warmup-ready_per_rule: ok fills=262 (62.3s)
[3161/4097] BANK2_OM-C_race__T_cross_timing-both_days_input_field-adjusted_rsi_exit-cross_rsi_smoothing-wilder_same_bar_reentry-wait_bar_warmup-strict: cached
[3162/4097] BANK2_OM-C_race__T_cross_timing-both_days_input_field-adjusted_rsi_exit-cross_rsi_smoothing-wilder_same_bar_reentry-wait_bar_warmup-ready_check: cached
[3163/4097] BANK2_OM-C_race__T_cross_timing-both_days_input_field-adjusted_rsi_exit-level_rsi_smoothing-simple_same_bar_reentry-wait_bar_warmup-ready_per_rule: exit=1 fills=None (9.3s)
[3164/4097] BANK2_OM-C_race__T_cross_timing-both_days_input_field-adjusted_rsi_exit-cross_rsi_smoothing-simple_same_bar_reentry-allowed_warmup-strict: cached
[3165/4097] BANK2_OM-C_race__T_cross_timing-both_days_input_field-adjusted_rsi_exit-cross_rsi_smoothing-simple_same_bar_reentry-allowed_warmup-ready_check: cached
[3166/4097] BANK2_OM-C_parallel__T_cross_timing-today_ma_input_field-raw_rsi_exit-cross_rsi_smoothing-simple_same_bar_reentry-allowed_warmup-ready_per_rule: ok fills=286 (61.7s)
[3167/4097] BANK2_OM-C_race__T_cross_timing-both_days_input_field-adjusted_rsi_exit-cross_rsi_smoothing-simple_same_bar_reentry-wait_bar_warmup-strict: cached
[3168/4097] BANK2_OM-C_race__T_cross_timing-both_days_input_field-adjusted_rsi_exit-cross_rsi_smoothing-simple_same_bar_reentry-wait_bar_warmup-ready_check: cached
[3169/4097] BANK2_OM-C_parallel__T_cross_timing-today_ma_input_field-raw_rsi_exit-cross_rsi_smoothing-simple_same_bar_reentry-wait_bar_warmup-ready_per_rule: ok fills=286 (63.8s)
[3170/4097] BANK2_OM-C_race__T_cross_timing-both_days_input_field-raw_rsi_exit-level_rsi_smoothing-wilder_same_bar_reentry-allowed_warmup-strict: cached
[3171/4097] BANK2_OM-C_race__T_cross_timing-both_days_input_field-raw_rsi_exit-level_rsi_smoothing-wilder_same_bar_reentry-allowed_warmup-ready_check: cached
[3172/4097] BANK2_OM-C_race__T_cross_timing-both_days_input_field-adjusted_rsi_exit-level_rsi_smoothing-wilder_same_bar_reentry-allowed_warmup-ready_per_rule: ok fills=131 (58.4s)
[3173/4097] BANK2_OM-C_race__T_cross_timing-both_days_input_field-raw_rsi_exit-level_rsi_smoothing-wilder_same_bar_reentry-wait_bar_warmup-strict: cached
[3174/4097] BANK2_OM-C_race__T_cross_timing-both_days_input_field-raw_rsi_exit-level_rsi_smoothing-wilder_same_bar_reentry-wait_bar_warmup-ready_check: cached
[3175/4097] BANK2_OM-C_race__T_cross_timing-both_days_input_field-adjusted_rsi_exit-level_rsi_smoothing-wilder_same_bar_reentry-wait_bar_warmup-ready_per_rule: ok fills=145 (59.0s)
[3176/4097] BANK2_OM-C_race__T_cross_timing-both_days_input_field-raw_rsi_exit-level_rsi_smoothing-simple_same_bar_reentry-allowed_warmup-strict: cached
[3177/4097] BANK2_OM-C_race__T_cross_timing-both_days_input_field-raw_rsi_exit-level_rsi_smoothing-simple_same_bar_reentry-allowed_warmup-ready_check: cached
[3178/4097] BANK2_OM-C_race__T_cross_timing-both_days_input_field-adjusted_rsi_exit-level_rsi_smoothing-simple_same_bar_reentry-allowed_warmup-ready_per_rule: ok fills=177 (58.2s)
[3179/4097] BANK2_OM-C_race__T_cross_timing-both_days_input_field-raw_rsi_exit-level_rsi_smoothing-simple_same_bar_reentry-wait_bar_warmup-strict: cached
[3180/4097] BANK2_OM-C_race__T_cross_timing-both_days_input_field-raw_rsi_exit-level_rsi_smoothing-simple_same_bar_reentry-wait_bar_warmup-ready_check: cached
[3181/4097] BANK2_OM-C_race__T_cross_timing-both_days_input_field-adjusted_rsi_exit-cross_rsi_smoothing-wilder_same_bar_reentry-allowed_warmup-ready_per_rule: ok fills=135 (61.0s)
[3182/4097] BANK2_OM-C_race__T_cross_timing-both_days_input_field-raw_rsi_exit-cross_rsi_smoothing-wilder_same_bar_reentry-allowed_warmup-strict: cached
[3183/4097] BANK2_OM-C_race__T_cross_timing-both_days_input_field-raw_rsi_exit-cross_rsi_smoothing-wilder_same_bar_reentry-allowed_warmup-ready_check: cached
[3184/4097] BANK2_OM-C_race__T_cross_timing-both_days_input_field-adjusted_rsi_exit-cross_rsi_smoothing-wilder_same_bar_reentry-wait_bar_warmup-ready_per_rule: ok fills=135 (62.4s)
[3185/4097] BANK2_OM-C_race__T_cross_timing-both_days_input_field-raw_rsi_exit-cross_rsi_smoothing-wilder_same_bar_reentry-wait_bar_warmup-strict: cached
[3186/4097] BANK2_OM-C_race__T_cross_timing-both_days_input_field-raw_rsi_exit-cross_rsi_smoothing-wilder_same_bar_reentry-wait_bar_warmup-ready_check: cached
[3187/4097] BANK2_OM-C_race__T_cross_timing-both_days_input_field-adjusted_rsi_exit-cross_rsi_smoothing-simple_same_bar_reentry-allowed_warmup-ready_per_rule: ok fills=173 (63.9s)
[3188/4097] BANK2_OM-C_race__T_cross_timing-both_days_input_field-raw_rsi_exit-cross_rsi_smoothing-simple_same_bar_reentry-allowed_warmup-strict: cached
[3189/4097] BANK2_OM-C_race__T_cross_timing-both_days_input_field-raw_rsi_exit-cross_rsi_smoothing-simple_same_bar_reentry-allowed_warmup-ready_check: cached
[3190/4097] BANK2_OM-C_race__T_cross_timing-both_days_input_field-adjusted_rsi_exit-cross_rsi_smoothing-simple_same_bar_reentry-wait_bar_warmup-ready_per_rule: ok fills=167 (63.5s)
[3191/4097] BANK2_OM-C_race__T_cross_timing-both_days_input_field-raw_rsi_exit-cross_rsi_smoothing-simple_same_bar_reentry-wait_bar_warmup-strict: cached
[3192/4097] BANK2_OM-C_race__T_cross_timing-both_days_input_field-raw_rsi_exit-cross_rsi_smoothing-simple_same_bar_reentry-wait_bar_warmup-ready_check: cached
[3193/4097] BANK2_OM-C_race__T_cross_timing-both_days_input_field-raw_rsi_exit-cross_rsi_smoothing-simple_same_bar_reentry-allowed_warmup-ready_per_rule: exit=1 fills=None (13.0s)
[3194/4097] BANK2_OM-C_race__T_cross_timing-today_ma_input_field-adjusted_rsi_exit-level_rsi_smoothing-wilder_same_bar_reentry-allowed_warmup-strict: cached
[3195/4097] BANK2_OM-C_race__T_cross_timing-today_ma_input_field-adjusted_rsi_exit-level_rsi_smoothing-wilder_same_bar_reentry-allowed_warmup-ready_check: cached
[3196/4097] BANK2_OM-C_race__T_cross_timing-both_days_input_field-raw_rsi_exit-level_rsi_smoothing-wilder_same_bar_reentry-allowed_warmup-ready_per_rule: ok fills=155 (63.3s)
[3197/4097] BANK2_OM-C_race__T_cross_timing-today_ma_input_field-adjusted_rsi_exit-level_rsi_smoothing-wilder_same_bar_reentry-wait_bar_warmup-strict: cached
[3198/4097] BANK2_OM-C_race__T_cross_timing-today_ma_input_field-adjusted_rsi_exit-level_rsi_smoothing-wilder_same_bar_reentry-wait_bar_warmup-ready_check: cached
[3199/4097] BANK2_OM-C_race__T_cross_timing-both_days_input_field-raw_rsi_exit-level_rsi_smoothing-wilder_same_bar_reentry-wait_bar_warmup-ready_per_rule: ok fills=135 (66.9s)
[3200/4097] BANK2_OM-C_race__T_cross_timing-today_ma_input_field-adjusted_rsi_exit-level_rsi_smoothing-simple_same_bar_reentry-allowed_warmup-strict: cached
[3201/4097] BANK2_OM-C_race__T_cross_timing-today_ma_input_field-adjusted_rsi_exit-level_rsi_smoothing-simple_same_bar_reentry-allowed_warmup-ready_check: cached
[3202/4097] BANK2_OM-C_race__T_cross_timing-both_days_input_field-raw_rsi_exit-level_rsi_smoothing-simple_same_bar_reentry-allowed_warmup-ready_per_rule: ok fills=193 (68.1s)
[3203/4097] BANK2_OM-C_race__T_cross_timing-today_ma_input_field-adjusted_rsi_exit-level_rsi_smoothing-simple_same_bar_reentry-wait_bar_warmup-strict: cached
[3204/4097] BANK2_OM-C_race__T_cross_timing-today_ma_input_field-adjusted_rsi_exit-level_rsi_smoothing-simple_same_bar_reentry-wait_bar_warmup-ready_check: cached
[3205/4097] BANK2_OM-C_race__T_cross_timing-both_days_input_field-raw_rsi_exit-level_rsi_smoothing-simple_same_bar_reentry-wait_bar_warmup-ready_per_rule: ok fills=175 (72.9s)
[3206/4097] BANK2_OM-C_race__T_cross_timing-today_ma_input_field-adjusted_rsi_exit-cross_rsi_smoothing-wilder_same_bar_reentry-allowed_warmup-strict: cached
[3207/4097] BANK2_OM-C_race__T_cross_timing-today_ma_input_field-adjusted_rsi_exit-cross_rsi_smoothing-wilder_same_bar_reentry-allowed_warmup-ready_check: cached
[3208/4097] BANK2_OM-C_race__T_cross_timing-both_days_input_field-raw_rsi_exit-cross_rsi_smoothing-wilder_same_bar_reentry-allowed_warmup-ready_per_rule: ok fills=149 (66.0s)
[3209/4097] BANK2_OM-C_race__T_cross_timing-today_ma_input_field-adjusted_rsi_exit-cross_rsi_smoothing-wilder_same_bar_reentry-wait_bar_warmup-strict: cached
[3210/4097] BANK2_OM-C_race__T_cross_timing-today_ma_input_field-adjusted_rsi_exit-cross_rsi_smoothing-wilder_same_bar_reentry-wait_bar_warmup-ready_check: cached
[3211/4097] BANK2_OM-C_race__T_cross_timing-both_days_input_field-raw_rsi_exit-cross_rsi_smoothing-wilder_same_bar_reentry-wait_bar_warmup-ready_per_rule: ok fills=129 (64.1s)
[3212/4097] BANK2_OM-C_race__T_cross_timing-today_ma_input_field-adjusted_rsi_exit-cross_rsi_smoothing-simple_same_bar_reentry-allowed_warmup-strict: cached
[3213/4097] BANK2_OM-C_race__T_cross_timing-today_ma_input_field-adjusted_rsi_exit-cross_rsi_smoothing-simple_same_bar_reentry-allowed_warmup-ready_check: cached
[3214/4097] BANK2_OM-C_race__T_cross_timing-today_ma_input_field-adjusted_rsi_exit-level_rsi_smoothing-wilder_same_bar_reentry-wait_bar_warmup-ready_per_rule: ok fills=157 (68.6s)
[3215/4097] BANK2_OM-C_race__T_cross_timing-today_ma_input_field-adjusted_rsi_exit-cross_rsi_smoothing-simple_same_bar_reentry-wait_bar_warmup-strict: cached
[3216/4097] BANK2_OM-C_race__T_cross_timing-today_ma_input_field-adjusted_rsi_exit-cross_rsi_smoothing-simple_same_bar_reentry-wait_bar_warmup-ready_check: cached
[3217/4097] BANK2_OM-C_race__T_cross_timing-both_days_input_field-raw_rsi_exit-cross_rsi_smoothing-simple_same_bar_reentry-wait_bar_warmup-ready_per_rule: ok fills=157 (72.2s)
[3218/4097] BANK2_OM-C_race__T_cross_timing-today_ma_input_field-raw_rsi_exit-level_rsi_smoothing-wilder_same_bar_reentry-allowed_warmup-strict: cached
[3219/4097] BANK2_OM-C_race__T_cross_timing-today_ma_input_field-raw_rsi_exit-level_rsi_smoothing-wilder_same_bar_reentry-allowed_warmup-ready_check: cached
[3220/4097] BANK2_OM-C_race__T_cross_timing-today_ma_input_field-adjusted_rsi_exit-level_rsi_smoothing-wilder_same_bar_reentry-allowed_warmup-ready_per_rule: ok fills=141 (73.3s)
[3221/4097] BANK2_OM-C_race__T_cross_timing-today_ma_input_field-raw_rsi_exit-level_rsi_smoothing-wilder_same_bar_reentry-wait_bar_warmup-strict: cached
[3222/4097] BANK2_OM-C_race__T_cross_timing-today_ma_input_field-raw_rsi_exit-level_rsi_smoothing-wilder_same_bar_reentry-wait_bar_warmup-ready_check: cached
[3223/4097] BANK2_OM-C_race__T_cross_timing-today_ma_input_field-adjusted_rsi_exit-level_rsi_smoothing-simple_same_bar_reentry-wait_bar_warmup-ready_per_rule: ok fills=203 (64.6s)
[3224/4097] BANK2_OM-C_race__T_cross_timing-today_ma_input_field-raw_rsi_exit-level_rsi_smoothing-simple_same_bar_reentry-allowed_warmup-strict: cached
[3225/4097] BANK2_OM-C_race__T_cross_timing-today_ma_input_field-raw_rsi_exit-level_rsi_smoothing-simple_same_bar_reentry-allowed_warmup-ready_check: cached
[3226/4097] BANK2_OM-C_race__T_cross_timing-today_ma_input_field-adjusted_rsi_exit-cross_rsi_smoothing-simple_same_bar_reentry-wait_bar_warmup-ready_per_rule: exit=1 fills=None (11.8s)
[3227/4097] BANK2_OM-C_race__T_cross_timing-today_ma_input_field-raw_rsi_exit-level_rsi_smoothing-simple_same_bar_reentry-wait_bar_warmup-strict: cached
[3228/4097] BANK2_OM-C_race__T_cross_timing-today_ma_input_field-raw_rsi_exit-level_rsi_smoothing-simple_same_bar_reentry-wait_bar_warmup-ready_check: cached
[3229/4097] BANK2_OM-C_race__T_cross_timing-today_ma_input_field-adjusted_rsi_exit-level_rsi_smoothing-simple_same_bar_reentry-allowed_warmup-ready_per_rule: ok fills=189 (66.9s)
[3230/4097] BANK2_OM-C_race__T_cross_timing-today_ma_input_field-raw_rsi_exit-cross_rsi_smoothing-wilder_same_bar_reentry-allowed_warmup-strict: cached
[3231/4097] BANK2_OM-C_race__T_cross_timing-today_ma_input_field-raw_rsi_exit-cross_rsi_smoothing-wilder_same_bar_reentry-allowed_warmup-ready_check: cached
[3232/4097] BANK2_OM-C_race__T_cross_timing-today_ma_input_field-adjusted_rsi_exit-cross_rsi_smoothing-wilder_same_bar_reentry-allowed_warmup-ready_per_rule: ok fills=135 (63.9s)
[3233/4097] BANK2_OM-C_race__T_cross_timing-today_ma_input_field-raw_rsi_exit-cross_rsi_smoothing-wilder_same_bar_reentry-wait_bar_warmup-strict: cached
[3234/4097] BANK2_OM-C_race__T_cross_timing-today_ma_input_field-raw_rsi_exit-cross_rsi_smoothing-wilder_same_bar_reentry-wait_bar_warmup-ready_check: cached
[3235/4097] BANK2_OM-C_race__T_cross_timing-today_ma_input_field-adjusted_rsi_exit-cross_rsi_smoothing-wilder_same_bar_reentry-wait_bar_warmup-ready_per_rule: ok fills=141 (65.4s)
[3236/4097] BANK2_OM-C_race__T_cross_timing-today_ma_input_field-raw_rsi_exit-cross_rsi_smoothing-simple_same_bar_reentry-allowed_warmup-strict: cached
[3237/4097] BANK2_OM-C_race__T_cross_timing-today_ma_input_field-raw_rsi_exit-cross_rsi_smoothing-simple_same_bar_reentry-allowed_warmup-ready_check: cached
[3238/4097] BANK2_OM-C_race__T_cross_timing-today_ma_input_field-adjusted_rsi_exit-cross_rsi_smoothing-simple_same_bar_reentry-allowed_warmup-ready_per_rule: ok fills=183 (61.3s)
[3239/4097] BANK2_OM-C_race__T_cross_timing-today_ma_input_field-raw_rsi_exit-cross_rsi_smoothing-simple_same_bar_reentry-wait_bar_warmup-strict: cached
[3240/4097] BANK2_OM-C_race__T_cross_timing-today_ma_input_field-raw_rsi_exit-cross_rsi_smoothing-simple_same_bar_reentry-wait_bar_warmup-ready_check: cached
[3241/4097] BANK2_OM-C_race__T_cross_timing-today_ma_input_field-raw_rsi_exit-level_rsi_smoothing-wilder_same_bar_reentry-allowed_warmup-ready_per_rule: ok fills=155 (63.7s)
[3242/4097] BANK2_OM-C_race__OAT_a_exec-set_holdings: cached
[3243/4097] BANK2_OM-C_race__T_cross_timing-today_ma_input_field-raw_rsi_exit-level_rsi_smoothing-wilder_same_bar_reentry-wait_bar_warmup-ready_per_rule: ok fills=135 (63.3s)
[3244/4097] BANK2_OM-C_sequence__ref: cached
[3245/4097] BANK2_OM-C_sequence__T_cross_timing-both_days_input_field-adjusted_rsi_exit-level_rsi_smoothing-wilder_same_bar_reentry-allowed_warmup-ready_check: cached
[3246/4097] BANK2_OM-C_race__T_cross_timing-today_ma_input_field-raw_rsi_exit-level_rsi_smoothing-simple_same_bar_reentry-allowed_warmup-ready_per_rule: ok fills=191 (67.8s)
[3247/4097] BANK2_OM-C_sequence__T_cross_timing-both_days_input_field-adjusted_rsi_exit-level_rsi_smoothing-wilder_same_bar_reentry-wait_bar_warmup-strict: cached
[3248/4097] BANK2_OM-C_sequence__T_cross_timing-both_days_input_field-adjusted_rsi_exit-level_rsi_smoothing-wilder_same_bar_reentry-wait_bar_warmup-ready_check: cached
[3249/4097] BANK2_OM-C_race__T_cross_timing-today_ma_input_field-raw_rsi_exit-level_rsi_smoothing-simple_same_bar_reentry-wait_bar_warmup-ready_per_rule: ok fills=173 (75.3s)
[3250/4097] BANK2_OM-C_sequence__T_cross_timing-both_days_input_field-adjusted_rsi_exit-level_rsi_smoothing-simple_same_bar_reentry-allowed_warmup-strict: cached
[3251/4097] BANK2_OM-C_sequence__T_cross_timing-both_days_input_field-adjusted_rsi_exit-level_rsi_smoothing-simple_same_bar_reentry-allowed_warmup-ready_check: cached
[3252/4097] BANK2_OM-C_race__T_cross_timing-today_ma_input_field-raw_rsi_exit-cross_rsi_smoothing-wilder_same_bar_reentry-allowed_warmup-ready_per_rule: ok fills=149 (76.2s)
[3253/4097] BANK2_OM-C_sequence__T_cross_timing-both_days_input_field-adjusted_rsi_exit-level_rsi_smoothing-simple_same_bar_reentry-wait_bar_warmup-strict: cached
[3254/4097] BANK2_OM-C_sequence__T_cross_timing-both_days_input_field-adjusted_rsi_exit-level_rsi_smoothing-simple_same_bar_reentry-wait_bar_warmup-ready_check: cached
[3255/4097] BANK2_OM-C_race__T_cross_timing-today_ma_input_field-raw_rsi_exit-cross_rsi_smoothing-wilder_same_bar_reentry-wait_bar_warmup-ready_per_rule: ok fills=129 (78.4s)
[3256/4097] BANK2_OM-C_sequence__T_cross_timing-both_days_input_field-adjusted_rsi_exit-cross_rsi_smoothing-wilder_same_bar_reentry-allowed_warmup-strict: cached
[3257/4097] BANK2_OM-C_sequence__T_cross_timing-both_days_input_field-adjusted_rsi_exit-cross_rsi_smoothing-wilder_same_bar_reentry-allowed_warmup-ready_check: cached
[3258/4097] BANK2_OM-C_race__T_cross_timing-today_ma_input_field-raw_rsi_exit-cross_rsi_smoothing-simple_same_bar_reentry-allowed_warmup-ready_per_rule: ok fills=177 (75.4s)
[3259/4097] BANK2_OM-C_sequence__T_cross_timing-both_days_input_field-adjusted_rsi_exit-cross_rsi_smoothing-wilder_same_bar_reentry-wait_bar_warmup-strict: cached
[3260/4097] BANK2_OM-C_sequence__T_cross_timing-both_days_input_field-adjusted_rsi_exit-cross_rsi_smoothing-wilder_same_bar_reentry-wait_bar_warmup-ready_check: cached
[3261/4097] BANK2_OM-C_race__T_cross_timing-today_ma_input_field-raw_rsi_exit-cross_rsi_smoothing-simple_same_bar_reentry-wait_bar_warmup-ready_per_rule: ok fills=155 (83.4s)
[3262/4097] BANK2_OM-C_sequence__T_cross_timing-both_days_input_field-adjusted_rsi_exit-cross_rsi_smoothing-simple_same_bar_reentry-allowed_warmup-strict: cached
[3263/4097] BANK2_OM-C_sequence__T_cross_timing-both_days_input_field-adjusted_rsi_exit-cross_rsi_smoothing-simple_same_bar_reentry-allowed_warmup-ready_check: cached
[3264/4097] BANK2_OM-C_sequence__T_cross_timing-both_days_input_field-adjusted_rsi_exit-level_rsi_smoothing-wilder_same_bar_reentry-allowed_warmup-ready_per_rule: ok fills=95 (72.4s)
[3265/4097] BANK2_OM-C_sequence__T_cross_timing-both_days_input_field-adjusted_rsi_exit-cross_rsi_smoothing-simple_same_bar_reentry-wait_bar_warmup-strict: cached
[3266/4097] BANK2_OM-C_sequence__T_cross_timing-both_days_input_field-adjusted_rsi_exit-cross_rsi_smoothing-simple_same_bar_reentry-wait_bar_warmup-ready_check: cached
[3267/4097] BANK2_OM-C_race__SPOT_all_excluded_off: ok fills=131 (73.6s)
[3268/4097] BANK2_OM-C_sequence__T_cross_timing-both_days_input_field-raw_rsi_exit-level_rsi_smoothing-wilder_same_bar_reentry-allowed_warmup-strict: cached
[3269/4097] BANK2_OM-C_sequence__T_cross_timing-both_days_input_field-raw_rsi_exit-level_rsi_smoothing-wilder_same_bar_reentry-allowed_warmup-ready_check: cached
[3270/4097] BANK2_OM-C_sequence__T_cross_timing-both_days_input_field-adjusted_rsi_exit-level_rsi_smoothing-wilder_same_bar_reentry-wait_bar_warmup-ready_per_rule: ok fills=91 (76.6s)
[3271/4097] BANK2_OM-C_sequence__T_cross_timing-both_days_input_field-raw_rsi_exit-level_rsi_smoothing-wilder_same_bar_reentry-wait_bar_warmup-strict: cached
[3272/4097] BANK2_OM-C_sequence__T_cross_timing-both_days_input_field-raw_rsi_exit-level_rsi_smoothing-wilder_same_bar_reentry-wait_bar_warmup-ready_check: cached
[3273/4097] BANK2_OM-C_sequence__T_cross_timing-both_days_input_field-adjusted_rsi_exit-level_rsi_smoothing-simple_same_bar_reentry-allowed_warmup-ready_per_rule: ok fills=98 (70.2s)
[3274/4097] BANK2_OM-C_sequence__T_cross_timing-both_days_input_field-raw_rsi_exit-level_rsi_smoothing-simple_same_bar_reentry-allowed_warmup-strict: cached
[3275/4097] BANK2_OM-C_sequence__T_cross_timing-both_days_input_field-raw_rsi_exit-level_rsi_smoothing-simple_same_bar_reentry-allowed_warmup-ready_check: cached
[3276/4097] BANK2_OM-C_sequence__T_cross_timing-both_days_input_field-adjusted_rsi_exit-level_rsi_smoothing-simple_same_bar_reentry-wait_bar_warmup-ready_per_rule: ok fills=94 (71.1s)
[3277/4097] BANK2_OM-C_sequence__T_cross_timing-both_days_input_field-raw_rsi_exit-level_rsi_smoothing-simple_same_bar_reentry-wait_bar_warmup-strict: cached
[3278/4097] BANK2_OM-C_sequence__T_cross_timing-both_days_input_field-raw_rsi_exit-level_rsi_smoothing-simple_same_bar_reentry-wait_bar_warmup-ready_check: cached
[3279/4097] BANK2_OM-C_sequence__T_cross_timing-both_days_input_field-adjusted_rsi_exit-cross_rsi_smoothing-wilder_same_bar_reentry-allowed_warmup-ready_per_rule: ok fills=95 (73.7s)
[3280/4097] BANK2_OM-C_sequence__T_cross_timing-both_days_input_field-raw_rsi_exit-cross_rsi_smoothing-wilder_same_bar_reentry-allowed_warmup-strict: cached
[3281/4097] BANK2_OM-C_sequence__T_cross_timing-both_days_input_field-raw_rsi_exit-cross_rsi_smoothing-wilder_same_bar_reentry-allowed_warmup-ready_check: cached
[3282/4097] BANK2_OM-C_sequence__T_cross_timing-both_days_input_field-adjusted_rsi_exit-cross_rsi_smoothing-wilder_same_bar_reentry-wait_bar_warmup-ready_per_rule: ok fills=91 (72.2s)
[3283/4097] BANK2_OM-C_sequence__T_cross_timing-both_days_input_field-raw_rsi_exit-cross_rsi_smoothing-wilder_same_bar_reentry-wait_bar_warmup-strict: cached
[3284/4097] BANK2_OM-C_sequence__T_cross_timing-both_days_input_field-raw_rsi_exit-cross_rsi_smoothing-wilder_same_bar_reentry-wait_bar_warmup-ready_check: cached
[3285/4097] BANK2_OM-C_sequence__T_cross_timing-both_days_input_field-adjusted_rsi_exit-cross_rsi_smoothing-simple_same_bar_reentry-allowed_warmup-ready_per_rule: ok fills=94 (72.2s)
[3286/4097] BANK2_OM-C_sequence__T_cross_timing-both_days_input_field-raw_rsi_exit-cross_rsi_smoothing-simple_same_bar_reentry-allowed_warmup-strict: cached
[3287/4097] BANK2_OM-C_sequence__T_cross_timing-both_days_input_field-raw_rsi_exit-cross_rsi_smoothing-simple_same_bar_reentry-allowed_warmup-ready_check: cached
[3288/4097] BANK2_OM-C_sequence__T_cross_timing-both_days_input_field-adjusted_rsi_exit-cross_rsi_smoothing-simple_same_bar_reentry-wait_bar_warmup-ready_per_rule: ok fills=90 (68.6s)
[3289/4097] BANK2_OM-C_sequence__T_cross_timing-both_days_input_field-raw_rsi_exit-cross_rsi_smoothing-simple_same_bar_reentry-wait_bar_warmup-strict: cached
[3290/4097] BANK2_OM-C_sequence__T_cross_timing-both_days_input_field-raw_rsi_exit-cross_rsi_smoothing-simple_same_bar_reentry-wait_bar_warmup-ready_check: cached
[3291/4097] BANK2_OM-C_sequence__T_cross_timing-both_days_input_field-raw_rsi_exit-level_rsi_smoothing-wilder_same_bar_reentry-allowed_warmup-ready_per_rule: ok fills=115 (73.1s)
[3292/4097] BANK2_OM-C_sequence__T_cross_timing-today_ma_input_field-adjusted_rsi_exit-level_rsi_smoothing-wilder_same_bar_reentry-allowed_warmup-strict: cached
[3293/4097] BANK2_OM-C_sequence__T_cross_timing-today_ma_input_field-adjusted_rsi_exit-level_rsi_smoothing-wilder_same_bar_reentry-allowed_warmup-ready_check: cached
[3294/4097] BANK2_OM-C_sequence__T_cross_timing-both_days_input_field-raw_rsi_exit-level_rsi_smoothing-wilder_same_bar_reentry-wait_bar_warmup-ready_per_rule: ok fills=111 (69.4s)
[3295/4097] BANK2_OM-C_sequence__T_cross_timing-today_ma_input_field-adjusted_rsi_exit-level_rsi_smoothing-wilder_same_bar_reentry-wait_bar_warmup-strict: cached
[3296/4097] BANK2_OM-C_sequence__T_cross_timing-today_ma_input_field-adjusted_rsi_exit-level_rsi_smoothing-wilder_same_bar_reentry-wait_bar_warmup-ready_check: cached
[3297/4097] BANK2_OM-C_sequence__T_cross_timing-both_days_input_field-raw_rsi_exit-level_rsi_smoothing-simple_same_bar_reentry-allowed_warmup-ready_per_rule: ok fills=114 (69.1s)
[3298/4097] BANK2_OM-C_sequence__T_cross_timing-today_ma_input_field-adjusted_rsi_exit-level_rsi_smoothing-simple_same_bar_reentry-allowed_warmup-strict: cached
[3299/4097] BANK2_OM-C_sequence__T_cross_timing-today_ma_input_field-adjusted_rsi_exit-level_rsi_smoothing-simple_same_bar_reentry-allowed_warmup-ready_check: cached
[3300/4097] BANK2_OM-C_sequence__T_cross_timing-both_days_input_field-raw_rsi_exit-level_rsi_smoothing-simple_same_bar_reentry-wait_bar_warmup-ready_per_rule: ok fills=114 (67.2s)
[3301/4097] BANK2_OM-C_sequence__T_cross_timing-today_ma_input_field-adjusted_rsi_exit-level_rsi_smoothing-simple_same_bar_reentry-wait_bar_warmup-strict: cached
[3302/4097] BANK2_OM-C_sequence__T_cross_timing-today_ma_input_field-adjusted_rsi_exit-level_rsi_smoothing-simple_same_bar_reentry-wait_bar_warmup-ready_check: cached
[3303/4097] BANK2_OM-C_sequence__T_cross_timing-both_days_input_field-raw_rsi_exit-cross_rsi_smoothing-wilder_same_bar_reentry-allowed_warmup-ready_per_rule: ok fills=111 (62.0s)
[3304/4097] BANK2_OM-C_sequence__T_cross_timing-today_ma_input_field-adjusted_rsi_exit-cross_rsi_smoothing-wilder_same_bar_reentry-allowed_warmup-strict: cached
[3305/4097] BANK2_OM-C_sequence__T_cross_timing-today_ma_input_field-adjusted_rsi_exit-cross_rsi_smoothing-wilder_same_bar_reentry-allowed_warmup-ready_check: cached
[3306/4097] BANK2_OM-C_sequence__T_cross_timing-both_days_input_field-raw_rsi_exit-cross_rsi_smoothing-wilder_same_bar_reentry-wait_bar_warmup-ready_per_rule: ok fills=107 (63.9s)
[3307/4097] BANK2_OM-C_sequence__T_cross_timing-today_ma_input_field-adjusted_rsi_exit-cross_rsi_smoothing-wilder_same_bar_reentry-wait_bar_warmup-strict: cached
[3308/4097] BANK2_OM-C_sequence__T_cross_timing-today_ma_input_field-adjusted_rsi_exit-cross_rsi_smoothing-wilder_same_bar_reentry-wait_bar_warmup-ready_check: cached
[3309/4097] BANK2_OM-C_sequence__T_cross_timing-both_days_input_field-raw_rsi_exit-cross_rsi_smoothing-simple_same_bar_reentry-allowed_warmup-ready_per_rule: ok fills=106 (64.5s)
[3310/4097] BANK2_OM-C_sequence__T_cross_timing-today_ma_input_field-adjusted_rsi_exit-cross_rsi_smoothing-simple_same_bar_reentry-allowed_warmup-strict: cached
[3311/4097] BANK2_OM-C_sequence__T_cross_timing-today_ma_input_field-adjusted_rsi_exit-cross_rsi_smoothing-simple_same_bar_reentry-allowed_warmup-ready_check: cached
[3312/4097] BANK2_OM-C_sequence__T_cross_timing-today_ma_input_field-adjusted_rsi_exit-level_rsi_smoothing-wilder_same_bar_reentry-allowed_warmup-ready_per_rule: ok fills=99 (70.7s)
[3313/4097] BANK2_OM-C_sequence__T_cross_timing-today_ma_input_field-adjusted_rsi_exit-cross_rsi_smoothing-simple_same_bar_reentry-wait_bar_warmup-strict: cached
[3314/4097] BANK2_OM-C_sequence__T_cross_timing-today_ma_input_field-adjusted_rsi_exit-cross_rsi_smoothing-simple_same_bar_reentry-wait_bar_warmup-ready_check: cached
[3315/4097] BANK2_OM-C_sequence__T_cross_timing-both_days_input_field-raw_rsi_exit-cross_rsi_smoothing-simple_same_bar_reentry-wait_bar_warmup-ready_per_rule: ok fills=106 (75.6s)
[3316/4097] BANK2_OM-C_sequence__T_cross_timing-today_ma_input_field-raw_rsi_exit-level_rsi_smoothing-wilder_same_bar_reentry-allowed_warmup-strict: cached
[3317/4097] BANK2_OM-C_sequence__T_cross_timing-today_ma_input_field-raw_rsi_exit-level_rsi_smoothing-wilder_same_bar_reentry-allowed_warmup-ready_check: cached
[3318/4097] BANK2_OM-C_sequence__T_cross_timing-today_ma_input_field-adjusted_rsi_exit-level_rsi_smoothing-simple_same_bar_reentry-allowed_warmup-ready_per_rule: ok fills=102 (67.8s)
[3319/4097] BANK2_OM-C_sequence__T_cross_timing-today_ma_input_field-raw_rsi_exit-level_rsi_smoothing-wilder_same_bar_reentry-wait_bar_warmup-strict: cached
[3320/4097] BANK2_OM-C_sequence__T_cross_timing-today_ma_input_field-raw_rsi_exit-level_rsi_smoothing-wilder_same_bar_reentry-wait_bar_warmup-ready_check: cached
[3321/4097] BANK2_OM-C_sequence__T_cross_timing-today_ma_input_field-adjusted_rsi_exit-level_rsi_smoothing-simple_same_bar_reentry-wait_bar_warmup-ready_per_rule: ok fills=94 (67.8s)
[3322/4097] BANK2_OM-C_sequence__T_cross_timing-today_ma_input_field-raw_rsi_exit-level_rsi_smoothing-simple_same_bar_reentry-allowed_warmup-strict: cached
[3323/4097] BANK2_OM-C_sequence__T_cross_timing-today_ma_input_field-raw_rsi_exit-level_rsi_smoothing-simple_same_bar_reentry-allowed_warmup-ready_check: cached
[3324/4097] BANK2_OM-C_sequence__T_cross_timing-today_ma_input_field-adjusted_rsi_exit-level_rsi_smoothing-wilder_same_bar_reentry-wait_bar_warmup-ready_per_rule: ok fills=91 (69.4s)
[3325/4097] BANK2_OM-C_sequence__T_cross_timing-today_ma_input_field-raw_rsi_exit-level_rsi_smoothing-simple_same_bar_reentry-wait_bar_warmup-strict: cached
[3326/4097] BANK2_OM-C_sequence__T_cross_timing-today_ma_input_field-raw_rsi_exit-level_rsi_smoothing-simple_same_bar_reentry-wait_bar_warmup-ready_check: cached
[3327/4097] BANK2_OM-C_sequence__T_cross_timing-today_ma_input_field-adjusted_rsi_exit-cross_rsi_smoothing-simple_same_bar_reentry-wait_bar_warmup-ready_per_rule: exit=1 fills=None (12.3s)
[3328/4097] BANK2_OM-C_sequence__T_cross_timing-today_ma_input_field-raw_rsi_exit-cross_rsi_smoothing-wilder_same_bar_reentry-allowed_warmup-strict: cached
[3329/4097] BANK2_OM-C_sequence__T_cross_timing-today_ma_input_field-raw_rsi_exit-cross_rsi_smoothing-wilder_same_bar_reentry-allowed_warmup-ready_check: cached
[3330/4097] BANK2_OM-C_sequence__T_cross_timing-today_ma_input_field-adjusted_rsi_exit-cross_rsi_smoothing-wilder_same_bar_reentry-allowed_warmup-ready_per_rule: ok fills=99 (70.7s)
[3331/4097] BANK2_OM-C_sequence__T_cross_timing-today_ma_input_field-raw_rsi_exit-cross_rsi_smoothing-wilder_same_bar_reentry-wait_bar_warmup-strict: cached
[3332/4097] BANK2_OM-C_sequence__T_cross_timing-today_ma_input_field-raw_rsi_exit-cross_rsi_smoothing-wilder_same_bar_reentry-wait_bar_warmup-ready_check: cached
[3333/4097] BANK2_OM-C_sequence__T_cross_timing-today_ma_input_field-adjusted_rsi_exit-cross_rsi_smoothing-wilder_same_bar_reentry-wait_bar_warmup-ready_per_rule: ok fills=91 (67.6s)
[3334/4097] BANK2_OM-C_sequence__T_cross_timing-today_ma_input_field-raw_rsi_exit-cross_rsi_smoothing-simple_same_bar_reentry-allowed_warmup-strict: cached
[3335/4097] BANK2_OM-C_sequence__T_cross_timing-today_ma_input_field-raw_rsi_exit-cross_rsi_smoothing-simple_same_bar_reentry-allowed_warmup-ready_check: cached
[3336/4097] BANK2_OM-C_sequence__T_cross_timing-today_ma_input_field-adjusted_rsi_exit-cross_rsi_smoothing-simple_same_bar_reentry-allowed_warmup-ready_per_rule: ok fills=98 (63.3s)
[3337/4097] BANK2_OM-C_sequence__T_cross_timing-today_ma_input_field-raw_rsi_exit-cross_rsi_smoothing-simple_same_bar_reentry-wait_bar_warmup-strict: cached
[3338/4097] BANK2_OM-C_sequence__T_cross_timing-today_ma_input_field-raw_rsi_exit-cross_rsi_smoothing-simple_same_bar_reentry-wait_bar_warmup-ready_check: cached
[3339/4097] BANK2_OM-C_sequence__T_cross_timing-today_ma_input_field-raw_rsi_exit-level_rsi_smoothing-wilder_same_bar_reentry-allowed_warmup-ready_per_rule: ok fills=119 (74.6s)
[3340/4097] BANK2_OM-C_sequence__OAT_a_exec-set_holdings: cached
[3341/4097] BANK2_OM-C_sequence__T_cross_timing-today_ma_input_field-raw_rsi_exit-level_rsi_smoothing-wilder_same_bar_reentry-wait_bar_warmup-ready_per_rule: ok fills=111 (65.9s)
[3342/4097] BANK2_OM-C_shared_state__ref: cached
[3343/4097] BANK2_OM-C_shared_state__T_cross_timing-both_days_input_field-adjusted_rsi_exit-level_rsi_smoothing-wilder_same_bar_reentry-allowed_warmup-ready_check: cached
[3344/4097] BANK2_OM-C_sequence__T_cross_timing-today_ma_input_field-raw_rsi_exit-level_rsi_smoothing-simple_same_bar_reentry-allowed_warmup-ready_per_rule: ok fills=118 (69.4s)
[3345/4097] BANK2_OM-C_shared_state__T_cross_timing-both_days_input_field-adjusted_rsi_exit-level_rsi_smoothing-wilder_same_bar_reentry-wait_bar_warmup-strict: cached
[3346/4097] BANK2_OM-C_shared_state__T_cross_timing-both_days_input_field-adjusted_rsi_exit-level_rsi_smoothing-wilder_same_bar_reentry-wait_bar_warmup-ready_check: cached
[3347/4097] BANK2_OM-C_sequence__T_cross_timing-today_ma_input_field-raw_rsi_exit-cross_rsi_smoothing-wilder_same_bar_reentry-allowed_warmup-ready_per_rule: ok fills=115 (69.7s)
[3348/4097] BANK2_OM-C_shared_state__T_cross_timing-both_days_input_field-adjusted_rsi_exit-level_rsi_smoothing-simple_same_bar_reentry-allowed_warmup-strict: cached
[3349/4097] BANK2_OM-C_shared_state__T_cross_timing-both_days_input_field-adjusted_rsi_exit-level_rsi_smoothing-simple_same_bar_reentry-allowed_warmup-ready_check: cached
[3350/4097] BANK2_OM-C_sequence__T_cross_timing-today_ma_input_field-raw_rsi_exit-level_rsi_smoothing-simple_same_bar_reentry-wait_bar_warmup-ready_per_rule: ok fills=114 (73.7s)
[3351/4097] BANK2_OM-C_shared_state__T_cross_timing-both_days_input_field-adjusted_rsi_exit-level_rsi_smoothing-simple_same_bar_reentry-wait_bar_warmup-strict: cached
[3352/4097] BANK2_OM-C_shared_state__T_cross_timing-both_days_input_field-adjusted_rsi_exit-level_rsi_smoothing-simple_same_bar_reentry-wait_bar_warmup-ready_check: cached
[3353/4097] BANK2_OM-C_sequence__T_cross_timing-today_ma_input_field-raw_rsi_exit-cross_rsi_smoothing-wilder_same_bar_reentry-wait_bar_warmup-ready_per_rule: ok fills=107 (64.7s)
[3354/4097] BANK2_OM-C_shared_state__T_cross_timing-both_days_input_field-adjusted_rsi_exit-cross_rsi_smoothing-wilder_same_bar_reentry-allowed_warmup-strict: cached
[3355/4097] BANK2_OM-C_shared_state__T_cross_timing-both_days_input_field-adjusted_rsi_exit-cross_rsi_smoothing-wilder_same_bar_reentry-allowed_warmup-ready_check: cached
[3356/4097] BANK2_OM-C_shared_state__T_cross_timing-both_days_input_field-adjusted_rsi_exit-level_rsi_smoothing-wilder_same_bar_reentry-wait_bar_warmup-ready_per_rule: exit=1 fills=None (18.4s)
[3357/4097] BANK2_OM-C_shared_state__T_cross_timing-both_days_input_field-adjusted_rsi_exit-cross_rsi_smoothing-wilder_same_bar_reentry-wait_bar_warmup-strict: cached
[3358/4097] BANK2_OM-C_shared_state__T_cross_timing-both_days_input_field-adjusted_rsi_exit-cross_rsi_smoothing-wilder_same_bar_reentry-wait_bar_warmup-ready_check: cached
[3359/4097] BANK2_OM-C_sequence__T_cross_timing-today_ma_input_field-raw_rsi_exit-cross_rsi_smoothing-simple_same_bar_reentry-allowed_warmup-ready_per_rule: ok fills=110 (70.7s)
[3360/4097] BANK2_OM-C_shared_state__T_cross_timing-both_days_input_field-adjusted_rsi_exit-cross_rsi_smoothing-simple_same_bar_reentry-allowed_warmup-strict: cached
[3361/4097] BANK2_OM-C_shared_state__T_cross_timing-both_days_input_field-adjusted_rsi_exit-cross_rsi_smoothing-simple_same_bar_reentry-allowed_warmup-ready_check: cached
[3362/4097] BANK2_OM-C_sequence__T_cross_timing-today_ma_input_field-raw_rsi_exit-cross_rsi_smoothing-simple_same_bar_reentry-wait_bar_warmup-ready_per_rule: ok fills=106 (73.1s)
[3363/4097] BANK2_OM-C_shared_state__T_cross_timing-both_days_input_field-adjusted_rsi_exit-cross_rsi_smoothing-simple_same_bar_reentry-wait_bar_warmup-strict: cached
[3364/4097] BANK2_OM-C_shared_state__T_cross_timing-both_days_input_field-adjusted_rsi_exit-cross_rsi_smoothing-simple_same_bar_reentry-wait_bar_warmup-ready_check: cached
[3365/4097] BANK2_OM-C_sequence__SPOT_all_excluded_off: ok fills=95 (66.2s)
[3366/4097] BANK2_OM-C_shared_state__T_cross_timing-both_days_input_field-raw_rsi_exit-level_rsi_smoothing-wilder_same_bar_reentry-allowed_warmup-strict: cached
[3367/4097] BANK2_OM-C_shared_state__T_cross_timing-both_days_input_field-raw_rsi_exit-level_rsi_smoothing-wilder_same_bar_reentry-allowed_warmup-ready_check: cached
[3368/4097] BANK2_OM-C_shared_state__T_cross_timing-both_days_input_field-adjusted_rsi_exit-level_rsi_smoothing-wilder_same_bar_reentry-allowed_warmup-ready_per_rule: ok fills=125 (69.0s)
[3369/4097] BANK2_OM-C_shared_state__T_cross_timing-both_days_input_field-raw_rsi_exit-level_rsi_smoothing-wilder_same_bar_reentry-wait_bar_warmup-strict: cached
[3370/4097] BANK2_OM-C_shared_state__T_cross_timing-both_days_input_field-raw_rsi_exit-level_rsi_smoothing-wilder_same_bar_reentry-wait_bar_warmup-ready_check: cached
[3371/4097] BANK2_OM-C_shared_state__T_cross_timing-both_days_input_field-adjusted_rsi_exit-level_rsi_smoothing-simple_same_bar_reentry-allowed_warmup-ready_per_rule: ok fills=191 (65.7s)
[3372/4097] BANK2_OM-C_shared_state__T_cross_timing-both_days_input_field-raw_rsi_exit-level_rsi_smoothing-simple_same_bar_reentry-allowed_warmup-strict: cached
[3373/4097] BANK2_OM-C_shared_state__T_cross_timing-both_days_input_field-raw_rsi_exit-level_rsi_smoothing-simple_same_bar_reentry-allowed_warmup-ready_check: cached
[3374/4097] BANK2_OM-C_shared_state__T_cross_timing-both_days_input_field-adjusted_rsi_exit-level_rsi_smoothing-simple_same_bar_reentry-wait_bar_warmup-ready_per_rule: ok fills=177 (69.0s)
[3375/4097] BANK2_OM-C_shared_state__T_cross_timing-both_days_input_field-raw_rsi_exit-level_rsi_smoothing-simple_same_bar_reentry-wait_bar_warmup-strict: cached
[3376/4097] BANK2_OM-C_shared_state__T_cross_timing-both_days_input_field-raw_rsi_exit-level_rsi_smoothing-simple_same_bar_reentry-wait_bar_warmup-ready_check: cached
[3377/4097] BANK2_OM-C_shared_state__T_cross_timing-both_days_input_field-adjusted_rsi_exit-cross_rsi_smoothing-wilder_same_bar_reentry-allowed_warmup-ready_per_rule: ok fills=119 (67.0s)
[3378/4097] BANK2_OM-C_shared_state__T_cross_timing-both_days_input_field-raw_rsi_exit-cross_rsi_smoothing-wilder_same_bar_reentry-allowed_warmup-strict: cached
[3379/4097] BANK2_OM-C_shared_state__T_cross_timing-both_days_input_field-raw_rsi_exit-cross_rsi_smoothing-wilder_same_bar_reentry-allowed_warmup-ready_check: cached
[3380/4097] BANK2_OM-C_shared_state__T_cross_timing-both_days_input_field-adjusted_rsi_exit-cross_rsi_smoothing-wilder_same_bar_reentry-wait_bar_warmup-ready_per_rule: ok fills=110 (69.8s)
[3381/4097] BANK2_OM-C_shared_state__T_cross_timing-both_days_input_field-raw_rsi_exit-cross_rsi_smoothing-wilder_same_bar_reentry-wait_bar_warmup-strict: cached
[3382/4097] BANK2_OM-C_shared_state__T_cross_timing-both_days_input_field-raw_rsi_exit-cross_rsi_smoothing-wilder_same_bar_reentry-wait_bar_warmup-ready_check: cached
[3383/4097] BANK2_OM-C_shared_state__T_cross_timing-both_days_input_field-adjusted_rsi_exit-cross_rsi_smoothing-simple_same_bar_reentry-allowed_warmup-ready_per_rule: ok fills=177 (69.9s)
[3384/4097] BANK2_OM-C_shared_state__T_cross_timing-both_days_input_field-raw_rsi_exit-cross_rsi_smoothing-simple_same_bar_reentry-allowed_warmup-strict: cached
[3385/4097] BANK2_OM-C_shared_state__T_cross_timing-both_days_input_field-raw_rsi_exit-cross_rsi_smoothing-simple_same_bar_reentry-allowed_warmup-ready_check: cached
[3386/4097] BANK2_OM-C_shared_state__T_cross_timing-both_days_input_field-adjusted_rsi_exit-cross_rsi_smoothing-simple_same_bar_reentry-wait_bar_warmup-ready_per_rule: ok fills=173 (62.0s)
[3387/4097] BANK2_OM-C_shared_state__T_cross_timing-both_days_input_field-raw_rsi_exit-cross_rsi_smoothing-simple_same_bar_reentry-wait_bar_warmup-strict: cached
[3388/4097] BANK2_OM-C_shared_state__T_cross_timing-both_days_input_field-raw_rsi_exit-cross_rsi_smoothing-simple_same_bar_reentry-wait_bar_warmup-ready_check: cached
[3389/4097] BANK2_OM-C_shared_state__T_cross_timing-both_days_input_field-raw_rsi_exit-level_rsi_smoothing-wilder_same_bar_reentry-allowed_warmup-ready_per_rule: ok fills=137 (64.6s)
[3390/4097] BANK2_OM-C_shared_state__T_cross_timing-today_ma_input_field-adjusted_rsi_exit-level_rsi_smoothing-wilder_same_bar_reentry-allowed_warmup-strict: cached
[3391/4097] BANK2_OM-C_shared_state__T_cross_timing-today_ma_input_field-adjusted_rsi_exit-level_rsi_smoothing-wilder_same_bar_reentry-allowed_warmup-ready_check: cached
[3392/4097] BANK2_OM-C_shared_state__T_cross_timing-both_days_input_field-raw_rsi_exit-level_rsi_smoothing-simple_same_bar_reentry-allowed_warmup-ready_per_rule: ok fills=199 (67.5s)
[3393/4097] BANK2_OM-C_shared_state__T_cross_timing-today_ma_input_field-adjusted_rsi_exit-level_rsi_smoothing-wilder_same_bar_reentry-wait_bar_warmup-strict: cached
[3394/4097] BANK2_OM-C_shared_state__T_cross_timing-today_ma_input_field-adjusted_rsi_exit-level_rsi_smoothing-wilder_same_bar_reentry-wait_bar_warmup-ready_check: cached
[3395/4097] BANK2_OM-C_shared_state__T_cross_timing-both_days_input_field-raw_rsi_exit-level_rsi_smoothing-wilder_same_bar_reentry-wait_bar_warmup-ready_per_rule: ok fills=155 (72.5s)
[3396/4097] BANK2_OM-C_shared_state__T_cross_timing-today_ma_input_field-adjusted_rsi_exit-level_rsi_smoothing-simple_same_bar_reentry-allowed_warmup-strict: cached
[3397/4097] BANK2_OM-C_shared_state__T_cross_timing-today_ma_input_field-adjusted_rsi_exit-level_rsi_smoothing-simple_same_bar_reentry-allowed_warmup-ready_check: cached
[3398/4097] BANK2_OM-C_shared_state__T_cross_timing-today_ma_input_field-adjusted_rsi_exit-level_rsi_smoothing-wilder_same_bar_reentry-allowed_warmup-ready_per_rule: exit=1 fills=None (13.9s)
[3399/4097] BANK2_OM-C_shared_state__T_cross_timing-today_ma_input_field-adjusted_rsi_exit-level_rsi_smoothing-simple_same_bar_reentry-wait_bar_warmup-strict: cached
[3400/4097] BANK2_OM-C_shared_state__T_cross_timing-today_ma_input_field-adjusted_rsi_exit-level_rsi_smoothing-simple_same_bar_reentry-wait_bar_warmup-ready_check: cached
[3401/4097] BANK2_OM-C_shared_state__T_cross_timing-both_days_input_field-raw_rsi_exit-level_rsi_smoothing-simple_same_bar_reentry-wait_bar_warmup-ready_per_rule: ok fills=193 (64.6s)
[3402/4097] BANK2_OM-C_shared_state__T_cross_timing-today_ma_input_field-adjusted_rsi_exit-cross_rsi_smoothing-wilder_same_bar_reentry-allowed_warmup-strict: cached
[3403/4097] BANK2_OM-C_shared_state__T_cross_timing-today_ma_input_field-adjusted_rsi_exit-cross_rsi_smoothing-wilder_same_bar_reentry-allowed_warmup-ready_check: cached
[3404/4097] BANK2_OM-C_shared_state__T_cross_timing-both_days_input_field-raw_rsi_exit-cross_rsi_smoothing-wilder_same_bar_reentry-wait_bar_warmup-ready_per_rule: ok fills=149 (64.5s)
[3405/4097] BANK2_OM-C_shared_state__T_cross_timing-today_ma_input_field-adjusted_rsi_exit-cross_rsi_smoothing-wilder_same_bar_reentry-wait_bar_warmup-strict: cached
[3406/4097] BANK2_OM-C_shared_state__T_cross_timing-today_ma_input_field-adjusted_rsi_exit-cross_rsi_smoothing-wilder_same_bar_reentry-wait_bar_warmup-ready_check: cached
[3407/4097] BANK2_OM-C_shared_state__T_cross_timing-today_ma_input_field-adjusted_rsi_exit-cross_rsi_smoothing-wilder_same_bar_reentry-allowed_warmup-ready_per_rule: exit=1 fills=None (14.7s)
[3408/4097] BANK2_OM-C_shared_state__T_cross_timing-today_ma_input_field-adjusted_rsi_exit-cross_rsi_smoothing-simple_same_bar_reentry-allowed_warmup-strict: cached
[3409/4097] BANK2_OM-C_shared_state__T_cross_timing-today_ma_input_field-adjusted_rsi_exit-cross_rsi_smoothing-simple_same_bar_reentry-allowed_warmup-ready_check: cached
[3410/4097] BANK2_OM-C_shared_state__T_cross_timing-both_days_input_field-raw_rsi_exit-cross_rsi_smoothing-wilder_same_bar_reentry-allowed_warmup-ready_per_rule: ok fills=133 (70.5s)
[3411/4097] BANK2_OM-C_shared_state__T_cross_timing-today_ma_input_field-adjusted_rsi_exit-cross_rsi_smoothing-simple_same_bar_reentry-wait_bar_warmup-strict: cached
[3412/4097] BANK2_OM-C_shared_state__T_cross_timing-today_ma_input_field-adjusted_rsi_exit-cross_rsi_smoothing-simple_same_bar_reentry-wait_bar_warmup-ready_check: cached
[3413/4097] BANK2_OM-C_shared_state__T_cross_timing-both_days_input_field-raw_rsi_exit-cross_rsi_smoothing-simple_same_bar_reentry-allowed_warmup-ready_per_rule: ok fills=173 (68.1s)
[3414/4097] BANK2_OM-C_shared_state__T_cross_timing-today_ma_input_field-raw_rsi_exit-level_rsi_smoothing-wilder_same_bar_reentry-allowed_warmup-strict: cached
[3415/4097] BANK2_OM-C_shared_state__T_cross_timing-today_ma_input_field-raw_rsi_exit-level_rsi_smoothing-wilder_same_bar_reentry-allowed_warmup-ready_check: cached
[3416/4097] BANK2_OM-C_shared_state__T_cross_timing-both_days_input_field-raw_rsi_exit-cross_rsi_smoothing-simple_same_bar_reentry-wait_bar_warmup-ready_per_rule: ok fills=179 (68.6s)
[3417/4097] BANK2_OM-C_shared_state__T_cross_timing-today_ma_input_field-raw_rsi_exit-level_rsi_smoothing-wilder_same_bar_reentry-wait_bar_warmup-strict: cached
[3418/4097] BANK2_OM-C_shared_state__T_cross_timing-today_ma_input_field-raw_rsi_exit-level_rsi_smoothing-wilder_same_bar_reentry-wait_bar_warmup-ready_check: cached
[3419/4097] BANK2_OM-C_shared_state__T_cross_timing-today_ma_input_field-adjusted_rsi_exit-level_rsi_smoothing-wilder_same_bar_reentry-wait_bar_warmup-ready_per_rule: ok fills=141 (67.9s)
[3420/4097] BANK2_OM-C_shared_state__T_cross_timing-today_ma_input_field-raw_rsi_exit-level_rsi_smoothing-simple_same_bar_reentry-allowed_warmup-strict: cached
[3421/4097] BANK2_OM-C_shared_state__T_cross_timing-today_ma_input_field-raw_rsi_exit-level_rsi_smoothing-simple_same_bar_reentry-allowed_warmup-ready_check: cached
[3422/4097] BANK2_OM-C_shared_state__T_cross_timing-today_ma_input_field-adjusted_rsi_exit-level_rsi_smoothing-simple_same_bar_reentry-allowed_warmup-ready_per_rule: ok fills=203 (65.7s)
[3423/4097] BANK2_OM-C_shared_state__T_cross_timing-today_ma_input_field-raw_rsi_exit-level_rsi_smoothing-simple_same_bar_reentry-wait_bar_warmup-strict: cached
[3424/4097] BANK2_OM-C_shared_state__T_cross_timing-today_ma_input_field-raw_rsi_exit-level_rsi_smoothing-simple_same_bar_reentry-wait_bar_warmup-ready_check: cached
[3425/4097] BANK2_OM-C_shared_state__T_cross_timing-today_ma_input_field-adjusted_rsi_exit-level_rsi_smoothing-simple_same_bar_reentry-wait_bar_warmup-ready_per_rule: ok fills=189 (67.8s)
[3426/4097] BANK2_OM-C_shared_state__T_cross_timing-today_ma_input_field-raw_rsi_exit-cross_rsi_smoothing-wilder_same_bar_reentry-allowed_warmup-strict: cached
[3427/4097] BANK2_OM-C_shared_state__T_cross_timing-today_ma_input_field-raw_rsi_exit-cross_rsi_smoothing-wilder_same_bar_reentry-allowed_warmup-ready_check: cached
[3428/4097] BANK2_OM-C_shared_state__T_cross_timing-today_ma_input_field-adjusted_rsi_exit-cross_rsi_smoothing-simple_same_bar_reentry-wait_bar_warmup-ready_per_rule: ok fills=183 (70.0s)
[3429/4097] BANK2_OM-C_shared_state__T_cross_timing-today_ma_input_field-raw_rsi_exit-cross_rsi_smoothing-wilder_same_bar_reentry-wait_bar_warmup-strict: cached
[3430/4097] BANK2_OM-C_shared_state__T_cross_timing-today_ma_input_field-raw_rsi_exit-cross_rsi_smoothing-wilder_same_bar_reentry-wait_bar_warmup-ready_check: cached
[3431/4097] BANK2_OM-C_shared_state__T_cross_timing-today_ma_input_field-adjusted_rsi_exit-cross_rsi_smoothing-simple_same_bar_reentry-allowed_warmup-ready_per_rule: ok fills=187 (72.5s)
[3432/4097] BANK2_OM-C_shared_state__T_cross_timing-today_ma_input_field-raw_rsi_exit-cross_rsi_smoothing-simple_same_bar_reentry-allowed_warmup-strict: cached
[3433/4097] BANK2_OM-C_shared_state__T_cross_timing-today_ma_input_field-raw_rsi_exit-cross_rsi_smoothing-simple_same_bar_reentry-allowed_warmup-ready_check: cached
[3434/4097] BANK2_OM-C_shared_state__T_cross_timing-today_ma_input_field-raw_rsi_exit-level_rsi_smoothing-wilder_same_bar_reentry-allowed_warmup-ready_per_rule: ok fills=137 (67.4s)
[3435/4097] BANK2_OM-C_shared_state__T_cross_timing-today_ma_input_field-raw_rsi_exit-cross_rsi_smoothing-simple_same_bar_reentry-wait_bar_warmup-strict: cached
[3436/4097] BANK2_OM-C_shared_state__T_cross_timing-today_ma_input_field-raw_rsi_exit-cross_rsi_smoothing-simple_same_bar_reentry-wait_bar_warmup-ready_check: cached
[3437/4097] BANK2_OM-C_shared_state__T_cross_timing-today_ma_input_field-adjusted_rsi_exit-cross_rsi_smoothing-wilder_same_bar_reentry-wait_bar_warmup-ready_per_rule: ok fills=135 (76.7s)
[3438/4097] BANK2_OM-C_shared_state__OAT_a_exec-set_holdings: cached
[3439/4097] BANK2_OM-C_shared_state__T_cross_timing-today_ma_input_field-raw_rsi_exit-level_rsi_smoothing-wilder_same_bar_reentry-wait_bar_warmup-ready_per_rule: ok fills=155 (73.8s)
[3440/4097] BANK2_PX-01_c5000__ref: cached
[3441/4097] BANK2_PX-01_c5000__T_input_field-raw_rsi_exit-level_rsi_smoothing-wilder_same_bar_reentry-allowed_warmup-strict: cached
[3442/4097] BANK2_PX-01_c5000__T_input_field-adjusted_rsi_exit-level_rsi_smoothing-wilder_same_bar_reentry-wait_bar_warmup-strict: cached
[3443/4097] BANK2_PX-01_c5000__T_input_field-raw_rsi_exit-level_rsi_smoothing-wilder_same_bar_reentry-wait_bar_warmup-strict: cached
[3444/4097] BANK2_PX-01_c5000__T_input_field-adjusted_rsi_exit-level_rsi_smoothing-wilder_same_bar_reentry-allowed_warmup-ready_check: cached
[3445/4097] BANK2_PX-01_c5000__T_input_field-raw_rsi_exit-level_rsi_smoothing-wilder_same_bar_reentry-allowed_warmup-ready_check: cached
[3446/4097] BANK2_PX-01_c5000__T_input_field-adjusted_rsi_exit-level_rsi_smoothing-wilder_same_bar_reentry-wait_bar_warmup-ready_check: cached
[3447/4097] BANK2_PX-01_c5000__T_input_field-raw_rsi_exit-level_rsi_smoothing-wilder_same_bar_reentry-wait_bar_warmup-ready_check: cached
[3448/4097] BANK2_OM-C_shared_state__T_cross_timing-today_ma_input_field-raw_rsi_exit-level_rsi_smoothing-simple_same_bar_reentry-allowed_warmup-ready_per_rule: ok fills=197 (63.4s)
[3449/4097] BANK2_OM-C_shared_state__T_cross_timing-today_ma_input_field-raw_rsi_exit-level_rsi_smoothing-simple_same_bar_reentry-wait_bar_warmup-ready_per_rule: ok fills=191 (63.2s)
[3450/4097] BANK2_OM-C_shared_state__T_cross_timing-today_ma_input_field-raw_rsi_exit-cross_rsi_smoothing-wilder_same_bar_reentry-allowed_warmup-ready_per_rule: ok fills=133 (66.3s)
[3451/4097] BANK2_OM-C_shared_state__T_cross_timing-today_ma_input_field-raw_rsi_exit-cross_rsi_smoothing-simple_same_bar_reentry-wait_bar_warmup-ready_per_rule: ok fills=177 (65.2s)
[3452/4097] BANK2_PX-01_c5000__T_input_field-adjusted_rsi_exit-cross_rsi_smoothing-wilder_same_bar_reentry-allowed_warmup-strict: cached
[3453/4097] BANK2_PX-01_c5000__T_input_field-raw_rsi_exit-cross_rsi_smoothing-wilder_same_bar_reentry-allowed_warmup-strict: cached
[3454/4097] BANK2_PX-01_c5000__T_input_field-adjusted_rsi_exit-cross_rsi_smoothing-wilder_same_bar_reentry-wait_bar_warmup-strict: cached
[3455/4097] BANK2_PX-01_c5000__T_input_field-raw_rsi_exit-cross_rsi_smoothing-wilder_same_bar_reentry-wait_bar_warmup-strict: cached
[3456/4097] BANK2_PX-01_c5000__T_input_field-adjusted_rsi_exit-cross_rsi_smoothing-wilder_same_bar_reentry-allowed_warmup-ready_check: cached
[3457/4097] BANK2_PX-01_c5000__T_input_field-raw_rsi_exit-cross_rsi_smoothing-wilder_same_bar_reentry-allowed_warmup-ready_check: cached
[3458/4097] BANK2_PX-01_c5000__T_input_field-adjusted_rsi_exit-cross_rsi_smoothing-wilder_same_bar_reentry-wait_bar_warmup-ready_check: cached
[3459/4097] BANK2_PX-01_c5000__T_input_field-raw_rsi_exit-cross_rsi_smoothing-wilder_same_bar_reentry-wait_bar_warmup-ready_check: cached
[3460/4097] BANK2_OM-C_shared_state__SPOT_all_excluded_off: ok fills=125 (64.8s)
[3461/4097] BANK2_OM-C_shared_state__T_cross_timing-today_ma_input_field-raw_rsi_exit-cross_rsi_smoothing-simple_same_bar_reentry-allowed_warmup-ready_per_rule: ok fills=171 (70.4s)
[3462/4097] BANK2_OM-C_shared_state__T_cross_timing-today_ma_input_field-raw_rsi_exit-cross_rsi_smoothing-wilder_same_bar_reentry-wait_bar_warmup-ready_per_rule: ok fills=149 (73.2s)
[3463/4097] BANK2_PX-01_c5000__T_input_field-adjusted_rsi_exit-level_rsi_smoothing-wilder_same_bar_reentry-allowed_warmup-ready_per_rule: ok fills=270 (73.9s)
[3464/4097] BANK2_PX-01_c5000__T_input_field-adjusted_rsi_exit-level_rsi_smoothing-simple_same_bar_reentry-allowed_warmup-strict: cached
[3465/4097] BANK2_PX-01_c5000__T_input_field-raw_rsi_exit-level_rsi_smoothing-simple_same_bar_reentry-allowed_warmup-strict: cached
[3466/4097] BANK2_PX-01_c5000__T_input_field-adjusted_rsi_exit-level_rsi_smoothing-simple_same_bar_reentry-wait_bar_warmup-strict: cached
[3467/4097] BANK2_PX-01_c5000__T_input_field-raw_rsi_exit-level_rsi_smoothing-simple_same_bar_reentry-wait_bar_warmup-strict: cached
[3468/4097] BANK2_PX-01_c5000__T_input_field-adjusted_rsi_exit-level_rsi_smoothing-simple_same_bar_reentry-allowed_warmup-ready_check: cached
[3469/4097] BANK2_PX-01_c5000__T_input_field-raw_rsi_exit-level_rsi_smoothing-simple_same_bar_reentry-allowed_warmup-ready_check: cached
[3470/4097] BANK2_PX-01_c5000__T_input_field-adjusted_rsi_exit-level_rsi_smoothing-simple_same_bar_reentry-wait_bar_warmup-ready_check: cached
[3471/4097] BANK2_PX-01_c5000__T_input_field-raw_rsi_exit-level_rsi_smoothing-simple_same_bar_reentry-wait_bar_warmup-ready_check: cached
[3472/4097] BANK2_PX-01_c5000__T_input_field-adjusted_rsi_exit-level_rsi_smoothing-wilder_same_bar_reentry-wait_bar_warmup-ready_per_rule: ok fills=266 (72.6s)
[3473/4097] BANK2_PX-01_c5000__T_input_field-raw_rsi_exit-level_rsi_smoothing-wilder_same_bar_reentry-allowed_warmup-ready_per_rule: ok fills=280 (76.6s)
[3474/4097] BANK2_PX-01_c5000__T_input_field-raw_rsi_exit-level_rsi_smoothing-wilder_same_bar_reentry-wait_bar_warmup-ready_per_rule: ok fills=278 (72.6s)
[3475/4097] BANK2_PX-01_c5000__T_input_field-adjusted_rsi_exit-cross_rsi_smoothing-wilder_same_bar_reentry-allowed_warmup-ready_per_rule: ok fills=250 (74.5s)
[3476/4097] BANK2_PX-01_c5000__T_input_field-adjusted_rsi_exit-cross_rsi_smoothing-simple_same_bar_reentry-allowed_warmup-strict: cached
[3477/4097] BANK2_PX-01_c5000__T_input_field-raw_rsi_exit-cross_rsi_smoothing-simple_same_bar_reentry-allowed_warmup-strict: cached
[3478/4097] BANK2_PX-01_c5000__T_input_field-adjusted_rsi_exit-cross_rsi_smoothing-simple_same_bar_reentry-wait_bar_warmup-strict: cached
[3479/4097] BANK2_PX-01_c5000__T_input_field-raw_rsi_exit-cross_rsi_smoothing-simple_same_bar_reentry-wait_bar_warmup-strict: cached
[3480/4097] BANK2_PX-01_c5000__T_input_field-adjusted_rsi_exit-cross_rsi_smoothing-simple_same_bar_reentry-allowed_warmup-ready_check: cached
[3481/4097] BANK2_PX-01_c5000__T_input_field-raw_rsi_exit-cross_rsi_smoothing-simple_same_bar_reentry-allowed_warmup-ready_check: cached
[3482/4097] BANK2_PX-01_c5000__T_input_field-adjusted_rsi_exit-cross_rsi_smoothing-simple_same_bar_reentry-wait_bar_warmup-ready_check: cached
[3483/4097] BANK2_PX-01_c5000__T_input_field-raw_rsi_exit-cross_rsi_smoothing-simple_same_bar_reentry-wait_bar_warmup-ready_check: cached
[3484/4097] BANK2_PX-01_c5000__T_input_field-raw_rsi_exit-cross_rsi_smoothing-wilder_same_bar_reentry-allowed_warmup-ready_per_rule: ok fills=264 (74.9s)
[3485/4097] BANK2_PX-01_c5000__T_input_field-adjusted_rsi_exit-cross_rsi_smoothing-wilder_same_bar_reentry-wait_bar_warmup-ready_per_rule: ok fills=250 (74.4s)
[3486/4097] BANK2_PX-01_c5000__T_input_field-raw_rsi_exit-cross_rsi_smoothing-wilder_same_bar_reentry-wait_bar_warmup-ready_per_rule: ok fills=264 (74.0s)
[3487/4097] BANK2_PX-01_c5000__T_input_field-adjusted_rsi_exit-level_rsi_smoothing-simple_same_bar_reentry-allowed_warmup-ready_per_rule: ok fills=318 (70.8s)
[3488/4097] BANK2_PX-01_c5000__OAT_a_exec-set_holdings: cached
[3489/4097] BANK2_PX-01_c5000__OAT_cross_timing-today_ma: cached
[3490/4097] BANK2_PX-01_c5000__SPOT_all_excluded_off: cached
[3491/4097] BANK2_PX-01_c10000__ref: cached
[3492/4097] BANK2_PX-01_c10000__T_input_field-raw_rsi_exit-level_rsi_smoothing-wilder_same_bar_reentry-allowed_warmup-strict: cached
[3493/4097] BANK2_PX-01_c10000__T_input_field-adjusted_rsi_exit-level_rsi_smoothing-wilder_same_bar_reentry-wait_bar_warmup-strict: cached
[3494/4097] BANK2_PX-01_c10000__T_input_field-raw_rsi_exit-level_rsi_smoothing-wilder_same_bar_reentry-wait_bar_warmup-strict: cached
[3495/4097] BANK2_PX-01_c10000__T_input_field-adjusted_rsi_exit-level_rsi_smoothing-wilder_same_bar_reentry-allowed_warmup-ready_check: cached
[3496/4097] BANK2_PX-01_c10000__T_input_field-raw_rsi_exit-level_rsi_smoothing-wilder_same_bar_reentry-allowed_warmup-ready_check: cached
[3497/4097] BANK2_PX-01_c10000__T_input_field-adjusted_rsi_exit-level_rsi_smoothing-wilder_same_bar_reentry-wait_bar_warmup-ready_check: cached
[3498/4097] BANK2_PX-01_c10000__T_input_field-raw_rsi_exit-level_rsi_smoothing-wilder_same_bar_reentry-wait_bar_warmup-ready_check: cached
[3499/4097] BANK2_PX-01_c5000__T_input_field-raw_rsi_exit-level_rsi_smoothing-simple_same_bar_reentry-allowed_warmup-ready_per_rule: ok fills=336 (64.8s)
[3500/4097] BANK2_PX-01_c5000__T_input_field-adjusted_rsi_exit-level_rsi_smoothing-simple_same_bar_reentry-wait_bar_warmup-ready_per_rule: ok fills=304 (65.5s)
[3501/4097] BANK2_PX-01_c5000__T_input_field-raw_rsi_exit-level_rsi_smoothing-simple_same_bar_reentry-wait_bar_warmup-ready_per_rule: ok fills=322 (67.1s)
[3502/4097] BANK2_PX-01_c5000__T_input_field-adjusted_rsi_exit-cross_rsi_smoothing-simple_same_bar_reentry-allowed_warmup-ready_per_rule: ok fills=268 (66.9s)
[3503/4097] BANK2_PX-01_c10000__T_input_field-adjusted_rsi_exit-cross_rsi_smoothing-wilder_same_bar_reentry-allowed_warmup-strict: cached
[3504/4097] BANK2_PX-01_c10000__T_input_field-raw_rsi_exit-cross_rsi_smoothing-wilder_same_bar_reentry-allowed_warmup-strict: cached
[3505/4097] BANK2_PX-01_c10000__T_input_field-adjusted_rsi_exit-cross_rsi_smoothing-wilder_same_bar_reentry-wait_bar_warmup-strict: cached
[3506/4097] BANK2_PX-01_c10000__T_input_field-raw_rsi_exit-cross_rsi_smoothing-wilder_same_bar_reentry-wait_bar_warmup-strict: cached
[3507/4097] BANK2_PX-01_c10000__T_input_field-adjusted_rsi_exit-cross_rsi_smoothing-wilder_same_bar_reentry-allowed_warmup-ready_check: cached
[3508/4097] BANK2_PX-01_c10000__T_input_field-raw_rsi_exit-cross_rsi_smoothing-wilder_same_bar_reentry-allowed_warmup-ready_check: cached
[3509/4097] BANK2_PX-01_c10000__T_input_field-adjusted_rsi_exit-cross_rsi_smoothing-wilder_same_bar_reentry-wait_bar_warmup-ready_check: cached
[3510/4097] BANK2_PX-01_c10000__T_input_field-raw_rsi_exit-cross_rsi_smoothing-wilder_same_bar_reentry-wait_bar_warmup-ready_check: cached
[3511/4097] BANK2_PX-01_c5000__T_input_field-raw_rsi_exit-cross_rsi_smoothing-simple_same_bar_reentry-wait_bar_warmup-ready_per_rule: ok fills=288 (65.3s)
[3512/4097] BANK2_PX-01_c5000__T_input_field-raw_rsi_exit-cross_rsi_smoothing-simple_same_bar_reentry-allowed_warmup-ready_per_rule: ok fills=288 (67.4s)
[3513/4097] BANK2_PX-01_c5000__T_input_field-adjusted_rsi_exit-cross_rsi_smoothing-simple_same_bar_reentry-wait_bar_warmup-ready_per_rule: ok fills=268 (67.0s)
[3514/4097] BANK2_PX-01_c10000__T_input_field-adjusted_rsi_exit-level_rsi_smoothing-wilder_same_bar_reentry-allowed_warmup-ready_per_rule: ok fills=270 (65.6s)
[3515/4097] BANK2_PX-01_c10000__T_input_field-adjusted_rsi_exit-level_rsi_smoothing-simple_same_bar_reentry-allowed_warmup-strict: cached
[3516/4097] BANK2_PX-01_c10000__T_input_field-raw_rsi_exit-level_rsi_smoothing-simple_same_bar_reentry-allowed_warmup-strict: cached
[3517/4097] BANK2_PX-01_c10000__T_input_field-adjusted_rsi_exit-level_rsi_smoothing-simple_same_bar_reentry-wait_bar_warmup-strict: cached
[3518/4097] BANK2_PX-01_c10000__T_input_field-raw_rsi_exit-level_rsi_smoothing-simple_same_bar_reentry-wait_bar_warmup-strict: cached
[3519/4097] BANK2_PX-01_c10000__T_input_field-adjusted_rsi_exit-level_rsi_smoothing-simple_same_bar_reentry-allowed_warmup-ready_check: cached
[3520/4097] BANK2_PX-01_c10000__T_input_field-raw_rsi_exit-level_rsi_smoothing-simple_same_bar_reentry-allowed_warmup-ready_check: cached
[3521/4097] BANK2_PX-01_c10000__T_input_field-adjusted_rsi_exit-level_rsi_smoothing-simple_same_bar_reentry-wait_bar_warmup-ready_check: cached
[3522/4097] BANK2_PX-01_c10000__T_input_field-raw_rsi_exit-level_rsi_smoothing-simple_same_bar_reentry-wait_bar_warmup-ready_check: cached
[3523/4097] BANK2_PX-01_c10000__T_input_field-raw_rsi_exit-level_rsi_smoothing-wilder_same_bar_reentry-allowed_warmup-ready_per_rule: ok fills=280 (66.7s)
[3524/4097] BANK2_PX-01_c10000__T_input_field-adjusted_rsi_exit-level_rsi_smoothing-wilder_same_bar_reentry-wait_bar_warmup-ready_per_rule: ok fills=266 (70.1s)
[3525/4097] BANK2_PX-01_c10000__T_input_field-raw_rsi_exit-level_rsi_smoothing-wilder_same_bar_reentry-wait_bar_warmup-ready_per_rule: ok fills=278 (68.0s)
[3526/4097] BANK2_PX-01_c10000__T_input_field-raw_rsi_exit-cross_rsi_smoothing-wilder_same_bar_reentry-allowed_warmup-ready_per_rule: ok fills=264 (65.4s)
[3527/4097] BANK2_PX-01_c10000__T_input_field-adjusted_rsi_exit-cross_rsi_smoothing-simple_same_bar_reentry-allowed_warmup-strict: cached
[3528/4097] BANK2_PX-01_c10000__T_input_field-raw_rsi_exit-cross_rsi_smoothing-simple_same_bar_reentry-allowed_warmup-strict: cached
[3529/4097] BANK2_PX-01_c10000__T_input_field-adjusted_rsi_exit-cross_rsi_smoothing-simple_same_bar_reentry-wait_bar_warmup-strict: cached
[3530/4097] BANK2_PX-01_c10000__T_input_field-raw_rsi_exit-cross_rsi_smoothing-simple_same_bar_reentry-wait_bar_warmup-strict: cached
[3531/4097] BANK2_PX-01_c10000__T_input_field-adjusted_rsi_exit-cross_rsi_smoothing-simple_same_bar_reentry-allowed_warmup-ready_check: cached
[3532/4097] BANK2_PX-01_c10000__T_input_field-raw_rsi_exit-cross_rsi_smoothing-simple_same_bar_reentry-allowed_warmup-ready_check: cached
[3533/4097] BANK2_PX-01_c10000__T_input_field-adjusted_rsi_exit-cross_rsi_smoothing-simple_same_bar_reentry-wait_bar_warmup-ready_check: cached
[3534/4097] BANK2_PX-01_c10000__T_input_field-raw_rsi_exit-cross_rsi_smoothing-simple_same_bar_reentry-wait_bar_warmup-ready_check: cached
[3535/4097] BANK2_PX-01_c10000__T_input_field-raw_rsi_exit-cross_rsi_smoothing-wilder_same_bar_reentry-wait_bar_warmup-ready_per_rule: ok fills=264 (65.6s)
[3536/4097] BANK2_PX-01_c10000__T_input_field-adjusted_rsi_exit-cross_rsi_smoothing-wilder_same_bar_reentry-wait_bar_warmup-ready_per_rule: ok fills=250 (67.0s)
[3537/4097] BANK2_PX-01_c10000__T_input_field-adjusted_rsi_exit-cross_rsi_smoothing-wilder_same_bar_reentry-allowed_warmup-ready_per_rule: ok fills=250 (69.9s)
[3538/4097] BANK2_PX-01_c10000__T_input_field-adjusted_rsi_exit-level_rsi_smoothing-simple_same_bar_reentry-allowed_warmup-ready_per_rule: ok fills=318 (66.1s)
[3539/4097] BANK2_PX-01_c10000__OAT_a_exec-set_holdings: cached
[3540/4097] BANK2_PX-01_c10000__OAT_cross_timing-today_ma: cached
[3541/4097] BANK2_PX-01_c10000__SPOT_all_excluded_off: cached
[3542/4097] BANK2_PX-01_c20000__ref: cached
[3543/4097] BANK2_PX-01_c20000__T_input_field-raw_rsi_exit-level_rsi_smoothing-wilder_same_bar_reentry-allowed_warmup-strict: cached
[3544/4097] BANK2_PX-01_c20000__T_input_field-adjusted_rsi_exit-level_rsi_smoothing-wilder_same_bar_reentry-wait_bar_warmup-strict: cached
[3545/4097] BANK2_PX-01_c20000__T_input_field-raw_rsi_exit-level_rsi_smoothing-wilder_same_bar_reentry-wait_bar_warmup-strict: cached
[3546/4097] BANK2_PX-01_c20000__T_input_field-adjusted_rsi_exit-level_rsi_smoothing-wilder_same_bar_reentry-allowed_warmup-ready_check: cached
[3547/4097] BANK2_PX-01_c20000__T_input_field-raw_rsi_exit-level_rsi_smoothing-wilder_same_bar_reentry-allowed_warmup-ready_check: cached
[3548/4097] BANK2_PX-01_c20000__T_input_field-adjusted_rsi_exit-level_rsi_smoothing-wilder_same_bar_reentry-wait_bar_warmup-ready_check: cached
[3549/4097] BANK2_PX-01_c20000__T_input_field-raw_rsi_exit-level_rsi_smoothing-wilder_same_bar_reentry-wait_bar_warmup-ready_check: cached
[3550/4097] BANK2_PX-01_c10000__T_input_field-raw_rsi_exit-level_rsi_smoothing-simple_same_bar_reentry-allowed_warmup-ready_per_rule: ok fills=336 (68.6s)
[3551/4097] BANK2_PX-01_c10000__T_input_field-adjusted_rsi_exit-level_rsi_smoothing-simple_same_bar_reentry-wait_bar_warmup-ready_per_rule: ok fills=304 (71.2s)
[3552/4097] BANK2_PX-01_c10000__T_input_field-raw_rsi_exit-level_rsi_smoothing-simple_same_bar_reentry-wait_bar_warmup-ready_per_rule: ok fills=322 (70.5s)
[3553/4097] BANK2_PX-01_c10000__T_input_field-adjusted_rsi_exit-cross_rsi_smoothing-simple_same_bar_reentry-wait_bar_warmup-ready_per_rule: ok fills=268 (70.4s)
[3554/4097] BANK2_PX-01_c20000__T_input_field-adjusted_rsi_exit-cross_rsi_smoothing-wilder_same_bar_reentry-allowed_warmup-strict: cached
[3555/4097] BANK2_PX-01_c20000__T_input_field-raw_rsi_exit-cross_rsi_smoothing-wilder_same_bar_reentry-allowed_warmup-strict: cached
[3556/4097] BANK2_PX-01_c20000__T_input_field-adjusted_rsi_exit-cross_rsi_smoothing-wilder_same_bar_reentry-wait_bar_warmup-strict: cached
[3557/4097] BANK2_PX-01_c20000__T_input_field-raw_rsi_exit-cross_rsi_smoothing-wilder_same_bar_reentry-wait_bar_warmup-strict: cached
[3558/4097] BANK2_PX-01_c20000__T_input_field-adjusted_rsi_exit-cross_rsi_smoothing-wilder_same_bar_reentry-allowed_warmup-ready_check: cached
[3559/4097] BANK2_PX-01_c20000__T_input_field-raw_rsi_exit-cross_rsi_smoothing-wilder_same_bar_reentry-allowed_warmup-ready_check: cached
[3560/4097] BANK2_PX-01_c20000__T_input_field-adjusted_rsi_exit-cross_rsi_smoothing-wilder_same_bar_reentry-wait_bar_warmup-ready_check: cached
[3561/4097] BANK2_PX-01_c20000__T_input_field-raw_rsi_exit-cross_rsi_smoothing-wilder_same_bar_reentry-wait_bar_warmup-ready_check: cached
[3562/4097] BANK2_PX-01_c10000__T_input_field-raw_rsi_exit-cross_rsi_smoothing-simple_same_bar_reentry-allowed_warmup-ready_per_rule: ok fills=288 (71.1s)
[3563/4097] BANK2_PX-01_c10000__T_input_field-adjusted_rsi_exit-cross_rsi_smoothing-simple_same_bar_reentry-allowed_warmup-ready_per_rule: ok fills=268 (75.3s)
[3564/4097] BANK2_PX-01_c10000__T_input_field-raw_rsi_exit-cross_rsi_smoothing-simple_same_bar_reentry-wait_bar_warmup-ready_per_rule: ok fills=288 (74.5s)
[3565/4097] BANK2_PX-01_c20000__T_input_field-adjusted_rsi_exit-level_rsi_smoothing-wilder_same_bar_reentry-allowed_warmup-ready_per_rule: ok fills=270 (70.6s)
[3566/4097] BANK2_PX-01_c20000__T_input_field-adjusted_rsi_exit-level_rsi_smoothing-simple_same_bar_reentry-allowed_warmup-strict: cached
[3567/4097] BANK2_PX-01_c20000__T_input_field-raw_rsi_exit-level_rsi_smoothing-simple_same_bar_reentry-allowed_warmup-strict: cached
[3568/4097] BANK2_PX-01_c20000__T_input_field-adjusted_rsi_exit-level_rsi_smoothing-simple_same_bar_reentry-wait_bar_warmup-strict: cached
[3569/4097] BANK2_PX-01_c20000__T_input_field-raw_rsi_exit-level_rsi_smoothing-simple_same_bar_reentry-wait_bar_warmup-strict: cached
[3570/4097] BANK2_PX-01_c20000__T_input_field-adjusted_rsi_exit-level_rsi_smoothing-simple_same_bar_reentry-allowed_warmup-ready_check: cached
[3571/4097] BANK2_PX-01_c20000__T_input_field-raw_rsi_exit-level_rsi_smoothing-simple_same_bar_reentry-allowed_warmup-ready_check: cached
[3572/4097] BANK2_PX-01_c20000__T_input_field-adjusted_rsi_exit-level_rsi_smoothing-simple_same_bar_reentry-wait_bar_warmup-ready_check: cached
[3573/4097] BANK2_PX-01_c20000__T_input_field-raw_rsi_exit-level_rsi_smoothing-simple_same_bar_reentry-wait_bar_warmup-ready_check: cached
[3574/4097] BANK2_PX-01_c20000__T_input_field-raw_rsi_exit-level_rsi_smoothing-wilder_same_bar_reentry-allowed_warmup-ready_per_rule: ok fills=280 (66.2s)
[3575/4097] BANK2_PX-01_c20000__T_input_field-adjusted_rsi_exit-level_rsi_smoothing-wilder_same_bar_reentry-wait_bar_warmup-ready_per_rule: ok fills=266 (70.0s)
[3576/4097] BANK2_PX-01_c20000__T_input_field-raw_rsi_exit-level_rsi_smoothing-wilder_same_bar_reentry-wait_bar_warmup-ready_per_rule: ok fills=278 (69.0s)
[3577/4097] BANK2_PX-01_c20000__T_input_field-raw_rsi_exit-cross_rsi_smoothing-wilder_same_bar_reentry-allowed_warmup-ready_per_rule: ok fills=264 (65.7s)
[3578/4097] BANK2_PX-01_c20000__T_input_field-adjusted_rsi_exit-cross_rsi_smoothing-simple_same_bar_reentry-allowed_warmup-strict: cached
[3579/4097] BANK2_PX-01_c20000__T_input_field-raw_rsi_exit-cross_rsi_smoothing-simple_same_bar_reentry-allowed_warmup-strict: cached
[3580/4097] BANK2_PX-01_c20000__T_input_field-adjusted_rsi_exit-cross_rsi_smoothing-simple_same_bar_reentry-wait_bar_warmup-strict: cached
[3581/4097] BANK2_PX-01_c20000__T_input_field-raw_rsi_exit-cross_rsi_smoothing-simple_same_bar_reentry-wait_bar_warmup-strict: cached
[3582/4097] BANK2_PX-01_c20000__T_input_field-adjusted_rsi_exit-cross_rsi_smoothing-simple_same_bar_reentry-allowed_warmup-ready_check: cached
[3583/4097] BANK2_PX-01_c20000__T_input_field-raw_rsi_exit-cross_rsi_smoothing-simple_same_bar_reentry-allowed_warmup-ready_check: cached
[3584/4097] BANK2_PX-01_c20000__T_input_field-adjusted_rsi_exit-cross_rsi_smoothing-simple_same_bar_reentry-wait_bar_warmup-ready_check: cached
[3585/4097] BANK2_PX-01_c20000__T_input_field-raw_rsi_exit-cross_rsi_smoothing-simple_same_bar_reentry-wait_bar_warmup-ready_check: cached
[3586/4097] BANK2_PX-01_c20000__T_input_field-adjusted_rsi_exit-cross_rsi_smoothing-wilder_same_bar_reentry-allowed_warmup-ready_per_rule: ok fills=250 (67.4s)
[3587/4097] BANK2_PX-01_c20000__T_input_field-adjusted_rsi_exit-cross_rsi_smoothing-wilder_same_bar_reentry-wait_bar_warmup-ready_per_rule: ok fills=250 (69.8s)
[3588/4097] BANK2_PX-01_c20000__T_input_field-raw_rsi_exit-cross_rsi_smoothing-wilder_same_bar_reentry-wait_bar_warmup-ready_per_rule: ok fills=264 (69.8s)
[3589/4097] BANK2_PX-01_c20000__T_input_field-adjusted_rsi_exit-level_rsi_smoothing-simple_same_bar_reentry-allowed_warmup-ready_per_rule: ok fills=318 (68.5s)
[3590/4097] BANK2_PX-01_c20000__OAT_a_exec-set_holdings: cached
[3591/4097] BANK2_PX-01_c20000__OAT_cross_timing-today_ma: cached
[3592/4097] BANK2_PX-01_c20000__SPOT_all_excluded_off: cached
[3593/4097] BANK2_PX-01_c50000__ref: cached
[3594/4097] BANK2_PX-01_c50000__T_input_field-raw_rsi_exit-level_rsi_smoothing-wilder_same_bar_reentry-allowed_warmup-strict: cached
[3595/4097] BANK2_PX-01_c50000__T_input_field-adjusted_rsi_exit-level_rsi_smoothing-wilder_same_bar_reentry-wait_bar_warmup-strict: cached
[3596/4097] BANK2_PX-01_c50000__T_input_field-raw_rsi_exit-level_rsi_smoothing-wilder_same_bar_reentry-wait_bar_warmup-strict: cached
[3597/4097] BANK2_PX-01_c50000__T_input_field-adjusted_rsi_exit-level_rsi_smoothing-wilder_same_bar_reentry-allowed_warmup-ready_check: cached
[3598/4097] BANK2_PX-01_c50000__T_input_field-raw_rsi_exit-level_rsi_smoothing-wilder_same_bar_reentry-allowed_warmup-ready_check: cached
[3599/4097] BANK2_PX-01_c50000__T_input_field-adjusted_rsi_exit-level_rsi_smoothing-wilder_same_bar_reentry-wait_bar_warmup-ready_check: cached
[3600/4097] BANK2_PX-01_c50000__T_input_field-raw_rsi_exit-level_rsi_smoothing-wilder_same_bar_reentry-wait_bar_warmup-ready_check: cached
[3601/4097] BANK2_PX-01_c20000__T_input_field-raw_rsi_exit-cross_rsi_smoothing-simple_same_bar_reentry-allowed_warmup-ready_per_rule: exit=1 fills=None (12.0s)
[3602/4097] BANK2_PX-01_c20000__T_input_field-raw_rsi_exit-level_rsi_smoothing-simple_same_bar_reentry-allowed_warmup-ready_per_rule: ok fills=336 (60.9s)
[3603/4097] BANK2_PX-01_c20000__T_input_field-raw_rsi_exit-level_rsi_smoothing-simple_same_bar_reentry-wait_bar_warmup-ready_per_rule: ok fills=322 (59.5s)
[3604/4097] BANK2_PX-01_c20000__T_input_field-adjusted_rsi_exit-level_rsi_smoothing-simple_same_bar_reentry-wait_bar_warmup-ready_per_rule: ok fills=304 (61.0s)
[3605/4097] BANK2_PX-01_c50000__T_input_field-adjusted_rsi_exit-cross_rsi_smoothing-wilder_same_bar_reentry-allowed_warmup-strict: cached
[3606/4097] BANK2_PX-01_c50000__T_input_field-raw_rsi_exit-cross_rsi_smoothing-wilder_same_bar_reentry-allowed_warmup-strict: cached
[3607/4097] BANK2_PX-01_c50000__T_input_field-adjusted_rsi_exit-cross_rsi_smoothing-wilder_same_bar_reentry-wait_bar_warmup-strict: cached
[3608/4097] BANK2_PX-01_c50000__T_input_field-raw_rsi_exit-cross_rsi_smoothing-wilder_same_bar_reentry-wait_bar_warmup-strict: cached
[3609/4097] BANK2_PX-01_c50000__T_input_field-adjusted_rsi_exit-cross_rsi_smoothing-wilder_same_bar_reentry-allowed_warmup-ready_check: cached
[3610/4097] BANK2_PX-01_c50000__T_input_field-raw_rsi_exit-cross_rsi_smoothing-wilder_same_bar_reentry-allowed_warmup-ready_check: cached
[3611/4097] BANK2_PX-01_c50000__T_input_field-adjusted_rsi_exit-cross_rsi_smoothing-wilder_same_bar_reentry-wait_bar_warmup-ready_check: cached
[3612/4097] BANK2_PX-01_c50000__T_input_field-raw_rsi_exit-cross_rsi_smoothing-wilder_same_bar_reentry-wait_bar_warmup-ready_check: cached
[3613/4097] BANK2_PX-01_c20000__T_input_field-adjusted_rsi_exit-cross_rsi_smoothing-simple_same_bar_reentry-allowed_warmup-ready_per_rule: ok fills=268 (61.9s)
[3614/4097] BANK2_PX-01_c20000__T_input_field-raw_rsi_exit-cross_rsi_smoothing-simple_same_bar_reentry-wait_bar_warmup-ready_per_rule: ok fills=288 (60.1s)
[3615/4097] BANK2_PX-01_c20000__T_input_field-adjusted_rsi_exit-cross_rsi_smoothing-simple_same_bar_reentry-wait_bar_warmup-ready_per_rule: ok fills=268 (64.5s)
[3616/4097] BANK2_PX-01_c50000__T_input_field-raw_rsi_exit-level_rsi_smoothing-wilder_same_bar_reentry-allowed_warmup-ready_per_rule: ok fills=280 (61.8s)
[3617/4097] BANK2_PX-01_c50000__T_input_field-adjusted_rsi_exit-level_rsi_smoothing-simple_same_bar_reentry-allowed_warmup-strict: cached
[3618/4097] BANK2_PX-01_c50000__T_input_field-raw_rsi_exit-level_rsi_smoothing-simple_same_bar_reentry-allowed_warmup-strict: cached
[3619/4097] BANK2_PX-01_c50000__T_input_field-adjusted_rsi_exit-level_rsi_smoothing-simple_same_bar_reentry-wait_bar_warmup-strict: cached
[3620/4097] BANK2_PX-01_c50000__T_input_field-raw_rsi_exit-level_rsi_smoothing-simple_same_bar_reentry-wait_bar_warmup-strict: cached
[3621/4097] BANK2_PX-01_c50000__T_input_field-adjusted_rsi_exit-level_rsi_smoothing-simple_same_bar_reentry-allowed_warmup-ready_check: cached
[3622/4097] BANK2_PX-01_c50000__T_input_field-raw_rsi_exit-level_rsi_smoothing-simple_same_bar_reentry-allowed_warmup-ready_check: cached
[3623/4097] BANK2_PX-01_c50000__T_input_field-adjusted_rsi_exit-level_rsi_smoothing-simple_same_bar_reentry-wait_bar_warmup-ready_check: cached
[3624/4097] BANK2_PX-01_c50000__T_input_field-raw_rsi_exit-level_rsi_smoothing-simple_same_bar_reentry-wait_bar_warmup-ready_check: cached
[3625/4097] BANK2_PX-01_c50000__T_input_field-adjusted_rsi_exit-level_rsi_smoothing-wilder_same_bar_reentry-allowed_warmup-ready_per_rule: ok fills=270 (66.9s)
[3626/4097] BANK2_PX-01_c50000__T_input_field-raw_rsi_exit-cross_rsi_smoothing-wilder_same_bar_reentry-wait_bar_warmup-ready_per_rule: exit=1 fills=None (9.1s)
[3627/4097] BANK2_PX-01_c50000__T_input_field-adjusted_rsi_exit-level_rsi_smoothing-wilder_same_bar_reentry-wait_bar_warmup-ready_per_rule: ok fills=266 (61.8s)
[3628/4097] BANK2_PX-01_c50000__T_input_field-adjusted_rsi_exit-cross_rsi_smoothing-wilder_same_bar_reentry-allowed_warmup-ready_per_rule: ok fills=250 (60.3s)
[3629/4097] BANK2_PX-01_c50000__T_input_field-adjusted_rsi_exit-cross_rsi_smoothing-simple_same_bar_reentry-allowed_warmup-strict: cached
[3630/4097] BANK2_PX-01_c50000__T_input_field-raw_rsi_exit-cross_rsi_smoothing-simple_same_bar_reentry-allowed_warmup-strict: cached
[3631/4097] BANK2_PX-01_c50000__T_input_field-adjusted_rsi_exit-cross_rsi_smoothing-simple_same_bar_reentry-wait_bar_warmup-strict: cached
[3632/4097] BANK2_PX-01_c50000__T_input_field-raw_rsi_exit-cross_rsi_smoothing-simple_same_bar_reentry-wait_bar_warmup-strict: cached
[3633/4097] BANK2_PX-01_c50000__T_input_field-adjusted_rsi_exit-cross_rsi_smoothing-simple_same_bar_reentry-allowed_warmup-ready_check: cached
[3634/4097] BANK2_PX-01_c50000__T_input_field-raw_rsi_exit-cross_rsi_smoothing-simple_same_bar_reentry-allowed_warmup-ready_check: cached
[3635/4097] BANK2_PX-01_c50000__T_input_field-adjusted_rsi_exit-cross_rsi_smoothing-simple_same_bar_reentry-wait_bar_warmup-ready_check: cached
[3636/4097] BANK2_PX-01_c50000__T_input_field-raw_rsi_exit-cross_rsi_smoothing-simple_same_bar_reentry-wait_bar_warmup-ready_check: cached
[3637/4097] BANK2_PX-01_c50000__T_input_field-raw_rsi_exit-level_rsi_smoothing-simple_same_bar_reentry-wait_bar_warmup-ready_per_rule: exit=1 fills=None (11.5s)
[3638/4097] BANK2_PX-01_c50000__T_input_field-raw_rsi_exit-level_rsi_smoothing-wilder_same_bar_reentry-wait_bar_warmup-ready_per_rule: ok fills=278 (63.5s)
[3639/4097] BANK2_PX-01_c50000__T_input_field-raw_rsi_exit-cross_rsi_smoothing-wilder_same_bar_reentry-allowed_warmup-ready_per_rule: ok fills=264 (60.9s)
[3640/4097] BANK2_PX-01_c50000__T_input_field-adjusted_rsi_exit-cross_rsi_smoothing-wilder_same_bar_reentry-wait_bar_warmup-ready_per_rule: ok fills=250 (65.0s)
[3641/4097] BANK2_PX-01_c50000__OAT_a_exec-set_holdings: cached
[3642/4097] BANK2_PX-01_c50000__OAT_cross_timing-today_ma: cached
[3643/4097] BANK2_PX-01_c50000__SPOT_all_excluded_off: cached
[3644/4097] BANK2_BL-06_skip__ref: cached
[3645/4097] BANK2_BL-06_skip__T_input_field-raw_rsi_exit-level_rsi_smoothing-wilder_same_bar_reentry-allowed_warmup-strict: cached
[3646/4097] BANK2_BL-06_skip__T_input_field-adjusted_rsi_exit-level_rsi_smoothing-wilder_same_bar_reentry-wait_bar_warmup-strict: cached
[3647/4097] BANK2_BL-06_skip__T_input_field-raw_rsi_exit-level_rsi_smoothing-wilder_same_bar_reentry-wait_bar_warmup-strict: cached
[3648/4097] BANK2_BL-06_skip__T_input_field-adjusted_rsi_exit-level_rsi_smoothing-wilder_same_bar_reentry-allowed_warmup-ready_check: cached
[3649/4097] BANK2_BL-06_skip__T_input_field-raw_rsi_exit-level_rsi_smoothing-wilder_same_bar_reentry-allowed_warmup-ready_check: cached
[3650/4097] BANK2_BL-06_skip__T_input_field-adjusted_rsi_exit-level_rsi_smoothing-wilder_same_bar_reentry-wait_bar_warmup-ready_check: cached
[3651/4097] BANK2_BL-06_skip__T_input_field-raw_rsi_exit-level_rsi_smoothing-wilder_same_bar_reentry-wait_bar_warmup-ready_check: cached
[3652/4097] BANK2_PX-01_c50000__T_input_field-adjusted_rsi_exit-level_rsi_smoothing-simple_same_bar_reentry-allowed_warmup-ready_per_rule: ok fills=318 (67.5s)
[3653/4097] BANK2_PX-01_c50000__T_input_field-adjusted_rsi_exit-level_rsi_smoothing-simple_same_bar_reentry-wait_bar_warmup-ready_per_rule: ok fills=304 (70.0s)
[3654/4097] BANK2_PX-01_c50000__T_input_field-raw_rsi_exit-level_rsi_smoothing-simple_same_bar_reentry-allowed_warmup-ready_per_rule: ok fills=336 (70.3s)
[3655/4097] BANK2_PX-01_c50000__T_input_field-raw_rsi_exit-cross_rsi_smoothing-simple_same_bar_reentry-allowed_warmup-ready_per_rule: ok fills=288 (66.5s)
[3656/4097] BANK2_BL-06_skip__T_input_field-adjusted_rsi_exit-cross_rsi_smoothing-wilder_same_bar_reentry-allowed_warmup-strict: cached
[3657/4097] BANK2_BL-06_skip__T_input_field-raw_rsi_exit-cross_rsi_smoothing-wilder_same_bar_reentry-allowed_warmup-strict: cached
[3658/4097] BANK2_BL-06_skip__T_input_field-adjusted_rsi_exit-cross_rsi_smoothing-wilder_same_bar_reentry-wait_bar_warmup-strict: cached
[3659/4097] BANK2_BL-06_skip__T_input_field-raw_rsi_exit-cross_rsi_smoothing-wilder_same_bar_reentry-wait_bar_warmup-strict: cached
[3660/4097] BANK2_BL-06_skip__T_input_field-adjusted_rsi_exit-cross_rsi_smoothing-wilder_same_bar_reentry-allowed_warmup-ready_check: cached
[3661/4097] BANK2_BL-06_skip__T_input_field-raw_rsi_exit-cross_rsi_smoothing-wilder_same_bar_reentry-allowed_warmup-ready_check: cached
[3662/4097] BANK2_BL-06_skip__T_input_field-adjusted_rsi_exit-cross_rsi_smoothing-wilder_same_bar_reentry-wait_bar_warmup-ready_check: cached
[3663/4097] BANK2_BL-06_skip__T_input_field-raw_rsi_exit-cross_rsi_smoothing-wilder_same_bar_reentry-wait_bar_warmup-ready_check: cached
[3664/4097] BANK2_PX-01_c50000__T_input_field-adjusted_rsi_exit-cross_rsi_smoothing-simple_same_bar_reentry-wait_bar_warmup-ready_per_rule: ok fills=268 (66.8s)
[3665/4097] BANK2_PX-01_c50000__T_input_field-adjusted_rsi_exit-cross_rsi_smoothing-simple_same_bar_reentry-allowed_warmup-ready_per_rule: ok fills=268 (72.5s)
[3666/4097] BANK2_PX-01_c50000__T_input_field-raw_rsi_exit-cross_rsi_smoothing-simple_same_bar_reentry-wait_bar_warmup-ready_per_rule: ok fills=288 (69.1s)
[3667/4097] BANK2_BL-06_skip__T_input_field-adjusted_rsi_exit-level_rsi_smoothing-wilder_same_bar_reentry-allowed_warmup-ready_per_rule: ok fills=270 (65.6s)
[3668/4097] BANK2_BL-06_skip__T_input_field-adjusted_rsi_exit-level_rsi_smoothing-simple_same_bar_reentry-allowed_warmup-strict: cached
[3669/4097] BANK2_BL-06_skip__T_input_field-raw_rsi_exit-level_rsi_smoothing-simple_same_bar_reentry-allowed_warmup-strict: cached
[3670/4097] BANK2_BL-06_skip__T_input_field-adjusted_rsi_exit-level_rsi_smoothing-simple_same_bar_reentry-wait_bar_warmup-strict: cached
[3671/4097] BANK2_BL-06_skip__T_input_field-raw_rsi_exit-level_rsi_smoothing-simple_same_bar_reentry-wait_bar_warmup-strict: cached
[3672/4097] BANK2_BL-06_skip__T_input_field-adjusted_rsi_exit-level_rsi_smoothing-simple_same_bar_reentry-allowed_warmup-ready_check: cached
[3673/4097] BANK2_BL-06_skip__T_input_field-raw_rsi_exit-level_rsi_smoothing-simple_same_bar_reentry-allowed_warmup-ready_check: cached
[3674/4097] BANK2_BL-06_skip__T_input_field-adjusted_rsi_exit-level_rsi_smoothing-simple_same_bar_reentry-wait_bar_warmup-ready_check: cached
[3675/4097] BANK2_BL-06_skip__T_input_field-raw_rsi_exit-level_rsi_smoothing-simple_same_bar_reentry-wait_bar_warmup-ready_check: cached
[3676/4097] BANK2_BL-06_skip__T_input_field-raw_rsi_exit-level_rsi_smoothing-wilder_same_bar_reentry-allowed_warmup-ready_per_rule: ok fills=280 (66.9s)
[3677/4097] BANK2_BL-06_skip__T_input_field-adjusted_rsi_exit-level_rsi_smoothing-simple_same_bar_reentry-allowed_warmup-ready_per_rule: exit=1 fills=None (10.5s)
[3678/4097] BANK2_BL-06_skip__T_input_field-adjusted_rsi_exit-level_rsi_smoothing-wilder_same_bar_reentry-wait_bar_warmup-ready_per_rule: ok fills=266 (68.6s)
[3679/4097] BANK2_BL-06_skip__T_input_field-raw_rsi_exit-level_rsi_smoothing-wilder_same_bar_reentry-wait_bar_warmup-ready_per_rule: ok fills=278 (68.6s)
[3680/4097] BANK2_BL-06_skip__T_input_field-adjusted_rsi_exit-cross_rsi_smoothing-simple_same_bar_reentry-allowed_warmup-strict: cached
[3681/4097] BANK2_BL-06_skip__T_input_field-raw_rsi_exit-cross_rsi_smoothing-simple_same_bar_reentry-allowed_warmup-strict: cached
[3682/4097] BANK2_BL-06_skip__T_input_field-adjusted_rsi_exit-cross_rsi_smoothing-simple_same_bar_reentry-wait_bar_warmup-strict: cached
[3683/4097] BANK2_BL-06_skip__T_input_field-raw_rsi_exit-cross_rsi_smoothing-simple_same_bar_reentry-wait_bar_warmup-strict: cached
[3684/4097] BANK2_BL-06_skip__T_input_field-adjusted_rsi_exit-cross_rsi_smoothing-simple_same_bar_reentry-allowed_warmup-ready_check: cached
[3685/4097] BANK2_BL-06_skip__T_input_field-raw_rsi_exit-cross_rsi_smoothing-simple_same_bar_reentry-allowed_warmup-ready_check: cached
[3686/4097] BANK2_BL-06_skip__T_input_field-adjusted_rsi_exit-cross_rsi_smoothing-simple_same_bar_reentry-wait_bar_warmup-ready_check: cached
[3687/4097] BANK2_BL-06_skip__T_input_field-raw_rsi_exit-cross_rsi_smoothing-simple_same_bar_reentry-wait_bar_warmup-ready_check: cached
[3688/4097] BANK2_BL-06_skip__T_input_field-adjusted_rsi_exit-cross_rsi_smoothing-wilder_same_bar_reentry-allowed_warmup-ready_per_rule: ok fills=250 (69.7s)
[3689/4097] BANK2_BL-06_skip__T_input_field-adjusted_rsi_exit-cross_rsi_smoothing-wilder_same_bar_reentry-wait_bar_warmup-ready_per_rule: ok fills=250 (67.4s)
[3690/4097] BANK2_BL-06_skip__T_input_field-raw_rsi_exit-cross_rsi_smoothing-wilder_same_bar_reentry-allowed_warmup-ready_per_rule: ok fills=264 (72.1s)
[3691/4097] BANK2_BL-06_skip__T_input_field-raw_rsi_exit-cross_rsi_smoothing-wilder_same_bar_reentry-wait_bar_warmup-ready_per_rule: ok fills=264 (69.2s)
[3692/4097] BANK2_BL-06_skip__OAT_a_exec-set_holdings: cached
[3693/4097] BANK2_BL-06_skip__OAT_cross_timing-today_ma: cached
[3694/4097] BANK2_BL-06_skip__SPOT_all_excluded_off: cached
[3695/4097] BANK2_BL-06_partial__ref: cached
[3696/4097] BANK2_BL-06_partial__T_input_field-raw_rsi_exit-level_rsi_smoothing-wilder_same_bar_reentry-allowed_warmup-strict: cached
[3697/4097] BANK2_BL-06_partial__T_input_field-adjusted_rsi_exit-level_rsi_smoothing-wilder_same_bar_reentry-wait_bar_warmup-strict: cached
[3698/4097] BANK2_BL-06_partial__T_input_field-raw_rsi_exit-level_rsi_smoothing-wilder_same_bar_reentry-wait_bar_warmup-strict: cached
[3699/4097] BANK2_BL-06_partial__T_input_field-adjusted_rsi_exit-level_rsi_smoothing-wilder_same_bar_reentry-allowed_warmup-ready_check: cached
[3700/4097] BANK2_BL-06_partial__T_input_field-raw_rsi_exit-level_rsi_smoothing-wilder_same_bar_reentry-allowed_warmup-ready_check: cached
[3701/4097] BANK2_BL-06_partial__T_input_field-adjusted_rsi_exit-level_rsi_smoothing-wilder_same_bar_reentry-wait_bar_warmup-ready_check: cached
[3702/4097] BANK2_BL-06_partial__T_input_field-raw_rsi_exit-level_rsi_smoothing-wilder_same_bar_reentry-wait_bar_warmup-ready_check: cached
[3703/4097] BANK2_BL-06_skip__T_input_field-adjusted_rsi_exit-level_rsi_smoothing-simple_same_bar_reentry-wait_bar_warmup-ready_per_rule: ok fills=304 (63.3s)
[3704/4097] BANK2_BL-06_skip__T_input_field-raw_rsi_exit-level_rsi_smoothing-simple_same_bar_reentry-allowed_warmup-ready_per_rule: ok fills=336 (66.2s)
[3705/4097] BANK2_BL-06_skip__T_input_field-raw_rsi_exit-level_rsi_smoothing-simple_same_bar_reentry-wait_bar_warmup-ready_per_rule: ok fills=322 (61.5s)
[3706/4097] BANK2_BL-06_skip__T_input_field-adjusted_rsi_exit-cross_rsi_smoothing-simple_same_bar_reentry-allowed_warmup-ready_per_rule: ok fills=268 (64.1s)
[3707/4097] BANK2_BL-06_partial__T_input_field-adjusted_rsi_exit-cross_rsi_smoothing-wilder_same_bar_reentry-allowed_warmup-strict: cached
[3708/4097] BANK2_BL-06_partial__T_input_field-raw_rsi_exit-cross_rsi_smoothing-wilder_same_bar_reentry-allowed_warmup-strict: cached
[3709/4097] BANK2_BL-06_partial__T_input_field-adjusted_rsi_exit-cross_rsi_smoothing-wilder_same_bar_reentry-wait_bar_warmup-strict: cached
[3710/4097] BANK2_BL-06_partial__T_input_field-raw_rsi_exit-cross_rsi_smoothing-wilder_same_bar_reentry-wait_bar_warmup-strict: cached
[3711/4097] BANK2_BL-06_partial__T_input_field-adjusted_rsi_exit-cross_rsi_smoothing-wilder_same_bar_reentry-allowed_warmup-ready_check: cached
[3712/4097] BANK2_BL-06_partial__T_input_field-raw_rsi_exit-cross_rsi_smoothing-wilder_same_bar_reentry-allowed_warmup-ready_check: cached
[3713/4097] BANK2_BL-06_partial__T_input_field-adjusted_rsi_exit-cross_rsi_smoothing-wilder_same_bar_reentry-wait_bar_warmup-ready_check: cached
[3714/4097] BANK2_BL-06_partial__T_input_field-raw_rsi_exit-cross_rsi_smoothing-wilder_same_bar_reentry-wait_bar_warmup-ready_check: cached
[3715/4097] BANK2_BL-06_partial__T_input_field-raw_rsi_exit-level_rsi_smoothing-wilder_same_bar_reentry-allowed_warmup-ready_per_rule: exit=1 fills=None (9.8s)
[3716/4097] BANK2_BL-06_skip__T_input_field-raw_rsi_exit-cross_rsi_smoothing-simple_same_bar_reentry-allowed_warmup-ready_per_rule: ok fills=288 (63.0s)
[3717/4097] BANK2_BL-06_skip__T_input_field-adjusted_rsi_exit-cross_rsi_smoothing-simple_same_bar_reentry-wait_bar_warmup-ready_per_rule: ok fills=268 (61.8s)
[3718/4097] BANK2_BL-06_skip__T_input_field-raw_rsi_exit-cross_rsi_smoothing-simple_same_bar_reentry-wait_bar_warmup-ready_per_rule: ok fills=288 (64.1s)
[3719/4097] BANK2_BL-06_partial__T_input_field-adjusted_rsi_exit-level_rsi_smoothing-simple_same_bar_reentry-allowed_warmup-strict: cached
[3720/4097] BANK2_BL-06_partial__T_input_field-raw_rsi_exit-level_rsi_smoothing-simple_same_bar_reentry-allowed_warmup-strict: cached
[3721/4097] BANK2_BL-06_partial__T_input_field-adjusted_rsi_exit-level_rsi_smoothing-simple_same_bar_reentry-wait_bar_warmup-strict: cached
[3722/4097] BANK2_BL-06_partial__T_input_field-raw_rsi_exit-level_rsi_smoothing-simple_same_bar_reentry-wait_bar_warmup-strict: cached
[3723/4097] BANK2_BL-06_partial__T_input_field-adjusted_rsi_exit-level_rsi_smoothing-simple_same_bar_reentry-allowed_warmup-ready_check: cached
[3724/4097] BANK2_BL-06_partial__T_input_field-raw_rsi_exit-level_rsi_smoothing-simple_same_bar_reentry-allowed_warmup-ready_check: cached
[3725/4097] BANK2_BL-06_partial__T_input_field-adjusted_rsi_exit-level_rsi_smoothing-simple_same_bar_reentry-wait_bar_warmup-ready_check: cached
[3726/4097] BANK2_BL-06_partial__T_input_field-raw_rsi_exit-level_rsi_smoothing-simple_same_bar_reentry-wait_bar_warmup-ready_check: cached
[3727/4097] BANK2_BL-06_partial__T_input_field-adjusted_rsi_exit-level_rsi_smoothing-wilder_same_bar_reentry-allowed_warmup-ready_per_rule: ok fills=270 (60.7s)
[3728/4097] BANK2_BL-06_partial__T_input_field-adjusted_rsi_exit-level_rsi_smoothing-wilder_same_bar_reentry-wait_bar_warmup-ready_per_rule: ok fills=266 (64.2s)
[3729/4097] BANK2_BL-06_partial__T_input_field-raw_rsi_exit-level_rsi_smoothing-wilder_same_bar_reentry-wait_bar_warmup-ready_per_rule: ok fills=278 (66.2s)
[3730/4097] BANK2_BL-06_partial__T_input_field-adjusted_rsi_exit-cross_rsi_smoothing-wilder_same_bar_reentry-allowed_warmup-ready_per_rule: ok fills=250 (68.1s)
[3731/4097] BANK2_BL-06_partial__T_input_field-adjusted_rsi_exit-cross_rsi_smoothing-simple_same_bar_reentry-allowed_warmup-strict: cached
[3732/4097] BANK2_BL-06_partial__T_input_field-raw_rsi_exit-cross_rsi_smoothing-simple_same_bar_reentry-allowed_warmup-strict: cached
[3733/4097] BANK2_BL-06_partial__T_input_field-adjusted_rsi_exit-cross_rsi_smoothing-simple_same_bar_reentry-wait_bar_warmup-strict: cached
[3734/4097] BANK2_BL-06_partial__T_input_field-raw_rsi_exit-cross_rsi_smoothing-simple_same_bar_reentry-wait_bar_warmup-strict: cached
[3735/4097] BANK2_BL-06_partial__T_input_field-adjusted_rsi_exit-cross_rsi_smoothing-simple_same_bar_reentry-allowed_warmup-ready_check: cached
[3736/4097] BANK2_BL-06_partial__T_input_field-raw_rsi_exit-cross_rsi_smoothing-simple_same_bar_reentry-allowed_warmup-ready_check: cached
[3737/4097] BANK2_BL-06_partial__T_input_field-adjusted_rsi_exit-cross_rsi_smoothing-simple_same_bar_reentry-wait_bar_warmup-ready_check: cached
[3738/4097] BANK2_BL-06_partial__T_input_field-raw_rsi_exit-cross_rsi_smoothing-simple_same_bar_reentry-wait_bar_warmup-ready_check: cached
[3739/4097] BANK2_BL-06_partial__T_input_field-raw_rsi_exit-cross_rsi_smoothing-wilder_same_bar_reentry-allowed_warmup-ready_per_rule: ok fills=264 (68.2s)
[3740/4097] BANK2_BL-06_partial__T_input_field-adjusted_rsi_exit-level_rsi_smoothing-simple_same_bar_reentry-wait_bar_warmup-ready_per_rule: exit=1 fills=None (11.8s)
[3741/4097] BANK2_BL-06_partial__T_input_field-adjusted_rsi_exit-cross_rsi_smoothing-wilder_same_bar_reentry-wait_bar_warmup-ready_per_rule: ok fills=250 (67.8s)
[3742/4097] BANK2_BL-06_partial__T_input_field-raw_rsi_exit-cross_rsi_smoothing-wilder_same_bar_reentry-wait_bar_warmup-ready_per_rule: ok fills=264 (66.4s)
[3743/4097] BANK2_BL-06_partial__OAT_a_exec-set_holdings: cached
[3744/4097] BANK2_BL-06_partial__OAT_cross_timing-today_ma: cached
[3745/4097] BANK2_BL-06_partial__SPOT_all_excluded_off: cached
[3746/4097] BANK2_BL-06_nocheck__ref: cached
[3747/4097] BANK2_BL-06_nocheck__T_input_field-raw_rsi_exit-level_rsi_smoothing-wilder_same_bar_reentry-allowed_warmup-strict: cached
[3748/4097] BANK2_BL-06_nocheck__T_input_field-adjusted_rsi_exit-level_rsi_smoothing-wilder_same_bar_reentry-wait_bar_warmup-strict: cached
[3749/4097] BANK2_BL-06_nocheck__T_input_field-raw_rsi_exit-level_rsi_smoothing-wilder_same_bar_reentry-wait_bar_warmup-strict: cached
[3750/4097] BANK2_BL-06_nocheck__T_input_field-adjusted_rsi_exit-level_rsi_smoothing-wilder_same_bar_reentry-allowed_warmup-ready_check: cached
[3751/4097] BANK2_BL-06_nocheck__T_input_field-raw_rsi_exit-level_rsi_smoothing-wilder_same_bar_reentry-allowed_warmup-ready_check: cached
[3752/4097] BANK2_BL-06_partial__T_input_field-adjusted_rsi_exit-cross_rsi_smoothing-simple_same_bar_reentry-wait_bar_warmup-ready_per_rule: exit=1 fills=None (16.3s)
[3753/4097] BANK2_BL-06_nocheck__T_input_field-adjusted_rsi_exit-level_rsi_smoothing-wilder_same_bar_reentry-wait_bar_warmup-ready_check: cached
[3754/4097] BANK2_BL-06_nocheck__T_input_field-raw_rsi_exit-level_rsi_smoothing-wilder_same_bar_reentry-wait_bar_warmup-ready_check: cached
[3755/4097] BANK2_BL-06_partial__T_input_field-adjusted_rsi_exit-level_rsi_smoothing-simple_same_bar_reentry-allowed_warmup-ready_per_rule: ok fills=318 (64.6s)
[3756/4097] BANK2_BL-06_partial__T_input_field-raw_rsi_exit-level_rsi_smoothing-simple_same_bar_reentry-allowed_warmup-ready_per_rule: ok fills=336 (64.4s)
[3757/4097] BANK2_BL-06_partial__T_input_field-raw_rsi_exit-level_rsi_smoothing-simple_same_bar_reentry-wait_bar_warmup-ready_per_rule: ok fills=322 (64.0s)
[3758/4097] BANK2_BL-06_nocheck__T_input_field-adjusted_rsi_exit-cross_rsi_smoothing-wilder_same_bar_reentry-allowed_warmup-strict: cached
[3759/4097] BANK2_BL-06_nocheck__T_input_field-raw_rsi_exit-cross_rsi_smoothing-wilder_same_bar_reentry-allowed_warmup-strict: cached
[3760/4097] BANK2_BL-06_nocheck__T_input_field-adjusted_rsi_exit-cross_rsi_smoothing-wilder_same_bar_reentry-wait_bar_warmup-strict: cached
[3761/4097] BANK2_BL-06_nocheck__T_input_field-raw_rsi_exit-cross_rsi_smoothing-wilder_same_bar_reentry-wait_bar_warmup-strict: cached
[3762/4097] BANK2_BL-06_nocheck__T_input_field-adjusted_rsi_exit-cross_rsi_smoothing-wilder_same_bar_reentry-allowed_warmup-ready_check: cached
[3763/4097] BANK2_BL-06_nocheck__T_input_field-raw_rsi_exit-cross_rsi_smoothing-wilder_same_bar_reentry-allowed_warmup-ready_check: cached
[3764/4097] BANK2_BL-06_nocheck__T_input_field-adjusted_rsi_exit-cross_rsi_smoothing-wilder_same_bar_reentry-wait_bar_warmup-ready_check: cached
[3765/4097] BANK2_BL-06_nocheck__T_input_field-raw_rsi_exit-cross_rsi_smoothing-wilder_same_bar_reentry-wait_bar_warmup-ready_check: cached
[3766/4097] BANK2_BL-06_partial__T_input_field-adjusted_rsi_exit-cross_rsi_smoothing-simple_same_bar_reentry-allowed_warmup-ready_per_rule: ok fills=268 (64.7s)
[3767/4097] BANK2_BL-06_partial__T_input_field-raw_rsi_exit-cross_rsi_smoothing-simple_same_bar_reentry-allowed_warmup-ready_per_rule: ok fills=288 (66.6s)
[3768/4097] BANK2_BL-06_partial__T_input_field-raw_rsi_exit-cross_rsi_smoothing-simple_same_bar_reentry-wait_bar_warmup-ready_per_rule: ok fills=288 (64.0s)
[3769/4097] BANK2_BL-06_nocheck__T_input_field-adjusted_rsi_exit-level_rsi_smoothing-wilder_same_bar_reentry-allowed_warmup-ready_per_rule: ok fills=270 (65.3s)
[3770/4097] BANK2_BL-06_nocheck__T_input_field-adjusted_rsi_exit-level_rsi_smoothing-simple_same_bar_reentry-allowed_warmup-strict: cached
[3771/4097] BANK2_BL-06_nocheck__T_input_field-raw_rsi_exit-level_rsi_smoothing-simple_same_bar_reentry-allowed_warmup-strict: cached
[3772/4097] BANK2_BL-06_nocheck__T_input_field-adjusted_rsi_exit-level_rsi_smoothing-simple_same_bar_reentry-wait_bar_warmup-strict: cached
[3773/4097] BANK2_BL-06_nocheck__T_input_field-raw_rsi_exit-level_rsi_smoothing-simple_same_bar_reentry-wait_bar_warmup-strict: cached
[3774/4097] BANK2_BL-06_nocheck__T_input_field-adjusted_rsi_exit-level_rsi_smoothing-simple_same_bar_reentry-allowed_warmup-ready_check: cached
[3775/4097] BANK2_BL-06_nocheck__T_input_field-raw_rsi_exit-level_rsi_smoothing-simple_same_bar_reentry-allowed_warmup-ready_check: cached
[3776/4097] BANK2_BL-06_nocheck__T_input_field-adjusted_rsi_exit-level_rsi_smoothing-simple_same_bar_reentry-wait_bar_warmup-ready_check: cached
[3777/4097] BANK2_BL-06_nocheck__T_input_field-raw_rsi_exit-level_rsi_smoothing-simple_same_bar_reentry-wait_bar_warmup-ready_check: cached
[3778/4097] BANK2_BL-06_nocheck__T_input_field-raw_rsi_exit-level_rsi_smoothing-wilder_same_bar_reentry-allowed_warmup-ready_per_rule: ok fills=280 (65.5s)
[3779/4097] BANK2_BL-06_nocheck__T_input_field-adjusted_rsi_exit-level_rsi_smoothing-wilder_same_bar_reentry-wait_bar_warmup-ready_per_rule: ok fills=266 (66.3s)
[3780/4097] BANK2_BL-06_nocheck__T_input_field-raw_rsi_exit-level_rsi_smoothing-wilder_same_bar_reentry-wait_bar_warmup-ready_per_rule: ok fills=278 (64.1s)
[3781/4097] BANK2_BL-06_nocheck__T_input_field-adjusted_rsi_exit-cross_rsi_smoothing-wilder_same_bar_reentry-allowed_warmup-ready_per_rule: ok fills=250 (61.3s)
[3782/4097] BANK2_BL-06_nocheck__T_input_field-adjusted_rsi_exit-cross_rsi_smoothing-simple_same_bar_reentry-allowed_warmup-strict: cached
[3783/4097] BANK2_BL-06_nocheck__T_input_field-raw_rsi_exit-cross_rsi_smoothing-simple_same_bar_reentry-allowed_warmup-strict: cached
[3784/4097] BANK2_BL-06_nocheck__T_input_field-adjusted_rsi_exit-cross_rsi_smoothing-simple_same_bar_reentry-wait_bar_warmup-strict: cached
[3785/4097] BANK2_BL-06_nocheck__T_input_field-raw_rsi_exit-cross_rsi_smoothing-simple_same_bar_reentry-wait_bar_warmup-strict: cached
[3786/4097] BANK2_BL-06_nocheck__T_input_field-adjusted_rsi_exit-cross_rsi_smoothing-simple_same_bar_reentry-allowed_warmup-ready_check: cached
[3787/4097] BANK2_BL-06_nocheck__T_input_field-raw_rsi_exit-cross_rsi_smoothing-simple_same_bar_reentry-allowed_warmup-ready_check: cached
[3788/4097] BANK2_BL-06_nocheck__T_input_field-adjusted_rsi_exit-cross_rsi_smoothing-simple_same_bar_reentry-wait_bar_warmup-ready_check: cached
[3789/4097] BANK2_BL-06_nocheck__T_input_field-raw_rsi_exit-cross_rsi_smoothing-simple_same_bar_reentry-wait_bar_warmup-ready_check: cached
[3790/4097] BANK2_BL-06_nocheck__T_input_field-adjusted_rsi_exit-cross_rsi_smoothing-wilder_same_bar_reentry-wait_bar_warmup-ready_per_rule: ok fills=250 (63.3s)
[3791/4097] BANK2_BL-06_nocheck__T_input_field-raw_rsi_exit-cross_rsi_smoothing-wilder_same_bar_reentry-allowed_warmup-ready_per_rule: ok fills=264 (66.9s)
[3792/4097] BANK2_BL-06_nocheck__T_input_field-raw_rsi_exit-cross_rsi_smoothing-wilder_same_bar_reentry-wait_bar_warmup-ready_per_rule: ok fills=264 (70.0s)
[3793/4097] BANK2_BL-06_nocheck__T_input_field-raw_rsi_exit-level_rsi_smoothing-simple_same_bar_reentry-allowed_warmup-ready_per_rule: ok fills=336 (70.3s)
[3794/4097] BANK2_BL-06_nocheck__OAT_a_exec-set_holdings: cached
[3795/4097] BANK2_BL-06_nocheck__OAT_cross_timing-today_ma: cached
[3796/4097] BANK2_BL-06_nocheck__SPOT_all_excluded_off: cached
[3797/4097] BANK2_OM-A_skip_all__ref: cached
[3798/4097] BANK2_OM-A_skip_all__T_cross_timing-both_days_input_field-adjusted_rsi_exit-level_rsi_smoothing-wilder_same_bar_reentry-allowed_warmup-ready_check: cached
[3799/4097] BANK2_BL-06_nocheck__T_input_field-adjusted_rsi_exit-level_rsi_smoothing-simple_same_bar_reentry-allowed_warmup-ready_per_rule: ok fills=318 (71.8s)
[3800/4097] BANK2_OM-A_skip_all__T_cross_timing-both_days_input_field-adjusted_rsi_exit-level_rsi_smoothing-wilder_same_bar_reentry-wait_bar_warmup-strict: cached
[3801/4097] BANK2_OM-A_skip_all__T_cross_timing-both_days_input_field-adjusted_rsi_exit-level_rsi_smoothing-wilder_same_bar_reentry-wait_bar_warmup-ready_check: cached
[3802/4097] BANK2_BL-06_nocheck__T_input_field-adjusted_rsi_exit-level_rsi_smoothing-simple_same_bar_reentry-wait_bar_warmup-ready_per_rule: ok fills=304 (69.4s)
[3803/4097] BANK2_OM-A_skip_all__T_cross_timing-both_days_input_field-adjusted_rsi_exit-level_rsi_smoothing-simple_same_bar_reentry-allowed_warmup-strict: cached
[3804/4097] BANK2_OM-A_skip_all__T_cross_timing-both_days_input_field-adjusted_rsi_exit-level_rsi_smoothing-simple_same_bar_reentry-allowed_warmup-ready_check: cached
[3805/4097] BANK2_BL-06_nocheck__T_input_field-raw_rsi_exit-level_rsi_smoothing-simple_same_bar_reentry-wait_bar_warmup-ready_per_rule: ok fills=322 (71.3s)
[3806/4097] BANK2_OM-A_skip_all__T_cross_timing-both_days_input_field-adjusted_rsi_exit-level_rsi_smoothing-simple_same_bar_reentry-wait_bar_warmup-strict: cached
[3807/4097] BANK2_OM-A_skip_all__T_cross_timing-both_days_input_field-adjusted_rsi_exit-level_rsi_smoothing-simple_same_bar_reentry-wait_bar_warmup-ready_check: cached
[3808/4097] BANK2_BL-06_nocheck__T_input_field-adjusted_rsi_exit-cross_rsi_smoothing-simple_same_bar_reentry-allowed_warmup-ready_per_rule: ok fills=268 (74.3s)
[3809/4097] BANK2_OM-A_skip_all__T_cross_timing-both_days_input_field-adjusted_rsi_exit-cross_rsi_smoothing-wilder_same_bar_reentry-allowed_warmup-strict: cached
[3810/4097] BANK2_OM-A_skip_all__T_cross_timing-both_days_input_field-adjusted_rsi_exit-cross_rsi_smoothing-wilder_same_bar_reentry-allowed_warmup-ready_check: cached
[3811/4097] BANK2_BL-06_nocheck__T_input_field-raw_rsi_exit-cross_rsi_smoothing-simple_same_bar_reentry-allowed_warmup-ready_per_rule: ok fills=288 (72.1s)
[3812/4097] BANK2_OM-A_skip_all__T_cross_timing-both_days_input_field-adjusted_rsi_exit-cross_rsi_smoothing-wilder_same_bar_reentry-wait_bar_warmup-strict: cached
[3813/4097] BANK2_OM-A_skip_all__T_cross_timing-both_days_input_field-adjusted_rsi_exit-cross_rsi_smoothing-wilder_same_bar_reentry-wait_bar_warmup-ready_check: cached
[3814/4097] BANK2_BL-06_nocheck__T_input_field-adjusted_rsi_exit-cross_rsi_smoothing-simple_same_bar_reentry-wait_bar_warmup-ready_per_rule: ok fills=268 (72.7s)
[3815/4097] BANK2_OM-A_skip_all__T_cross_timing-both_days_input_field-adjusted_rsi_exit-cross_rsi_smoothing-simple_same_bar_reentry-allowed_warmup-strict: cached
[3816/4097] BANK2_OM-A_skip_all__T_cross_timing-both_days_input_field-adjusted_rsi_exit-cross_rsi_smoothing-simple_same_bar_reentry-allowed_warmup-ready_check: cached
[3817/4097] BANK2_BL-06_nocheck__T_input_field-raw_rsi_exit-cross_rsi_smoothing-simple_same_bar_reentry-wait_bar_warmup-ready_per_rule: ok fills=288 (76.2s)
[3818/4097] BANK2_OM-A_skip_all__T_cross_timing-both_days_input_field-adjusted_rsi_exit-cross_rsi_smoothing-simple_same_bar_reentry-wait_bar_warmup-strict: cached
[3819/4097] BANK2_OM-A_skip_all__T_cross_timing-both_days_input_field-adjusted_rsi_exit-cross_rsi_smoothing-simple_same_bar_reentry-wait_bar_warmup-ready_check: cached
[3820/4097] BANK2_OM-A_skip_all__T_cross_timing-both_days_input_field-adjusted_rsi_exit-level_rsi_smoothing-wilder_same_bar_reentry-wait_bar_warmup-ready_per_rule: ok fills=266 (74.7s)
[3821/4097] BANK2_OM-A_skip_all__T_cross_timing-both_days_input_field-raw_rsi_exit-level_rsi_smoothing-wilder_same_bar_reentry-allowed_warmup-strict: cached
[3822/4097] BANK2_OM-A_skip_all__T_cross_timing-both_days_input_field-raw_rsi_exit-level_rsi_smoothing-wilder_same_bar_reentry-allowed_warmup-ready_check: cached
[3823/4097] BANK2_OM-A_skip_all__T_cross_timing-both_days_input_field-adjusted_rsi_exit-level_rsi_smoothing-wilder_same_bar_reentry-allowed_warmup-ready_per_rule: ok fills=270 (76.9s)
[3824/4097] BANK2_OM-A_skip_all__T_cross_timing-both_days_input_field-raw_rsi_exit-level_rsi_smoothing-wilder_same_bar_reentry-wait_bar_warmup-strict: cached
[3825/4097] BANK2_OM-A_skip_all__T_cross_timing-both_days_input_field-raw_rsi_exit-level_rsi_smoothing-wilder_same_bar_reentry-wait_bar_warmup-ready_check: cached
[3826/4097] BANK2_OM-A_skip_all__T_cross_timing-both_days_input_field-adjusted_rsi_exit-level_rsi_smoothing-simple_same_bar_reentry-allowed_warmup-ready_per_rule: ok fills=318 (84.9s)
[3827/4097] BANK2_OM-A_skip_all__T_cross_timing-both_days_input_field-raw_rsi_exit-level_rsi_smoothing-simple_same_bar_reentry-allowed_warmup-strict: cached
[3828/4097] BANK2_OM-A_skip_all__T_cross_timing-both_days_input_field-raw_rsi_exit-level_rsi_smoothing-simple_same_bar_reentry-allowed_warmup-ready_check: cached
[3829/4097] BANK2_OM-A_skip_all__T_cross_timing-both_days_input_field-adjusted_rsi_exit-level_rsi_smoothing-simple_same_bar_reentry-wait_bar_warmup-ready_per_rule: ok fills=304 (74.8s)
[3830/4097] BANK2_OM-A_skip_all__T_cross_timing-both_days_input_field-raw_rsi_exit-level_rsi_smoothing-simple_same_bar_reentry-wait_bar_warmup-strict: cached
[3831/4097] BANK2_OM-A_skip_all__T_cross_timing-both_days_input_field-raw_rsi_exit-level_rsi_smoothing-simple_same_bar_reentry-wait_bar_warmup-ready_check: cached
[3832/4097] BANK2_OM-A_skip_all__T_cross_timing-both_days_input_field-raw_rsi_exit-level_rsi_smoothing-wilder_same_bar_reentry-allowed_warmup-ready_per_rule: exit=1 fills=None (17.6s)
[3833/4097] BANK2_OM-A_skip_all__T_cross_timing-both_days_input_field-raw_rsi_exit-cross_rsi_smoothing-wilder_same_bar_reentry-allowed_warmup-strict: cached
[3834/4097] BANK2_OM-A_skip_all__T_cross_timing-both_days_input_field-raw_rsi_exit-cross_rsi_smoothing-wilder_same_bar_reentry-allowed_warmup-ready_check: cached
[3835/4097] BANK2_OM-A_skip_all__T_cross_timing-both_days_input_field-adjusted_rsi_exit-cross_rsi_smoothing-wilder_same_bar_reentry-allowed_warmup-ready_per_rule: ok fills=250 (66.0s)
[3836/4097] BANK2_OM-A_skip_all__T_cross_timing-both_days_input_field-raw_rsi_exit-cross_rsi_smoothing-wilder_same_bar_reentry-wait_bar_warmup-strict: cached
[3837/4097] BANK2_OM-A_skip_all__T_cross_timing-both_days_input_field-raw_rsi_exit-cross_rsi_smoothing-wilder_same_bar_reentry-wait_bar_warmup-ready_check: cached
[3838/4097] BANK2_OM-A_skip_all__T_cross_timing-both_days_input_field-adjusted_rsi_exit-cross_rsi_smoothing-wilder_same_bar_reentry-wait_bar_warmup-ready_per_rule: ok fills=250 (73.0s)
[3839/4097] BANK2_OM-A_skip_all__T_cross_timing-both_days_input_field-raw_rsi_exit-cross_rsi_smoothing-simple_same_bar_reentry-allowed_warmup-strict: cached
[3840/4097] BANK2_OM-A_skip_all__T_cross_timing-both_days_input_field-raw_rsi_exit-cross_rsi_smoothing-simple_same_bar_reentry-allowed_warmup-ready_check: cached
[3841/4097] BANK2_OM-A_skip_all__T_cross_timing-both_days_input_field-raw_rsi_exit-cross_rsi_smoothing-wilder_same_bar_reentry-wait_bar_warmup-ready_per_rule: exit=1 fills=None (15.1s)
[3842/4097] BANK2_OM-A_skip_all__T_cross_timing-both_days_input_field-raw_rsi_exit-cross_rsi_smoothing-simple_same_bar_reentry-wait_bar_warmup-strict: cached
[3843/4097] BANK2_OM-A_skip_all__T_cross_timing-both_days_input_field-raw_rsi_exit-cross_rsi_smoothing-simple_same_bar_reentry-wait_bar_warmup-ready_check: cached
[3844/4097] BANK2_OM-A_skip_all__T_cross_timing-both_days_input_field-adjusted_rsi_exit-cross_rsi_smoothing-simple_same_bar_reentry-allowed_warmup-ready_per_rule: ok fills=268 (71.8s)
[3845/4097] BANK2_OM-A_skip_all__T_cross_timing-today_ma_input_field-adjusted_rsi_exit-level_rsi_smoothing-wilder_same_bar_reentry-allowed_warmup-strict: cached
[3846/4097] BANK2_OM-A_skip_all__T_cross_timing-today_ma_input_field-adjusted_rsi_exit-level_rsi_smoothing-wilder_same_bar_reentry-allowed_warmup-ready_check: cached
[3847/4097] BANK2_OM-A_skip_all__T_cross_timing-both_days_input_field-adjusted_rsi_exit-cross_rsi_smoothing-simple_same_bar_reentry-wait_bar_warmup-ready_per_rule: ok fills=268 (68.8s)
[3848/4097] BANK2_OM-A_skip_all__T_cross_timing-today_ma_input_field-adjusted_rsi_exit-level_rsi_smoothing-wilder_same_bar_reentry-wait_bar_warmup-strict: cached
[3849/4097] BANK2_OM-A_skip_all__T_cross_timing-today_ma_input_field-adjusted_rsi_exit-level_rsi_smoothing-wilder_same_bar_reentry-wait_bar_warmup-ready_check: cached
[3850/4097] BANK2_OM-A_skip_all__T_cross_timing-both_days_input_field-raw_rsi_exit-level_rsi_smoothing-wilder_same_bar_reentry-wait_bar_warmup-ready_per_rule: ok fills=278 (68.5s)
[3851/4097] BANK2_OM-A_skip_all__T_cross_timing-today_ma_input_field-adjusted_rsi_exit-level_rsi_smoothing-simple_same_bar_reentry-allowed_warmup-strict: cached
[3852/4097] BANK2_OM-A_skip_all__T_cross_timing-today_ma_input_field-adjusted_rsi_exit-level_rsi_smoothing-simple_same_bar_reentry-allowed_warmup-ready_check: cached
[3853/4097] BANK2_OM-A_skip_all__T_cross_timing-both_days_input_field-raw_rsi_exit-level_rsi_smoothing-simple_same_bar_reentry-allowed_warmup-ready_per_rule: ok fills=336 (72.1s)
[3854/4097] BANK2_OM-A_skip_all__T_cross_timing-today_ma_input_field-adjusted_rsi_exit-level_rsi_smoothing-simple_same_bar_reentry-wait_bar_warmup-strict: cached
[3855/4097] BANK2_OM-A_skip_all__T_cross_timing-today_ma_input_field-adjusted_rsi_exit-level_rsi_smoothing-simple_same_bar_reentry-wait_bar_warmup-ready_check: cached
[3856/4097] BANK2_OM-A_skip_all__T_cross_timing-both_days_input_field-raw_rsi_exit-level_rsi_smoothing-simple_same_bar_reentry-wait_bar_warmup-ready_per_rule: ok fills=322 (70.1s)
[3857/4097] BANK2_OM-A_skip_all__T_cross_timing-today_ma_input_field-adjusted_rsi_exit-cross_rsi_smoothing-wilder_same_bar_reentry-allowed_warmup-strict: cached
[3858/4097] BANK2_OM-A_skip_all__T_cross_timing-today_ma_input_field-adjusted_rsi_exit-cross_rsi_smoothing-wilder_same_bar_reentry-allowed_warmup-ready_check: cached
[3859/4097] BANK2_OM-A_skip_all__T_cross_timing-both_days_input_field-raw_rsi_exit-cross_rsi_smoothing-wilder_same_bar_reentry-allowed_warmup-ready_per_rule: ok fills=264 (69.9s)
[3860/4097] BANK2_OM-A_skip_all__T_cross_timing-today_ma_input_field-adjusted_rsi_exit-cross_rsi_smoothing-wilder_same_bar_reentry-wait_bar_warmup-strict: cached
[3861/4097] BANK2_OM-A_skip_all__T_cross_timing-today_ma_input_field-adjusted_rsi_exit-cross_rsi_smoothing-wilder_same_bar_reentry-wait_bar_warmup-ready_check: cached
[3862/4097] BANK2_OM-A_skip_all__T_cross_timing-today_ma_input_field-adjusted_rsi_exit-level_rsi_smoothing-wilder_same_bar_reentry-allowed_warmup-ready_per_rule: ok fills=266 (65.1s)
[3863/4097] BANK2_OM-A_skip_all__T_cross_timing-today_ma_input_field-adjusted_rsi_exit-cross_rsi_smoothing-simple_same_bar_reentry-allowed_warmup-strict: cached
[3864/4097] BANK2_OM-A_skip_all__T_cross_timing-today_ma_input_field-adjusted_rsi_exit-cross_rsi_smoothing-simple_same_bar_reentry-allowed_warmup-ready_check: cached
[3865/4097] BANK2_OM-A_skip_all__T_cross_timing-both_days_input_field-raw_rsi_exit-cross_rsi_smoothing-simple_same_bar_reentry-allowed_warmup-ready_per_rule: ok fills=288 (66.3s)
[3866/4097] BANK2_OM-A_skip_all__T_cross_timing-today_ma_input_field-adjusted_rsi_exit-cross_rsi_smoothing-simple_same_bar_reentry-wait_bar_warmup-strict: cached
[3867/4097] BANK2_OM-A_skip_all__T_cross_timing-today_ma_input_field-adjusted_rsi_exit-cross_rsi_smoothing-simple_same_bar_reentry-wait_bar_warmup-ready_check: cached
[3868/4097] BANK2_OM-A_skip_all__T_cross_timing-both_days_input_field-raw_rsi_exit-cross_rsi_smoothing-simple_same_bar_reentry-wait_bar_warmup-ready_per_rule: ok fills=288 (69.6s)
[3869/4097] BANK2_OM-A_skip_all__T_cross_timing-today_ma_input_field-raw_rsi_exit-level_rsi_smoothing-wilder_same_bar_reentry-allowed_warmup-strict: cached
[3870/4097] BANK2_OM-A_skip_all__T_cross_timing-today_ma_input_field-raw_rsi_exit-level_rsi_smoothing-wilder_same_bar_reentry-allowed_warmup-ready_check: cached
[3871/4097] BANK2_OM-A_skip_all__T_cross_timing-today_ma_input_field-adjusted_rsi_exit-level_rsi_smoothing-simple_same_bar_reentry-allowed_warmup-ready_per_rule: ok fills=314 (63.1s)
[3872/4097] BANK2_OM-A_skip_all__T_cross_timing-today_ma_input_field-raw_rsi_exit-level_rsi_smoothing-wilder_same_bar_reentry-wait_bar_warmup-strict: cached
[3873/4097] BANK2_OM-A_skip_all__T_cross_timing-today_ma_input_field-raw_rsi_exit-level_rsi_smoothing-wilder_same_bar_reentry-wait_bar_warmup-ready_check: cached
[3874/4097] BANK2_OM-A_skip_all__T_cross_timing-today_ma_input_field-adjusted_rsi_exit-level_rsi_smoothing-wilder_same_bar_reentry-wait_bar_warmup-ready_per_rule: ok fills=262 (68.5s)
[3875/4097] BANK2_OM-A_skip_all__T_cross_timing-today_ma_input_field-raw_rsi_exit-level_rsi_smoothing-simple_same_bar_reentry-allowed_warmup-strict: cached
[3876/4097] BANK2_OM-A_skip_all__T_cross_timing-today_ma_input_field-raw_rsi_exit-level_rsi_smoothing-simple_same_bar_reentry-allowed_warmup-ready_check: cached
[3877/4097] BANK2_OM-A_skip_all__T_cross_timing-today_ma_input_field-adjusted_rsi_exit-cross_rsi_smoothing-wilder_same_bar_reentry-allowed_warmup-ready_per_rule: ok fills=246 (65.5s)
[3878/4097] BANK2_OM-A_skip_all__T_cross_timing-today_ma_input_field-raw_rsi_exit-level_rsi_smoothing-simple_same_bar_reentry-wait_bar_warmup-strict: cached
[3879/4097] BANK2_OM-A_skip_all__T_cross_timing-today_ma_input_field-raw_rsi_exit-level_rsi_smoothing-simple_same_bar_reentry-wait_bar_warmup-ready_check: cached
[3880/4097] BANK2_OM-A_skip_all__T_cross_timing-today_ma_input_field-adjusted_rsi_exit-level_rsi_smoothing-simple_same_bar_reentry-wait_bar_warmup-ready_per_rule: ok fills=300 (73.9s)
[3881/4097] BANK2_OM-A_skip_all__T_cross_timing-today_ma_input_field-raw_rsi_exit-cross_rsi_smoothing-wilder_same_bar_reentry-allowed_warmup-strict: cached
[3882/4097] BANK2_OM-A_skip_all__T_cross_timing-today_ma_input_field-raw_rsi_exit-cross_rsi_smoothing-wilder_same_bar_reentry-allowed_warmup-ready_check: cached
[3883/4097] BANK2_OM-A_skip_all__T_cross_timing-today_ma_input_field-adjusted_rsi_exit-cross_rsi_smoothing-wilder_same_bar_reentry-wait_bar_warmup-ready_per_rule: ok fills=246 (71.1s)
[3884/4097] BANK2_OM-A_skip_all__T_cross_timing-today_ma_input_field-raw_rsi_exit-cross_rsi_smoothing-wilder_same_bar_reentry-wait_bar_warmup-strict: cached
[3885/4097] BANK2_OM-A_skip_all__T_cross_timing-today_ma_input_field-raw_rsi_exit-cross_rsi_smoothing-wilder_same_bar_reentry-wait_bar_warmup-ready_check: cached
[3886/4097] BANK2_OM-A_skip_all__T_cross_timing-today_ma_input_field-adjusted_rsi_exit-cross_rsi_smoothing-simple_same_bar_reentry-wait_bar_warmup-ready_per_rule: ok fills=264 (73.3s)
[3887/4097] BANK2_OM-A_skip_all__T_cross_timing-today_ma_input_field-raw_rsi_exit-cross_rsi_smoothing-simple_same_bar_reentry-allowed_warmup-strict: cached
[3888/4097] BANK2_OM-A_skip_all__T_cross_timing-today_ma_input_field-raw_rsi_exit-cross_rsi_smoothing-simple_same_bar_reentry-allowed_warmup-ready_check: cached
[3889/4097] BANK2_OM-A_skip_all__T_cross_timing-today_ma_input_field-raw_rsi_exit-level_rsi_smoothing-wilder_same_bar_reentry-allowed_warmup-ready_per_rule: ok fills=278 (69.9s)
[3890/4097] BANK2_OM-A_skip_all__T_cross_timing-today_ma_input_field-raw_rsi_exit-cross_rsi_smoothing-simple_same_bar_reentry-wait_bar_warmup-strict: cached
[3891/4097] BANK2_OM-A_skip_all__T_cross_timing-today_ma_input_field-raw_rsi_exit-cross_rsi_smoothing-simple_same_bar_reentry-wait_bar_warmup-ready_check: cached
[3892/4097] BANK2_OM-A_skip_all__T_cross_timing-today_ma_input_field-adjusted_rsi_exit-cross_rsi_smoothing-simple_same_bar_reentry-allowed_warmup-ready_per_rule: ok fills=264 (79.1s)
[3893/4097] BANK2_OM-A_skip_all__OAT_a_exec-set_holdings: cached
[3894/4097] BANK2_OM-A_skip_all__T_cross_timing-today_ma_input_field-raw_rsi_exit-level_rsi_smoothing-simple_same_bar_reentry-allowed_warmup-ready_per_rule: ok fills=334 (70.5s)
[3895/4097] BANK2_OM-A_try_except__ref: cached
[3896/4097] BANK2_OM-A_try_except__T_cross_timing-both_days_input_field-adjusted_rsi_exit-level_rsi_smoothing-wilder_same_bar_reentry-allowed_warmup-ready_check: cached
[3897/4097] BANK2_OM-A_skip_all__T_cross_timing-today_ma_input_field-raw_rsi_exit-level_rsi_smoothing-wilder_same_bar_reentry-wait_bar_warmup-ready_per_rule: ok fills=276 (73.0s)
[3898/4097] BANK2_OM-A_try_except__T_cross_timing-both_days_input_field-adjusted_rsi_exit-level_rsi_smoothing-wilder_same_bar_reentry-wait_bar_warmup-strict: cached
[3899/4097] BANK2_OM-A_try_except__T_cross_timing-both_days_input_field-adjusted_rsi_exit-level_rsi_smoothing-wilder_same_bar_reentry-wait_bar_warmup-ready_check: cached
[3900/4097] BANK2_OM-A_skip_all__SPOT_all_excluded_off: exit=1 fills=None (16.2s)
[3901/4097] BANK2_OM-A_try_except__T_cross_timing-both_days_input_field-adjusted_rsi_exit-level_rsi_smoothing-simple_same_bar_reentry-allowed_warmup-strict: cached
[3902/4097] BANK2_OM-A_try_except__T_cross_timing-both_days_input_field-adjusted_rsi_exit-level_rsi_smoothing-simple_same_bar_reentry-allowed_warmup-ready_check: cached
[3903/4097] BANK2_OM-A_skip_all__T_cross_timing-today_ma_input_field-raw_rsi_exit-level_rsi_smoothing-simple_same_bar_reentry-wait_bar_warmup-ready_per_rule: ok fills=320 (70.3s)
[3904/4097] BANK2_OM-A_try_except__T_cross_timing-both_days_input_field-adjusted_rsi_exit-level_rsi_smoothing-simple_same_bar_reentry-wait_bar_warmup-strict: cached
[3905/4097] BANK2_OM-A_try_except__T_cross_timing-both_days_input_field-adjusted_rsi_exit-level_rsi_smoothing-simple_same_bar_reentry-wait_bar_warmup-ready_check: cached
[3906/4097] BANK2_OM-A_skip_all__T_cross_timing-today_ma_input_field-raw_rsi_exit-cross_rsi_smoothing-wilder_same_bar_reentry-wait_bar_warmup-ready_per_rule: ok fills=262 (74.7s)
[3907/4097] BANK2_OM-A_try_except__T_cross_timing-both_days_input_field-adjusted_rsi_exit-cross_rsi_smoothing-wilder_same_bar_reentry-allowed_warmup-strict: cached
[3908/4097] BANK2_OM-A_try_except__T_cross_timing-both_days_input_field-adjusted_rsi_exit-cross_rsi_smoothing-wilder_same_bar_reentry-allowed_warmup-ready_check: cached
[3909/4097] BANK2_OM-A_skip_all__T_cross_timing-today_ma_input_field-raw_rsi_exit-cross_rsi_smoothing-wilder_same_bar_reentry-allowed_warmup-ready_per_rule: ok fills=262 (77.2s)
[3910/4097] BANK2_OM-A_try_except__T_cross_timing-both_days_input_field-adjusted_rsi_exit-cross_rsi_smoothing-wilder_same_bar_reentry-wait_bar_warmup-strict: cached
[3911/4097] BANK2_OM-A_try_except__T_cross_timing-both_days_input_field-adjusted_rsi_exit-cross_rsi_smoothing-wilder_same_bar_reentry-wait_bar_warmup-ready_check: cached
[3912/4097] BANK2_OM-A_skip_all__T_cross_timing-today_ma_input_field-raw_rsi_exit-cross_rsi_smoothing-simple_same_bar_reentry-allowed_warmup-ready_per_rule: ok fills=286 (75.3s)
[3913/4097] BANK2_OM-A_try_except__T_cross_timing-both_days_input_field-adjusted_rsi_exit-cross_rsi_smoothing-simple_same_bar_reentry-allowed_warmup-strict: cached
[3914/4097] BANK2_OM-A_try_except__T_cross_timing-both_days_input_field-adjusted_rsi_exit-cross_rsi_smoothing-simple_same_bar_reentry-allowed_warmup-ready_check: cached
[3915/4097] BANK2_OM-A_skip_all__T_cross_timing-today_ma_input_field-raw_rsi_exit-cross_rsi_smoothing-simple_same_bar_reentry-wait_bar_warmup-ready_per_rule: ok fills=286 (75.6s)
[3916/4097] BANK2_OM-A_try_except__T_cross_timing-both_days_input_field-adjusted_rsi_exit-cross_rsi_smoothing-simple_same_bar_reentry-wait_bar_warmup-strict: cached
[3917/4097] BANK2_OM-A_try_except__T_cross_timing-both_days_input_field-adjusted_rsi_exit-cross_rsi_smoothing-simple_same_bar_reentry-wait_bar_warmup-ready_check: cached
[3918/4097] BANK2_OM-A_try_except__T_cross_timing-both_days_input_field-adjusted_rsi_exit-level_rsi_smoothing-simple_same_bar_reentry-allowed_warmup-ready_per_rule: ok fills=318 (72.5s)
[3919/4097] BANK2_OM-A_try_except__T_cross_timing-both_days_input_field-raw_rsi_exit-level_rsi_smoothing-wilder_same_bar_reentry-allowed_warmup-strict: cached
[3920/4097] BANK2_OM-A_try_except__T_cross_timing-both_days_input_field-raw_rsi_exit-level_rsi_smoothing-wilder_same_bar_reentry-allowed_warmup-ready_check: cached
[3921/4097] BANK2_OM-A_try_except__T_cross_timing-both_days_input_field-adjusted_rsi_exit-level_rsi_smoothing-wilder_same_bar_reentry-wait_bar_warmup-ready_per_rule: ok fills=266 (75.0s)
[3922/4097] BANK2_OM-A_try_except__T_cross_timing-both_days_input_field-raw_rsi_exit-level_rsi_smoothing-wilder_same_bar_reentry-wait_bar_warmup-strict: cached
[3923/4097] BANK2_OM-A_try_except__T_cross_timing-both_days_input_field-raw_rsi_exit-level_rsi_smoothing-wilder_same_bar_reentry-wait_bar_warmup-ready_check: cached
[3924/4097] BANK2_OM-A_try_except__T_cross_timing-both_days_input_field-adjusted_rsi_exit-level_rsi_smoothing-wilder_same_bar_reentry-allowed_warmup-ready_per_rule: ok fills=270 (79.9s)
[3925/4097] BANK2_OM-A_try_except__T_cross_timing-both_days_input_field-raw_rsi_exit-level_rsi_smoothing-simple_same_bar_reentry-allowed_warmup-strict: cached
[3926/4097] BANK2_OM-A_try_except__T_cross_timing-both_days_input_field-raw_rsi_exit-level_rsi_smoothing-simple_same_bar_reentry-allowed_warmup-ready_check: cached
[3927/4097] BANK2_OM-A_try_except__T_cross_timing-both_days_input_field-adjusted_rsi_exit-level_rsi_smoothing-simple_same_bar_reentry-wait_bar_warmup-ready_per_rule: ok fills=304 (71.5s)
[3928/4097] BANK2_OM-A_try_except__T_cross_timing-both_days_input_field-raw_rsi_exit-level_rsi_smoothing-simple_same_bar_reentry-wait_bar_warmup-strict: cached
[3929/4097] BANK2_OM-A_try_except__T_cross_timing-both_days_input_field-raw_rsi_exit-level_rsi_smoothing-simple_same_bar_reentry-wait_bar_warmup-ready_check: cached
[3930/4097] BANK2_OM-A_try_except__T_cross_timing-both_days_input_field-adjusted_rsi_exit-cross_rsi_smoothing-wilder_same_bar_reentry-allowed_warmup-ready_per_rule: ok fills=250 (71.6s)
[3931/4097] BANK2_OM-A_try_except__T_cross_timing-both_days_input_field-raw_rsi_exit-cross_rsi_smoothing-wilder_same_bar_reentry-allowed_warmup-strict: cached
[3932/4097] BANK2_OM-A_try_except__T_cross_timing-both_days_input_field-raw_rsi_exit-cross_rsi_smoothing-wilder_same_bar_reentry-allowed_warmup-ready_check: cached
[3933/4097] BANK2_OM-A_try_except__T_cross_timing-both_days_input_field-adjusted_rsi_exit-cross_rsi_smoothing-wilder_same_bar_reentry-wait_bar_warmup-ready_per_rule: ok fills=250 (75.5s)
[3934/4097] BANK2_OM-A_try_except__T_cross_timing-both_days_input_field-raw_rsi_exit-cross_rsi_smoothing-wilder_same_bar_reentry-wait_bar_warmup-strict: cached
[3935/4097] BANK2_OM-A_try_except__T_cross_timing-both_days_input_field-raw_rsi_exit-cross_rsi_smoothing-wilder_same_bar_reentry-wait_bar_warmup-ready_check: cached
[3936/4097] BANK2_OM-A_try_except__T_cross_timing-both_days_input_field-adjusted_rsi_exit-cross_rsi_smoothing-simple_same_bar_reentry-wait_bar_warmup-ready_per_rule: ok fills=268 (69.4s)
[3937/4097] BANK2_OM-A_try_except__T_cross_timing-both_days_input_field-raw_rsi_exit-cross_rsi_smoothing-simple_same_bar_reentry-allowed_warmup-strict: cached
[3938/4097] BANK2_OM-A_try_except__T_cross_timing-both_days_input_field-raw_rsi_exit-cross_rsi_smoothing-simple_same_bar_reentry-allowed_warmup-ready_check: cached
[3939/4097] BANK2_OM-A_try_except__T_cross_timing-both_days_input_field-adjusted_rsi_exit-cross_rsi_smoothing-simple_same_bar_reentry-allowed_warmup-ready_per_rule: ok fills=268 (75.2s)
[3940/4097] BANK2_OM-A_try_except__T_cross_timing-both_days_input_field-raw_rsi_exit-cross_rsi_smoothing-simple_same_bar_reentry-wait_bar_warmup-strict: cached
[3941/4097] BANK2_OM-A_try_except__T_cross_timing-both_days_input_field-raw_rsi_exit-cross_rsi_smoothing-simple_same_bar_reentry-wait_bar_warmup-ready_check: cached
[3942/4097] BANK2_OM-A_try_except__T_cross_timing-both_days_input_field-raw_rsi_exit-level_rsi_smoothing-wilder_same_bar_reentry-allowed_warmup-ready_per_rule: ok fills=280 (71.2s)
[3943/4097] BANK2_OM-A_try_except__T_cross_timing-today_ma_input_field-adjusted_rsi_exit-level_rsi_smoothing-wilder_same_bar_reentry-allowed_warmup-strict: cached
[3944/4097] BANK2_OM-A_try_except__T_cross_timing-today_ma_input_field-adjusted_rsi_exit-level_rsi_smoothing-wilder_same_bar_reentry-allowed_warmup-ready_check: cached
[3945/4097] BANK2_OM-A_try_except__T_cross_timing-both_days_input_field-raw_rsi_exit-level_rsi_smoothing-wilder_same_bar_reentry-wait_bar_warmup-ready_per_rule: ok fills=278 (75.2s)
[3946/4097] BANK2_OM-A_try_except__T_cross_timing-today_ma_input_field-adjusted_rsi_exit-level_rsi_smoothing-wilder_same_bar_reentry-wait_bar_warmup-strict: cached
[3947/4097] BANK2_OM-A_try_except__T_cross_timing-today_ma_input_field-adjusted_rsi_exit-level_rsi_smoothing-wilder_same_bar_reentry-wait_bar_warmup-ready_check: cached
[3948/4097] BANK2_OM-A_try_except__T_cross_timing-both_days_input_field-raw_rsi_exit-level_rsi_smoothing-simple_same_bar_reentry-allowed_warmup-ready_per_rule: ok fills=336 (70.9s)
[3949/4097] BANK2_OM-A_try_except__T_cross_timing-today_ma_input_field-adjusted_rsi_exit-level_rsi_smoothing-simple_same_bar_reentry-allowed_warmup-strict: cached
[3950/4097] BANK2_OM-A_try_except__T_cross_timing-today_ma_input_field-adjusted_rsi_exit-level_rsi_smoothing-simple_same_bar_reentry-allowed_warmup-ready_check: cached
[3951/4097] BANK2_OM-A_try_except__T_cross_timing-both_days_input_field-raw_rsi_exit-level_rsi_smoothing-simple_same_bar_reentry-wait_bar_warmup-ready_per_rule: ok fills=322 (76.8s)
[3952/4097] BANK2_OM-A_try_except__T_cross_timing-today_ma_input_field-adjusted_rsi_exit-level_rsi_smoothing-simple_same_bar_reentry-wait_bar_warmup-strict: cached
[3953/4097] BANK2_OM-A_try_except__T_cross_timing-today_ma_input_field-adjusted_rsi_exit-level_rsi_smoothing-simple_same_bar_reentry-wait_bar_warmup-ready_check: cached
[3954/4097] BANK2_OM-A_try_except__T_cross_timing-both_days_input_field-raw_rsi_exit-cross_rsi_smoothing-wilder_same_bar_reentry-allowed_warmup-ready_per_rule: ok fills=264 (69.0s)
[3955/4097] BANK2_OM-A_try_except__T_cross_timing-today_ma_input_field-adjusted_rsi_exit-cross_rsi_smoothing-wilder_same_bar_reentry-allowed_warmup-strict: cached
[3956/4097] BANK2_OM-A_try_except__T_cross_timing-today_ma_input_field-adjusted_rsi_exit-cross_rsi_smoothing-wilder_same_bar_reentry-allowed_warmup-ready_check: cached
[3957/4097] BANK2_OM-A_try_except__T_cross_timing-both_days_input_field-raw_rsi_exit-cross_rsi_smoothing-wilder_same_bar_reentry-wait_bar_warmup-ready_per_rule: ok fills=264 (71.8s)
[3958/4097] BANK2_OM-A_try_except__T_cross_timing-today_ma_input_field-adjusted_rsi_exit-cross_rsi_smoothing-wilder_same_bar_reentry-wait_bar_warmup-strict: cached
[3959/4097] BANK2_OM-A_try_except__T_cross_timing-today_ma_input_field-adjusted_rsi_exit-cross_rsi_smoothing-wilder_same_bar_reentry-wait_bar_warmup-ready_check: cached
[3960/4097] BANK2_OM-A_try_except__T_cross_timing-both_days_input_field-raw_rsi_exit-cross_rsi_smoothing-simple_same_bar_reentry-allowed_warmup-ready_per_rule: ok fills=288 (65.9s)
[3961/4097] BANK2_OM-A_try_except__T_cross_timing-today_ma_input_field-adjusted_rsi_exit-cross_rsi_smoothing-simple_same_bar_reentry-allowed_warmup-strict: cached
[3962/4097] BANK2_OM-A_try_except__T_cross_timing-today_ma_input_field-adjusted_rsi_exit-cross_rsi_smoothing-simple_same_bar_reentry-allowed_warmup-ready_check: cached
[3963/4097] BANK2_OM-A_try_except__T_cross_timing-both_days_input_field-raw_rsi_exit-cross_rsi_smoothing-simple_same_bar_reentry-wait_bar_warmup-ready_per_rule: ok fills=288 (63.5s)
[3964/4097] BANK2_OM-A_try_except__T_cross_timing-today_ma_input_field-adjusted_rsi_exit-cross_rsi_smoothing-simple_same_bar_reentry-wait_bar_warmup-strict: cached
[3965/4097] BANK2_OM-A_try_except__T_cross_timing-today_ma_input_field-adjusted_rsi_exit-cross_rsi_smoothing-simple_same_bar_reentry-wait_bar_warmup-ready_check: cached
[3966/4097] BANK2_OM-A_try_except__T_cross_timing-today_ma_input_field-adjusted_rsi_exit-level_rsi_smoothing-wilder_same_bar_reentry-allowed_warmup-ready_per_rule: ok fills=266 (70.4s)
[3967/4097] BANK2_OM-A_try_except__T_cross_timing-today_ma_input_field-raw_rsi_exit-level_rsi_smoothing-wilder_same_bar_reentry-allowed_warmup-strict: cached
[3968/4097] BANK2_OM-A_try_except__T_cross_timing-today_ma_input_field-raw_rsi_exit-level_rsi_smoothing-wilder_same_bar_reentry-allowed_warmup-ready_check: cached
[3969/4097] BANK2_OM-A_try_except__T_cross_timing-today_ma_input_field-adjusted_rsi_exit-level_rsi_smoothing-wilder_same_bar_reentry-wait_bar_warmup-ready_per_rule: ok fills=262 (72.8s)
[3970/4097] BANK2_OM-A_try_except__T_cross_timing-today_ma_input_field-raw_rsi_exit-level_rsi_smoothing-wilder_same_bar_reentry-wait_bar_warmup-strict: cached
[3971/4097] BANK2_OM-A_try_except__T_cross_timing-today_ma_input_field-raw_rsi_exit-level_rsi_smoothing-wilder_same_bar_reentry-wait_bar_warmup-ready_check: cached
[3972/4097] BANK2_OM-A_try_except__T_cross_timing-today_ma_input_field-adjusted_rsi_exit-level_rsi_smoothing-simple_same_bar_reentry-allowed_warmup-ready_per_rule: ok fills=314 (73.2s)
[3973/4097] BANK2_OM-A_try_except__T_cross_timing-today_ma_input_field-raw_rsi_exit-level_rsi_smoothing-simple_same_bar_reentry-allowed_warmup-strict: cached
[3974/4097] BANK2_OM-A_try_except__T_cross_timing-today_ma_input_field-raw_rsi_exit-level_rsi_smoothing-simple_same_bar_reentry-allowed_warmup-ready_check: cached
[3975/4097] BANK2_OM-A_try_except__T_cross_timing-today_ma_input_field-adjusted_rsi_exit-level_rsi_smoothing-simple_same_bar_reentry-wait_bar_warmup-ready_per_rule: ok fills=300 (71.2s)
[3976/4097] BANK2_OM-A_try_except__T_cross_timing-today_ma_input_field-raw_rsi_exit-level_rsi_smoothing-simple_same_bar_reentry-wait_bar_warmup-strict: cached
[3977/4097] BANK2_OM-A_try_except__T_cross_timing-today_ma_input_field-raw_rsi_exit-level_rsi_smoothing-simple_same_bar_reentry-wait_bar_warmup-ready_check: cached
[3978/4097] BANK2_OM-A_try_except__T_cross_timing-today_ma_input_field-raw_rsi_exit-level_rsi_smoothing-wilder_same_bar_reentry-wait_bar_warmup-ready_per_rule: exit=1 fills=None (13.5s)
[3979/4097] BANK2_OM-A_try_except__T_cross_timing-today_ma_input_field-raw_rsi_exit-cross_rsi_smoothing-wilder_same_bar_reentry-allowed_warmup-strict: cached
[3980/4097] BANK2_OM-A_try_except__T_cross_timing-today_ma_input_field-raw_rsi_exit-cross_rsi_smoothing-wilder_same_bar_reentry-allowed_warmup-ready_check: cached
[3981/4097] BANK2_OM-A_try_except__T_cross_timing-today_ma_input_field-adjusted_rsi_exit-cross_rsi_smoothing-wilder_same_bar_reentry-allowed_warmup-ready_per_rule: ok fills=246 (72.5s)
[3982/4097] BANK2_OM-A_try_except__T_cross_timing-today_ma_input_field-raw_rsi_exit-cross_rsi_smoothing-wilder_same_bar_reentry-wait_bar_warmup-strict: cached
[3983/4097] BANK2_OM-A_try_except__T_cross_timing-today_ma_input_field-raw_rsi_exit-cross_rsi_smoothing-wilder_same_bar_reentry-wait_bar_warmup-ready_check: cached
[3984/4097] BANK2_OM-A_try_except__T_cross_timing-today_ma_input_field-adjusted_rsi_exit-cross_rsi_smoothing-wilder_same_bar_reentry-wait_bar_warmup-ready_per_rule: ok fills=246 (67.3s)
[3985/4097] BANK2_OM-A_try_except__T_cross_timing-today_ma_input_field-raw_rsi_exit-cross_rsi_smoothing-simple_same_bar_reentry-allowed_warmup-strict: cached
[3986/4097] BANK2_OM-A_try_except__T_cross_timing-today_ma_input_field-raw_rsi_exit-cross_rsi_smoothing-simple_same_bar_reentry-allowed_warmup-ready_check: cached
[3987/4097] BANK2_OM-A_try_except__T_cross_timing-today_ma_input_field-adjusted_rsi_exit-cross_rsi_smoothing-simple_same_bar_reentry-allowed_warmup-ready_per_rule: ok fills=264 (65.0s)
[3988/4097] BANK2_OM-A_try_except__T_cross_timing-today_ma_input_field-raw_rsi_exit-cross_rsi_smoothing-simple_same_bar_reentry-wait_bar_warmup-strict: cached
[3989/4097] BANK2_OM-A_try_except__T_cross_timing-today_ma_input_field-raw_rsi_exit-cross_rsi_smoothing-simple_same_bar_reentry-wait_bar_warmup-ready_check: cached
[3990/4097] BANK2_OM-A_try_except__T_cross_timing-today_ma_input_field-adjusted_rsi_exit-cross_rsi_smoothing-simple_same_bar_reentry-wait_bar_warmup-ready_per_rule: ok fills=264 (66.7s)
[3991/4097] BANK2_OM-A_try_except__OAT_a_exec-set_holdings: cached
[3992/4097] BANK2_OM-A_try_except__T_cross_timing-today_ma_input_field-raw_rsi_exit-level_rsi_smoothing-wilder_same_bar_reentry-allowed_warmup-ready_per_rule: ok fills=278 (66.6s)
[3993/4097] BANK2_OM-A_per_ticker__ref: cached
[3994/4097] BANK2_OM-A_per_ticker__T_cross_timing-both_days_input_field-adjusted_rsi_exit-level_rsi_smoothing-wilder_same_bar_reentry-allowed_warmup-ready_check: cached
[3995/4097] BANK2_OM-A_try_except__T_cross_timing-today_ma_input_field-raw_rsi_exit-level_rsi_smoothing-simple_same_bar_reentry-allowed_warmup-ready_per_rule: ok fills=334 (68.3s)
[3996/4097] BANK2_OM-A_per_ticker__T_cross_timing-both_days_input_field-adjusted_rsi_exit-level_rsi_smoothing-wilder_same_bar_reentry-wait_bar_warmup-strict: cached
[3997/4097] BANK2_OM-A_per_ticker__T_cross_timing-both_days_input_field-adjusted_rsi_exit-level_rsi_smoothing-wilder_same_bar_reentry-wait_bar_warmup-ready_check: cached
[3998/4097] BANK2_OM-A_try_except__T_cross_timing-today_ma_input_field-raw_rsi_exit-cross_rsi_smoothing-wilder_same_bar_reentry-allowed_warmup-ready_per_rule: ok fills=262 (69.9s)
[3999/4097] BANK2_OM-A_per_ticker__T_cross_timing-both_days_input_field-adjusted_rsi_exit-level_rsi_smoothing-simple_same_bar_reentry-allowed_warmup-strict: cached
[4000/4097] BANK2_OM-A_per_ticker__T_cross_timing-both_days_input_field-adjusted_rsi_exit-level_rsi_smoothing-simple_same_bar_reentry-allowed_warmup-ready_check: cached
[4001/4097] BANK2_OM-A_try_except__T_cross_timing-today_ma_input_field-raw_rsi_exit-level_rsi_smoothing-simple_same_bar_reentry-wait_bar_warmup-ready_per_rule: ok fills=320 (74.4s)
[4002/4097] BANK2_OM-A_per_ticker__T_cross_timing-both_days_input_field-adjusted_rsi_exit-level_rsi_smoothing-simple_same_bar_reentry-wait_bar_warmup-strict: cached
[4003/4097] BANK2_OM-A_per_ticker__T_cross_timing-both_days_input_field-adjusted_rsi_exit-level_rsi_smoothing-simple_same_bar_reentry-wait_bar_warmup-ready_check: cached
[4004/4097] BANK2_OM-A_try_except__T_cross_timing-today_ma_input_field-raw_rsi_exit-cross_rsi_smoothing-simple_same_bar_reentry-allowed_warmup-ready_per_rule: ok fills=286 (71.9s)
[4005/4097] BANK2_OM-A_per_ticker__T_cross_timing-both_days_input_field-adjusted_rsi_exit-cross_rsi_smoothing-wilder_same_bar_reentry-allowed_warmup-strict: cached
[4006/4097] BANK2_OM-A_per_ticker__T_cross_timing-both_days_input_field-adjusted_rsi_exit-cross_rsi_smoothing-wilder_same_bar_reentry-allowed_warmup-ready_check: cached
[4007/4097] BANK2_OM-A_try_except__T_cross_timing-today_ma_input_field-raw_rsi_exit-cross_rsi_smoothing-wilder_same_bar_reentry-wait_bar_warmup-ready_per_rule: ok fills=262 (74.2s)
[4008/4097] BANK2_OM-A_per_ticker__T_cross_timing-both_days_input_field-adjusted_rsi_exit-cross_rsi_smoothing-wilder_same_bar_reentry-wait_bar_warmup-strict: cached
[4009/4097] BANK2_OM-A_per_ticker__T_cross_timing-both_days_input_field-adjusted_rsi_exit-cross_rsi_smoothing-wilder_same_bar_reentry-wait_bar_warmup-ready_check: cached
[4010/4097] BANK2_OM-A_try_except__T_cross_timing-today_ma_input_field-raw_rsi_exit-cross_rsi_smoothing-simple_same_bar_reentry-wait_bar_warmup-ready_per_rule: ok fills=286 (70.7s)
[4011/4097] BANK2_OM-A_per_ticker__T_cross_timing-both_days_input_field-adjusted_rsi_exit-cross_rsi_smoothing-simple_same_bar_reentry-allowed_warmup-strict: cached
[4012/4097] BANK2_OM-A_per_ticker__T_cross_timing-both_days_input_field-adjusted_rsi_exit-cross_rsi_smoothing-simple_same_bar_reentry-allowed_warmup-ready_check: cached
[4013/4097] BANK2_OM-A_try_except__SPOT_all_excluded_off: ok fills=270 (67.7s)
[4014/4097] BANK2_OM-A_per_ticker__T_cross_timing-both_days_input_field-adjusted_rsi_exit-cross_rsi_smoothing-simple_same_bar_reentry-wait_bar_warmup-strict: cached
[4015/4097] BANK2_OM-A_per_ticker__T_cross_timing-both_days_input_field-adjusted_rsi_exit-cross_rsi_smoothing-simple_same_bar_reentry-wait_bar_warmup-ready_check: cached
[4016/4097] BANK2_OM-A_per_ticker__T_cross_timing-both_days_input_field-adjusted_rsi_exit-level_rsi_smoothing-wilder_same_bar_reentry-allowed_warmup-ready_per_rule: ok fills=270 (69.7s)
[4017/4097] BANK2_OM-A_per_ticker__T_cross_timing-both_days_input_field-raw_rsi_exit-level_rsi_smoothing-wilder_same_bar_reentry-allowed_warmup-strict: cached
[4018/4097] BANK2_OM-A_per_ticker__T_cross_timing-both_days_input_field-raw_rsi_exit-level_rsi_smoothing-wilder_same_bar_reentry-allowed_warmup-ready_check: cached
[4019/4097] BANK2_OM-A_per_ticker__T_cross_timing-both_days_input_field-adjusted_rsi_exit-level_rsi_smoothing-wilder_same_bar_reentry-wait_bar_warmup-ready_per_rule: ok fills=266 (70.3s)
[4020/4097] BANK2_OM-A_per_ticker__T_cross_timing-both_days_input_field-raw_rsi_exit-level_rsi_smoothing-wilder_same_bar_reentry-wait_bar_warmup-strict: cached
[4021/4097] BANK2_OM-A_per_ticker__T_cross_timing-both_days_input_field-raw_rsi_exit-level_rsi_smoothing-wilder_same_bar_reentry-wait_bar_warmup-ready_check: cached
[4022/4097] BANK2_OM-A_per_ticker__T_cross_timing-both_days_input_field-raw_rsi_exit-level_rsi_smoothing-wilder_same_bar_reentry-allowed_warmup-ready_per_rule: exit=1 fills=None (11.5s)
[4023/4097] BANK2_OM-A_per_ticker__T_cross_timing-both_days_input_field-raw_rsi_exit-level_rsi_smoothing-simple_same_bar_reentry-allowed_warmup-strict: cached
[4024/4097] BANK2_OM-A_per_ticker__T_cross_timing-both_days_input_field-raw_rsi_exit-level_rsi_smoothing-simple_same_bar_reentry-allowed_warmup-ready_check: cached
[4025/4097] BANK2_OM-A_per_ticker__T_cross_timing-both_days_input_field-adjusted_rsi_exit-level_rsi_smoothing-simple_same_bar_reentry-allowed_warmup-ready_per_rule: ok fills=318 (64.2s)
[4026/4097] BANK2_OM-A_per_ticker__T_cross_timing-both_days_input_field-raw_rsi_exit-level_rsi_smoothing-simple_same_bar_reentry-wait_bar_warmup-strict: cached
[4027/4097] BANK2_OM-A_per_ticker__T_cross_timing-both_days_input_field-raw_rsi_exit-level_rsi_smoothing-simple_same_bar_reentry-wait_bar_warmup-ready_check: cached
[4028/4097] BANK2_OM-A_per_ticker__T_cross_timing-both_days_input_field-adjusted_rsi_exit-level_rsi_smoothing-simple_same_bar_reentry-wait_bar_warmup-ready_per_rule: ok fills=304 (69.8s)
[4029/4097] BANK2_OM-A_per_ticker__T_cross_timing-both_days_input_field-raw_rsi_exit-cross_rsi_smoothing-wilder_same_bar_reentry-allowed_warmup-strict: cached
[4030/4097] BANK2_OM-A_per_ticker__T_cross_timing-both_days_input_field-raw_rsi_exit-cross_rsi_smoothing-wilder_same_bar_reentry-allowed_warmup-ready_check: cached
[4031/4097] BANK2_OM-A_per_ticker__T_cross_timing-both_days_input_field-adjusted_rsi_exit-cross_rsi_smoothing-wilder_same_bar_reentry-wait_bar_warmup-ready_per_rule: ok fills=250 (69.2s)
[4032/4097] BANK2_OM-A_per_ticker__T_cross_timing-both_days_input_field-raw_rsi_exit-cross_rsi_smoothing-wilder_same_bar_reentry-wait_bar_warmup-strict: cached
[4033/4097] BANK2_OM-A_per_ticker__T_cross_timing-both_days_input_field-raw_rsi_exit-cross_rsi_smoothing-wilder_same_bar_reentry-wait_bar_warmup-ready_check: cached
[4034/4097] BANK2_OM-A_per_ticker__T_cross_timing-both_days_input_field-adjusted_rsi_exit-cross_rsi_smoothing-wilder_same_bar_reentry-allowed_warmup-ready_per_rule: ok fills=250 (69.5s)
[4035/4097] BANK2_OM-A_per_ticker__T_cross_timing-both_days_input_field-raw_rsi_exit-cross_rsi_smoothing-simple_same_bar_reentry-allowed_warmup-strict: cached
[4036/4097] BANK2_OM-A_per_ticker__T_cross_timing-both_days_input_field-raw_rsi_exit-cross_rsi_smoothing-simple_same_bar_reentry-allowed_warmup-ready_check: cached
[4037/4097] BANK2_OM-A_per_ticker__T_cross_timing-both_days_input_field-adjusted_rsi_exit-cross_rsi_smoothing-simple_same_bar_reentry-wait_bar_warmup-ready_per_rule: ok fills=268 (67.2s)
[4038/4097] BANK2_OM-A_per_ticker__T_cross_timing-both_days_input_field-raw_rsi_exit-cross_rsi_smoothing-simple_same_bar_reentry-wait_bar_warmup-strict: cached
[4039/4097] BANK2_OM-A_per_ticker__T_cross_timing-both_days_input_field-raw_rsi_exit-cross_rsi_smoothing-simple_same_bar_reentry-wait_bar_warmup-ready_check: cached
[4040/4097] BANK2_OM-A_per_ticker__T_cross_timing-both_days_input_field-adjusted_rsi_exit-cross_rsi_smoothing-simple_same_bar_reentry-allowed_warmup-ready_per_rule: ok fills=268 (69.1s)
[4041/4097] BANK2_OM-A_per_ticker__T_cross_timing-today_ma_input_field-adjusted_rsi_exit-level_rsi_smoothing-wilder_same_bar_reentry-allowed_warmup-strict: cached
[4042/4097] BANK2_OM-A_per_ticker__T_cross_timing-today_ma_input_field-adjusted_rsi_exit-level_rsi_smoothing-wilder_same_bar_reentry-allowed_warmup-ready_check: cached
[4043/4097] BANK2_OM-A_per_ticker__T_cross_timing-both_days_input_field-raw_rsi_exit-cross_rsi_smoothing-wilder_same_bar_reentry-allowed_warmup-ready_per_rule: exit=1 fills=None (16.8s)
[4044/4097] BANK2_OM-A_per_ticker__T_cross_timing-today_ma_input_field-adjusted_rsi_exit-level_rsi_smoothing-wilder_same_bar_reentry-wait_bar_warmup-strict: cached
[4045/4097] BANK2_OM-A_per_ticker__T_cross_timing-today_ma_input_field-adjusted_rsi_exit-level_rsi_smoothing-wilder_same_bar_reentry-wait_bar_warmup-ready_check: cached
[4046/4097] BANK2_OM-A_per_ticker__T_cross_timing-both_days_input_field-raw_rsi_exit-level_rsi_smoothing-wilder_same_bar_reentry-wait_bar_warmup-ready_per_rule: ok fills=278 (68.1s)
[4047/4097] BANK2_OM-A_per_ticker__T_cross_timing-today_ma_input_field-adjusted_rsi_exit-level_rsi_smoothing-simple_same_bar_reentry-allowed_warmup-strict: cached
[4048/4097] BANK2_OM-A_per_ticker__T_cross_timing-today_ma_input_field-adjusted_rsi_exit-level_rsi_smoothing-simple_same_bar_reentry-allowed_warmup-ready_check: cached
[4049/4097] BANK2_OM-A_per_ticker__T_cross_timing-both_days_input_field-raw_rsi_exit-level_rsi_smoothing-simple_same_bar_reentry-allowed_warmup-ready_per_rule: ok fills=336 (68.8s)
[4050/4097] BANK2_OM-A_per_ticker__T_cross_timing-today_ma_input_field-adjusted_rsi_exit-level_rsi_smoothing-simple_same_bar_reentry-wait_bar_warmup-strict: cached
[4051/4097] BANK2_OM-A_per_ticker__T_cross_timing-today_ma_input_field-adjusted_rsi_exit-level_rsi_smoothing-simple_same_bar_reentry-wait_bar_warmup-ready_check: cached
[4052/4097] BANK2_OM-A_per_ticker__T_cross_timing-both_days_input_field-raw_rsi_exit-level_rsi_smoothing-simple_same_bar_reentry-wait_bar_warmup-ready_per_rule: ok fills=322 (65.3s)
[4053/4097] BANK2_OM-A_per_ticker__T_cross_timing-today_ma_input_field-adjusted_rsi_exit-cross_rsi_smoothing-wilder_same_bar_reentry-allowed_warmup-strict: cached
[4054/4097] BANK2_OM-A_per_ticker__T_cross_timing-today_ma_input_field-adjusted_rsi_exit-cross_rsi_smoothing-wilder_same_bar_reentry-allowed_warmup-ready_check: cached
[4055/4097] BANK2_OM-A_per_ticker__T_cross_timing-both_days_input_field-raw_rsi_exit-cross_rsi_smoothing-wilder_same_bar_reentry-wait_bar_warmup-ready_per_rule: ok fills=264 (64.9s)
[4056/4097] BANK2_OM-A_per_ticker__T_cross_timing-today_ma_input_field-adjusted_rsi_exit-cross_rsi_smoothing-wilder_same_bar_reentry-wait_bar_warmup-strict: cached
[4057/4097] BANK2_OM-A_per_ticker__T_cross_timing-today_ma_input_field-adjusted_rsi_exit-cross_rsi_smoothing-wilder_same_bar_reentry-wait_bar_warmup-ready_check: cached
[4058/4097] BANK2_OM-A_per_ticker__T_cross_timing-both_days_input_field-raw_rsi_exit-cross_rsi_smoothing-simple_same_bar_reentry-allowed_warmup-ready_per_rule: ok fills=288 (65.9s)
[4059/4097] BANK2_OM-A_per_ticker__T_cross_timing-today_ma_input_field-adjusted_rsi_exit-cross_rsi_smoothing-simple_same_bar_reentry-allowed_warmup-strict: cached
[4060/4097] BANK2_OM-A_per_ticker__T_cross_timing-today_ma_input_field-adjusted_rsi_exit-cross_rsi_smoothing-simple_same_bar_reentry-allowed_warmup-ready_check: cached
[4061/4097] BANK2_OM-A_per_ticker__T_cross_timing-today_ma_input_field-adjusted_rsi_exit-cross_rsi_smoothing-wilder_same_bar_reentry-allowed_warmup-ready_per_rule: exit=1 fills=None (16.0s)
[4062/4097] BANK2_OM-A_per_ticker__T_cross_timing-today_ma_input_field-adjusted_rsi_exit-cross_rsi_smoothing-simple_same_bar_reentry-wait_bar_warmup-strict: cached
[4063/4097] BANK2_OM-A_per_ticker__T_cross_timing-today_ma_input_field-adjusted_rsi_exit-cross_rsi_smoothing-simple_same_bar_reentry-wait_bar_warmup-ready_check: cached
[4064/4097] BANK2_OM-A_per_ticker__T_cross_timing-both_days_input_field-raw_rsi_exit-cross_rsi_smoothing-simple_same_bar_reentry-wait_bar_warmup-ready_per_rule: ok fills=288 (66.9s)
[4065/4097] BANK2_OM-A_per_ticker__T_cross_timing-today_ma_input_field-raw_rsi_exit-level_rsi_smoothing-wilder_same_bar_reentry-allowed_warmup-strict: cached
[4066/4097] BANK2_OM-A_per_ticker__T_cross_timing-today_ma_input_field-raw_rsi_exit-level_rsi_smoothing-wilder_same_bar_reentry-allowed_warmup-ready_check: cached
[4067/4097] BANK2_OM-A_per_ticker__T_cross_timing-today_ma_input_field-adjusted_rsi_exit-level_rsi_smoothing-wilder_same_bar_reentry-wait_bar_warmup-ready_per_rule: ok fills=262 (67.3s)
[4068/4097] BANK2_OM-A_per_ticker__T_cross_timing-today_ma_input_field-raw_rsi_exit-level_rsi_smoothing-wilder_same_bar_reentry-wait_bar_warmup-strict: cached
[4069/4097] BANK2_OM-A_per_ticker__T_cross_timing-today_ma_input_field-raw_rsi_exit-level_rsi_smoothing-wilder_same_bar_reentry-wait_bar_warmup-ready_check: cached
[4070/4097] BANK2_OM-A_per_ticker__T_cross_timing-today_ma_input_field-adjusted_rsi_exit-cross_rsi_smoothing-simple_same_bar_reentry-allowed_warmup-ready_per_rule: exit=1 fills=None (14.2s)
[4071/4097] BANK2_OM-A_per_ticker__T_cross_timing-today_ma_input_field-raw_rsi_exit-level_rsi_smoothing-simple_same_bar_reentry-allowed_warmup-strict: cached
[4072/4097] BANK2_OM-A_per_ticker__T_cross_timing-today_ma_input_field-raw_rsi_exit-level_rsi_smoothing-simple_same_bar_reentry-allowed_warmup-ready_check: cached
[4073/4097] BANK2_OM-A_per_ticker__T_cross_timing-today_ma_input_field-adjusted_rsi_exit-level_rsi_smoothing-wilder_same_bar_reentry-allowed_warmup-ready_per_rule: ok fills=266 (69.7s)
[4074/4097] BANK2_OM-A_per_ticker__T_cross_timing-today_ma_input_field-raw_rsi_exit-level_rsi_smoothing-simple_same_bar_reentry-wait_bar_warmup-strict: cached
[4075/4097] BANK2_OM-A_per_ticker__T_cross_timing-today_ma_input_field-raw_rsi_exit-level_rsi_smoothing-simple_same_bar_reentry-wait_bar_warmup-ready_check: cached
[4076/4097] BANK2_OM-A_per_ticker__T_cross_timing-today_ma_input_field-adjusted_rsi_exit-level_rsi_smoothing-simple_same_bar_reentry-allowed_warmup-ready_per_rule: ok fills=314 (67.1s)
[4077/4097] BANK2_OM-A_per_ticker__T_cross_timing-today_ma_input_field-raw_rsi_exit-cross_rsi_smoothing-wilder_same_bar_reentry-allowed_warmup-strict: cached
[4078/4097] BANK2_OM-A_per_ticker__T_cross_timing-today_ma_input_field-raw_rsi_exit-cross_rsi_smoothing-wilder_same_bar_reentry-allowed_warmup-ready_check: cached
[4079/4097] BANK2_OM-A_per_ticker__T_cross_timing-today_ma_input_field-adjusted_rsi_exit-level_rsi_smoothing-simple_same_bar_reentry-wait_bar_warmup-ready_per_rule: ok fills=300 (70.7s)
[4080/4097] BANK2_OM-A_per_ticker__T_cross_timing-today_ma_input_field-raw_rsi_exit-cross_rsi_smoothing-wilder_same_bar_reentry-wait_bar_warmup-strict: cached
[4081/4097] BANK2_OM-A_per_ticker__T_cross_timing-today_ma_input_field-raw_rsi_exit-cross_rsi_smoothing-wilder_same_bar_reentry-wait_bar_warmup-ready_check: cached
[4082/4097] BANK2_OM-A_per_ticker__T_cross_timing-today_ma_input_field-adjusted_rsi_exit-cross_rsi_smoothing-wilder_same_bar_reentry-wait_bar_warmup-ready_per_rule: ok fills=246 (64.8s)
[4083/4097] BANK2_OM-A_per_ticker__T_cross_timing-today_ma_input_field-raw_rsi_exit-cross_rsi_smoothing-simple_same_bar_reentry-allowed_warmup-strict: cached
[4084/4097] BANK2_OM-A_per_ticker__T_cross_timing-today_ma_input_field-raw_rsi_exit-cross_rsi_smoothing-simple_same_bar_reentry-allowed_warmup-ready_check: cached
[4085/4097] BANK2_OM-A_per_ticker__T_cross_timing-today_ma_input_field-adjusted_rsi_exit-cross_rsi_smoothing-simple_same_bar_reentry-wait_bar_warmup-ready_per_rule: ok fills=264 (68.4s)
[4086/4097] BANK2_OM-A_per_ticker__T_cross_timing-today_ma_input_field-raw_rsi_exit-cross_rsi_smoothing-simple_same_bar_reentry-wait_bar_warmup-strict: cached
[4087/4097] BANK2_OM-A_per_ticker__T_cross_timing-today_ma_input_field-raw_rsi_exit-cross_rsi_smoothing-simple_same_bar_reentry-wait_bar_warmup-ready_check: cached
[4088/4097] BANK2_OM-A_per_ticker__T_cross_timing-today_ma_input_field-raw_rsi_exit-level_rsi_smoothing-simple_same_bar_reentry-allowed_warmup-ready_per_rule: ok fills=334 (67.5s)
[4089/4097] BANK2_OM-A_per_ticker__OAT_a_exec-set_holdings: cached
[4090/4097] BANK2_OM-A_per_ticker__T_cross_timing-today_ma_input_field-raw_rsi_exit-level_rsi_smoothing-wilder_same_bar_reentry-allowed_warmup-ready_per_rule: ok fills=278 (70.8s)
[4091/4097] BANK2_OM-A_per_ticker__T_cross_timing-today_ma_input_field-raw_rsi_exit-cross_rsi_smoothing-simple_same_bar_reentry-wait_bar_warmup-ready_per_rule: exit=1 fills=None (14.0s)
[4092/4097] BANK2_OM-A_per_ticker__T_cross_timing-today_ma_input_field-raw_rsi_exit-level_rsi_smoothing-wilder_same_bar_reentry-wait_bar_warmup-ready_per_rule: ok fills=276 (75.6s)
[4093/4097] BANK2_OM-A_per_ticker__T_cross_timing-today_ma_input_field-raw_rsi_exit-level_rsi_smoothing-simple_same_bar_reentry-wait_bar_warmup-ready_per_rule: ok fills=320 (75.4s)
[4094/4097] BANK2_OM-A_per_ticker__T_cross_timing-today_ma_input_field-raw_rsi_exit-cross_rsi_smoothing-wilder_same_bar_reentry-allowed_warmup-ready_per_rule: ok fills=262 (68.3s)
[4095/4097] BANK2_OM-A_per_ticker__T_cross_timing-today_ma_input_field-raw_rsi_exit-cross_rsi_smoothing-wilder_same_bar_reentry-wait_bar_warmup-ready_per_rule: ok fills=262 (63.3s)
[4096/4097] BANK2_OM-A_per_ticker__T_cross_timing-today_ma_input_field-raw_rsi_exit-cross_rsi_smoothing-simple_same_bar_reentry-allowed_warmup-ready_per_rule: ok fills=286 (58.7s)
[4097/4097] BANK2_OM-A_per_ticker__SPOT_all_excluded_off: ok fills=270 (44.7s)
BUILD DONE
