freeze OK t1=5ae1bdb0e71a all=0eeb421b90d4 engine={'engine_image': 'quantconnect/lean@sha256:dc84a683464681b2e6c9579bc7655e16d4802380367c77004e40a6a504088bd7', 'lean_cli': 'lean 1.0.227', 'git_rev': 'f45a7b588623dfc32c101b5bc41a20bb6a0ac344'}
jobs=4086 workers=8
[1/4086] BANK2_DONOR_pin__ref: ok fills=270 (45.4s)
[2/4086] BANK2_DONOR_pin__OAT_rsi_smoothing-simple: ok fills=320 (47.5s)
[3/4086] BANK2_DONOR_pin__OAT_warmup-ready_check: ok fills=266 (52.4s)
[4/4086] BANK2_DONOR_pin__OAT_a_exec-set_holdings: ok fills=270 (52.8s)
[5/4086] BANK2_DONOR_pin__OAT_same_bar_reentry-wait_bar: ok fills=266 (54.5s)
[6/4086] BANK2_DONOR_pin__OAT_rsi_exit-cross: ok fills=250 (56.7s)
[7/4086] BANK2_DONOR_pin__OAT_warmup-ready_per_rule: ok fills=270 (58.8s)
[8/4086] BANK2_DONOR_pin__OAT_input_field-raw: ok fills=280 (58.9s)
[9/4086] BANK2_DONOR_pin__OAT_cross_timing-today_ma: ok fills=266 (57.2s)
[10/4086] BANK2_DONOR_pin__SPOT_all_excluded_off: ok fills=280 (60.6s)
[11/4086] BANK2_BL-01a_SMA__ref: ok fills=270 (56.6s)
[12/4086] BANK2_BL-01a_SMA__T_cross_timing-today_ma_input_field-raw_warmup-strict: ok fills=278 (54.0s)
[13/4086] BANK2_BL-01a_SMA__T_cross_timing-both_days_input_field-raw_warmup-strict: ok fills=280 (63.0s)
[14/4086] BANK2_BL-01a_SMA__T_cross_timing-today_ma_input_field-adjusted_warmup-strict: ok fills=266 (64.9s)
[15/4086] BANK2_BL-01a_SMA__T_cross_timing-today_ma_input_field-adjusted_warmup-ready_check: ok fills=262 (63.4s)
[16/4086] BANK2_BL-01a_SMA__T_cross_timing-both_days_input_field-adjusted_warmup-ready_check: ok fills=266 (64.5s)
[17/4086] BANK2_BL-01a_SMA__T_cross_timing-both_days_input_field-raw_warmup-ready_check: ok fills=276 (58.3s)
[18/4086] BANK2_BL-01a_SMA__T_cross_timing-today_ma_input_field-raw_warmup-ready_check: ok fills=274 (59.3s)
[19/4086] BANK2_BL-01a_SMA__T_cross_timing-both_days_input_field-adjusted_warmup-ready_per_rule: ok fills=270 (61.3s)
[20/4086] BANK2_BL-01a_SMA__T_cross_timing-today_ma_input_field-adjusted_warmup-ready_per_rule: ok fills=266 (61.2s)
[21/4086] BANK2_BL-01a_SMA__T_cross_timing-both_days_input_field-raw_warmup-ready_per_rule: ok fills=280 (60.8s)
[22/4086] BANK2_BL-01a_SMA__T_cross_timing-today_ma_input_field-raw_warmup-ready_per_rule: ok fills=278 (65.0s)
[23/4086] BANK2_BL-01a_SMA__OAT_rsi_smoothing-simple: ok fills=320 (63.5s)
[24/4086] BANK2_BL-01a_SMA__OAT_rsi_exit-cross: ok fills=250 (65.5s)
[25/4086] BANK2_BL-01a_SMA__OAT_a_exec-set_holdings: ok fills=270 (60.2s)
[26/4086] BANK2_BL-01a_SMA__OAT_same_bar_reentry-wait_bar: ok fills=266 (59.2s)
[27/4086] BANK2_BL-01a_SMA__SPOT_all_excluded_off: ok fills=270 (59.6s)
[28/4086] BANK2_BL-01a_EMA__ref: ok fills=282 (58.2s)
[29/4086] BANK2_BL-01a_EMA__ref_wb-150: ok fills=282 (61.7s)
[30/4086] BANK2_BL-01a_EMA__ref_wb-200: ok fills=282 (61.3s)
[31/4086] BANK2_BL-01a_EMA__ref_wb-252: ok fills=282 (66.2s)
[32/4086] BANK2_BL-01a_EMA__T_cross_timing-today_ma_input_field-adjusted_warmup-strict: ok fills=282 (65.0s)
[33/4086] BANK2_BL-01a_EMA__T_cross_timing-today_ma_input_field-adjusted_warmup-strict_wb-150: ok fills=282 (58.5s)
[34/4086] BANK2_BL-01a_EMA__T_cross_timing-today_ma_input_field-adjusted_warmup-strict_wb-200: ok fills=282 (63.7s)
[35/4086] BANK2_BL-01a_EMA__T_cross_timing-both_days_input_field-raw_warmup-strict: ok fills=292 (63.3s)
[36/4086] BANK2_BL-01a_EMA__T_cross_timing-today_ma_input_field-adjusted_warmup-strict_wb-252: ok fills=282 (64.4s)
[37/4086] BANK2_BL-01a_EMA__T_cross_timing-both_days_input_field-raw_warmup-strict_wb-150: ok fills=294 (64.4s)
[38/4086] BANK2_BL-01a_EMA__T_cross_timing-both_days_input_field-raw_warmup-strict_wb-200: ok fills=294 (64.1s)
[39/4086] BANK2_BL-01a_EMA__T_cross_timing-both_days_input_field-raw_warmup-strict_wb-252: ok fills=294 (65.6s)
[40/4086] BANK2_BL-01a_EMA__T_cross_timing-today_ma_input_field-adjusted_warmup-ready_check: exit=1 fills=None (13.4s)
[41/4086] BANK2_BL-01a_EMA__T_cross_timing-today_ma_input_field-raw_warmup-strict: ok fills=292 (69.3s)
[42/4086] BANK2_BL-01a_EMA__T_cross_timing-today_ma_input_field-raw_warmup-strict_wb-150: ok fills=294 (61.4s)
[43/4086] BANK2_BL-01a_EMA__T_cross_timing-today_ma_input_field-raw_warmup-strict_wb-200: ok fills=294 (63.4s)
[44/4086] BANK2_BL-01a_EMA__T_cross_timing-both_days_input_field-raw_warmup-ready_per_rule: exit=1 fills=None (12.7s)
[45/4086] BANK2_BL-01a_EMA__T_cross_timing-today_ma_input_field-raw_warmup-strict_wb-252: ok fills=294 (64.7s)
[46/4086] BANK2_BL-01a_EMA__T_cross_timing-both_days_input_field-adjusted_warmup-ready_check: ok fills=284 (65.4s)
[47/4086] BANK2_BL-01a_EMA__T_cross_timing-both_days_input_field-raw_warmup-ready_check: ok fills=286 (62.0s)
[48/4086] BANK2_BL-01a_EMA__T_cross_timing-both_days_input_field-adjusted_warmup-ready_per_rule: ok fills=288 (64.9s)
[49/4086] BANK2_BL-01a_EMA__T_cross_timing-today_ma_input_field-raw_warmup-ready_check: ok fills=286 (69.1s)
[50/4086] BANK2_BL-01a_EMA__T_cross_timing-today_ma_input_field-adjusted_warmup-ready_per_rule: ok fills=288 (67.6s)
[51/4086] BANK2_BL-01a_EMA__OAT_rsi_smoothing-simple: ok fills=332 (60.9s)
[52/4086] BANK2_BL-01a_EMA__T_cross_timing-today_ma_input_field-raw_warmup-ready_per_rule: ok fills=290 (64.3s)
[53/4086] BANK2_BL-01a_EMA__OAT_a_exec-set_holdings: ok fills=282 (61.1s)
[54/4086] BANK2_BL-01a_EMA__OAT_rsi_exit-cross: ok fills=262 (64.3s)
[55/4086] BANK2_BL-01a_EMA__OAT_same_bar_reentry-wait_bar: ok fills=278 (62.2s)
[56/4086] BANK2_BL-01a_WMA__T_cross_timing-both_days_input_field-adjusted_warmup-ready_check: exit=1 fills=None (12.1s)
[57/4086] BANK2_BL-01a_EMA__SPOT_all_excluded_off: ok fills=282 (65.7s)
[58/4086] BANK2_BL-01a_WMA__ref: ok fills=314 (66.3s)
[59/4086] BANK2_BL-01a_WMA__T_cross_timing-today_ma_input_field-adjusted_warmup-strict: ok fills=312 (67.6s)
[60/4086] BANK2_BL-01a_WMA__T_cross_timing-both_days_input_field-raw_warmup-strict: ok fills=308 (63.0s)
[61/4086] BANK2_BL-01a_WMA__T_cross_timing-today_ma_input_field-raw_warmup-strict: ok fills=302 (63.2s)
[62/4086] BANK2_BL-01a_WMA__T_cross_timing-today_ma_input_field-adjusted_warmup-ready_check: ok fills=306 (62.7s)
[63/4086] BANK2_BL-01a_WMA__T_cross_timing-both_days_input_field-raw_warmup-ready_check: ok fills=300 (63.5s)
[64/4086] BANK2_BL-01a_WMA__OAT_rsi_smoothing-simple: exit=1 fills=None (16.2s)
[65/4086] BANK2_BL-01a_WMA__T_cross_timing-today_ma_input_field-raw_warmup-ready_check: ok fills=294 (66.1s)
[66/4086] BANK2_BL-01a_WMA__OAT_rsi_exit-cross: exit=1 fills=None (14.3s)
[67/4086] BANK2_BL-01a_WMA__T_cross_timing-both_days_input_field-adjusted_warmup-ready_per_rule: ok fills=312 (65.9s)
[68/4086] BANK2_BL-01a_WMA__T_cross_timing-today_ma_input_field-adjusted_warmup-ready_per_rule: ok fills=310 (67.0s)
[69/4086] BANK2_BL-01a_WMA__T_cross_timing-both_days_input_field-raw_warmup-ready_per_rule: ok fills=304 (72.9s)
[70/4086] BANK2_BL-01b_p10__T_cross_timing-both_days_input_field-raw_warmup-strict: exit=1 fills=None (11.0s)
[71/4086] BANK2_BL-01a_WMA__T_cross_timing-today_ma_input_field-raw_warmup-ready_per_rule: ok fills=298 (67.1s)
[72/4086] BANK2_BL-01a_WMA__OAT_same_bar_reentry-wait_bar: ok fills=310 (65.3s)
[73/4086] BANK2_BL-01b_p10__ref: ok fills=628 (66.0s)
[74/4086] BANK2_BL-01a_WMA__OAT_a_exec-set_holdings: ok fills=314 (69.7s)
[75/4086] BANK2_BL-01a_WMA__SPOT_all_excluded_off: ok fills=314 (68.2s)
[76/4086] BANK2_BL-01b_p10__T_cross_timing-today_ma_input_field-adjusted_warmup-strict: ok fills=600 (64.4s)
[77/4086] BANK2_BL-01b_p10__T_cross_timing-today_ma_input_field-raw_warmup-strict: ok fills=582 (66.3s)
[78/4086] BANK2_BL-01b_p10__T_cross_timing-both_days_input_field-adjusted_warmup-ready_check: ok fills=626 (68.9s)
[79/4086] BANK2_BL-01b_p10__T_cross_timing-today_ma_input_field-adjusted_warmup-ready_check: ok fills=598 (64.2s)
[80/4086] BANK2_BL-01b_p10__T_cross_timing-both_days_input_field-raw_warmup-ready_check: ok fills=608 (61.0s)
[81/4086] BANK2_BL-01b_p10__T_cross_timing-both_days_input_field-adjusted_warmup-ready_per_rule: ok fills=626 (63.1s)
[82/4086] BANK2_BL-01b_p10__T_cross_timing-today_ma_input_field-raw_warmup-ready_check: ok fills=580 (66.6s)
[83/4086] BANK2_BL-01b_p10__T_cross_timing-today_ma_input_field-adjusted_warmup-ready_per_rule: ok fills=598 (64.8s)
[84/4086] BANK2_BL-01b_p10__T_cross_timing-both_days_input_field-raw_warmup-ready_per_rule: ok fills=608 (66.3s)
[85/4086] BANK2_BL-01b_p10__T_cross_timing-today_ma_input_field-raw_warmup-ready_per_rule: ok fills=580 (64.9s)
[86/4086] BANK2_BL-01b_p10__OAT_rsi_smoothing-simple: ok fills=678 (64.7s)
[87/4086] BANK2_BL-01b_p10__OAT_rsi_exit-cross: ok fills=608 (65.6s)
[88/4086] BANK2_BL-01b_p10__OAT_a_exec-set_holdings: ok fills=628 (66.0s)
[89/4086] BANK2_BL-01b_p10__OAT_same_bar_reentry-wait_bar: ok fills=624 (64.5s)
[90/4086] BANK2_BL-01b_p10__SPOT_all_excluded_off: ok fills=628 (63.2s)
[91/4086] BANK2_BL-01b_p20__ref: ok fills=474 (66.4s)
[92/4086] BANK2_BL-01b_p20__T_cross_timing-today_ma_input_field-adjusted_warmup-strict: ok fills=450 (67.1s)
[93/4086] BANK2_BL-01b_p20__T_cross_timing-both_days_input_field-raw_warmup-strict: ok fills=462 (69.6s)
[94/4086] BANK2_BL-01b_p20__T_cross_timing-today_ma_input_field-raw_warmup-strict: ok fills=432 (71.4s)
[95/4086] BANK2_BL-01b_p20__T_cross_timing-both_days_input_field-adjusted_warmup-ready_check: ok fills=470 (68.4s)
[96/4086] BANK2_BL-01b_p20__T_cross_timing-today_ma_input_field-adjusted_warmup-ready_check: ok fills=446 (62.6s)
[97/4086] BANK2_BL-01b_p20__T_cross_timing-both_days_input_field-raw_warmup-ready_check: ok fills=458 (66.7s)
[98/4086] BANK2_BL-01b_p20__T_cross_timing-today_ma_input_field-raw_warmup-ready_check: ok fills=428 (68.9s)
[99/4086] BANK2_BL-01b_p20__T_cross_timing-both_days_input_field-adjusted_warmup-ready_per_rule: ok fills=470 (68.2s)
[100/4086] BANK2_BL-01b_p20__OAT_rsi_exit-cross: exit=1 fills=None (14.3s)
[101/4086] BANK2_BL-01b_p20__T_cross_timing-today_ma_input_field-adjusted_warmup-ready_per_rule: ok fills=446 (66.7s)
[102/4086] BANK2_BL-01b_p20__T_cross_timing-both_days_input_field-raw_warmup-ready_per_rule: ok fills=458 (66.3s)
[103/4086] BANK2_BL-01b_p20__T_cross_timing-today_ma_input_field-raw_warmup-ready_per_rule: ok fills=428 (64.5s)
[104/4086] BANK2_BL-01b_p20__OAT_rsi_smoothing-simple: ok fills=524 (65.4s)
[105/4086] BANK2_BL-01b_p20__OAT_a_exec-set_holdings: ok fills=474 (63.4s)
[106/4086] BANK2_BL-01b_p20__OAT_same_bar_reentry-wait_bar: ok fills=470 (61.4s)
[107/4086] BANK2_BL-01b_p20__SPOT_all_excluded_off: ok fills=474 (65.8s)
[108/4086] BANK2_BL-01b_p50__T_cross_timing-today_ma_input_field-adjusted_warmup-ready_check: exit=1 fills=None (11.3s)
[109/4086] BANK2_BL-01b_p50__ref: ok fills=344 (67.8s)
[110/4086] BANK2_BL-01b_p50__T_cross_timing-today_ma_input_field-adjusted_warmup-strict: ok fills=332 (64.6s)
[111/4086] BANK2_BL-01b_p50__T_cross_timing-both_days_input_field-raw_warmup-strict: ok fills=343 (65.3s)
[112/4086] BANK2_BL-01b_p50__T_cross_timing-today_ma_input_field-raw_warmup-strict: ok fills=341 (64.3s)
[113/4086] BANK2_BL-01b_p50__T_cross_timing-both_days_input_field-adjusted_warmup-ready_check: ok fills=338 (61.6s)
[114/4086] BANK2_BL-01b_p50__T_cross_timing-both_days_input_field-raw_warmup-ready_check: ok fills=335 (60.5s)
[115/4086] BANK2_BL-01b_p50__T_cross_timing-today_ma_input_field-raw_warmup-ready_check: ok fills=333 (61.9s)
[116/4086] BANK2_BL-01b_p50__T_cross_timing-both_days_input_field-adjusted_warmup-ready_per_rule: ok fills=338 (63.9s)
[117/4086] BANK2_BL-01b_p50__OAT_a_exec-set_holdings: exit=1 fills=None (12.7s)
[118/4086] BANK2_BL-01b_p50__T_cross_timing-today_ma_input_field-adjusted_warmup-ready_per_rule: ok fills=328 (67.9s)
[119/4086] BANK2_BL-01b_p50__T_cross_timing-both_days_input_field-raw_warmup-ready_per_rule: ok fills=335 (67.8s)
[120/4086] BANK2_BL-01b_p50__T_cross_timing-today_ma_input_field-raw_warmup-ready_per_rule: ok fills=333 (67.9s)
[121/4086] BANK2_BL-01b_p50__OAT_rsi_smoothing-simple: ok fills=394 (68.6s)
[122/4086] BANK2_BL-01b_p50__OAT_rsi_exit-cross: ok fills=324 (66.3s)
[123/4086] BANK2_BL-01b_p50__OAT_same_bar_reentry-wait_bar: ok fills=340 (60.4s)
[124/4086] BANK2_BL-01b_p50__SPOT_all_excluded_off: ok fills=344 (60.6s)
[125/4086] BANK2_BL-01b_p100__ref: ok fills=270 (64.3s)
[126/4086] BANK2_BL-01b_p100__T_cross_timing-today_ma_input_field-adjusted_warmup-strict: ok fills=266 (66.4s)
[127/4086] BANK2_BL-01b_p100__T_cross_timing-both_days_input_field-raw_warmup-strict: ok fills=280 (64.4s)
[128/4086] BANK2_BL-01b_p100__T_cross_timing-both_days_input_field-adjusted_warmup-ready_check: ok fills=266 (64.6s)
[129/4086] BANK2_BL-01b_p100__T_cross_timing-today_ma_input_field-raw_warmup-strict: ok fills=278 (66.9s)
[130/4086] BANK2_BL-01b_p100__T_cross_timing-today_ma_input_field-adjusted_warmup-ready_check: ok fills=262 (62.5s)
[131/4086] BANK2_BL-01b_p100__T_cross_timing-both_days_input_field-raw_warmup-ready_check: ok fills=276 (61.3s)
[132/4086] BANK2_BL-01b_p100__T_cross_timing-today_ma_input_field-raw_warmup-ready_check: ok fills=274 (59.3s)
[133/4086] BANK2_BL-01b_p100__T_cross_timing-both_days_input_field-adjusted_warmup-ready_per_rule: ok fills=270 (60.7s)
[134/4086] BANK2_BL-01b_p100__T_cross_timing-today_ma_input_field-adjusted_warmup-ready_per_rule: ok fills=266 (62.7s)
[135/4086] BANK2_BL-01b_p100__T_cross_timing-both_days_input_field-raw_warmup-ready_per_rule: ok fills=280 (61.1s)
[136/4086] BANK2_BL-01b_p100__T_cross_timing-today_ma_input_field-raw_warmup-ready_per_rule: ok fills=278 (63.3s)
[137/4086] BANK2_BL-01b_p100__OAT_rsi_smoothing-simple: ok fills=320 (63.2s)
[138/4086] BANK2_BL-01b_p100__OAT_rsi_exit-cross: ok fills=250 (64.7s)
[139/4086] BANK2_BL-01b_p100__OAT_a_exec-set_holdings: ok fills=270 (65.1s)
[140/4086] BANK2_BL-01b_p100__OAT_same_bar_reentry-wait_bar: ok fills=266 (64.5s)
[141/4086] BANK2_BL-01b_p100__SPOT_all_excluded_off: ok fills=270 (62.9s)
[142/4086] BANK2_BL-01b_p200__ref: ok fills=216 (66.1s)
[143/4086] BANK2_BL-01b_p200__T_cross_timing-today_ma_input_field-adjusted_warmup-strict: ok fills=216 (63.2s)
[144/4086] BANK2_BL-01b_p200__T_cross_timing-today_ma_input_field-raw_warmup-ready_check: exit=1 fills=None (13.9s)
[145/4086] BANK2_BL-01b_p200__T_cross_timing-both_days_input_field-raw_warmup-strict: ok fills=215 (65.8s)
[146/4086] BANK2_BL-01b_p200__T_cross_timing-today_ma_input_field-raw_warmup-strict: ok fills=213 (66.9s)
[147/4086] BANK2_BL-01b_p200__T_cross_timing-both_days_input_field-adjusted_warmup-ready_check: ok fills=196 (66.0s)
[148/4086] BANK2_BL-01b_p200__T_cross_timing-today_ma_input_field-adjusted_warmup-ready_check: ok fills=196 (64.8s)
[149/4086] BANK2_BL-01b_p200__T_cross_timing-both_days_input_field-raw_warmup-ready_check: ok fills=191 (64.4s)
[150/4086] BANK2_BL-01b_p200__T_cross_timing-both_days_input_field-adjusted_warmup-ready_per_rule: ok fills=208 (63.6s)
[151/4086] BANK2_BL-01b_p200__T_cross_timing-today_ma_input_field-adjusted_warmup-ready_per_rule: ok fills=208 (63.1s)
[152/4086] BANK2_BL-01b_p200__T_cross_timing-both_days_input_field-raw_warmup-ready_per_rule: ok fills=203 (69.9s)
[153/4086] BANK2_BL-01b_p200__T_cross_timing-today_ma_input_field-raw_warmup-ready_per_rule: ok fills=201 (62.5s)
[154/4086] BANK2_BL-01b_p200__OAT_rsi_smoothing-simple: ok fills=266 (70.5s)
[155/4086] BANK2_BL-01b_p200__OAT_rsi_exit-cross: ok fills=196 (69.7s)
[156/4086] BANK2_BL-01b_p200__OAT_a_exec-set_holdings: ok fills=216 (67.4s)
[157/4086] BANK2_BL-01b_p200__OAT_same_bar_reentry-wait_bar: ok fills=212 (68.4s)
[158/4086] BANK2_BL-01b_p200__SPOT_all_excluded_off: ok fills=216 (75.3s)
[159/4086] BANK2_BL-01c_SMA10__ref: ok fills=628 (75.6s)
[160/4086] BANK2_BL-01c_SMA10__T_cross_timing-today_ma_input_field-adjusted_warmup-strict: ok fills=600 (75.2s)
[161/4086] BANK2_BL-01c_SMA10__T_cross_timing-both_days_input_field-raw_warmup-strict: ok fills=610 (66.3s)
[162/4086] BANK2_BL-01c_SMA10__T_cross_timing-today_ma_input_field-adjusted_warmup-ready_per_rule: exit=1 fills=None (10.7s)
[163/4086] BANK2_BL-01c_SMA10__T_cross_timing-today_ma_input_field-raw_warmup-strict: ok fills=582 (65.5s)
[164/4086] BANK2_BL-01c_SMA10__T_cross_timing-both_days_input_field-adjusted_warmup-ready_check: ok fills=626 (67.1s)
[165/4086] BANK2_BL-01c_SMA10__T_cross_timing-today_ma_input_field-adjusted_warmup-ready_check: ok fills=598 (65.8s)
[166/4086] BANK2_BL-01c_SMA10__OAT_rsi_exit-cross: exit=1 fills=None (13.4s)
[167/4086] BANK2_BL-01c_SMA10__T_cross_timing-both_days_input_field-raw_warmup-ready_check: ok fills=608 (65.8s)
[168/4086] BANK2_BL-01c_SMA10__T_cross_timing-both_days_input_field-adjusted_warmup-ready_per_rule: ok fills=626 (63.0s)
[169/4086] BANK2_BL-01c_SMA10__T_cross_timing-today_ma_input_field-raw_warmup-ready_check: ok fills=580 (66.7s)
[170/4086] BANK2_BL-01c_SMA10__T_cross_timing-both_days_input_field-raw_warmup-ready_per_rule: ok fills=608 (63.5s)
[171/4086] BANK2_BL-01c_SMA10__T_cross_timing-today_ma_input_field-raw_warmup-ready_per_rule: ok fills=580 (64.3s)
[172/4086] BANK2_BL-01c_SMA10__OAT_rsi_smoothing-simple: ok fills=678 (65.8s)
[173/4086] BANK2_BL-01c_SMA10__OAT_same_bar_reentry-wait_bar: ok fills=624 (63.2s)
[174/4086] BANK2_BL-01c_SMA10__SPOT_all_excluded_off: ok fills=628 (64.3s)
[175/4086] BANK2_BL-01c_SMA10__OAT_a_exec-set_holdings: ok fills=628 (67.0s)
[176/4086] BANK2_BL-01c_SMA20__ref: ok fills=474 (62.6s)
[177/4086] BANK2_BL-01c_SMA20__T_cross_timing-today_ma_input_field-adjusted_warmup-strict: ok fills=450 (73.4s)
[178/4086] BANK2_BL-01c_SMA20__T_cross_timing-today_ma_input_field-raw_warmup-strict: ok fills=432 (66.6s)
[179/4086] BANK2_BL-01c_SMA20__T_cross_timing-both_days_input_field-raw_warmup-strict: ok fills=462 (70.4s)
[180/4086] BANK2_BL-01c_SMA20__T_cross_timing-both_days_input_field-adjusted_warmup-ready_check: ok fills=470 (63.6s)
[181/4086] BANK2_BL-01c_SMA20__T_cross_timing-today_ma_input_field-adjusted_warmup-ready_check: ok fills=446 (68.0s)
[182/4086] BANK2_BL-01c_SMA20__T_cross_timing-today_ma_input_field-raw_warmup-ready_check: ok fills=428 (65.2s)
[183/4086] BANK2_BL-01c_SMA20__T_cross_timing-both_days_input_field-raw_warmup-ready_check: ok fills=458 (66.8s)
[184/4086] BANK2_BL-01c_SMA20__OAT_same_bar_reentry-wait_bar: exit=1 fills=None (15.7s)
[185/4086] BANK2_BL-01c_SMA20__T_cross_timing-both_days_input_field-adjusted_warmup-ready_per_rule: ok fills=470 (64.3s)
[186/4086] BANK2_BL-01c_SMA20__T_cross_timing-today_ma_input_field-adjusted_warmup-ready_per_rule: ok fills=446 (66.9s)
[187/4086] BANK2_BL-01c_SMA20__T_cross_timing-both_days_input_field-raw_warmup-ready_per_rule: ok fills=458 (65.9s)
[188/4086] BANK2_BL-01c_SMA20__T_cross_timing-today_ma_input_field-raw_warmup-ready_per_rule: ok fills=428 (66.0s)
[189/4086] BANK2_BL-01c_SMA50__T_cross_timing-today_ma_input_field-adjusted_warmup-strict: exit=1 fills=None (12.8s)
[190/4086] BANK2_BL-01c_SMA20__OAT_rsi_smoothing-simple: ok fills=524 (63.7s)
[191/4086] BANK2_BL-01c_SMA20__OAT_rsi_exit-cross: ok fills=454 (63.2s)
[192/4086] BANK2_BL-01c_SMA20__OAT_a_exec-set_holdings: ok fills=474 (65.3s)
[193/4086] BANK2_BL-01c_SMA20__SPOT_all_excluded_off: ok fills=474 (69.7s)
[194/4086] BANK2_BL-01c_SMA50__ref: ok fills=344 (70.2s)
[195/4086] BANK2_BL-01c_SMA50__T_cross_timing-both_days_input_field-raw_warmup-strict: ok fills=343 (66.1s)
[196/4086] BANK2_BL-01c_SMA50__T_cross_timing-today_ma_input_field-raw_warmup-strict: ok fills=341 (66.8s)
[197/4086] BANK2_BL-01c_SMA50__T_cross_timing-today_ma_input_field-adjusted_warmup-ready_check: ok fills=328 (66.2s)
[198/4086] BANK2_BL-01c_SMA50__T_cross_timing-both_days_input_field-adjusted_warmup-ready_check: ok fills=338 (71.7s)
[199/4086] BANK2_BL-01c_SMA50__T_cross_timing-both_days_input_field-raw_warmup-ready_check: ok fills=335 (70.4s)
[200/4086] BANK2_BL-01c_SMA50__T_cross_timing-today_ma_input_field-raw_warmup-ready_check: ok fills=333 (71.3s)
[201/4086] BANK2_BL-01c_SMA50__T_cross_timing-today_ma_input_field-adjusted_warmup-ready_per_rule: ok fills=328 (67.7s)
[202/4086] BANK2_BL-01c_SMA50__T_cross_timing-both_days_input_field-adjusted_warmup-ready_per_rule: ok fills=338 (70.4s)
[203/4086] BANK2_BL-01c_SMA50__T_cross_timing-both_days_input_field-raw_warmup-ready_per_rule: ok fills=335 (65.2s)
[204/4086] BANK2_BL-01c_SMA50__T_cross_timing-today_ma_input_field-raw_warmup-ready_per_rule: ok fills=333 (66.1s)
[205/4086] BANK2_BL-01c_SMA50__OAT_rsi_smoothing-simple: ok fills=394 (68.1s)
[206/4086] BANK2_BL-01c_SMA50__OAT_rsi_exit-cross: ok fills=324 (63.9s)
[207/4086] BANK2_BL-01c_SMA50__OAT_a_exec-set_holdings: ok fills=344 (66.3s)
[208/4086] BANK2_BL-01c_SMA50__OAT_same_bar_reentry-wait_bar: ok fills=340 (63.5s)
[209/4086] BANK2_BL-01c_SMA50__SPOT_all_excluded_off: ok fills=344 (64.7s)
[210/4086] BANK2_BL-01c_SMA100__ref: ok fills=270 (72.8s)
[211/4086] BANK2_BL-01c_SMA100__T_cross_timing-today_ma_input_field-adjusted_warmup-strict: ok fills=266 (63.5s)
[212/4086] BANK2_BL-01c_SMA100__T_cross_timing-both_days_input_field-raw_warmup-strict: ok fills=280 (64.1s)
[213/4086] BANK2_BL-01c_SMA100__T_cross_timing-today_ma_input_field-raw_warmup-strict: ok fills=278 (62.8s)
[214/4086] BANK2_BL-01c_SMA100__T_cross_timing-both_days_input_field-adjusted_warmup-ready_check: ok fills=266 (65.1s)
[215/4086] BANK2_BL-01c_SMA100__T_cross_timing-today_ma_input_field-adjusted_warmup-ready_check: ok fills=262 (63.2s)
[216/4086] BANK2_BL-01c_SMA100__T_cross_timing-both_days_input_field-raw_warmup-ready_check: ok fills=276 (62.4s)
[217/4086] BANK2_BL-01c_SMA100__T_cross_timing-today_ma_input_field-raw_warmup-ready_check: ok fills=274 (62.4s)
[218/4086] BANK2_BL-01c_SMA100__T_cross_timing-both_days_input_field-adjusted_warmup-ready_per_rule: ok fills=270 (66.4s)
[219/4086] BANK2_BL-01c_SMA100__T_cross_timing-today_ma_input_field-adjusted_warmup-ready_per_rule: ok fills=266 (62.7s)
[220/4086] BANK2_BL-01c_SMA100__T_cross_timing-today_ma_input_field-raw_warmup-ready_per_rule: ok fills=278 (66.3s)
[221/4086] BANK2_BL-01c_SMA100__OAT_rsi_smoothing-simple: ok fills=320 (65.2s)
[222/4086] BANK2_BL-01c_SMA200__ref: exit=1 fills=None (12.2s)
[223/4086] BANK2_BL-01c_SMA100__T_cross_timing-both_days_input_field-raw_warmup-ready_per_rule: ok fills=280 (71.4s)
[224/4086] BANK2_BL-01c_SMA100__OAT_rsi_exit-cross: ok fills=250 (66.0s)
[225/4086] BANK2_BL-01c_SMA100__OAT_a_exec-set_holdings: ok fills=270 (66.0s)
[226/4086] BANK2_BL-01c_SMA100__OAT_same_bar_reentry-wait_bar: ok fills=266 (63.2s)
[227/4086] BANK2_BL-01c_SMA100__SPOT_all_excluded_off: ok fills=270 (71.2s)
[228/4086] BANK2_BL-01c_SMA200__T_cross_timing-today_ma_input_field-adjusted_warmup-strict: ok fills=216 (74.3s)
[229/4086] BANK2_BL-01c_SMA200__T_cross_timing-both_days_input_field-raw_warmup-strict: ok fills=215 (75.4s)
[230/4086] BANK2_BL-01c_SMA200__T_cross_timing-today_ma_input_field-raw_warmup-strict: ok fills=213 (76.5s)
[231/4086] BANK2_BL-01c_SMA200__T_cross_timing-both_days_input_field-adjusted_warmup-ready_check: ok fills=196 (76.5s)
[232/4086] BANK2_BL-01c_SMA200__T_cross_timing-both_days_input_field-raw_warmup-ready_check: ok fills=191 (71.9s)
[233/4086] BANK2_BL-01c_SMA200__T_cross_timing-today_ma_input_field-adjusted_warmup-ready_check: ok fills=196 (73.4s)
[234/4086] BANK2_BL-01c_SMA200__T_cross_timing-today_ma_input_field-raw_warmup-ready_check: ok fills=189 (63.6s)
[235/4086] BANK2_BL-01c_SMA200__T_cross_timing-both_days_input_field-adjusted_warmup-ready_per_rule: ok fills=208 (67.6s)
[236/4086] BANK2_BL-01c_SMA200__T_cross_timing-today_ma_input_field-adjusted_warmup-ready_per_rule: ok fills=208 (66.7s)
[237/4086] BANK2_BL-01c_SMA200__OAT_rsi_smoothing-simple: ok fills=266 (67.5s)
[238/4086] BANK2_BL-01c_SMA200__T_cross_timing-both_days_input_field-raw_warmup-ready_per_rule: ok fills=203 (71.0s)
[239/4086] BANK2_BL-01c_SMA200__T_cross_timing-today_ma_input_field-raw_warmup-ready_per_rule: ok fills=201 (69.6s)
[240/4086] BANK2_BL-01c_SMA200__OAT_rsi_exit-cross: ok fills=196 (69.8s)
[241/4086] BANK2_BL-01c_SMA200__OAT_a_exec-set_holdings: ok fills=216 (73.1s)
[242/4086] BANK2_BL-01c_SMA200__OAT_same_bar_reentry-wait_bar: ok fills=212 (73.6s)
[243/4086] BANK2_BL-01c_SMA200__SPOT_all_excluded_off: ok fills=216 (65.5s)
[244/4086] BANK2_BL-01c_EMA10__ref: ok fills=660 (67.7s)
[245/4086] BANK2_BL-01c_EMA10__ref_wb-150: ok fills=660 (69.1s)
[246/4086] BANK2_BL-01c_EMA10__ref_wb-252: ok fills=660 (68.6s)
[247/4086] BANK2_BL-01c_EMA10__ref_wb-200: ok fills=660 (69.8s)
[248/4086] BANK2_BL-01c_EMA10__T_cross_timing-today_ma_input_field-adjusted_warmup-strict: ok fills=660 (74.4s)
[249/4086] BANK2_BL-01c_EMA10__T_cross_timing-today_ma_input_field-adjusted_warmup-strict_wb-150: ok fills=660 (76.7s)
[250/4086] BANK2_BL-01c_EMA10__T_cross_timing-today_ma_input_field-adjusted_warmup-strict_wb-200: ok fills=660 (74.9s)
[251/4086] BANK2_BL-01c_EMA10__T_cross_timing-today_ma_input_field-adjusted_warmup-strict_wb-252: ok fills=660 (76.8s)
[252/4086] BANK2_BL-01c_EMA10__T_cross_timing-both_days_input_field-raw_warmup-strict: ok fills=646 (67.6s)
[253/4086] BANK2_BL-01c_EMA10__T_cross_timing-both_days_input_field-raw_warmup-strict_wb-150: ok fills=646 (64.5s)
[254/4086] BANK2_BL-01c_EMA10__T_cross_timing-today_ma_input_field-raw_warmup-strict_wb-252: exit=1 fills=None (14.3s)
[255/4086] BANK2_BL-01c_EMA10__T_cross_timing-both_days_input_field-raw_warmup-strict_wb-200: ok fills=646 (65.6s)
[256/4086] BANK2_BL-01c_EMA10__T_cross_timing-both_days_input_field-raw_warmup-strict_wb-252: ok fills=646 (79.7s)
[257/4086] BANK2_BL-01c_EMA10__T_cross_timing-today_ma_input_field-adjusted_warmup-ready_check: exit=1 fills=None (17.6s)
[258/4086] BANK2_BL-01c_EMA10__T_cross_timing-today_ma_input_field-raw_warmup-strict: ok fills=646 (73.7s)
[259/4086] BANK2_BL-01c_EMA10__T_cross_timing-today_ma_input_field-raw_warmup-strict_wb-150: ok fills=646 (67.3s)
[260/4086] BANK2_BL-01c_EMA10__T_cross_timing-today_ma_input_field-raw_warmup-strict_wb-200: ok fills=646 (69.1s)
[261/4086] BANK2_BL-01c_EMA10__T_cross_timing-both_days_input_field-adjusted_warmup-ready_check: ok fills=656 (63.9s)
[262/4086] BANK2_BL-01c_EMA10__T_cross_timing-both_days_input_field-raw_warmup-ready_check: ok fills=642 (68.5s)
[263/4086] BANK2_BL-01c_EMA10__T_cross_timing-today_ma_input_field-raw_warmup-ready_check: ok fills=642 (69.7s)
[264/4086] BANK2_BL-01c_EMA10__T_cross_timing-both_days_input_field-adjusted_warmup-ready_per_rule: ok fills=658 (68.4s)
[265/4086] BANK2_BL-01c_EMA10__T_cross_timing-today_ma_input_field-adjusted_warmup-ready_per_rule: ok fills=658 (73.2s)
[266/4086] BANK2_BL-01c_EMA10__T_cross_timing-both_days_input_field-raw_warmup-ready_per_rule: ok fills=644 (71.6s)
[267/4086] BANK2_BL-01c_EMA10__SPOT_all_excluded_off: exit=1 fills=None (15.1s)
[268/4086] BANK2_BL-01c_EMA10__T_cross_timing-today_ma_input_field-raw_warmup-ready_per_rule: ok fills=644 (73.6s)
[269/4086] BANK2_BL-01c_EMA10__OAT_rsi_smoothing-simple: ok fills=710 (70.2s)
[270/4086] BANK2_BL-01c_EMA10__OAT_rsi_exit-cross: ok fills=640 (72.2s)
[271/4086] BANK2_BL-01c_EMA10__OAT_a_exec-set_holdings: ok fills=660 (69.3s)
[272/4086] BANK2_BL-01c_EMA10__OAT_same_bar_reentry-wait_bar: ok fills=656 (75.4s)
[273/4086] BANK2_BL-01c_EMA20__ref: ok fills=508 (64.3s)
[274/4086] BANK2_BL-01c_EMA20__ref_wb-200: ok fills=508 (67.5s)
[275/4086] BANK2_BL-01c_EMA20__ref_wb-150: ok fills=508 (67.6s)
[276/4086] BANK2_BL-01c_EMA20__ref_wb-252: ok fills=508 (69.1s)
[277/4086] BANK2_BL-01c_EMA20__T_cross_timing-today_ma_input_field-adjusted_warmup-strict: ok fills=508 (67.1s)
[278/4086] BANK2_BL-01c_EMA20__T_cross_timing-today_ma_input_field-adjusted_warmup-strict_wb-150: ok fills=508 (69.2s)
[279/4086] BANK2_BL-01c_EMA20__T_cross_timing-today_ma_input_field-adjusted_warmup-strict_wb-200: ok fills=508 (63.3s)
[280/4086] BANK2_BL-01c_EMA20__T_cross_timing-today_ma_input_field-adjusted_warmup-strict_wb-252: ok fills=508 (61.2s)
[281/4086] BANK2_BL-01c_EMA20__T_cross_timing-both_days_input_field-raw_warmup-strict: ok fills=514 (58.6s)
[282/4086] BANK2_BL-01c_EMA20__T_cross_timing-both_days_input_field-raw_warmup-strict_wb-150: ok fills=514 (61.9s)
[283/4086] BANK2_BL-01c_EMA20__T_cross_timing-both_days_input_field-raw_warmup-strict_wb-200: ok fills=514 (64.9s)
[284/4086] BANK2_BL-01c_EMA20__T_cross_timing-both_days_input_field-raw_warmup-strict_wb-252: ok fills=514 (65.3s)
[285/4086] BANK2_BL-01c_EMA20__T_cross_timing-today_ma_input_field-raw_warmup-strict: ok fills=514 (65.6s)
[286/4086] BANK2_BL-01c_EMA20__T_cross_timing-today_ma_input_field-raw_warmup-strict_wb-200: ok fills=514 (64.0s)
[287/4086] BANK2_BL-01c_EMA20__T_cross_timing-today_ma_input_field-raw_warmup-strict_wb-150: ok fills=514 (67.7s)
[288/4086] BANK2_BL-01c_EMA20__T_cross_timing-today_ma_input_field-raw_warmup-strict_wb-252: ok fills=514 (63.4s)
[289/4086] BANK2_BL-01c_EMA20__T_cross_timing-both_days_input_field-adjusted_warmup-ready_check: ok fills=504 (61.5s)
[290/4086] BANK2_BL-01c_EMA20__T_cross_timing-today_ma_input_field-adjusted_warmup-ready_check: ok fills=504 (63.6s)
[291/4086] BANK2_BL-01c_EMA20__T_cross_timing-both_days_input_field-raw_warmup-ready_check: ok fills=510 (67.9s)
[292/4086] BANK2_BL-01c_EMA20__T_cross_timing-both_days_input_field-adjusted_warmup-ready_per_rule: ok fills=504 (62.0s)
[293/4086] BANK2_BL-01c_EMA20__T_cross_timing-today_ma_input_field-raw_warmup-ready_check: ok fills=510 (65.3s)
[294/4086] BANK2_BL-01c_EMA20__T_cross_timing-today_ma_input_field-adjusted_warmup-ready_per_rule: ok fills=504 (65.5s)
[295/4086] BANK2_BL-01c_EMA20__T_cross_timing-both_days_input_field-raw_warmup-ready_per_rule: ok fills=510 (63.9s)
[296/4086] BANK2_BL-01c_EMA20__T_cross_timing-today_ma_input_field-raw_warmup-ready_per_rule: ok fills=510 (67.4s)
[297/4086] BANK2_BL-01c_EMA20__OAT_rsi_smoothing-simple: ok fills=558 (65.5s)
[298/4086] BANK2_BL-01c_EMA20__OAT_rsi_exit-cross: ok fills=488 (66.2s)
[299/4086] BANK2_BL-01c_EMA20__SPOT_all_excluded_off: ok fills=508 (64.8s)
[300/4086] BANK2_BL-01c_EMA20__OAT_same_bar_reentry-wait_bar: ok fills=504 (66.5s)
[301/4086] BANK2_BL-01c_EMA20__OAT_a_exec-set_holdings: ok fills=508 (70.1s)
[302/4086] BANK2_BL-01c_EMA50__ref: ok fills=344 (66.7s)
[303/4086] BANK2_BL-01c_EMA50__ref_wb-150: ok fills=344 (68.1s)
[304/4086] BANK2_BL-01c_EMA50__ref_wb-200: ok fills=344 (62.7s)
[305/4086] BANK2_BL-01c_EMA50__ref_wb-252: ok fills=344 (63.5s)
[306/4086] BANK2_BL-01c_EMA50__T_cross_timing-today_ma_input_field-adjusted_warmup-strict: ok fills=344 (57.5s)
[307/4086] BANK2_BL-01c_EMA50__T_cross_timing-today_ma_input_field-adjusted_warmup-strict_wb-150: ok fills=344 (64.1s)
[308/4086] BANK2_BL-01c_EMA50__T_cross_timing-today_ma_input_field-adjusted_warmup-strict_wb-200: ok fills=344 (65.3s)
[309/4086] BANK2_BL-01c_EMA50__T_cross_timing-today_ma_input_field-adjusted_warmup-strict_wb-252: ok fills=344 (65.3s)
[310/4086] BANK2_BL-01c_EMA50__T_cross_timing-both_days_input_field-raw_warmup-strict: ok fills=346 (65.2s)
[311/4086] BANK2_BL-01c_EMA50__T_cross_timing-both_days_input_field-raw_warmup-strict_wb-150: ok fills=350 (65.8s)
[312/4086] BANK2_BL-01c_EMA50__T_cross_timing-both_days_input_field-raw_warmup-strict_wb-200: ok fills=350 (66.7s)
[313/4086] BANK2_BL-01c_EMA50__T_cross_timing-both_days_input_field-raw_warmup-strict_wb-252: ok fills=350 (64.5s)
[314/4086] BANK2_BL-01c_EMA50__T_cross_timing-today_ma_input_field-raw_warmup-strict: ok fills=348 (65.6s)
[315/4086] BANK2_BL-01c_EMA50__T_cross_timing-today_ma_input_field-raw_warmup-ready_check: exit=1 fills=None (14.0s)
[316/4086] BANK2_BL-01c_EMA50__T_cross_timing-today_ma_input_field-raw_warmup-strict_wb-150: ok fills=350 (63.1s)
[317/4086] BANK2_BL-01c_EMA50__T_cross_timing-today_ma_input_field-raw_warmup-strict_wb-200: ok fills=350 (65.8s)
[318/4086] BANK2_BL-01c_EMA50__T_cross_timing-today_ma_input_field-raw_warmup-strict_wb-252: ok fills=350 (66.8s)
[319/4086] BANK2_BL-01c_EMA50__T_cross_timing-both_days_input_field-adjusted_warmup-ready_check: ok fills=340 (67.1s)
[320/4086] BANK2_BL-01c_EMA50__T_cross_timing-today_ma_input_field-adjusted_warmup-ready_check: ok fills=340 (68.0s)
[321/4086] BANK2_BL-01c_EMA50__T_cross_timing-both_days_input_field-raw_warmup-ready_check: ok fills=342 (67.0s)
[322/4086] BANK2_BL-01c_EMA50__T_cross_timing-both_days_input_field-adjusted_warmup-ready_per_rule: ok fills=340 (65.3s)
[323/4086] BANK2_BL-01c_EMA50__T_cross_timing-today_ma_input_field-adjusted_warmup-ready_per_rule: ok fills=340 (69.0s)
[324/4086] BANK2_BL-01c_EMA50__T_cross_timing-both_days_input_field-raw_warmup-ready_per_rule: ok fills=342 (65.4s)
[325/4086] BANK2_BL-01c_EMA50__T_cross_timing-today_ma_input_field-raw_warmup-ready_per_rule: ok fills=342 (67.4s)
[326/4086] BANK2_BL-01c_EMA50__OAT_rsi_smoothing-simple: ok fills=394 (66.3s)
[327/4086] BANK2_BL-01c_EMA50__OAT_rsi_exit-cross: ok fills=324 (67.4s)
[328/4086] BANK2_BL-01c_EMA50__OAT_a_exec-set_holdings: ok fills=344 (67.1s)
[329/4086] BANK2_BL-01c_EMA50__OAT_same_bar_reentry-wait_bar: ok fills=340 (67.7s)
[330/4086] BANK2_BL-01c_EMA100__ref: ok fills=282 (62.3s)
[331/4086] BANK2_BL-01c_EMA50__SPOT_all_excluded_off: ok fills=344 (68.7s)
[332/4086] BANK2_BL-01c_EMA100__T_cross_timing-today_ma_input_field-adjusted_warmup-strict_wb-200: exit=1 fills=None (13.4s)
[333/4086] BANK2_BL-01c_EMA100__ref_wb-150: ok fills=282 (68.2s)
[334/4086] BANK2_BL-01c_EMA100__ref_wb-200: ok fills=282 (69.7s)
[335/4086] BANK2_BL-01c_EMA100__ref_wb-252: ok fills=282 (68.6s)
[336/4086] BANK2_BL-01c_EMA100__T_cross_timing-today_ma_input_field-adjusted_warmup-strict: ok fills=282 (70.2s)
[337/4086] BANK2_BL-01c_EMA100__T_cross_timing-today_ma_input_field-adjusted_warmup-strict_wb-150: ok fills=282 (70.1s)
[338/4086] BANK2_BL-01c_EMA100__T_cross_timing-both_days_input_field-raw_warmup-strict: ok fills=292 (67.1s)
[339/4086] BANK2_BL-01c_EMA100__T_cross_timing-today_ma_input_field-raw_warmup-strict_wb-200: exit=1 fills=None (12.0s)
[340/4086] BANK2_BL-01c_EMA100__T_cross_timing-both_days_input_field-raw_warmup-strict_wb-150: ok fills=294 (69.6s)
[341/4086] BANK2_BL-01c_EMA100__T_cross_timing-today_ma_input_field-adjusted_warmup-strict_wb-252: ok fills=282 (73.1s)
[342/4086] BANK2_BL-01c_EMA100__T_cross_timing-both_days_input_field-raw_warmup-strict_wb-200: ok fills=294 (69.1s)
[343/4086] BANK2_BL-01c_EMA100__T_cross_timing-today_ma_input_field-raw_warmup-strict: ok fills=292 (66.9s)
[344/4086] BANK2_BL-01c_EMA100__T_cross_timing-both_days_input_field-raw_warmup-strict_wb-252: ok fills=294 (71.5s)
[345/4086] BANK2_BL-01c_EMA100__T_cross_timing-today_ma_input_field-raw_warmup-strict_wb-150: ok fills=294 (73.7s)
[346/4086] BANK2_BL-01c_EMA100__T_cross_timing-today_ma_input_field-raw_warmup-strict_wb-252: ok fills=294 (69.9s)
[347/4086] BANK2_BL-01c_EMA100__T_cross_timing-both_days_input_field-adjusted_warmup-ready_check: ok fills=284 (69.8s)
[348/4086] BANK2_BL-01c_EMA100__T_cross_timing-today_ma_input_field-adjusted_warmup-ready_check: ok fills=284 (69.5s)
[349/4086] BANK2_BL-01c_EMA100__T_cross_timing-both_days_input_field-raw_warmup-ready_check: ok fills=286 (70.9s)
[350/4086] BANK2_BL-01c_EMA100__T_cross_timing-today_ma_input_field-raw_warmup-ready_check: ok fills=286 (65.5s)
[351/4086] BANK2_BL-01c_EMA100__T_cross_timing-both_days_input_field-adjusted_warmup-ready_per_rule: ok fills=288 (69.4s)
[352/4086] BANK2_BL-01c_EMA100__T_cross_timing-today_ma_input_field-adjusted_warmup-ready_per_rule: ok fills=288 (69.9s)
[353/4086] BANK2_BL-01c_EMA100__T_cross_timing-both_days_input_field-raw_warmup-ready_per_rule: ok fills=290 (69.1s)
[354/4086] BANK2_BL-01c_EMA100__OAT_rsi_smoothing-simple: ok fills=332 (74.0s)
[355/4086] BANK2_BL-01c_EMA100__OAT_rsi_exit-cross: ok fills=262 (73.5s)
[356/4086] BANK2_BL-01c_EMA100__T_cross_timing-today_ma_input_field-raw_warmup-ready_per_rule: ok fills=290 (77.9s)
[357/4086] BANK2_BL-01c_EMA100__OAT_same_bar_reentry-wait_bar: ok fills=278 (69.5s)
[358/4086] BANK2_BL-01c_EMA100__OAT_a_exec-set_holdings: ok fills=282 (73.8s)
[359/4086] BANK2_BL-01c_EMA200__ref: ok fills=234 (68.2s)
[360/4086] BANK2_BL-01c_EMA100__SPOT_all_excluded_off: ok fills=282 (71.6s)
[361/4086] BANK2_BL-01c_EMA200__ref_wb-150: ok fills=234 (66.5s)
[362/4086] BANK2_BL-01c_EMA200__ref_wb-200: ok fills=234 (66.1s)
[363/4086] BANK2_BL-01c_EMA200__ref_wb-252: ok fills=236 (66.4s)
[364/4086] BANK2_BL-01c_EMA200__T_cross_timing-today_ma_input_field-adjusted_warmup-strict: ok fills=234 (65.8s)
[365/4086] BANK2_BL-01c_EMA200__T_cross_timing-today_ma_input_field-adjusted_warmup-strict_wb-150: ok fills=234 (67.9s)
[366/4086] BANK2_BL-01c_EMA200__T_cross_timing-today_ma_input_field-adjusted_warmup-strict_wb-200: ok fills=234 (70.2s)
[367/4086] BANK2_BL-01c_EMA200__T_cross_timing-today_ma_input_field-adjusted_warmup-strict_wb-252: ok fills=236 (69.6s)
[368/4086] BANK2_BL-01c_EMA200__T_cross_timing-both_days_input_field-raw_warmup-strict: ok fills=232 (70.0s)
[369/4086] BANK2_BL-01c_EMA200__T_cross_timing-both_days_input_field-raw_warmup-strict_wb-150: ok fills=232 (61.3s)
[370/4086] BANK2_BL-01c_EMA200__T_cross_timing-both_days_input_field-raw_warmup-strict_wb-252: ok fills=232 (62.1s)
[371/4086] BANK2_BL-01c_EMA200__T_cross_timing-both_days_input_field-raw_warmup-strict_wb-200: ok fills=232 (71.9s)
[372/4086] BANK2_BL-01c_EMA200__T_cross_timing-today_ma_input_field-raw_warmup-strict_wb-150: ok fills=232 (66.6s)
[373/4086] BANK2_BL-01c_EMA200__T_cross_timing-today_ma_input_field-raw_warmup-strict: ok fills=232 (72.1s)
[374/4086] BANK2_BL-01c_EMA200__T_cross_timing-today_ma_input_field-raw_warmup-strict_wb-200: ok fills=232 (68.5s)
[375/4086] BANK2_BL-01c_EMA200__T_cross_timing-today_ma_input_field-raw_warmup-strict_wb-252: ok fills=232 (71.7s)
[376/4086] BANK2_BL-01c_EMA200__T_cross_timing-both_days_input_field-adjusted_warmup-ready_check: ok fills=212 (73.9s)
[377/4086] BANK2_BL-01c_EMA200__T_cross_timing-today_ma_input_field-adjusted_warmup-ready_check: ok fills=212 (64.6s)
[378/4086] BANK2_BL-01c_EMA200__T_cross_timing-today_ma_input_field-raw_warmup-ready_check: ok fills=212 (59.6s)
[379/4086] BANK2_BL-01c_EMA200__T_cross_timing-both_days_input_field-raw_warmup-ready_check: ok fills=212 (67.9s)
[380/4086] BANK2_BL-01c_EMA200__T_cross_timing-both_days_input_field-raw_warmup-ready_per_rule: ok fills=224 (66.3s)
[381/4086] BANK2_BL-01c_EMA200__T_cross_timing-both_days_input_field-adjusted_warmup-ready_per_rule: ok fills=224 (71.5s)
[382/4086] BANK2_BL-01c_EMA200__OAT_a_exec-set_holdings: exit=1 fills=None (12.9s)
[383/4086] BANK2_BL-01c_EMA200__T_cross_timing-today_ma_input_field-adjusted_warmup-ready_per_rule: ok fills=224 (69.0s)
[384/4086] BANK2_BL-01c_EMA200__T_cross_timing-today_ma_input_field-raw_warmup-ready_per_rule: ok fills=224 (72.0s)
[385/4086] BANK2_BL-01c_EMA200__OAT_rsi_smoothing-simple: ok fills=284 (70.1s)
[386/4086] BANK2_BL-01c_EMA200__OAT_rsi_exit-cross: ok fills=214 (67.5s)
[387/4086] BANK2_BL-01c_EMA200__OAT_same_bar_reentry-wait_bar: ok fills=230 (64.1s)
[388/4086] BANK2_BL-01c_EMA200__SPOT_all_excluded_off: ok fills=234 (67.9s)
[389/4086] BANK2_BL-01c_WMA10__ref: ok fills=718 (67.6s)
[390/4086] BANK2_BL-01c_WMA10__T_cross_timing-both_days_input_field-raw_warmup-strict: ok fills=712 (69.7s)
[391/4086] BANK2_BL-01c_WMA10__T_cross_timing-today_ma_input_field-adjusted_warmup-strict: ok fills=712 (70.1s)
[392/4086] BANK2_BL-01c_WMA10__T_cross_timing-today_ma_input_field-raw_warmup-strict: ok fills=706 (69.1s)
[393/4086] BANK2_BL-01c_WMA10__T_cross_timing-both_days_input_field-adjusted_warmup-ready_check: ok fills=716 (71.0s)
[394/4086] BANK2_BL-01c_WMA10__T_cross_timing-today_ma_input_field-adjusted_warmup-ready_check: ok fills=710 (69.9s)
[395/4086] BANK2_BL-01c_WMA10__OAT_rsi_smoothing-simple: exit=1 fills=None (11.6s)
[396/4086] BANK2_BL-01c_WMA10__T_cross_timing-both_days_input_field-raw_warmup-ready_check: ok fills=710 (65.2s)
[397/4086] BANK2_BL-01c_WMA10__OAT_a_exec-set_holdings: exit=1 fills=None (12.7s)
[398/4086] BANK2_BL-01c_WMA10__T_cross_timing-both_days_input_field-raw_warmup-ready_per_rule: ok fills=710 (63.6s)
[399/4086] BANK2_BL-01c_WMA10__T_cross_timing-both_days_input_field-adjusted_warmup-ready_per_rule: ok fills=716 (66.4s)
[400/4086] BANK2_BL-01c_WMA10__T_cross_timing-today_ma_input_field-raw_warmup-ready_check: ok fills=704 (69.1s)
[401/4086] BANK2_BL-01c_WMA10__T_cross_timing-today_ma_input_field-adjusted_warmup-ready_per_rule: ok fills=710 (67.0s)
[402/4086] BANK2_BL-01c_WMA10__T_cross_timing-today_ma_input_field-raw_warmup-ready_per_rule: ok fills=704 (65.3s)
[403/4086] BANK2_BL-01c_WMA10__OAT_rsi_exit-cross: ok fills=698 (67.0s)
[404/4086] BANK2_BL-01c_WMA10__OAT_same_bar_reentry-wait_bar: ok fills=714 (67.7s)
[405/4086] BANK2_BL-01c_WMA10__SPOT_all_excluded_off: ok fills=718 (70.5s)
[406/4086] BANK2_BL-01c_WMA20__ref: ok fills=556 (67.8s)
[407/4086] BANK2_BL-01c_WMA20__T_cross_timing-today_ma_input_field-adjusted_warmup-strict: ok fills=548 (69.3s)
[408/4086] BANK2_BL-01c_WMA20__T_cross_timing-today_ma_input_field-raw_warmup-strict: ok fills=536 (68.8s)
[409/4086] BANK2_BL-01c_WMA20__T_cross_timing-both_days_input_field-raw_warmup-strict: ok fills=544 (69.7s)
[410/4086] BANK2_BL-01c_WMA20__T_cross_timing-both_days_input_field-adjusted_warmup-ready_check: ok fills=552 (63.7s)
[411/4086] BANK2_BL-01c_WMA20__T_cross_timing-today_ma_input_field-adjusted_warmup-ready_check: ok fills=544 (67.2s)
[412/4086] BANK2_BL-01c_WMA20__T_cross_timing-both_days_input_field-raw_warmup-ready_check: ok fills=540 (66.6s)
[413/4086] BANK2_BL-01c_WMA20__T_cross_timing-today_ma_input_field-raw_warmup-ready_check: ok fills=532 (64.6s)
[414/4086] BANK2_BL-01c_WMA20__T_cross_timing-both_days_input_field-adjusted_warmup-ready_per_rule: ok fills=552 (68.5s)
[415/4086] BANK2_BL-01c_WMA20__T_cross_timing-today_ma_input_field-adjusted_warmup-ready_per_rule: ok fills=544 (70.2s)
[416/4086] BANK2_BL-01c_WMA20__T_cross_timing-today_ma_input_field-raw_warmup-ready_per_rule: ok fills=532 (69.4s)
[417/4086] BANK2_BL-01c_WMA20__T_cross_timing-both_days_input_field-raw_warmup-ready_per_rule: ok fills=540 (70.3s)
[418/4086] BANK2_BL-01c_WMA20__OAT_rsi_smoothing-simple: ok fills=606 (69.2s)
[419/4086] BANK2_BL-01c_WMA50__T_cross_timing-both_days_input_field-raw_warmup-strict: exit=1 fills=None (12.3s)
[420/4086] BANK2_BL-01c_WMA20__OAT_rsi_exit-cross: ok fills=536 (68.6s)
[421/4086] BANK2_BL-01c_WMA20__OAT_a_exec-set_holdings: ok fills=556 (68.0s)
[422/4086] BANK2_BL-01c_WMA50__T_cross_timing-today_ma_input_field-adjusted_warmup-ready_check: exit=1 fills=None (12.9s)
[423/4086] BANK2_BL-01c_WMA20__OAT_same_bar_reentry-wait_bar: ok fills=552 (68.5s)
[424/4086] BANK2_BL-01c_WMA20__SPOT_all_excluded_off: ok fills=556 (64.6s)
[425/4086] BANK2_BL-01c_WMA50__T_cross_timing-today_ma_input_field-raw_warmup-ready_check: exit=1 fills=None (15.8s)
[426/4086] BANK2_BL-01c_WMA50__T_cross_timing-both_days_input_field-adjusted_warmup-ready_per_rule: exit=1 fills=None (15.4s)
[427/4086] BANK2_BL-01c_WMA50__ref: ok fills=392 (62.6s)
[428/4086] BANK2_BL-01c_WMA50__T_cross_timing-today_ma_input_field-adjusted_warmup-strict: ok fills=390 (64.8s)
[429/4086] BANK2_BL-01c_WMA50__T_cross_timing-today_ma_input_field-raw_warmup-strict: ok fills=393 (68.7s)
[430/4086] BANK2_BL-01c_WMA50__T_cross_timing-both_days_input_field-adjusted_warmup-ready_check: ok fills=382 (69.0s)
[431/4086] BANK2_BL-01c_WMA50__T_cross_timing-both_days_input_field-raw_warmup-ready_check: ok fills=387 (69.6s)
[432/4086] BANK2_BL-01c_WMA50__T_cross_timing-today_ma_input_field-adjusted_warmup-ready_per_rule: ok fills=380 (67.6s)
[433/4086] BANK2_BL-01c_WMA50__T_cross_timing-both_days_input_field-raw_warmup-ready_per_rule: ok fills=387 (68.1s)
[434/4086] BANK2_BL-01c_WMA50__T_cross_timing-today_ma_input_field-raw_warmup-ready_per_rule: ok fills=385 (68.0s)
[435/4086] BANK2_BL-01c_WMA50__OAT_rsi_smoothing-simple: ok fills=442 (68.6s)
[436/4086] BANK2_BL-01c_WMA50__OAT_rsi_exit-cross: ok fills=372 (66.5s)
[437/4086] BANK2_BL-01c_WMA50__OAT_same_bar_reentry-wait_bar: ok fills=388 (66.2s)
[438/4086] BANK2_BL-01c_WMA50__OAT_a_exec-set_holdings: ok fills=392 (67.9s)
[439/4086] BANK2_BL-01c_WMA50__SPOT_all_excluded_off: ok fills=392 (69.1s)
[440/4086] BANK2_BL-01c_WMA100__ref: ok fills=314 (69.7s)
[441/4086] BANK2_BL-01c_WMA100__T_cross_timing-both_days_input_field-raw_warmup-strict: ok fills=308 (68.9s)
[442/4086] BANK2_BL-01c_WMA100__T_cross_timing-today_ma_input_field-adjusted_warmup-strict: ok fills=312 (70.3s)
[443/4086] BANK2_BL-01c_WMA100__T_cross_timing-both_days_input_field-adjusted_warmup-ready_check: ok fills=308 (67.8s)
[444/4086] BANK2_BL-01c_WMA100__T_cross_timing-today_ma_input_field-raw_warmup-strict: ok fills=302 (70.3s)
[445/4086] BANK2_BL-01c_WMA100__T_cross_timing-today_ma_input_field-adjusted_warmup-ready_check: ok fills=306 (67.4s)
[446/4086] BANK2_BL-01c_WMA100__T_cross_timing-both_days_input_field-raw_warmup-ready_check: ok fills=300 (67.3s)
[447/4086] BANK2_BL-01c_WMA100__T_cross_timing-today_ma_input_field-raw_warmup-ready_check: ok fills=294 (65.7s)
[448/4086] BANK2_BL-01c_WMA100__T_cross_timing-today_ma_input_field-adjusted_warmup-ready_per_rule: ok fills=310 (63.2s)
[449/4086] BANK2_BL-01c_WMA100__T_cross_timing-both_days_input_field-adjusted_warmup-ready_per_rule: ok fills=312 (69.5s)
[450/4086] BANK2_BL-01c_WMA100__T_cross_timing-both_days_input_field-raw_warmup-ready_per_rule: ok fills=304 (69.3s)
[451/4086] BANK2_BL-01c_WMA100__OAT_rsi_smoothing-simple: ok fills=364 (68.4s)
[452/4086] BANK2_BL-01c_WMA100__T_cross_timing-today_ma_input_field-raw_warmup-ready_per_rule: ok fills=298 (70.1s)
[453/4086] BANK2_BL-01c_WMA100__OAT_a_exec-set_holdings: ok fills=314 (66.3s)
[454/4086] BANK2_BL-01c_WMA100__OAT_rsi_exit-cross: ok fills=294 (68.3s)
[455/4086] BANK2_BL-01c_WMA100__OAT_same_bar_reentry-wait_bar: ok fills=310 (66.4s)
[456/4086] BANK2_BL-01c_WMA100__SPOT_all_excluded_off: ok fills=314 (61.8s)
[457/4086] BANK2_BL-01c_WMA200__ref: ok fills=268 (65.8s)
[458/4086] BANK2_BL-01c_WMA200__T_cross_timing-today_ma_input_field-raw_warmup-strict: ok fills=258 (68.7s)
[459/4086] BANK2_BL-01c_WMA200__T_cross_timing-today_ma_input_field-adjusted_warmup-strict: ok fills=268 (72.5s)
[460/4086] BANK2_BL-01c_WMA200__T_cross_timing-both_days_input_field-raw_warmup-strict: ok fills=262 (73.4s)
[461/4086] BANK2_BL-01c_WMA200__T_cross_timing-both_days_input_field-adjusted_warmup-ready_per_rule: exit=1 fills=None (10.1s)
[462/4086] BANK2_BL-01c_WMA200__T_cross_timing-both_days_input_field-adjusted_warmup-ready_check: ok fills=240 (69.8s)
[463/4086] BANK2_BL-01c_WMA200__T_cross_timing-both_days_input_field-raw_warmup-ready_per_rule: exit=1 fills=None (13.4s)
[464/4086] BANK2_BL-01c_WMA200__T_cross_timing-today_ma_input_field-adjusted_warmup-ready_check: ok fills=240 (70.0s)
[465/4086] BANK2_BL-01c_WMA200__T_cross_timing-today_ma_input_field-raw_warmup-ready_per_rule: exit=1 fills=None (12.5s)
[466/4086] BANK2_BL-01c_WMA200__T_cross_timing-both_days_input_field-raw_warmup-ready_check: ok fills=238 (67.2s)
[467/4086] BANK2_BL-01c_WMA200__T_cross_timing-today_ma_input_field-raw_warmup-ready_check: ok fills=234 (63.8s)
[468/4086] BANK2_BL-01c_WMA200__T_cross_timing-today_ma_input_field-adjusted_warmup-ready_per_rule: ok fills=252 (63.9s)
[469/4086] BANK2_BL-01c_WMA200__OAT_rsi_smoothing-simple: ok fills=318 (66.6s)
[470/4086] BANK2_BL-01c_WMA200__OAT_same_bar_reentry-wait_bar: ok fills=264 (70.8s)
[471/4086] BANK2_BL-01c_WMA200__SPOT_all_excluded_off: ok fills=268 (71.9s)
[472/4086] BANK2_BL-01c_WMA200__OAT_rsi_exit-cross: ok fills=248 (74.7s)
[473/4086] BANK2_BL-01c_WMA200__OAT_a_exec-set_holdings: ok fills=268 (76.1s)
[474/4086] BANK2_CROSS_conv_reent__ref: ok fills=270 (66.5s)
[475/4086] BANK2_CROSS_conv_reent__T_cross_timing-today_ma_input_field-adjusted_warmup-strict: ok fills=266 (69.2s)
[476/4086] BANK2_CROSS_conv_reent__T_cross_timing-both_days_input_field-raw_warmup-strict: ok fills=280 (65.7s)
[477/4086] BANK2_CROSS_conv_reent__T_cross_timing-today_ma_input_field-raw_warmup-strict: ok fills=278 (65.0s)
[478/4086] BANK2_CROSS_conv_reent__T_cross_timing-both_days_input_field-raw_warmup-ready_check: ok fills=276 (63.1s)
[479/4086] BANK2_CROSS_conv_reent__T_cross_timing-both_days_input_field-adjusted_warmup-ready_check: ok fills=266 (67.1s)
[480/4086] BANK2_CROSS_conv_reent__T_cross_timing-today_ma_input_field-raw_warmup-ready_check: ok fills=274 (66.3s)
[481/4086] BANK2_CROSS_conv_reent__T_cross_timing-today_ma_input_field-adjusted_warmup-ready_check: ok fills=262 (70.2s)
[482/4086] BANK2_CROSS_conv_reent__T_cross_timing-both_days_input_field-adjusted_warmup-ready_per_rule: ok fills=270 (62.1s)
[483/4086] BANK2_CROSS_conv_reent__OAT_a_exec-set_holdings: exit=1 fills=None (15.8s)
[484/4086] BANK2_CROSS_conv_reent__T_cross_timing-today_ma_input_field-adjusted_warmup-ready_per_rule: ok fills=266 (67.8s)
[485/4086] BANK2_CROSS_conv_reent__T_cross_timing-both_days_input_field-raw_warmup-ready_per_rule: ok fills=280 (64.7s)
[486/4086] BANK2_CROSS_conv_reent__T_cross_timing-today_ma_input_field-raw_warmup-ready_per_rule: ok fills=278 (66.0s)
[487/4086] BANK2_CROSS_conv_reent__OAT_rsi_smoothing-simple: ok fills=320 (66.7s)
[488/4086] BANK2_CROSS_conv_reent__OAT_rsi_exit-cross: ok fills=250 (70.7s)
[489/4086] BANK2_CROSS_conv_reent__SPOT_all_excluded_off: ok fills=270 (70.9s)
[490/4086] BANK2_CROSS_conv_wait__T_cross_timing-today_ma_input_field-adjusted_warmup-strict: ok fills=262 (67.3s)
[491/4086] BANK2_CROSS_conv_wait__ref: ok fills=266 (70.4s)
[492/4086] BANK2_CROSS_conv_wait__T_cross_timing-both_days_input_field-raw_warmup-strict: ok fills=278 (65.5s)
[493/4086] BANK2_CROSS_conv_wait__T_cross_timing-today_ma_input_field-raw_warmup-strict: ok fills=276 (69.7s)
[494/4086] BANK2_CROSS_conv_wait__T_cross_timing-both_days_input_field-adjusted_warmup-ready_check: ok fills=262 (66.1s)
[495/4086] BANK2_CROSS_conv_wait__T_cross_timing-today_ma_input_field-adjusted_warmup-ready_check: ok fills=258 (70.6s)
[496/4086] BANK2_CROSS_conv_wait__T_cross_timing-today_ma_input_field-raw_warmup-ready_check: ok fills=272 (68.3s)
[497/4086] BANK2_CROSS_conv_wait__T_cross_timing-both_days_input_field-raw_warmup-ready_check: ok fills=274 (73.0s)
[498/4086] BANK2_CROSS_conv_wait__T_cross_timing-both_days_input_field-adjusted_warmup-ready_per_rule: ok fills=266 (70.6s)
[499/4086] BANK2_CROSS_conv_wait__T_cross_timing-today_ma_input_field-adjusted_warmup-ready_per_rule: ok fills=262 (70.3s)
[500/4086] BANK2_CROSS_conv_wait__T_cross_timing-both_days_input_field-raw_warmup-ready_per_rule: ok fills=278 (69.5s)
[501/4086] BANK2_CROSS_conv_wait__T_cross_timing-today_ma_input_field-raw_warmup-ready_per_rule: ok fills=276 (71.6s)
[502/4086] BANK2_CROSS_inv_reent__T_cross_timing-both_days_input_field-raw_warmup-strict: exit=1 fills=None (15.9s)
[503/4086] BANK2_CROSS_conv_wait__OAT_rsi_smoothing-simple: ok fills=306 (70.2s)
[504/4086] BANK2_CROSS_conv_wait__OAT_rsi_exit-cross: ok fills=250 (67.6s)
[505/4086] BANK2_CROSS_conv_wait__OAT_a_exec-set_holdings: ok fills=266 (67.5s)
[506/4086] BANK2_CROSS_conv_wait__SPOT_all_excluded_off: ok fills=270 (69.3s)
[507/4086] BANK2_CROSS_inv_reent__T_cross_timing-today_ma_input_field-adjusted_warmup-strict: ok fills=267 (63.0s)
[508/4086] BANK2_CROSS_inv_reent__ref: ok fills=271 (70.4s)
[509/4086] BANK2_CROSS_inv_reent__T_cross_timing-both_days_input_field-adjusted_warmup-ready_check: ok fills=265 (57.7s)
[510/4086] BANK2_CROSS_inv_reent__T_cross_timing-today_ma_input_field-raw_warmup-strict: ok fills=279 (59.3s)
[511/4086] BANK2_CROSS_inv_reent__T_cross_timing-today_ma_input_field-adjusted_warmup-ready_check: ok fills=261 (58.6s)
[512/4086] BANK2_CROSS_inv_reent__T_cross_timing-both_days_input_field-raw_warmup-ready_check: ok fills=275 (60.9s)
[513/4086] BANK2_CROSS_inv_reent__T_cross_timing-today_ma_input_field-raw_warmup-ready_check: ok fills=273 (58.5s)
[514/4086] BANK2_CROSS_inv_reent__T_cross_timing-both_days_input_field-adjusted_warmup-ready_per_rule: ok fills=269 (57.2s)
[515/4086] BANK2_CROSS_inv_reent__T_cross_timing-today_ma_input_field-adjusted_warmup-ready_per_rule: ok fills=265 (59.8s)
[516/4086] BANK2_CROSS_inv_reent__T_cross_timing-both_days_input_field-raw_warmup-ready_per_rule: ok fills=279 (57.5s)
[517/4086] BANK2_CROSS_inv_reent__T_cross_timing-today_ma_input_field-raw_warmup-ready_per_rule: ok fills=277 (59.0s)
[518/4086] BANK2_CROSS_inv_reent__OAT_rsi_exit-cross: ok fills=251 (62.2s)
[519/4086] BANK2_CROSS_inv_reent__OAT_rsi_smoothing-simple: ok fills=321 (67.7s)
[520/4086] BANK2_CROSS_inv_reent__OAT_a_exec-set_holdings: ok fills=271 (65.3s)
[521/4086] BANK2_CROSS_inv_wait__ref: ok fills=267 (65.1s)
[522/4086] BANK2_CROSS_inv_reent__SPOT_all_excluded_off: ok fills=271 (67.6s)
[523/4086] BANK2_CROSS_inv_wait__T_cross_timing-today_ma_input_field-adjusted_warmup-strict: ok fills=263 (65.6s)
[524/4086] BANK2_CROSS_inv_wait__T_cross_timing-both_days_input_field-raw_warmup-strict: ok fills=279 (63.1s)
[525/4086] BANK2_CROSS_inv_wait__T_cross_timing-today_ma_input_field-adjusted_warmup-ready_per_rule: exit=1 fills=None (13.3s)
[526/4086] BANK2_CROSS_inv_wait__T_cross_timing-today_ma_input_field-raw_warmup-strict: ok fills=277 (61.6s)
[527/4086] BANK2_CROSS_inv_wait__T_cross_timing-both_days_input_field-adjusted_warmup-ready_check: ok fills=261 (66.2s)
[528/4086] BANK2_CROSS_inv_wait__T_cross_timing-today_ma_input_field-adjusted_warmup-ready_check: ok fills=257 (67.0s)
[529/4086] BANK2_CROSS_inv_wait__T_cross_timing-both_days_input_field-raw_warmup-ready_check: ok fills=273 (68.0s)
[530/4086] BANK2_CROSS_inv_wait__T_cross_timing-today_ma_input_field-raw_warmup-ready_check: ok fills=271 (70.7s)
[531/4086] BANK2_CROSS_inv_wait__T_cross_timing-both_days_input_field-adjusted_warmup-ready_per_rule: ok fills=265 (71.3s)
[532/4086] BANK2_CROSS_inv_wait__T_cross_timing-both_days_input_field-raw_warmup-ready_per_rule: ok fills=277 (63.9s)
[533/4086] BANK2_CROSS_inv_wait__OAT_rsi_smoothing-simple: ok fills=307 (67.7s)
[534/4086] BANK2_CROSS_sym_reent__T_cross_timing-both_days_input_field-raw_warmup-strict: exit=1 fills=None (16.4s)
[535/4086] BANK2_CROSS_inv_wait__T_cross_timing-today_ma_input_field-raw_warmup-ready_per_rule: ok fills=275 (68.2s)
[536/4086] BANK2_CROSS_inv_wait__OAT_rsi_exit-cross: ok fills=251 (70.0s)
[537/4086] BANK2_CROSS_inv_wait__OAT_a_exec-set_holdings: ok fills=267 (67.4s)
[538/4086] BANK2_CROSS_inv_wait__SPOT_all_excluded_off: ok fills=271 (64.8s)
[539/4086] BANK2_CROSS_sym_reent__ref: ok fills=386 (69.2s)
[540/4086] BANK2_CROSS_sym_reent__T_cross_timing-today_ma_input_field-adjusted_warmup-strict: ok fills=386 (67.7s)
[541/4086] BANK2_CROSS_sym_reent__T_cross_timing-both_days_input_field-adjusted_warmup-ready_check: ok fills=380 (65.6s)
[542/4086] BANK2_CROSS_sym_reent__T_cross_timing-today_ma_input_field-raw_warmup-strict: ok fills=418 (66.4s)
[543/4086] BANK2_CROSS_sym_reent__T_cross_timing-today_ma_input_field-adjusted_warmup-ready_check: ok fills=380 (69.2s)
[544/4086] BANK2_CROSS_sym_reent__T_cross_timing-both_days_input_field-raw_warmup-ready_check: ok fills=410 (64.8s)
[545/4086] BANK2_CROSS_sym_reent__T_cross_timing-today_ma_input_field-raw_warmup-ready_check: ok fills=412 (64.6s)
[546/4086] BANK2_CROSS_sym_reent__T_cross_timing-both_days_input_field-adjusted_warmup-ready_per_rule: ok fills=384 (67.5s)
[547/4086] BANK2_CROSS_sym_reent__T_cross_timing-today_ma_input_field-adjusted_warmup-ready_per_rule: ok fills=384 (67.8s)
[548/4086] BANK2_CROSS_sym_reent__T_cross_timing-both_days_input_field-raw_warmup-ready_per_rule: ok fills=414 (72.2s)
[549/4086] BANK2_CROSS_sym_reent__OAT_rsi_smoothing-simple: ok fills=436 (67.2s)
[550/4086] BANK2_CROSS_sym_wait__T_cross_timing-both_days_input_field-raw_warmup-strict: exit=1 fills=None (16.9s)
[551/4086] BANK2_CROSS_sym_reent__T_cross_timing-today_ma_input_field-raw_warmup-ready_per_rule: ok fills=416 (71.1s)
[552/4086] BANK2_CROSS_sym_reent__OAT_rsi_exit-cross: ok fills=366 (71.3s)
[553/4086] BANK2_CROSS_sym_reent__OAT_a_exec-set_holdings: ok fills=386 (68.6s)
[554/4086] BANK2_CROSS_sym_reent__SPOT_all_excluded_off: ok fills=386 (74.7s)
[555/4086] BANK2_CROSS_sym_wait__T_cross_timing-both_days_input_field-adjusted_warmup-ready_check: exit=1 fills=None (20.2s)
[556/4086] BANK2_CROSS_sym_wait__ref: ok fills=267 (73.2s)
[557/4086] BANK2_CROSS_sym_wait__T_cross_timing-today_ma_input_field-adjusted_warmup-strict: ok fills=267 (76.7s)
[558/4086] BANK2_CROSS_sym_wait__T_cross_timing-today_ma_input_field-raw_warmup-strict: ok fills=280 (81.7s)
[559/4086] BANK2_CROSS_sym_wait__T_cross_timing-today_ma_input_field-adjusted_warmup-ready_check: ok fills=262 (78.7s)
[560/4086] BANK2_CROSS_sym_wait__T_cross_timing-both_days_input_field-raw_warmup-ready_check: ok fills=274 (87.0s)
[561/4086] BANK2_CROSS_sym_wait__T_cross_timing-both_days_input_field-adjusted_warmup-ready_per_rule: ok fills=266 (74.1s)
[562/4086] BANK2_CROSS_sym_wait__T_cross_timing-today_ma_input_field-raw_warmup-ready_check: ok fills=275 (82.6s)
[563/4086] BANK2_CROSS_sym_wait__T_cross_timing-today_ma_input_field-adjusted_warmup-ready_per_rule: ok fills=266 (80.7s)
[564/4086] BANK2_CROSS_sym_wait__T_cross_timing-both_days_input_field-raw_warmup-ready_per_rule: ok fills=278 (70.0s)
[565/4086] BANK2_CROSS_uu_reent__ref: exit=1 fills=None (16.8s)
[566/4086] BANK2_CROSS_sym_wait__T_cross_timing-today_ma_input_field-raw_warmup-ready_per_rule: ok fills=279 (73.4s)
[567/4086] BANK2_CROSS_sym_wait__OAT_rsi_smoothing-simple: ok fills=307 (70.5s)
[568/4086] BANK2_CROSS_sym_wait__OAT_rsi_exit-cross: ok fills=251 (72.2s)
[569/4086] BANK2_CROSS_sym_wait__OAT_a_exec-set_holdings: ok fills=267 (73.4s)
[570/4086] BANK2_CROSS_sym_wait__SPOT_all_excluded_off: ok fills=271 (77.8s)
[571/4086] BANK2_CROSS_uu_reent__T_cross_timing-today_ma_input_field-adjusted_warmup-strict: ok fills=270 (78.5s)
[572/4086] BANK2_CROSS_uu_reent__T_cross_timing-today_ma_input_field-raw_warmup-strict: ok fills=282 (74.7s)
[573/4086] BANK2_CROSS_uu_reent__T_cross_timing-both_days_input_field-raw_warmup-strict: ok fills=280 (76.5s)
[574/4086] BANK2_CROSS_uu_reent__T_cross_timing-both_days_input_field-adjusted_warmup-ready_check: ok fills=266 (77.7s)
[575/4086] BANK2_CROSS_uu_reent__T_cross_timing-both_days_input_field-raw_warmup-ready_check: ok fills=276 (69.9s)
[576/4086] BANK2_CROSS_uu_reent__T_cross_timing-today_ma_input_field-adjusted_warmup-ready_check: ok fills=266 (72.6s)
[577/4086] BANK2_CROSS_uu_reent__T_cross_timing-today_ma_input_field-raw_warmup-ready_check: ok fills=278 (67.9s)
[578/4086] BANK2_CROSS_uu_reent__T_cross_timing-both_days_input_field-adjusted_warmup-ready_per_rule: ok fills=270 (70.6s)
[579/4086] BANK2_CROSS_uu_wait__ref: exit=1 fills=None (13.0s)
[580/4086] BANK2_CROSS_uu_reent__T_cross_timing-today_ma_input_field-adjusted_warmup-ready_per_rule: ok fills=270 (73.8s)
[581/4086] BANK2_CROSS_uu_reent__T_cross_timing-today_ma_input_field-raw_warmup-ready_per_rule: ok fills=282 (70.1s)
[582/4086] BANK2_CROSS_uu_reent__T_cross_timing-both_days_input_field-raw_warmup-ready_per_rule: ok fills=280 (74.0s)
[583/4086] BANK2_CROSS_uu_reent__OAT_rsi_smoothing-simple: ok fills=320 (71.4s)
[584/4086] BANK2_CROSS_uu_reent__OAT_rsi_exit-cross: ok fills=250 (71.5s)
[585/4086] BANK2_CROSS_uu_reent__OAT_a_exec-set_holdings: ok fills=270 (71.9s)
[586/4086] BANK2_CROSS_uu_reent__SPOT_all_excluded_off: ok fills=270 (68.0s)
[587/4086] BANK2_CROSS_uu_wait__T_cross_timing-today_ma_input_field-raw_warmup-strict: ok fills=212 (70.5s)
[588/4086] BANK2_CROSS_uu_wait__T_cross_timing-both_days_input_field-raw_warmup-strict: ok fills=211 (73.6s)
[589/4086] BANK2_CROSS_uu_wait__T_cross_timing-both_days_input_field-adjusted_warmup-ready_check: ok fills=205 (71.3s)
[590/4086] BANK2_CROSS_uu_wait__T_cross_timing-today_ma_input_field-adjusted_warmup-strict: ok fills=209 (79.5s)
[591/4086] BANK2_CROSS_uu_wait__T_cross_timing-today_ma_input_field-adjusted_warmup-ready_check: ok fills=205 (67.1s)
[592/4086] BANK2_CROSS_uu_wait__T_cross_timing-today_ma_input_field-raw_warmup-ready_check: ok fills=208 (73.5s)
[593/4086] BANK2_CROSS_uu_wait__T_cross_timing-both_days_input_field-raw_warmup-ready_check: ok fills=207 (77.5s)
[594/4086] BANK2_CROSS_uu_wait__T_cross_timing-both_days_input_field-adjusted_warmup-ready_per_rule: ok fills=209 (75.8s)
[595/4086] BANK2_CROSS_uu_wait__T_cross_timing-both_days_input_field-raw_warmup-ready_per_rule: ok fills=211 (66.5s)
[596/4086] BANK2_CROSS_uu_wait__T_cross_timing-today_ma_input_field-adjusted_warmup-ready_per_rule: ok fills=209 (71.0s)
[597/4086] BANK2_CROSS_uu_wait__OAT_rsi_smoothing-simple: ok fills=249 (66.2s)
[598/4086] BANK2_CROSS_uu_wait__T_cross_timing-today_ma_input_field-raw_warmup-ready_per_rule: ok fills=212 (71.6s)
[599/4086] BANK2_CROSS_uu_wait__OAT_rsi_exit-cross: ok fills=193 (66.7s)
[600/4086] BANK2_CROSS_dd_reent__T_cross_timing-today_ma_input_field-raw_warmup-strict: exit=1 fills=None (12.0s)
[601/4086] BANK2_CROSS_uu_wait__SPOT_all_excluded_off: ok fills=213 (68.3s)
[602/4086] BANK2_CROSS_uu_wait__OAT_a_exec-set_holdings: ok fills=209 (73.1s)
[603/4086] BANK2_CROSS_dd_reent__ref: ok fills=270 (65.5s)
[604/4086] BANK2_CROSS_dd_reent__T_cross_timing-today_ma_input_field-adjusted_warmup-strict: ok fills=270 (65.2s)
[605/4086] BANK2_CROSS_dd_reent__T_cross_timing-both_days_input_field-raw_warmup-strict: ok fills=280 (72.7s)
[606/4086] BANK2_CROSS_dd_reent__T_cross_timing-both_days_input_field-adjusted_warmup-ready_check: ok fills=264 (69.6s)
[607/4086] BANK2_CROSS_dd_reent__T_cross_timing-today_ma_input_field-adjusted_warmup-ready_check: ok fills=264 (69.8s)
[608/4086] BANK2_CROSS_dd_reent__T_cross_timing-today_ma_input_field-raw_warmup-ready_per_rule: exit=1 fills=None (12.4s)
[609/4086] BANK2_CROSS_dd_reent__T_cross_timing-both_days_input_field-raw_warmup-ready_check: ok fills=274 (70.7s)
[610/4086] BANK2_CROSS_dd_reent__T_cross_timing-today_ma_input_field-raw_warmup-ready_check: ok fills=274 (67.2s)
[611/4086] BANK2_CROSS_dd_reent__T_cross_timing-both_days_input_field-adjusted_warmup-ready_per_rule: ok fills=268 (68.7s)
[612/4086] BANK2_CROSS_dd_reent__T_cross_timing-today_ma_input_field-adjusted_warmup-ready_per_rule: ok fills=268 (70.4s)
[613/4086] BANK2_CROSS_dd_reent__T_cross_timing-both_days_input_field-raw_warmup-ready_per_rule: ok fills=278 (69.9s)
[614/4086] BANK2_CROSS_dd_reent__OAT_rsi_smoothing-simple: ok fills=320 (79.9s)
[615/4086] BANK2_CROSS_dd_reent__SPOT_all_excluded_off: ok fills=270 (73.9s)
[616/4086] BANK2_CROSS_dd_reent__OAT_a_exec-set_holdings: ok fills=270 (75.3s)
[617/4086] BANK2_CROSS_dd_reent__OAT_rsi_exit-cross: ok fills=250 (76.4s)
[618/4086] BANK2_CROSS_dd_wait__ref: ok fills=209 (72.0s)
[619/4086] BANK2_CROSS_dd_wait__T_cross_timing-today_ma_input_field-adjusted_warmup-strict: ok fills=209 (75.2s)
[620/4086] BANK2_CROSS_dd_wait__T_cross_timing-both_days_input_field-raw_warmup-strict: ok fills=211 (72.6s)
[621/4086] BANK2_CROSS_dd_wait__T_cross_timing-today_ma_input_field-raw_warmup-strict: ok fills=211 (74.6s)
[622/4086] BANK2_CROSS_dd_wait__T_cross_timing-both_days_input_field-adjusted_warmup-ready_check: ok fills=204 (70.2s)
[623/4086] BANK2_CROSS_dd_wait__T_cross_timing-both_days_input_field-raw_warmup-ready_check: ok fills=206 (73.5s)
[624/4086] BANK2_CROSS_dd_wait__T_cross_timing-today_ma_input_field-adjusted_warmup-ready_check: ok fills=204 (76.2s)
[625/4086] BANK2_CROSS_dd_wait__T_cross_timing-today_ma_input_field-raw_warmup-ready_check: ok fills=206 (75.3s)
[626/4086] BANK2_CROSS_dd_wait__OAT_rsi_smoothing-simple: exit=1 fills=None (12.1s)
[627/4086] BANK2_CROSS_dd_wait__T_cross_timing-both_days_input_field-adjusted_warmup-ready_per_rule: ok fills=208 (68.3s)
[628/4086] BANK2_CROSS_dd_wait__T_cross_timing-today_ma_input_field-adjusted_warmup-ready_per_rule: ok fills=208 (68.1s)
[629/4086] BANK2_CROSS_dd_wait__T_cross_timing-both_days_input_field-raw_warmup-ready_per_rule: ok fills=210 (71.0s)
[630/4086] BANK2_CROSS_dd_wait__T_cross_timing-today_ma_input_field-raw_warmup-ready_per_rule: ok fills=210 (68.7s)
[631/4086] BANK2_CROSS_dd_wait__OAT_rsi_exit-cross: ok fills=193 (65.4s)
[632/4086] BANK2_CROSS_dd_wait__OAT_a_exec-set_holdings: ok fills=209 (68.7s)
[633/4086] BANK2_CROSS_dd_wait__SPOT_all_excluded_off: ok fills=213 (68.6s)
[634/4086] BANK2_CROSS_ua_reent__ref: ok fills=270 (70.7s)
[635/4086] BANK2_CROSS_ua_reent__T_cross_timing-today_ma_input_field-adjusted_warmup-strict: ok fills=270 (66.3s)
[636/4086] BANK2_CROSS_ua_reent__T_cross_timing-both_days_input_field-raw_warmup-ready_check: exit=1 fills=None (12.5s)
[637/4086] BANK2_CROSS_ua_reent__T_cross_timing-today_ma_input_field-raw_warmup-ready_check: exit=1 fills=None (13.4s)
[638/4086] BANK2_CROSS_ua_reent__T_cross_timing-both_days_input_field-raw_warmup-strict: ok fills=280 (64.9s)
[639/4086] BANK2_CROSS_ua_reent__T_cross_timing-today_ma_input_field-raw_warmup-strict: ok fills=282 (66.2s)
[640/4086] BANK2_CROSS_ua_reent__T_cross_timing-both_days_input_field-adjusted_warmup-ready_check: ok fills=266 (70.7s)
[641/4086] BANK2_CROSS_ua_reent__T_cross_timing-today_ma_input_field-adjusted_warmup-ready_check: ok fills=266 (66.0s)
[642/4086] BANK2_CROSS_ua_reent__T_cross_timing-both_days_input_field-adjusted_warmup-ready_per_rule: ok fills=270 (73.4s)
[643/4086] BANK2_CROSS_ua_reent__T_cross_timing-today_ma_input_field-adjusted_warmup-ready_per_rule: ok fills=270 (73.1s)
[644/4086] BANK2_CROSS_ua_reent__T_cross_timing-both_days_input_field-raw_warmup-ready_per_rule: ok fills=280 (75.3s)
[645/4086] BANK2_CROSS_ua_reent__T_cross_timing-today_ma_input_field-raw_warmup-ready_per_rule: ok fills=282 (75.2s)
[646/4086] BANK2_CROSS_ua_reent__OAT_rsi_smoothing-simple: ok fills=320 (74.8s)
[647/4086] BANK2_CROSS_ua_reent__OAT_rsi_exit-cross: ok fills=250 (72.1s)
[648/4086] BANK2_CROSS_ua_reent__OAT_a_exec-set_holdings: ok fills=270 (74.3s)
[649/4086] BANK2_CROSS_ua_reent__SPOT_all_excluded_off: ok fills=270 (68.7s)
[650/4086] BANK2_CROSS_ua_wait__ref: ok fills=266 (70.6s)
[651/4086] BANK2_CROSS_ua_wait__T_cross_timing-today_ma_input_field-adjusted_warmup-strict: ok fills=262 (72.5s)
[652/4086] BANK2_CROSS_ua_wait__T_cross_timing-today_ma_input_field-raw_warmup-strict: ok fills=276 (70.6s)
[653/4086] BANK2_CROSS_ua_wait__T_cross_timing-both_days_input_field-raw_warmup-strict: ok fills=278 (74.7s)
[654/4086] BANK2_CROSS_ua_wait__T_cross_timing-today_ma_input_field-adjusted_warmup-ready_check: ok fills=258 (74.7s)
[655/4086] BANK2_CROSS_ua_wait__T_cross_timing-both_days_input_field-adjusted_warmup-ready_check: ok fills=262 (77.2s)
[656/4086] BANK2_CROSS_ua_wait__T_cross_timing-both_days_input_field-raw_warmup-ready_check: ok fills=274 (68.7s)
[657/4086] BANK2_CROSS_ua_wait__OAT_rsi_smoothing-simple: exit=1 fills=None (16.3s)
[658/4086] BANK2_CROSS_ua_wait__T_cross_timing-today_ma_input_field-raw_warmup-ready_check: ok fills=272 (74.0s)
[659/4086] BANK2_CROSS_ua_wait__T_cross_timing-both_days_input_field-adjusted_warmup-ready_per_rule: ok fills=266 (71.3s)
[660/4086] BANK2_CROSS_au_reent__ref: exit=1 fills=None (14.4s)
[661/4086] BANK2_CROSS_ua_wait__T_cross_timing-today_ma_input_field-adjusted_warmup-ready_per_rule: ok fills=262 (66.8s)
[662/4086] BANK2_CROSS_ua_wait__T_cross_timing-today_ma_input_field-raw_warmup-ready_per_rule: ok fills=276 (68.6s)
[663/4086] BANK2_CROSS_ua_wait__T_cross_timing-both_days_input_field-raw_warmup-ready_per_rule: ok fills=278 (72.0s)
[664/4086] BANK2_CROSS_ua_wait__OAT_rsi_exit-cross: ok fills=250 (68.4s)
[665/4086] BANK2_CROSS_ua_wait__SPOT_all_excluded_off: ok fills=270 (74.9s)
[666/4086] BANK2_CROSS_ua_wait__OAT_a_exec-set_holdings: ok fills=266 (80.1s)
[667/4086] BANK2_CROSS_au_reent__T_cross_timing-today_ma_input_field-adjusted_warmup-strict: ok fills=272 (74.9s)
[668/4086] BANK2_CROSS_au_reent__T_cross_timing-both_days_input_field-raw_warmup-strict: ok fills=282 (78.1s)
[669/4086] BANK2_CROSS_au_reent__T_cross_timing-today_ma_input_field-adjusted_warmup-ready_check: ok fills=266 (70.2s)
[670/4086] BANK2_CROSS_au_reent__T_cross_timing-today_ma_input_field-raw_warmup-strict: ok fills=284 (80.3s)
[671/4086] BANK2_CROSS_au_reent__T_cross_timing-both_days_input_field-adjusted_warmup-ready_check: ok fills=266 (76.3s)
[672/4086] BANK2_CROSS_au_reent__T_cross_timing-both_days_input_field-raw_warmup-ready_check: ok fills=276 (75.7s)
[673/4086] BANK2_CROSS_au_reent__T_cross_timing-today_ma_input_field-raw_warmup-ready_check: ok fills=278 (72.4s)
[674/4086] BANK2_CROSS_au_reent__T_cross_timing-both_days_input_field-adjusted_warmup-ready_per_rule: ok fills=270 (76.2s)
[675/4086] BANK2_CROSS_au_reent__T_cross_timing-both_days_input_field-raw_warmup-ready_per_rule: ok fills=280 (69.8s)
[676/4086] BANK2_CROSS_au_reent__T_cross_timing-today_ma_input_field-adjusted_warmup-ready_per_rule: ok fills=270 (74.1s)
[677/4086] BANK2_CROSS_au_reent__T_cross_timing-today_ma_input_field-raw_warmup-ready_per_rule: ok fills=282 (77.7s)
[678/4086] BANK2_CROSS_au_reent__OAT_rsi_exit-cross: ok fills=252 (72.8s)
[679/4086] BANK2_CROSS_au_reent__OAT_rsi_smoothing-simple: ok fills=322 (84.6s)
[680/4086] BANK2_CROSS_au_reent__OAT_a_exec-set_holdings: ok fills=272 (81.2s)
[681/4086] BANK2_CROSS_au_reent__SPOT_all_excluded_off: ok fills=272 (82.1s)
[682/4086] BANK2_CROSS_au_wait__ref: ok fills=267 (79.2s)
[683/4086] BANK2_CROSS_au_wait__T_cross_timing-both_days_input_field-raw_warmup-strict: ok fills=279 (73.6s)
[684/4086] BANK2_CROSS_au_wait__T_cross_timing-today_ma_input_field-adjusted_warmup-strict: ok fills=263 (74.7s)
[685/4086] BANK2_CROSS_au_wait__T_cross_timing-today_ma_input_field-raw_warmup-strict: ok fills=277 (76.6s)
[686/4086] BANK2_CROSS_au_wait__T_cross_timing-both_days_input_field-adjusted_warmup-ready_check: ok fills=261 (81.8s)
[687/4086] BANK2_CROSS_au_wait__T_cross_timing-both_days_input_field-raw_warmup-ready_check: ok fills=273 (73.6s)
[688/4086] BANK2_CROSS_au_wait__T_cross_timing-today_ma_input_field-adjusted_warmup-ready_check: ok fills=257 (80.3s)
[689/4086] BANK2_CROSS_au_wait__T_cross_timing-today_ma_input_field-raw_warmup-ready_check: ok fills=271 (75.3s)
[690/4086] BANK2_CROSS_au_wait__T_cross_timing-both_days_input_field-adjusted_warmup-ready_per_rule: ok fills=265 (86.9s)
[691/4086] BANK2_CROSS_au_wait__T_cross_timing-today_ma_input_field-adjusted_warmup-ready_per_rule: ok fills=261 (74.4s)
[692/4086] BANK2_CROSS_au_wait__T_cross_timing-both_days_input_field-raw_warmup-ready_per_rule: ok fills=277 (74.4s)
[693/4086] BANK2_CROSS_au_wait__T_cross_timing-today_ma_input_field-raw_warmup-ready_per_rule: ok fills=275 (72.1s)
[694/4086] BANK2_CROSS_au_wait__OAT_rsi_smoothing-simple: ok fills=307 (72.9s)
[695/4086] BANK2_CROSS_au_wait__OAT_rsi_exit-cross: ok fills=251 (78.7s)
[696/4086] BANK2_CROSS_au_wait__OAT_a_exec-set_holdings: ok fills=267 (78.2s)
[697/4086] BANK2_CROSS_au_wait__SPOT_all_excluded_off: ok fills=271 (71.9s)
[698/4086] BANK2_CROSS_da_reent__ref: ok fills=271 (75.8s)
[699/4086] BANK2_CROSS_da_reent__T_cross_timing-today_ma_input_field-adjusted_warmup-strict: ok fills=271 (74.4s)
[700/4086] BANK2_CROSS_da_reent__T_cross_timing-both_days_input_field-raw_warmup-strict: ok fills=281 (77.4s)
[701/4086] BANK2_CROSS_da_reent__T_cross_timing-today_ma_input_field-raw_warmup-strict: ok fills=281 (69.7s)
[702/4086] BANK2_CROSS_da_reent__T_cross_timing-both_days_input_field-adjusted_warmup-ready_check: ok fills=265 (73.8s)
[703/4086] BANK2_CROSS_da_reent__T_cross_timing-both_days_input_field-raw_warmup-ready_per_rule: exit=1 fills=None (16.1s)
[704/4086] BANK2_CROSS_da_reent__T_cross_timing-today_ma_input_field-adjusted_warmup-ready_check: ok fills=265 (76.2s)
[705/4086] BANK2_CROSS_da_reent__T_cross_timing-both_days_input_field-raw_warmup-ready_check: ok fills=275 (75.9s)
[706/4086] BANK2_CROSS_da_reent__T_cross_timing-today_ma_input_field-raw_warmup-ready_check: ok fills=275 (66.9s)
[707/4086] BANK2_CROSS_da_reent__T_cross_timing-both_days_input_field-adjusted_warmup-ready_per_rule: ok fills=269 (75.8s)
[708/4086] BANK2_CROSS_da_reent__T_cross_timing-today_ma_input_field-adjusted_warmup-ready_per_rule: ok fills=269 (75.6s)
[709/4086] BANK2_CROSS_da_reent__T_cross_timing-today_ma_input_field-raw_warmup-ready_per_rule: ok fills=279 (76.8s)
[710/4086] BANK2_CROSS_da_reent__OAT_rsi_smoothing-simple: ok fills=321 (68.7s)
[711/4086] BANK2_CROSS_da_reent__OAT_rsi_exit-cross: ok fills=251 (73.8s)
[712/4086] BANK2_CROSS_da_reent__OAT_a_exec-set_holdings: ok fills=271 (74.1s)
[713/4086] BANK2_CROSS_da_reent__SPOT_all_excluded_off: ok fills=271 (73.5s)
[714/4086] BANK2_CROSS_da_wait__ref: ok fills=267 (71.1s)
[715/4086] BANK2_CROSS_da_wait__T_cross_timing-today_ma_input_field-adjusted_warmup-strict: ok fills=263 (74.8s)
[716/4086] BANK2_CROSS_da_wait__T_cross_timing-both_days_input_field-adjusted_warmup-ready_check: ok fills=261 (68.5s)
[717/4086] BANK2_CROSS_da_wait__T_cross_timing-today_ma_input_field-raw_warmup-strict: ok fills=277 (73.3s)
[718/4086] BANK2_CROSS_da_wait__T_cross_timing-both_days_input_field-raw_warmup-strict: ok fills=279 (85.2s)
[719/4086] BANK2_CROSS_da_wait__T_cross_timing-both_days_input_field-raw_warmup-ready_check: ok fills=273 (64.1s)
[720/4086] BANK2_CROSS_da_wait__OAT_rsi_smoothing-simple: exit=1 fills=None (13.7s)
[721/4086] BANK2_CROSS_da_wait__T_cross_timing-today_ma_input_field-adjusted_warmup-ready_check: ok fills=257 (83.1s)
[722/4086] BANK2_CROSS_da_wait__T_cross_timing-today_ma_input_field-raw_warmup-ready_per_rule: exit=1 fills=None (18.5s)
[723/4086] BANK2_CROSS_da_wait__T_cross_timing-today_ma_input_field-raw_warmup-ready_check: ok fills=271 (73.4s)
[724/4086] BANK2_CROSS_da_wait__T_cross_timing-both_days_input_field-adjusted_warmup-ready_per_rule: ok fills=265 (71.7s)
[725/4086] BANK2_CROSS_da_wait__T_cross_timing-today_ma_input_field-adjusted_warmup-ready_per_rule: ok fills=261 (70.9s)
[726/4086] BANK2_CROSS_da_wait__T_cross_timing-both_days_input_field-raw_warmup-ready_per_rule: ok fills=277 (66.6s)
[727/4086] BANK2_CROSS_da_wait__OAT_rsi_exit-cross: ok fills=251 (68.5s)
[728/4086] BANK2_CROSS_ad_reent__ref: ok fills=270 (78.9s)
[729/4086] BANK2_CROSS_da_wait__SPOT_all_excluded_off: ok fills=271 (81.1s)
[730/4086] BANK2_CROSS_da_wait__OAT_a_exec-set_holdings: ok fills=267 (82.9s)
[731/4086] BANK2_CROSS_ad_reent__T_cross_timing-both_days_input_field-raw_warmup-strict: ok fills=280 (85.6s)
[732/4086] BANK2_CROSS_ad_reent__T_cross_timing-today_ma_input_field-adjusted_warmup-strict: ok fills=270 (87.3s)
[733/4086] BANK2_CROSS_ad_reent__T_cross_timing-both_days_input_field-raw_warmup-ready_check: exit=1 fills=None (13.0s)
[734/4086] BANK2_CROSS_ad_reent__T_cross_timing-today_ma_input_field-raw_warmup-strict: ok fills=280 (73.4s)
[735/4086] BANK2_CROSS_ad_reent__T_cross_timing-both_days_input_field-adjusted_warmup-ready_check: ok fills=266 (72.6s)
[736/4086] BANK2_CROSS_ad_reent__T_cross_timing-today_ma_input_field-adjusted_warmup-ready_check: ok fills=266 (69.7s)
[737/4086] BANK2_CROSS_ad_reent__T_cross_timing-today_ma_input_field-raw_warmup-ready_check: ok fills=276 (70.7s)
[738/4086] BANK2_CROSS_ad_reent__T_cross_timing-both_days_input_field-adjusted_warmup-ready_per_rule: ok fills=270 (72.8s)
[739/4086] BANK2_CROSS_ad_reent__T_cross_timing-today_ma_input_field-adjusted_warmup-ready_per_rule: ok fills=270 (66.4s)
[740/4086] BANK2_CROSS_ad_reent__T_cross_timing-today_ma_input_field-raw_warmup-ready_per_rule: ok fills=280 (65.6s)
[741/4086] BANK2_CROSS_ad_reent__T_cross_timing-both_days_input_field-raw_warmup-ready_per_rule: ok fills=280 (66.6s)
[742/4086] BANK2_CROSS_ad_reent__OAT_rsi_smoothing-simple: ok fills=320 (56.5s)
[743/4086] BANK2_CROSS_ad_reent__OAT_rsi_exit-cross: ok fills=250 (58.7s)
[744/4086] BANK2_CROSS_ad_reent__OAT_a_exec-set_holdings: ok fills=270 (63.4s)
[745/4086] BANK2_CROSS_ad_reent__SPOT_all_excluded_off: ok fills=270 (73.5s)
[746/4086] BANK2_CROSS_ad_wait__T_cross_timing-both_days_input_field-raw_warmup-strict: ok fills=278 (67.4s)
[747/4086] BANK2_CROSS_ad_wait__ref: ok fills=266 (71.9s)
[748/4086] BANK2_CROSS_ad_wait__T_cross_timing-today_ma_input_field-adjusted_warmup-strict: ok fills=262 (69.9s)
[749/4086] BANK2_CROSS_ad_wait__T_cross_timing-today_ma_input_field-raw_warmup-strict: ok fills=276 (69.8s)
[750/4086] BANK2_CROSS_ad_wait__T_cross_timing-both_days_input_field-adjusted_warmup-ready_check: ok fills=262 (69.0s)
[751/4086] BANK2_CROSS_ad_wait__T_cross_timing-today_ma_input_field-adjusted_warmup-ready_check: ok fills=258 (59.4s)
[752/4086] BANK2_CROSS_ad_wait__T_cross_timing-both_days_input_field-raw_warmup-ready_check: ok fills=274 (65.9s)
[753/4086] BANK2_CROSS_ad_wait__T_cross_timing-today_ma_input_field-adjusted_warmup-ready_per_rule: ok fills=262 (60.2s)
[754/4086] BANK2_CROSS_ad_wait__T_cross_timing-today_ma_input_field-raw_warmup-ready_per_rule: ok fills=276 (59.3s)
[755/4086] BANK2_CROSS_ad_wait__T_cross_timing-today_ma_input_field-raw_warmup-ready_check: ok fills=272 (63.1s)
[756/4086] BANK2_CROSS_ad_wait__T_cross_timing-both_days_input_field-adjusted_warmup-ready_per_rule: ok fills=266 (71.5s)
[757/4086] BANK2_CROSS_ad_wait__T_cross_timing-both_days_input_field-raw_warmup-ready_per_rule: ok fills=278 (71.5s)
[758/4086] BANK2_CROSS_ad_wait__OAT_rsi_smoothing-simple: ok fills=306 (61.7s)
[759/4086] BANK2_CROSS_level_reent__T_cross_timing-today_ma_input_field-adjusted_warmup-strict: exit=1 fills=None (14.2s)
[760/4086] BANK2_CROSS_ad_wait__OAT_rsi_exit-cross: ok fills=250 (69.1s)
[761/4086] BANK2_CROSS_level_reent__T_cross_timing-both_days_input_field-raw_warmup-strict: exit=1 fills=None (9.9s)
[762/4086] BANK2_CROSS_ad_wait__OAT_a_exec-set_holdings: ok fills=266 (63.5s)
[763/4086] BANK2_CROSS_ad_wait__SPOT_all_excluded_off: ok fills=270 (60.0s)
[764/4086] BANK2_CROSS_level_reent__T_cross_timing-both_days_input_field-adjusted_warmup-ready_check: ok fills=266 (67.9s)
[765/4086] BANK2_CROSS_level_reent__ref: ok fills=272 (88.8s)
[766/4086] BANK2_CROSS_level_reent__T_cross_timing-both_days_input_field-raw_warmup-ready_check: ok fills=276 (71.1s)
[767/4086] BANK2_CROSS_level_reent__T_cross_timing-today_ma_input_field-raw_warmup-strict: ok fills=282 (79.2s)
[768/4086] BANK2_CROSS_level_reent__T_cross_timing-today_ma_input_field-adjusted_warmup-ready_check: ok fills=266 (75.5s)
[769/4086] BANK2_CROSS_level_reent__T_cross_timing-today_ma_input_field-raw_warmup-ready_check: ok fills=276 (71.5s)
[770/4086] BANK2_CROSS_level_reent__T_cross_timing-both_days_input_field-adjusted_warmup-ready_per_rule: ok fills=270 (58.4s)
[771/4086] BANK2_CROSS_level_reent__T_cross_timing-today_ma_input_field-adjusted_warmup-ready_per_rule: ok fills=270 (62.8s)
[772/4086] BANK2_CROSS_level_reent__T_cross_timing-both_days_input_field-raw_warmup-ready_per_rule: ok fills=280 (68.9s)
[773/4086] BANK2_CROSS_level_reent__OAT_rsi_exit-cross: ok fills=252 (72.6s)
[774/4086] BANK2_CROSS_level_reent__T_cross_timing-today_ma_input_field-raw_warmup-ready_per_rule: ok fills=280 (77.4s)
[775/4086] BANK2_CROSS_level_reent__OAT_a_exec-set_holdings: ok fills=272 (78.3s)
[776/4086] BANK2_CROSS_level_reent__SPOT_all_excluded_off: ok fills=272 (78.2s)
[777/4086] BANK2_CROSS_level_reent__OAT_rsi_smoothing-simple: ok fills=322 (80.9s)
[778/4086] BANK2_CROSS_level_wait__ref: ok fills=268 (74.7s)
[779/4086] BANK2_CROSS_level_wait__T_cross_timing-today_ma_input_field-adjusted_warmup-strict: ok fills=268 (62.5s)
[780/4086] BANK2_CROSS_level_wait__T_cross_timing-today_ma_input_field-adjusted_warmup-ready_check: exit=1 fills=None (16.7s)
[781/4086] BANK2_CROSS_level_wait__T_cross_timing-both_days_input_field-raw_warmup-strict: ok fills=280 (55.9s)
[782/4086] BANK2_CROSS_level_wait__T_cross_timing-today_ma_input_field-raw_warmup-strict: ok fills=280 (66.5s)
[783/4086] BANK2_CROSS_level_wait__T_cross_timing-both_days_input_field-adjusted_warmup-ready_check: ok fills=262 (67.2s)
[784/4086] BANK2_CROSS_level_wait__T_cross_timing-both_days_input_field-adjusted_warmup-ready_per_rule: ok fills=266 (62.3s)
[785/4086] BANK2_CROSS_level_wait__T_cross_timing-both_days_input_field-raw_warmup-ready_check: ok fills=274 (67.9s)
[786/4086] BANK2_CROSS_level_wait__T_cross_timing-today_ma_input_field-raw_warmup-ready_check: ok fills=274 (66.2s)
[787/4086] BANK2_CROSS_level_wait__T_cross_timing-today_ma_input_field-adjusted_warmup-ready_per_rule: ok fills=266 (63.0s)
[788/4086] BANK2_CROSS_level_wait__OAT_rsi_exit-cross: exit=1 fills=None (14.9s)
[789/4086] BANK2_CROSS_level_wait__T_cross_timing-both_days_input_field-raw_warmup-ready_per_rule: ok fills=278 (65.0s)
[790/4086] BANK2_CROSS_level_wait__T_cross_timing-today_ma_input_field-raw_warmup-ready_per_rule: ok fills=278 (55.1s)
[791/4086] BANK2_CROSS_level_wait__OAT_a_exec-set_holdings: ok fills=268 (70.8s)
[792/4086] BANK2_CROSS_level_wait__OAT_rsi_smoothing-simple: ok fills=308 (76.2s)
[793/4086] BANK2_CROSS_level_wait__SPOT_all_excluded_off: ok fills=272 (70.3s)
[794/4086] BANK2_BL-03_pct10__T_a_exec-set_holdings_cross_timing-today_ma_input_field-adjusted_warmup-strict: ok fills=266 (70.5s)
[795/4086] BANK2_BL-03_pct10__ref: ok fills=270 (84.2s)
[796/4086] BANK2_BL-03_pct10__T_a_exec-calc_shares_cross_timing-today_ma_input_field-adjusted_warmup-strict: ok fills=266 (74.5s)
[797/4086] BANK2_BL-03_pct10__T_a_exec-calc_shares_cross_timing-both_days_input_field-raw_warmup-strict: ok fills=280 (64.5s)
[798/4086] BANK2_BL-03_pct10__T_a_exec-set_holdings_cross_timing-both_days_input_field-adjusted_warmup-strict: ok fills=270 (80.6s)
[799/4086] BANK2_BL-03_pct10__T_a_exec-set_holdings_cross_timing-today_ma_input_field-raw_warmup-strict: exit=1 fills=None (20.2s)
[800/4086] BANK2_BL-03_pct10__T_a_exec-set_holdings_cross_timing-both_days_input_field-raw_warmup-strict: ok fills=280 (67.9s)
[801/4086] BANK2_BL-03_pct10__T_a_exec-calc_shares_cross_timing-today_ma_input_field-raw_warmup-strict: ok fills=278 (66.7s)
[802/4086] BANK2_BL-03_pct10__T_a_exec-set_holdings_cross_timing-today_ma_input_field-adjusted_warmup-ready_check: ok fills=262 (59.6s)
[803/4086] BANK2_BL-03_pct10__T_a_exec-calc_shares_cross_timing-both_days_input_field-adjusted_warmup-ready_check: ok fills=266 (72.3s)
[804/4086] BANK2_BL-03_pct10__T_a_exec-calc_shares_cross_timing-today_ma_input_field-adjusted_warmup-ready_check: ok fills=262 (70.8s)
[805/4086] BANK2_BL-03_pct10__T_a_exec-calc_shares_cross_timing-both_days_input_field-raw_warmup-ready_check: ok fills=276 (67.3s)
[806/4086] BANK2_BL-03_pct10__T_a_exec-set_holdings_cross_timing-both_days_input_field-adjusted_warmup-ready_check: ok fills=266 (74.7s)
[807/4086] BANK2_BL-03_pct10__T_a_exec-set_holdings_cross_timing-both_days_input_field-raw_warmup-ready_check: ok fills=276 (73.4s)
[808/4086] BANK2_BL-03_pct10__T_a_exec-calc_shares_cross_timing-today_ma_input_field-raw_warmup-ready_check: ok fills=274 (61.4s)
[809/4086] BANK2_BL-03_pct10__T_a_exec-set_holdings_cross_timing-today_ma_input_field-raw_warmup-ready_check: ok fills=274 (69.3s)
[810/4086] BANK2_BL-03_pct10__T_a_exec-calc_shares_cross_timing-both_days_input_field-adjusted_warmup-ready_per_rule: ok fills=270 (59.0s)
[811/4086] BANK2_BL-03_pct10__T_a_exec-set_holdings_cross_timing-both_days_input_field-adjusted_warmup-ready_per_rule: ok fills=270 (62.7s)
[812/4086] BANK2_BL-03_pct10__T_a_exec-set_holdings_cross_timing-today_ma_input_field-raw_warmup-ready_per_rule: exit=1 fills=None (14.8s)
[813/4086] BANK2_BL-03_pct10__T_a_exec-set_holdings_cross_timing-today_ma_input_field-adjusted_warmup-ready_per_rule: ok fills=266 (62.8s)
[814/4086] BANK2_BL-03_pct10__T_a_exec-calc_shares_cross_timing-today_ma_input_field-adjusted_warmup-ready_per_rule: ok fills=266 (69.6s)
[815/4086] BANK2_BL-03_pct10__T_a_exec-set_holdings_cross_timing-both_days_input_field-raw_warmup-ready_per_rule: ok fills=280 (63.7s)
[816/4086] BANK2_BL-03_pct10__T_a_exec-calc_shares_cross_timing-both_days_input_field-raw_warmup-ready_per_rule: ok fills=280 (69.8s)
[817/4086] BANK2_BL-03_pct10__T_a_exec-calc_shares_cross_timing-today_ma_input_field-raw_warmup-ready_per_rule: ok fills=278 (69.5s)
[818/4086] BANK2_BL-03_pct10__OAT_rsi_smoothing-simple: ok fills=320 (63.0s)
[819/4086] BANK2_BL-03_pct10__SPOT_all_excluded_off: ok fills=270 (74.2s)
[820/4086] BANK2_BL-03_pct20__ref: ok fills=270 (70.5s)
[821/4086] BANK2_BL-03_pct10__OAT_same_bar_reentry-wait_bar: ok fills=266 (77.2s)
[822/4086] BANK2_BL-03_pct10__OAT_rsi_exit-cross: ok fills=250 (81.2s)
[823/4086] BANK2_BL-03_pct20__T_a_exec-set_holdings_cross_timing-both_days_input_field-adjusted_warmup-strict: ok fills=270 (76.8s)
[824/4086] BANK2_BL-03_pct20__T_a_exec-calc_shares_cross_timing-today_ma_input_field-adjusted_warmup-strict: ok fills=266 (84.9s)
[825/4086] BANK2_BL-03_pct20__T_a_exec-set_holdings_cross_timing-both_days_input_field-adjusted_warmup-ready_check: exit=1 fills=None (9.5s)
[826/4086] BANK2_BL-03_pct20__T_a_exec-calc_shares_cross_timing-today_ma_input_field-raw_warmup-strict: exit=1 fills=None (16.8s)
[827/4086] BANK2_BL-03_pct20__T_a_exec-set_holdings_cross_timing-today_ma_input_field-adjusted_warmup-strict: ok fills=266 (72.3s)
[828/4086] BANK2_BL-03_pct20__T_a_exec-calc_shares_cross_timing-both_days_input_field-raw_warmup-strict: ok fills=280 (70.5s)
[829/4086] BANK2_BL-03_pct20__T_a_exec-set_holdings_cross_timing-both_days_input_field-raw_warmup-strict: ok fills=280 (69.3s)
[830/4086] BANK2_BL-03_pct20__T_a_exec-calc_shares_cross_timing-both_days_input_field-adjusted_warmup-ready_check: ok fills=266 (63.9s)
[831/4086] BANK2_BL-03_pct20__T_a_exec-set_holdings_cross_timing-today_ma_input_field-raw_warmup-strict: ok fills=278 (76.3s)
[832/4086] BANK2_BL-03_pct20__T_a_exec-set_holdings_cross_timing-today_ma_input_field-raw_warmup-ready_check: exit=1 fills=None (11.1s)
[833/4086] BANK2_BL-03_pct20__T_a_exec-calc_shares_cross_timing-today_ma_input_field-adjusted_warmup-ready_check: ok fills=262 (67.2s)
[834/4086] BANK2_BL-03_pct20__T_a_exec-set_holdings_cross_timing-today_ma_input_field-adjusted_warmup-ready_check: ok fills=262 (67.7s)
[835/4086] BANK2_BL-03_pct20__T_a_exec-calc_shares_cross_timing-both_days_input_field-raw_warmup-ready_check: ok fills=276 (71.8s)
[836/4086] BANK2_BL-03_pct20__T_a_exec-set_holdings_cross_timing-both_days_input_field-raw_warmup-ready_check: ok fills=276 (60.0s)
[837/4086] BANK2_BL-03_pct20__T_a_exec-set_holdings_cross_timing-both_days_input_field-raw_warmup-ready_per_rule: exit=1 fills=None (13.7s)
[838/4086] BANK2_BL-03_pct20__T_a_exec-calc_shares_cross_timing-today_ma_input_field-raw_warmup-ready_check: ok fills=274 (72.2s)
[839/4086] BANK2_BL-03_pct20__T_a_exec-calc_shares_cross_timing-both_days_input_field-adjusted_warmup-ready_per_rule: ok fills=270 (65.0s)
[840/4086] BANK2_BL-03_pct20__T_a_exec-set_holdings_cross_timing-both_days_input_field-adjusted_warmup-ready_per_rule: ok fills=270 (75.3s)
[841/4086] BANK2_BL-03_pct20__T_a_exec-set_holdings_cross_timing-today_ma_input_field-adjusted_warmup-ready_per_rule: ok fills=266 (69.0s)
[842/4086] BANK2_BL-03_pct20__T_a_exec-calc_shares_cross_timing-both_days_input_field-raw_warmup-ready_per_rule: ok fills=280 (69.2s)
[843/4086] BANK2_BL-03_pct20__T_a_exec-calc_shares_cross_timing-today_ma_input_field-adjusted_warmup-ready_per_rule: ok fills=266 (75.5s)
[844/4086] BANK2_BL-03_pct20__T_a_exec-set_holdings_cross_timing-today_ma_input_field-raw_warmup-ready_per_rule: ok fills=278 (66.6s)
[845/4086] BANK2_BL-03_pct20__OAT_same_bar_reentry-wait_bar: exit=1 fills=None (17.9s)
[846/4086] BANK2_BL-03_pct25__ref: exit=1 fills=None (17.1s)
[847/4086] BANK2_BL-03_pct20__T_a_exec-calc_shares_cross_timing-today_ma_input_field-raw_warmup-ready_per_rule: ok fills=278 (74.0s)
[848/4086] BANK2_BL-03_pct20__OAT_rsi_smoothing-simple: ok fills=320 (65.5s)
[849/4086] BANK2_BL-03_pct20__OAT_rsi_exit-cross: ok fills=250 (61.6s)
[850/4086] BANK2_BL-03_pct20__SPOT_all_excluded_off: ok fills=270 (62.3s)
[851/4086] BANK2_BL-03_pct25__T_a_exec-set_holdings_cross_timing-both_days_input_field-adjusted_warmup-strict: ok fills=270 (66.0s)
[852/4086] BANK2_BL-03_pct25__T_a_exec-set_holdings_cross_timing-both_days_input_field-raw_warmup-strict: ok fills=280 (59.9s)
[853/4086] BANK2_BL-03_pct25__T_a_exec-calc_shares_cross_timing-today_ma_input_field-raw_warmup-strict: ok fills=278 (65.1s)
[854/4086] BANK2_BL-03_pct25__T_a_exec-calc_shares_cross_timing-today_ma_input_field-adjusted_warmup-strict: ok fills=266 (76.0s)
[855/4086] BANK2_BL-03_pct25__T_a_exec-calc_shares_cross_timing-both_days_input_field-raw_warmup-strict: ok fills=280 (74.2s)
[856/4086] BANK2_BL-03_pct25__T_a_exec-set_holdings_cross_timing-today_ma_input_field-adjusted_warmup-strict: ok fills=266 (75.2s)
[857/4086] BANK2_BL-03_pct25__T_a_exec-set_holdings_cross_timing-today_ma_input_field-raw_warmup-strict: ok fills=278 (61.8s)
[858/4086] BANK2_BL-03_pct25__T_a_exec-set_holdings_cross_timing-both_days_input_field-adjusted_warmup-ready_check: ok fills=266 (70.0s)
[859/4086] BANK2_BL-03_pct25__T_a_exec-calc_shares_cross_timing-both_days_input_field-adjusted_warmup-ready_check: ok fills=266 (74.7s)
[860/4086] BANK2_BL-03_pct25__T_a_exec-calc_shares_cross_timing-today_ma_input_field-adjusted_warmup-ready_check: ok fills=262 (75.0s)
[861/4086] BANK2_BL-03_pct25__T_a_exec-set_holdings_cross_timing-today_ma_input_field-adjusted_warmup-ready_check: ok fills=262 (67.1s)
[862/4086] BANK2_BL-03_pct25__T_a_exec-calc_shares_cross_timing-today_ma_input_field-raw_warmup-ready_check: ok fills=274 (70.5s)
[863/4086] BANK2_BL-03_pct25__T_a_exec-set_holdings_cross_timing-both_days_input_field-raw_warmup-ready_check: ok fills=276 (73.7s)
[864/4086] BANK2_BL-03_pct25__T_a_exec-calc_shares_cross_timing-both_days_input_field-raw_warmup-ready_check: ok fills=276 (74.2s)
[865/4086] BANK2_BL-03_pct25__T_a_exec-set_holdings_cross_timing-today_ma_input_field-raw_warmup-ready_check: ok fills=274 (71.1s)
[866/4086] BANK2_BL-03_pct25__T_a_exec-calc_shares_cross_timing-today_ma_input_field-adjusted_warmup-ready_per_rule: exit=1 fills=None (15.9s)
[867/4086] BANK2_BL-03_pct25__T_a_exec-calc_shares_cross_timing-both_days_input_field-raw_warmup-ready_per_rule: exit=1 fills=None (11.9s)
[868/4086] BANK2_BL-03_pct25__T_a_exec-calc_shares_cross_timing-both_days_input_field-adjusted_warmup-ready_per_rule: ok fills=270 (72.0s)
[869/4086] BANK2_BL-03_pct25__T_a_exec-set_holdings_cross_timing-both_days_input_field-adjusted_warmup-ready_per_rule: ok fills=270 (74.3s)
[870/4086] BANK2_BL-03_pct25__T_a_exec-calc_shares_cross_timing-today_ma_input_field-raw_warmup-ready_per_rule: ok fills=278 (63.9s)
[871/4086] BANK2_BL-03_pct25__T_a_exec-set_holdings_cross_timing-today_ma_input_field-adjusted_warmup-ready_per_rule: ok fills=266 (72.3s)
[872/4086] BANK2_BL-03_pct25__T_a_exec-set_holdings_cross_timing-both_days_input_field-raw_warmup-ready_per_rule: ok fills=280 (73.4s)
[873/4086] BANK2_BL-03_pct25__OAT_rsi_exit-cross: ok fills=250 (70.3s)
[874/4086] BANK2_BL-03_pct25__OAT_rsi_smoothing-simple: ok fills=320 (75.4s)
[875/4086] BANK2_BL-03_pct25__T_a_exec-set_holdings_cross_timing-today_ma_input_field-raw_warmup-ready_per_rule: ok fills=278 (76.9s)
[876/4086] BANK2_BL-03_pct25__OAT_same_bar_reentry-wait_bar: ok fills=266 (67.1s)
[877/4086] BANK2_BL-03_pct25__SPOT_all_excluded_off: ok fills=270 (79.5s)
[878/4086] BANK2_BL-03_pct40__T_a_exec-set_holdings_cross_timing-both_days_input_field-adjusted_warmup-strict: ok fills=270 (61.7s)
[879/4086] BANK2_BL-03_pct40__ref: ok fills=270 (66.0s)
[880/4086] BANK2_BL-03_pct40__T_a_exec-calc_shares_cross_timing-today_ma_input_field-adjusted_warmup-strict: ok fills=266 (71.9s)
[881/4086] BANK2_BL-03_pct40__T_a_exec-calc_shares_cross_timing-both_days_input_field-raw_warmup-strict: ok fills=280 (62.4s)
[882/4086] BANK2_BL-03_pct40__T_a_exec-set_holdings_cross_timing-today_ma_input_field-adjusted_warmup-strict: ok fills=266 (67.2s)
[883/4086] BANK2_BL-03_pct40__T_a_exec-set_holdings_cross_timing-both_days_input_field-raw_warmup-strict: ok fills=280 (76.5s)
[884/4086] BANK2_BL-03_pct40__T_a_exec-calc_shares_cross_timing-today_ma_input_field-raw_warmup-strict: ok fills=278 (79.0s)
[885/4086] BANK2_BL-03_pct40__T_a_exec-calc_shares_cross_timing-both_days_input_field-adjusted_warmup-ready_check: ok fills=266 (64.7s)
[886/4086] BANK2_BL-03_pct40__T_a_exec-set_holdings_cross_timing-today_ma_input_field-raw_warmup-strict: ok fills=278 (71.1s)
[887/4086] BANK2_BL-03_pct40__T_a_exec-set_holdings_cross_timing-both_days_input_field-adjusted_warmup-ready_check: ok fills=266 (67.2s)
[888/4086] BANK2_BL-03_pct40__T_a_exec-calc_shares_cross_timing-today_ma_input_field-adjusted_warmup-ready_check: ok fills=262 (60.9s)
[889/4086] BANK2_BL-03_pct40__T_a_exec-set_holdings_cross_timing-today_ma_input_field-adjusted_warmup-ready_check: ok fills=262 (69.9s)
[890/4086] BANK2_BL-03_pct40__T_a_exec-calc_shares_cross_timing-both_days_input_field-raw_warmup-ready_check: ok fills=276 (69.8s)
[891/4086] BANK2_BL-03_pct40__T_a_exec-set_holdings_cross_timing-both_days_input_field-raw_warmup-ready_check: ok fills=276 (61.6s)
[892/4086] BANK2_BL-03_pct40__T_a_exec-set_holdings_cross_timing-today_ma_input_field-raw_warmup-ready_check: ok fills=274 (55.9s)
[893/4086] BANK2_BL-03_pct40__T_a_exec-calc_shares_cross_timing-both_days_input_field-adjusted_warmup-ready_per_rule: ok fills=270 (53.2s)
[894/4086] BANK2_BL-03_pct40__T_a_exec-calc_shares_cross_timing-today_ma_input_field-raw_warmup-ready_check: ok fills=274 (65.6s)
[895/4086] BANK2_BL-03_pct40__T_a_exec-set_holdings_cross_timing-both_days_input_field-adjusted_warmup-ready_per_rule: ok fills=270 (61.4s)
[896/4086] BANK2_BL-03_pct40__T_a_exec-calc_shares_cross_timing-today_ma_input_field-raw_warmup-ready_per_rule: exit=1 fills=None (10.6s)
[897/4086] BANK2_BL-03_pct40__T_a_exec-calc_shares_cross_timing-today_ma_input_field-adjusted_warmup-ready_per_rule: ok fills=266 (61.1s)
[898/4086] BANK2_BL-03_pct40__T_a_exec-calc_shares_cross_timing-both_days_input_field-raw_warmup-ready_per_rule: ok fills=280 (63.7s)
[899/4086] BANK2_BL-03_pct40__OAT_rsi_exit-cross: exit=1 fills=None (21.3s)
[900/4086] BANK2_BL-03_pct40__SPOT_all_excluded_off: exit=1 fills=None (12.9s)
[901/4086] BANK2_BL-03_pct40__T_a_exec-set_holdings_cross_timing-both_days_input_field-raw_warmup-ready_per_rule: ok fills=280 (66.0s)
[902/4086] BANK2_BL-03_pct40__T_a_exec-set_holdings_cross_timing-today_ma_input_field-adjusted_warmup-ready_per_rule: ok fills=266 (73.2s)
[903/4086] BANK2_BL-03_pct40__T_a_exec-set_holdings_cross_timing-today_ma_input_field-raw_warmup-ready_per_rule: ok fills=278 (65.6s)
[904/4086] BANK2_BL-03_pct40__OAT_same_bar_reentry-wait_bar: ok fills=266 (69.2s)
[905/4086] BANK2_BL-03_pct40__OAT_rsi_smoothing-simple: ok fills=320 (77.0s)
[906/4086] BANK2_BL-03_pct50__T_a_exec-calc_shares_cross_timing-today_ma_input_field-adjusted_warmup-strict: ok fills=266 (70.3s)
[907/4086] BANK2_BL-03_pct50__ref: ok fills=270 (72.0s)
[908/4086] BANK2_BL-03_pct50__T_a_exec-calc_shares_cross_timing-both_days_input_field-raw_warmup-strict: ok fills=280 (66.1s)
[909/4086] BANK2_BL-03_pct50__T_a_exec-set_holdings_cross_timing-today_ma_input_field-adjusted_warmup-strict: ok fills=266 (70.1s)
[910/4086] BANK2_BL-03_pct50__T_a_exec-set_holdings_cross_timing-both_days_input_field-adjusted_warmup-ready_check: exit=1 fills=None (7.5s)
[911/4086] BANK2_BL-03_pct50__T_a_exec-set_holdings_cross_timing-both_days_input_field-adjusted_warmup-strict: ok fills=270 (79.7s)
[912/4086] BANK2_BL-03_pct50__T_a_exec-set_holdings_cross_timing-both_days_input_field-raw_warmup-strict: ok fills=280 (60.4s)
[913/4086] BANK2_BL-03_pct50__T_a_exec-set_holdings_cross_timing-today_ma_input_field-adjusted_warmup-ready_check: exit=1 fills=None (16.4s)
[914/4086] BANK2_BL-03_pct50__T_a_exec-calc_shares_cross_timing-today_ma_input_field-raw_warmup-strict: ok fills=278 (60.6s)
[915/4086] BANK2_BL-03_pct50__T_a_exec-set_holdings_cross_timing-today_ma_input_field-raw_warmup-strict: ok fills=278 (66.5s)
[916/4086] BANK2_BL-03_pct50__T_a_exec-calc_shares_cross_timing-both_days_input_field-adjusted_warmup-ready_check: ok fills=266 (61.8s)
[917/4086] BANK2_BL-03_pct50__T_a_exec-calc_shares_cross_timing-both_days_input_field-raw_warmup-ready_check: ok fills=276 (65.1s)
[918/4086] BANK2_BL-03_pct50__T_a_exec-calc_shares_cross_timing-today_ma_input_field-adjusted_warmup-ready_check: ok fills=262 (75.3s)
[919/4086] BANK2_BL-03_pct50__T_a_exec-set_holdings_cross_timing-both_days_input_field-raw_warmup-ready_check: ok fills=276 (76.8s)
[920/4086] BANK2_BL-03_pct50__T_a_exec-set_holdings_cross_timing-today_ma_input_field-raw_warmup-ready_check: ok fills=274 (76.7s)
[921/4086] BANK2_BL-03_pct50__T_a_exec-calc_shares_cross_timing-today_ma_input_field-raw_warmup-ready_check: ok fills=274 (77.7s)
[922/4086] BANK2_BL-03_pct50__T_a_exec-calc_shares_cross_timing-both_days_input_field-adjusted_warmup-ready_per_rule: ok fills=270 (77.5s)
[923/4086] BANK2_BL-03_pct50__T_a_exec-set_holdings_cross_timing-today_ma_input_field-raw_warmup-ready_per_rule: exit=1 fills=None (13.6s)
[924/4086] BANK2_BL-03_pct50__T_a_exec-set_holdings_cross_timing-both_days_input_field-adjusted_warmup-ready_per_rule: ok fills=270 (77.1s)
[925/4086] BANK2_BL-03_pct50__T_a_exec-calc_shares_cross_timing-today_ma_input_field-adjusted_warmup-ready_per_rule: ok fills=266 (75.4s)
[926/4086] BANK2_BL-03_pct50__T_a_exec-calc_shares_cross_timing-both_days_input_field-raw_warmup-ready_per_rule: ok fills=280 (69.4s)
[927/4086] BANK2_BL-03_pct50__SPOT_all_excluded_off: exit=1 fills=None (12.5s)
[928/4086] BANK2_BL-03_pct50__T_a_exec-set_holdings_cross_timing-today_ma_input_field-adjusted_warmup-ready_per_rule: ok fills=266 (75.8s)
[929/4086] BANK2_BL-03_pct50__T_a_exec-set_holdings_cross_timing-both_days_input_field-raw_warmup-ready_per_rule: ok fills=280 (74.0s)
[930/4086] BANK2_BL-03_pct50__T_a_exec-calc_shares_cross_timing-today_ma_input_field-raw_warmup-ready_per_rule: ok fills=278 (70.3s)
[931/4086] BANK2_BL-03_pct50__OAT_rsi_smoothing-simple: ok fills=320 (71.0s)
[932/4086] BANK2_BL-03_pct50__OAT_rsi_exit-cross: ok fills=250 (71.5s)
[933/4086] BANK2_BL-03_pct50__OAT_same_bar_reentry-wait_bar: ok fills=266 (72.6s)
[934/4086] BANK2_BL-03_pct100__T_a_exec-set_holdings_cross_timing-both_days_input_field-adjusted_warmup-strict: ok fills=171 (65.0s)
[935/4086] BANK2_BL-03_pct100__T_a_exec-calc_shares_cross_timing-today_ma_input_field-adjusted_warmup-strict: ok fills=181 (65.5s)
[936/4086] BANK2_BL-03_pct100__ref: ok fills=171 (72.1s)
[937/4086] BANK2_BL-03_pct100__T_a_exec-set_holdings_cross_timing-today_ma_input_field-adjusted_warmup-strict: ok fills=181 (67.7s)
[938/4086] BANK2_BL-03_pct100__T_a_exec-calc_shares_cross_timing-both_days_input_field-raw_warmup-strict: ok fills=202 (62.4s)
[939/4086] BANK2_BL-03_pct100__T_a_exec-calc_shares_cross_timing-today_ma_input_field-adjusted_warmup-ready_check: exit=1 fills=None (12.7s)
[940/4086] BANK2_BL-03_pct100__T_a_exec-calc_shares_cross_timing-today_ma_input_field-raw_warmup-strict: ok fills=202 (62.7s)
[941/4086] BANK2_BL-03_pct100__T_a_exec-set_holdings_cross_timing-both_days_input_field-raw_warmup-strict: ok fills=204 (72.1s)
[942/4086] BANK2_BL-03_pct100__T_a_exec-set_holdings_cross_timing-today_ma_input_field-raw_warmup-strict: ok fills=204 (63.5s)
[943/4086] BANK2_BL-03_pct100__T_a_exec-calc_shares_cross_timing-both_days_input_field-adjusted_warmup-ready_check: ok fills=167 (57.2s)
[944/4086] BANK2_BL-03_pct100__T_a_exec-set_holdings_cross_timing-both_days_input_field-adjusted_warmup-ready_check: ok fills=167 (58.4s)
[945/4086] BANK2_BL-03_pct100__T_a_exec-set_holdings_cross_timing-today_ma_input_field-adjusted_warmup-ready_check: ok fills=177 (60.6s)
[946/4086] BANK2_BL-03_pct100__T_a_exec-calc_shares_cross_timing-both_days_input_field-raw_warmup-ready_check: ok fills=198 (67.2s)
[947/4086] BANK2_BL-03_pct100__T_a_exec-set_holdings_cross_timing-both_days_input_field-raw_warmup-ready_check: ok fills=200 (67.4s)
[948/4086] BANK2_BL-03_pct100__T_a_exec-set_holdings_cross_timing-today_ma_input_field-raw_warmup-ready_check: ok fills=200 (59.9s)
[949/4086] BANK2_BL-03_pct100__T_a_exec-calc_shares_cross_timing-both_days_input_field-adjusted_warmup-ready_per_rule: ok fills=171 (58.1s)
[950/4086] BANK2_BL-03_pct100__T_a_exec-calc_shares_cross_timing-today_ma_input_field-raw_warmup-ready_check: ok fills=198 (69.9s)
[951/4086] BANK2_BL-03_pct100__T_a_exec-set_holdings_cross_timing-both_days_input_field-adjusted_warmup-ready_per_rule: ok fills=171 (59.6s)
[952/4086] BANK2_BL-03_pct100__T_a_exec-calc_shares_cross_timing-today_ma_input_field-adjusted_warmup-ready_per_rule: ok fills=181 (66.8s)
[953/4086] BANK2_BL-03_pct100__T_a_exec-set_holdings_cross_timing-today_ma_input_field-adjusted_warmup-ready_per_rule: ok fills=181 (66.6s)
[954/4086] BANK2_BL-03_pct100__T_a_exec-set_holdings_cross_timing-both_days_input_field-raw_warmup-ready_per_rule: ok fills=204 (62.9s)
[955/4086] BANK2_BL-03_pct100__SPOT_all_excluded_off: exit=1 fills=None (11.5s)
[956/4086] BANK2_BL-03_pct100__T_a_exec-calc_shares_cross_timing-both_days_input_field-raw_warmup-ready_per_rule: ok fills=202 (70.8s)
[957/4086] BANK2_BL-03_pct100__T_a_exec-calc_shares_cross_timing-today_ma_input_field-raw_warmup-ready_per_rule: ok fills=202 (69.2s)
[958/4086] BANK2_BL-04_prev_close__T_input_field-adjusted_rsi_exit-level_rsi_smoothing-wilder_same_bar_reentry-wait_bar_warmup-strict: exit=1 fills=None (16.2s)
[959/4086] BANK2_BL-03_pct100__OAT_rsi_smoothing-simple: ok fills=201 (69.2s)
[960/4086] BANK2_BL-03_pct100__T_a_exec-set_holdings_cross_timing-today_ma_input_field-raw_warmup-ready_per_rule: ok fills=204 (70.6s)
[961/4086] BANK2_BL-03_pct100__OAT_rsi_exit-cross: ok fills=169 (59.9s)
[962/4086] BANK2_BL-03_pct100__OAT_same_bar_reentry-wait_bar: ok fills=171 (64.1s)
[963/4086] BANK2_BL-04_prev_close__ref: ok fills=270 (64.9s)
[964/4086] BANK2_BL-04_prev_close__T_input_field-raw_rsi_exit-level_rsi_smoothing-wilder_same_bar_reentry-allowed_warmup-strict: ok fills=280 (68.1s)
[965/4086] BANK2_BL-04_prev_close__T_input_field-adjusted_rsi_exit-level_rsi_smoothing-wilder_same_bar_reentry-wait_bar_warmup-ready_check: ok fills=262 (54.0s)
[966/4086] BANK2_BL-04_prev_close__T_input_field-raw_rsi_exit-level_rsi_smoothing-wilder_same_bar_reentry-allowed_warmup-ready_check: ok fills=276 (58.8s)
[967/4086] BANK2_BL-04_prev_close__T_input_field-adjusted_rsi_exit-level_rsi_smoothing-wilder_same_bar_reentry-wait_bar_warmup-ready_per_rule: exit=1 fills=None (13.1s)
[968/4086] BANK2_BL-04_prev_close__T_input_field-adjusted_rsi_exit-level_rsi_smoothing-wilder_same_bar_reentry-allowed_warmup-ready_check: ok fills=266 (60.1s)
[969/4086] BANK2_BL-04_prev_close__T_input_field-raw_rsi_exit-level_rsi_smoothing-wilder_same_bar_reentry-wait_bar_warmup-strict: ok fills=278 (61.6s)
[970/4086] BANK2_BL-04_prev_close__T_input_field-raw_rsi_exit-level_rsi_smoothing-wilder_same_bar_reentry-wait_bar_warmup-ready_check: ok fills=274 (66.6s)
[971/4086] BANK2_BL-04_prev_close__T_input_field-adjusted_rsi_exit-level_rsi_smoothing-wilder_same_bar_reentry-allowed_warmup-ready_per_rule: ok fills=270 (54.4s)
[972/4086] BANK2_BL-04_prev_close__T_input_field-raw_rsi_exit-cross_rsi_smoothing-wilder_same_bar_reentry-allowed_warmup-strict: exit=1 fills=None (13.2s)
[973/4086] BANK2_BL-04_prev_close__T_input_field-raw_rsi_exit-level_rsi_smoothing-wilder_same_bar_reentry-allowed_warmup-ready_per_rule: ok fills=280 (55.9s)
[974/4086] BANK2_BL-04_prev_close__T_input_field-raw_rsi_exit-level_rsi_smoothing-wilder_same_bar_reentry-wait_bar_warmup-ready_per_rule: ok fills=278 (65.1s)
[975/4086] BANK2_BL-04_prev_close__T_input_field-adjusted_rsi_exit-cross_rsi_smoothing-wilder_same_bar_reentry-allowed_warmup-strict: ok fills=250 (61.2s)
[976/4086] BANK2_BL-04_prev_close__T_input_field-adjusted_rsi_exit-cross_rsi_smoothing-wilder_same_bar_reentry-wait_bar_warmup-strict: ok fills=250 (65.1s)
[977/4086] BANK2_BL-04_prev_close__T_input_field-raw_rsi_exit-cross_rsi_smoothing-wilder_same_bar_reentry-wait_bar_warmup-strict: ok fills=264 (70.0s)
[978/4086] BANK2_BL-04_prev_close__T_input_field-adjusted_rsi_exit-cross_rsi_smoothing-wilder_same_bar_reentry-allowed_warmup-ready_check: ok fills=246 (62.8s)
[979/4086] BANK2_BL-04_prev_close__T_input_field-raw_rsi_exit-cross_rsi_smoothing-wilder_same_bar_reentry-allowed_warmup-ready_check: ok fills=260 (62.3s)
[980/4086] BANK2_BL-04_prev_close__T_input_field-adjusted_rsi_exit-cross_rsi_smoothing-wilder_same_bar_reentry-wait_bar_warmup-ready_check: ok fills=246 (64.2s)
[981/4086] BANK2_BL-04_prev_close__T_input_field-raw_rsi_exit-cross_rsi_smoothing-wilder_same_bar_reentry-wait_bar_warmup-ready_check: ok fills=260 (61.7s)
[982/4086] BANK2_BL-04_prev_close__T_input_field-raw_rsi_exit-cross_rsi_smoothing-wilder_same_bar_reentry-allowed_warmup-ready_per_rule: ok fills=264 (68.1s)
[983/4086] BANK2_BL-04_prev_close__T_input_field-adjusted_rsi_exit-cross_rsi_smoothing-wilder_same_bar_reentry-wait_bar_warmup-ready_per_rule: ok fills=250 (66.0s)
[984/4086] BANK2_BL-04_prev_close__T_input_field-adjusted_rsi_exit-cross_rsi_smoothing-wilder_same_bar_reentry-allowed_warmup-ready_per_rule: ok fills=250 (71.1s)
[985/4086] BANK2_BL-04_prev_close__T_input_field-raw_rsi_exit-cross_rsi_smoothing-wilder_same_bar_reentry-wait_bar_warmup-ready_per_rule: ok fills=264 (63.3s)
[986/4086] BANK2_BL-04_prev_close__T_input_field-adjusted_rsi_exit-level_rsi_smoothing-simple_same_bar_reentry-wait_bar_warmup-strict: ok fills=306 (68.4s)
[987/4086] BANK2_BL-04_prev_close__T_input_field-adjusted_rsi_exit-level_rsi_smoothing-simple_same_bar_reentry-allowed_warmup-strict: ok fills=320 (73.5s)
[988/4086] BANK2_BL-04_prev_close__T_input_field-raw_rsi_exit-level_rsi_smoothing-simple_same_bar_reentry-allowed_warmup-strict: ok fills=338 (73.2s)
[989/4086] BANK2_BL-04_prev_close__T_input_field-adjusted_rsi_exit-level_rsi_smoothing-simple_same_bar_reentry-allowed_warmup-ready_per_rule: exit=1 fills=None (19.6s)
[990/4086] BANK2_BL-04_prev_close__T_input_field-raw_rsi_exit-level_rsi_smoothing-simple_same_bar_reentry-wait_bar_warmup-strict: ok fills=324 (66.2s)
[991/4086] BANK2_BL-04_prev_close__T_input_field-adjusted_rsi_exit-level_rsi_smoothing-simple_same_bar_reentry-wait_bar_warmup-ready_check: ok fills=296 (75.1s)
[992/4086] BANK2_BL-04_prev_close__T_input_field-raw_rsi_exit-level_rsi_smoothing-simple_same_bar_reentry-wait_bar_warmup-ready_check: ok fills=314 (74.0s)
[993/4086] BANK2_BL-04_prev_close__T_input_field-adjusted_rsi_exit-level_rsi_smoothing-simple_same_bar_reentry-allowed_warmup-ready_check: ok fills=306 (79.8s)
[994/4086] BANK2_BL-04_prev_close__T_input_field-raw_rsi_exit-level_rsi_smoothing-simple_same_bar_reentry-allowed_warmup-ready_check: ok fills=324 (76.8s)
[995/4086] BANK2_BL-04_prev_close__T_input_field-raw_rsi_exit-level_rsi_smoothing-simple_same_bar_reentry-allowed_warmup-ready_per_rule: ok fills=336 (63.5s)
[996/4086] BANK2_BL-04_prev_close__T_input_field-adjusted_rsi_exit-level_rsi_smoothing-simple_same_bar_reentry-wait_bar_warmup-ready_per_rule: ok fills=304 (64.8s)
[997/4086] BANK2_BL-04_prev_close__T_input_field-adjusted_rsi_exit-cross_rsi_smoothing-simple_same_bar_reentry-allowed_warmup-strict: ok fills=270 (56.2s)
[998/4086] BANK2_BL-04_prev_close__T_input_field-raw_rsi_exit-level_rsi_smoothing-simple_same_bar_reentry-wait_bar_warmup-ready_per_rule: ok fills=322 (57.5s)
[999/4086] BANK2_BL-04_prev_close__T_input_field-raw_rsi_exit-cross_rsi_smoothing-simple_same_bar_reentry-wait_bar_warmup-strict: exit=1 fills=None (14.8s)
[1000/4086] BANK2_BL-04_prev_close__T_input_field-raw_rsi_exit-cross_rsi_smoothing-simple_same_bar_reentry-allowed_warmup-strict: ok fills=290 (62.0s)
[1001/4086] BANK2_BL-04_prev_close__T_input_field-raw_rsi_exit-cross_rsi_smoothing-simple_same_bar_reentry-allowed_warmup-ready_check: ok fills=282 (69.0s)
[1002/4086] BANK2_BL-04_prev_close__T_input_field-adjusted_rsi_exit-cross_rsi_smoothing-simple_same_bar_reentry-wait_bar_warmup-ready_per_rule: exit=1 fills=None (10.1s)
[1003/4086] BANK2_BL-04_prev_close__T_input_field-adjusted_rsi_exit-cross_rsi_smoothing-simple_same_bar_reentry-wait_bar_warmup-ready_check: ok fills=262 (78.4s)
[1004/4086] BANK2_BL-04_prev_close__T_input_field-adjusted_rsi_exit-cross_rsi_smoothing-simple_same_bar_reentry-allowed_warmup-ready_check: ok fills=262 (81.3s)
[1005/4086] BANK2_BL-04_prev_close__T_input_field-adjusted_rsi_exit-cross_rsi_smoothing-simple_same_bar_reentry-wait_bar_warmup-strict: ok fills=270 (82.5s)
[1006/4086] BANK2_BL-04_prev_close__T_input_field-raw_rsi_exit-cross_rsi_smoothing-simple_same_bar_reentry-wait_bar_warmup-ready_check: ok fills=282 (80.2s)
[1007/4086] BANK2_BL-04_prev_close__T_input_field-raw_rsi_exit-cross_rsi_smoothing-simple_same_bar_reentry-allowed_warmup-ready_per_rule: ok fills=288 (78.4s)
[1008/4086] BANK2_BL-04_prev_close__T_input_field-adjusted_rsi_exit-cross_rsi_smoothing-simple_same_bar_reentry-allowed_warmup-ready_per_rule: ok fills=268 (79.9s)
[1009/4086] BANK2_BL-04_prev_close__OAT_a_exec-set_holdings: ok fills=270 (73.1s)
[1010/4086] BANK2_BL-04_prev_close__T_input_field-raw_rsi_exit-cross_rsi_smoothing-simple_same_bar_reentry-wait_bar_warmup-ready_per_rule: ok fills=288 (74.6s)
[1011/4086] BANK2_BL-04_prev_close__SPOT_all_excluded_off: ok fills=266 (76.9s)
[1012/4086] BANK2_BL-04_prev_close__OAT_cross_timing-today_ma: ok fills=266 (78.1s)
[1013/4086] BANK2_BL-04_open_close__ref: ok fills=306 (76.9s)
[1014/4086] BANK2_BL-04_open_close__T_input_field-adjusted_rsi_exit-level_rsi_smoothing-wilder_same_bar_reentry-allowed_warmup-ready_check: exit=1 fills=None (17.3s)
[1015/4086] BANK2_BL-04_open_close__T_input_field-adjusted_rsi_exit-level_rsi_smoothing-wilder_same_bar_reentry-wait_bar_warmup-strict: ok fills=288 (76.7s)
[1016/4086] BANK2_BL-04_open_close__T_input_field-raw_rsi_exit-level_rsi_smoothing-wilder_same_bar_reentry-allowed_warmup-strict: ok fills=314 (78.6s)
[1017/4086] BANK2_BL-04_open_close__T_input_field-adjusted_rsi_exit-level_rsi_smoothing-wilder_same_bar_reentry-wait_bar_warmup-ready_check: exit=1 fills=None (14.5s)
[1018/4086] BANK2_BL-04_open_close__T_input_field-raw_rsi_exit-level_rsi_smoothing-wilder_same_bar_reentry-wait_bar_warmup-strict: ok fills=298 (78.8s)
[1019/4086] BANK2_BL-04_open_close__T_input_field-raw_rsi_exit-level_rsi_smoothing-wilder_same_bar_reentry-allowed_warmup-ready_check: ok fills=308 (64.4s)
[1020/4086] BANK2_BL-04_open_close__T_input_field-raw_rsi_exit-level_rsi_smoothing-wilder_same_bar_reentry-wait_bar_warmup-ready_check: ok fills=292 (65.8s)
[1021/4086] BANK2_BL-04_open_close__T_input_field-raw_rsi_exit-level_rsi_smoothing-wilder_same_bar_reentry-allowed_warmup-ready_per_rule: ok fills=314 (71.6s)
[1022/4086] BANK2_BL-04_open_close__T_input_field-adjusted_rsi_exit-level_rsi_smoothing-wilder_same_bar_reentry-wait_bar_warmup-ready_per_rule: ok fills=288 (69.4s)
[1023/4086] BANK2_BL-04_open_close__T_input_field-adjusted_rsi_exit-level_rsi_smoothing-wilder_same_bar_reentry-allowed_warmup-ready_per_rule: ok fills=306 (80.3s)
[1024/4086] BANK2_BL-04_open_close__T_input_field-raw_rsi_exit-level_rsi_smoothing-wilder_same_bar_reentry-wait_bar_warmup-ready_per_rule: ok fills=298 (68.3s)
[1025/4086] BANK2_BL-04_open_close__T_input_field-raw_rsi_exit-cross_rsi_smoothing-wilder_same_bar_reentry-allowed_warmup-strict: ok fills=260 (67.2s)
[1026/4086] BANK2_BL-04_open_close__T_input_field-adjusted_rsi_exit-cross_rsi_smoothing-wilder_same_bar_reentry-allowed_warmup-strict: ok fills=248 (70.5s)
[1027/4086] BANK2_BL-04_open_close__T_input_field-adjusted_rsi_exit-cross_rsi_smoothing-wilder_same_bar_reentry-wait_bar_warmup-strict: ok fills=248 (61.3s)
[1028/4086] BANK2_BL-04_open_close__T_input_field-raw_rsi_exit-cross_rsi_smoothing-wilder_same_bar_reentry-wait_bar_warmup-strict: ok fills=260 (66.8s)
[1029/4086] BANK2_BL-04_open_close__T_input_field-adjusted_rsi_exit-cross_rsi_smoothing-wilder_same_bar_reentry-allowed_warmup-ready_check: ok fills=244 (64.9s)
[1030/4086] BANK2_BL-04_open_close__T_input_field-raw_rsi_exit-cross_rsi_smoothing-wilder_same_bar_reentry-wait_bar_warmup-ready_check: ok fills=256 (64.1s)
[1031/4086] BANK2_BL-04_open_close__T_input_field-adjusted_rsi_exit-cross_rsi_smoothing-wilder_same_bar_reentry-allowed_warmup-ready_per_rule: ok fills=248 (64.6s)
[1032/4086] BANK2_BL-04_open_close__T_input_field-adjusted_rsi_exit-cross_rsi_smoothing-wilder_same_bar_reentry-wait_bar_warmup-ready_check: ok fills=244 (65.8s)
[1033/4086] BANK2_BL-04_open_close__T_input_field-raw_rsi_exit-cross_rsi_smoothing-wilder_same_bar_reentry-allowed_warmup-ready_per_rule: ok fills=260 (63.7s)
[1034/4086] BANK2_BL-04_open_close__T_input_field-raw_rsi_exit-cross_rsi_smoothing-wilder_same_bar_reentry-allowed_warmup-ready_check: ok fills=256 (68.6s)
[1035/4086] BANK2_BL-04_open_close__T_input_field-adjusted_rsi_exit-cross_rsi_smoothing-wilder_same_bar_reentry-wait_bar_warmup-ready_per_rule: ok fills=248 (56.6s)
[1036/4086] BANK2_BL-04_open_close__T_input_field-raw_rsi_exit-cross_rsi_smoothing-wilder_same_bar_reentry-wait_bar_warmup-ready_per_rule: ok fills=260 (54.4s)
[1037/4086] BANK2_BL-04_open_close__T_input_field-adjusted_rsi_exit-level_rsi_smoothing-simple_same_bar_reentry-wait_bar_warmup-strict: ok fills=334 (53.7s)
[1038/4086] BANK2_BL-04_open_close__T_input_field-raw_rsi_exit-level_rsi_smoothing-simple_same_bar_reentry-wait_bar_warmup-strict: ok fills=352 (56.8s)
[1039/4086] BANK2_BL-04_open_close__T_input_field-raw_rsi_exit-level_rsi_smoothing-simple_same_bar_reentry-allowed_warmup-ready_check: ok fills=354 (55.4s)
[1040/4086] BANK2_BL-04_open_close__T_input_field-adjusted_rsi_exit-level_rsi_smoothing-simple_same_bar_reentry-allowed_warmup-strict: ok fills=356 (72.2s)
[1041/4086] BANK2_BL-04_open_close__T_input_field-raw_rsi_exit-level_rsi_smoothing-simple_same_bar_reentry-allowed_warmup-strict: ok fills=372 (68.3s)
[1042/4086] BANK2_BL-04_open_close__T_input_field-adjusted_rsi_exit-level_rsi_smoothing-simple_same_bar_reentry-allowed_warmup-ready_check: ok fills=338 (65.9s)
[1043/4086] BANK2_BL-04_open_close__T_input_field-raw_rsi_exit-level_rsi_smoothing-simple_same_bar_reentry-allowed_warmup-ready_per_rule: exit=1 fills=None (10.2s)
[1044/4086] BANK2_BL-04_open_close__T_input_field-adjusted_rsi_exit-level_rsi_smoothing-simple_same_bar_reentry-wait_bar_warmup-ready_check: ok fills=320 (53.8s)
[1045/4086] BANK2_BL-04_open_close__T_input_field-raw_rsi_exit-level_rsi_smoothing-simple_same_bar_reentry-wait_bar_warmup-ready_check: ok fills=338 (50.5s)
[1046/4086] BANK2_BL-04_open_close__T_input_field-adjusted_rsi_exit-level_rsi_smoothing-simple_same_bar_reentry-allowed_warmup-ready_per_rule: ok fills=354 (53.5s)
[1047/4086] BANK2_BL-04_open_close__T_input_field-adjusted_rsi_exit-level_rsi_smoothing-simple_same_bar_reentry-wait_bar_warmup-ready_per_rule: ok fills=332 (59.2s)
[1048/4086] BANK2_BL-04_open_close__T_input_field-raw_rsi_exit-level_rsi_smoothing-simple_same_bar_reentry-wait_bar_warmup-ready_per_rule: ok fills=350 (55.5s)
[1049/4086] BANK2_BL-04_open_close__T_input_field-adjusted_rsi_exit-cross_rsi_smoothing-simple_same_bar_reentry-allowed_warmup-strict: ok fills=276 (53.4s)
[1050/4086] BANK2_BL-04_open_close__T_input_field-raw_rsi_exit-cross_rsi_smoothing-simple_same_bar_reentry-allowed_warmup-strict: ok fills=296 (64.2s)
[1051/4086] BANK2_BL-04_open_close__T_input_field-adjusted_rsi_exit-cross_rsi_smoothing-simple_same_bar_reentry-wait_bar_warmup-strict: ok fills=276 (64.6s)
[1052/4086] BANK2_BL-04_open_close__T_input_field-raw_rsi_exit-cross_rsi_smoothing-simple_same_bar_reentry-wait_bar_warmup-strict: ok fills=296 (58.6s)
[1053/4086] BANK2_BL-04_open_close__T_input_field-adjusted_rsi_exit-cross_rsi_smoothing-simple_same_bar_reentry-allowed_warmup-ready_check: ok fills=266 (51.8s)
[1054/4086] BANK2_BL-04_open_close__T_input_field-raw_rsi_exit-cross_rsi_smoothing-simple_same_bar_reentry-allowed_warmup-ready_check: ok fills=286 (58.4s)
[1055/4086] BANK2_BL-04_open_close__T_input_field-raw_rsi_exit-cross_rsi_smoothing-simple_same_bar_reentry-wait_bar_warmup-ready_check: ok fills=286 (52.8s)
[1056/4086] BANK2_BL-04_open_close__T_input_field-adjusted_rsi_exit-cross_rsi_smoothing-simple_same_bar_reentry-allowed_warmup-ready_per_rule: ok fills=274 (52.4s)
[1057/4086] BANK2_BL-04_open_close__T_input_field-adjusted_rsi_exit-cross_rsi_smoothing-simple_same_bar_reentry-wait_bar_warmup-ready_check: ok fills=266 (68.6s)
[1058/4086] BANK2_BL-04_open_close__SPOT_all_excluded_off: exit=1 fills=None (13.5s)
[1059/4086] BANK2_BL-04_open_close__T_input_field-raw_rsi_exit-cross_rsi_smoothing-simple_same_bar_reentry-wait_bar_warmup-ready_per_rule: ok fills=294 (52.4s)
[1060/4086] BANK2_BL-04_open_close__T_input_field-raw_rsi_exit-cross_rsi_smoothing-simple_same_bar_reentry-allowed_warmup-ready_per_rule: ok fills=294 (65.8s)
[1061/4086] BANK2_BL-04_open_close__T_input_field-adjusted_rsi_exit-cross_rsi_smoothing-simple_same_bar_reentry-wait_bar_warmup-ready_per_rule: ok fills=274 (65.9s)
[1062/4086] BANK2_BL-04_open_close__OAT_a_exec-set_holdings: ok fills=306 (55.9s)
[1063/4086] BANK2_BL-04_open_close__OAT_cross_timing-today_ma: ok fills=302 (57.6s)
[1064/4086] BANK2_BL-04_prev_close_le__ref: ok fills=270 (53.0s)
[1065/4086] BANK2_BL-04_prev_close_le__T_input_field-adjusted_rsi_exit-level_rsi_smoothing-wilder_same_bar_reentry-wait_bar_warmup-strict: ok fills=266 (50.0s)
[1066/4086] BANK2_BL-04_prev_close_le__T_input_field-raw_rsi_exit-level_rsi_smoothing-wilder_same_bar_reentry-wait_bar_warmup-strict: ok fills=278 (59.0s)
[1067/4086] BANK2_BL-04_prev_close_le__T_input_field-raw_rsi_exit-level_rsi_smoothing-wilder_same_bar_reentry-allowed_warmup-ready_check: ok fills=276 (48.5s)
[1068/4086] BANK2_BL-04_prev_close_le__T_input_field-raw_rsi_exit-level_rsi_smoothing-wilder_same_bar_reentry-allowed_warmup-strict: ok fills=280 (61.9s)
[1069/4086] BANK2_BL-04_prev_close_le__T_input_field-adjusted_rsi_exit-level_rsi_smoothing-wilder_same_bar_reentry-allowed_warmup-ready_check: ok fills=266 (51.3s)
[1070/4086] BANK2_BL-04_prev_close_le__T_input_field-adjusted_rsi_exit-level_rsi_smoothing-wilder_same_bar_reentry-wait_bar_warmup-ready_check: ok fills=262 (56.4s)
[1071/4086] BANK2_BL-04_prev_close_le__T_input_field-adjusted_rsi_exit-level_rsi_smoothing-wilder_same_bar_reentry-wait_bar_warmup-ready_per_rule: exit=1 fills=None (10.3s)
[1072/4086] BANK2_BL-04_prev_close_le__T_input_field-raw_rsi_exit-level_rsi_smoothing-wilder_same_bar_reentry-wait_bar_warmup-ready_check: ok fills=274 (53.8s)
[1073/4086] BANK2_BL-04_prev_close_le__T_input_field-adjusted_rsi_exit-level_rsi_smoothing-wilder_same_bar_reentry-allowed_warmup-ready_per_rule: ok fills=270 (57.8s)
[1074/4086] BANK2_BL-04_prev_close_le__T_input_field-raw_rsi_exit-level_rsi_smoothing-wilder_same_bar_reentry-allowed_warmup-ready_per_rule: ok fills=280 (53.2s)
[1075/4086] BANK2_BL-04_prev_close_le__T_input_field-raw_rsi_exit-level_rsi_smoothing-wilder_same_bar_reentry-wait_bar_warmup-ready_per_rule: ok fills=278 (47.4s)
[1076/4086] BANK2_BL-04_prev_close_le__T_input_field-raw_rsi_exit-cross_rsi_smoothing-wilder_same_bar_reentry-allowed_warmup-strict: ok fills=264 (50.0s)
[1077/4086] BANK2_BL-04_prev_close_le__T_input_field-adjusted_rsi_exit-cross_rsi_smoothing-wilder_same_bar_reentry-allowed_warmup-strict: ok fills=250 (57.2s)
[1078/4086] BANK2_BL-04_prev_close_le__T_input_field-raw_rsi_exit-cross_rsi_smoothing-wilder_same_bar_reentry-wait_bar_warmup-strict: ok fills=264 (52.0s)
[1079/4086] BANK2_BL-04_prev_close_le__T_input_field-adjusted_rsi_exit-cross_rsi_smoothing-wilder_same_bar_reentry-wait_bar_warmup-strict: ok fills=250 (52.3s)
[1080/4086] BANK2_BL-04_prev_close_le__T_input_field-adjusted_rsi_exit-cross_rsi_smoothing-wilder_same_bar_reentry-allowed_warmup-ready_check: ok fills=246 (43.1s)
[1081/4086] BANK2_BL-04_prev_close_le__T_input_field-raw_rsi_exit-cross_rsi_smoothing-wilder_same_bar_reentry-allowed_warmup-ready_check: ok fills=260 (47.0s)
[1082/4086] BANK2_BL-04_prev_close_le__T_input_field-adjusted_rsi_exit-cross_rsi_smoothing-wilder_same_bar_reentry-wait_bar_warmup-ready_check: ok fills=246 (51.7s)
[1083/4086] BANK2_BL-04_prev_close_le__T_input_field-raw_rsi_exit-cross_rsi_smoothing-wilder_same_bar_reentry-wait_bar_warmup-ready_check: ok fills=260 (47.7s)
[1084/4086] BANK2_BL-04_prev_close_le__T_input_field-adjusted_rsi_exit-cross_rsi_smoothing-wilder_same_bar_reentry-allowed_warmup-ready_per_rule: ok fills=250 (51.0s)
[1085/4086] BANK2_BL-04_prev_close_le__T_input_field-raw_rsi_exit-cross_rsi_smoothing-wilder_same_bar_reentry-allowed_warmup-ready_per_rule: ok fills=264 (54.3s)
[1086/4086] BANK2_BL-04_prev_close_le__T_input_field-adjusted_rsi_exit-cross_rsi_smoothing-wilder_same_bar_reentry-wait_bar_warmup-ready_per_rule: ok fills=250 (54.5s)
[1087/4086] BANK2_BL-04_prev_close_le__T_input_field-raw_rsi_exit-cross_rsi_smoothing-wilder_same_bar_reentry-wait_bar_warmup-ready_per_rule: ok fills=264 (54.5s)
[1088/4086] BANK2_BL-04_prev_close_le__T_input_field-adjusted_rsi_exit-level_rsi_smoothing-simple_same_bar_reentry-allowed_warmup-strict: ok fills=320 (55.1s)
[1089/4086] BANK2_BL-04_prev_close_le__T_input_field-raw_rsi_exit-level_rsi_smoothing-simple_same_bar_reentry-allowed_warmup-strict: ok fills=338 (47.3s)
[1090/4086] BANK2_BL-04_prev_close_le__T_input_field-adjusted_rsi_exit-level_rsi_smoothing-simple_same_bar_reentry-wait_bar_warmup-strict: ok fills=306 (47.8s)
[1091/4086] BANK2_BL-04_prev_close_le__T_input_field-raw_rsi_exit-level_rsi_smoothing-simple_same_bar_reentry-wait_bar_warmup-strict: ok fills=324 (55.3s)
[1092/4086] BANK2_BL-04_prev_close_le__T_input_field-adjusted_rsi_exit-level_rsi_smoothing-simple_same_bar_reentry-allowed_warmup-ready_check: ok fills=306 (49.0s)
[1093/4086] BANK2_BL-04_prev_close_le__T_input_field-raw_rsi_exit-level_rsi_smoothing-simple_same_bar_reentry-allowed_warmup-ready_check: ok fills=324 (56.0s)
[1094/4086] BANK2_BL-04_prev_close_le__T_input_field-adjusted_rsi_exit-level_rsi_smoothing-simple_same_bar_reentry-wait_bar_warmup-ready_check: ok fills=296 (53.3s)
[1095/4086] BANK2_BL-04_prev_close_le__T_input_field-raw_rsi_exit-level_rsi_smoothing-simple_same_bar_reentry-wait_bar_warmup-ready_check: ok fills=314 (53.9s)
[1096/4086] BANK2_BL-04_prev_close_le__T_input_field-raw_rsi_exit-level_rsi_smoothing-simple_same_bar_reentry-allowed_warmup-ready_per_rule: ok fills=336 (50.3s)
[1097/4086] BANK2_BL-04_prev_close_le__T_input_field-adjusted_rsi_exit-level_rsi_smoothing-simple_same_bar_reentry-allowed_warmup-ready_per_rule: ok fills=318 (53.7s)
[1098/4086] BANK2_BL-04_prev_close_le__T_input_field-adjusted_rsi_exit-level_rsi_smoothing-simple_same_bar_reentry-wait_bar_warmup-ready_per_rule: ok fills=304 (46.7s)
[1099/4086] BANK2_BL-04_prev_close_le__T_input_field-raw_rsi_exit-level_rsi_smoothing-simple_same_bar_reentry-wait_bar_warmup-ready_per_rule: ok fills=322 (49.7s)
[1100/4086] BANK2_BL-04_prev_close_le__T_input_field-adjusted_rsi_exit-cross_rsi_smoothing-simple_same_bar_reentry-allowed_warmup-strict: ok fills=270 (47.8s)
[1101/4086] BANK2_BL-04_prev_close_le__T_input_field-adjusted_rsi_exit-cross_rsi_smoothing-simple_same_bar_reentry-wait_bar_warmup-strict: ok fills=270 (46.3s)
[1102/4086] BANK2_BL-04_prev_close_le__T_input_field-raw_rsi_exit-cross_rsi_smoothing-simple_same_bar_reentry-allowed_warmup-strict: ok fills=290 (48.8s)
[1103/4086] BANK2_BL-04_prev_close_le__T_input_field-raw_rsi_exit-cross_rsi_smoothing-simple_same_bar_reentry-wait_bar_warmup-strict: ok fills=290 (50.0s)
[1104/4086] BANK2_BL-04_prev_close_le__T_input_field-raw_rsi_exit-cross_rsi_smoothing-simple_same_bar_reentry-allowed_warmup-ready_check: ok fills=282 (51.1s)
[1105/4086] BANK2_BL-04_prev_close_le__T_input_field-adjusted_rsi_exit-cross_rsi_smoothing-simple_same_bar_reentry-allowed_warmup-ready_check: ok fills=262 (51.7s)
[1106/4086] BANK2_BL-04_prev_close_le__T_input_field-adjusted_rsi_exit-cross_rsi_smoothing-simple_same_bar_reentry-wait_bar_warmup-ready_check: ok fills=262 (52.9s)
[1107/4086] BANK2_BL-04_prev_close_le__T_input_field-raw_rsi_exit-cross_rsi_smoothing-simple_same_bar_reentry-wait_bar_warmup-ready_check: ok fills=282 (50.1s)
[1108/4086] BANK2_BL-04_prev_close_le__T_input_field-adjusted_rsi_exit-cross_rsi_smoothing-simple_same_bar_reentry-allowed_warmup-ready_per_rule: ok fills=268 (52.4s)
[1109/4086] BANK2_BL-04_prev_close_le__T_input_field-raw_rsi_exit-cross_rsi_smoothing-simple_same_bar_reentry-allowed_warmup-ready_per_rule: ok fills=288 (47.9s)
[1110/4086] BANK2_BL-04_prev_close_le__T_input_field-adjusted_rsi_exit-cross_rsi_smoothing-simple_same_bar_reentry-wait_bar_warmup-ready_per_rule: ok fills=268 (48.3s)
[1111/4086] BANK2_BL-04_prev_close_le__T_input_field-raw_rsi_exit-cross_rsi_smoothing-simple_same_bar_reentry-wait_bar_warmup-ready_per_rule: ok fills=288 (47.9s)
[1112/4086] BANK2_BL-04_prev_close_le__OAT_a_exec-set_holdings: ok fills=270 (46.7s)
[1113/4086] BANK2_BL-04_prev_close_le__OAT_cross_timing-today_ma: ok fills=266 (47.6s)
[1114/4086] BANK2_BL-04_prev_close_le__SPOT_all_excluded_off: ok fills=266 (46.9s)
[1115/4086] BANK2_BL-05_d2__ref: ok fills=416 (48.4s)
[1116/4086] BANK2_BL-05_d2__T_input_field-raw_rsi_exit-level_rsi_smoothing-wilder_same_bar_reentry-allowed_warmup-strict: ok fills=420 (50.8s)
[1117/4086] BANK2_BL-05_d2__T_input_field-raw_rsi_exit-level_rsi_smoothing-wilder_same_bar_reentry-wait_bar_warmup-strict: ok fills=398 (50.8s)
[1118/4086] BANK2_BL-05_d2__T_input_field-adjusted_rsi_exit-level_rsi_smoothing-wilder_same_bar_reentry-wait_bar_warmup-strict: ok fills=390 (55.8s)
[1119/4086] BANK2_BL-05_d2__T_input_field-adjusted_rsi_exit-level_rsi_smoothing-wilder_same_bar_reentry-allowed_warmup-ready_check: ok fills=410 (53.2s)
[1120/4086] BANK2_BL-05_d2__T_input_field-adjusted_rsi_exit-level_rsi_smoothing-wilder_same_bar_reentry-wait_bar_warmup-ready_check: ok fills=384 (45.7s)
[1121/4086] BANK2_BL-05_d2__T_input_field-raw_rsi_exit-level_rsi_smoothing-wilder_same_bar_reentry-allowed_warmup-ready_check: ok fills=414 (50.6s)
[1122/4086] BANK2_BL-05_d2__T_input_field-raw_rsi_exit-level_rsi_smoothing-wilder_same_bar_reentry-wait_bar_warmup-ready_check: ok fills=392 (44.9s)
[1123/4086] BANK2_BL-05_d2__T_input_field-adjusted_rsi_exit-level_rsi_smoothing-wilder_same_bar_reentry-allowed_warmup-ready_per_rule: ok fills=416 (47.0s)
[1124/4086] BANK2_BL-05_d2__T_input_field-raw_rsi_exit-level_rsi_smoothing-wilder_same_bar_reentry-allowed_warmup-ready_per_rule: ok fills=420 (48.1s)
[1125/4086] BANK2_BL-05_d2__T_input_field-adjusted_rsi_exit-level_rsi_smoothing-wilder_same_bar_reentry-wait_bar_warmup-ready_per_rule: ok fills=390 (46.7s)
[1126/4086] BANK2_BL-05_d2__T_input_field-raw_rsi_exit-level_rsi_smoothing-wilder_same_bar_reentry-wait_bar_warmup-ready_per_rule: ok fills=398 (48.9s)
[1127/4086] BANK2_BL-05_d2__T_input_field-adjusted_rsi_exit-cross_rsi_smoothing-wilder_same_bar_reentry-allowed_warmup-strict: ok fills=298 (49.1s)
[1128/4086] BANK2_BL-05_d2__T_input_field-raw_rsi_exit-cross_rsi_smoothing-wilder_same_bar_reentry-allowed_warmup-strict: ok fills=310 (44.4s)
[1129/4086] BANK2_BL-05_d2__T_input_field-raw_rsi_exit-cross_rsi_smoothing-wilder_same_bar_reentry-wait_bar_warmup-ready_check: exit=1 fills=None (10.6s)
[1130/4086] BANK2_BL-05_d2__T_input_field-adjusted_rsi_exit-cross_rsi_smoothing-wilder_same_bar_reentry-wait_bar_warmup-strict: ok fills=298 (49.2s)
[1131/4086] BANK2_BL-05_d2__T_input_field-raw_rsi_exit-cross_rsi_smoothing-wilder_same_bar_reentry-wait_bar_warmup-strict: ok fills=310 (46.0s)
[1132/4086] BANK2_BL-05_d2__T_input_field-adjusted_rsi_exit-cross_rsi_smoothing-wilder_same_bar_reentry-allowed_warmup-ready_check: ok fills=294 (44.4s)
[1133/4086] BANK2_BL-05_d2__T_input_field-raw_rsi_exit-cross_rsi_smoothing-wilder_same_bar_reentry-wait_bar_warmup-ready_per_rule: exit=1 fills=None (10.6s)
[1134/4086] BANK2_BL-05_d2__T_input_field-raw_rsi_exit-cross_rsi_smoothing-wilder_same_bar_reentry-allowed_warmup-ready_check: ok fills=306 (47.1s)
[1135/4086] BANK2_BL-05_d2__T_input_field-raw_rsi_exit-level_rsi_smoothing-simple_same_bar_reentry-allowed_warmup-strict: exit=1 fills=None (8.7s)
[1136/4086] BANK2_BL-05_d2__T_input_field-adjusted_rsi_exit-cross_rsi_smoothing-wilder_same_bar_reentry-wait_bar_warmup-ready_check: ok fills=294 (51.8s)
[1137/4086] BANK2_BL-05_d2__T_input_field-adjusted_rsi_exit-cross_rsi_smoothing-wilder_same_bar_reentry-allowed_warmup-ready_per_rule: ok fills=298 (49.4s)
[1138/4086] BANK2_BL-05_d2__T_input_field-raw_rsi_exit-cross_rsi_smoothing-wilder_same_bar_reentry-allowed_warmup-ready_per_rule: ok fills=310 (51.1s)
[1139/4086] BANK2_BL-05_d2__T_input_field-adjusted_rsi_exit-cross_rsi_smoothing-wilder_same_bar_reentry-wait_bar_warmup-ready_per_rule: ok fills=298 (47.8s)
[1140/4086] BANK2_BL-05_d2__T_input_field-adjusted_rsi_exit-level_rsi_smoothing-simple_same_bar_reentry-allowed_warmup-strict: ok fills=516 (48.6s)
[1141/4086] BANK2_BL-05_d2__T_input_field-adjusted_rsi_exit-level_rsi_smoothing-simple_same_bar_reentry-wait_bar_warmup-ready_check: exit=1 fills=None (9.6s)
[1142/4086] BANK2_BL-05_d2__T_input_field-adjusted_rsi_exit-level_rsi_smoothing-simple_same_bar_reentry-wait_bar_warmup-strict: ok fills=458 (42.5s)
[1143/4086] BANK2_BL-05_d2__T_input_field-adjusted_rsi_exit-level_rsi_smoothing-simple_same_bar_reentry-allowed_warmup-ready_check: ok fills=494 (46.6s)
[1144/4086] BANK2_BL-05_d2__T_input_field-raw_rsi_exit-level_rsi_smoothing-simple_same_bar_reentry-wait_bar_warmup-strict: ok fills=476 (47.8s)
[1145/4086] BANK2_BL-05_d2__T_input_field-raw_rsi_exit-level_rsi_smoothing-simple_same_bar_reentry-allowed_warmup-ready_check: ok fills=510 (46.4s)
[1146/4086] BANK2_BL-05_d2__T_input_field-raw_rsi_exit-level_rsi_smoothing-simple_same_bar_reentry-wait_bar_warmup-ready_check: ok fills=458 (47.9s)
[1147/4086] BANK2_BL-05_d2__T_input_field-adjusted_rsi_exit-cross_rsi_smoothing-simple_same_bar_reentry-wait_bar_warmup-strict: exit=1 fills=None (8.3s)
[1148/4086] BANK2_BL-05_d2__T_input_field-raw_rsi_exit-level_rsi_smoothing-simple_same_bar_reentry-allowed_warmup-ready_per_rule: ok fills=528 (46.1s)
[1149/4086] BANK2_BL-05_d2__T_input_field-adjusted_rsi_exit-level_rsi_smoothing-simple_same_bar_reentry-allowed_warmup-ready_per_rule: ok fills=512 (52.4s)
[1150/4086] BANK2_BL-05_d2__T_input_field-raw_rsi_exit-cross_rsi_smoothing-simple_same_bar_reentry-wait_bar_warmup-strict: exit=1 fills=None (9.0s)
[1151/4086] BANK2_BL-05_d2__T_input_field-adjusted_rsi_exit-level_rsi_smoothing-simple_same_bar_reentry-wait_bar_warmup-ready_per_rule: ok fills=454 (52.5s)
[1152/4086] BANK2_BL-05_d2__T_input_field-raw_rsi_exit-level_rsi_smoothing-simple_same_bar_reentry-wait_bar_warmup-ready_per_rule: ok fills=472 (49.5s)
[1153/4086] BANK2_BL-05_d2__T_input_field-adjusted_rsi_exit-cross_rsi_smoothing-simple_same_bar_reentry-allowed_warmup-ready_check: exit=1 fills=None (12.1s)
[1154/4086] BANK2_BL-05_d2__T_input_field-adjusted_rsi_exit-cross_rsi_smoothing-simple_same_bar_reentry-allowed_warmup-strict: ok fills=322 (46.8s)
[1155/4086] BANK2_BL-05_d2__T_input_field-raw_rsi_exit-cross_rsi_smoothing-simple_same_bar_reentry-allowed_warmup-strict: ok fills=342 (46.5s)
[1156/4086] BANK2_BL-05_d2__T_input_field-raw_rsi_exit-cross_rsi_smoothing-simple_same_bar_reentry-allowed_warmup-ready_check: ok fills=332 (43.2s)
[1157/4086] BANK2_BL-05_d2__T_input_field-adjusted_rsi_exit-cross_rsi_smoothing-simple_same_bar_reentry-allowed_warmup-ready_per_rule: ok fills=320 (41.5s)
[1158/4086] BANK2_BL-05_d2__T_input_field-raw_rsi_exit-cross_rsi_smoothing-simple_same_bar_reentry-wait_bar_warmup-ready_check: ok fills=326 (46.1s)
[1159/4086] BANK2_BL-05_d2__T_input_field-adjusted_rsi_exit-cross_rsi_smoothing-simple_same_bar_reentry-wait_bar_warmup-ready_per_rule: ok fills=314 (43.7s)
[1160/4086] BANK2_BL-05_d2__T_input_field-raw_rsi_exit-cross_rsi_smoothing-simple_same_bar_reentry-allowed_warmup-ready_per_rule: ok fills=340 (46.7s)
[1161/4086] BANK2_BL-05_d2__T_input_field-adjusted_rsi_exit-cross_rsi_smoothing-simple_same_bar_reentry-wait_bar_warmup-ready_check: ok fills=306 (50.5s)
[1162/4086] BANK2_BL-05_d2__OAT_a_exec-set_holdings: ok fills=416 (45.7s)
[1163/4086] BANK2_BL-05_d2__T_input_field-raw_rsi_exit-cross_rsi_smoothing-simple_same_bar_reentry-wait_bar_warmup-ready_per_rule: ok fills=334 (46.5s)
[1164/4086] BANK2_BL-05_d3__ref: exit=1 fills=None (14.1s)
[1165/4086] BANK2_BL-05_d2__OAT_cross_timing-today_ma: ok fills=412 (51.7s)
[1166/4086] BANK2_BL-05_d3__T_input_field-raw_rsi_exit-level_rsi_smoothing-wilder_same_bar_reentry-allowed_warmup-strict: ok fills=280 (46.8s)
[1167/4086] BANK2_BL-05_d2__SPOT_all_excluded_off: ok fills=412 (50.5s)
[1168/4086] BANK2_BL-05_d3__T_input_field-adjusted_rsi_exit-level_rsi_smoothing-wilder_same_bar_reentry-wait_bar_warmup-strict: ok fills=266 (47.1s)
[1169/4086] BANK2_BL-05_d3__T_input_field-raw_rsi_exit-level_rsi_smoothing-wilder_same_bar_reentry-wait_bar_warmup-strict: ok fills=278 (48.9s)
[1170/4086] BANK2_BL-05_d3__T_input_field-adjusted_rsi_exit-level_rsi_smoothing-wilder_same_bar_reentry-wait_bar_warmup-ready_check: ok fills=262 (47.4s)
[1171/4086] BANK2_BL-05_d3__T_input_field-adjusted_rsi_exit-level_rsi_smoothing-wilder_same_bar_reentry-allowed_warmup-ready_check: ok fills=266 (48.9s)
[1172/4086] BANK2_BL-05_d3__T_input_field-raw_rsi_exit-level_rsi_smoothing-wilder_same_bar_reentry-allowed_warmup-ready_check: ok fills=276 (48.8s)
[1173/4086] BANK2_BL-05_d3__T_input_field-raw_rsi_exit-level_rsi_smoothing-wilder_same_bar_reentry-wait_bar_warmup-ready_check: ok fills=274 (51.4s)
[1174/4086] BANK2_BL-05_d3__T_input_field-raw_rsi_exit-level_rsi_smoothing-wilder_same_bar_reentry-allowed_warmup-ready_per_rule: ok fills=280 (51.6s)
[1175/4086] BANK2_BL-05_d3__T_input_field-adjusted_rsi_exit-level_rsi_smoothing-wilder_same_bar_reentry-allowed_warmup-ready_per_rule: ok fills=270 (52.0s)
[1176/4086] BANK2_BL-05_d3__T_input_field-raw_rsi_exit-level_rsi_smoothing-wilder_same_bar_reentry-wait_bar_warmup-ready_per_rule: ok fills=278 (55.4s)
[1177/4086] BANK2_BL-05_d3__T_input_field-raw_rsi_exit-cross_rsi_smoothing-wilder_same_bar_reentry-allowed_warmup-strict: ok fills=264 (48.3s)
[1178/4086] BANK2_BL-05_d3__T_input_field-adjusted_rsi_exit-cross_rsi_smoothing-wilder_same_bar_reentry-allowed_warmup-strict: ok fills=250 (49.9s)
[1179/4086] BANK2_BL-05_d3__T_input_field-adjusted_rsi_exit-cross_rsi_smoothing-wilder_same_bar_reentry-wait_bar_warmup-strict: ok fills=250 (51.5s)
[1180/4086] BANK2_BL-05_d3__T_input_field-raw_rsi_exit-cross_rsi_smoothing-wilder_same_bar_reentry-wait_bar_warmup-strict: ok fills=264 (43.4s)
[1181/4086] BANK2_BL-05_d3__T_input_field-adjusted_rsi_exit-cross_rsi_smoothing-wilder_same_bar_reentry-allowed_warmup-ready_check: ok fills=246 (41.8s)
[1182/4086] BANK2_BL-05_d3__T_input_field-raw_rsi_exit-cross_rsi_smoothing-wilder_same_bar_reentry-allowed_warmup-ready_check: ok fills=260 (48.7s)
[1183/4086] BANK2_BL-05_d3__T_input_field-raw_rsi_exit-cross_rsi_smoothing-wilder_same_bar_reentry-wait_bar_warmup-ready_check: ok fills=260 (43.8s)
[1184/4086] BANK2_BL-05_d3__T_input_field-adjusted_rsi_exit-cross_rsi_smoothing-wilder_same_bar_reentry-wait_bar_warmup-ready_check: ok fills=246 (46.7s)
[1185/4086] BANK2_BL-05_d3__T_input_field-raw_rsi_exit-cross_rsi_smoothing-wilder_same_bar_reentry-allowed_warmup-ready_per_rule: ok fills=264 (49.9s)
[1186/4086] BANK2_BL-05_d3__T_input_field-adjusted_rsi_exit-cross_rsi_smoothing-wilder_same_bar_reentry-allowed_warmup-ready_per_rule: ok fills=250 (49.5s)
[1187/4086] BANK2_BL-05_d3__T_input_field-adjusted_rsi_exit-cross_rsi_smoothing-wilder_same_bar_reentry-wait_bar_warmup-ready_per_rule: ok fills=250 (46.3s)
[1188/4086] BANK2_BL-05_d3__T_input_field-raw_rsi_exit-cross_rsi_smoothing-wilder_same_bar_reentry-wait_bar_warmup-ready_per_rule: ok fills=264 (50.7s)
[1189/4086] BANK2_BL-05_d3__T_input_field-adjusted_rsi_exit-level_rsi_smoothing-simple_same_bar_reentry-wait_bar_warmup-strict: ok fills=306 (39.0s)
[1190/4086] BANK2_BL-05_d3__T_input_field-adjusted_rsi_exit-level_rsi_smoothing-simple_same_bar_reentry-allowed_warmup-strict: ok fills=320 (45.9s)
[1191/4086] BANK2_BL-05_d3__T_input_field-raw_rsi_exit-level_rsi_smoothing-simple_same_bar_reentry-allowed_warmup-strict: ok fills=338 (51.9s)
[1192/4086] BANK2_BL-05_d3__T_input_field-adjusted_rsi_exit-level_rsi_smoothing-simple_same_bar_reentry-allowed_warmup-ready_per_rule: exit=1 fills=None (12.0s)
[1193/4086] BANK2_BL-05_d3__T_input_field-adjusted_rsi_exit-level_rsi_smoothing-simple_same_bar_reentry-allowed_warmup-ready_check: ok fills=306 (47.5s)
[1194/4086] BANK2_BL-05_d3__T_input_field-raw_rsi_exit-level_rsi_smoothing-simple_same_bar_reentry-wait_bar_warmup-strict: ok fills=324 (49.7s)
[1195/4086] BANK2_BL-05_d3__T_input_field-raw_rsi_exit-level_rsi_smoothing-simple_same_bar_reentry-allowed_warmup-ready_check: ok fills=324 (48.2s)
[1196/4086] BANK2_BL-05_d3__T_input_field-adjusted_rsi_exit-level_rsi_smoothing-simple_same_bar_reentry-wait_bar_warmup-ready_check: ok fills=296 (45.7s)
[1197/4086] BANK2_BL-05_d3__T_input_field-raw_rsi_exit-level_rsi_smoothing-simple_same_bar_reentry-wait_bar_warmup-ready_check: ok fills=314 (45.6s)
[1198/4086] BANK2_BL-05_d3__T_input_field-adjusted_rsi_exit-level_rsi_smoothing-simple_same_bar_reentry-wait_bar_warmup-ready_per_rule: ok fills=304 (40.4s)
[1199/4086] BANK2_BL-05_d3__T_input_field-raw_rsi_exit-level_rsi_smoothing-simple_same_bar_reentry-allowed_warmup-ready_per_rule: ok fills=336 (52.6s)
[1200/4086] BANK2_BL-05_d3__T_input_field-raw_rsi_exit-level_rsi_smoothing-simple_same_bar_reentry-wait_bar_warmup-ready_per_rule: ok fills=322 (47.2s)
[1201/4086] BANK2_BL-05_d3__T_input_field-adjusted_rsi_exit-cross_rsi_smoothing-simple_same_bar_reentry-allowed_warmup-strict: ok fills=270 (45.4s)
[1202/4086] BANK2_BL-05_d3__T_input_field-raw_rsi_exit-cross_rsi_smoothing-simple_same_bar_reentry-allowed_warmup-strict: ok fills=290 (48.5s)
[1203/4086] BANK2_BL-05_d3__T_input_field-raw_rsi_exit-cross_rsi_smoothing-simple_same_bar_reentry-wait_bar_warmup-strict: ok fills=290 (47.5s)
[1204/4086] BANK2_BL-05_d3__T_input_field-adjusted_rsi_exit-cross_rsi_smoothing-simple_same_bar_reentry-wait_bar_warmup-strict: ok fills=270 (49.8s)
[1205/4086] BANK2_BL-05_d3__T_input_field-adjusted_rsi_exit-cross_rsi_smoothing-simple_same_bar_reentry-allowed_warmup-ready_check: ok fills=262 (45.6s)
[1206/4086] BANK2_BL-05_d3__T_input_field-adjusted_rsi_exit-cross_rsi_smoothing-simple_same_bar_reentry-wait_bar_warmup-ready_per_rule: exit=1 fills=None (5.0s)
[1207/4086] BANK2_BL-05_d3__T_input_field-adjusted_rsi_exit-cross_rsi_smoothing-simple_same_bar_reentry-wait_bar_warmup-ready_check: ok fills=262 (44.2s)
[1208/4086] BANK2_BL-05_d3__OAT_a_exec-set_holdings: exit=1 fills=None (10.3s)
[1209/4086] BANK2_BL-05_d3__T_input_field-raw_rsi_exit-cross_rsi_smoothing-simple_same_bar_reentry-allowed_warmup-ready_check: ok fills=282 (46.2s)
[1210/4086] BANK2_BL-05_d3__T_input_field-raw_rsi_exit-cross_rsi_smoothing-simple_same_bar_reentry-wait_bar_warmup-ready_check: ok fills=282 (46.5s)
[1211/4086] BANK2_BL-05_d3__T_input_field-adjusted_rsi_exit-cross_rsi_smoothing-simple_same_bar_reentry-allowed_warmup-ready_per_rule: ok fills=268 (50.8s)
[1212/4086] BANK2_BL-05_d3__T_input_field-raw_rsi_exit-cross_rsi_smoothing-simple_same_bar_reentry-allowed_warmup-ready_per_rule: ok fills=288 (47.7s)
[1213/4086] BANK2_BL-05_d3__T_input_field-raw_rsi_exit-cross_rsi_smoothing-simple_same_bar_reentry-wait_bar_warmup-ready_per_rule: ok fills=288 (44.8s)
[1214/4086] BANK2_BL-05_d3__OAT_cross_timing-today_ma: ok fills=266 (44.5s)
[1215/4086] BANK2_BL-05_d3__SPOT_all_excluded_off: ok fills=266 (46.8s)
[1216/4086] BANK2_BL-05_d4__T_input_field-raw_rsi_exit-level_rsi_smoothing-wilder_same_bar_reentry-allowed_warmup-strict: ok fills=210 (46.2s)
[1217/4086] BANK2_BL-05_d4__ref: ok fills=194 (49.6s)
[1218/4086] BANK2_BL-05_d4__T_input_field-raw_rsi_exit-level_rsi_smoothing-wilder_same_bar_reentry-wait_bar_warmup-strict: ok fills=210 (40.2s)
[1219/4086] BANK2_BL-05_d4__T_input_field-adjusted_rsi_exit-level_rsi_smoothing-wilder_same_bar_reentry-wait_bar_warmup-strict: ok fills=194 (42.2s)
[1220/4086] BANK2_BL-05_d4__T_input_field-adjusted_rsi_exit-level_rsi_smoothing-wilder_same_bar_reentry-allowed_warmup-ready_check: ok fills=190 (41.3s)
[1221/4086] BANK2_BL-05_d4__T_input_field-raw_rsi_exit-level_rsi_smoothing-wilder_same_bar_reentry-allowed_warmup-ready_check: ok fills=206 (45.5s)
[1222/4086] BANK2_BL-05_d4__T_input_field-adjusted_rsi_exit-level_rsi_smoothing-wilder_same_bar_reentry-wait_bar_warmup-ready_check: ok fills=190 (45.9s)
[1223/4086] BANK2_BL-05_d4__T_input_field-adjusted_rsi_exit-level_rsi_smoothing-wilder_same_bar_reentry-allowed_warmup-ready_per_rule: ok fills=194 (45.5s)
[1224/4086] BANK2_BL-05_d4__T_input_field-raw_rsi_exit-level_rsi_smoothing-wilder_same_bar_reentry-wait_bar_warmup-ready_check: ok fills=206 (50.6s)
[1225/4086] BANK2_BL-05_d4__T_input_field-raw_rsi_exit-level_rsi_smoothing-wilder_same_bar_reentry-allowed_warmup-ready_per_rule: ok fills=210 (45.8s)
[1226/4086] BANK2_BL-05_d4__T_input_field-adjusted_rsi_exit-level_rsi_smoothing-wilder_same_bar_reentry-wait_bar_warmup-ready_per_rule: ok fills=194 (46.5s)
[1227/4086] BANK2_BL-05_d4__T_input_field-raw_rsi_exit-level_rsi_smoothing-wilder_same_bar_reentry-wait_bar_warmup-ready_per_rule: ok fills=210 (45.5s)
[1228/4086] BANK2_BL-05_d4__T_input_field-adjusted_rsi_exit-cross_rsi_smoothing-wilder_same_bar_reentry-allowed_warmup-strict: ok fills=192 (39.9s)
[1229/4086] BANK2_BL-05_d4__T_input_field-raw_rsi_exit-cross_rsi_smoothing-wilder_same_bar_reentry-allowed_warmup-strict: ok fills=208 (42.8s)
[1230/4086] BANK2_BL-05_d4__T_input_field-adjusted_rsi_exit-cross_rsi_smoothing-wilder_same_bar_reentry-wait_bar_warmup-strict: ok fills=192 (42.2s)
[1231/4086] BANK2_BL-05_d4__T_input_field-raw_rsi_exit-cross_rsi_smoothing-wilder_same_bar_reentry-wait_bar_warmup-strict: ok fills=208 (44.2s)
[1232/4086] BANK2_BL-05_d4__T_input_field-raw_rsi_exit-cross_rsi_smoothing-wilder_same_bar_reentry-allowed_warmup-ready_check: ok fills=204 (47.7s)
[1233/4086] BANK2_BL-05_d4__T_input_field-adjusted_rsi_exit-cross_rsi_smoothing-wilder_same_bar_reentry-allowed_warmup-ready_check: ok fills=188 (50.0s)
[1234/4086] BANK2_BL-05_d4__T_input_field-adjusted_rsi_exit-cross_rsi_smoothing-wilder_same_bar_reentry-wait_bar_warmup-ready_check: ok fills=188 (51.3s)
[1235/4086] BANK2_BL-05_d4__T_input_field-raw_rsi_exit-cross_rsi_smoothing-wilder_same_bar_reentry-wait_bar_warmup-ready_check: ok fills=204 (43.4s)
[1236/4086] BANK2_BL-05_d4__T_input_field-raw_rsi_exit-cross_rsi_smoothing-wilder_same_bar_reentry-allowed_warmup-ready_per_rule: ok fills=208 (43.2s)
[1237/4086] BANK2_BL-05_d4__T_input_field-adjusted_rsi_exit-cross_rsi_smoothing-wilder_same_bar_reentry-allowed_warmup-ready_per_rule: ok fills=192 (50.9s)
[1238/4086] BANK2_BL-05_d4__T_input_field-adjusted_rsi_exit-cross_rsi_smoothing-wilder_same_bar_reentry-wait_bar_warmup-ready_per_rule: ok fills=192 (43.9s)
[1239/4086] BANK2_BL-05_d4__T_input_field-raw_rsi_exit-cross_rsi_smoothing-wilder_same_bar_reentry-wait_bar_warmup-ready_per_rule: ok fills=208 (47.0s)
[1240/4086] BANK2_BL-05_d4__T_input_field-adjusted_rsi_exit-level_rsi_smoothing-simple_same_bar_reentry-allowed_warmup-strict: ok fills=223 (49.2s)
[1241/4086] BANK2_BL-05_d4__T_input_field-adjusted_rsi_exit-level_rsi_smoothing-simple_same_bar_reentry-wait_bar_warmup-strict: ok fills=219 (45.1s)
[1242/4086] BANK2_BL-05_d4__T_input_field-raw_rsi_exit-level_rsi_smoothing-simple_same_bar_reentry-allowed_warmup-strict: ok fills=243 (47.7s)
[1243/4086] BANK2_BL-05_d4__T_input_field-raw_rsi_exit-level_rsi_smoothing-simple_same_bar_reentry-wait_bar_warmup-strict: ok fills=239 (46.3s)
[1244/4086] BANK2_BL-05_d4__T_input_field-adjusted_rsi_exit-level_rsi_smoothing-simple_same_bar_reentry-allowed_warmup-ready_per_rule: exit=1 fills=None (11.2s)
[1245/4086] BANK2_BL-05_d4__T_input_field-adjusted_rsi_exit-level_rsi_smoothing-simple_same_bar_reentry-allowed_warmup-ready_check: ok fills=211 (46.2s)
[1246/4086] BANK2_BL-05_d4__T_input_field-raw_rsi_exit-level_rsi_smoothing-simple_same_bar_reentry-allowed_warmup-ready_check: ok fills=231 (47.6s)
[1247/4086] BANK2_BL-05_d4__T_input_field-adjusted_rsi_exit-level_rsi_smoothing-simple_same_bar_reentry-wait_bar_warmup-ready_check: ok fills=209 (38.7s)
[1248/4086] BANK2_BL-05_d4__T_input_field-raw_rsi_exit-level_rsi_smoothing-simple_same_bar_reentry-wait_bar_warmup-ready_check: ok fills=229 (44.2s)
[1249/4086] BANK2_BL-05_d4__T_input_field-raw_rsi_exit-level_rsi_smoothing-simple_same_bar_reentry-allowed_warmup-ready_per_rule: ok fills=241 (42.5s)
[1250/4086] BANK2_BL-05_d4__T_input_field-adjusted_rsi_exit-level_rsi_smoothing-simple_same_bar_reentry-wait_bar_warmup-ready_per_rule: ok fills=217 (41.5s)
[1251/4086] BANK2_BL-05_d4__T_input_field-raw_rsi_exit-cross_rsi_smoothing-simple_same_bar_reentry-wait_bar_warmup-strict: exit=1 fills=None (9.1s)
[1252/4086] BANK2_BL-05_d4__T_input_field-raw_rsi_exit-level_rsi_smoothing-simple_same_bar_reentry-wait_bar_warmup-ready_per_rule: ok fills=237 (47.8s)
[1253/4086] BANK2_BL-05_d4__T_input_field-adjusted_rsi_exit-cross_rsi_smoothing-simple_same_bar_reentry-allowed_warmup-strict: ok fills=213 (49.1s)
[1254/4086] BANK2_BL-05_d4__T_input_field-raw_rsi_exit-cross_rsi_smoothing-simple_same_bar_reentry-allowed_warmup-strict: ok fills=233 (49.1s)
[1255/4086] BANK2_BL-05_d4__T_input_field-adjusted_rsi_exit-cross_rsi_smoothing-simple_same_bar_reentry-wait_bar_warmup-strict: ok fills=213 (46.4s)
[1256/4086] BANK2_BL-05_d4__T_input_field-adjusted_rsi_exit-cross_rsi_smoothing-simple_same_bar_reentry-allowed_warmup-ready_check: ok fills=205 (46.3s)
[1257/4086] BANK2_BL-05_d4__T_input_field-adjusted_rsi_exit-cross_rsi_smoothing-simple_same_bar_reentry-wait_bar_warmup-ready_check: ok fills=205 (42.5s)
[1258/4086] BANK2_BL-05_d4__T_input_field-raw_rsi_exit-cross_rsi_smoothing-simple_same_bar_reentry-allowed_warmup-ready_check: ok fills=225 (49.3s)
[1259/4086] BANK2_BL-05_d4__T_input_field-raw_rsi_exit-cross_rsi_smoothing-simple_same_bar_reentry-wait_bar_warmup-ready_check: ok fills=225 (44.3s)
[1260/4086] BANK2_BL-05_d4__T_input_field-adjusted_rsi_exit-cross_rsi_smoothing-simple_same_bar_reentry-allowed_warmup-ready_per_rule: ok fills=211 (44.4s)
[1261/4086] BANK2_BL-05_d4__OAT_cross_timing-today_ma: exit=1 fills=None (7.0s)
[1262/4086] BANK2_BL-05_d4__T_input_field-raw_rsi_exit-cross_rsi_smoothing-simple_same_bar_reentry-allowed_warmup-ready_per_rule: ok fills=231 (45.7s)
[1263/4086] BANK2_BL-05_d4__T_input_field-adjusted_rsi_exit-cross_rsi_smoothing-simple_same_bar_reentry-wait_bar_warmup-ready_per_rule: ok fills=211 (48.0s)
[1264/4086] BANK2_BL-05_d4__T_input_field-raw_rsi_exit-cross_rsi_smoothing-simple_same_bar_reentry-wait_bar_warmup-ready_per_rule: ok fills=231 (49.5s)
[1265/4086] BANK2_BL-05_d4__OAT_a_exec-set_holdings: ok fills=194 (47.6s)
[1266/4086] BANK2_BL-05_d4__SPOT_all_excluded_off: ok fills=190 (51.8s)
[1267/4086] BANK2_BL-05_d5__T_input_field-raw_rsi_exit-level_rsi_smoothing-wilder_same_bar_reentry-allowed_warmup-strict: ok fills=174 (47.2s)
[1268/4086] BANK2_BL-05_d5__T_input_field-adjusted_rsi_exit-level_rsi_smoothing-wilder_same_bar_reentry-wait_bar_warmup-strict: ok fills=154 (47.3s)
[1269/4086] BANK2_BL-05_d5__ref: ok fills=154 (50.8s)
[1270/4086] BANK2_BL-05_d5__T_input_field-raw_rsi_exit-level_rsi_smoothing-wilder_same_bar_reentry-wait_bar_warmup-strict: ok fills=174 (46.2s)
[1271/4086] BANK2_BL-05_d5__T_input_field-adjusted_rsi_exit-level_rsi_smoothing-wilder_same_bar_reentry-allowed_warmup-ready_check: ok fills=150 (47.1s)
[1272/4086] BANK2_BL-05_d5__T_input_field-raw_rsi_exit-level_rsi_smoothing-wilder_same_bar_reentry-allowed_warmup-ready_check: ok fills=170 (45.6s)
[1273/4086] BANK2_BL-05_d5__T_input_field-raw_rsi_exit-level_rsi_smoothing-wilder_same_bar_reentry-wait_bar_warmup-ready_check: ok fills=170 (39.5s)
[1274/4086] BANK2_BL-05_d5__T_input_field-adjusted_rsi_exit-level_rsi_smoothing-wilder_same_bar_reentry-wait_bar_warmup-ready_check: ok fills=150 (51.8s)
[1275/4086] BANK2_BL-05_d5__T_input_field-raw_rsi_exit-level_rsi_smoothing-wilder_same_bar_reentry-allowed_warmup-ready_per_rule: ok fills=174 (48.8s)
[1276/4086] BANK2_BL-05_d5__T_input_field-adjusted_rsi_exit-level_rsi_smoothing-wilder_same_bar_reentry-allowed_warmup-ready_per_rule: ok fills=154 (49.7s)
[1277/4086] BANK2_BL-05_d5__T_input_field-adjusted_rsi_exit-level_rsi_smoothing-wilder_same_bar_reentry-wait_bar_warmup-ready_per_rule: ok fills=154 (48.5s)
[1278/4086] BANK2_BL-05_d5__T_input_field-raw_rsi_exit-level_rsi_smoothing-wilder_same_bar_reentry-wait_bar_warmup-ready_per_rule: ok fills=174 (49.5s)
[1279/4086] BANK2_BL-05_d5__T_input_field-adjusted_rsi_exit-cross_rsi_smoothing-wilder_same_bar_reentry-allowed_warmup-strict: ok fills=154 (49.5s)
[1280/4086] BANK2_BL-05_d5__T_input_field-raw_rsi_exit-cross_rsi_smoothing-wilder_same_bar_reentry-allowed_warmup-strict: ok fills=174 (44.4s)
[1281/4086] BANK2_BL-05_d5__T_input_field-adjusted_rsi_exit-cross_rsi_smoothing-wilder_same_bar_reentry-allowed_warmup-ready_per_rule: exit=1 fills=None (14.6s)
[1282/4086] BANK2_BL-05_d5__T_input_field-raw_rsi_exit-cross_rsi_smoothing-wilder_same_bar_reentry-wait_bar_warmup-strict: ok fills=174 (46.6s)
[1283/4086] BANK2_BL-05_d5__T_input_field-adjusted_rsi_exit-cross_rsi_smoothing-wilder_same_bar_reentry-allowed_warmup-ready_check: ok fills=150 (46.9s)
[1284/4086] BANK2_BL-05_d5__T_input_field-adjusted_rsi_exit-cross_rsi_smoothing-wilder_same_bar_reentry-wait_bar_warmup-strict: ok fills=154 (54.5s)
[1285/4086] BANK2_BL-05_d5__T_input_field-raw_rsi_exit-cross_rsi_smoothing-wilder_same_bar_reentry-allowed_warmup-ready_check: ok fills=170 (44.0s)
[1286/4086] BANK2_BL-05_d5__T_input_field-raw_rsi_exit-cross_rsi_smoothing-wilder_same_bar_reentry-wait_bar_warmup-ready_check: ok fills=170 (69.2s)
[1287/4086] BANK2_BL-05_d5__T_input_field-adjusted_rsi_exit-cross_rsi_smoothing-wilder_same_bar_reentry-wait_bar_warmup-ready_check: ok fills=150 (71.5s)
[1288/4086] BANK2_BL-05_d5__T_input_field-raw_rsi_exit-cross_rsi_smoothing-wilder_same_bar_reentry-allowed_warmup-ready_per_rule: ok fills=174 (70.1s)
[1289/4086] BANK2_BL-05_d5__T_input_field-raw_rsi_exit-cross_rsi_smoothing-wilder_same_bar_reentry-wait_bar_warmup-ready_per_rule: ok fills=174 (68.9s)
[1290/4086] BANK2_BL-05_d5__T_input_field-adjusted_rsi_exit-cross_rsi_smoothing-wilder_same_bar_reentry-wait_bar_warmup-ready_per_rule: ok fills=154 (70.7s)
[1291/4086] BANK2_BL-05_d5__T_input_field-adjusted_rsi_exit-level_rsi_smoothing-simple_same_bar_reentry-allowed_warmup-strict: ok fills=161 (64.7s)
[1292/4086] BANK2_BL-05_d5__T_input_field-raw_rsi_exit-level_rsi_smoothing-simple_same_bar_reentry-allowed_warmup-strict: ok fills=181 (62.4s)
[1293/4086] BANK2_BL-05_d5__T_input_field-adjusted_rsi_exit-level_rsi_smoothing-simple_same_bar_reentry-wait_bar_warmup-strict: ok fills=157 (50.6s)
[1294/4086] BANK2_BL-05_d5__T_input_field-raw_rsi_exit-level_rsi_smoothing-simple_same_bar_reentry-wait_bar_warmup-strict: ok fills=177 (49.2s)
[1295/4086] BANK2_BL-05_d5__T_input_field-adjusted_rsi_exit-level_rsi_smoothing-simple_same_bar_reentry-wait_bar_warmup-ready_check: ok fills=153 (49.0s)
[1296/4086] BANK2_BL-05_d5__T_input_field-raw_rsi_exit-level_rsi_smoothing-simple_same_bar_reentry-allowed_warmup-ready_check: ok fills=175 (50.5s)
[1297/4086] BANK2_BL-05_d5__T_input_field-raw_rsi_exit-level_rsi_smoothing-simple_same_bar_reentry-wait_bar_warmup-ready_check: ok fills=173 (48.2s)
[1298/4086] BANK2_BL-05_d5__T_input_field-adjusted_rsi_exit-level_rsi_smoothing-simple_same_bar_reentry-allowed_warmup-ready_check: ok fills=155 (52.1s)
[1299/4086] BANK2_BL-05_d5__T_input_field-adjusted_rsi_exit-level_rsi_smoothing-simple_same_bar_reentry-allowed_warmup-ready_per_rule: ok fills=161 (48.9s)
[1300/4086] BANK2_BL-05_d5__T_input_field-adjusted_rsi_exit-level_rsi_smoothing-simple_same_bar_reentry-wait_bar_warmup-ready_per_rule: ok fills=157 (44.2s)
[1301/4086] BANK2_BL-05_d5__T_input_field-raw_rsi_exit-level_rsi_smoothing-simple_same_bar_reentry-allowed_warmup-ready_per_rule: ok fills=181 (45.3s)
[1302/4086] BANK2_BL-05_d5__T_input_field-raw_rsi_exit-level_rsi_smoothing-simple_same_bar_reentry-wait_bar_warmup-ready_per_rule: ok fills=177 (48.5s)
[1303/4086] BANK2_BL-05_d5__T_input_field-raw_rsi_exit-cross_rsi_smoothing-simple_same_bar_reentry-allowed_warmup-strict: ok fills=177 (48.6s)
[1304/4086] BANK2_BL-05_d5__T_input_field-adjusted_rsi_exit-cross_rsi_smoothing-simple_same_bar_reentry-allowed_warmup-strict: ok fills=157 (49.3s)
[1305/4086] BANK2_BL-05_d5__T_input_field-adjusted_rsi_exit-cross_rsi_smoothing-simple_same_bar_reentry-wait_bar_warmup-strict: ok fills=157 (48.4s)
[1306/4086] BANK2_BL-05_d5__T_input_field-raw_rsi_exit-cross_rsi_smoothing-simple_same_bar_reentry-wait_bar_warmup-strict: ok fills=177 (50.6s)
[1307/4086] BANK2_BL-05_d3__T_input_field-adjusted_rsi_exit-level_rsi_smoothing-wilder_same_bar_reentry-wait_bar_warmup-ready_per_rule: timeout fills=None (902.8s)
[1308/4086] BANK2_BL-05_d5__T_input_field-raw_rsi_exit-cross_rsi_smoothing-simple_same_bar_reentry-allowed_warmup-ready_check: ok fills=173 (45.4s)
[1309/4086] BANK2_BL-05_d5__T_input_field-adjusted_rsi_exit-cross_rsi_smoothing-simple_same_bar_reentry-allowed_warmup-ready_check: ok fills=153 (47.2s)
[1310/4086] BANK2_BL-05_d5__T_input_field-adjusted_rsi_exit-cross_rsi_smoothing-simple_same_bar_reentry-wait_bar_warmup-ready_check: ok fills=153 (38.6s)
[1311/4086] BANK2_BL-05_d5__T_input_field-raw_rsi_exit-cross_rsi_smoothing-simple_same_bar_reentry-allowed_warmup-ready_per_rule: ok fills=177 (37.2s)
[1312/4086] BANK2_BL-05_d5__T_input_field-adjusted_rsi_exit-cross_rsi_smoothing-simple_same_bar_reentry-allowed_warmup-ready_per_rule: ok fills=157 (50.5s)
[1313/4086] BANK2_BL-05_d5__T_input_field-raw_rsi_exit-cross_rsi_smoothing-simple_same_bar_reentry-wait_bar_warmup-ready_per_rule: ok fills=177 (44.8s)
[1314/4086] BANK2_BL-05_d5__T_input_field-raw_rsi_exit-cross_rsi_smoothing-simple_same_bar_reentry-wait_bar_warmup-ready_check: ok fills=173 (56.7s)
[1315/4086] BANK2_BL-05_d5__T_input_field-adjusted_rsi_exit-cross_rsi_smoothing-simple_same_bar_reentry-wait_bar_warmup-ready_per_rule: ok fills=157 (51.9s)
[1316/4086] BANK2_BL-05_d5__OAT_cross_timing-today_ma: ok fills=150 (48.9s)
[1317/4086] BANK2_BL-05_d5__OAT_a_exec-set_holdings: ok fills=154 (50.6s)
[1318/4086] BANK2_BL-05_d5__SPOT_all_excluded_off: ok fills=150 (47.9s)
[1319/4086] BANK2_BL-07_p7__ref: ok fills=302 (47.0s)
[1320/4086] BANK2_BL-07_p7__T_input_field-raw_rsi_exit-level_rsi_smoothing-wilder_same_bar_reentry-wait_bar_warmup-strict: ok fills=316 (44.3s)
[1321/4086] BANK2_BL-07_p7__T_input_field-raw_rsi_exit-level_rsi_smoothing-wilder_same_bar_reentry-allowed_warmup-strict: ok fills=316 (50.0s)
[1322/4086] BANK2_BL-07_p7__T_input_field-adjusted_rsi_exit-level_rsi_smoothing-wilder_same_bar_reentry-allowed_warmup-ready_check: ok fills=298 (44.9s)
[1323/4086] BANK2_BL-07_p7__T_input_field-adjusted_rsi_exit-level_rsi_smoothing-wilder_same_bar_reentry-wait_bar_warmup-strict: ok fills=300 (50.3s)
[1324/4086] BANK2_BL-07_p7__T_input_field-raw_rsi_exit-level_rsi_smoothing-wilder_same_bar_reentry-allowed_warmup-ready_check: ok fills=312 (42.8s)
[1325/4086] BANK2_BL-07_p7__T_input_field-adjusted_rsi_exit-level_rsi_smoothing-wilder_same_bar_reentry-wait_bar_warmup-ready_check: ok fills=296 (50.1s)
[1326/4086] BANK2_BL-07_p7__T_input_field-adjusted_rsi_exit-level_rsi_smoothing-wilder_same_bar_reentry-allowed_warmup-ready_per_rule: ok fills=302 (49.9s)
[1327/4086] BANK2_BL-07_p7__T_input_field-raw_rsi_exit-level_rsi_smoothing-wilder_same_bar_reentry-wait_bar_warmup-ready_check: ok fills=312 (52.0s)
[1328/4086] BANK2_BL-07_p7__T_input_field-adjusted_rsi_exit-level_rsi_smoothing-wilder_same_bar_reentry-wait_bar_warmup-ready_per_rule: ok fills=300 (48.7s)
[1329/4086] BANK2_BL-07_p7__T_input_field-raw_rsi_exit-level_rsi_smoothing-wilder_same_bar_reentry-allowed_warmup-ready_per_rule: ok fills=316 (49.3s)
[1330/4086] BANK2_BL-07_p7__T_input_field-adjusted_rsi_exit-cross_rsi_smoothing-wilder_same_bar_reentry-allowed_warmup-strict: ok fills=296 (49.1s)
[1331/4086] BANK2_BL-07_p7__T_input_field-raw_rsi_exit-level_rsi_smoothing-wilder_same_bar_reentry-wait_bar_warmup-ready_per_rule: ok fills=316 (50.1s)
[1332/4086] BANK2_BL-07_p7__T_input_field-raw_rsi_exit-cross_rsi_smoothing-wilder_same_bar_reentry-allowed_warmup-strict: ok fills=312 (43.3s)
[1333/4086] BANK2_BL-07_p7__T_input_field-raw_rsi_exit-cross_rsi_smoothing-wilder_same_bar_reentry-wait_bar_warmup-ready_check: exit=1 fills=None (8.8s)
[1334/4086] BANK2_BL-07_p7__T_input_field-adjusted_rsi_exit-cross_rsi_smoothing-wilder_same_bar_reentry-wait_bar_warmup-strict: ok fills=296 (46.8s)
[1335/4086] BANK2_BL-07_p7__T_input_field-adjusted_rsi_exit-cross_rsi_smoothing-wilder_same_bar_reentry-allowed_warmup-ready_check: ok fills=292 (52.8s)
[1336/4086] BANK2_BL-07_p7__T_input_field-raw_rsi_exit-cross_rsi_smoothing-wilder_same_bar_reentry-wait_bar_warmup-strict: ok fills=312 (55.3s)
[1337/4086] BANK2_BL-07_p7__T_input_field-adjusted_rsi_exit-cross_rsi_smoothing-wilder_same_bar_reentry-allowed_warmup-ready_per_rule: ok fills=296 (52.6s)
[1338/4086] BANK2_BL-07_p7__T_input_field-raw_rsi_exit-cross_rsi_smoothing-wilder_same_bar_reentry-allowed_warmup-ready_check: ok fills=308 (55.7s)
[1339/4086] BANK2_BL-07_p7__T_input_field-adjusted_rsi_exit-cross_rsi_smoothing-wilder_same_bar_reentry-wait_bar_warmup-ready_check: ok fills=292 (58.1s)
[1340/4086] BANK2_BL-07_p7__T_input_field-raw_rsi_exit-cross_rsi_smoothing-wilder_same_bar_reentry-allowed_warmup-ready_per_rule: ok fills=312 (47.5s)
[1341/4086] BANK2_BL-07_p7__T_input_field-adjusted_rsi_exit-cross_rsi_smoothing-wilder_same_bar_reentry-wait_bar_warmup-ready_per_rule: ok fills=296 (50.9s)
[1342/4086] BANK2_BL-07_p7__T_input_field-adjusted_rsi_exit-level_rsi_smoothing-simple_same_bar_reentry-wait_bar_warmup-strict: exit=1 fills=None (11.8s)
[1343/4086] BANK2_BL-07_p7__T_input_field-raw_rsi_exit-cross_rsi_smoothing-wilder_same_bar_reentry-wait_bar_warmup-ready_per_rule: ok fills=312 (45.0s)
[1344/4086] BANK2_BL-07_p7__T_input_field-raw_rsi_exit-level_rsi_smoothing-simple_same_bar_reentry-allowed_warmup-strict: ok fills=344 (51.7s)
[1345/4086] BANK2_BL-07_p7__T_input_field-adjusted_rsi_exit-level_rsi_smoothing-simple_same_bar_reentry-allowed_warmup-strict: ok fills=324 (52.4s)
[1346/4086] BANK2_BL-07_p7__T_input_field-raw_rsi_exit-level_rsi_smoothing-simple_same_bar_reentry-wait_bar_warmup-strict: ok fills=340 (50.1s)
[1347/4086] BANK2_BL-07_p7__T_input_field-raw_rsi_exit-level_rsi_smoothing-simple_same_bar_reentry-allowed_warmup-ready_check: ok fills=334 (49.8s)
[1348/4086] BANK2_BL-07_p7__T_input_field-adjusted_rsi_exit-level_rsi_smoothing-simple_same_bar_reentry-wait_bar_warmup-ready_check: ok fills=312 (47.1s)
[1349/4086] BANK2_BL-07_p7__T_input_field-adjusted_rsi_exit-level_rsi_smoothing-simple_same_bar_reentry-allowed_warmup-ready_check: ok fills=314 (52.5s)
[1350/4086] BANK2_BL-07_p7__T_input_field-adjusted_rsi_exit-level_rsi_smoothing-simple_same_bar_reentry-allowed_warmup-ready_per_rule: ok fills=324 (45.2s)
[1351/4086] BANK2_BL-07_p7__T_input_field-raw_rsi_exit-level_rsi_smoothing-simple_same_bar_reentry-wait_bar_warmup-ready_check: ok fills=332 (49.5s)
[1352/4086] BANK2_BL-07_p7__T_input_field-adjusted_rsi_exit-level_rsi_smoothing-simple_same_bar_reentry-wait_bar_warmup-ready_per_rule: ok fills=320 (44.8s)
[1353/4086] BANK2_BL-07_p7__T_input_field-raw_rsi_exit-level_rsi_smoothing-simple_same_bar_reentry-allowed_warmup-ready_per_rule: ok fills=344 (45.7s)
[1354/4086] BANK2_BL-07_p7__T_input_field-raw_rsi_exit-cross_rsi_smoothing-simple_same_bar_reentry-allowed_warmup-strict: ok fills=326 (42.8s)
[1355/4086] BANK2_BL-07_p7__T_input_field-raw_rsi_exit-level_rsi_smoothing-simple_same_bar_reentry-wait_bar_warmup-ready_per_rule: ok fills=340 (47.5s)
[1356/4086] BANK2_BL-07_p7__T_input_field-adjusted_rsi_exit-cross_rsi_smoothing-simple_same_bar_reentry-allowed_warmup-strict: ok fills=306 (45.6s)
[1357/4086] BANK2_BL-07_p7__T_input_field-raw_rsi_exit-cross_rsi_smoothing-simple_same_bar_reentry-wait_bar_warmup-strict: ok fills=326 (50.6s)
[1358/4086] BANK2_BL-07_p7__T_input_field-adjusted_rsi_exit-cross_rsi_smoothing-simple_same_bar_reentry-wait_bar_warmup-strict: ok fills=306 (53.1s)
[1359/4086] BANK2_BL-07_p7__T_input_field-adjusted_rsi_exit-cross_rsi_smoothing-simple_same_bar_reentry-allowed_warmup-ready_check: ok fills=300 (51.0s)
[1360/4086] BANK2_BL-07_p7__T_input_field-adjusted_rsi_exit-cross_rsi_smoothing-simple_same_bar_reentry-wait_bar_warmup-ready_check: ok fills=300 (45.7s)
[1361/4086] BANK2_BL-07_p7__T_input_field-raw_rsi_exit-cross_rsi_smoothing-simple_same_bar_reentry-allowed_warmup-ready_check: ok fills=320 (47.0s)
[1362/4086] BANK2_BL-07_p7__T_input_field-raw_rsi_exit-cross_rsi_smoothing-simple_same_bar_reentry-wait_bar_warmup-ready_check: ok fills=320 (42.8s)
[1363/4086] BANK2_BL-07_p7__T_input_field-adjusted_rsi_exit-cross_rsi_smoothing-simple_same_bar_reentry-allowed_warmup-ready_per_rule: ok fills=306 (46.9s)
[1364/4086] BANK2_BL-07_p7__T_input_field-raw_rsi_exit-cross_rsi_smoothing-simple_same_bar_reentry-allowed_warmup-ready_per_rule: ok fills=326 (46.8s)
[1365/4086] BANK2_BL-07_p7__T_input_field-adjusted_rsi_exit-cross_rsi_smoothing-simple_same_bar_reentry-wait_bar_warmup-ready_per_rule: ok fills=306 (44.2s)
[1366/4086] BANK2_BL-07_p7__T_input_field-raw_rsi_exit-cross_rsi_smoothing-simple_same_bar_reentry-wait_bar_warmup-ready_per_rule: ok fills=326 (47.5s)
[1367/4086] BANK2_BL-07_p7__OAT_a_exec-set_holdings: ok fills=302 (46.3s)
[1368/4086] BANK2_BL-07_p7__SPOT_all_excluded_off: ok fills=298 (47.7s)
[1369/4086] BANK2_BL-07_p7__OAT_cross_timing-today_ma: ok fills=298 (48.4s)
[1370/4086] BANK2_BL-07_p9__ref: ok fills=292 (42.8s)
[1371/4086] BANK2_BL-07_p9__T_input_field-adjusted_rsi_exit-level_rsi_smoothing-wilder_same_bar_reentry-wait_bar_warmup-strict: ok fills=290 (43.9s)
[1372/4086] BANK2_BL-07_p9__T_input_field-raw_rsi_exit-level_rsi_smoothing-wilder_same_bar_reentry-allowed_warmup-strict: ok fills=308 (47.4s)
[1373/4086] BANK2_BL-07_p9__T_input_field-raw_rsi_exit-level_rsi_smoothing-wilder_same_bar_reentry-wait_bar_warmup-strict: ok fills=306 (43.4s)
[1374/4086] BANK2_BL-07_p9__T_input_field-adjusted_rsi_exit-level_rsi_smoothing-wilder_same_bar_reentry-allowed_warmup-ready_check: ok fills=288 (40.7s)
[1375/4086] BANK2_BL-07_p9__T_input_field-raw_rsi_exit-level_rsi_smoothing-wilder_same_bar_reentry-allowed_warmup-ready_check: ok fills=304 (44.6s)
[1376/4086] BANK2_BL-07_p9__T_input_field-adjusted_rsi_exit-cross_rsi_smoothing-wilder_same_bar_reentry-allowed_warmup-strict: exit=1 fills=None (7.9s)
[1377/4086] BANK2_BL-07_p9__T_input_field-adjusted_rsi_exit-level_rsi_smoothing-wilder_same_bar_reentry-wait_bar_warmup-ready_check: ok fills=286 (50.1s)
[1378/4086] BANK2_BL-07_p9__T_input_field-raw_rsi_exit-level_rsi_smoothing-wilder_same_bar_reentry-wait_bar_warmup-ready_check: ok fills=302 (50.3s)
[1379/4086] BANK2_BL-07_p9__T_input_field-adjusted_rsi_exit-level_rsi_smoothing-wilder_same_bar_reentry-allowed_warmup-ready_per_rule: ok fills=292 (46.6s)
[1380/4086] BANK2_BL-07_p9__T_input_field-raw_rsi_exit-level_rsi_smoothing-wilder_same_bar_reentry-allowed_warmup-ready_per_rule: ok fills=308 (46.3s)
[1381/4086] BANK2_BL-07_p9__T_input_field-adjusted_rsi_exit-level_rsi_smoothing-wilder_same_bar_reentry-wait_bar_warmup-ready_per_rule: ok fills=290 (43.7s)
[1382/4086] BANK2_BL-07_p9__T_input_field-raw_rsi_exit-level_rsi_smoothing-wilder_same_bar_reentry-wait_bar_warmup-ready_per_rule: ok fills=306 (46.2s)
[1383/4086] BANK2_BL-07_p9__T_input_field-adjusted_rsi_exit-cross_rsi_smoothing-wilder_same_bar_reentry-wait_bar_warmup-strict: ok fills=282 (40.6s)
[1384/4086] BANK2_BL-07_p9__T_input_field-raw_rsi_exit-cross_rsi_smoothing-wilder_same_bar_reentry-allowed_warmup-strict: ok fills=298 (43.1s)
[1385/4086] BANK2_BL-07_p9__T_input_field-raw_rsi_exit-cross_rsi_smoothing-wilder_same_bar_reentry-wait_bar_warmup-ready_check: exit=1 fills=None (10.2s)
[1386/4086] BANK2_BL-07_p9__T_input_field-raw_rsi_exit-cross_rsi_smoothing-wilder_same_bar_reentry-wait_bar_warmup-strict: ok fills=298 (44.7s)
[1387/4086] BANK2_BL-07_p9__T_input_field-adjusted_rsi_exit-cross_rsi_smoothing-wilder_same_bar_reentry-allowed_warmup-ready_check: ok fills=278 (46.7s)
[1388/4086] BANK2_BL-07_p9__T_input_field-raw_rsi_exit-cross_rsi_smoothing-wilder_same_bar_reentry-allowed_warmup-ready_check: ok fills=294 (45.5s)
[1389/4086] BANK2_BL-07_p9__T_input_field-adjusted_rsi_exit-cross_rsi_smoothing-wilder_same_bar_reentry-wait_bar_warmup-ready_check: ok fills=278 (41.7s)
[1390/4086] BANK2_BL-07_p9__T_input_field-adjusted_rsi_exit-cross_rsi_smoothing-wilder_same_bar_reentry-allowed_warmup-ready_per_rule: ok fills=282 (47.7s)
[1391/4086] BANK2_BL-07_p9__T_input_field-raw_rsi_exit-cross_rsi_smoothing-wilder_same_bar_reentry-allowed_warmup-ready_per_rule: ok fills=298 (44.6s)
[1392/4086] BANK2_BL-07_p9__T_input_field-raw_rsi_exit-cross_rsi_smoothing-wilder_same_bar_reentry-wait_bar_warmup-ready_per_rule: ok fills=298 (46.9s)
[1393/4086] BANK2_BL-07_p9__T_input_field-adjusted_rsi_exit-cross_rsi_smoothing-wilder_same_bar_reentry-wait_bar_warmup-ready_per_rule: ok fills=282 (47.0s)
[1394/4086] BANK2_BL-07_p9__T_input_field-adjusted_rsi_exit-level_rsi_smoothing-simple_same_bar_reentry-allowed_warmup-strict: ok fills=314 (47.4s)
[1395/4086] BANK2_BL-07_p9__T_input_field-raw_rsi_exit-level_rsi_smoothing-simple_same_bar_reentry-wait_bar_warmup-strict: ok fills=330 (42.6s)
[1396/4086] BANK2_BL-07_p9__T_input_field-raw_rsi_exit-level_rsi_smoothing-simple_same_bar_reentry-allowed_warmup-strict: ok fills=332 (46.3s)
[1397/4086] BANK2_BL-07_p9__T_input_field-adjusted_rsi_exit-level_rsi_smoothing-simple_same_bar_reentry-wait_bar_warmup-strict: ok fills=310 (47.4s)
[1398/4086] BANK2_BL-07_p9__T_input_field-adjusted_rsi_exit-level_rsi_smoothing-simple_same_bar_reentry-allowed_warmup-ready_check: ok fills=304 (40.2s)
[1399/4086] BANK2_BL-07_p9__T_input_field-raw_rsi_exit-level_rsi_smoothing-simple_same_bar_reentry-allowed_warmup-ready_per_rule: exit=1 fills=None (10.2s)
[1400/4086] BANK2_BL-07_p9__T_input_field-adjusted_rsi_exit-level_rsi_smoothing-simple_same_bar_reentry-wait_bar_warmup-ready_check: ok fills=302 (44.1s)
[1401/4086] BANK2_BL-07_p9__T_input_field-raw_rsi_exit-level_rsi_smoothing-simple_same_bar_reentry-wait_bar_warmup-ready_check: ok fills=322 (44.8s)
[1402/4086] BANK2_BL-07_p9__T_input_field-raw_rsi_exit-level_rsi_smoothing-simple_same_bar_reentry-allowed_warmup-ready_check: ok fills=322 (48.2s)
[1403/4086] BANK2_BL-07_p9__T_input_field-adjusted_rsi_exit-level_rsi_smoothing-simple_same_bar_reentry-allowed_warmup-ready_per_rule: ok fills=314 (48.6s)
[1404/4086] BANK2_BL-07_p9__T_input_field-adjusted_rsi_exit-level_rsi_smoothing-simple_same_bar_reentry-wait_bar_warmup-ready_per_rule: ok fills=310 (49.8s)
[1405/4086] BANK2_BL-07_p9__T_input_field-raw_rsi_exit-level_rsi_smoothing-simple_same_bar_reentry-wait_bar_warmup-ready_per_rule: ok fills=330 (51.3s)
[1406/4086] BANK2_BL-07_p9__T_input_field-raw_rsi_exit-cross_rsi_smoothing-simple_same_bar_reentry-allowed_warmup-strict: ok fills=306 (52.1s)
[1407/4086] BANK2_BL-07_p9__T_input_field-adjusted_rsi_exit-cross_rsi_smoothing-simple_same_bar_reentry-wait_bar_warmup-strict: ok fills=286 (45.8s)
[1408/4086] BANK2_BL-07_p9__T_input_field-raw_rsi_exit-cross_rsi_smoothing-simple_same_bar_reentry-wait_bar_warmup-strict: ok fills=306 (46.1s)
[1409/4086] BANK2_BL-07_p9__T_input_field-adjusted_rsi_exit-cross_rsi_smoothing-simple_same_bar_reentry-allowed_warmup-strict: ok fills=286 (54.9s)
[1410/4086] BANK2_BL-07_p9__T_input_field-adjusted_rsi_exit-cross_rsi_smoothing-simple_same_bar_reentry-allowed_warmup-ready_check: ok fills=280 (47.2s)
[1411/4086] BANK2_BL-07_p9__T_input_field-raw_rsi_exit-cross_rsi_smoothing-simple_same_bar_reentry-allowed_warmup-ready_check: ok fills=300 (37.3s)
[1412/4086] BANK2_BL-07_p9__T_input_field-adjusted_rsi_exit-cross_rsi_smoothing-simple_same_bar_reentry-wait_bar_warmup-ready_check: ok fills=280 (42.5s)
[1413/4086] BANK2_BL-07_p9__T_input_field-raw_rsi_exit-cross_rsi_smoothing-simple_same_bar_reentry-wait_bar_warmup-ready_check: ok fills=300 (41.2s)
[1414/4086] BANK2_BL-07_p9__OAT_cross_timing-today_ma: exit=1 fills=None (9.5s)
[1415/4086] BANK2_BL-07_p9__T_input_field-adjusted_rsi_exit-cross_rsi_smoothing-simple_same_bar_reentry-allowed_warmup-ready_per_rule: ok fills=286 (43.6s)
[1416/4086] BANK2_BL-07_p14__T_input_field-raw_rsi_exit-level_rsi_smoothing-wilder_same_bar_reentry-allowed_warmup-strict: exit=1 fills=None (12.1s)
[1417/4086] BANK2_BL-07_p9__OAT_a_exec-set_holdings: ok fills=292 (42.9s)
[1418/4086] BANK2_BL-07_p9__T_input_field-adjusted_rsi_exit-cross_rsi_smoothing-simple_same_bar_reentry-wait_bar_warmup-ready_per_rule: ok fills=286 (49.0s)
[1419/4086] BANK2_BL-07_p9__T_input_field-raw_rsi_exit-cross_rsi_smoothing-simple_same_bar_reentry-allowed_warmup-ready_per_rule: ok fills=306 (50.9s)
[1420/4086] BANK2_BL-07_p9__T_input_field-raw_rsi_exit-cross_rsi_smoothing-simple_same_bar_reentry-wait_bar_warmup-ready_per_rule: ok fills=306 (50.1s)
[1421/4086] BANK2_BL-07_p14__T_input_field-raw_rsi_exit-level_rsi_smoothing-wilder_same_bar_reentry-wait_bar_warmup-strict: exit=1 fills=None (8.5s)
[1422/4086] BANK2_BL-07_p9__SPOT_all_excluded_off: ok fills=288 (43.8s)
[1423/4086] BANK2_BL-07_p14__ref: ok fills=270 (44.6s)
[1424/4086] BANK2_BL-07_p14__T_input_field-adjusted_rsi_exit-level_rsi_smoothing-wilder_same_bar_reentry-allowed_warmup-ready_check: ok fills=266 (41.9s)
[1425/4086] BANK2_BL-07_p14__T_input_field-raw_rsi_exit-level_rsi_smoothing-wilder_same_bar_reentry-wait_bar_warmup-ready_check: ok fills=274 (37.8s)
[1426/4086] BANK2_BL-07_p14__T_input_field-raw_rsi_exit-level_rsi_smoothing-wilder_same_bar_reentry-allowed_warmup-ready_check: ok fills=276 (40.4s)
[1427/4086] BANK2_BL-07_p14__T_input_field-adjusted_rsi_exit-level_rsi_smoothing-wilder_same_bar_reentry-wait_bar_warmup-strict: ok fills=266 (51.4s)
[1428/4086] BANK2_BL-07_p14__T_input_field-adjusted_rsi_exit-level_rsi_smoothing-wilder_same_bar_reentry-allowed_warmup-ready_per_rule: ok fills=270 (43.2s)
[1429/4086] BANK2_BL-07_p14__T_input_field-adjusted_rsi_exit-level_rsi_smoothing-wilder_same_bar_reentry-wait_bar_warmup-ready_check: ok fills=262 (47.3s)
[1430/4086] BANK2_BL-07_p14__T_input_field-raw_rsi_exit-level_rsi_smoothing-wilder_same_bar_reentry-allowed_warmup-ready_per_rule: ok fills=280 (49.3s)
[1431/4086] BANK2_BL-07_p14__T_input_field-adjusted_rsi_exit-level_rsi_smoothing-wilder_same_bar_reentry-wait_bar_warmup-ready_per_rule: ok fills=266 (49.9s)
[1432/4086] BANK2_BL-07_p14__T_input_field-raw_rsi_exit-level_rsi_smoothing-wilder_same_bar_reentry-wait_bar_warmup-ready_per_rule: ok fills=278 (45.4s)
[1433/4086] BANK2_BL-07_p14__T_input_field-adjusted_rsi_exit-cross_rsi_smoothing-wilder_same_bar_reentry-allowed_warmup-strict: ok fills=250 (51.4s)
[1434/4086] BANK2_BL-07_p14__T_input_field-raw_rsi_exit-cross_rsi_smoothing-wilder_same_bar_reentry-wait_bar_warmup-ready_check: exit=1 fills=None (8.5s)
[1435/4086] BANK2_BL-07_p14__T_input_field-adjusted_rsi_exit-cross_rsi_smoothing-wilder_same_bar_reentry-wait_bar_warmup-strict: ok fills=250 (46.9s)
[1436/4086] BANK2_BL-07_p14__T_input_field-raw_rsi_exit-cross_rsi_smoothing-wilder_same_bar_reentry-wait_bar_warmup-strict: ok fills=264 (46.1s)
[1437/4086] BANK2_BL-07_p14__T_input_field-raw_rsi_exit-cross_rsi_smoothing-wilder_same_bar_reentry-allowed_warmup-strict: ok fills=264 (51.3s)
[1438/4086] BANK2_BL-07_p14__T_input_field-adjusted_rsi_exit-cross_rsi_smoothing-wilder_same_bar_reentry-allowed_warmup-ready_check: ok fills=246 (45.4s)
[1439/4086] BANK2_BL-07_p14__T_input_field-raw_rsi_exit-cross_rsi_smoothing-wilder_same_bar_reentry-allowed_warmup-ready_check: ok fills=260 (41.5s)
[1440/4086] BANK2_BL-07_p14__T_input_field-adjusted_rsi_exit-cross_rsi_smoothing-wilder_same_bar_reentry-wait_bar_warmup-ready_check: ok fills=246 (43.5s)
[1441/4086] BANK2_BL-07_p14__T_input_field-adjusted_rsi_exit-level_rsi_smoothing-simple_same_bar_reentry-allowed_warmup-strict: ok fills=320 (40.6s)
[1442/4086] BANK2_BL-07_p14__T_input_field-adjusted_rsi_exit-cross_rsi_smoothing-wilder_same_bar_reentry-allowed_warmup-ready_per_rule: ok fills=250 (43.0s)
[1443/4086] BANK2_BL-07_p14__T_input_field-raw_rsi_exit-cross_rsi_smoothing-wilder_same_bar_reentry-allowed_warmup-ready_per_rule: ok fills=264 (46.5s)
[1444/4086] BANK2_BL-07_p14__T_input_field-adjusted_rsi_exit-cross_rsi_smoothing-wilder_same_bar_reentry-wait_bar_warmup-ready_per_rule: ok fills=250 (50.5s)
[1445/4086] BANK2_BL-07_p14__T_input_field-raw_rsi_exit-cross_rsi_smoothing-wilder_same_bar_reentry-wait_bar_warmup-ready_per_rule: ok fills=264 (50.3s)
[1446/4086] BANK2_BL-07_p14__T_input_field-raw_rsi_exit-level_rsi_smoothing-simple_same_bar_reentry-allowed_warmup-strict: ok fills=338 (49.0s)
[1447/4086] BANK2_BL-07_p14__T_input_field-adjusted_rsi_exit-level_rsi_smoothing-simple_same_bar_reentry-wait_bar_warmup-strict: ok fills=306 (46.3s)
[1448/4086] BANK2_BL-07_p14__T_input_field-raw_rsi_exit-level_rsi_smoothing-simple_same_bar_reentry-wait_bar_warmup-strict: ok fills=324 (45.8s)
[1449/4086] BANK2_BL-07_p14__T_input_field-raw_rsi_exit-level_rsi_smoothing-simple_same_bar_reentry-allowed_warmup-ready_check: ok fills=324 (38.2s)
[1450/4086] BANK2_BL-07_p14__T_input_field-adjusted_rsi_exit-level_rsi_smoothing-simple_same_bar_reentry-allowed_warmup-ready_check: ok fills=306 (44.7s)
[1451/4086] BANK2_BL-07_p14__T_input_field-adjusted_rsi_exit-level_rsi_smoothing-simple_same_bar_reentry-wait_bar_warmup-ready_check: ok fills=296 (39.7s)
[1452/4086] BANK2_BL-07_p14__T_input_field-raw_rsi_exit-level_rsi_smoothing-simple_same_bar_reentry-wait_bar_warmup-ready_check: ok fills=314 (45.6s)
[1453/4086] BANK2_BL-07_p14__T_input_field-adjusted_rsi_exit-level_rsi_smoothing-simple_same_bar_reentry-allowed_warmup-ready_per_rule: ok fills=318 (48.7s)
[1454/4086] BANK2_BL-07_p14__T_input_field-raw_rsi_exit-level_rsi_smoothing-simple_same_bar_reentry-allowed_warmup-ready_per_rule: ok fills=336 (49.1s)
[1455/4086] BANK2_BL-07_p14__T_input_field-adjusted_rsi_exit-level_rsi_smoothing-simple_same_bar_reentry-wait_bar_warmup-ready_per_rule: ok fills=304 (46.4s)
[1456/4086] BANK2_BL-07_p14__T_input_field-raw_rsi_exit-level_rsi_smoothing-simple_same_bar_reentry-wait_bar_warmup-ready_per_rule: ok fills=322 (46.0s)
[1457/4086] BANK2_BL-07_p14__T_input_field-adjusted_rsi_exit-cross_rsi_smoothing-simple_same_bar_reentry-allowed_warmup-strict: ok fills=270 (46.3s)
[1458/4086] BANK2_BL-07_p14__T_input_field-raw_rsi_exit-cross_rsi_smoothing-simple_same_bar_reentry-allowed_warmup-strict: ok fills=290 (42.6s)
[1459/4086] BANK2_BL-07_p14__T_input_field-adjusted_rsi_exit-cross_rsi_smoothing-simple_same_bar_reentry-wait_bar_warmup-strict: ok fills=270 (45.9s)
[1460/4086] BANK2_BL-07_p14__T_input_field-raw_rsi_exit-cross_rsi_smoothing-simple_same_bar_reentry-wait_bar_warmup-strict: ok fills=290 (46.9s)
[1461/4086] BANK2_BL-07_p14__T_input_field-adjusted_rsi_exit-cross_rsi_smoothing-simple_same_bar_reentry-allowed_warmup-ready_check: ok fills=262 (44.9s)
[1462/4086] BANK2_BL-07_p14__T_input_field-raw_rsi_exit-cross_rsi_smoothing-simple_same_bar_reentry-allowed_warmup-ready_check: ok fills=282 (47.0s)
[1463/4086] BANK2_BL-07_p14__T_input_field-adjusted_rsi_exit-cross_rsi_smoothing-simple_same_bar_reentry-wait_bar_warmup-ready_check: ok fills=262 (50.3s)
[1464/4086] BANK2_BL-07_p14__T_input_field-raw_rsi_exit-cross_rsi_smoothing-simple_same_bar_reentry-wait_bar_warmup-ready_check: ok fills=282 (51.0s)
[1465/4086] BANK2_BL-07_p14__T_input_field-adjusted_rsi_exit-cross_rsi_smoothing-simple_same_bar_reentry-allowed_warmup-ready_per_rule: ok fills=268 (52.7s)
[1466/4086] BANK2_BL-07_p14__T_input_field-adjusted_rsi_exit-cross_rsi_smoothing-simple_same_bar_reentry-wait_bar_warmup-ready_per_rule: ok fills=268 (47.5s)
[1467/4086] BANK2_BL-07_p21__ref: exit=1 fills=None (9.2s)
[1468/4086] BANK2_BL-07_p14__T_input_field-raw_rsi_exit-cross_rsi_smoothing-simple_same_bar_reentry-allowed_warmup-ready_per_rule: ok fills=288 (51.4s)
[1469/4086] BANK2_BL-07_p14__OAT_a_exec-set_holdings: ok fills=270 (45.4s)
[1470/4086] BANK2_BL-07_p14__T_input_field-raw_rsi_exit-cross_rsi_smoothing-simple_same_bar_reentry-wait_bar_warmup-ready_per_rule: ok fills=288 (47.4s)
[1471/4086] BANK2_BL-07_p14__OAT_cross_timing-today_ma: ok fills=266 (47.3s)
[1472/4086] BANK2_BL-07_p21__T_input_field-adjusted_rsi_exit-level_rsi_smoothing-wilder_same_bar_reentry-allowed_warmup-ready_check: exit=1 fills=None (15.0s)
[1473/4086] BANK2_BL-07_p14__SPOT_all_excluded_off: ok fills=266 (41.7s)
[1474/4086] BANK2_BL-07_p21__T_input_field-raw_rsi_exit-level_rsi_smoothing-wilder_same_bar_reentry-allowed_warmup-strict: ok fills=264 (46.7s)
[1475/4086] BANK2_BL-07_p21__T_input_field-raw_rsi_exit-level_rsi_smoothing-wilder_same_bar_reentry-wait_bar_warmup-strict: ok fills=262 (46.8s)
[1476/4086] BANK2_BL-07_p21__T_input_field-adjusted_rsi_exit-level_rsi_smoothing-wilder_same_bar_reentry-wait_bar_warmup-strict: ok fills=252 (46.9s)
[1477/4086] BANK2_BL-07_p21__T_input_field-raw_rsi_exit-level_rsi_smoothing-wilder_same_bar_reentry-allowed_warmup-ready_check: ok fills=264 (51.1s)
[1478/4086] BANK2_BL-07_p21__T_input_field-adjusted_rsi_exit-level_rsi_smoothing-wilder_same_bar_reentry-wait_bar_warmup-ready_check: ok fills=252 (50.4s)
[1479/4086] BANK2_BL-07_p21__T_input_field-raw_rsi_exit-level_rsi_smoothing-wilder_same_bar_reentry-wait_bar_warmup-ready_check: ok fills=262 (47.1s)
[1480/4086] BANK2_BL-07_p21__T_input_field-adjusted_rsi_exit-level_rsi_smoothing-wilder_same_bar_reentry-allowed_warmup-ready_per_rule: ok fills=256 (47.5s)
[1481/4086] BANK2_BL-07_p21__T_input_field-raw_rsi_exit-level_rsi_smoothing-wilder_same_bar_reentry-allowed_warmup-ready_per_rule: ok fills=264 (43.7s)
[1482/4086] BANK2_BL-07_p21__T_input_field-raw_rsi_exit-level_rsi_smoothing-wilder_same_bar_reentry-wait_bar_warmup-ready_per_rule: ok fills=262 (40.8s)
[1483/4086] BANK2_BL-07_p21__T_input_field-adjusted_rsi_exit-level_rsi_smoothing-wilder_same_bar_reentry-wait_bar_warmup-ready_per_rule: ok fills=252 (42.0s)
[1484/4086] BANK2_BL-07_p21__T_input_field-adjusted_rsi_exit-cross_rsi_smoothing-wilder_same_bar_reentry-allowed_warmup-strict: ok fills=228 (49.3s)
[1485/4086] BANK2_BL-07_p21__T_input_field-raw_rsi_exit-cross_rsi_smoothing-wilder_same_bar_reentry-wait_bar_warmup-strict: ok fills=244 (49.7s)
[1486/4086] BANK2_BL-07_p21__T_input_field-adjusted_rsi_exit-cross_rsi_smoothing-wilder_same_bar_reentry-wait_bar_warmup-strict: ok fills=228 (50.9s)
[1487/4086] BANK2_BL-07_p21__T_input_field-adjusted_rsi_exit-cross_rsi_smoothing-wilder_same_bar_reentry-allowed_warmup-ready_check: ok fills=228 (51.3s)
[1488/4086] BANK2_BL-07_p21__T_input_field-raw_rsi_exit-cross_rsi_smoothing-wilder_same_bar_reentry-allowed_warmup-strict: ok fills=244 (54.2s)
[1489/4086] BANK2_BL-07_p21__T_input_field-raw_rsi_exit-cross_rsi_smoothing-wilder_same_bar_reentry-allowed_warmup-ready_check: ok fills=244 (50.8s)
[1490/4086] BANK2_BL-07_p21__T_input_field-adjusted_rsi_exit-cross_rsi_smoothing-wilder_same_bar_reentry-wait_bar_warmup-ready_check: ok fills=228 (53.1s)
[1491/4086] BANK2_BL-07_p21__T_input_field-raw_rsi_exit-cross_rsi_smoothing-wilder_same_bar_reentry-wait_bar_warmup-ready_check: ok fills=244 (53.0s)
[1492/4086] BANK2_BL-07_p21__T_input_field-adjusted_rsi_exit-cross_rsi_smoothing-wilder_same_bar_reentry-allowed_warmup-ready_per_rule: ok fills=228 (46.4s)
[1493/4086] BANK2_BL-07_p21__T_input_field-adjusted_rsi_exit-level_rsi_smoothing-simple_same_bar_reentry-allowed_warmup-strict: ok fills=282 (43.4s)
[1494/4086] BANK2_BL-07_p21__T_input_field-raw_rsi_exit-cross_rsi_smoothing-wilder_same_bar_reentry-allowed_warmup-ready_per_rule: ok fills=244 (47.2s)
[1495/4086] BANK2_BL-07_p21__T_input_field-raw_rsi_exit-cross_rsi_smoothing-wilder_same_bar_reentry-wait_bar_warmup-ready_per_rule: ok fills=244 (46.5s)
[1496/4086] BANK2_BL-07_p21__T_input_field-adjusted_rsi_exit-cross_rsi_smoothing-wilder_same_bar_reentry-wait_bar_warmup-ready_per_rule: ok fills=228 (48.6s)
[1497/4086] BANK2_BL-07_p21__T_input_field-raw_rsi_exit-level_rsi_smoothing-simple_same_bar_reentry-allowed_warmup-strict: ok fills=300 (40.4s)
[1498/4086] BANK2_BL-07_p21__T_input_field-raw_rsi_exit-level_rsi_smoothing-simple_same_bar_reentry-wait_bar_warmup-strict: ok fills=286 (48.8s)
[1499/4086] BANK2_BL-07_p21__T_input_field-adjusted_rsi_exit-level_rsi_smoothing-simple_same_bar_reentry-allowed_warmup-ready_check: ok fills=280 (48.2s)
[1500/4086] BANK2_BL-07_p21__T_input_field-adjusted_rsi_exit-level_rsi_smoothing-simple_same_bar_reentry-wait_bar_warmup-strict: ok fills=268 (50.7s)
[1501/4086] BANK2_BL-07_p21__T_input_field-raw_rsi_exit-level_rsi_smoothing-simple_same_bar_reentry-wait_bar_warmup-ready_check: ok fills=284 (43.0s)
[1502/4086] BANK2_BL-07_p21__T_input_field-raw_rsi_exit-level_rsi_smoothing-simple_same_bar_reentry-allowed_warmup-ready_check: ok fills=298 (47.3s)
[1503/4086] BANK2_BL-07_p21__T_input_field-adjusted_rsi_exit-level_rsi_smoothing-simple_same_bar_reentry-wait_bar_warmup-ready_check: ok fills=266 (48.3s)
[1504/4086] BANK2_BL-07_p21__T_input_field-raw_rsi_exit-level_rsi_smoothing-simple_same_bar_reentry-allowed_warmup-ready_per_rule: ok fills=300 (47.4s)
[1505/4086] BANK2_BL-07_p21__T_input_field-adjusted_rsi_exit-level_rsi_smoothing-simple_same_bar_reentry-allowed_warmup-ready_per_rule: ok fills=282 (49.3s)
[1506/4086] BANK2_BL-07_p21__T_input_field-raw_rsi_exit-level_rsi_smoothing-simple_same_bar_reentry-wait_bar_warmup-ready_per_rule: ok fills=286 (41.9s)
[1507/4086] BANK2_BL-07_p21__T_input_field-adjusted_rsi_exit-level_rsi_smoothing-simple_same_bar_reentry-wait_bar_warmup-ready_per_rule: ok fills=268 (48.5s)
[1508/4086] BANK2_BL-07_p21__T_input_field-adjusted_rsi_exit-cross_rsi_smoothing-simple_same_bar_reentry-allowed_warmup-strict: ok fills=228 (48.3s)
[1509/4086] BANK2_BL-07_p21__T_input_field-adjusted_rsi_exit-cross_rsi_smoothing-simple_same_bar_reentry-wait_bar_warmup-strict: ok fills=228 (42.9s)
[1510/4086] BANK2_BL-07_p21__T_input_field-raw_rsi_exit-cross_rsi_smoothing-simple_same_bar_reentry-allowed_warmup-strict: ok fills=248 (49.9s)
[1511/4086] BANK2_BL-07_p21__T_input_field-raw_rsi_exit-cross_rsi_smoothing-simple_same_bar_reentry-wait_bar_warmup-strict: ok fills=248 (49.9s)
[1512/4086] BANK2_BL-07_p21__T_input_field-raw_rsi_exit-cross_rsi_smoothing-simple_same_bar_reentry-allowed_warmup-ready_check: ok fills=246 (51.1s)
[1513/4086] BANK2_BL-07_p21__T_input_field-adjusted_rsi_exit-cross_rsi_smoothing-simple_same_bar_reentry-allowed_warmup-ready_check: ok fills=226 (51.8s)
[1514/4086] BANK2_BL-07_p21__T_input_field-adjusted_rsi_exit-cross_rsi_smoothing-simple_same_bar_reentry-wait_bar_warmup-ready_check: ok fills=226 (48.8s)
[1515/4086] BANK2_BL-07_p21__T_input_field-adjusted_rsi_exit-cross_rsi_smoothing-simple_same_bar_reentry-allowed_warmup-ready_per_rule: ok fills=228 (45.6s)
[1516/4086] BANK2_BL-07_p21__T_input_field-raw_rsi_exit-cross_rsi_smoothing-simple_same_bar_reentry-wait_bar_warmup-ready_check: ok fills=246 (48.7s)
[1517/4086] BANK2_BL-07_p21__T_input_field-raw_rsi_exit-cross_rsi_smoothing-simple_same_bar_reentry-allowed_warmup-ready_per_rule: ok fills=248 (42.4s)
[1518/4086] BANK2_BL-07_p21__T_input_field-adjusted_rsi_exit-cross_rsi_smoothing-simple_same_bar_reentry-wait_bar_warmup-ready_per_rule: ok fills=228 (40.8s)
[1519/4086] BANK2_BL-07_p21__T_input_field-raw_rsi_exit-cross_rsi_smoothing-simple_same_bar_reentry-wait_bar_warmup-ready_per_rule: ok fills=248 (47.1s)
[1520/4086] BANK2_BL-08_t50__T_input_field-adjusted_rsi_exit-level_rsi_smoothing-wilder_same_bar_reentry-wait_bar_warmup-strict: exit=1 fills=None (13.3s)
[1521/4086] BANK2_BL-07_p21__OAT_cross_timing-today_ma: ok fills=252 (45.2s)
[1522/4086] BANK2_BL-07_p21__OAT_a_exec-set_holdings: ok fills=256 (48.0s)
[1523/4086] BANK2_BL-07_p21__SPOT_all_excluded_off: ok fills=252 (47.5s)
[1524/4086] BANK2_BL-08_t50__ref: ok fills=370 (46.8s)
[1525/4086] BANK2_BL-08_t50__T_input_field-raw_rsi_exit-level_rsi_smoothing-wilder_same_bar_reentry-allowed_warmup-strict: ok fills=378 (46.1s)
[1526/4086] BANK2_BL-08_t50__T_input_field-raw_rsi_exit-level_rsi_smoothing-wilder_same_bar_reentry-wait_bar_warmup-strict: ok fills=356 (44.6s)
[1527/4086] BANK2_BL-08_t50__T_input_field-adjusted_rsi_exit-level_rsi_smoothing-wilder_same_bar_reentry-allowed_warmup-ready_per_rule: exit=1 fills=None (11.1s)
[1528/4086] BANK2_BL-08_t50__T_input_field-raw_rsi_exit-level_rsi_smoothing-wilder_same_bar_reentry-allowed_warmup-ready_check: ok fills=366 (44.5s)
[1529/4086] BANK2_BL-08_t50__T_input_field-adjusted_rsi_exit-cross_rsi_smoothing-wilder_same_bar_reentry-allowed_warmup-strict: exit=1 fills=None (9.6s)
[1530/4086] BANK2_BL-08_t50__T_input_field-adjusted_rsi_exit-level_rsi_smoothing-wilder_same_bar_reentry-allowed_warmup-ready_check: ok fills=358 (45.5s)
[1531/4086] BANK2_BL-08_t50__T_input_field-raw_rsi_exit-level_rsi_smoothing-wilder_same_bar_reentry-wait_bar_warmup-ready_check: ok fills=346 (42.5s)
[1532/4086] BANK2_BL-08_t50__T_input_field-adjusted_rsi_exit-level_rsi_smoothing-wilder_same_bar_reentry-wait_bar_warmup-ready_check: ok fills=336 (44.8s)
[1533/4086] BANK2_BL-08_t50__T_input_field-raw_rsi_exit-level_rsi_smoothing-wilder_same_bar_reentry-allowed_warmup-ready_per_rule: ok fills=378 (41.6s)
[1534/4086] BANK2_BL-08_t50__T_input_field-adjusted_rsi_exit-level_rsi_smoothing-wilder_same_bar_reentry-wait_bar_warmup-ready_per_rule: ok fills=346 (44.5s)
[1535/4086] BANK2_BL-08_t50__T_input_field-raw_rsi_exit-level_rsi_smoothing-wilder_same_bar_reentry-wait_bar_warmup-ready_per_rule: ok fills=356 (48.8s)
[1536/4086] BANK2_BL-08_t50__T_input_field-adjusted_rsi_exit-cross_rsi_smoothing-wilder_same_bar_reentry-wait_bar_warmup-strict: ok fills=272 (44.2s)
[1537/4086] BANK2_BL-08_t50__T_input_field-adjusted_rsi_exit-cross_rsi_smoothing-wilder_same_bar_reentry-allowed_warmup-ready_check: ok fills=264 (43.3s)
[1538/4086] BANK2_BL-08_t50__T_input_field-raw_rsi_exit-cross_rsi_smoothing-wilder_same_bar_reentry-allowed_warmup-strict: ok fills=292 (48.5s)
[1539/4086] BANK2_BL-08_t50__T_input_field-raw_rsi_exit-cross_rsi_smoothing-wilder_same_bar_reentry-wait_bar_warmup-strict: ok fills=292 (49.0s)
[1540/4086] BANK2_BL-08_t50__T_input_field-raw_rsi_exit-cross_rsi_smoothing-wilder_same_bar_reentry-allowed_warmup-ready_check: ok fills=284 (47.9s)
[1541/4086] BANK2_BL-08_t50__T_input_field-adjusted_rsi_exit-cross_rsi_smoothing-wilder_same_bar_reentry-wait_bar_warmup-ready_check: ok fills=264 (43.9s)
[1542/4086] BANK2_BL-08_t50__T_input_field-raw_rsi_exit-cross_rsi_smoothing-wilder_same_bar_reentry-wait_bar_warmup-ready_check: ok fills=284 (39.6s)
[1543/4086] BANK2_BL-08_t50__T_input_field-adjusted_rsi_exit-cross_rsi_smoothing-wilder_same_bar_reentry-allowed_warmup-ready_per_rule: ok fills=272 (40.8s)
[1544/4086] BANK2_BL-08_t50__T_input_field-adjusted_rsi_exit-level_rsi_smoothing-simple_same_bar_reentry-wait_bar_warmup-strict: exit=1 fills=None (12.8s)
[1545/4086] BANK2_BL-08_t50__T_input_field-raw_rsi_exit-cross_rsi_smoothing-wilder_same_bar_reentry-allowed_warmup-ready_per_rule: ok fills=292 (42.4s)
[1546/4086] BANK2_BL-08_t50__T_input_field-raw_rsi_exit-cross_rsi_smoothing-wilder_same_bar_reentry-wait_bar_warmup-ready_per_rule: ok fills=292 (48.4s)
[1547/4086] BANK2_BL-08_t50__T_input_field-raw_rsi_exit-level_rsi_smoothing-simple_same_bar_reentry-allowed_warmup-strict: ok fills=420 (47.7s)
[1548/4086] BANK2_BL-08_t50__T_input_field-adjusted_rsi_exit-cross_rsi_smoothing-wilder_same_bar_reentry-wait_bar_warmup-ready_per_rule: ok fills=272 (52.9s)
[1549/4086] BANK2_BL-08_t50__T_input_field-adjusted_rsi_exit-level_rsi_smoothing-simple_same_bar_reentry-allowed_warmup-strict: ok fills=402 (49.8s)
[1550/4086] BANK2_BL-08_t50__T_input_field-raw_rsi_exit-level_rsi_smoothing-simple_same_bar_reentry-wait_bar_warmup-strict: ok fills=380 (43.6s)
[1551/4086] BANK2_BL-08_t50__T_input_field-adjusted_rsi_exit-level_rsi_smoothing-simple_same_bar_reentry-allowed_warmup-ready_check: ok fills=380 (44.9s)
[1552/4086] BANK2_BL-08_t50__T_input_field-raw_rsi_exit-level_rsi_smoothing-simple_same_bar_reentry-allowed_warmup-ready_check: ok fills=398 (45.2s)
[1553/4086] BANK2_BL-08_t50__T_input_field-adjusted_rsi_exit-level_rsi_smoothing-simple_same_bar_reentry-wait_bar_warmup-ready_check: ok fills=348 (43.7s)
[1554/4086] BANK2_BL-08_t50__T_input_field-raw_rsi_exit-level_rsi_smoothing-simple_same_bar_reentry-allowed_warmup-ready_per_rule: ok fills=416 (41.7s)
[1555/4086] BANK2_BL-08_t50__T_input_field-adjusted_rsi_exit-cross_rsi_smoothing-simple_same_bar_reentry-wait_bar_warmup-strict: exit=1 fills=None (9.6s)
[1556/4086] BANK2_BL-08_t50__T_input_field-adjusted_rsi_exit-level_rsi_smoothing-simple_same_bar_reentry-allowed_warmup-ready_per_rule: ok fills=398 (43.5s)
[1557/4086] BANK2_BL-08_t50__T_input_field-raw_rsi_exit-level_rsi_smoothing-simple_same_bar_reentry-wait_bar_warmup-ready_check: ok fills=366 (46.2s)
[1558/4086] BANK2_BL-08_t50__T_input_field-adjusted_rsi_exit-level_rsi_smoothing-simple_same_bar_reentry-wait_bar_warmup-ready_per_rule: ok fills=360 (44.8s)
[1559/4086] BANK2_BL-08_t50__T_input_field-raw_rsi_exit-level_rsi_smoothing-simple_same_bar_reentry-wait_bar_warmup-ready_per_rule: ok fills=378 (43.6s)
[1560/4086] BANK2_BL-08_t50__T_input_field-adjusted_rsi_exit-cross_rsi_smoothing-simple_same_bar_reentry-wait_bar_warmup-ready_check: exit=1 fills=None (12.2s)
[1561/4086] BANK2_BL-08_t50__T_input_field-adjusted_rsi_exit-cross_rsi_smoothing-simple_same_bar_reentry-allowed_warmup-strict: ok fills=290 (46.9s)
[1562/4086] BANK2_BL-08_t50__T_input_field-raw_rsi_exit-cross_rsi_smoothing-simple_same_bar_reentry-allowed_warmup-strict: ok fills=310 (50.3s)
[1563/4086] BANK2_BL-08_t50__T_input_field-adjusted_rsi_exit-cross_rsi_smoothing-simple_same_bar_reentry-wait_bar_warmup-ready_per_rule: exit=1 fills=None (5.9s)
[1564/4086] BANK2_BL-08_t50__T_input_field-adjusted_rsi_exit-cross_rsi_smoothing-simple_same_bar_reentry-allowed_warmup-ready_check: ok fills=284 (44.3s)
[1565/4086] BANK2_BL-08_t50__OAT_a_exec-set_holdings: exit=1 fills=None (8.1s)
[1566/4086] BANK2_BL-08_t50__T_input_field-raw_rsi_exit-cross_rsi_smoothing-simple_same_bar_reentry-wait_bar_warmup-strict: ok fills=310 (45.0s)
[1567/4086] BANK2_BL-08_t50__T_input_field-raw_rsi_exit-cross_rsi_smoothing-simple_same_bar_reentry-wait_bar_warmup-ready_check: ok fills=304 (43.4s)
[1568/4086] BANK2_BL-08_t50__T_input_field-raw_rsi_exit-cross_rsi_smoothing-simple_same_bar_reentry-allowed_warmup-ready_check: ok fills=304 (47.0s)
[1569/4086] BANK2_BL-08_t50__T_input_field-adjusted_rsi_exit-cross_rsi_smoothing-simple_same_bar_reentry-allowed_warmup-ready_per_rule: ok fills=290 (38.8s)
[1570/4086] BANK2_BL-08_t50__SPOT_all_excluded_off: exit=1 fills=None (10.1s)
[1571/4086] BANK2_BL-08_t50__T_input_field-raw_rsi_exit-cross_rsi_smoothing-simple_same_bar_reentry-allowed_warmup-ready_per_rule: ok fills=310 (42.5s)
[1572/4086] BANK2_BL-08_t50__T_input_field-raw_rsi_exit-cross_rsi_smoothing-simple_same_bar_reentry-wait_bar_warmup-ready_per_rule: ok fills=310 (45.7s)
[1573/4086] BANK2_BL-08_t60__ref: ok fills=270 (45.6s)
[1574/4086] BANK2_BL-08_t60__T_input_field-adjusted_rsi_exit-level_rsi_smoothing-wilder_same_bar_reentry-wait_bar_warmup-ready_check: exit=1 fills=None (8.2s)
[1575/4086] BANK2_BL-08_t50__OAT_cross_timing-today_ma: ok fills=366 (46.1s)
[1576/4086] BANK2_BL-08_t60__T_input_field-raw_rsi_exit-level_rsi_smoothing-wilder_same_bar_reentry-allowed_warmup-strict: ok fills=280 (45.0s)
[1577/4086] BANK2_BL-08_t60__T_input_field-adjusted_rsi_exit-level_rsi_smoothing-wilder_same_bar_reentry-wait_bar_warmup-strict: ok fills=266 (45.9s)
[1578/4086] BANK2_BL-08_t60__T_input_field-adjusted_rsi_exit-level_rsi_smoothing-wilder_same_bar_reentry-allowed_warmup-ready_check: ok fills=266 (44.5s)
[1579/4086] BANK2_BL-08_t60__T_input_field-raw_rsi_exit-level_rsi_smoothing-wilder_same_bar_reentry-allowed_warmup-ready_check: ok fills=276 (41.7s)
[1580/4086] BANK2_BL-08_t60__T_input_field-raw_rsi_exit-level_rsi_smoothing-wilder_same_bar_reentry-wait_bar_warmup-strict: ok fills=278 (45.9s)
[1581/4086] BANK2_BL-08_t60__T_input_field-raw_rsi_exit-level_rsi_smoothing-wilder_same_bar_reentry-wait_bar_warmup-ready_check: exit=1 fills=None (9.6s)
[1582/4086] BANK2_BL-08_t60__T_input_field-adjusted_rsi_exit-level_rsi_smoothing-wilder_same_bar_reentry-allowed_warmup-ready_per_rule: ok fills=270 (44.2s)
[1583/4086] BANK2_BL-08_t60__T_input_field-raw_rsi_exit-level_rsi_smoothing-wilder_same_bar_reentry-allowed_warmup-ready_per_rule: ok fills=280 (46.0s)
[1584/4086] BANK2_BL-08_t60__T_input_field-raw_rsi_exit-level_rsi_smoothing-wilder_same_bar_reentry-wait_bar_warmup-ready_per_rule: ok fills=278 (46.2s)
[1585/4086] BANK2_BL-08_t60__T_input_field-adjusted_rsi_exit-level_rsi_smoothing-wilder_same_bar_reentry-wait_bar_warmup-ready_per_rule: ok fills=266 (48.4s)
[1586/4086] BANK2_BL-08_t60__T_input_field-raw_rsi_exit-cross_rsi_smoothing-wilder_same_bar_reentry-wait_bar_warmup-strict: ok fills=264 (42.4s)
[1587/4086] BANK2_BL-08_t60__T_input_field-adjusted_rsi_exit-cross_rsi_smoothing-wilder_same_bar_reentry-wait_bar_warmup-strict: ok fills=250 (46.0s)
[1588/4086] BANK2_BL-08_t60__T_input_field-adjusted_rsi_exit-cross_rsi_smoothing-wilder_same_bar_reentry-allowed_warmup-strict: ok fills=250 (48.0s)
[1589/4086] BANK2_BL-08_t60__T_input_field-raw_rsi_exit-cross_rsi_smoothing-wilder_same_bar_reentry-allowed_warmup-strict: ok fills=264 (48.0s)
[1590/4086] BANK2_BL-08_t60__T_input_field-raw_rsi_exit-cross_rsi_smoothing-wilder_same_bar_reentry-allowed_warmup-ready_check: ok fills=260 (37.0s)
[1591/4086] BANK2_BL-08_t60__T_input_field-adjusted_rsi_exit-cross_rsi_smoothing-wilder_same_bar_reentry-allowed_warmup-ready_check: ok fills=246 (45.9s)
[1592/4086] BANK2_BL-08_t60__T_input_field-adjusted_rsi_exit-cross_rsi_smoothing-wilder_same_bar_reentry-allowed_warmup-ready_per_rule: ok fills=250 (39.2s)
[1593/4086] BANK2_BL-08_t60__T_input_field-raw_rsi_exit-cross_rsi_smoothing-wilder_same_bar_reentry-wait_bar_warmup-ready_check: ok fills=260 (48.6s)
[1594/4086] BANK2_BL-08_t60__T_input_field-adjusted_rsi_exit-cross_rsi_smoothing-wilder_same_bar_reentry-wait_bar_warmup-ready_per_rule: ok fills=250 (43.1s)
[1595/4086] BANK2_BL-08_t60__T_input_field-adjusted_rsi_exit-cross_rsi_smoothing-wilder_same_bar_reentry-wait_bar_warmup-ready_check: ok fills=246 (49.9s)
[1596/4086] BANK2_BL-08_t60__T_input_field-raw_rsi_exit-cross_rsi_smoothing-wilder_same_bar_reentry-allowed_warmup-ready_per_rule: ok fills=264 (47.1s)
[1597/4086] BANK2_BL-08_t60__T_input_field-raw_rsi_exit-cross_rsi_smoothing-wilder_same_bar_reentry-wait_bar_warmup-ready_per_rule: ok fills=264 (48.8s)
[1598/4086] BANK2_BL-08_t60__T_input_field-adjusted_rsi_exit-level_rsi_smoothing-simple_same_bar_reentry-allowed_warmup-strict: ok fills=320 (48.8s)
[1599/4086] BANK2_BL-08_t60__T_input_field-raw_rsi_exit-level_rsi_smoothing-simple_same_bar_reentry-allowed_warmup-strict: ok fills=338 (44.6s)
[1600/4086] BANK2_BL-08_t60__T_input_field-adjusted_rsi_exit-level_rsi_smoothing-simple_same_bar_reentry-wait_bar_warmup-strict: ok fills=306 (45.7s)
[1601/4086] BANK2_BL-08_t60__T_input_field-adjusted_rsi_exit-level_rsi_smoothing-simple_same_bar_reentry-wait_bar_warmup-ready_check: ok fills=296 (44.8s)
[1602/4086] BANK2_BL-08_t60__T_input_field-raw_rsi_exit-level_rsi_smoothing-simple_same_bar_reentry-allowed_warmup-ready_check: ok fills=324 (47.3s)
[1603/4086] BANK2_BL-08_t60__T_input_field-adjusted_rsi_exit-level_rsi_smoothing-simple_same_bar_reentry-allowed_warmup-ready_check: ok fills=306 (48.7s)
[1604/4086] BANK2_BL-08_t60__T_input_field-raw_rsi_exit-level_rsi_smoothing-simple_same_bar_reentry-wait_bar_warmup-strict: ok fills=324 (51.0s)
[1605/4086] BANK2_BL-08_t60__T_input_field-raw_rsi_exit-level_rsi_smoothing-simple_same_bar_reentry-wait_bar_warmup-ready_check: ok fills=314 (44.9s)
[1606/4086] BANK2_BL-08_t60__T_input_field-adjusted_rsi_exit-level_rsi_smoothing-simple_same_bar_reentry-allowed_warmup-ready_per_rule: ok fills=318 (46.6s)
[1607/4086] BANK2_BL-08_t60__T_input_field-raw_rsi_exit-level_rsi_smoothing-simple_same_bar_reentry-allowed_warmup-ready_per_rule: ok fills=336 (45.8s)
[1608/4086] BANK2_BL-08_t60__T_input_field-adjusted_rsi_exit-level_rsi_smoothing-simple_same_bar_reentry-wait_bar_warmup-ready_per_rule: ok fills=304 (46.6s)
[1609/4086] BANK2_BL-08_t60__T_input_field-adjusted_rsi_exit-cross_rsi_smoothing-simple_same_bar_reentry-allowed_warmup-strict: ok fills=270 (44.3s)
[1610/4086] BANK2_BL-08_t60__T_input_field-adjusted_rsi_exit-cross_rsi_smoothing-simple_same_bar_reentry-wait_bar_warmup-strict: ok fills=270 (44.2s)
[1611/4086] BANK2_BL-08_t60__T_input_field-raw_rsi_exit-level_rsi_smoothing-simple_same_bar_reentry-wait_bar_warmup-ready_per_rule: ok fills=322 (50.6s)
[1612/4086] BANK2_BL-08_t60__T_input_field-raw_rsi_exit-cross_rsi_smoothing-simple_same_bar_reentry-wait_bar_warmup-strict: ok fills=290 (49.5s)
[1613/4086] BANK2_BL-08_t60__T_input_field-raw_rsi_exit-cross_rsi_smoothing-simple_same_bar_reentry-wait_bar_warmup-ready_check: exit=1 fills=None (8.9s)
[1614/4086] BANK2_BL-08_t60__T_input_field-raw_rsi_exit-cross_rsi_smoothing-simple_same_bar_reentry-allowed_warmup-strict: ok fills=290 (53.6s)
[1615/4086] BANK2_BL-08_t60__T_input_field-adjusted_rsi_exit-cross_rsi_smoothing-simple_same_bar_reentry-allowed_warmup-ready_check: ok fills=262 (44.1s)
[1616/4086] BANK2_BL-08_t60__T_input_field-raw_rsi_exit-cross_rsi_smoothing-simple_same_bar_reentry-allowed_warmup-ready_check: ok fills=282 (46.8s)
[1617/4086] BANK2_BL-08_t60__T_input_field-adjusted_rsi_exit-cross_rsi_smoothing-simple_same_bar_reentry-wait_bar_warmup-ready_check: ok fills=262 (45.3s)
[1618/4086] BANK2_BL-08_t60__T_input_field-adjusted_rsi_exit-cross_rsi_smoothing-simple_same_bar_reentry-allowed_warmup-ready_per_rule: ok fills=268 (42.8s)
[1619/4086] BANK2_BL-08_t60__T_input_field-raw_rsi_exit-cross_rsi_smoothing-simple_same_bar_reentry-allowed_warmup-ready_per_rule: ok fills=288 (47.8s)
[1620/4086] BANK2_BL-08_t60__T_input_field-adjusted_rsi_exit-cross_rsi_smoothing-simple_same_bar_reentry-wait_bar_warmup-ready_per_rule: ok fills=268 (49.4s)
[1621/4086] BANK2_BL-08_t60__OAT_a_exec-set_holdings: ok fills=270 (48.0s)
[1622/4086] BANK2_BL-08_t60__T_input_field-raw_rsi_exit-cross_rsi_smoothing-simple_same_bar_reentry-wait_bar_warmup-ready_per_rule: ok fills=288 (49.7s)
[1623/4086] BANK2_BL-08_t60__OAT_cross_timing-today_ma: ok fills=266 (42.1s)
[1624/4086] BANK2_BL-08_t70__ref: ok fills=202 (46.9s)
[1625/4086] BANK2_BL-08_t60__SPOT_all_excluded_off: ok fills=266 (48.8s)
[1626/4086] BANK2_BL-08_t70__T_input_field-raw_rsi_exit-level_rsi_smoothing-wilder_same_bar_reentry-allowed_warmup-strict: ok fills=216 (40.7s)
[1627/4086] BANK2_BL-08_t70__T_input_field-adjusted_rsi_exit-level_rsi_smoothing-wilder_same_bar_reentry-wait_bar_warmup-strict: ok fills=202 (37.0s)
[1628/4086] BANK2_BL-08_t70__T_input_field-adjusted_rsi_exit-level_rsi_smoothing-wilder_same_bar_reentry-allowed_warmup-ready_check: ok fills=202 (42.0s)
[1629/4086] BANK2_BL-08_t70__T_input_field-raw_rsi_exit-level_rsi_smoothing-wilder_same_bar_reentry-allowed_warmup-ready_check: ok fills=216 (45.5s)
[1630/4086] BANK2_BL-08_t70__T_input_field-raw_rsi_exit-level_rsi_smoothing-wilder_same_bar_reentry-wait_bar_warmup-strict: ok fills=216 (46.4s)
[1631/4086] BANK2_BL-08_t70__T_input_field-adjusted_rsi_exit-level_rsi_smoothing-wilder_same_bar_reentry-wait_bar_warmup-ready_check: ok fills=202 (41.4s)
[1632/4086] BANK2_BL-08_t70__T_input_field-adjusted_rsi_exit-cross_rsi_smoothing-wilder_same_bar_reentry-allowed_warmup-strict: exit=1 fills=None (11.3s)
[1633/4086] BANK2_BL-08_t70__T_input_field-raw_rsi_exit-level_rsi_smoothing-wilder_same_bar_reentry-wait_bar_warmup-ready_check: ok fills=216 (45.8s)
[1634/4086] BANK2_BL-08_t70__T_input_field-raw_rsi_exit-level_rsi_smoothing-wilder_same_bar_reentry-allowed_warmup-ready_per_rule: ok fills=216 (48.9s)
[1635/4086] BANK2_BL-08_t70__T_input_field-adjusted_rsi_exit-level_rsi_smoothing-wilder_same_bar_reentry-allowed_warmup-ready_per_rule: ok fills=202 (51.3s)
[1636/4086] BANK2_BL-08_t70__T_input_field-adjusted_rsi_exit-level_rsi_smoothing-wilder_same_bar_reentry-wait_bar_warmup-ready_per_rule: ok fills=202 (44.5s)
[1637/4086] BANK2_BL-08_t70__T_input_field-raw_rsi_exit-level_rsi_smoothing-wilder_same_bar_reentry-wait_bar_warmup-ready_per_rule: ok fills=216 (46.9s)
[1638/4086] BANK2_BL-08_t70__T_input_field-raw_rsi_exit-cross_rsi_smoothing-wilder_same_bar_reentry-allowed_warmup-strict: ok fills=214 (43.3s)
[1639/4086] BANK2_BL-08_t70__T_input_field-raw_rsi_exit-cross_rsi_smoothing-wilder_same_bar_reentry-wait_bar_warmup-strict: ok fills=214 (41.2s)
[1640/4086] BANK2_BL-08_t70__T_input_field-adjusted_rsi_exit-cross_rsi_smoothing-wilder_same_bar_reentry-allowed_warmup-ready_per_rule: exit=1 fills=None (10.7s)
[1641/4086] BANK2_BL-08_t70__T_input_field-adjusted_rsi_exit-cross_rsi_smoothing-wilder_same_bar_reentry-wait_bar_warmup-strict: ok fills=200 (45.5s)
[1642/4086] BANK2_BL-08_t70__T_input_field-adjusted_rsi_exit-cross_rsi_smoothing-wilder_same_bar_reentry-allowed_warmup-ready_check: ok fills=200 (46.3s)
[1643/4086] BANK2_BL-08_t70__T_input_field-raw_rsi_exit-cross_rsi_smoothing-wilder_same_bar_reentry-wait_bar_warmup-ready_check: ok fills=214 (41.2s)
[1644/4086] BANK2_BL-08_t70__T_input_field-adjusted_rsi_exit-cross_rsi_smoothing-wilder_same_bar_reentry-wait_bar_warmup-ready_check: ok fills=200 (44.2s)
[1645/4086] BANK2_BL-08_t70__T_input_field-raw_rsi_exit-cross_rsi_smoothing-wilder_same_bar_reentry-allowed_warmup-ready_check: ok fills=214 (45.7s)
[1646/4086] BANK2_BL-08_t70__T_input_field-raw_rsi_exit-cross_rsi_smoothing-wilder_same_bar_reentry-allowed_warmup-ready_per_rule: ok fills=214 (43.3s)
[1647/4086] BANK2_BL-08_t70__T_input_field-adjusted_rsi_exit-cross_rsi_smoothing-wilder_same_bar_reentry-wait_bar_warmup-ready_per_rule: ok fills=200 (44.3s)
[1648/4086] BANK2_BL-08_t70__T_input_field-raw_rsi_exit-cross_rsi_smoothing-wilder_same_bar_reentry-wait_bar_warmup-ready_per_rule: ok fills=214 (50.5s)
[1649/4086] BANK2_BL-08_t70__T_input_field-adjusted_rsi_exit-level_rsi_smoothing-simple_same_bar_reentry-wait_bar_warmup-ready_check: exit=1 fills=None (7.6s)
[1650/4086] BANK2_BL-08_t70__T_input_field-adjusted_rsi_exit-level_rsi_smoothing-simple_same_bar_reentry-allowed_warmup-strict: ok fills=248 (48.6s)
[1651/4086] BANK2_BL-08_t70__T_input_field-adjusted_rsi_exit-level_rsi_smoothing-simple_same_bar_reentry-wait_bar_warmup-strict: ok fills=242 (44.1s)
[1652/4086] BANK2_BL-08_t70__T_input_field-raw_rsi_exit-level_rsi_smoothing-simple_same_bar_reentry-wait_bar_warmup-strict: ok fills=260 (44.2s)
[1653/4086] BANK2_BL-08_t70__T_input_field-raw_rsi_exit-level_rsi_smoothing-simple_same_bar_reentry-allowed_warmup-strict: ok fills=264 (48.3s)
[1654/4086] BANK2_BL-08_t70__T_input_field-adjusted_rsi_exit-level_rsi_smoothing-simple_same_bar_reentry-allowed_warmup-ready_check: ok fills=246 (45.2s)
[1655/4086] BANK2_BL-08_t70__T_input_field-raw_rsi_exit-level_rsi_smoothing-simple_same_bar_reentry-allowed_warmup-ready_check: ok fills=262 (38.7s)
[1656/4086] BANK2_BL-08_t70__T_input_field-raw_rsi_exit-level_rsi_smoothing-simple_same_bar_reentry-wait_bar_warmup-ready_check: ok fills=258 (45.3s)
[1657/4086] BANK2_BL-08_t70__T_input_field-adjusted_rsi_exit-level_rsi_smoothing-simple_same_bar_reentry-allowed_warmup-ready_per_rule: ok fills=248 (45.4s)
[1658/4086] BANK2_BL-08_t70__T_input_field-raw_rsi_exit-level_rsi_smoothing-simple_same_bar_reentry-allowed_warmup-ready_per_rule: ok fills=264 (46.4s)
[1659/4086] BANK2_BL-08_t70__T_input_field-adjusted_rsi_exit-level_rsi_smoothing-simple_same_bar_reentry-wait_bar_warmup-ready_per_rule: ok fills=242 (41.0s)
[1660/4086] BANK2_BL-08_t70__T_input_field-adjusted_rsi_exit-cross_rsi_smoothing-simple_same_bar_reentry-allowed_warmup-strict: ok fills=232 (42.6s)
[1661/4086] BANK2_BL-08_t70__T_input_field-raw_rsi_exit-cross_rsi_smoothing-simple_same_bar_reentry-allowed_warmup-strict: ok fills=250 (49.0s)
[1662/4086] BANK2_BL-08_t70__T_input_field-raw_rsi_exit-level_rsi_smoothing-simple_same_bar_reentry-wait_bar_warmup-ready_per_rule: ok fills=260 (51.2s)
[1663/4086] BANK2_BL-08_t70__T_input_field-adjusted_rsi_exit-cross_rsi_smoothing-simple_same_bar_reentry-wait_bar_warmup-strict: ok fills=232 (46.7s)
[1664/4086] BANK2_BL-08_t70__T_input_field-raw_rsi_exit-cross_rsi_smoothing-simple_same_bar_reentry-wait_bar_warmup-ready_check: exit=1 fills=None (9.6s)
[1665/4086] BANK2_BL-08_t70__T_input_field-raw_rsi_exit-cross_rsi_smoothing-simple_same_bar_reentry-wait_bar_warmup-strict: ok fills=250 (43.5s)
[1666/4086] BANK2_BL-08_t70__T_input_field-adjusted_rsi_exit-cross_rsi_smoothing-simple_same_bar_reentry-allowed_warmup-ready_check: ok fills=230 (44.8s)
[1667/4086] BANK2_BL-08_t70__T_input_field-raw_rsi_exit-cross_rsi_smoothing-simple_same_bar_reentry-allowed_warmup-ready_check: ok fills=248 (46.6s)
[1668/4086] BANK2_BL-08_t70__T_input_field-adjusted_rsi_exit-cross_rsi_smoothing-simple_same_bar_reentry-wait_bar_warmup-ready_check: ok fills=230 (43.5s)
[1669/4086] BANK2_BL-08_t70__T_input_field-adjusted_rsi_exit-cross_rsi_smoothing-simple_same_bar_reentry-allowed_warmup-ready_per_rule: ok fills=232 (43.0s)
[1670/4086] BANK2_BL-08_t70__T_input_field-raw_rsi_exit-cross_rsi_smoothing-simple_same_bar_reentry-allowed_warmup-ready_per_rule: ok fills=250 (42.9s)
[1671/4086] BANK2_BL-08_t70__T_input_field-raw_rsi_exit-cross_rsi_smoothing-simple_same_bar_reentry-wait_bar_warmup-ready_per_rule: ok fills=250 (41.5s)
[1672/4086] BANK2_BL-08_t70__T_input_field-adjusted_rsi_exit-cross_rsi_smoothing-simple_same_bar_reentry-wait_bar_warmup-ready_per_rule: ok fills=232 (44.6s)
[1673/4086] BANK2_BL-08_t70__OAT_a_exec-set_holdings: ok fills=202 (45.8s)
[1674/4086] BANK2_BL-08_t70__OAT_cross_timing-today_ma: ok fills=198 (50.2s)
[1675/4086] BANK2_BL-08_t70__SPOT_all_excluded_off: ok fills=198 (48.6s)
[1676/4086] BANK2_BL-08_t80__ref: ok fills=144 (48.0s)
[1677/4086] BANK2_BL-08_t80__T_input_field-raw_rsi_exit-level_rsi_smoothing-wilder_same_bar_reentry-allowed_warmup-strict: ok fills=162 (45.9s)
[1678/4086] BANK2_BL-08_t80__T_input_field-raw_rsi_exit-level_rsi_smoothing-wilder_same_bar_reentry-wait_bar_warmup-strict: ok fills=162 (48.1s)
[1679/4086] BANK2_BL-08_t80__T_input_field-adjusted_rsi_exit-level_rsi_smoothing-wilder_same_bar_reentry-wait_bar_warmup-strict: ok fills=144 (49.5s)
[1680/4086] BANK2_BL-08_t80__T_input_field-adjusted_rsi_exit-level_rsi_smoothing-wilder_same_bar_reentry-allowed_warmup-ready_check: ok fills=144 (48.3s)
[1681/4086] BANK2_BL-08_t80__T_input_field-raw_rsi_exit-level_rsi_smoothing-wilder_same_bar_reentry-allowed_warmup-ready_check: ok fills=162 (40.1s)
[1682/4086] BANK2_BL-08_t80__T_input_field-adjusted_rsi_exit-level_rsi_smoothing-wilder_same_bar_reentry-wait_bar_warmup-ready_check: ok fills=144 (39.4s)
[1683/4086] BANK2_BL-08_t80__T_input_field-raw_rsi_exit-level_rsi_smoothing-wilder_same_bar_reentry-wait_bar_warmup-ready_check: ok fills=162 (48.0s)
[1684/4086] BANK2_BL-08_t80__T_input_field-adjusted_rsi_exit-level_rsi_smoothing-wilder_same_bar_reentry-allowed_warmup-ready_per_rule: ok fills=144 (45.4s)
[1685/4086] BANK2_BL-08_t80__T_input_field-raw_rsi_exit-level_rsi_smoothing-wilder_same_bar_reentry-allowed_warmup-ready_per_rule: ok fills=162 (53.1s)
[1686/4086] BANK2_BL-08_t80__T_input_field-raw_rsi_exit-level_rsi_smoothing-wilder_same_bar_reentry-wait_bar_warmup-ready_per_rule: ok fills=162 (50.6s)
[1687/4086] BANK2_BL-08_t80__T_input_field-adjusted_rsi_exit-cross_rsi_smoothing-wilder_same_bar_reentry-allowed_warmup-strict: ok fills=144 (49.7s)
[1688/4086] BANK2_BL-08_t80__T_input_field-adjusted_rsi_exit-level_rsi_smoothing-wilder_same_bar_reentry-wait_bar_warmup-ready_per_rule: ok fills=144 (54.5s)
[1689/4086] BANK2_BL-08_t80__T_input_field-raw_rsi_exit-cross_rsi_smoothing-wilder_same_bar_reentry-allowed_warmup-strict: ok fills=162 (43.4s)
[1690/4086] BANK2_BL-08_t80__T_input_field-adjusted_rsi_exit-cross_rsi_smoothing-wilder_same_bar_reentry-wait_bar_warmup-ready_check: exit=1 fills=None (8.6s)
[1691/4086] BANK2_BL-08_t80__T_input_field-adjusted_rsi_exit-cross_rsi_smoothing-wilder_same_bar_reentry-allowed_warmup-ready_per_rule: exit=1 fills=None (6.9s)
[1692/4086] BANK2_BL-08_t80__T_input_field-adjusted_rsi_exit-cross_rsi_smoothing-wilder_same_bar_reentry-wait_bar_warmup-strict: ok fills=144 (43.7s)
[1693/4086] BANK2_BL-08_t80__T_input_field-raw_rsi_exit-cross_rsi_smoothing-wilder_same_bar_reentry-wait_bar_warmup-strict: ok fills=162 (45.2s)
[1694/4086] BANK2_BL-08_t80__T_input_field-adjusted_rsi_exit-cross_rsi_smoothing-wilder_same_bar_reentry-allowed_warmup-ready_check: ok fills=144 (45.5s)
[1695/4086] BANK2_BL-08_t80__T_input_field-raw_rsi_exit-cross_rsi_smoothing-wilder_same_bar_reentry-allowed_warmup-ready_check: ok fills=162 (41.6s)
[1696/4086] BANK2_BL-08_t80__T_input_field-raw_rsi_exit-cross_rsi_smoothing-wilder_same_bar_reentry-wait_bar_warmup-ready_check: ok fills=162 (41.0s)
[1697/4086] BANK2_BL-08_t80__T_input_field-raw_rsi_exit-cross_rsi_smoothing-wilder_same_bar_reentry-allowed_warmup-ready_per_rule: ok fills=162 (51.3s)
[1698/4086] BANK2_BL-08_t80__T_input_field-raw_rsi_exit-cross_rsi_smoothing-wilder_same_bar_reentry-wait_bar_warmup-ready_per_rule: ok fills=162 (50.2s)
[1699/4086] BANK2_BL-08_t80__T_input_field-adjusted_rsi_exit-cross_rsi_smoothing-wilder_same_bar_reentry-wait_bar_warmup-ready_per_rule: ok fills=144 (51.4s)
[1700/4086] BANK2_BL-08_t80__T_input_field-adjusted_rsi_exit-level_rsi_smoothing-simple_same_bar_reentry-allowed_warmup-strict: ok fills=192 (47.3s)
[1701/4086] BANK2_BL-08_t80__T_input_field-raw_rsi_exit-level_rsi_smoothing-simple_same_bar_reentry-allowed_warmup-strict: ok fills=212 (53.5s)
[1702/4086] BANK2_BL-08_t80__T_input_field-adjusted_rsi_exit-level_rsi_smoothing-simple_same_bar_reentry-wait_bar_warmup-strict: ok fills=190 (54.4s)
[1703/4086] BANK2_BL-08_t80__T_input_field-adjusted_rsi_exit-level_rsi_smoothing-simple_same_bar_reentry-allowed_warmup-ready_check: ok fills=192 (62.3s)
[1704/4086] BANK2_BL-08_t80__T_input_field-raw_rsi_exit-level_rsi_smoothing-simple_same_bar_reentry-wait_bar_warmup-strict: ok fills=210 (65.3s)
[1705/4086] BANK2_BL-08_t80__T_input_field-raw_rsi_exit-level_rsi_smoothing-simple_same_bar_reentry-allowed_warmup-ready_check: ok fills=212 (60.4s)
[1706/4086] BANK2_BL-08_t80__T_input_field-raw_rsi_exit-level_rsi_smoothing-simple_same_bar_reentry-wait_bar_warmup-ready_check: ok fills=210 (60.6s)
[1707/4086] BANK2_BL-08_t80__T_input_field-adjusted_rsi_exit-level_rsi_smoothing-simple_same_bar_reentry-allowed_warmup-ready_per_rule: ok fills=192 (60.2s)
[1708/4086] BANK2_BL-08_t80__T_input_field-adjusted_rsi_exit-level_rsi_smoothing-simple_same_bar_reentry-wait_bar_warmup-ready_check: ok fills=190 (63.5s)
[1709/4086] BANK2_BL-08_t80__T_input_field-raw_rsi_exit-level_rsi_smoothing-simple_same_bar_reentry-allowed_warmup-ready_per_rule: ok fills=212 (47.5s)
[1710/4086] BANK2_BL-08_t80__T_input_field-adjusted_rsi_exit-level_rsi_smoothing-simple_same_bar_reentry-wait_bar_warmup-ready_per_rule: ok fills=190 (47.8s)
[1711/4086] BANK2_BL-08_t80__T_input_field-raw_rsi_exit-cross_rsi_smoothing-simple_same_bar_reentry-allowed_warmup-strict: exit=1 fills=None (8.9s)
[1712/4086] BANK2_BL-08_t80__T_input_field-raw_rsi_exit-level_rsi_smoothing-simple_same_bar_reentry-wait_bar_warmup-ready_per_rule: ok fills=210 (40.8s)
[1713/4086] BANK2_BL-08_t80__T_input_field-adjusted_rsi_exit-cross_rsi_smoothing-simple_same_bar_reentry-allowed_warmup-strict: ok fills=186 (43.7s)
[1714/4086] BANK2_BL-08_t80__T_input_field-raw_rsi_exit-cross_rsi_smoothing-simple_same_bar_reentry-wait_bar_warmup-strict: ok fills=206 (48.7s)
[1715/4086] BANK2_BL-08_t80__T_input_field-adjusted_rsi_exit-cross_rsi_smoothing-simple_same_bar_reentry-wait_bar_warmup-strict: ok fills=186 (50.6s)
[1716/4086] BANK2_BL-08_t80__T_input_field-raw_rsi_exit-cross_rsi_smoothing-simple_same_bar_reentry-allowed_warmup-ready_check: ok fills=206 (46.8s)
[1717/4086] BANK2_BL-08_t80__T_input_field-adjusted_rsi_exit-cross_rsi_smoothing-simple_same_bar_reentry-allowed_warmup-ready_check: ok fills=186 (51.4s)
[1718/4086] BANK2_BL-08_t80__T_input_field-adjusted_rsi_exit-cross_rsi_smoothing-simple_same_bar_reentry-wait_bar_warmup-ready_check: ok fills=186 (47.6s)
[1719/4086] BANK2_BL-08_t80__T_input_field-raw_rsi_exit-cross_rsi_smoothing-simple_same_bar_reentry-wait_bar_warmup-ready_check: ok fills=206 (48.8s)
[1720/4086] BANK2_BL-08_t80__T_input_field-raw_rsi_exit-cross_rsi_smoothing-simple_same_bar_reentry-wait_bar_warmup-ready_per_rule: exit=1 fills=None (6.6s)
[1721/4086] BANK2_BL-08_t80__T_input_field-adjusted_rsi_exit-cross_rsi_smoothing-simple_same_bar_reentry-allowed_warmup-ready_per_rule: ok fills=186 (38.3s)
[1722/4086] BANK2_BL-08_t80__T_input_field-raw_rsi_exit-cross_rsi_smoothing-simple_same_bar_reentry-allowed_warmup-ready_per_rule: ok fills=206 (38.9s)
[1723/4086] BANK2_BL-08_t80__OAT_a_exec-set_holdings: exit=1 fills=None (15.4s)
[1724/4086] BANK2_BL-08_t80__T_input_field-adjusted_rsi_exit-cross_rsi_smoothing-simple_same_bar_reentry-wait_bar_warmup-ready_per_rule: ok fills=186 (42.4s)
[1725/4086] BANK2_BL-08_t80__SPOT_all_excluded_off: ok fills=140 (38.8s)
[1726/4086] BANK2_BL-08_t80__OAT_cross_timing-today_ma: ok fills=140 (40.4s)
[1727/4086] BANK2_BL-09_all__ref: ok fills=270 (37.9s)
[1728/4086] BANK2_BL-09_all__T_a_exec-calc_shares_cross_timing-today_ma_input_field-adjusted_rsi_exit-level_rsi_smoothing-wilder_same_bar_reentry-allowed_warmup-strict: ok fills=266 (42.3s)
[1729/4086] BANK2_BL-09_all__T_a_exec-calc_shares_cross_timing-both_days_input_field-raw_rsi_exit-level_rsi_smoothing-wilder_same_bar_reentry-allowed_warmup-strict: ok fills=280 (43.4s)
[1730/4086] BANK2_BL-09_all__T_a_exec-calc_shares_cross_timing-both_days_input_field-raw_rsi_exit-level_rsi_smoothing-wilder_same_bar_reentry-wait_bar_warmup-strict: exit=1 fills=None (13.0s)
[1731/4086] BANK2_BL-09_all__T_a_exec-calc_shares_cross_timing-today_ma_input_field-raw_rsi_exit-level_rsi_smoothing-wilder_same_bar_reentry-allowed_warmup-strict: ok fills=278 (40.2s)
[1732/4086] BANK2_BL-09_all__T_a_exec-calc_shares_cross_timing-both_days_input_field-adjusted_rsi_exit-level_rsi_smoothing-wilder_same_bar_reentry-wait_bar_warmup-strict: ok fills=266 (44.2s)
[1733/4086] BANK2_BL-09_all__T_a_exec-calc_shares_cross_timing-today_ma_input_field-adjusted_rsi_exit-level_rsi_smoothing-wilder_same_bar_reentry-wait_bar_warmup-strict: ok fills=262 (45.2s)
[1734/4086] BANK2_BL-09_all__T_a_exec-calc_shares_cross_timing-today_ma_input_field-raw_rsi_exit-level_rsi_smoothing-wilder_same_bar_reentry-wait_bar_warmup-strict: ok fills=276 (42.6s)
[1735/4086] BANK2_BL-09_all__T_a_exec-set_holdings_cross_timing-both_days_input_field-adjusted_rsi_exit-level_rsi_smoothing-wilder_same_bar_reentry-allowed_warmup-strict: ok fills=270 (42.0s)
[1736/4086] BANK2_BL-09_all__T_a_exec-set_holdings_cross_timing-today_ma_input_field-adjusted_rsi_exit-level_rsi_smoothing-wilder_same_bar_reentry-allowed_warmup-strict: ok fills=266 (43.3s)
[1737/4086] BANK2_BL-09_all__T_a_exec-set_holdings_cross_timing-both_days_input_field-adjusted_rsi_exit-level_rsi_smoothing-wilder_same_bar_reentry-wait_bar_warmup-strict: ok fills=266 (44.1s)
[1738/4086] BANK2_BL-09_all__T_a_exec-set_holdings_cross_timing-today_ma_input_field-raw_rsi_exit-level_rsi_smoothing-wilder_same_bar_reentry-allowed_warmup-strict: ok fills=278 (45.0s)
[1739/4086] BANK2_BL-09_all__T_a_exec-set_holdings_cross_timing-today_ma_input_field-adjusted_rsi_exit-level_rsi_smoothing-wilder_same_bar_reentry-wait_bar_warmup-strict: ok fills=262 (41.5s)
[1740/4086] BANK2_BL-09_all__T_a_exec-set_holdings_cross_timing-both_days_input_field-raw_rsi_exit-level_rsi_smoothing-wilder_same_bar_reentry-allowed_warmup-strict: ok fills=280 (49.0s)
[1741/4086] BANK2_BL-09_all__T_a_exec-set_holdings_cross_timing-both_days_input_field-raw_rsi_exit-level_rsi_smoothing-wilder_same_bar_reentry-wait_bar_warmup-strict: ok fills=278 (47.6s)
[1742/4086] BANK2_BL-09_all__T_a_exec-calc_shares_cross_timing-both_days_input_field-adjusted_rsi_exit-level_rsi_smoothing-wilder_same_bar_reentry-allowed_warmup-ready_check: ok fills=266 (48.0s)
[1743/4086] BANK2_BL-09_all__T_a_exec-set_holdings_cross_timing-today_ma_input_field-raw_rsi_exit-level_rsi_smoothing-wilder_same_bar_reentry-wait_bar_warmup-strict: ok fills=276 (48.2s)
[1744/4086] BANK2_BL-09_all__T_a_exec-calc_shares_cross_timing-today_ma_input_field-adjusted_rsi_exit-level_rsi_smoothing-wilder_same_bar_reentry-allowed_warmup-ready_check: ok fills=262 (46.6s)
[1745/4086] BANK2_BL-09_all__T_a_exec-calc_shares_cross_timing-both_days_input_field-raw_rsi_exit-level_rsi_smoothing-wilder_same_bar_reentry-allowed_warmup-ready_check: ok fills=276 (44.4s)
[1746/4086] BANK2_BL-09_all__T_a_exec-calc_shares_cross_timing-today_ma_input_field-raw_rsi_exit-level_rsi_smoothing-wilder_same_bar_reentry-allowed_warmup-ready_check: ok fills=274 (45.5s)
[1747/4086] BANK2_BL-09_all__T_a_exec-set_holdings_cross_timing-today_ma_input_field-adjusted_rsi_exit-level_rsi_smoothing-wilder_same_bar_reentry-allowed_warmup-ready_check: exit=1 fills=None (8.0s)
[1748/4086] BANK2_BL-09_all__T_a_exec-calc_shares_cross_timing-both_days_input_field-adjusted_rsi_exit-level_rsi_smoothing-wilder_same_bar_reentry-wait_bar_warmup-ready_check: ok fills=262 (45.4s)
[1749/4086] BANK2_BL-09_all__T_a_exec-calc_shares_cross_timing-today_ma_input_field-adjusted_rsi_exit-level_rsi_smoothing-wilder_same_bar_reentry-wait_bar_warmup-ready_check: ok fills=258 (48.3s)
[1750/4086] BANK2_BL-09_all__T_a_exec-set_holdings_cross_timing-both_days_input_field-adjusted_rsi_exit-level_rsi_smoothing-wilder_same_bar_reentry-allowed_warmup-ready_check: ok fills=266 (42.8s)
[1751/4086] BANK2_BL-09_all__T_a_exec-calc_shares_cross_timing-both_days_input_field-raw_rsi_exit-level_rsi_smoothing-wilder_same_bar_reentry-wait_bar_warmup-ready_check: ok fills=274 (45.2s)
[1752/4086] BANK2_BL-09_all__T_a_exec-calc_shares_cross_timing-today_ma_input_field-raw_rsi_exit-level_rsi_smoothing-wilder_same_bar_reentry-wait_bar_warmup-ready_check: ok fills=272 (45.1s)
[1753/4086] BANK2_BL-09_all__T_a_exec-set_holdings_cross_timing-today_ma_input_field-raw_rsi_exit-level_rsi_smoothing-wilder_same_bar_reentry-allowed_warmup-ready_check: ok fills=274 (45.2s)
[1754/4086] BANK2_BL-09_all__T_a_exec-set_holdings_cross_timing-both_days_input_field-adjusted_rsi_exit-level_rsi_smoothing-wilder_same_bar_reentry-wait_bar_warmup-ready_check: ok fills=262 (46.9s)
[1755/4086] BANK2_BL-09_all__T_a_exec-set_holdings_cross_timing-both_days_input_field-raw_rsi_exit-level_rsi_smoothing-wilder_same_bar_reentry-allowed_warmup-ready_check: ok fills=276 (50.6s)
[1756/4086] BANK2_BL-09_all__T_a_exec-set_holdings_cross_timing-today_ma_input_field-adjusted_rsi_exit-level_rsi_smoothing-wilder_same_bar_reentry-wait_bar_warmup-ready_check: ok fills=258 (49.5s)
[1757/4086] BANK2_BL-09_all__T_a_exec-set_holdings_cross_timing-both_days_input_field-raw_rsi_exit-level_rsi_smoothing-wilder_same_bar_reentry-wait_bar_warmup-ready_check: ok fills=274 (47.8s)
[1758/4086] BANK2_BL-09_all__T_a_exec-calc_shares_cross_timing-today_ma_input_field-raw_rsi_exit-level_rsi_smoothing-wilder_same_bar_reentry-allowed_warmup-ready_per_rule: exit=1 fills=None (7.0s)
[1759/4086] BANK2_BL-09_all__T_a_exec-set_holdings_cross_timing-today_ma_input_field-raw_rsi_exit-level_rsi_smoothing-wilder_same_bar_reentry-wait_bar_warmup-ready_check: ok fills=272 (41.4s)
[1760/4086] BANK2_BL-09_all__T_a_exec-calc_shares_cross_timing-today_ma_input_field-adjusted_rsi_exit-level_rsi_smoothing-wilder_same_bar_reentry-allowed_warmup-ready_per_rule: ok fills=266 (42.0s)
[1761/4086] BANK2_BL-09_all__T_a_exec-calc_shares_cross_timing-both_days_input_field-adjusted_rsi_exit-level_rsi_smoothing-wilder_same_bar_reentry-allowed_warmup-ready_per_rule: ok fills=270 (43.8s)
[1762/4086] BANK2_BL-09_all__T_a_exec-calc_shares_cross_timing-both_days_input_field-raw_rsi_exit-level_rsi_smoothing-wilder_same_bar_reentry-allowed_warmup-ready_per_rule: ok fills=280 (38.4s)
[1763/4086] BANK2_BL-09_all__T_a_exec-calc_shares_cross_timing-today_ma_input_field-adjusted_rsi_exit-level_rsi_smoothing-wilder_same_bar_reentry-wait_bar_warmup-ready_per_rule: ok fills=262 (40.9s)
[1764/4086] BANK2_BL-09_all__T_a_exec-calc_shares_cross_timing-both_days_input_field-adjusted_rsi_exit-level_rsi_smoothing-wilder_same_bar_reentry-wait_bar_warmup-ready_per_rule: ok fills=266 (44.6s)
[1765/4086] BANK2_BL-09_all__T_a_exec-set_holdings_cross_timing-today_ma_input_field-raw_rsi_exit-level_rsi_smoothing-wilder_same_bar_reentry-allowed_warmup-ready_per_rule: exit=1 fills=None (11.2s)
[1766/4086] BANK2_BL-09_all__T_a_exec-calc_shares_cross_timing-today_ma_input_field-raw_rsi_exit-level_rsi_smoothing-wilder_same_bar_reentry-wait_bar_warmup-ready_per_rule: ok fills=276 (42.5s)
[1767/4086] BANK2_BL-09_all__T_a_exec-calc_shares_cross_timing-both_days_input_field-raw_rsi_exit-level_rsi_smoothing-wilder_same_bar_reentry-wait_bar_warmup-ready_per_rule: ok fills=278 (44.9s)
[1768/4086] BANK2_BL-09_all__T_a_exec-set_holdings_cross_timing-both_days_input_field-adjusted_rsi_exit-level_rsi_smoothing-wilder_same_bar_reentry-wait_bar_warmup-ready_per_rule: exit=1 fills=None (7.1s)
[1769/4086] BANK2_BL-09_all__T_a_exec-set_holdings_cross_timing-both_days_input_field-adjusted_rsi_exit-level_rsi_smoothing-wilder_same_bar_reentry-allowed_warmup-ready_per_rule: ok fills=270 (41.5s)
[1770/4086] BANK2_BL-09_all__T_a_exec-set_holdings_cross_timing-today_ma_input_field-adjusted_rsi_exit-level_rsi_smoothing-wilder_same_bar_reentry-allowed_warmup-ready_per_rule: ok fills=266 (44.0s)
[1771/4086] BANK2_BL-09_all__T_a_exec-set_holdings_cross_timing-both_days_input_field-raw_rsi_exit-level_rsi_smoothing-wilder_same_bar_reentry-allowed_warmup-ready_per_rule: ok fills=280 (46.5s)
[1772/4086] BANK2_BL-09_all__T_a_exec-set_holdings_cross_timing-today_ma_input_field-adjusted_rsi_exit-level_rsi_smoothing-wilder_same_bar_reentry-wait_bar_warmup-ready_per_rule: ok fills=262 (45.7s)
[1773/4086] BANK2_BL-09_all__T_a_exec-set_holdings_cross_timing-both_days_input_field-raw_rsi_exit-level_rsi_smoothing-wilder_same_bar_reentry-wait_bar_warmup-ready_per_rule: ok fills=278 (48.3s)
[1774/4086] BANK2_BL-09_all__T_a_exec-set_holdings_cross_timing-today_ma_input_field-raw_rsi_exit-level_rsi_smoothing-wilder_same_bar_reentry-wait_bar_warmup-ready_per_rule: ok fills=276 (48.2s)
[1775/4086] BANK2_BL-09_all__T_a_exec-calc_shares_cross_timing-today_ma_input_field-adjusted_rsi_exit-cross_rsi_smoothing-wilder_same_bar_reentry-allowed_warmup-strict: ok fills=246 (47.1s)
[1776/4086] BANK2_BL-09_all__T_a_exec-calc_shares_cross_timing-both_days_input_field-adjusted_rsi_exit-cross_rsi_smoothing-wilder_same_bar_reentry-allowed_warmup-strict: ok fills=250 (47.5s)
[1777/4086] BANK2_BL-09_all__T_a_exec-calc_shares_cross_timing-both_days_input_field-raw_rsi_exit-cross_rsi_smoothing-wilder_same_bar_reentry-allowed_warmup-strict: ok fills=264 (38.2s)
[1778/4086] BANK2_BL-09_all__T_a_exec-calc_shares_cross_timing-both_days_input_field-raw_rsi_exit-cross_rsi_smoothing-wilder_same_bar_reentry-wait_bar_warmup-strict: exit=1 fills=None (9.2s)
[1779/4086] BANK2_BL-09_all__T_a_exec-calc_shares_cross_timing-today_ma_input_field-raw_rsi_exit-cross_rsi_smoothing-wilder_same_bar_reentry-allowed_warmup-strict: ok fills=262 (40.4s)
[1780/4086] BANK2_BL-09_all__T_a_exec-calc_shares_cross_timing-both_days_input_field-adjusted_rsi_exit-cross_rsi_smoothing-wilder_same_bar_reentry-wait_bar_warmup-strict: ok fills=250 (38.9s)
[1781/4086] BANK2_BL-09_all__T_a_exec-set_holdings_cross_timing-both_days_input_field-raw_rsi_exit-cross_rsi_smoothing-wilder_same_bar_reentry-allowed_warmup-strict: exit=1 fills=None (10.5s)
[1782/4086] BANK2_BL-09_all__T_a_exec-calc_shares_cross_timing-today_ma_input_field-adjusted_rsi_exit-cross_rsi_smoothing-wilder_same_bar_reentry-wait_bar_warmup-strict: ok fills=246 (41.1s)
[1783/4086] BANK2_BL-09_all__T_a_exec-set_holdings_cross_timing-both_days_input_field-adjusted_rsi_exit-cross_rsi_smoothing-wilder_same_bar_reentry-allowed_warmup-strict: ok fills=250 (42.6s)
[1784/4086] BANK2_BL-09_all__T_a_exec-set_holdings_cross_timing-today_ma_input_field-raw_rsi_exit-cross_rsi_smoothing-wilder_same_bar_reentry-wait_bar_warmup-strict: exit=1 fills=None (8.9s)
[1785/4086] BANK2_BL-09_all__T_a_exec-set_holdings_cross_timing-today_ma_input_field-adjusted_rsi_exit-cross_rsi_smoothing-wilder_same_bar_reentry-allowed_warmup-strict: ok fills=246 (45.1s)
[1786/4086] BANK2_BL-09_all__T_a_exec-calc_shares_cross_timing-today_ma_input_field-raw_rsi_exit-cross_rsi_smoothing-wilder_same_bar_reentry-wait_bar_warmup-strict: ok fills=262 (54.7s)
[1787/4086] BANK2_BL-09_all__T_a_exec-set_holdings_cross_timing-today_ma_input_field-raw_rsi_exit-cross_rsi_smoothing-wilder_same_bar_reentry-allowed_warmup-strict: ok fills=262 (49.0s)
[1788/4086] BANK2_BL-09_all__T_a_exec-set_holdings_cross_timing-both_days_input_field-adjusted_rsi_exit-cross_rsi_smoothing-wilder_same_bar_reentry-wait_bar_warmup-strict: ok fills=250 (42.8s)
[1789/4086] BANK2_BL-09_all__T_a_exec-set_holdings_cross_timing-both_days_input_field-raw_rsi_exit-cross_rsi_smoothing-wilder_same_bar_reentry-wait_bar_warmup-strict: ok fills=264 (46.7s)
[1790/4086] BANK2_BL-09_all__T_a_exec-set_holdings_cross_timing-today_ma_input_field-adjusted_rsi_exit-cross_rsi_smoothing-wilder_same_bar_reentry-wait_bar_warmup-strict: ok fills=246 (49.0s)
[1791/4086] BANK2_BL-09_all__T_a_exec-calc_shares_cross_timing-both_days_input_field-adjusted_rsi_exit-cross_rsi_smoothing-wilder_same_bar_reentry-allowed_warmup-ready_check: ok fills=246 (39.6s)
[1792/4086] BANK2_BL-09_all__T_a_exec-calc_shares_cross_timing-both_days_input_field-raw_rsi_exit-cross_rsi_smoothing-wilder_same_bar_reentry-allowed_warmup-ready_check: ok fills=260 (39.4s)
[1793/4086] BANK2_BL-09_all__T_a_exec-calc_shares_cross_timing-today_ma_input_field-adjusted_rsi_exit-cross_rsi_smoothing-wilder_same_bar_reentry-allowed_warmup-ready_check: ok fills=242 (43.5s)
[1794/4086] BANK2_BL-09_all__T_a_exec-calc_shares_cross_timing-today_ma_input_field-raw_rsi_exit-cross_rsi_smoothing-wilder_same_bar_reentry-allowed_warmup-ready_check: ok fills=258 (42.6s)
[1795/4086] BANK2_BL-09_all__T_a_exec-set_holdings_cross_timing-both_days_input_field-raw_rsi_exit-cross_rsi_smoothing-wilder_same_bar_reentry-allowed_warmup-ready_check: exit=1 fills=None (9.3s)
[1796/4086] BANK2_BL-09_all__T_a_exec-calc_shares_cross_timing-both_days_input_field-adjusted_rsi_exit-cross_rsi_smoothing-wilder_same_bar_reentry-wait_bar_warmup-ready_check: ok fills=246 (43.3s)
[1797/4086] BANK2_BL-09_all__T_a_exec-calc_shares_cross_timing-today_ma_input_field-adjusted_rsi_exit-cross_rsi_smoothing-wilder_same_bar_reentry-wait_bar_warmup-ready_check: ok fills=242 (43.2s)
[1798/4086] BANK2_BL-09_all__T_a_exec-calc_shares_cross_timing-today_ma_input_field-raw_rsi_exit-cross_rsi_smoothing-wilder_same_bar_reentry-wait_bar_warmup-ready_check: ok fills=258 (42.6s)
[1799/4086] BANK2_BL-09_all__T_a_exec-set_holdings_cross_timing-today_ma_input_field-adjusted_rsi_exit-cross_rsi_smoothing-wilder_same_bar_reentry-wait_bar_warmup-ready_check: exit=1 fills=None (8.9s)
[1800/4086] BANK2_BL-09_all__T_a_exec-calc_shares_cross_timing-both_days_input_field-raw_rsi_exit-cross_rsi_smoothing-wilder_same_bar_reentry-wait_bar_warmup-ready_check: ok fills=260 (45.7s)
[1801/4086] BANK2_BL-09_all__T_a_exec-set_holdings_cross_timing-both_days_input_field-adjusted_rsi_exit-cross_rsi_smoothing-wilder_same_bar_reentry-allowed_warmup-ready_check: ok fills=246 (42.9s)
[1802/4086] BANK2_BL-09_all__T_a_exec-set_holdings_cross_timing-today_ma_input_field-adjusted_rsi_exit-cross_rsi_smoothing-wilder_same_bar_reentry-allowed_warmup-ready_check: ok fills=242 (45.8s)
[1803/4086] BANK2_BL-09_all__T_a_exec-set_holdings_cross_timing-both_days_input_field-adjusted_rsi_exit-cross_rsi_smoothing-wilder_same_bar_reentry-wait_bar_warmup-ready_check: ok fills=246 (40.1s)
[1804/4086] BANK2_BL-09_all__T_a_exec-set_holdings_cross_timing-today_ma_input_field-raw_rsi_exit-cross_rsi_smoothing-wilder_same_bar_reentry-allowed_warmup-ready_check: ok fills=258 (46.0s)
[1805/4086] BANK2_BL-09_all__T_a_exec-set_holdings_cross_timing-both_days_input_field-raw_rsi_exit-cross_rsi_smoothing-wilder_same_bar_reentry-wait_bar_warmup-ready_check: ok fills=260 (45.5s)
[1806/4086] BANK2_BL-09_all__T_a_exec-set_holdings_cross_timing-today_ma_input_field-raw_rsi_exit-cross_rsi_smoothing-wilder_same_bar_reentry-wait_bar_warmup-ready_check: ok fills=258 (43.8s)
[1807/4086] BANK2_BL-09_all__T_a_exec-calc_shares_cross_timing-both_days_input_field-adjusted_rsi_exit-cross_rsi_smoothing-wilder_same_bar_reentry-allowed_warmup-ready_per_rule: ok fills=250 (47.4s)
[1808/4086] BANK2_BL-09_all__T_a_exec-calc_shares_cross_timing-today_ma_input_field-adjusted_rsi_exit-cross_rsi_smoothing-wilder_same_bar_reentry-allowed_warmup-ready_per_rule: ok fills=246 (50.1s)
[1809/4086] BANK2_BL-09_all__T_a_exec-calc_shares_cross_timing-today_ma_input_field-raw_rsi_exit-cross_rsi_smoothing-wilder_same_bar_reentry-wait_bar_warmup-ready_per_rule: exit=1 fills=None (8.2s)
[1810/4086] BANK2_BL-09_all__T_a_exec-calc_shares_cross_timing-both_days_input_field-raw_rsi_exit-cross_rsi_smoothing-wilder_same_bar_reentry-allowed_warmup-ready_per_rule: ok fills=264 (51.7s)
[1811/4086] BANK2_BL-09_all__T_a_exec-calc_shares_cross_timing-today_ma_input_field-raw_rsi_exit-cross_rsi_smoothing-wilder_same_bar_reentry-allowed_warmup-ready_per_rule: ok fills=262 (50.0s)
[1812/4086] BANK2_BL-09_all__T_a_exec-calc_shares_cross_timing-both_days_input_field-adjusted_rsi_exit-cross_rsi_smoothing-wilder_same_bar_reentry-wait_bar_warmup-ready_per_rule: ok fills=250 (48.2s)
[1813/4086] BANK2_BL-09_all__T_a_exec-calc_shares_cross_timing-both_days_input_field-raw_rsi_exit-cross_rsi_smoothing-wilder_same_bar_reentry-wait_bar_warmup-ready_per_rule: ok fills=264 (44.6s)
[1814/4086] BANK2_BL-09_all__T_a_exec-calc_shares_cross_timing-today_ma_input_field-adjusted_rsi_exit-cross_rsi_smoothing-wilder_same_bar_reentry-wait_bar_warmup-ready_per_rule: ok fills=246 (47.2s)
[1815/4086] BANK2_BL-09_all__T_a_exec-set_holdings_cross_timing-today_ma_input_field-adjusted_rsi_exit-cross_rsi_smoothing-wilder_same_bar_reentry-allowed_warmup-ready_per_rule: ok fills=246 (45.6s)
[1816/4086] BANK2_BL-09_all__T_a_exec-set_holdings_cross_timing-both_days_input_field-adjusted_rsi_exit-cross_rsi_smoothing-wilder_same_bar_reentry-allowed_warmup-ready_per_rule: ok fills=250 (49.8s)
[1817/4086] BANK2_BL-09_all__T_a_exec-set_holdings_cross_timing-both_days_input_field-raw_rsi_exit-cross_rsi_smoothing-wilder_same_bar_reentry-allowed_warmup-ready_per_rule: ok fills=264 (46.2s)
[1818/4086] BANK2_BL-09_all__T_a_exec-set_holdings_cross_timing-today_ma_input_field-raw_rsi_exit-cross_rsi_smoothing-wilder_same_bar_reentry-allowed_warmup-ready_per_rule: ok fills=262 (47.5s)
[1819/4086] BANK2_BL-09_all__T_a_exec-set_holdings_cross_timing-both_days_input_field-adjusted_rsi_exit-cross_rsi_smoothing-wilder_same_bar_reentry-wait_bar_warmup-ready_per_rule: ok fills=250 (51.6s)
[1820/4086] BANK2_BL-09_all__T_a_exec-set_holdings_cross_timing-today_ma_input_field-adjusted_rsi_exit-cross_rsi_smoothing-wilder_same_bar_reentry-wait_bar_warmup-ready_per_rule: ok fills=246 (49.9s)
[1821/4086] BANK2_BL-09_all__T_a_exec-set_holdings_cross_timing-both_days_input_field-raw_rsi_exit-cross_rsi_smoothing-wilder_same_bar_reentry-wait_bar_warmup-ready_per_rule: ok fills=264 (46.4s)
[1822/4086] BANK2_BL-09_all__T_a_exec-set_holdings_cross_timing-today_ma_input_field-raw_rsi_exit-cross_rsi_smoothing-wilder_same_bar_reentry-wait_bar_warmup-ready_per_rule: ok fills=262 (50.8s)
[1823/4086] BANK2_BL-09_all__T_a_exec-calc_shares_cross_timing-both_days_input_field-raw_rsi_exit-level_rsi_smoothing-simple_same_bar_reentry-wait_bar_warmup-strict: exit=1 fills=None (4.6s)
[1824/4086] BANK2_BL-09_all__T_a_exec-calc_shares_cross_timing-both_days_input_field-raw_rsi_exit-level_rsi_smoothing-simple_same_bar_reentry-allowed_warmup-strict: ok fills=338 (45.2s)
[1825/4086] BANK2_BL-09_all__T_a_exec-calc_shares_cross_timing-today_ma_input_field-raw_rsi_exit-level_rsi_smoothing-simple_same_bar_reentry-wait_bar_warmup-strict: exit=1 fills=None (11.2s)
[1826/4086] BANK2_BL-09_all__T_a_exec-calc_shares_cross_timing-both_days_input_field-adjusted_rsi_exit-level_rsi_smoothing-simple_same_bar_reentry-allowed_warmup-strict: ok fills=320 (47.0s)
[1827/4086] BANK2_BL-09_all__T_a_exec-calc_shares_cross_timing-today_ma_input_field-adjusted_rsi_exit-level_rsi_smoothing-simple_same_bar_reentry-allowed_warmup-strict: ok fills=316 (48.1s)
[1828/4086] BANK2_BL-09_all__T_a_exec-calc_shares_cross_timing-today_ma_input_field-raw_rsi_exit-level_rsi_smoothing-simple_same_bar_reentry-allowed_warmup-strict: ok fills=336 (40.7s)
[1829/4086] BANK2_BL-09_all__T_a_exec-calc_shares_cross_timing-both_days_input_field-adjusted_rsi_exit-level_rsi_smoothing-simple_same_bar_reentry-wait_bar_warmup-strict: ok fills=306 (44.0s)
[1830/4086] BANK2_BL-09_all__T_a_exec-calc_shares_cross_timing-today_ma_input_field-adjusted_rsi_exit-level_rsi_smoothing-simple_same_bar_reentry-wait_bar_warmup-strict: ok fills=302 (48.3s)
[1831/4086] BANK2_BL-09_all__T_a_exec-set_holdings_cross_timing-both_days_input_field-adjusted_rsi_exit-level_rsi_smoothing-simple_same_bar_reentry-allowed_warmup-strict: ok fills=320 (45.3s)
[1832/4086] BANK2_BL-09_all__T_a_exec-set_holdings_cross_timing-today_ma_input_field-adjusted_rsi_exit-level_rsi_smoothing-simple_same_bar_reentry-allowed_warmup-strict: ok fills=316 (48.3s)
[1833/4086] BANK2_BL-09_all__T_a_exec-set_holdings_cross_timing-both_days_input_field-raw_rsi_exit-level_rsi_smoothing-simple_same_bar_reentry-allowed_warmup-strict: ok fills=338 (50.4s)
[1834/4086] BANK2_BL-09_all__T_a_exec-set_holdings_cross_timing-both_days_input_field-adjusted_rsi_exit-level_rsi_smoothing-simple_same_bar_reentry-wait_bar_warmup-strict: ok fills=306 (53.9s)
[1835/4086] BANK2_BL-09_all__T_a_exec-set_holdings_cross_timing-today_ma_input_field-raw_rsi_exit-level_rsi_smoothing-simple_same_bar_reentry-allowed_warmup-strict: ok fills=336 (55.2s)
[1836/4086] BANK2_BL-09_all__T_a_exec-set_holdings_cross_timing-today_ma_input_field-adjusted_rsi_exit-level_rsi_smoothing-simple_same_bar_reentry-wait_bar_warmup-strict: ok fills=302 (48.9s)
[1837/4086] BANK2_BL-09_all__T_a_exec-calc_shares_cross_timing-both_days_input_field-adjusted_rsi_exit-level_rsi_smoothing-simple_same_bar_reentry-wait_bar_warmup-ready_check: exit=1 fills=None (9.9s)
[1838/4086] BANK2_BL-09_all__T_a_exec-set_holdings_cross_timing-both_days_input_field-raw_rsi_exit-level_rsi_smoothing-simple_same_bar_reentry-wait_bar_warmup-strict: ok fills=324 (50.3s)
[1839/4086] BANK2_BL-09_all__T_a_exec-set_holdings_cross_timing-today_ma_input_field-raw_rsi_exit-level_rsi_smoothing-simple_same_bar_reentry-wait_bar_warmup-strict: ok fills=322 (47.5s)
[1840/4086] BANK2_BL-09_all__T_a_exec-calc_shares_cross_timing-both_days_input_field-adjusted_rsi_exit-level_rsi_smoothing-simple_same_bar_reentry-allowed_warmup-ready_check: ok fills=306 (46.1s)
[1841/4086] BANK2_BL-09_all__T_a_exec-calc_shares_cross_timing-today_ma_input_field-adjusted_rsi_exit-level_rsi_smoothing-simple_same_bar_reentry-allowed_warmup-ready_check: ok fills=302 (44.3s)
[1842/4086] BANK2_BL-09_all__T_a_exec-calc_shares_cross_timing-both_days_input_field-raw_rsi_exit-level_rsi_smoothing-simple_same_bar_reentry-allowed_warmup-ready_check: ok fills=324 (44.1s)
[1843/4086] BANK2_BL-09_all__T_a_exec-calc_shares_cross_timing-today_ma_input_field-raw_rsi_exit-level_rsi_smoothing-simple_same_bar_reentry-allowed_warmup-ready_check: ok fills=322 (48.5s)
[1844/4086] BANK2_BL-09_all__T_a_exec-calc_shares_cross_timing-today_ma_input_field-adjusted_rsi_exit-level_rsi_smoothing-simple_same_bar_reentry-wait_bar_warmup-ready_check: ok fills=292 (45.8s)
[1845/4086] BANK2_BL-09_all__T_a_exec-calc_shares_cross_timing-both_days_input_field-raw_rsi_exit-level_rsi_smoothing-simple_same_bar_reentry-wait_bar_warmup-ready_check: ok fills=314 (48.2s)
[1846/4086] BANK2_BL-09_all__T_a_exec-calc_shares_cross_timing-today_ma_input_field-raw_rsi_exit-level_rsi_smoothing-simple_same_bar_reentry-wait_bar_warmup-ready_check: ok fills=312 (47.0s)
[1847/4086] BANK2_BL-09_all__T_a_exec-set_holdings_cross_timing-both_days_input_field-adjusted_rsi_exit-level_rsi_smoothing-simple_same_bar_reentry-allowed_warmup-ready_check: ok fills=306 (44.3s)
[1848/4086] BANK2_BL-09_all__T_a_exec-set_holdings_cross_timing-today_ma_input_field-adjusted_rsi_exit-level_rsi_smoothing-simple_same_bar_reentry-allowed_warmup-ready_check: ok fills=302 (46.9s)
[1849/4086] BANK2_BL-09_all__T_a_exec-set_holdings_cross_timing-both_days_input_field-raw_rsi_exit-level_rsi_smoothing-simple_same_bar_reentry-allowed_warmup-ready_check: ok fills=324 (44.9s)
[1850/4086] BANK2_BL-09_all__T_a_exec-set_holdings_cross_timing-today_ma_input_field-raw_rsi_exit-level_rsi_smoothing-simple_same_bar_reentry-allowed_warmup-ready_check: ok fills=322 (42.3s)
[1851/4086] BANK2_BL-09_all__T_a_exec-set_holdings_cross_timing-both_days_input_field-adjusted_rsi_exit-level_rsi_smoothing-simple_same_bar_reentry-wait_bar_warmup-ready_check: ok fills=296 (46.5s)
[1852/4086] BANK2_BL-09_all__T_a_exec-set_holdings_cross_timing-today_ma_input_field-adjusted_rsi_exit-level_rsi_smoothing-simple_same_bar_reentry-wait_bar_warmup-ready_check: ok fills=292 (43.0s)
[1853/4086] BANK2_BL-09_all__T_a_exec-set_holdings_cross_timing-both_days_input_field-raw_rsi_exit-level_rsi_smoothing-simple_same_bar_reentry-wait_bar_warmup-ready_check: ok fills=314 (44.3s)
[1854/4086] BANK2_BL-09_all__T_a_exec-set_holdings_cross_timing-today_ma_input_field-raw_rsi_exit-level_rsi_smoothing-simple_same_bar_reentry-wait_bar_warmup-ready_check: ok fills=312 (45.3s)
[1855/4086] BANK2_BL-09_all__T_a_exec-calc_shares_cross_timing-both_days_input_field-adjusted_rsi_exit-level_rsi_smoothing-simple_same_bar_reentry-allowed_warmup-ready_per_rule: ok fills=318 (46.8s)
[1856/4086] BANK2_BL-09_all__T_a_exec-calc_shares_cross_timing-today_ma_input_field-adjusted_rsi_exit-level_rsi_smoothing-simple_same_bar_reentry-allowed_warmup-ready_per_rule: ok fills=314 (44.5s)
[1857/4086] BANK2_BL-09_all__T_a_exec-calc_shares_cross_timing-both_days_input_field-raw_rsi_exit-level_rsi_smoothing-simple_same_bar_reentry-allowed_warmup-ready_per_rule: ok fills=336 (44.6s)
[1858/4086] BANK2_BL-09_all__T_a_exec-calc_shares_cross_timing-today_ma_input_field-raw_rsi_exit-level_rsi_smoothing-simple_same_bar_reentry-allowed_warmup-ready_per_rule: ok fills=334 (44.1s)
[1859/4086] BANK2_BL-09_all__T_a_exec-calc_shares_cross_timing-both_days_input_field-adjusted_rsi_exit-level_rsi_smoothing-simple_same_bar_reentry-wait_bar_warmup-ready_per_rule: ok fills=304 (44.7s)
[1860/4086] BANK2_BL-09_all__T_a_exec-calc_shares_cross_timing-today_ma_input_field-adjusted_rsi_exit-level_rsi_smoothing-simple_same_bar_reentry-wait_bar_warmup-ready_per_rule: ok fills=300 (43.7s)
[1861/4086] BANK2_BL-09_all__T_a_exec-calc_shares_cross_timing-both_days_input_field-raw_rsi_exit-level_rsi_smoothing-simple_same_bar_reentry-wait_bar_warmup-ready_per_rule: ok fills=322 (41.3s)
[1862/4086] BANK2_BL-09_all__T_a_exec-set_holdings_cross_timing-both_days_input_field-adjusted_rsi_exit-level_rsi_smoothing-simple_same_bar_reentry-allowed_warmup-ready_per_rule: ok fills=318 (38.1s)
[1863/4086] BANK2_BL-09_all__T_a_exec-set_holdings_cross_timing-both_days_input_field-raw_rsi_exit-level_rsi_smoothing-simple_same_bar_reentry-wait_bar_warmup-ready_per_rule: exit=1 fills=None (10.2s)
[1864/4086] BANK2_BL-09_all__T_a_exec-set_holdings_cross_timing-today_ma_input_field-adjusted_rsi_exit-level_rsi_smoothing-simple_same_bar_reentry-allowed_warmup-ready_per_rule: ok fills=314 (41.2s)
[1865/4086] BANK2_BL-09_all__T_a_exec-calc_shares_cross_timing-today_ma_input_field-raw_rsi_exit-level_rsi_smoothing-simple_same_bar_reentry-wait_bar_warmup-ready_per_rule: ok fills=320 (50.4s)
[1866/4086] BANK2_BL-09_all__T_a_exec-set_holdings_cross_timing-both_days_input_field-raw_rsi_exit-level_rsi_smoothing-simple_same_bar_reentry-allowed_warmup-ready_per_rule: ok fills=336 (43.2s)
[1867/4086] BANK2_BL-09_all__T_a_exec-calc_shares_cross_timing-today_ma_input_field-adjusted_rsi_exit-cross_rsi_smoothing-simple_same_bar_reentry-allowed_warmup-strict: exit=1 fills=None (11.7s)
[1868/4086] BANK2_BL-09_all__T_a_exec-set_holdings_cross_timing-today_ma_input_field-raw_rsi_exit-level_rsi_smoothing-simple_same_bar_reentry-allowed_warmup-ready_per_rule: ok fills=334 (43.5s)
[1869/4086] BANK2_BL-09_all__T_a_exec-set_holdings_cross_timing-today_ma_input_field-adjusted_rsi_exit-level_rsi_smoothing-simple_same_bar_reentry-wait_bar_warmup-ready_per_rule: ok fills=300 (45.9s)
[1870/4086] BANK2_BL-09_all__T_a_exec-set_holdings_cross_timing-both_days_input_field-adjusted_rsi_exit-level_rsi_smoothing-simple_same_bar_reentry-wait_bar_warmup-ready_per_rule: ok fills=304 (46.4s)
[1871/4086] BANK2_BL-09_all__T_a_exec-calc_shares_cross_timing-both_days_input_field-adjusted_rsi_exit-cross_rsi_smoothing-simple_same_bar_reentry-allowed_warmup-strict: ok fills=270 (41.3s)
[1872/4086] BANK2_BL-09_all__T_a_exec-set_holdings_cross_timing-today_ma_input_field-raw_rsi_exit-level_rsi_smoothing-simple_same_bar_reentry-wait_bar_warmup-ready_per_rule: ok fills=320 (44.0s)
[1873/4086] BANK2_BL-09_all__T_a_exec-calc_shares_cross_timing-both_days_input_field-raw_rsi_exit-cross_rsi_smoothing-simple_same_bar_reentry-allowed_warmup-strict: ok fills=290 (38.1s)
[1874/4086] BANK2_BL-09_all__T_a_exec-set_holdings_cross_timing-both_days_input_field-adjusted_rsi_exit-cross_rsi_smoothing-simple_same_bar_reentry-allowed_warmup-strict: exit=1 fills=None (6.3s)
[1875/4086] BANK2_BL-09_all__T_a_exec-calc_shares_cross_timing-today_ma_input_field-raw_rsi_exit-cross_rsi_smoothing-simple_same_bar_reentry-allowed_warmup-strict: ok fills=288 (42.8s)
[1876/4086] BANK2_BL-09_all__T_a_exec-calc_shares_cross_timing-both_days_input_field-adjusted_rsi_exit-cross_rsi_smoothing-simple_same_bar_reentry-wait_bar_warmup-strict: ok fills=270 (45.0s)
[1877/4086] BANK2_BL-09_all__T_a_exec-calc_shares_cross_timing-today_ma_input_field-adjusted_rsi_exit-cross_rsi_smoothing-simple_same_bar_reentry-wait_bar_warmup-strict: ok fills=266 (46.0s)
[1878/4086] BANK2_BL-09_all__T_a_exec-calc_shares_cross_timing-today_ma_input_field-raw_rsi_exit-cross_rsi_smoothing-simple_same_bar_reentry-wait_bar_warmup-strict: ok fills=288 (41.3s)
[1879/4086] BANK2_BL-09_all__T_a_exec-calc_shares_cross_timing-both_days_input_field-raw_rsi_exit-cross_rsi_smoothing-simple_same_bar_reentry-wait_bar_warmup-strict: ok fills=290 (50.6s)
[1880/4086] BANK2_BL-09_all__T_a_exec-set_holdings_cross_timing-today_ma_input_field-adjusted_rsi_exit-cross_rsi_smoothing-simple_same_bar_reentry-allowed_warmup-strict: ok fills=266 (48.2s)
[1881/4086] BANK2_BL-09_all__T_a_exec-set_holdings_cross_timing-both_days_input_field-raw_rsi_exit-cross_rsi_smoothing-simple_same_bar_reentry-allowed_warmup-strict: ok fills=290 (45.7s)
[1882/4086] BANK2_BL-09_all__T_a_exec-set_holdings_cross_timing-today_ma_input_field-raw_rsi_exit-cross_rsi_smoothing-simple_same_bar_reentry-allowed_warmup-strict: ok fills=288 (45.6s)
[1883/4086] BANK2_BL-09_all__T_a_exec-set_holdings_cross_timing-both_days_input_field-adjusted_rsi_exit-cross_rsi_smoothing-simple_same_bar_reentry-wait_bar_warmup-strict: ok fills=270 (41.6s)
[1884/4086] BANK2_BL-09_all__T_a_exec-set_holdings_cross_timing-today_ma_input_field-adjusted_rsi_exit-cross_rsi_smoothing-simple_same_bar_reentry-wait_bar_warmup-strict: ok fills=266 (45.8s)
[1885/4086] BANK2_BL-09_all__T_a_exec-set_holdings_cross_timing-both_days_input_field-raw_rsi_exit-cross_rsi_smoothing-simple_same_bar_reentry-wait_bar_warmup-strict: ok fills=290 (45.9s)
[1886/4086] BANK2_BL-09_all__T_a_exec-calc_shares_cross_timing-today_ma_input_field-raw_rsi_exit-cross_rsi_smoothing-simple_same_bar_reentry-allowed_warmup-ready_check: exit=1 fills=None (14.2s)
[1887/4086] BANK2_BL-09_all__T_a_exec-calc_shares_cross_timing-both_days_input_field-raw_rsi_exit-cross_rsi_smoothing-simple_same_bar_reentry-wait_bar_warmup-ready_check: exit=1 fills=None (1.4s)
[1888/4086] BANK2_BL-09_all__T_a_exec-set_holdings_cross_timing-today_ma_input_field-raw_rsi_exit-cross_rsi_smoothing-simple_same_bar_reentry-wait_bar_warmup-strict: ok fills=288 (46.3s)
[1889/4086] BANK2_BL-09_all__T_a_exec-calc_shares_cross_timing-both_days_input_field-adjusted_rsi_exit-cross_rsi_smoothing-simple_same_bar_reentry-allowed_warmup-ready_check: ok fills=262 (50.1s)
[1890/4086] BANK2_BL-09_all__T_a_exec-calc_shares_cross_timing-both_days_input_field-raw_rsi_exit-cross_rsi_smoothing-simple_same_bar_reentry-allowed_warmup-ready_check: ok fills=282 (46.2s)
[1891/4086] BANK2_BL-09_all__T_a_exec-calc_shares_cross_timing-today_ma_input_field-adjusted_rsi_exit-cross_rsi_smoothing-simple_same_bar_reentry-allowed_warmup-ready_check: ok fills=258 (48.3s)
[1892/4086] BANK2_BL-09_all__T_a_exec-calc_shares_cross_timing-both_days_input_field-adjusted_rsi_exit-cross_rsi_smoothing-simple_same_bar_reentry-wait_bar_warmup-ready_check: ok fills=262 (42.5s)
[1893/4086] BANK2_BL-09_all__T_a_exec-calc_shares_cross_timing-today_ma_input_field-adjusted_rsi_exit-cross_rsi_smoothing-simple_same_bar_reentry-wait_bar_warmup-ready_check: ok fills=258 (44.7s)
[1894/4086] BANK2_BL-09_all__T_a_exec-set_holdings_cross_timing-both_days_input_field-adjusted_rsi_exit-cross_rsi_smoothing-simple_same_bar_reentry-allowed_warmup-ready_check: ok fills=262 (43.5s)
[1895/4086] BANK2_BL-09_all__T_a_exec-calc_shares_cross_timing-today_ma_input_field-raw_rsi_exit-cross_rsi_smoothing-simple_same_bar_reentry-wait_bar_warmup-ready_check: ok fills=280 (45.7s)
[1896/4086] BANK2_BL-09_all__T_a_exec-set_holdings_cross_timing-today_ma_input_field-adjusted_rsi_exit-cross_rsi_smoothing-simple_same_bar_reentry-allowed_warmup-ready_check: ok fills=258 (42.2s)
[1897/4086] BANK2_BL-09_all__T_a_exec-set_holdings_cross_timing-today_ma_input_field-raw_rsi_exit-cross_rsi_smoothing-simple_same_bar_reentry-wait_bar_warmup-ready_check: exit=1 fills=None (9.5s)
[1898/4086] BANK2_BL-09_all__T_a_exec-set_holdings_cross_timing-both_days_input_field-raw_rsi_exit-cross_rsi_smoothing-simple_same_bar_reentry-allowed_warmup-ready_check: ok fills=282 (41.0s)
[1899/4086] BANK2_BL-09_all__T_a_exec-set_holdings_cross_timing-both_days_input_field-adjusted_rsi_exit-cross_rsi_smoothing-simple_same_bar_reentry-wait_bar_warmup-ready_check: ok fills=262 (44.7s)
[1900/4086] BANK2_BL-09_all__T_a_exec-set_holdings_cross_timing-today_ma_input_field-raw_rsi_exit-cross_rsi_smoothing-simple_same_bar_reentry-allowed_warmup-ready_check: ok fills=280 (45.3s)
[1901/4086] BANK2_BL-09_all__T_a_exec-set_holdings_cross_timing-today_ma_input_field-adjusted_rsi_exit-cross_rsi_smoothing-simple_same_bar_reentry-wait_bar_warmup-ready_check: ok fills=258 (46.9s)
[1902/4086] BANK2_BL-09_all__T_a_exec-set_holdings_cross_timing-both_days_input_field-raw_rsi_exit-cross_rsi_smoothing-simple_same_bar_reentry-wait_bar_warmup-ready_check: ok fills=282 (44.7s)
[1903/4086] BANK2_BL-09_all__T_a_exec-calc_shares_cross_timing-both_days_input_field-adjusted_rsi_exit-cross_rsi_smoothing-simple_same_bar_reentry-allowed_warmup-ready_per_rule: ok fills=268 (42.6s)
[1904/4086] BANK2_BL-09_all__T_a_exec-calc_shares_cross_timing-today_ma_input_field-adjusted_rsi_exit-cross_rsi_smoothing-simple_same_bar_reentry-allowed_warmup-ready_per_rule: ok fills=264 (43.0s)
[1905/4086] BANK2_BL-09_all__T_a_exec-calc_shares_cross_timing-both_days_input_field-raw_rsi_exit-cross_rsi_smoothing-simple_same_bar_reentry-allowed_warmup-ready_per_rule: ok fills=288 (45.0s)
[1906/4086] BANK2_BL-09_all__T_a_exec-calc_shares_cross_timing-today_ma_input_field-raw_rsi_exit-cross_rsi_smoothing-simple_same_bar_reentry-allowed_warmup-ready_per_rule: ok fills=286 (40.0s)
[1907/4086] BANK2_BL-09_all__T_a_exec-calc_shares_cross_timing-both_days_input_field-adjusted_rsi_exit-cross_rsi_smoothing-simple_same_bar_reentry-wait_bar_warmup-ready_per_rule: ok fills=268 (45.6s)
[1908/4086] BANK2_BL-09_all__T_a_exec-calc_shares_cross_timing-today_ma_input_field-adjusted_rsi_exit-cross_rsi_smoothing-simple_same_bar_reentry-wait_bar_warmup-ready_per_rule: ok fills=264 (45.1s)
[1909/4086] BANK2_BL-09_all__T_a_exec-calc_shares_cross_timing-both_days_input_field-raw_rsi_exit-cross_rsi_smoothing-simple_same_bar_reentry-wait_bar_warmup-ready_per_rule: ok fills=288 (49.4s)
[1910/4086] BANK2_BL-09_all__T_a_exec-calc_shares_cross_timing-today_ma_input_field-raw_rsi_exit-cross_rsi_smoothing-simple_same_bar_reentry-wait_bar_warmup-ready_per_rule: ok fills=286 (47.1s)
[1911/4086] BANK2_BL-09_all__T_a_exec-set_holdings_cross_timing-both_days_input_field-adjusted_rsi_exit-cross_rsi_smoothing-simple_same_bar_reentry-allowed_warmup-ready_per_rule: ok fills=268 (48.9s)
[1912/4086] BANK2_BL-09_all__T_a_exec-set_holdings_cross_timing-today_ma_input_field-adjusted_rsi_exit-cross_rsi_smoothing-simple_same_bar_reentry-allowed_warmup-ready_per_rule: ok fills=264 (46.4s)
[1913/4086] BANK2_BL-09_all__T_a_exec-set_holdings_cross_timing-both_days_input_field-raw_rsi_exit-cross_rsi_smoothing-simple_same_bar_reentry-allowed_warmup-ready_per_rule: ok fills=288 (48.5s)
[1914/4086] BANK2_BL-09_all__T_a_exec-set_holdings_cross_timing-today_ma_input_field-raw_rsi_exit-cross_rsi_smoothing-simple_same_bar_reentry-allowed_warmup-ready_per_rule: ok fills=286 (47.0s)
[1915/4086] BANK2_BL-09_all__T_a_exec-set_holdings_cross_timing-today_ma_input_field-adjusted_rsi_exit-cross_rsi_smoothing-simple_same_bar_reentry-wait_bar_warmup-ready_per_rule: ok fills=264 (43.3s)
[1916/4086] BANK2_BL-09_all__T_a_exec-set_holdings_cross_timing-both_days_input_field-adjusted_rsi_exit-cross_rsi_smoothing-simple_same_bar_reentry-wait_bar_warmup-ready_per_rule: ok fills=268 (44.2s)
[1917/4086] BANK2_BL-09_all__T_a_exec-set_holdings_cross_timing-both_days_input_field-raw_rsi_exit-cross_rsi_smoothing-simple_same_bar_reentry-wait_bar_warmup-ready_per_rule: ok fills=288 (41.8s)
[1918/4086] BANK2_BL-09_all__T_a_exec-set_holdings_cross_timing-today_ma_input_field-raw_rsi_exit-cross_rsi_smoothing-simple_same_bar_reentry-wait_bar_warmup-ready_per_rule: ok fills=286 (39.2s)
[1919/4086] BANK2_BL-09_half_down_lastsell__ref: ok fills=217 (40.7s)
[1920/4086] BANK2_BL-09_half_down_lastsell__T_a_exec-calc_shares_cross_timing-today_ma_input_field-adjusted_rsi_exit-level_rsi_smoothing-wilder_same_bar_reentry-allowed_warmup-strict: ok fills=217 (40.3s)
[1921/4086] BANK2_BL-09_half_down_lastsell__T_a_exec-calc_shares_cross_timing-today_ma_input_field-raw_rsi_exit-level_rsi_smoothing-wilder_same_bar_reentry-wait_bar_warmup-strict: exit=1 fills=None (10.2s)
[1922/4086] BANK2_BL-09_half_down_lastsell__T_a_exec-calc_shares_cross_timing-today_ma_input_field-raw_rsi_exit-level_rsi_smoothing-wilder_same_bar_reentry-allowed_warmup-strict: ok fills=218 (43.0s)
[1923/4086] BANK2_BL-09_half_down_lastsell__T_a_exec-calc_shares_cross_timing-both_days_input_field-raw_rsi_exit-level_rsi_smoothing-wilder_same_bar_reentry-allowed_warmup-strict: ok fills=218 (49.0s)
[1924/4086] BANK2_BL-09_half_down_lastsell__T_a_exec-calc_shares_cross_timing-both_days_input_field-adjusted_rsi_exit-level_rsi_smoothing-wilder_same_bar_reentry-wait_bar_warmup-strict: ok fills=213 (41.9s)
[1925/4086] BANK2_BL-09_half_down_lastsell__T_a_exec-calc_shares_cross_timing-today_ma_input_field-adjusted_rsi_exit-level_rsi_smoothing-wilder_same_bar_reentry-wait_bar_warmup-strict: ok fills=213 (45.5s)
[1926/4086] BANK2_BL-09_half_down_lastsell__T_a_exec-calc_shares_cross_timing-both_days_input_field-raw_rsi_exit-level_rsi_smoothing-wilder_same_bar_reentry-wait_bar_warmup-strict: ok fills=216 (45.3s)
[1927/4086] BANK2_BL-09_half_down_lastsell__T_a_exec-set_holdings_cross_timing-both_days_input_field-adjusted_rsi_exit-level_rsi_smoothing-wilder_same_bar_reentry-allowed_warmup-strict: ok fills=217 (46.8s)
[1928/4086] BANK2_BL-09_half_down_lastsell__T_a_exec-set_holdings_cross_timing-today_ma_input_field-adjusted_rsi_exit-level_rsi_smoothing-wilder_same_bar_reentry-allowed_warmup-strict: ok fills=217 (45.2s)
[1929/4086] BANK2_BL-09_half_down_lastsell__T_a_exec-set_holdings_cross_timing-both_days_input_field-raw_rsi_exit-level_rsi_smoothing-wilder_same_bar_reentry-allowed_warmup-strict: ok fills=218 (45.9s)
[1930/4086] BANK2_BL-09_half_down_lastsell__T_a_exec-set_holdings_cross_timing-both_days_input_field-adjusted_rsi_exit-level_rsi_smoothing-wilder_same_bar_reentry-wait_bar_warmup-strict: ok fills=213 (43.8s)
[1931/4086] BANK2_BL-09_half_down_lastsell__T_a_exec-set_holdings_cross_timing-today_ma_input_field-raw_rsi_exit-level_rsi_smoothing-wilder_same_bar_reentry-allowed_warmup-strict: ok fills=218 (45.8s)
[1932/4086] BANK2_BL-09_half_down_lastsell__T_a_exec-set_holdings_cross_timing-today_ma_input_field-adjusted_rsi_exit-level_rsi_smoothing-wilder_same_bar_reentry-wait_bar_warmup-strict: ok fills=213 (41.2s)
[1933/4086] BANK2_BL-09_half_down_lastsell__T_a_exec-calc_shares_cross_timing-today_ma_input_field-raw_rsi_exit-level_rsi_smoothing-wilder_same_bar_reentry-allowed_warmup-ready_check: exit=1 fills=None (9.6s)
[1934/4086] BANK2_BL-09_half_down_lastsell__T_a_exec-set_holdings_cross_timing-both_days_input_field-raw_rsi_exit-level_rsi_smoothing-wilder_same_bar_reentry-wait_bar_warmup-strict: ok fills=216 (43.5s)
[1935/4086] BANK2_BL-09_half_down_lastsell__T_a_exec-set_holdings_cross_timing-today_ma_input_field-raw_rsi_exit-level_rsi_smoothing-wilder_same_bar_reentry-wait_bar_warmup-strict: ok fills=216 (42.9s)
[1936/4086] BANK2_BL-09_half_down_lastsell__T_a_exec-calc_shares_cross_timing-both_days_input_field-adjusted_rsi_exit-level_rsi_smoothing-wilder_same_bar_reentry-allowed_warmup-ready_check: ok fills=213 (49.8s)
[1937/4086] BANK2_BL-09_half_down_lastsell__T_a_exec-calc_shares_cross_timing-today_ma_input_field-adjusted_rsi_exit-level_rsi_smoothing-wilder_same_bar_reentry-allowed_warmup-ready_check: ok fills=213 (45.4s)
[1938/4086] BANK2_BL-09_half_down_lastsell__T_a_exec-calc_shares_cross_timing-both_days_input_field-raw_rsi_exit-level_rsi_smoothing-wilder_same_bar_reentry-allowed_warmup-ready_check: ok fills=214 (45.1s)
[1939/4086] BANK2_BL-09_half_down_lastsell__T_a_exec-calc_shares_cross_timing-both_days_input_field-adjusted_rsi_exit-level_rsi_smoothing-wilder_same_bar_reentry-wait_bar_warmup-ready_check: ok fills=209 (43.2s)
[1940/4086] BANK2_BL-09_half_down_lastsell__T_a_exec-calc_shares_cross_timing-today_ma_input_field-adjusted_rsi_exit-level_rsi_smoothing-wilder_same_bar_reentry-wait_bar_warmup-ready_check: ok fills=209 (42.5s)
[1941/4086] BANK2_BL-09_half_down_lastsell__T_a_exec-set_holdings_cross_timing-both_days_input_field-adjusted_rsi_exit-level_rsi_smoothing-wilder_same_bar_reentry-wait_bar_warmup-ready_check: exit=1 fills=None (6.7s)
[1942/4086] BANK2_BL-09_half_down_lastsell__T_a_exec-calc_shares_cross_timing-both_days_input_field-raw_rsi_exit-level_rsi_smoothing-wilder_same_bar_reentry-wait_bar_warmup-ready_check: ok fills=212 (46.1s)
[1943/4086] BANK2_BL-09_half_down_lastsell__T_a_exec-calc_shares_cross_timing-today_ma_input_field-raw_rsi_exit-level_rsi_smoothing-wilder_same_bar_reentry-wait_bar_warmup-ready_check: ok fills=212 (42.7s)
[1944/4086] BANK2_BL-09_half_down_lastsell__T_a_exec-set_holdings_cross_timing-both_days_input_field-adjusted_rsi_exit-level_rsi_smoothing-wilder_same_bar_reentry-allowed_warmup-ready_check: ok fills=213 (39.2s)
[1945/4086] BANK2_BL-09_half_down_lastsell__T_a_exec-set_holdings_cross_timing-today_ma_input_field-adjusted_rsi_exit-level_rsi_smoothing-wilder_same_bar_reentry-allowed_warmup-ready_check: ok fills=213 (42.1s)
[1946/4086] BANK2_BL-09_half_down_lastsell__T_a_exec-set_holdings_cross_timing-today_ma_input_field-raw_rsi_exit-level_rsi_smoothing-wilder_same_bar_reentry-allowed_warmup-ready_check: ok fills=214 (41.2s)
[1947/4086] BANK2_BL-09_half_down_lastsell__T_a_exec-set_holdings_cross_timing-both_days_input_field-raw_rsi_exit-level_rsi_smoothing-wilder_same_bar_reentry-allowed_warmup-ready_check: ok fills=214 (45.3s)
[1948/4086] BANK2_BL-09_half_down_lastsell__T_a_exec-set_holdings_cross_timing-both_days_input_field-raw_rsi_exit-level_rsi_smoothing-wilder_same_bar_reentry-wait_bar_warmup-ready_check: ok fills=212 (42.8s)
[1949/4086] BANK2_BL-09_half_down_lastsell__T_a_exec-set_holdings_cross_timing-today_ma_input_field-adjusted_rsi_exit-level_rsi_smoothing-wilder_same_bar_reentry-wait_bar_warmup-ready_check: ok fills=209 (48.7s)
[1950/4086] BANK2_BL-09_half_down_lastsell__T_a_exec-set_holdings_cross_timing-today_ma_input_field-raw_rsi_exit-level_rsi_smoothing-wilder_same_bar_reentry-wait_bar_warmup-ready_check: ok fills=212 (47.2s)
[1951/4086] BANK2_BL-09_half_down_lastsell__T_a_exec-calc_shares_cross_timing-today_ma_input_field-adjusted_rsi_exit-level_rsi_smoothing-wilder_same_bar_reentry-allowed_warmup-ready_per_rule: ok fills=217 (47.9s)
[1952/4086] BANK2_BL-09_half_down_lastsell__T_a_exec-calc_shares_cross_timing-both_days_input_field-adjusted_rsi_exit-level_rsi_smoothing-wilder_same_bar_reentry-allowed_warmup-ready_per_rule: ok fills=217 (50.3s)
[1953/4086] BANK2_BL-09_half_down_lastsell__T_a_exec-calc_shares_cross_timing-today_ma_input_field-raw_rsi_exit-level_rsi_smoothing-wilder_same_bar_reentry-allowed_warmup-ready_per_rule: ok fills=218 (44.8s)
[1954/4086] BANK2_BL-09_half_down_lastsell__T_a_exec-calc_shares_cross_timing-both_days_input_field-raw_rsi_exit-level_rsi_smoothing-wilder_same_bar_reentry-allowed_warmup-ready_per_rule: ok fills=218 (47.5s)
[1955/4086] BANK2_BL-09_half_down_lastsell__T_a_exec-calc_shares_cross_timing-both_days_input_field-adjusted_rsi_exit-level_rsi_smoothing-wilder_same_bar_reentry-wait_bar_warmup-ready_per_rule: ok fills=213 (46.0s)
[1956/4086] BANK2_BL-09_half_down_lastsell__T_a_exec-calc_shares_cross_timing-today_ma_input_field-adjusted_rsi_exit-level_rsi_smoothing-wilder_same_bar_reentry-wait_bar_warmup-ready_per_rule: ok fills=213 (41.0s)
[1957/4086] BANK2_BL-09_half_down_lastsell__T_a_exec-calc_shares_cross_timing-both_days_input_field-raw_rsi_exit-level_rsi_smoothing-wilder_same_bar_reentry-wait_bar_warmup-ready_per_rule: ok fills=216 (39.6s)
[1958/4086] BANK2_BL-09_half_down_lastsell__T_a_exec-calc_shares_cross_timing-today_ma_input_field-raw_rsi_exit-level_rsi_smoothing-wilder_same_bar_reentry-wait_bar_warmup-ready_per_rule: ok fills=216 (43.0s)
[1959/4086] BANK2_BL-09_half_down_lastsell__T_a_exec-set_holdings_cross_timing-today_ma_input_field-adjusted_rsi_exit-level_rsi_smoothing-wilder_same_bar_reentry-allowed_warmup-ready_per_rule: ok fills=217 (42.3s)
[1960/4086] BANK2_BL-09_half_down_lastsell__T_a_exec-set_holdings_cross_timing-both_days_input_field-adjusted_rsi_exit-level_rsi_smoothing-wilder_same_bar_reentry-allowed_warmup-ready_per_rule: ok fills=217 (43.7s)
[1961/4086] BANK2_BL-09_half_down_lastsell__T_a_exec-set_holdings_cross_timing-both_days_input_field-raw_rsi_exit-level_rsi_smoothing-wilder_same_bar_reentry-allowed_warmup-ready_per_rule: ok fills=218 (47.9s)
[1962/4086] BANK2_BL-09_half_down_lastsell__T_a_exec-set_holdings_cross_timing-today_ma_input_field-raw_rsi_exit-level_rsi_smoothing-wilder_same_bar_reentry-allowed_warmup-ready_per_rule: ok fills=218 (46.7s)
[1963/4086] BANK2_BL-09_half_down_lastsell__T_a_exec-set_holdings_cross_timing-both_days_input_field-adjusted_rsi_exit-level_rsi_smoothing-wilder_same_bar_reentry-wait_bar_warmup-ready_per_rule: ok fills=213 (45.6s)
[1964/4086] BANK2_BL-09_half_down_lastsell__T_a_exec-set_holdings_cross_timing-today_ma_input_field-adjusted_rsi_exit-level_rsi_smoothing-wilder_same_bar_reentry-wait_bar_warmup-ready_per_rule: ok fills=213 (48.5s)
[1965/4086] BANK2_BL-09_half_down_lastsell__T_a_exec-set_holdings_cross_timing-both_days_input_field-raw_rsi_exit-level_rsi_smoothing-wilder_same_bar_reentry-wait_bar_warmup-ready_per_rule: ok fills=216 (46.6s)
[1966/4086] BANK2_BL-09_half_down_lastsell__T_a_exec-set_holdings_cross_timing-today_ma_input_field-raw_rsi_exit-level_rsi_smoothing-wilder_same_bar_reentry-wait_bar_warmup-ready_per_rule: ok fills=216 (45.2s)
[1967/4086] BANK2_BL-09_half_down_lastsell__T_a_exec-calc_shares_cross_timing-today_ma_input_field-adjusted_rsi_exit-cross_rsi_smoothing-wilder_same_bar_reentry-wait_bar_warmup-strict: exit=1 fills=None (7.6s)
[1968/4086] BANK2_BL-09_half_down_lastsell__T_a_exec-calc_shares_cross_timing-both_days_input_field-adjusted_rsi_exit-cross_rsi_smoothing-wilder_same_bar_reentry-allowed_warmup-strict: ok fills=197 (44.0s)
[1969/4086] BANK2_BL-09_half_down_lastsell__T_a_exec-calc_shares_cross_timing-today_ma_input_field-adjusted_rsi_exit-cross_rsi_smoothing-wilder_same_bar_reentry-allowed_warmup-strict: ok fills=197 (46.4s)
[1970/4086] BANK2_BL-09_half_down_lastsell__T_a_exec-calc_shares_cross_timing-both_days_input_field-raw_rsi_exit-cross_rsi_smoothing-wilder_same_bar_reentry-allowed_warmup-strict: ok fills=202 (37.9s)
[1971/4086] BANK2_BL-09_half_down_lastsell__T_a_exec-calc_shares_cross_timing-today_ma_input_field-raw_rsi_exit-cross_rsi_smoothing-wilder_same_bar_reentry-allowed_warmup-strict: ok fills=202 (42.4s)
[1972/4086] BANK2_BL-09_half_down_lastsell__T_a_exec-calc_shares_cross_timing-both_days_input_field-adjusted_rsi_exit-cross_rsi_smoothing-wilder_same_bar_reentry-wait_bar_warmup-strict: ok fills=197 (42.1s)
[1973/4086] BANK2_BL-09_half_down_lastsell__T_a_exec-calc_shares_cross_timing-both_days_input_field-raw_rsi_exit-cross_rsi_smoothing-wilder_same_bar_reentry-wait_bar_warmup-strict: ok fills=202 (41.2s)
[1974/4086] BANK2_BL-09_half_down_lastsell__T_a_exec-set_holdings_cross_timing-today_ma_input_field-adjusted_rsi_exit-cross_rsi_smoothing-wilder_same_bar_reentry-allowed_warmup-strict: ok fills=197 (40.5s)
[1975/4086] BANK2_BL-09_half_down_lastsell__T_a_exec-calc_shares_cross_timing-today_ma_input_field-raw_rsi_exit-cross_rsi_smoothing-wilder_same_bar_reentry-wait_bar_warmup-strict: ok fills=202 (43.3s)
[1976/4086] BANK2_BL-09_half_down_lastsell__T_a_exec-set_holdings_cross_timing-both_days_input_field-adjusted_rsi_exit-cross_rsi_smoothing-wilder_same_bar_reentry-allowed_warmup-strict: ok fills=197 (47.9s)
[1977/4086] BANK2_BL-09_half_down_lastsell__T_a_exec-set_holdings_cross_timing-both_days_input_field-raw_rsi_exit-cross_rsi_smoothing-wilder_same_bar_reentry-allowed_warmup-strict: ok fills=202 (44.7s)
[1978/4086] BANK2_BL-09_half_down_lastsell__T_a_exec-set_holdings_cross_timing-today_ma_input_field-raw_rsi_exit-cross_rsi_smoothing-wilder_same_bar_reentry-allowed_warmup-strict: ok fills=202 (47.6s)
[1979/4086] BANK2_BL-09_half_down_lastsell__T_a_exec-set_holdings_cross_timing-today_ma_input_field-adjusted_rsi_exit-cross_rsi_smoothing-wilder_same_bar_reentry-wait_bar_warmup-strict: ok fills=197 (44.0s)
[1980/4086] BANK2_BL-09_half_down_lastsell__T_a_exec-set_holdings_cross_timing-both_days_input_field-adjusted_rsi_exit-cross_rsi_smoothing-wilder_same_bar_reentry-wait_bar_warmup-strict: ok fills=197 (48.2s)
[1981/4086] BANK2_BL-09_half_down_lastsell__T_a_exec-set_holdings_cross_timing-both_days_input_field-raw_rsi_exit-cross_rsi_smoothing-wilder_same_bar_reentry-wait_bar_warmup-strict: ok fills=202 (40.1s)
[1982/4086] BANK2_BL-09_half_down_lastsell__T_a_exec-calc_shares_cross_timing-both_days_input_field-adjusted_rsi_exit-cross_rsi_smoothing-wilder_same_bar_reentry-allowed_warmup-ready_check: ok fills=193 (42.0s)
[1983/4086] BANK2_BL-09_half_down_lastsell__T_a_exec-calc_shares_cross_timing-both_days_input_field-raw_rsi_exit-cross_rsi_smoothing-wilder_same_bar_reentry-wait_bar_warmup-ready_check: exit=1 fills=None (9.8s)
[1984/4086] BANK2_BL-09_half_down_lastsell__T_a_exec-set_holdings_cross_timing-today_ma_input_field-raw_rsi_exit-cross_rsi_smoothing-wilder_same_bar_reentry-wait_bar_warmup-strict: ok fills=202 (42.7s)
[1985/4086] BANK2_BL-09_half_down_lastsell__T_a_exec-calc_shares_cross_timing-today_ma_input_field-adjusted_rsi_exit-cross_rsi_smoothing-wilder_same_bar_reentry-allowed_warmup-ready_check: ok fills=193 (43.0s)
[1986/4086] BANK2_BL-09_half_down_lastsell__T_a_exec-calc_shares_cross_timing-both_days_input_field-raw_rsi_exit-cross_rsi_smoothing-wilder_same_bar_reentry-allowed_warmup-ready_check: ok fills=198 (42.8s)
[1987/4086] BANK2_BL-09_half_down_lastsell__T_a_exec-calc_shares_cross_timing-today_ma_input_field-raw_rsi_exit-cross_rsi_smoothing-wilder_same_bar_reentry-allowed_warmup-ready_check: ok fills=198 (43.3s)
[1988/4086] BANK2_BL-09_half_down_lastsell__T_a_exec-calc_shares_cross_timing-both_days_input_field-adjusted_rsi_exit-cross_rsi_smoothing-wilder_same_bar_reentry-wait_bar_warmup-ready_check: ok fills=193 (47.6s)
[1989/4086] BANK2_BL-09_half_down_lastsell__T_a_exec-calc_shares_cross_timing-today_ma_input_field-adjusted_rsi_exit-cross_rsi_smoothing-wilder_same_bar_reentry-wait_bar_warmup-ready_check: ok fills=193 (44.7s)
[1990/4086] BANK2_BL-09_half_down_lastsell__T_a_exec-set_holdings_cross_timing-both_days_input_field-adjusted_rsi_exit-cross_rsi_smoothing-wilder_same_bar_reentry-allowed_warmup-ready_check: ok fills=193 (41.9s)
[1991/4086] BANK2_BL-09_half_down_lastsell__T_a_exec-calc_shares_cross_timing-today_ma_input_field-raw_rsi_exit-cross_rsi_smoothing-wilder_same_bar_reentry-wait_bar_warmup-ready_check: ok fills=198 (42.6s)
[1992/4086] BANK2_BL-09_half_down_lastsell__T_a_exec-set_holdings_cross_timing-today_ma_input_field-adjusted_rsi_exit-cross_rsi_smoothing-wilder_same_bar_reentry-allowed_warmup-ready_check: ok fills=193 (43.9s)
[1993/4086] BANK2_BL-09_half_down_lastsell__T_a_exec-set_holdings_cross_timing-both_days_input_field-raw_rsi_exit-cross_rsi_smoothing-wilder_same_bar_reentry-allowed_warmup-ready_check: ok fills=198 (45.4s)
[1994/4086] BANK2_BL-09_half_down_lastsell__T_a_exec-set_holdings_cross_timing-today_ma_input_field-raw_rsi_exit-cross_rsi_smoothing-wilder_same_bar_reentry-allowed_warmup-ready_check: ok fills=198 (44.1s)
[1995/4086] BANK2_BL-09_half_down_lastsell__T_a_exec-calc_shares_cross_timing-today_ma_input_field-adjusted_rsi_exit-cross_rsi_smoothing-wilder_same_bar_reentry-allowed_warmup-ready_per_rule: exit=1 fills=None (8.3s)
[1996/4086] BANK2_BL-09_half_down_lastsell__T_a_exec-set_holdings_cross_timing-both_days_input_field-adjusted_rsi_exit-cross_rsi_smoothing-wilder_same_bar_reentry-wait_bar_warmup-ready_check: ok fills=193 (37.2s)
[1997/4086] BANK2_BL-09_half_down_lastsell__T_a_exec-set_holdings_cross_timing-today_ma_input_field-adjusted_rsi_exit-cross_rsi_smoothing-wilder_same_bar_reentry-wait_bar_warmup-ready_check: ok fills=193 (44.0s)
[1998/4086] BANK2_BL-09_half_down_lastsell__T_a_exec-set_holdings_cross_timing-both_days_input_field-raw_rsi_exit-cross_rsi_smoothing-wilder_same_bar_reentry-wait_bar_warmup-ready_check: ok fills=198 (44.2s)
[1999/4086] BANK2_BL-09_half_down_lastsell__T_a_exec-set_holdings_cross_timing-today_ma_input_field-raw_rsi_exit-cross_rsi_smoothing-wilder_same_bar_reentry-wait_bar_warmup-ready_check: ok fills=198 (45.1s)
[2000/4086] BANK2_BL-09_half_down_lastsell__T_a_exec-calc_shares_cross_timing-both_days_input_field-adjusted_rsi_exit-cross_rsi_smoothing-wilder_same_bar_reentry-allowed_warmup-ready_per_rule: ok fills=197 (46.6s)
[2001/4086] BANK2_BL-09_half_down_lastsell__T_a_exec-calc_shares_cross_timing-both_days_input_field-raw_rsi_exit-cross_rsi_smoothing-wilder_same_bar_reentry-allowed_warmup-ready_per_rule: ok fills=202 (47.5s)
[2002/4086] BANK2_BL-09_half_down_lastsell__T_a_exec-calc_shares_cross_timing-both_days_input_field-adjusted_rsi_exit-cross_rsi_smoothing-wilder_same_bar_reentry-wait_bar_warmup-ready_per_rule: ok fills=197 (46.9s)
[2003/4086] BANK2_BL-09_half_down_lastsell__T_a_exec-calc_shares_cross_timing-today_ma_input_field-adjusted_rsi_exit-cross_rsi_smoothing-wilder_same_bar_reentry-wait_bar_warmup-ready_per_rule: ok fills=197 (44.1s)
[2004/4086] BANK2_BL-09_half_down_lastsell__T_a_exec-calc_shares_cross_timing-today_ma_input_field-raw_rsi_exit-cross_rsi_smoothing-wilder_same_bar_reentry-allowed_warmup-ready_per_rule: ok fills=202 (50.2s)
[2005/4086] BANK2_BL-09_half_down_lastsell__T_a_exec-calc_shares_cross_timing-both_days_input_field-raw_rsi_exit-cross_rsi_smoothing-wilder_same_bar_reentry-wait_bar_warmup-ready_per_rule: ok fills=202 (40.4s)
[2006/4086] BANK2_BL-09_half_down_lastsell__T_a_exec-set_holdings_cross_timing-both_days_input_field-adjusted_rsi_exit-cross_rsi_smoothing-wilder_same_bar_reentry-wait_bar_warmup-ready_per_rule: exit=1 fills=None (10.5s)
[2007/4086] BANK2_BL-09_half_down_lastsell__T_a_exec-calc_shares_cross_timing-today_ma_input_field-raw_rsi_exit-cross_rsi_smoothing-wilder_same_bar_reentry-wait_bar_warmup-ready_per_rule: ok fills=202 (41.5s)
[2008/4086] BANK2_BL-09_half_down_lastsell__T_a_exec-set_holdings_cross_timing-both_days_input_field-adjusted_rsi_exit-cross_rsi_smoothing-wilder_same_bar_reentry-allowed_warmup-ready_per_rule: ok fills=197 (44.4s)
[2009/4086] BANK2_BL-09_half_down_lastsell__T_a_exec-set_holdings_cross_timing-today_ma_input_field-adjusted_rsi_exit-cross_rsi_smoothing-wilder_same_bar_reentry-allowed_warmup-ready_per_rule: ok fills=197 (42.4s)
[2010/4086] BANK2_BL-09_half_down_lastsell__T_a_exec-set_holdings_cross_timing-both_days_input_field-raw_rsi_exit-cross_rsi_smoothing-wilder_same_bar_reentry-allowed_warmup-ready_per_rule: ok fills=202 (43.9s)
[2011/4086] BANK2_BL-09_half_down_lastsell__T_a_exec-set_holdings_cross_timing-today_ma_input_field-raw_rsi_exit-cross_rsi_smoothing-wilder_same_bar_reentry-allowed_warmup-ready_per_rule: ok fills=202 (46.5s)
[2012/4086] BANK2_BL-09_half_down_lastsell__T_a_exec-set_holdings_cross_timing-today_ma_input_field-adjusted_rsi_exit-cross_rsi_smoothing-wilder_same_bar_reentry-wait_bar_warmup-ready_per_rule: ok fills=197 (45.4s)
[2013/4086] BANK2_BL-09_half_down_lastsell__T_a_exec-set_holdings_cross_timing-today_ma_input_field-raw_rsi_exit-cross_rsi_smoothing-wilder_same_bar_reentry-wait_bar_warmup-ready_per_rule: ok fills=202 (45.4s)
[2014/4086] BANK2_BL-09_half_down_lastsell__T_a_exec-set_holdings_cross_timing-both_days_input_field-raw_rsi_exit-cross_rsi_smoothing-wilder_same_bar_reentry-wait_bar_warmup-ready_per_rule: ok fills=202 (48.1s)
[2015/4086] BANK2_BL-09_half_down_lastsell__T_a_exec-calc_shares_cross_timing-both_days_input_field-adjusted_rsi_exit-level_rsi_smoothing-simple_same_bar_reentry-allowed_warmup-strict: ok fills=267 (49.1s)
[2016/4086] BANK2_BL-09_half_down_lastsell__T_a_exec-calc_shares_cross_timing-today_ma_input_field-adjusted_rsi_exit-level_rsi_smoothing-simple_same_bar_reentry-allowed_warmup-strict: ok fills=267 (41.5s)
[2017/4086] BANK2_BL-09_half_down_lastsell__T_a_exec-calc_shares_cross_timing-both_days_input_field-raw_rsi_exit-level_rsi_smoothing-simple_same_bar_reentry-allowed_warmup-strict: ok fills=276 (44.4s)
[2018/4086] BANK2_BL-09_half_down_lastsell__T_a_exec-calc_shares_cross_timing-both_days_input_field-adjusted_rsi_exit-level_rsi_smoothing-simple_same_bar_reentry-wait_bar_warmup-strict: ok fills=253 (43.4s)
[2019/4086] BANK2_BL-09_half_down_lastsell__T_a_exec-calc_shares_cross_timing-today_ma_input_field-raw_rsi_exit-level_rsi_smoothing-simple_same_bar_reentry-allowed_warmup-strict: ok fills=276 (47.0s)
[2020/4086] BANK2_BL-09_half_down_lastsell__T_a_exec-calc_shares_cross_timing-today_ma_input_field-adjusted_rsi_exit-level_rsi_smoothing-simple_same_bar_reentry-wait_bar_warmup-strict: ok fills=253 (42.4s)
[2021/4086] BANK2_BL-09_half_down_lastsell__T_a_exec-calc_shares_cross_timing-both_days_input_field-raw_rsi_exit-level_rsi_smoothing-simple_same_bar_reentry-wait_bar_warmup-strict: ok fills=262 (42.9s)
[2022/4086] BANK2_BL-09_half_down_lastsell__T_a_exec-calc_shares_cross_timing-today_ma_input_field-raw_rsi_exit-level_rsi_smoothing-simple_same_bar_reentry-wait_bar_warmup-strict: ok fills=262 (44.9s)
[2023/4086] BANK2_BL-09_half_down_lastsell__T_a_exec-set_holdings_cross_timing-both_days_input_field-adjusted_rsi_exit-level_rsi_smoothing-simple_same_bar_reentry-allowed_warmup-strict: ok fills=267 (45.9s)
[2024/4086] BANK2_BL-09_half_down_lastsell__T_a_exec-set_holdings_cross_timing-both_days_input_field-raw_rsi_exit-level_rsi_smoothing-simple_same_bar_reentry-allowed_warmup-strict: ok fills=276 (45.4s)
[2025/4086] BANK2_BL-09_half_down_lastsell__T_a_exec-set_holdings_cross_timing-today_ma_input_field-adjusted_rsi_exit-level_rsi_smoothing-simple_same_bar_reentry-allowed_warmup-strict: ok fills=267 (48.9s)
[2026/4086] BANK2_BL-09_half_down_lastsell__T_a_exec-set_holdings_cross_timing-today_ma_input_field-raw_rsi_exit-level_rsi_smoothing-simple_same_bar_reentry-allowed_warmup-strict: ok fills=276 (45.1s)
[2027/4086] BANK2_BL-09_half_down_lastsell__T_a_exec-set_holdings_cross_timing-today_ma_input_field-adjusted_rsi_exit-level_rsi_smoothing-simple_same_bar_reentry-wait_bar_warmup-strict: ok fills=253 (45.0s)
[2028/4086] BANK2_BL-09_half_down_lastsell__T_a_exec-set_holdings_cross_timing-both_days_input_field-adjusted_rsi_exit-level_rsi_smoothing-simple_same_bar_reentry-wait_bar_warmup-strict: ok fills=253 (45.6s)
[2029/4086] BANK2_BL-09_half_down_lastsell__T_a_exec-set_holdings_cross_timing-both_days_input_field-raw_rsi_exit-level_rsi_smoothing-simple_same_bar_reentry-wait_bar_warmup-strict: ok fills=262 (39.3s)
[2030/4086] BANK2_BL-09_half_down_lastsell__T_a_exec-set_holdings_cross_timing-today_ma_input_field-raw_rsi_exit-level_rsi_smoothing-simple_same_bar_reentry-wait_bar_warmup-strict: ok fills=262 (42.5s)
[2031/4086] BANK2_BL-09_half_down_lastsell__T_a_exec-calc_shares_cross_timing-both_days_input_field-adjusted_rsi_exit-level_rsi_smoothing-simple_same_bar_reentry-allowed_warmup-ready_check: ok fills=253 (42.0s)
[2032/4086] BANK2_BL-09_half_down_lastsell__T_a_exec-calc_shares_cross_timing-both_days_input_field-raw_rsi_exit-level_rsi_smoothing-simple_same_bar_reentry-allowed_warmup-ready_check: ok fills=262 (45.5s)
[2033/4086] BANK2_BL-09_half_down_lastsell__T_a_exec-calc_shares_cross_timing-today_ma_input_field-adjusted_rsi_exit-level_rsi_smoothing-simple_same_bar_reentry-allowed_warmup-ready_check: ok fills=253 (48.7s)
[2034/4086] BANK2_BL-09_half_down_lastsell__T_a_exec-calc_shares_cross_timing-today_ma_input_field-raw_rsi_exit-level_rsi_smoothing-simple_same_bar_reentry-allowed_warmup-ready_check: ok fills=262 (46.2s)
[2035/4086] BANK2_BL-09_half_down_lastsell__T_a_exec-calc_shares_cross_timing-today_ma_input_field-adjusted_rsi_exit-level_rsi_smoothing-simple_same_bar_reentry-wait_bar_warmup-ready_check: ok fills=243 (48.3s)
[2036/4086] BANK2_BL-09_half_down_lastsell__T_a_exec-calc_shares_cross_timing-both_days_input_field-adjusted_rsi_exit-level_rsi_smoothing-simple_same_bar_reentry-wait_bar_warmup-ready_check: ok fills=243 (50.9s)
[2037/4086] BANK2_BL-09_half_down_lastsell__T_a_exec-calc_shares_cross_timing-both_days_input_field-raw_rsi_exit-level_rsi_smoothing-simple_same_bar_reentry-wait_bar_warmup-ready_check: ok fills=252 (48.6s)
[2038/4086] BANK2_BL-09_half_down_lastsell__T_a_exec-set_holdings_cross_timing-both_days_input_field-adjusted_rsi_exit-level_rsi_smoothing-simple_same_bar_reentry-allowed_warmup-ready_check: ok fills=253 (46.5s)
[2039/4086] BANK2_BL-09_half_down_lastsell__T_a_exec-calc_shares_cross_timing-today_ma_input_field-raw_rsi_exit-level_rsi_smoothing-simple_same_bar_reentry-wait_bar_warmup-ready_check: ok fills=252 (50.0s)
[2040/4086] BANK2_BL-09_half_down_lastsell__T_a_exec-set_holdings_cross_timing-today_ma_input_field-adjusted_rsi_exit-level_rsi_smoothing-simple_same_bar_reentry-allowed_warmup-ready_check: ok fills=253 (43.7s)
[2041/4086] BANK2_BL-09_half_down_lastsell__T_a_exec-set_holdings_cross_timing-both_days_input_field-raw_rsi_exit-level_rsi_smoothing-simple_same_bar_reentry-allowed_warmup-ready_check: ok fills=262 (43.9s)
[2042/4086] BANK2_BL-09_half_down_lastsell__T_a_exec-set_holdings_cross_timing-today_ma_input_field-raw_rsi_exit-level_rsi_smoothing-simple_same_bar_reentry-allowed_warmup-ready_check: ok fills=262 (42.6s)
[2043/4086] BANK2_BL-09_half_down_lastsell__T_a_exec-set_holdings_cross_timing-both_days_input_field-adjusted_rsi_exit-level_rsi_smoothing-simple_same_bar_reentry-wait_bar_warmup-ready_check: ok fills=243 (43.9s)
[2044/4086] BANK2_BL-09_half_down_lastsell__T_a_exec-set_holdings_cross_timing-today_ma_input_field-adjusted_rsi_exit-level_rsi_smoothing-simple_same_bar_reentry-wait_bar_warmup-ready_check: ok fills=243 (42.5s)
[2045/4086] BANK2_BL-09_half_down_lastsell__T_a_exec-set_holdings_cross_timing-both_days_input_field-raw_rsi_exit-level_rsi_smoothing-simple_same_bar_reentry-wait_bar_warmup-ready_check: ok fills=252 (43.3s)
[2046/4086] BANK2_BL-09_half_down_lastsell__T_a_exec-set_holdings_cross_timing-today_ma_input_field-raw_rsi_exit-level_rsi_smoothing-simple_same_bar_reentry-wait_bar_warmup-ready_check: ok fills=252 (49.9s)
[2047/4086] BANK2_BL-09_half_down_lastsell__T_a_exec-calc_shares_cross_timing-both_days_input_field-adjusted_rsi_exit-level_rsi_smoothing-simple_same_bar_reentry-allowed_warmup-ready_per_rule: ok fills=265 (51.3s)
[2048/4086] BANK2_BL-09_half_down_lastsell__T_a_exec-calc_shares_cross_timing-today_ma_input_field-adjusted_rsi_exit-level_rsi_smoothing-simple_same_bar_reentry-allowed_warmup-ready_per_rule: ok fills=265 (47.4s)
[2049/4086] BANK2_BL-09_half_down_lastsell__T_a_exec-calc_shares_cross_timing-both_days_input_field-raw_rsi_exit-level_rsi_smoothing-simple_same_bar_reentry-allowed_warmup-ready_per_rule: ok fills=274 (45.0s)
[2050/4086] BANK2_BL-09_half_down_lastsell__T_a_exec-calc_shares_cross_timing-today_ma_input_field-raw_rsi_exit-level_rsi_smoothing-simple_same_bar_reentry-allowed_warmup-ready_per_rule: ok fills=274 (44.2s)
[2051/4086] BANK2_BL-09_half_down_lastsell__T_a_exec-calc_shares_cross_timing-both_days_input_field-adjusted_rsi_exit-level_rsi_smoothing-simple_same_bar_reentry-wait_bar_warmup-ready_per_rule: ok fills=251 (44.8s)
[2052/4086] BANK2_BL-09_half_down_lastsell__T_a_exec-calc_shares_cross_timing-today_ma_input_field-adjusted_rsi_exit-level_rsi_smoothing-simple_same_bar_reentry-wait_bar_warmup-ready_per_rule: ok fills=251 (44.0s)
[2053/4086] BANK2_BL-09_half_down_lastsell__T_a_exec-calc_shares_cross_timing-both_days_input_field-raw_rsi_exit-level_rsi_smoothing-simple_same_bar_reentry-wait_bar_warmup-ready_per_rule: ok fills=260 (44.3s)
[2054/4086] BANK2_BL-09_half_down_lastsell__T_a_exec-calc_shares_cross_timing-today_ma_input_field-raw_rsi_exit-level_rsi_smoothing-simple_same_bar_reentry-wait_bar_warmup-ready_per_rule: ok fills=260 (44.0s)
[2055/4086] BANK2_BL-09_half_down_lastsell__T_a_exec-set_holdings_cross_timing-both_days_input_field-adjusted_rsi_exit-level_rsi_smoothing-simple_same_bar_reentry-allowed_warmup-ready_per_rule: ok fills=265 (43.9s)
[2056/4086] BANK2_BL-09_half_down_lastsell__T_a_exec-set_holdings_cross_timing-today_ma_input_field-adjusted_rsi_exit-level_rsi_smoothing-simple_same_bar_reentry-allowed_warmup-ready_per_rule: ok fills=265 (45.0s)
[2057/4086] BANK2_BL-09_half_down_lastsell__T_a_exec-set_holdings_cross_timing-both_days_input_field-raw_rsi_exit-level_rsi_smoothing-simple_same_bar_reentry-allowed_warmup-ready_per_rule: ok fills=274 (45.1s)
[2058/4086] BANK2_BL-09_half_down_lastsell__T_a_exec-set_holdings_cross_timing-today_ma_input_field-raw_rsi_exit-level_rsi_smoothing-simple_same_bar_reentry-allowed_warmup-ready_per_rule: ok fills=274 (46.8s)
[2059/4086] BANK2_BL-09_half_down_lastsell__T_a_exec-set_holdings_cross_timing-both_days_input_field-adjusted_rsi_exit-level_rsi_smoothing-simple_same_bar_reentry-wait_bar_warmup-ready_per_rule: ok fills=251 (44.2s)
[2060/4086] BANK2_BL-09_half_down_lastsell__T_a_exec-set_holdings_cross_timing-today_ma_input_field-adjusted_rsi_exit-level_rsi_smoothing-simple_same_bar_reentry-wait_bar_warmup-ready_per_rule: ok fills=251 (46.7s)
[2061/4086] BANK2_BL-09_half_down_lastsell__T_a_exec-set_holdings_cross_timing-both_days_input_field-raw_rsi_exit-level_rsi_smoothing-simple_same_bar_reentry-wait_bar_warmup-ready_per_rule: ok fills=260 (46.3s)
[2062/4086] BANK2_BL-09_half_down_lastsell__T_a_exec-set_holdings_cross_timing-today_ma_input_field-raw_rsi_exit-level_rsi_smoothing-simple_same_bar_reentry-wait_bar_warmup-ready_per_rule: ok fills=260 (45.4s)
[2063/4086] BANK2_BL-09_half_down_lastsell__T_a_exec-calc_shares_cross_timing-both_days_input_field-adjusted_rsi_exit-cross_rsi_smoothing-simple_same_bar_reentry-allowed_warmup-strict: ok fills=217 (44.4s)
[2064/4086] BANK2_BL-09_half_down_lastsell__T_a_exec-calc_shares_cross_timing-today_ma_input_field-adjusted_rsi_exit-cross_rsi_smoothing-simple_same_bar_reentry-allowed_warmup-strict: ok fills=217 (42.6s)
[2065/4086] BANK2_BL-09_half_down_lastsell__T_a_exec-calc_shares_cross_timing-both_days_input_field-raw_rsi_exit-cross_rsi_smoothing-simple_same_bar_reentry-allowed_warmup-strict: ok fills=228 (43.9s)
[2066/4086] BANK2_BL-09_half_down_lastsell__T_a_exec-calc_shares_cross_timing-today_ma_input_field-raw_rsi_exit-cross_rsi_smoothing-simple_same_bar_reentry-allowed_warmup-strict: ok fills=228 (43.6s)
[2067/4086] BANK2_BL-09_half_down_lastsell__T_a_exec-calc_shares_cross_timing-both_days_input_field-adjusted_rsi_exit-cross_rsi_smoothing-simple_same_bar_reentry-wait_bar_warmup-strict: ok fills=217 (42.5s)
[2068/4086] BANK2_BL-09_half_down_lastsell__T_a_exec-calc_shares_cross_timing-today_ma_input_field-adjusted_rsi_exit-cross_rsi_smoothing-simple_same_bar_reentry-wait_bar_warmup-strict: ok fills=217 (50.5s)
[2069/4086] BANK2_BL-09_half_down_lastsell__T_a_exec-calc_shares_cross_timing-both_days_input_field-raw_rsi_exit-cross_rsi_smoothing-simple_same_bar_reentry-wait_bar_warmup-strict: ok fills=228 (47.4s)
[2070/4086] BANK2_BL-09_half_down_lastsell__T_a_exec-calc_shares_cross_timing-today_ma_input_field-raw_rsi_exit-cross_rsi_smoothing-simple_same_bar_reentry-wait_bar_warmup-strict: ok fills=228 (46.3s)
[2071/4086] BANK2_BL-09_half_down_lastsell__T_a_exec-set_holdings_cross_timing-both_days_input_field-adjusted_rsi_exit-cross_rsi_smoothing-simple_same_bar_reentry-allowed_warmup-strict: ok fills=217 (48.9s)
[2072/4086] BANK2_BL-09_half_down_lastsell__T_a_exec-set_holdings_cross_timing-both_days_input_field-raw_rsi_exit-cross_rsi_smoothing-simple_same_bar_reentry-allowed_warmup-strict: ok fills=228 (45.8s)
[2073/4086] BANK2_BL-09_half_down_lastsell__T_a_exec-set_holdings_cross_timing-today_ma_input_field-adjusted_rsi_exit-cross_rsi_smoothing-simple_same_bar_reentry-allowed_warmup-strict: ok fills=217 (49.9s)
[2074/4086] BANK2_BL-09_half_down_lastsell__T_a_exec-set_holdings_cross_timing-today_ma_input_field-raw_rsi_exit-cross_rsi_smoothing-simple_same_bar_reentry-allowed_warmup-strict: ok fills=228 (42.4s)
[2075/4086] BANK2_BL-09_half_down_lastsell__T_a_exec-set_holdings_cross_timing-both_days_input_field-adjusted_rsi_exit-cross_rsi_smoothing-simple_same_bar_reentry-wait_bar_warmup-strict: ok fills=217 (43.0s)
[2076/4086] BANK2_BL-09_half_down_lastsell__T_a_exec-set_holdings_cross_timing-both_days_input_field-raw_rsi_exit-cross_rsi_smoothing-simple_same_bar_reentry-wait_bar_warmup-strict: ok fills=228 (43.2s)
[2077/4086] BANK2_BL-09_half_down_lastsell__T_a_exec-set_holdings_cross_timing-today_ma_input_field-adjusted_rsi_exit-cross_rsi_smoothing-simple_same_bar_reentry-wait_bar_warmup-strict: ok fills=217 (44.6s)
[2078/4086] BANK2_BL-09_half_down_lastsell__T_a_exec-set_holdings_cross_timing-today_ma_input_field-raw_rsi_exit-cross_rsi_smoothing-simple_same_bar_reentry-wait_bar_warmup-strict: ok fills=228 (44.0s)
[2079/4086] BANK2_BL-09_half_down_lastsell__T_a_exec-calc_shares_cross_timing-both_days_input_field-adjusted_rsi_exit-cross_rsi_smoothing-simple_same_bar_reentry-allowed_warmup-ready_check: ok fills=209 (47.9s)
[2080/4086] BANK2_BL-09_half_down_lastsell__T_a_exec-calc_shares_cross_timing-today_ma_input_field-adjusted_rsi_exit-cross_rsi_smoothing-simple_same_bar_reentry-allowed_warmup-ready_check: ok fills=209 (45.4s)
[2081/4086] BANK2_BL-09_half_down_lastsell__T_a_exec-calc_shares_cross_timing-both_days_input_field-raw_rsi_exit-cross_rsi_smoothing-simple_same_bar_reentry-allowed_warmup-ready_check: ok fills=220 (49.1s)
[2082/4086] BANK2_BL-09_half_down_lastsell__T_a_exec-calc_shares_cross_timing-today_ma_input_field-raw_rsi_exit-cross_rsi_smoothing-simple_same_bar_reentry-allowed_warmup-ready_check: ok fills=220 (46.8s)
[2083/4086] BANK2_BL-09_half_down_lastsell__T_a_exec-calc_shares_cross_timing-both_days_input_field-adjusted_rsi_exit-cross_rsi_smoothing-simple_same_bar_reentry-wait_bar_warmup-ready_check: ok fills=209 (46.0s)
[2084/4086] BANK2_BL-09_half_down_lastsell__T_a_exec-calc_shares_cross_timing-today_ma_input_field-adjusted_rsi_exit-cross_rsi_smoothing-simple_same_bar_reentry-wait_bar_warmup-ready_check: ok fills=209 (43.1s)
[2085/4086] BANK2_BL-09_half_down_lastsell__T_a_exec-set_holdings_cross_timing-both_days_input_field-adjusted_rsi_exit-cross_rsi_smoothing-simple_same_bar_reentry-wait_bar_warmup-ready_check: exit=1 fills=None (8.5s)
[2086/4086] BANK2_BL-09_half_down_lastsell__T_a_exec-set_holdings_cross_timing-today_ma_input_field-raw_rsi_exit-cross_rsi_smoothing-simple_same_bar_reentry-allowed_warmup-ready_check: exit=1 fills=None (9.8s)
[2087/4086] BANK2_BL-09_half_down_lastsell__T_a_exec-calc_shares_cross_timing-both_days_input_field-raw_rsi_exit-cross_rsi_smoothing-simple_same_bar_reentry-wait_bar_warmup-ready_check: ok fills=220 (44.1s)
[2088/4086] BANK2_BL-09_half_down_lastsell__T_a_exec-calc_shares_cross_timing-today_ma_input_field-raw_rsi_exit-cross_rsi_smoothing-simple_same_bar_reentry-wait_bar_warmup-ready_check: ok fills=220 (39.0s)
[2089/4086] BANK2_BL-09_half_down_lastsell__T_a_exec-set_holdings_cross_timing-both_days_input_field-adjusted_rsi_exit-cross_rsi_smoothing-simple_same_bar_reentry-allowed_warmup-ready_check: ok fills=209 (39.6s)
[2090/4086] BANK2_BL-09_half_down_lastsell__T_a_exec-set_holdings_cross_timing-today_ma_input_field-adjusted_rsi_exit-cross_rsi_smoothing-simple_same_bar_reentry-allowed_warmup-ready_check: ok fills=209 (40.1s)
[2091/4086] BANK2_BL-09_half_down_lastsell__T_a_exec-set_holdings_cross_timing-both_days_input_field-raw_rsi_exit-cross_rsi_smoothing-simple_same_bar_reentry-allowed_warmup-ready_check: ok fills=220 (40.8s)
[2092/4086] BANK2_BL-09_half_down_lastsell__T_a_exec-set_holdings_cross_timing-today_ma_input_field-raw_rsi_exit-cross_rsi_smoothing-simple_same_bar_reentry-wait_bar_warmup-ready_check: ok fills=220 (45.7s)
[2093/4086] BANK2_BL-09_half_down_lastsell__T_a_exec-set_holdings_cross_timing-today_ma_input_field-adjusted_rsi_exit-cross_rsi_smoothing-simple_same_bar_reentry-wait_bar_warmup-ready_check: ok fills=209 (47.9s)
[2094/4086] BANK2_BL-09_half_down_lastsell__T_a_exec-set_holdings_cross_timing-both_days_input_field-raw_rsi_exit-cross_rsi_smoothing-simple_same_bar_reentry-wait_bar_warmup-ready_check: ok fills=220 (52.5s)
[2095/4086] BANK2_BL-09_half_down_lastsell__T_a_exec-calc_shares_cross_timing-both_days_input_field-adjusted_rsi_exit-cross_rsi_smoothing-simple_same_bar_reentry-allowed_warmup-ready_per_rule: ok fills=215 (50.6s)
[2096/4086] BANK2_BL-09_half_down_lastsell__T_a_exec-calc_shares_cross_timing-today_ma_input_field-adjusted_rsi_exit-cross_rsi_smoothing-simple_same_bar_reentry-allowed_warmup-ready_per_rule: ok fills=215 (47.3s)
[2097/4086] BANK2_BL-09_half_down_lastsell__T_a_exec-calc_shares_cross_timing-both_days_input_field-raw_rsi_exit-cross_rsi_smoothing-simple_same_bar_reentry-allowed_warmup-ready_per_rule: ok fills=226 (42.7s)
[2098/4086] BANK2_BL-09_half_down_lastsell__T_a_exec-calc_shares_cross_timing-today_ma_input_field-raw_rsi_exit-cross_rsi_smoothing-simple_same_bar_reentry-allowed_warmup-ready_per_rule: ok fills=226 (45.1s)
[2099/4086] BANK2_BL-09_half_down_lastsell__T_a_exec-calc_shares_cross_timing-both_days_input_field-adjusted_rsi_exit-cross_rsi_smoothing-simple_same_bar_reentry-wait_bar_warmup-ready_per_rule: ok fills=215 (41.6s)
[2100/4086] BANK2_BL-09_half_down_lastsell__T_a_exec-calc_shares_cross_timing-today_ma_input_field-adjusted_rsi_exit-cross_rsi_smoothing-simple_same_bar_reentry-wait_bar_warmup-ready_per_rule: ok fills=215 (44.7s)
[2101/4086] BANK2_BL-09_half_down_lastsell__T_a_exec-calc_shares_cross_timing-both_days_input_field-raw_rsi_exit-cross_rsi_smoothing-simple_same_bar_reentry-wait_bar_warmup-ready_per_rule: ok fills=226 (43.3s)
[2102/4086] BANK2_BL-09_half_down_lastsell__T_a_exec-set_holdings_cross_timing-both_days_input_field-adjusted_rsi_exit-cross_rsi_smoothing-simple_same_bar_reentry-allowed_warmup-ready_per_rule: ok fills=215 (46.8s)
[2103/4086] BANK2_BL-09_half_down_lastsell__T_a_exec-calc_shares_cross_timing-today_ma_input_field-raw_rsi_exit-cross_rsi_smoothing-simple_same_bar_reentry-wait_bar_warmup-ready_per_rule: ok fills=226 (48.3s)
[2104/4086] BANK2_BL-09_half_down_lastsell__T_a_exec-set_holdings_cross_timing-both_days_input_field-raw_rsi_exit-cross_rsi_smoothing-simple_same_bar_reentry-allowed_warmup-ready_per_rule: ok fills=226 (45.1s)
[2105/4086] BANK2_BL-09_half_down_lastsell__T_a_exec-set_holdings_cross_timing-today_ma_input_field-adjusted_rsi_exit-cross_rsi_smoothing-simple_same_bar_reentry-allowed_warmup-ready_per_rule: ok fills=215 (48.1s)
[2106/4086] BANK2_BL-09_half_down_lastsell__T_a_exec-set_holdings_cross_timing-today_ma_input_field-raw_rsi_exit-cross_rsi_smoothing-simple_same_bar_reentry-allowed_warmup-ready_per_rule: ok fills=226 (45.9s)
[2107/4086] BANK2_BL-09_half_down_lastsell__T_a_exec-set_holdings_cross_timing-both_days_input_field-adjusted_rsi_exit-cross_rsi_smoothing-simple_same_bar_reentry-wait_bar_warmup-ready_per_rule: ok fills=215 (49.7s)
[2108/4086] BANK2_BL-09_half_down_lastsell__T_a_exec-set_holdings_cross_timing-today_ma_input_field-adjusted_rsi_exit-cross_rsi_smoothing-simple_same_bar_reentry-wait_bar_warmup-ready_per_rule: ok fills=215 (49.0s)
[2109/4086] BANK2_BL-09_half_down_lastsell__T_a_exec-set_holdings_cross_timing-both_days_input_field-raw_rsi_exit-cross_rsi_smoothing-simple_same_bar_reentry-wait_bar_warmup-ready_per_rule: ok fills=226 (49.2s)
[2110/4086] BANK2_BL-09_half_down_hold__ref: ok fills=169 (39.7s)
[2111/4086] BANK2_BL-09_half_down_hold__T_a_exec-calc_shares_cross_timing-both_days_input_field-raw_rsi_exit-level_rsi_smoothing-wilder_same_bar_reentry-allowed_warmup-strict: ok fills=158 (46.4s)
[2112/4086] BANK2_BL-09_half_down_hold__T_a_exec-calc_shares_cross_timing-today_ma_input_field-raw_rsi_exit-level_rsi_smoothing-wilder_same_bar_reentry-wait_bar_warmup-strict: exit=1 fills=None (13.1s)
[2113/4086] BANK2_BL-09_half_down_lastsell__T_a_exec-set_holdings_cross_timing-today_ma_input_field-raw_rsi_exit-cross_rsi_smoothing-simple_same_bar_reentry-wait_bar_warmup-ready_per_rule: ok fills=226 (54.2s)
[2114/4086] BANK2_BL-09_half_down_hold__T_a_exec-calc_shares_cross_timing-today_ma_input_field-adjusted_rsi_exit-level_rsi_smoothing-wilder_same_bar_reentry-allowed_warmup-strict: ok fills=169 (51.3s)
[2115/4086] BANK2_BL-09_half_down_hold__T_a_exec-calc_shares_cross_timing-today_ma_input_field-raw_rsi_exit-level_rsi_smoothing-wilder_same_bar_reentry-allowed_warmup-strict: ok fills=158 (42.7s)
[2116/4086] BANK2_BL-09_half_down_hold__T_a_exec-calc_shares_cross_timing-both_days_input_field-adjusted_rsi_exit-level_rsi_smoothing-wilder_same_bar_reentry-wait_bar_warmup-strict: ok fills=165 (41.9s)
[2117/4086] BANK2_BL-09_half_down_hold__T_a_exec-calc_shares_cross_timing-today_ma_input_field-adjusted_rsi_exit-level_rsi_smoothing-wilder_same_bar_reentry-wait_bar_warmup-strict: ok fills=165 (50.8s)
[2118/4086] BANK2_BL-09_half_down_hold__T_a_exec-calc_shares_cross_timing-both_days_input_field-raw_rsi_exit-level_rsi_smoothing-wilder_same_bar_reentry-wait_bar_warmup-strict: ok fills=156 (52.2s)
[2119/4086] BANK2_BL-09_half_down_hold__T_a_exec-set_holdings_cross_timing-both_days_input_field-raw_rsi_exit-level_rsi_smoothing-wilder_same_bar_reentry-allowed_warmup-strict: ok fills=158 (44.2s)
[2120/4086] BANK2_BL-09_half_down_hold__T_a_exec-set_holdings_cross_timing-both_days_input_field-adjusted_rsi_exit-level_rsi_smoothing-wilder_same_bar_reentry-allowed_warmup-strict: ok fills=169 (46.7s)
[2121/4086] BANK2_BL-09_half_down_hold__T_a_exec-set_holdings_cross_timing-today_ma_input_field-adjusted_rsi_exit-level_rsi_smoothing-wilder_same_bar_reentry-allowed_warmup-strict: ok fills=169 (50.9s)
[2122/4086] BANK2_BL-09_half_down_hold__T_a_exec-set_holdings_cross_timing-today_ma_input_field-adjusted_rsi_exit-level_rsi_smoothing-wilder_same_bar_reentry-wait_bar_warmup-strict: ok fills=165 (47.7s)
[2123/4086] BANK2_BL-09_half_down_hold__T_a_exec-set_holdings_cross_timing-both_days_input_field-adjusted_rsi_exit-level_rsi_smoothing-wilder_same_bar_reentry-wait_bar_warmup-strict: ok fills=165 (55.1s)
[2124/4086] BANK2_BL-09_half_down_hold__T_a_exec-set_holdings_cross_timing-today_ma_input_field-raw_rsi_exit-level_rsi_smoothing-wilder_same_bar_reentry-allowed_warmup-strict: ok fills=158 (56.0s)
[2125/4086] BANK2_BL-09_half_down_hold__T_a_exec-calc_shares_cross_timing-both_days_input_field-raw_rsi_exit-level_rsi_smoothing-wilder_same_bar_reentry-allowed_warmup-ready_check: exit=1 fills=None (8.5s)
[2126/4086] BANK2_BL-09_half_down_hold__T_a_exec-set_holdings_cross_timing-both_days_input_field-raw_rsi_exit-level_rsi_smoothing-wilder_same_bar_reentry-wait_bar_warmup-strict: ok fills=156 (42.5s)
[2127/4086] BANK2_BL-09_half_down_hold__T_a_exec-set_holdings_cross_timing-today_ma_input_field-raw_rsi_exit-level_rsi_smoothing-wilder_same_bar_reentry-wait_bar_warmup-strict: ok fills=156 (42.9s)
[2128/4086] BANK2_BL-09_half_down_hold__T_a_exec-calc_shares_cross_timing-today_ma_input_field-adjusted_rsi_exit-level_rsi_smoothing-wilder_same_bar_reentry-allowed_warmup-ready_check: ok fills=165 (45.0s)
[2129/4086] BANK2_BL-09_half_down_hold__T_a_exec-calc_shares_cross_timing-both_days_input_field-adjusted_rsi_exit-level_rsi_smoothing-wilder_same_bar_reentry-allowed_warmup-ready_check: ok fills=165 (48.2s)
[2130/4086] BANK2_BL-09_half_down_hold__T_a_exec-calc_shares_cross_timing-today_ma_input_field-raw_rsi_exit-level_rsi_smoothing-wilder_same_bar_reentry-allowed_warmup-ready_check: ok fills=154 (41.2s)
[2131/4086] BANK2_BL-09_half_down_hold__T_a_exec-calc_shares_cross_timing-both_days_input_field-adjusted_rsi_exit-level_rsi_smoothing-wilder_same_bar_reentry-wait_bar_warmup-ready_check: ok fills=161 (47.5s)
[2132/4086] BANK2_BL-09_half_down_hold__T_a_exec-calc_shares_cross_timing-both_days_input_field-raw_rsi_exit-level_rsi_smoothing-wilder_same_bar_reentry-wait_bar_warmup-ready_check: ok fills=152 (47.1s)
[2133/4086] BANK2_BL-09_half_down_hold__T_a_exec-calc_shares_cross_timing-today_ma_input_field-adjusted_rsi_exit-level_rsi_smoothing-wilder_same_bar_reentry-wait_bar_warmup-ready_check: ok fills=161 (50.5s)
[2134/4086] BANK2_BL-09_half_down_hold__T_a_exec-calc_shares_cross_timing-today_ma_input_field-raw_rsi_exit-level_rsi_smoothing-wilder_same_bar_reentry-wait_bar_warmup-ready_check: ok fills=152 (43.4s)
[2135/4086] BANK2_BL-09_half_down_hold__T_a_exec-set_holdings_cross_timing-both_days_input_field-adjusted_rsi_exit-level_rsi_smoothing-wilder_same_bar_reentry-allowed_warmup-ready_check: ok fills=165 (43.8s)
[2136/4086] BANK2_BL-09_half_down_hold__T_a_exec-set_holdings_cross_timing-today_ma_input_field-adjusted_rsi_exit-level_rsi_smoothing-wilder_same_bar_reentry-allowed_warmup-ready_check: ok fills=165 (41.9s)
[2137/4086] BANK2_BL-09_half_down_hold__T_a_exec-set_holdings_cross_timing-both_days_input_field-raw_rsi_exit-level_rsi_smoothing-wilder_same_bar_reentry-allowed_warmup-ready_check: ok fills=154 (45.6s)
[2138/4086] BANK2_BL-09_half_down_hold__T_a_exec-set_holdings_cross_timing-today_ma_input_field-raw_rsi_exit-level_rsi_smoothing-wilder_same_bar_reentry-allowed_warmup-ready_check: ok fills=154 (40.9s)
[2139/4086] BANK2_BL-09_half_down_hold__T_a_exec-calc_shares_cross_timing-today_ma_input_field-adjusted_rsi_exit-level_rsi_smoothing-wilder_same_bar_reentry-allowed_warmup-ready_per_rule: exit=1 fills=None (8.1s)
[2140/4086] BANK2_BL-09_half_down_hold__T_a_exec-set_holdings_cross_timing-both_days_input_field-adjusted_rsi_exit-level_rsi_smoothing-wilder_same_bar_reentry-wait_bar_warmup-ready_check: ok fills=161 (43.2s)
[2141/4086] BANK2_BL-09_half_down_hold__T_a_exec-set_holdings_cross_timing-today_ma_input_field-adjusted_rsi_exit-level_rsi_smoothing-wilder_same_bar_reentry-wait_bar_warmup-ready_check: ok fills=161 (45.2s)
[2142/4086] BANK2_BL-09_half_down_hold__T_a_exec-set_holdings_cross_timing-both_days_input_field-raw_rsi_exit-level_rsi_smoothing-wilder_same_bar_reentry-wait_bar_warmup-ready_check: ok fills=152 (43.5s)
[2143/4086] BANK2_BL-09_half_down_hold__T_a_exec-set_holdings_cross_timing-today_ma_input_field-raw_rsi_exit-level_rsi_smoothing-wilder_same_bar_reentry-wait_bar_warmup-ready_check: ok fills=152 (41.9s)
[2144/4086] BANK2_BL-09_half_down_hold__T_a_exec-calc_shares_cross_timing-both_days_input_field-adjusted_rsi_exit-level_rsi_smoothing-wilder_same_bar_reentry-allowed_warmup-ready_per_rule: ok fills=169 (44.4s)
[2145/4086] BANK2_BL-09_half_down_hold__T_a_exec-calc_shares_cross_timing-both_days_input_field-raw_rsi_exit-level_rsi_smoothing-wilder_same_bar_reentry-allowed_warmup-ready_per_rule: ok fills=158 (38.3s)
[2146/4086] BANK2_BL-09_half_down_hold__T_a_exec-calc_shares_cross_timing-today_ma_input_field-raw_rsi_exit-level_rsi_smoothing-wilder_same_bar_reentry-allowed_warmup-ready_per_rule: ok fills=158 (41.7s)
[2147/4086] BANK2_BL-09_half_down_hold__T_a_exec-calc_shares_cross_timing-both_days_input_field-adjusted_rsi_exit-level_rsi_smoothing-wilder_same_bar_reentry-wait_bar_warmup-ready_per_rule: ok fills=165 (44.0s)
[2148/4086] BANK2_BL-09_half_down_hold__T_a_exec-calc_shares_cross_timing-today_ma_input_field-adjusted_rsi_exit-level_rsi_smoothing-wilder_same_bar_reentry-wait_bar_warmup-ready_per_rule: ok fills=165 (41.8s)
[2149/4086] BANK2_BL-09_half_down_hold__T_a_exec-calc_shares_cross_timing-both_days_input_field-raw_rsi_exit-level_rsi_smoothing-wilder_same_bar_reentry-wait_bar_warmup-ready_per_rule: ok fills=156 (44.9s)
[2150/4086] BANK2_BL-09_half_down_hold__T_a_exec-calc_shares_cross_timing-today_ma_input_field-raw_rsi_exit-level_rsi_smoothing-wilder_same_bar_reentry-wait_bar_warmup-ready_per_rule: ok fills=156 (45.2s)
[2151/4086] BANK2_BL-09_half_down_hold__T_a_exec-set_holdings_cross_timing-both_days_input_field-adjusted_rsi_exit-level_rsi_smoothing-wilder_same_bar_reentry-allowed_warmup-ready_per_rule: ok fills=169 (45.7s)
[2152/4086] BANK2_BL-09_half_down_hold__T_a_exec-set_holdings_cross_timing-today_ma_input_field-adjusted_rsi_exit-level_rsi_smoothing-wilder_same_bar_reentry-allowed_warmup-ready_per_rule: ok fills=169 (45.6s)
[2153/4086] BANK2_BL-09_half_down_hold__T_a_exec-set_holdings_cross_timing-today_ma_input_field-raw_rsi_exit-level_rsi_smoothing-wilder_same_bar_reentry-allowed_warmup-ready_per_rule: ok fills=158 (42.7s)
[2154/4086] BANK2_BL-09_half_down_hold__T_a_exec-set_holdings_cross_timing-both_days_input_field-adjusted_rsi_exit-level_rsi_smoothing-wilder_same_bar_reentry-wait_bar_warmup-ready_per_rule: ok fills=165 (42.8s)
[2155/4086] BANK2_BL-09_half_down_hold__T_a_exec-set_holdings_cross_timing-both_days_input_field-raw_rsi_exit-level_rsi_smoothing-wilder_same_bar_reentry-allowed_warmup-ready_per_rule: ok fills=158 (51.0s)
[2156/4086] BANK2_BL-09_half_down_hold__T_a_exec-set_holdings_cross_timing-today_ma_input_field-adjusted_rsi_exit-level_rsi_smoothing-wilder_same_bar_reentry-wait_bar_warmup-ready_per_rule: ok fills=165 (43.1s)
[2157/4086] BANK2_BL-09_half_down_hold__T_a_exec-set_holdings_cross_timing-both_days_input_field-raw_rsi_exit-level_rsi_smoothing-wilder_same_bar_reentry-wait_bar_warmup-ready_per_rule: ok fills=156 (41.7s)
[2158/4086] BANK2_BL-09_half_down_hold__T_a_exec-set_holdings_cross_timing-today_ma_input_field-raw_rsi_exit-level_rsi_smoothing-wilder_same_bar_reentry-wait_bar_warmup-ready_per_rule: ok fills=156 (43.4s)
[2159/4086] BANK2_BL-09_half_down_hold__T_a_exec-calc_shares_cross_timing-today_ma_input_field-adjusted_rsi_exit-cross_rsi_smoothing-wilder_same_bar_reentry-wait_bar_warmup-strict: exit=1 fills=None (8.0s)
[2160/4086] BANK2_BL-09_half_down_hold__T_a_exec-calc_shares_cross_timing-both_days_input_field-adjusted_rsi_exit-cross_rsi_smoothing-wilder_same_bar_reentry-allowed_warmup-strict: ok fills=149 (39.2s)
[2161/4086] BANK2_BL-09_half_down_hold__T_a_exec-calc_shares_cross_timing-today_ma_input_field-adjusted_rsi_exit-cross_rsi_smoothing-wilder_same_bar_reentry-allowed_warmup-strict: ok fills=149 (43.5s)
[2162/4086] BANK2_BL-09_half_down_hold__T_a_exec-set_holdings_cross_timing-today_ma_input_field-adjusted_rsi_exit-cross_rsi_smoothing-wilder_same_bar_reentry-allowed_warmup-strict: exit=1 fills=None (9.3s)
[2163/4086] BANK2_BL-09_half_down_hold__T_a_exec-calc_shares_cross_timing-both_days_input_field-raw_rsi_exit-cross_rsi_smoothing-wilder_same_bar_reentry-allowed_warmup-strict: ok fills=142 (47.6s)
[2164/4086] BANK2_BL-09_half_down_hold__T_a_exec-calc_shares_cross_timing-both_days_input_field-adjusted_rsi_exit-cross_rsi_smoothing-wilder_same_bar_reentry-wait_bar_warmup-strict: ok fills=149 (43.8s)
[2165/4086] BANK2_BL-09_half_down_hold__T_a_exec-calc_shares_cross_timing-today_ma_input_field-raw_rsi_exit-cross_rsi_smoothing-wilder_same_bar_reentry-allowed_warmup-strict: ok fills=142 (45.0s)
[2166/4086] BANK2_BL-09_half_down_hold__T_a_exec-calc_shares_cross_timing-both_days_input_field-raw_rsi_exit-cross_rsi_smoothing-wilder_same_bar_reentry-wait_bar_warmup-strict: ok fills=142 (46.8s)
[2167/4086] BANK2_BL-09_half_down_hold__T_a_exec-set_holdings_cross_timing-both_days_input_field-adjusted_rsi_exit-cross_rsi_smoothing-wilder_same_bar_reentry-allowed_warmup-strict: ok fills=149 (47.7s)
[2168/4086] BANK2_BL-09_half_down_hold__T_a_exec-calc_shares_cross_timing-today_ma_input_field-raw_rsi_exit-cross_rsi_smoothing-wilder_same_bar_reentry-wait_bar_warmup-strict: ok fills=142 (48.0s)
[2169/4086] BANK2_BL-09_half_down_hold__T_a_exec-set_holdings_cross_timing-both_days_input_field-raw_rsi_exit-cross_rsi_smoothing-wilder_same_bar_reentry-allowed_warmup-strict: ok fills=142 (39.9s)
[2170/4086] BANK2_BL-09_half_down_hold__T_a_exec-calc_shares_cross_timing-today_ma_input_field-adjusted_rsi_exit-cross_rsi_smoothing-wilder_same_bar_reentry-allowed_warmup-ready_check: exit=1 fills=None (10.1s)
[2171/4086] BANK2_BL-09_half_down_hold__T_a_exec-set_holdings_cross_timing-today_ma_input_field-raw_rsi_exit-cross_rsi_smoothing-wilder_same_bar_reentry-allowed_warmup-strict: ok fills=142 (42.7s)
[2172/4086] BANK2_BL-09_half_down_hold__T_a_exec-set_holdings_cross_timing-both_days_input_field-raw_rsi_exit-cross_rsi_smoothing-wilder_same_bar_reentry-wait_bar_warmup-strict: ok fills=142 (43.3s)
[2173/4086] BANK2_BL-09_half_down_hold__T_a_exec-set_holdings_cross_timing-both_days_input_field-adjusted_rsi_exit-cross_rsi_smoothing-wilder_same_bar_reentry-wait_bar_warmup-strict: ok fills=149 (45.4s)
[2174/4086] BANK2_BL-09_half_down_hold__T_a_exec-set_holdings_cross_timing-today_ma_input_field-adjusted_rsi_exit-cross_rsi_smoothing-wilder_same_bar_reentry-wait_bar_warmup-strict: ok fills=149 (48.3s)
[2175/4086] BANK2_BL-09_half_down_hold__T_a_exec-set_holdings_cross_timing-today_ma_input_field-raw_rsi_exit-cross_rsi_smoothing-wilder_same_bar_reentry-wait_bar_warmup-strict: ok fills=142 (43.7s)
[2176/4086] BANK2_BL-09_half_down_hold__T_a_exec-calc_shares_cross_timing-today_ma_input_field-raw_rsi_exit-cross_rsi_smoothing-wilder_same_bar_reentry-wait_bar_warmup-ready_check: exit=1 fills=None (9.8s)
[2177/4086] BANK2_BL-09_half_down_hold__T_a_exec-calc_shares_cross_timing-both_days_input_field-adjusted_rsi_exit-cross_rsi_smoothing-wilder_same_bar_reentry-allowed_warmup-ready_check: ok fills=145 (46.4s)
[2178/4086] BANK2_BL-09_half_down_hold__T_a_exec-set_holdings_cross_timing-both_days_input_field-adjusted_rsi_exit-cross_rsi_smoothing-wilder_same_bar_reentry-allowed_warmup-ready_check: exit=1 fills=None (6.6s)
[2179/4086] BANK2_BL-09_half_down_hold__T_a_exec-calc_shares_cross_timing-today_ma_input_field-raw_rsi_exit-cross_rsi_smoothing-wilder_same_bar_reentry-allowed_warmup-ready_check: ok fills=138 (50.5s)
[2180/4086] BANK2_BL-09_half_down_hold__T_a_exec-calc_shares_cross_timing-both_days_input_field-adjusted_rsi_exit-cross_rsi_smoothing-wilder_same_bar_reentry-wait_bar_warmup-ready_check: ok fills=145 (47.8s)
[2181/4086] BANK2_BL-09_half_down_hold__T_a_exec-calc_shares_cross_timing-both_days_input_field-raw_rsi_exit-cross_rsi_smoothing-wilder_same_bar_reentry-allowed_warmup-ready_check: ok fills=138 (51.1s)
[2182/4086] BANK2_BL-09_half_down_hold__T_a_exec-calc_shares_cross_timing-today_ma_input_field-adjusted_rsi_exit-cross_rsi_smoothing-wilder_same_bar_reentry-wait_bar_warmup-ready_check: ok fills=145 (44.4s)
[2183/4086] BANK2_BL-09_half_down_hold__T_a_exec-calc_shares_cross_timing-both_days_input_field-raw_rsi_exit-cross_rsi_smoothing-wilder_same_bar_reentry-wait_bar_warmup-ready_check: ok fills=138 (46.7s)
[2184/4086] BANK2_BL-09_half_down_hold__T_a_exec-set_holdings_cross_timing-today_ma_input_field-adjusted_rsi_exit-cross_rsi_smoothing-wilder_same_bar_reentry-allowed_warmup-ready_check: ok fills=145 (48.3s)
[2185/4086] BANK2_BL-09_half_down_hold__T_a_exec-set_holdings_cross_timing-both_days_input_field-raw_rsi_exit-cross_rsi_smoothing-wilder_same_bar_reentry-allowed_warmup-ready_check: ok fills=138 (44.6s)
[2186/4086] BANK2_BL-09_half_down_hold__T_a_exec-set_holdings_cross_timing-today_ma_input_field-raw_rsi_exit-cross_rsi_smoothing-wilder_same_bar_reentry-allowed_warmup-ready_check: ok fills=138 (45.7s)
[2187/4086] BANK2_BL-09_half_down_hold__T_a_exec-set_holdings_cross_timing-today_ma_input_field-adjusted_rsi_exit-cross_rsi_smoothing-wilder_same_bar_reentry-wait_bar_warmup-ready_check: ok fills=145 (44.7s)
[2188/4086] BANK2_BL-09_half_down_hold__T_a_exec-set_holdings_cross_timing-both_days_input_field-raw_rsi_exit-cross_rsi_smoothing-wilder_same_bar_reentry-wait_bar_warmup-ready_check: ok fills=138 (45.7s)
[2189/4086] BANK2_BL-09_half_down_hold__T_a_exec-set_holdings_cross_timing-both_days_input_field-adjusted_rsi_exit-cross_rsi_smoothing-wilder_same_bar_reentry-wait_bar_warmup-ready_check: ok fills=145 (47.4s)
[2190/4086] BANK2_BL-09_half_down_hold__T_a_exec-set_holdings_cross_timing-today_ma_input_field-raw_rsi_exit-cross_rsi_smoothing-wilder_same_bar_reentry-wait_bar_warmup-ready_check: ok fills=138 (45.5s)
[2191/4086] BANK2_BL-09_half_down_hold__T_a_exec-calc_shares_cross_timing-both_days_input_field-adjusted_rsi_exit-cross_rsi_smoothing-wilder_same_bar_reentry-allowed_warmup-ready_per_rule: ok fills=149 (43.0s)
[2192/4086] BANK2_BL-09_half_down_hold__T_a_exec-calc_shares_cross_timing-today_ma_input_field-adjusted_rsi_exit-cross_rsi_smoothing-wilder_same_bar_reentry-allowed_warmup-ready_per_rule: ok fills=149 (43.4s)
[2193/4086] BANK2_BL-09_half_down_hold__T_a_exec-calc_shares_cross_timing-both_days_input_field-raw_rsi_exit-cross_rsi_smoothing-wilder_same_bar_reentry-allowed_warmup-ready_per_rule: ok fills=142 (43.4s)
[2194/4086] BANK2_BL-09_half_down_hold__T_a_exec-calc_shares_cross_timing-today_ma_input_field-raw_rsi_exit-cross_rsi_smoothing-wilder_same_bar_reentry-allowed_warmup-ready_per_rule: ok fills=142 (43.1s)
[2195/4086] BANK2_BL-09_half_down_hold__T_a_exec-calc_shares_cross_timing-both_days_input_field-adjusted_rsi_exit-cross_rsi_smoothing-wilder_same_bar_reentry-wait_bar_warmup-ready_per_rule: ok fills=149 (39.9s)
[2196/4086] BANK2_BL-09_half_down_hold__T_a_exec-calc_shares_cross_timing-both_days_input_field-raw_rsi_exit-cross_rsi_smoothing-wilder_same_bar_reentry-wait_bar_warmup-ready_per_rule: ok fills=142 (42.6s)
[2197/4086] BANK2_BL-09_half_down_hold__T_a_exec-calc_shares_cross_timing-today_ma_input_field-adjusted_rsi_exit-cross_rsi_smoothing-wilder_same_bar_reentry-wait_bar_warmup-ready_per_rule: ok fills=149 (45.4s)
[2198/4086] BANK2_BL-09_half_down_hold__T_a_exec-calc_shares_cross_timing-today_ma_input_field-raw_rsi_exit-cross_rsi_smoothing-wilder_same_bar_reentry-wait_bar_warmup-ready_per_rule: ok fills=142 (48.3s)
[2199/4086] BANK2_BL-09_half_down_hold__T_a_exec-set_holdings_cross_timing-both_days_input_field-adjusted_rsi_exit-cross_rsi_smoothing-wilder_same_bar_reentry-allowed_warmup-ready_per_rule: ok fills=149 (47.8s)
[2200/4086] BANK2_BL-09_half_down_hold__T_a_exec-set_holdings_cross_timing-today_ma_input_field-adjusted_rsi_exit-cross_rsi_smoothing-wilder_same_bar_reentry-allowed_warmup-ready_per_rule: ok fills=149 (46.6s)
[2201/4086] BANK2_BL-09_half_down_hold__T_a_exec-set_holdings_cross_timing-both_days_input_field-raw_rsi_exit-cross_rsi_smoothing-wilder_same_bar_reentry-allowed_warmup-ready_per_rule: ok fills=142 (46.9s)
[2202/4086] BANK2_BL-09_half_down_hold__T_a_exec-set_holdings_cross_timing-today_ma_input_field-raw_rsi_exit-cross_rsi_smoothing-wilder_same_bar_reentry-allowed_warmup-ready_per_rule: ok fills=142 (46.0s)
[2203/4086] BANK2_BL-09_half_down_hold__T_a_exec-set_holdings_cross_timing-both_days_input_field-adjusted_rsi_exit-cross_rsi_smoothing-wilder_same_bar_reentry-wait_bar_warmup-ready_per_rule: ok fills=149 (46.1s)
[2204/4086] BANK2_BL-09_half_down_hold__T_a_exec-set_holdings_cross_timing-today_ma_input_field-adjusted_rsi_exit-cross_rsi_smoothing-wilder_same_bar_reentry-wait_bar_warmup-ready_per_rule: ok fills=149 (42.8s)
[2205/4086] BANK2_BL-09_half_down_hold__T_a_exec-set_holdings_cross_timing-both_days_input_field-raw_rsi_exit-cross_rsi_smoothing-wilder_same_bar_reentry-wait_bar_warmup-ready_per_rule: ok fills=142 (43.3s)
[2206/4086] BANK2_BL-09_half_down_hold__T_a_exec-set_holdings_cross_timing-today_ma_input_field-raw_rsi_exit-cross_rsi_smoothing-wilder_same_bar_reentry-wait_bar_warmup-ready_per_rule: ok fills=142 (44.7s)
[2207/4086] BANK2_BL-09_half_down_hold__T_a_exec-calc_shares_cross_timing-both_days_input_field-adjusted_rsi_exit-level_rsi_smoothing-simple_same_bar_reentry-allowed_warmup-strict: ok fills=219 (45.9s)
[2208/4086] BANK2_BL-09_half_down_hold__T_a_exec-calc_shares_cross_timing-today_ma_input_field-adjusted_rsi_exit-level_rsi_smoothing-simple_same_bar_reentry-allowed_warmup-strict: ok fills=219 (47.3s)
[2209/4086] BANK2_BL-09_half_down_hold__T_a_exec-calc_shares_cross_timing-today_ma_input_field-raw_rsi_exit-level_rsi_smoothing-simple_same_bar_reentry-allowed_warmup-strict: ok fills=216 (48.9s)
[2210/4086] BANK2_BL-09_half_down_hold__T_a_exec-calc_shares_cross_timing-both_days_input_field-raw_rsi_exit-level_rsi_smoothing-simple_same_bar_reentry-allowed_warmup-strict: ok fills=216 (49.0s)
[2211/4086] BANK2_BL-09_half_down_hold__T_a_exec-calc_shares_cross_timing-both_days_input_field-adjusted_rsi_exit-level_rsi_smoothing-simple_same_bar_reentry-wait_bar_warmup-strict: ok fills=205 (50.4s)
[2212/4086] BANK2_BL-09_half_down_hold__T_a_exec-calc_shares_cross_timing-both_days_input_field-raw_rsi_exit-level_rsi_smoothing-simple_same_bar_reentry-wait_bar_warmup-strict: ok fills=202 (46.6s)
[2213/4086] BANK2_BL-09_half_down_hold__T_a_exec-calc_shares_cross_timing-today_ma_input_field-adjusted_rsi_exit-level_rsi_smoothing-simple_same_bar_reentry-wait_bar_warmup-strict: ok fills=205 (48.4s)
[2214/4086] BANK2_BL-09_half_down_hold__T_a_exec-calc_shares_cross_timing-today_ma_input_field-raw_rsi_exit-level_rsi_smoothing-simple_same_bar_reentry-wait_bar_warmup-strict: ok fills=202 (44.7s)
[2215/4086] BANK2_BL-09_half_down_hold__T_a_exec-set_holdings_cross_timing-both_days_input_field-adjusted_rsi_exit-level_rsi_smoothing-simple_same_bar_reentry-allowed_warmup-strict: ok fills=219 (45.4s)
[2216/4086] BANK2_BL-09_half_down_hold__T_a_exec-set_holdings_cross_timing-today_ma_input_field-adjusted_rsi_exit-level_rsi_smoothing-simple_same_bar_reentry-allowed_warmup-strict: ok fills=219 (40.1s)
[2217/4086] BANK2_BL-09_half_down_hold__T_a_exec-set_holdings_cross_timing-both_days_input_field-raw_rsi_exit-level_rsi_smoothing-simple_same_bar_reentry-allowed_warmup-strict: ok fills=216 (43.3s)
[2218/4086] BANK2_BL-09_half_down_hold__T_a_exec-set_holdings_cross_timing-today_ma_input_field-raw_rsi_exit-level_rsi_smoothing-simple_same_bar_reentry-allowed_warmup-strict: ok fills=216 (43.4s)
[2219/4086] BANK2_BL-09_half_down_hold__T_a_exec-set_holdings_cross_timing-both_days_input_field-raw_rsi_exit-level_rsi_smoothing-simple_same_bar_reentry-wait_bar_warmup-strict: ok fills=202 (42.4s)
[2220/4086] BANK2_BL-09_half_down_hold__T_a_exec-set_holdings_cross_timing-both_days_input_field-adjusted_rsi_exit-level_rsi_smoothing-simple_same_bar_reentry-wait_bar_warmup-strict: ok fills=205 (46.8s)
[2221/4086] BANK2_BL-09_half_down_hold__T_a_exec-set_holdings_cross_timing-today_ma_input_field-adjusted_rsi_exit-level_rsi_smoothing-simple_same_bar_reentry-wait_bar_warmup-strict: ok fills=205 (47.2s)
[2222/4086] BANK2_BL-09_half_down_hold__T_a_exec-set_holdings_cross_timing-today_ma_input_field-raw_rsi_exit-level_rsi_smoothing-simple_same_bar_reentry-wait_bar_warmup-strict: ok fills=202 (47.3s)
[2223/4086] BANK2_BL-09_half_down_hold__T_a_exec-calc_shares_cross_timing-both_days_input_field-adjusted_rsi_exit-level_rsi_smoothing-simple_same_bar_reentry-allowed_warmup-ready_check: ok fills=205 (49.2s)
[2224/4086] BANK2_BL-09_half_down_hold__T_a_exec-calc_shares_cross_timing-today_ma_input_field-adjusted_rsi_exit-level_rsi_smoothing-simple_same_bar_reentry-allowed_warmup-ready_check: ok fills=205 (47.2s)
[2225/4086] BANK2_BL-09_half_down_hold__T_a_exec-calc_shares_cross_timing-today_ma_input_field-raw_rsi_exit-level_rsi_smoothing-simple_same_bar_reentry-allowed_warmup-ready_check: ok fills=202 (45.6s)
[2226/4086] BANK2_BL-09_half_down_hold__T_a_exec-calc_shares_cross_timing-both_days_input_field-raw_rsi_exit-level_rsi_smoothing-simple_same_bar_reentry-allowed_warmup-ready_check: ok fills=202 (48.5s)
[2227/4086] BANK2_BL-09_half_down_hold__T_a_exec-calc_shares_cross_timing-both_days_input_field-adjusted_rsi_exit-level_rsi_smoothing-simple_same_bar_reentry-wait_bar_warmup-ready_check: ok fills=195 (45.7s)
[2228/4086] BANK2_BL-09_half_down_hold__T_a_exec-set_holdings_cross_timing-today_ma_input_field-raw_rsi_exit-level_rsi_smoothing-simple_same_bar_reentry-allowed_warmup-ready_check: exit=1 fills=None (8.4s)
[2229/4086] BANK2_BL-09_half_down_hold__T_a_exec-calc_shares_cross_timing-today_ma_input_field-adjusted_rsi_exit-level_rsi_smoothing-simple_same_bar_reentry-wait_bar_warmup-ready_check: ok fills=195 (42.4s)
[2230/4086] BANK2_BL-09_half_down_hold__T_a_exec-calc_shares_cross_timing-both_days_input_field-raw_rsi_exit-level_rsi_smoothing-simple_same_bar_reentry-wait_bar_warmup-ready_check: ok fills=192 (48.6s)
[2231/4086] BANK2_BL-09_half_down_hold__T_a_exec-calc_shares_cross_timing-today_ma_input_field-raw_rsi_exit-level_rsi_smoothing-simple_same_bar_reentry-wait_bar_warmup-ready_check: ok fills=192 (42.0s)
[2232/4086] BANK2_BL-09_half_down_hold__T_a_exec-set_holdings_cross_timing-both_days_input_field-adjusted_rsi_exit-level_rsi_smoothing-simple_same_bar_reentry-allowed_warmup-ready_check: ok fills=205 (41.9s)
[2233/4086] BANK2_BL-09_half_down_hold__T_a_exec-set_holdings_cross_timing-today_ma_input_field-adjusted_rsi_exit-level_rsi_smoothing-simple_same_bar_reentry-allowed_warmup-ready_check: ok fills=205 (43.2s)
[2234/4086] BANK2_BL-09_half_down_hold__T_a_exec-set_holdings_cross_timing-both_days_input_field-raw_rsi_exit-level_rsi_smoothing-simple_same_bar_reentry-allowed_warmup-ready_check: ok fills=202 (42.4s)
[2235/4086] BANK2_BL-09_half_down_hold__T_a_exec-set_holdings_cross_timing-both_days_input_field-adjusted_rsi_exit-level_rsi_smoothing-simple_same_bar_reentry-wait_bar_warmup-ready_check: ok fills=195 (46.3s)
[2236/4086] BANK2_BL-09_half_down_hold__T_a_exec-set_holdings_cross_timing-today_ma_input_field-adjusted_rsi_exit-level_rsi_smoothing-simple_same_bar_reentry-wait_bar_warmup-ready_check: ok fills=195 (46.0s)
[2237/4086] BANK2_BL-09_half_down_hold__T_a_exec-set_holdings_cross_timing-both_days_input_field-raw_rsi_exit-level_rsi_smoothing-simple_same_bar_reentry-wait_bar_warmup-ready_check: ok fills=192 (47.1s)
[2238/4086] BANK2_BL-09_half_down_hold__T_a_exec-set_holdings_cross_timing-today_ma_input_field-raw_rsi_exit-level_rsi_smoothing-simple_same_bar_reentry-wait_bar_warmup-ready_check: ok fills=192 (47.0s)
[2239/4086] BANK2_BL-09_half_down_hold__T_a_exec-calc_shares_cross_timing-both_days_input_field-adjusted_rsi_exit-level_rsi_smoothing-simple_same_bar_reentry-wait_bar_warmup-ready_per_rule: exit=1 fills=None (8.9s)
[2240/4086] BANK2_BL-09_half_down_hold__T_a_exec-calc_shares_cross_timing-today_ma_input_field-adjusted_rsi_exit-level_rsi_smoothing-simple_same_bar_reentry-allowed_warmup-ready_per_rule: ok fills=217 (43.4s)
[2241/4086] BANK2_BL-09_half_down_hold__T_a_exec-calc_shares_cross_timing-both_days_input_field-adjusted_rsi_exit-level_rsi_smoothing-simple_same_bar_reentry-allowed_warmup-ready_per_rule: ok fills=217 (48.4s)
[2242/4086] BANK2_BL-09_half_down_hold__T_a_exec-calc_shares_cross_timing-both_days_input_field-raw_rsi_exit-level_rsi_smoothing-simple_same_bar_reentry-allowed_warmup-ready_per_rule: ok fills=214 (40.8s)
[2243/4086] BANK2_BL-09_half_down_hold__T_a_exec-set_holdings_cross_timing-today_ma_input_field-adjusted_rsi_exit-level_rsi_smoothing-simple_same_bar_reentry-allowed_warmup-ready_per_rule: exit=1 fills=None (7.5s)
[2244/4086] BANK2_BL-09_half_down_hold__T_a_exec-calc_shares_cross_timing-today_ma_input_field-raw_rsi_exit-level_rsi_smoothing-simple_same_bar_reentry-allowed_warmup-ready_per_rule: ok fills=214 (39.8s)
[2245/4086] BANK2_BL-09_half_down_hold__T_a_exec-calc_shares_cross_timing-today_ma_input_field-adjusted_rsi_exit-level_rsi_smoothing-simple_same_bar_reentry-wait_bar_warmup-ready_per_rule: ok fills=203 (39.2s)
[2246/4086] BANK2_BL-09_half_down_hold__T_a_exec-calc_shares_cross_timing-both_days_input_field-raw_rsi_exit-level_rsi_smoothing-simple_same_bar_reentry-wait_bar_warmup-ready_per_rule: ok fills=200 (39.9s)
[2247/4086] BANK2_BL-09_half_down_hold__T_a_exec-calc_shares_cross_timing-today_ma_input_field-raw_rsi_exit-level_rsi_smoothing-simple_same_bar_reentry-wait_bar_warmup-ready_per_rule: ok fills=200 (41.7s)
[2248/4086] BANK2_BL-09_half_down_hold__T_a_exec-set_holdings_cross_timing-both_days_input_field-adjusted_rsi_exit-level_rsi_smoothing-simple_same_bar_reentry-allowed_warmup-ready_per_rule: ok fills=217 (49.2s)
[2249/4086] BANK2_BL-09_half_down_hold__T_a_exec-set_holdings_cross_timing-both_days_input_field-raw_rsi_exit-level_rsi_smoothing-simple_same_bar_reentry-allowed_warmup-ready_per_rule: ok fills=214 (47.7s)
[2250/4086] BANK2_BL-09_half_down_hold__T_a_exec-set_holdings_cross_timing-today_ma_input_field-raw_rsi_exit-level_rsi_smoothing-simple_same_bar_reentry-allowed_warmup-ready_per_rule: ok fills=214 (45.4s)
[2251/4086] BANK2_BL-09_half_down_hold__T_a_exec-set_holdings_cross_timing-both_days_input_field-adjusted_rsi_exit-level_rsi_smoothing-simple_same_bar_reentry-wait_bar_warmup-ready_per_rule: ok fills=203 (48.8s)
[2252/4086] BANK2_BL-09_half_down_hold__T_a_exec-set_holdings_cross_timing-today_ma_input_field-adjusted_rsi_exit-level_rsi_smoothing-simple_same_bar_reentry-wait_bar_warmup-ready_per_rule: ok fills=203 (46.2s)
[2253/4086] BANK2_BL-09_half_down_hold__T_a_exec-set_holdings_cross_timing-both_days_input_field-raw_rsi_exit-level_rsi_smoothing-simple_same_bar_reentry-wait_bar_warmup-ready_per_rule: ok fills=200 (43.8s)
[2254/4086] BANK2_BL-09_half_down_hold__T_a_exec-set_holdings_cross_timing-today_ma_input_field-raw_rsi_exit-level_rsi_smoothing-simple_same_bar_reentry-wait_bar_warmup-ready_per_rule: ok fills=200 (42.0s)
[2255/4086] BANK2_BL-09_half_down_hold__T_a_exec-calc_shares_cross_timing-both_days_input_field-adjusted_rsi_exit-cross_rsi_smoothing-simple_same_bar_reentry-allowed_warmup-strict: ok fills=169 (41.2s)
[2256/4086] BANK2_BL-09_half_down_hold__T_a_exec-calc_shares_cross_timing-both_days_input_field-raw_rsi_exit-cross_rsi_smoothing-simple_same_bar_reentry-allowed_warmup-strict: ok fills=168 (37.0s)
[2257/4086] BANK2_BL-09_half_down_hold__T_a_exec-calc_shares_cross_timing-today_ma_input_field-adjusted_rsi_exit-cross_rsi_smoothing-simple_same_bar_reentry-allowed_warmup-strict: ok fills=169 (43.3s)
[2258/4086] BANK2_BL-09_half_down_hold__T_a_exec-calc_shares_cross_timing-today_ma_input_field-raw_rsi_exit-cross_rsi_smoothing-simple_same_bar_reentry-allowed_warmup-strict: ok fills=168 (40.1s)
[2259/4086] BANK2_BL-09_half_down_hold__T_a_exec-calc_shares_cross_timing-both_days_input_field-adjusted_rsi_exit-cross_rsi_smoothing-simple_same_bar_reentry-wait_bar_warmup-strict: ok fills=169 (42.5s)
[2260/4086] BANK2_BL-09_half_down_hold__T_a_exec-calc_shares_cross_timing-today_ma_input_field-adjusted_rsi_exit-cross_rsi_smoothing-simple_same_bar_reentry-wait_bar_warmup-strict: ok fills=169 (43.1s)
[2261/4086] BANK2_BL-09_half_down_hold__T_a_exec-calc_shares_cross_timing-both_days_input_field-raw_rsi_exit-cross_rsi_smoothing-simple_same_bar_reentry-wait_bar_warmup-strict: ok fills=168 (41.9s)
[2262/4086] BANK2_BL-09_half_down_hold__T_a_exec-set_holdings_cross_timing-today_ma_input_field-adjusted_rsi_exit-cross_rsi_smoothing-simple_same_bar_reentry-wait_bar_warmup-strict: exit=1 fills=None (11.6s)
[2263/4086] BANK2_BL-09_half_down_hold__T_a_exec-calc_shares_cross_timing-today_ma_input_field-raw_rsi_exit-cross_rsi_smoothing-simple_same_bar_reentry-wait_bar_warmup-strict: ok fills=168 (46.2s)
[2264/4086] BANK2_BL-09_half_down_hold__T_a_exec-set_holdings_cross_timing-both_days_input_field-adjusted_rsi_exit-cross_rsi_smoothing-simple_same_bar_reentry-allowed_warmup-strict: ok fills=169 (45.3s)
[2265/4086] BANK2_BL-09_half_down_hold__T_a_exec-set_holdings_cross_timing-today_ma_input_field-adjusted_rsi_exit-cross_rsi_smoothing-simple_same_bar_reentry-allowed_warmup-strict: ok fills=169 (43.5s)
[2266/4086] BANK2_BL-09_half_down_hold__T_a_exec-set_holdings_cross_timing-both_days_input_field-raw_rsi_exit-cross_rsi_smoothing-simple_same_bar_reentry-allowed_warmup-strict: ok fills=168 (44.3s)
[2267/4086] BANK2_BL-09_half_down_hold__T_a_exec-set_holdings_cross_timing-today_ma_input_field-raw_rsi_exit-cross_rsi_smoothing-simple_same_bar_reentry-allowed_warmup-strict: ok fills=168 (42.6s)
[2268/4086] BANK2_BL-09_half_down_hold__T_a_exec-set_holdings_cross_timing-both_days_input_field-adjusted_rsi_exit-cross_rsi_smoothing-simple_same_bar_reentry-wait_bar_warmup-strict: ok fills=169 (41.2s)
[2269/4086] BANK2_BL-09_half_down_hold__T_a_exec-set_holdings_cross_timing-both_days_input_field-raw_rsi_exit-cross_rsi_smoothing-simple_same_bar_reentry-wait_bar_warmup-strict: ok fills=168 (40.5s)
[2270/4086] BANK2_BL-09_half_down_hold__T_a_exec-set_holdings_cross_timing-today_ma_input_field-raw_rsi_exit-cross_rsi_smoothing-simple_same_bar_reentry-wait_bar_warmup-strict: ok fills=168 (45.7s)
[2271/4086] BANK2_BL-09_half_down_hold__T_a_exec-calc_shares_cross_timing-both_days_input_field-adjusted_rsi_exit-cross_rsi_smoothing-simple_same_bar_reentry-allowed_warmup-ready_check: ok fills=161 (43.0s)
[2272/4086] BANK2_BL-09_half_down_hold__T_a_exec-calc_shares_cross_timing-both_days_input_field-raw_rsi_exit-cross_rsi_smoothing-simple_same_bar_reentry-wait_bar_warmup-ready_check: exit=1 fills=None (7.5s)
[2273/4086] BANK2_BL-09_half_down_hold__T_a_exec-calc_shares_cross_timing-today_ma_input_field-adjusted_rsi_exit-cross_rsi_smoothing-simple_same_bar_reentry-allowed_warmup-ready_check: ok fills=161 (38.9s)
[2274/4086] BANK2_BL-09_half_down_hold__T_a_exec-calc_shares_cross_timing-both_days_input_field-raw_rsi_exit-cross_rsi_smoothing-simple_same_bar_reentry-allowed_warmup-ready_check: ok fills=160 (42.5s)
[2275/4086] BANK2_BL-09_half_down_hold__T_a_exec-calc_shares_cross_timing-both_days_input_field-adjusted_rsi_exit-cross_rsi_smoothing-simple_same_bar_reentry-wait_bar_warmup-ready_check: ok fills=161 (40.2s)
[2276/4086] BANK2_BL-09_half_down_hold__T_a_exec-calc_shares_cross_timing-today_ma_input_field-raw_rsi_exit-cross_rsi_smoothing-simple_same_bar_reentry-allowed_warmup-ready_check: ok fills=160 (45.7s)
[2277/4086] BANK2_BL-09_half_down_hold__T_a_exec-calc_shares_cross_timing-today_ma_input_field-adjusted_rsi_exit-cross_rsi_smoothing-simple_same_bar_reentry-wait_bar_warmup-ready_check: ok fills=161 (42.6s)
[2278/4086] BANK2_BL-09_half_down_hold__T_a_exec-set_holdings_cross_timing-both_days_input_field-adjusted_rsi_exit-cross_rsi_smoothing-simple_same_bar_reentry-allowed_warmup-ready_check: ok fills=161 (46.3s)
[2279/4086] BANK2_BL-09_half_down_hold__T_a_exec-set_holdings_cross_timing-both_days_input_field-raw_rsi_exit-cross_rsi_smoothing-simple_same_bar_reentry-allowed_warmup-ready_check: ok fills=160 (44.0s)
[2280/4086] BANK2_BL-09_half_down_hold__T_a_exec-set_holdings_cross_timing-today_ma_input_field-adjusted_rsi_exit-cross_rsi_smoothing-simple_same_bar_reentry-allowed_warmup-ready_check: ok fills=161 (47.2s)
[2281/4086] BANK2_BL-09_half_down_hold__T_a_exec-calc_shares_cross_timing-today_ma_input_field-raw_rsi_exit-cross_rsi_smoothing-simple_same_bar_reentry-wait_bar_warmup-ready_check: ok fills=160 (48.6s)
[2282/4086] BANK2_BL-09_half_down_hold__T_a_exec-calc_shares_cross_timing-both_days_input_field-adjusted_rsi_exit-cross_rsi_smoothing-simple_same_bar_reentry-allowed_warmup-ready_per_rule: exit=1 fills=None (1.4s)
[2283/4086] BANK2_BL-09_half_down_hold__T_a_exec-set_holdings_cross_timing-today_ma_input_field-raw_rsi_exit-cross_rsi_smoothing-simple_same_bar_reentry-allowed_warmup-ready_check: ok fills=160 (48.3s)
[2284/4086] BANK2_BL-09_half_down_hold__T_a_exec-set_holdings_cross_timing-both_days_input_field-adjusted_rsi_exit-cross_rsi_smoothing-simple_same_bar_reentry-wait_bar_warmup-ready_check: ok fills=161 (44.3s)
[2285/4086] BANK2_BL-09_half_down_hold__T_a_exec-set_holdings_cross_timing-today_ma_input_field-adjusted_rsi_exit-cross_rsi_smoothing-simple_same_bar_reentry-wait_bar_warmup-ready_check: ok fills=161 (42.7s)
[2286/4086] BANK2_BL-09_half_down_hold__T_a_exec-set_holdings_cross_timing-both_days_input_field-raw_rsi_exit-cross_rsi_smoothing-simple_same_bar_reentry-wait_bar_warmup-ready_check: ok fills=160 (39.5s)
[2287/4086] BANK2_BL-09_half_down_hold__T_a_exec-calc_shares_cross_timing-both_days_input_field-raw_rsi_exit-cross_rsi_smoothing-simple_same_bar_reentry-allowed_warmup-ready_per_rule: ok fills=166 (43.1s)
[2288/4086] BANK2_BL-09_half_down_hold__T_a_exec-calc_shares_cross_timing-today_ma_input_field-adjusted_rsi_exit-cross_rsi_smoothing-simple_same_bar_reentry-allowed_warmup-ready_per_rule: ok fills=167 (43.3s)
[2289/4086] BANK2_BL-09_half_down_hold__T_a_exec-set_holdings_cross_timing-today_ma_input_field-raw_rsi_exit-cross_rsi_smoothing-simple_same_bar_reentry-wait_bar_warmup-ready_check: ok fills=160 (44.5s)
[2290/4086] BANK2_BL-09_half_down_hold__T_a_exec-calc_shares_cross_timing-today_ma_input_field-raw_rsi_exit-cross_rsi_smoothing-simple_same_bar_reentry-allowed_warmup-ready_per_rule: ok fills=166 (47.5s)
[2291/4086] BANK2_BL-09_half_down_hold__T_a_exec-calc_shares_cross_timing-both_days_input_field-raw_rsi_exit-cross_rsi_smoothing-simple_same_bar_reentry-wait_bar_warmup-ready_per_rule: ok fills=166 (42.8s)
[2292/4086] BANK2_BL-09_half_down_hold__T_a_exec-calc_shares_cross_timing-today_ma_input_field-raw_rsi_exit-cross_rsi_smoothing-simple_same_bar_reentry-wait_bar_warmup-ready_per_rule: ok fills=166 (44.0s)
[2293/4086] BANK2_BL-09_half_down_hold__T_a_exec-calc_shares_cross_timing-both_days_input_field-adjusted_rsi_exit-cross_rsi_smoothing-simple_same_bar_reentry-wait_bar_warmup-ready_per_rule: ok fills=167 (47.5s)
[2294/4086] BANK2_BL-09_half_down_hold__T_a_exec-calc_shares_cross_timing-today_ma_input_field-adjusted_rsi_exit-cross_rsi_smoothing-simple_same_bar_reentry-wait_bar_warmup-ready_per_rule: ok fills=167 (49.2s)
[2295/4086] BANK2_BL-09_half_down_hold__T_a_exec-set_holdings_cross_timing-both_days_input_field-raw_rsi_exit-cross_rsi_smoothing-simple_same_bar_reentry-allowed_warmup-ready_per_rule: ok fills=166 (37.7s)
[2296/4086] BANK2_BL-09_half_down_hold__T_a_exec-set_holdings_cross_timing-today_ma_input_field-adjusted_rsi_exit-cross_rsi_smoothing-simple_same_bar_reentry-allowed_warmup-ready_per_rule: ok fills=167 (41.6s)
[2297/4086] BANK2_BL-09_half_down_hold__T_a_exec-set_holdings_cross_timing-both_days_input_field-adjusted_rsi_exit-cross_rsi_smoothing-simple_same_bar_reentry-allowed_warmup-ready_per_rule: ok fills=167 (41.8s)
[2298/4086] BANK2_BL-09_half_down_hold__T_a_exec-set_holdings_cross_timing-today_ma_input_field-raw_rsi_exit-cross_rsi_smoothing-simple_same_bar_reentry-allowed_warmup-ready_per_rule: ok fills=166 (39.0s)
[2299/4086] BANK2_BL-09_half_down_hold__T_a_exec-set_holdings_cross_timing-both_days_input_field-adjusted_rsi_exit-cross_rsi_smoothing-simple_same_bar_reentry-wait_bar_warmup-ready_per_rule: ok fills=167 (42.1s)
[2300/4086] BANK2_BL-09_half_down_hold__T_a_exec-set_holdings_cross_timing-today_ma_input_field-adjusted_rsi_exit-cross_rsi_smoothing-simple_same_bar_reentry-wait_bar_warmup-ready_per_rule: ok fills=167 (40.8s)
[2301/4086] BANK2_BL-09_half_down_hold__T_a_exec-set_holdings_cross_timing-both_days_input_field-raw_rsi_exit-cross_rsi_smoothing-simple_same_bar_reentry-wait_bar_warmup-ready_per_rule: ok fills=166 (42.1s)
[2302/4086] BANK2_BL-09_half_down_hold__T_a_exec-set_holdings_cross_timing-today_ma_input_field-raw_rsi_exit-cross_rsi_smoothing-simple_same_bar_reentry-wait_bar_warmup-ready_per_rule: ok fills=166 (42.2s)
[2303/4086] BANK2_BL-09_half_up__ref: ok fills=217 (45.3s)
[2304/4086] BANK2_BL-09_half_up__T_a_exec-calc_shares_cross_timing-today_ma_input_field-adjusted_rsi_exit-level_rsi_smoothing-wilder_same_bar_reentry-allowed_warmup-strict: ok fills=217 (45.6s)
[2305/4086] BANK2_BL-09_half_up__T_a_exec-calc_shares_cross_timing-both_days_input_field-raw_rsi_exit-level_rsi_smoothing-wilder_same_bar_reentry-allowed_warmup-strict: ok fills=218 (48.4s)
[2306/4086] BANK2_BL-09_half_up__T_a_exec-calc_shares_cross_timing-today_ma_input_field-raw_rsi_exit-level_rsi_smoothing-wilder_same_bar_reentry-allowed_warmup-strict: ok fills=218 (47.1s)
[2307/4086] BANK2_BL-09_half_up__T_a_exec-calc_shares_cross_timing-both_days_input_field-raw_rsi_exit-level_rsi_smoothing-wilder_same_bar_reentry-wait_bar_warmup-strict: ok fills=216 (40.4s)
[2308/4086] BANK2_BL-09_half_up__T_a_exec-calc_shares_cross_timing-today_ma_input_field-adjusted_rsi_exit-level_rsi_smoothing-wilder_same_bar_reentry-wait_bar_warmup-strict: ok fills=213 (46.0s)
[2309/4086] BANK2_BL-09_half_up__T_a_exec-calc_shares_cross_timing-both_days_input_field-adjusted_rsi_exit-level_rsi_smoothing-wilder_same_bar_reentry-wait_bar_warmup-strict: ok fills=213 (47.8s)
[2310/4086] BANK2_BL-09_half_up__T_a_exec-calc_shares_cross_timing-today_ma_input_field-raw_rsi_exit-level_rsi_smoothing-wilder_same_bar_reentry-wait_bar_warmup-strict: ok fills=216 (43.9s)
[2311/4086] BANK2_BL-09_half_up__T_a_exec-set_holdings_cross_timing-both_days_input_field-adjusted_rsi_exit-level_rsi_smoothing-wilder_same_bar_reentry-allowed_warmup-strict: ok fills=217 (39.3s)
[2312/4086] BANK2_BL-09_half_up__T_a_exec-set_holdings_cross_timing-both_days_input_field-raw_rsi_exit-level_rsi_smoothing-wilder_same_bar_reentry-allowed_warmup-strict: ok fills=218 (41.9s)
[2313/4086] BANK2_BL-09_half_up__T_a_exec-set_holdings_cross_timing-today_ma_input_field-raw_rsi_exit-level_rsi_smoothing-wilder_same_bar_reentry-allowed_warmup-strict: ok fills=218 (41.8s)
[2314/4086] BANK2_BL-09_half_up__T_a_exec-set_holdings_cross_timing-today_ma_input_field-adjusted_rsi_exit-level_rsi_smoothing-wilder_same_bar_reentry-allowed_warmup-strict: ok fills=217 (46.1s)
[2315/4086] BANK2_BL-09_half_up__T_a_exec-set_holdings_cross_timing-both_days_input_field-adjusted_rsi_exit-level_rsi_smoothing-wilder_same_bar_reentry-wait_bar_warmup-strict: ok fills=213 (38.7s)
[2316/4086] BANK2_BL-09_half_up__T_a_exec-set_holdings_cross_timing-today_ma_input_field-adjusted_rsi_exit-level_rsi_smoothing-wilder_same_bar_reentry-wait_bar_warmup-strict: ok fills=213 (45.0s)
[2317/4086] BANK2_BL-09_half_up__T_a_exec-set_holdings_cross_timing-both_days_input_field-raw_rsi_exit-level_rsi_smoothing-wilder_same_bar_reentry-wait_bar_warmup-strict: ok fills=216 (48.0s)
[2318/4086] BANK2_BL-09_half_up__T_a_exec-set_holdings_cross_timing-today_ma_input_field-raw_rsi_exit-level_rsi_smoothing-wilder_same_bar_reentry-wait_bar_warmup-strict: ok fills=216 (47.5s)
[2319/4086] BANK2_BL-09_half_up__T_a_exec-calc_shares_cross_timing-today_ma_input_field-adjusted_rsi_exit-level_rsi_smoothing-wilder_same_bar_reentry-wait_bar_warmup-ready_check: exit=1 fills=None (7.1s)
[2320/4086] BANK2_BL-09_half_up__T_a_exec-calc_shares_cross_timing-both_days_input_field-adjusted_rsi_exit-level_rsi_smoothing-wilder_same_bar_reentry-allowed_warmup-ready_check: ok fills=213 (40.4s)
[2321/4086] BANK2_BL-09_half_up__T_a_exec-set_holdings_cross_timing-both_days_input_field-adjusted_rsi_exit-level_rsi_smoothing-wilder_same_bar_reentry-allowed_warmup-ready_check: exit=1 fills=None (7.5s)
[2322/4086] BANK2_BL-09_half_up__T_a_exec-calc_shares_cross_timing-today_ma_input_field-raw_rsi_exit-level_rsi_smoothing-wilder_same_bar_reentry-allowed_warmup-ready_check: ok fills=214 (39.4s)
[2323/4086] BANK2_BL-09_half_up__T_a_exec-set_holdings_cross_timing-today_ma_input_field-adjusted_rsi_exit-level_rsi_smoothing-wilder_same_bar_reentry-allowed_warmup-ready_check: exit=1 fills=None (10.1s)
[2324/4086] BANK2_BL-09_half_up__T_a_exec-calc_shares_cross_timing-today_ma_input_field-adjusted_rsi_exit-level_rsi_smoothing-wilder_same_bar_reentry-allowed_warmup-ready_check: ok fills=213 (41.5s)
[2325/4086] BANK2_BL-09_half_up__T_a_exec-calc_shares_cross_timing-both_days_input_field-raw_rsi_exit-level_rsi_smoothing-wilder_same_bar_reentry-allowed_warmup-ready_check: ok fills=214 (44.5s)
[2326/4086] BANK2_BL-09_half_up__T_a_exec-calc_shares_cross_timing-both_days_input_field-adjusted_rsi_exit-level_rsi_smoothing-wilder_same_bar_reentry-wait_bar_warmup-ready_check: ok fills=209 (39.8s)
[2327/4086] BANK2_BL-09_half_up__T_a_exec-calc_shares_cross_timing-both_days_input_field-raw_rsi_exit-level_rsi_smoothing-wilder_same_bar_reentry-wait_bar_warmup-ready_check: ok fills=212 (40.9s)
[2328/4086] BANK2_BL-09_half_up__T_a_exec-calc_shares_cross_timing-today_ma_input_field-raw_rsi_exit-level_rsi_smoothing-wilder_same_bar_reentry-wait_bar_warmup-ready_check: ok fills=212 (42.5s)
[2329/4086] BANK2_BL-09_half_up__T_a_exec-set_holdings_cross_timing-both_days_input_field-raw_rsi_exit-level_rsi_smoothing-wilder_same_bar_reentry-allowed_warmup-ready_check: ok fills=214 (42.3s)
[2330/4086] BANK2_BL-09_half_up__T_a_exec-set_holdings_cross_timing-today_ma_input_field-raw_rsi_exit-level_rsi_smoothing-wilder_same_bar_reentry-allowed_warmup-ready_check: ok fills=214 (46.6s)
[2331/4086] BANK2_BL-09_half_up__T_a_exec-set_holdings_cross_timing-both_days_input_field-adjusted_rsi_exit-level_rsi_smoothing-wilder_same_bar_reentry-wait_bar_warmup-ready_check: ok fills=209 (47.7s)
[2332/4086] BANK2_BL-09_half_up__T_a_exec-set_holdings_cross_timing-today_ma_input_field-adjusted_rsi_exit-level_rsi_smoothing-wilder_same_bar_reentry-wait_bar_warmup-ready_check: ok fills=209 (47.1s)
[2333/4086] BANK2_BL-09_half_up__T_a_exec-set_holdings_cross_timing-both_days_input_field-raw_rsi_exit-level_rsi_smoothing-wilder_same_bar_reentry-wait_bar_warmup-ready_check: ok fills=212 (46.3s)
[2334/4086] BANK2_BL-09_half_up__T_a_exec-set_holdings_cross_timing-today_ma_input_field-raw_rsi_exit-level_rsi_smoothing-wilder_same_bar_reentry-wait_bar_warmup-ready_check: ok fills=212 (46.7s)
[2335/4086] BANK2_BL-09_half_up__T_a_exec-calc_shares_cross_timing-both_days_input_field-adjusted_rsi_exit-level_rsi_smoothing-wilder_same_bar_reentry-allowed_warmup-ready_per_rule: ok fills=217 (42.9s)
[2336/4086] BANK2_BL-09_half_up__T_a_exec-calc_shares_cross_timing-today_ma_input_field-adjusted_rsi_exit-level_rsi_smoothing-wilder_same_bar_reentry-allowed_warmup-ready_per_rule: ok fills=217 (39.9s)
[2337/4086] BANK2_BL-09_half_up__T_a_exec-calc_shares_cross_timing-both_days_input_field-raw_rsi_exit-level_rsi_smoothing-wilder_same_bar_reentry-allowed_warmup-ready_per_rule: ok fills=218 (40.2s)
[2338/4086] BANK2_BL-09_half_up__T_a_exec-calc_shares_cross_timing-both_days_input_field-adjusted_rsi_exit-level_rsi_smoothing-wilder_same_bar_reentry-wait_bar_warmup-ready_per_rule: ok fills=213 (39.0s)
[2339/4086] BANK2_BL-09_half_up__T_a_exec-calc_shares_cross_timing-today_ma_input_field-raw_rsi_exit-level_rsi_smoothing-wilder_same_bar_reentry-allowed_warmup-ready_per_rule: ok fills=218 (44.7s)
[2340/4086] BANK2_BL-09_half_up__T_a_exec-calc_shares_cross_timing-today_ma_input_field-adjusted_rsi_exit-level_rsi_smoothing-wilder_same_bar_reentry-wait_bar_warmup-ready_per_rule: ok fills=213 (44.4s)
[2341/4086] BANK2_BL-09_half_up__T_a_exec-calc_shares_cross_timing-both_days_input_field-raw_rsi_exit-level_rsi_smoothing-wilder_same_bar_reentry-wait_bar_warmup-ready_per_rule: ok fills=216 (43.1s)
[2342/4086] BANK2_BL-09_half_up__T_a_exec-calc_shares_cross_timing-today_ma_input_field-raw_rsi_exit-level_rsi_smoothing-wilder_same_bar_reentry-wait_bar_warmup-ready_per_rule: ok fills=216 (42.5s)
[2343/4086] BANK2_BL-09_half_up__T_a_exec-set_holdings_cross_timing-today_ma_input_field-adjusted_rsi_exit-level_rsi_smoothing-wilder_same_bar_reentry-allowed_warmup-ready_per_rule: ok fills=217 (38.8s)
[2344/4086] BANK2_BL-09_half_up__T_a_exec-set_holdings_cross_timing-both_days_input_field-adjusted_rsi_exit-level_rsi_smoothing-wilder_same_bar_reentry-allowed_warmup-ready_per_rule: ok fills=217 (41.7s)
[2345/4086] BANK2_BL-09_half_up__T_a_exec-set_holdings_cross_timing-both_days_input_field-raw_rsi_exit-level_rsi_smoothing-wilder_same_bar_reentry-wait_bar_warmup-ready_per_rule: exit=1 fills=None (11.1s)
[2346/4086] BANK2_BL-09_half_up__T_a_exec-set_holdings_cross_timing-both_days_input_field-raw_rsi_exit-level_rsi_smoothing-wilder_same_bar_reentry-allowed_warmup-ready_per_rule: ok fills=218 (39.8s)
[2347/4086] BANK2_BL-09_half_up__T_a_exec-set_holdings_cross_timing-today_ma_input_field-raw_rsi_exit-level_rsi_smoothing-wilder_same_bar_reentry-allowed_warmup-ready_per_rule: ok fills=218 (43.3s)
[2348/4086] BANK2_BL-09_half_up__T_a_exec-set_holdings_cross_timing-both_days_input_field-adjusted_rsi_exit-level_rsi_smoothing-wilder_same_bar_reentry-wait_bar_warmup-ready_per_rule: ok fills=213 (40.8s)
[2349/4086] BANK2_BL-09_half_up__T_a_exec-set_holdings_cross_timing-today_ma_input_field-adjusted_rsi_exit-level_rsi_smoothing-wilder_same_bar_reentry-wait_bar_warmup-ready_per_rule: ok fills=213 (41.9s)
[2350/4086] BANK2_BL-09_half_up__T_a_exec-set_holdings_cross_timing-today_ma_input_field-raw_rsi_exit-level_rsi_smoothing-wilder_same_bar_reentry-wait_bar_warmup-ready_per_rule: ok fills=216 (45.1s)
[2351/4086] BANK2_BL-09_half_up__T_a_exec-calc_shares_cross_timing-both_days_input_field-raw_rsi_exit-cross_rsi_smoothing-wilder_same_bar_reentry-allowed_warmup-strict: ok fills=202 (39.1s)
[2352/4086] BANK2_BL-09_half_up__T_a_exec-calc_shares_cross_timing-both_days_input_field-adjusted_rsi_exit-cross_rsi_smoothing-wilder_same_bar_reentry-allowed_warmup-strict: ok fills=197 (42.9s)
[2353/4086] BANK2_BL-09_half_up__T_a_exec-calc_shares_cross_timing-today_ma_input_field-adjusted_rsi_exit-cross_rsi_smoothing-wilder_same_bar_reentry-allowed_warmup-strict: ok fills=197 (43.0s)
[2354/4086] BANK2_BL-09_half_up__T_a_exec-calc_shares_cross_timing-today_ma_input_field-raw_rsi_exit-cross_rsi_smoothing-wilder_same_bar_reentry-allowed_warmup-strict: ok fills=202 (39.4s)
[2355/4086] BANK2_BL-09_half_up__T_a_exec-calc_shares_cross_timing-both_days_input_field-adjusted_rsi_exit-cross_rsi_smoothing-wilder_same_bar_reentry-wait_bar_warmup-strict: ok fills=197 (43.5s)
[2356/4086] BANK2_BL-09_half_up__T_a_exec-calc_shares_cross_timing-both_days_input_field-raw_rsi_exit-cross_rsi_smoothing-wilder_same_bar_reentry-wait_bar_warmup-strict: ok fills=202 (42.3s)
[2357/4086] BANK2_BL-09_half_up__T_a_exec-calc_shares_cross_timing-today_ma_input_field-adjusted_rsi_exit-cross_rsi_smoothing-wilder_same_bar_reentry-wait_bar_warmup-strict: ok fills=197 (46.6s)
[2358/4086] BANK2_BL-09_half_up__T_a_exec-calc_shares_cross_timing-today_ma_input_field-raw_rsi_exit-cross_rsi_smoothing-wilder_same_bar_reentry-wait_bar_warmup-strict: ok fills=202 (43.6s)
[2359/4086] BANK2_BL-09_half_up__T_a_exec-set_holdings_cross_timing-today_ma_input_field-adjusted_rsi_exit-cross_rsi_smoothing-wilder_same_bar_reentry-wait_bar_warmup-strict: exit=1 fills=None (8.6s)
[2360/4086] BANK2_BL-09_half_up__T_a_exec-set_holdings_cross_timing-both_days_input_field-adjusted_rsi_exit-cross_rsi_smoothing-wilder_same_bar_reentry-allowed_warmup-strict: ok fills=197 (45.4s)
[2361/4086] BANK2_BL-09_half_up__T_a_exec-set_holdings_cross_timing-today_ma_input_field-raw_rsi_exit-cross_rsi_smoothing-wilder_same_bar_reentry-wait_bar_warmup-strict: exit=1 fills=None (5.7s)
[2362/4086] BANK2_BL-09_half_up__T_a_exec-set_holdings_cross_timing-both_days_input_field-raw_rsi_exit-cross_rsi_smoothing-wilder_same_bar_reentry-allowed_warmup-strict: ok fills=202 (44.4s)
[2363/4086] BANK2_BL-09_half_up__T_a_exec-set_holdings_cross_timing-today_ma_input_field-adjusted_rsi_exit-cross_rsi_smoothing-wilder_same_bar_reentry-allowed_warmup-strict: ok fills=197 (47.4s)
[2364/4086] BANK2_BL-09_half_up__T_a_exec-set_holdings_cross_timing-today_ma_input_field-raw_rsi_exit-cross_rsi_smoothing-wilder_same_bar_reentry-allowed_warmup-strict: ok fills=202 (42.6s)
[2365/4086] BANK2_BL-09_half_up__T_a_exec-set_holdings_cross_timing-both_days_input_field-adjusted_rsi_exit-cross_rsi_smoothing-wilder_same_bar_reentry-wait_bar_warmup-strict: ok fills=197 (40.1s)
[2366/4086] BANK2_BL-09_half_up__T_a_exec-set_holdings_cross_timing-both_days_input_field-raw_rsi_exit-cross_rsi_smoothing-wilder_same_bar_reentry-wait_bar_warmup-strict: ok fills=202 (40.7s)
[2367/4086] BANK2_BL-09_half_up__T_a_exec-calc_shares_cross_timing-both_days_input_field-adjusted_rsi_exit-cross_rsi_smoothing-wilder_same_bar_reentry-allowed_warmup-ready_check: ok fills=193 (34.4s)
[2368/4086] BANK2_BL-09_half_up__T_a_exec-calc_shares_cross_timing-today_ma_input_field-raw_rsi_exit-cross_rsi_smoothing-wilder_same_bar_reentry-allowed_warmup-ready_check: ok fills=198 (40.0s)
[2369/4086] BANK2_BL-09_half_up__T_a_exec-set_holdings_cross_timing-both_days_input_field-adjusted_rsi_exit-cross_rsi_smoothing-wilder_same_bar_reentry-allowed_warmup-ready_check: exit=1 fills=None (13.2s)
[2370/4086] BANK2_BL-09_half_up__T_a_exec-calc_shares_cross_timing-both_days_input_field-adjusted_rsi_exit-cross_rsi_smoothing-wilder_same_bar_reentry-wait_bar_warmup-ready_check: ok fills=193 (42.4s)
[2371/4086] BANK2_BL-09_half_up__T_a_exec-calc_shares_cross_timing-today_ma_input_field-adjusted_rsi_exit-cross_rsi_smoothing-wilder_same_bar_reentry-allowed_warmup-ready_check: ok fills=193 (45.1s)
[2372/4086] BANK2_BL-09_half_up__T_a_exec-calc_shares_cross_timing-both_days_input_field-raw_rsi_exit-cross_rsi_smoothing-wilder_same_bar_reentry-allowed_warmup-ready_check: ok fills=198 (46.7s)
[2373/4086] BANK2_BL-09_half_up__T_a_exec-calc_shares_cross_timing-today_ma_input_field-adjusted_rsi_exit-cross_rsi_smoothing-wilder_same_bar_reentry-wait_bar_warmup-ready_check: ok fills=193 (42.2s)
[2374/4086] BANK2_BL-09_half_up__T_a_exec-calc_shares_cross_timing-both_days_input_field-raw_rsi_exit-cross_rsi_smoothing-wilder_same_bar_reentry-wait_bar_warmup-ready_check: ok fills=198 (42.8s)
[2375/4086] BANK2_BL-09_half_up__T_a_exec-calc_shares_cross_timing-today_ma_input_field-raw_rsi_exit-cross_rsi_smoothing-wilder_same_bar_reentry-wait_bar_warmup-ready_check: ok fills=198 (41.9s)
[2376/4086] BANK2_BL-09_half_up__T_a_exec-set_holdings_cross_timing-both_days_input_field-adjusted_rsi_exit-cross_rsi_smoothing-wilder_same_bar_reentry-wait_bar_warmup-ready_check: ok fills=193 (35.8s)
[2377/4086] BANK2_BL-09_half_up__T_a_exec-set_holdings_cross_timing-both_days_input_field-raw_rsi_exit-cross_rsi_smoothing-wilder_same_bar_reentry-allowed_warmup-ready_check: ok fills=198 (40.7s)
[2378/4086] BANK2_BL-09_half_up__T_a_exec-set_holdings_cross_timing-today_ma_input_field-adjusted_rsi_exit-cross_rsi_smoothing-wilder_same_bar_reentry-allowed_warmup-ready_check: ok fills=193 (44.6s)
[2379/4086] BANK2_BL-09_half_up__T_a_exec-set_holdings_cross_timing-today_ma_input_field-raw_rsi_exit-cross_rsi_smoothing-wilder_same_bar_reentry-allowed_warmup-ready_check: ok fills=198 (43.2s)
[2380/4086] BANK2_BL-09_half_up__T_a_exec-calc_shares_cross_timing-today_ma_input_field-adjusted_rsi_exit-cross_rsi_smoothing-wilder_same_bar_reentry-allowed_warmup-ready_per_rule: exit=1 fills=None (7.4s)
[2381/4086] BANK2_BL-09_half_up__T_a_exec-set_holdings_cross_timing-both_days_input_field-raw_rsi_exit-cross_rsi_smoothing-wilder_same_bar_reentry-wait_bar_warmup-ready_check: ok fills=198 (42.9s)
[2382/4086] BANK2_BL-09_half_up__T_a_exec-set_holdings_cross_timing-today_ma_input_field-adjusted_rsi_exit-cross_rsi_smoothing-wilder_same_bar_reentry-wait_bar_warmup-ready_check: ok fills=193 (43.8s)
[2383/4086] BANK2_BL-09_half_up__T_a_exec-set_holdings_cross_timing-today_ma_input_field-raw_rsi_exit-cross_rsi_smoothing-wilder_same_bar_reentry-wait_bar_warmup-ready_check: ok fills=198 (41.8s)
[2384/4086] BANK2_BL-09_half_up__T_a_exec-calc_shares_cross_timing-both_days_input_field-adjusted_rsi_exit-cross_rsi_smoothing-wilder_same_bar_reentry-allowed_warmup-ready_per_rule: ok fills=197 (40.3s)
[2385/4086] BANK2_BL-09_half_up__T_a_exec-calc_shares_cross_timing-both_days_input_field-raw_rsi_exit-cross_rsi_smoothing-wilder_same_bar_reentry-allowed_warmup-ready_per_rule: ok fills=202 (39.2s)
[2386/4086] BANK2_BL-09_half_up__T_a_exec-calc_shares_cross_timing-both_days_input_field-adjusted_rsi_exit-cross_rsi_smoothing-wilder_same_bar_reentry-wait_bar_warmup-ready_per_rule: ok fills=197 (42.7s)
[2387/4086] BANK2_BL-09_half_up__T_a_exec-calc_shares_cross_timing-today_ma_input_field-raw_rsi_exit-cross_rsi_smoothing-wilder_same_bar_reentry-allowed_warmup-ready_per_rule: ok fills=202 (46.9s)
[2388/4086] BANK2_BL-09_half_up__T_a_exec-calc_shares_cross_timing-today_ma_input_field-adjusted_rsi_exit-cross_rsi_smoothing-wilder_same_bar_reentry-wait_bar_warmup-ready_per_rule: ok fills=197 (49.2s)
[2389/4086] BANK2_BL-09_half_up__T_a_exec-calc_shares_cross_timing-today_ma_input_field-raw_rsi_exit-cross_rsi_smoothing-wilder_same_bar_reentry-wait_bar_warmup-ready_per_rule: ok fills=202 (47.5s)
[2390/4086] BANK2_BL-09_half_up__T_a_exec-set_holdings_cross_timing-both_days_input_field-adjusted_rsi_exit-cross_rsi_smoothing-wilder_same_bar_reentry-wait_bar_warmup-ready_per_rule: exit=1 fills=None (4.5s)
[2391/4086] BANK2_BL-09_half_up__T_a_exec-calc_shares_cross_timing-both_days_input_field-raw_rsi_exit-cross_rsi_smoothing-wilder_same_bar_reentry-wait_bar_warmup-ready_per_rule: ok fills=202 (48.5s)
[2392/4086] BANK2_BL-09_half_up__T_a_exec-set_holdings_cross_timing-both_days_input_field-adjusted_rsi_exit-cross_rsi_smoothing-wilder_same_bar_reentry-allowed_warmup-ready_per_rule: ok fills=197 (40.4s)
[2393/4086] BANK2_BL-09_half_up__T_a_exec-set_holdings_cross_timing-today_ma_input_field-adjusted_rsi_exit-cross_rsi_smoothing-wilder_same_bar_reentry-wait_bar_warmup-ready_per_rule: exit=1 fills=None (11.7s)
[2394/4086] BANK2_BL-09_half_up__T_a_exec-set_holdings_cross_timing-today_ma_input_field-raw_rsi_exit-cross_rsi_smoothing-wilder_same_bar_reentry-wait_bar_warmup-ready_per_rule: exit=1 fills=None (12.6s)
[2395/4086] BANK2_BL-09_half_up__T_a_exec-set_holdings_cross_timing-today_ma_input_field-adjusted_rsi_exit-cross_rsi_smoothing-wilder_same_bar_reentry-allowed_warmup-ready_per_rule: ok fills=197 (39.8s)
[2396/4086] BANK2_BL-09_half_up__T_a_exec-set_holdings_cross_timing-both_days_input_field-raw_rsi_exit-cross_rsi_smoothing-wilder_same_bar_reentry-allowed_warmup-ready_per_rule: ok fills=202 (36.2s)
[2397/4086] BANK2_BL-09_half_up__T_a_exec-calc_shares_cross_timing-both_days_input_field-adjusted_rsi_exit-level_rsi_smoothing-simple_same_bar_reentry-wait_bar_warmup-strict: exit=1 fills=None (8.7s)
[2398/4086] BANK2_BL-09_half_up__T_a_exec-set_holdings_cross_timing-today_ma_input_field-raw_rsi_exit-cross_rsi_smoothing-wilder_same_bar_reentry-allowed_warmup-ready_per_rule: ok fills=202 (42.8s)
[2399/4086] BANK2_BL-09_half_up__T_a_exec-calc_shares_cross_timing-both_days_input_field-adjusted_rsi_exit-level_rsi_smoothing-simple_same_bar_reentry-allowed_warmup-strict: ok fills=267 (35.4s)
[2400/4086] BANK2_BL-09_half_up__T_a_exec-set_holdings_cross_timing-both_days_input_field-raw_rsi_exit-cross_rsi_smoothing-wilder_same_bar_reentry-wait_bar_warmup-ready_per_rule: ok fills=202 (41.3s)
[2401/4086] BANK2_BL-09_half_up__T_a_exec-calc_shares_cross_timing-both_days_input_field-raw_rsi_exit-level_rsi_smoothing-simple_same_bar_reentry-allowed_warmup-strict: ok fills=276 (42.1s)
[2402/4086] BANK2_BL-09_half_up__T_a_exec-calc_shares_cross_timing-today_ma_input_field-raw_rsi_exit-level_rsi_smoothing-simple_same_bar_reentry-allowed_warmup-strict: ok fills=276 (41.7s)
[2403/4086] BANK2_BL-09_half_up__T_a_exec-calc_shares_cross_timing-today_ma_input_field-adjusted_rsi_exit-level_rsi_smoothing-simple_same_bar_reentry-allowed_warmup-strict: ok fills=267 (43.7s)
[2404/4086] BANK2_BL-09_half_up__T_a_exec-calc_shares_cross_timing-today_ma_input_field-adjusted_rsi_exit-level_rsi_smoothing-simple_same_bar_reentry-wait_bar_warmup-strict: ok fills=253 (45.8s)
[2405/4086] BANK2_BL-09_half_up__T_a_exec-calc_shares_cross_timing-both_days_input_field-raw_rsi_exit-level_rsi_smoothing-simple_same_bar_reentry-wait_bar_warmup-strict: ok fills=262 (45.5s)
[2406/4086] BANK2_BL-09_half_up__T_a_exec-set_holdings_cross_timing-both_days_input_field-adjusted_rsi_exit-level_rsi_smoothing-simple_same_bar_reentry-allowed_warmup-strict: ok fills=267 (47.0s)
[2407/4086] BANK2_BL-09_half_up__T_a_exec-set_holdings_cross_timing-today_ma_input_field-adjusted_rsi_exit-level_rsi_smoothing-simple_same_bar_reentry-allowed_warmup-strict: ok fills=267 (43.3s)
[2408/4086] BANK2_BL-09_half_up__T_a_exec-calc_shares_cross_timing-today_ma_input_field-raw_rsi_exit-level_rsi_smoothing-simple_same_bar_reentry-wait_bar_warmup-strict: ok fills=262 (51.6s)
[2409/4086] BANK2_BL-09_half_up__T_a_exec-set_holdings_cross_timing-both_days_input_field-raw_rsi_exit-level_rsi_smoothing-simple_same_bar_reentry-allowed_warmup-strict: ok fills=276 (39.9s)
[2410/4086] BANK2_BL-09_half_up__T_a_exec-set_holdings_cross_timing-today_ma_input_field-raw_rsi_exit-level_rsi_smoothing-simple_same_bar_reentry-allowed_warmup-strict: ok fills=276 (41.8s)
[2411/4086] BANK2_BL-09_half_up__T_a_exec-set_holdings_cross_timing-both_days_input_field-adjusted_rsi_exit-level_rsi_smoothing-simple_same_bar_reentry-wait_bar_warmup-strict: ok fills=253 (43.8s)
[2412/4086] BANK2_BL-09_half_up__T_a_exec-set_holdings_cross_timing-today_ma_input_field-adjusted_rsi_exit-level_rsi_smoothing-simple_same_bar_reentry-wait_bar_warmup-strict: ok fills=253 (39.4s)
[2413/4086] BANK2_BL-09_half_up__T_a_exec-set_holdings_cross_timing-both_days_input_field-raw_rsi_exit-level_rsi_smoothing-simple_same_bar_reentry-wait_bar_warmup-strict: ok fills=262 (49.4s)
[2414/4086] BANK2_BL-09_half_up__T_a_exec-calc_shares_cross_timing-both_days_input_field-adjusted_rsi_exit-level_rsi_smoothing-simple_same_bar_reentry-allowed_warmup-ready_check: ok fills=253 (42.8s)
[2415/4086] BANK2_BL-09_half_up__T_a_exec-set_holdings_cross_timing-today_ma_input_field-raw_rsi_exit-level_rsi_smoothing-simple_same_bar_reentry-wait_bar_warmup-strict: ok fills=262 (53.8s)
[2416/4086] BANK2_BL-09_half_up__T_a_exec-calc_shares_cross_timing-today_ma_input_field-adjusted_rsi_exit-level_rsi_smoothing-simple_same_bar_reentry-allowed_warmup-ready_check: ok fills=253 (49.7s)
[2417/4086] BANK2_BL-09_half_up__T_a_exec-calc_shares_cross_timing-both_days_input_field-raw_rsi_exit-level_rsi_smoothing-simple_same_bar_reentry-allowed_warmup-ready_check: ok fills=262 (47.7s)
[2418/4086] BANK2_BL-09_half_up__T_a_exec-calc_shares_cross_timing-both_days_input_field-adjusted_rsi_exit-level_rsi_smoothing-simple_same_bar_reentry-wait_bar_warmup-ready_check: ok fills=243 (45.2s)
[2419/4086] BANK2_BL-09_half_up__T_a_exec-set_holdings_cross_timing-today_ma_input_field-adjusted_rsi_exit-level_rsi_smoothing-simple_same_bar_reentry-allowed_warmup-ready_check: exit=1 fills=None (8.0s)
[2420/4086] BANK2_BL-09_half_up__T_a_exec-calc_shares_cross_timing-today_ma_input_field-raw_rsi_exit-level_rsi_smoothing-simple_same_bar_reentry-allowed_warmup-ready_check: ok fills=262 (49.4s)
[2421/4086] BANK2_BL-09_half_up__T_a_exec-calc_shares_cross_timing-today_ma_input_field-adjusted_rsi_exit-level_rsi_smoothing-simple_same_bar_reentry-wait_bar_warmup-ready_check: ok fills=243 (44.3s)
[2422/4086] BANK2_BL-09_half_up__T_a_exec-set_holdings_cross_timing-today_ma_input_field-raw_rsi_exit-level_rsi_smoothing-simple_same_bar_reentry-allowed_warmup-ready_check: exit=1 fills=None (7.2s)
[2423/4086] BANK2_BL-09_half_up__T_a_exec-calc_shares_cross_timing-both_days_input_field-raw_rsi_exit-level_rsi_smoothing-simple_same_bar_reentry-wait_bar_warmup-ready_check: ok fills=252 (41.2s)
[2424/4086] BANK2_BL-09_half_up__T_a_exec-calc_shares_cross_timing-today_ma_input_field-raw_rsi_exit-level_rsi_smoothing-simple_same_bar_reentry-wait_bar_warmup-ready_check: ok fills=252 (38.2s)
[2425/4086] BANK2_BL-09_half_up__T_a_exec-set_holdings_cross_timing-both_days_input_field-adjusted_rsi_exit-level_rsi_smoothing-simple_same_bar_reentry-allowed_warmup-ready_check: ok fills=253 (45.4s)
[2426/4086] BANK2_BL-09_half_up__T_a_exec-set_holdings_cross_timing-both_days_input_field-raw_rsi_exit-level_rsi_smoothing-simple_same_bar_reentry-allowed_warmup-ready_check: ok fills=262 (45.7s)
[2427/4086] BANK2_BL-09_half_up__T_a_exec-set_holdings_cross_timing-today_ma_input_field-adjusted_rsi_exit-level_rsi_smoothing-simple_same_bar_reentry-wait_bar_warmup-ready_check: ok fills=243 (45.9s)
[2428/4086] BANK2_BL-09_half_up__T_a_exec-calc_shares_cross_timing-both_days_input_field-raw_rsi_exit-level_rsi_smoothing-simple_same_bar_reentry-allowed_warmup-ready_per_rule: exit=1 fills=None (10.1s)
[2429/4086] BANK2_BL-09_half_up__T_a_exec-set_holdings_cross_timing-both_days_input_field-adjusted_rsi_exit-level_rsi_smoothing-simple_same_bar_reentry-wait_bar_warmup-ready_check: ok fills=243 (48.4s)
[2430/4086] BANK2_BL-09_half_up__T_a_exec-set_holdings_cross_timing-both_days_input_field-raw_rsi_exit-level_rsi_smoothing-simple_same_bar_reentry-wait_bar_warmup-ready_check: ok fills=252 (44.7s)
[2431/4086] BANK2_BL-09_half_up__T_a_exec-set_holdings_cross_timing-today_ma_input_field-raw_rsi_exit-level_rsi_smoothing-simple_same_bar_reentry-wait_bar_warmup-ready_check: ok fills=252 (46.6s)
[2432/4086] BANK2_BL-09_half_up__T_a_exec-calc_shares_cross_timing-both_days_input_field-adjusted_rsi_exit-level_rsi_smoothing-simple_same_bar_reentry-allowed_warmup-ready_per_rule: ok fills=265 (44.1s)
[2433/4086] BANK2_BL-09_half_up__T_a_exec-calc_shares_cross_timing-today_ma_input_field-adjusted_rsi_exit-level_rsi_smoothing-simple_same_bar_reentry-wait_bar_warmup-ready_per_rule: exit=1 fills=None (11.0s)
[2434/4086] BANK2_BL-09_half_up__T_a_exec-calc_shares_cross_timing-today_ma_input_field-adjusted_rsi_exit-level_rsi_smoothing-simple_same_bar_reentry-allowed_warmup-ready_per_rule: ok fills=265 (43.0s)
[2435/4086] BANK2_BL-09_half_up__T_a_exec-set_holdings_cross_timing-both_days_input_field-adjusted_rsi_exit-level_rsi_smoothing-simple_same_bar_reentry-allowed_warmup-ready_per_rule: exit=1 fills=None (11.3s)
[2436/4086] BANK2_BL-09_half_up__T_a_exec-calc_shares_cross_timing-today_ma_input_field-raw_rsi_exit-level_rsi_smoothing-simple_same_bar_reentry-allowed_warmup-ready_per_rule: ok fills=274 (39.4s)
[2437/4086] BANK2_BL-09_half_up__T_a_exec-calc_shares_cross_timing-both_days_input_field-adjusted_rsi_exit-level_rsi_smoothing-simple_same_bar_reentry-wait_bar_warmup-ready_per_rule: ok fills=251 (39.3s)
[2438/4086] BANK2_BL-09_half_up__T_a_exec-calc_shares_cross_timing-today_ma_input_field-raw_rsi_exit-level_rsi_smoothing-simple_same_bar_reentry-wait_bar_warmup-ready_per_rule: ok fills=260 (40.7s)
[2439/4086] BANK2_BL-09_half_up__T_a_exec-calc_shares_cross_timing-both_days_input_field-raw_rsi_exit-level_rsi_smoothing-simple_same_bar_reentry-wait_bar_warmup-ready_per_rule: ok fills=260 (44.8s)
[2440/4086] BANK2_BL-09_half_up__T_a_exec-set_holdings_cross_timing-today_ma_input_field-adjusted_rsi_exit-level_rsi_smoothing-simple_same_bar_reentry-allowed_warmup-ready_per_rule: ok fills=265 (39.1s)
[2441/4086] BANK2_BL-09_half_up__T_a_exec-set_holdings_cross_timing-both_days_input_field-raw_rsi_exit-level_rsi_smoothing-simple_same_bar_reentry-allowed_warmup-ready_per_rule: ok fills=274 (40.1s)
[2442/4086] BANK2_BL-09_half_up__T_a_exec-set_holdings_cross_timing-today_ma_input_field-raw_rsi_exit-level_rsi_smoothing-simple_same_bar_reentry-allowed_warmup-ready_per_rule: ok fills=274 (47.8s)
[2443/4086] BANK2_BL-09_half_up__T_a_exec-set_holdings_cross_timing-both_days_input_field-adjusted_rsi_exit-level_rsi_smoothing-simple_same_bar_reentry-wait_bar_warmup-ready_per_rule: ok fills=251 (48.2s)
[2444/4086] BANK2_BL-09_half_up__T_a_exec-set_holdings_cross_timing-today_ma_input_field-adjusted_rsi_exit-level_rsi_smoothing-simple_same_bar_reentry-wait_bar_warmup-ready_per_rule: ok fills=251 (44.2s)
[2445/4086] BANK2_BL-09_half_up__T_a_exec-set_holdings_cross_timing-both_days_input_field-raw_rsi_exit-level_rsi_smoothing-simple_same_bar_reentry-wait_bar_warmup-ready_per_rule: ok fills=260 (44.6s)
[2446/4086] BANK2_BL-09_half_up__T_a_exec-set_holdings_cross_timing-today_ma_input_field-raw_rsi_exit-level_rsi_smoothing-simple_same_bar_reentry-wait_bar_warmup-ready_per_rule: ok fills=260 (44.9s)
[2447/4086] BANK2_BL-09_half_up__T_a_exec-calc_shares_cross_timing-both_days_input_field-adjusted_rsi_exit-cross_rsi_smoothing-simple_same_bar_reentry-allowed_warmup-strict: ok fills=217 (44.8s)
[2448/4086] BANK2_BL-09_half_up__T_a_exec-calc_shares_cross_timing-both_days_input_field-raw_rsi_exit-cross_rsi_smoothing-simple_same_bar_reentry-allowed_warmup-strict: ok fills=228 (41.4s)
[2449/4086] BANK2_BL-09_half_up__T_a_exec-calc_shares_cross_timing-today_ma_input_field-adjusted_rsi_exit-cross_rsi_smoothing-simple_same_bar_reentry-allowed_warmup-strict: ok fills=217 (45.4s)
[2450/4086] BANK2_BL-09_half_up__T_a_exec-calc_shares_cross_timing-both_days_input_field-adjusted_rsi_exit-cross_rsi_smoothing-simple_same_bar_reentry-wait_bar_warmup-strict: ok fills=217 (36.7s)
[2451/4086] BANK2_BL-09_half_up__T_a_exec-calc_shares_cross_timing-today_ma_input_field-raw_rsi_exit-cross_rsi_smoothing-simple_same_bar_reentry-allowed_warmup-strict: ok fills=228 (45.2s)
[2452/4086] BANK2_BL-09_half_up__T_a_exec-calc_shares_cross_timing-today_ma_input_field-adjusted_rsi_exit-cross_rsi_smoothing-simple_same_bar_reentry-wait_bar_warmup-strict: ok fills=217 (41.2s)
[2453/4086] BANK2_BL-09_half_up__T_a_exec-calc_shares_cross_timing-both_days_input_field-raw_rsi_exit-cross_rsi_smoothing-simple_same_bar_reentry-wait_bar_warmup-strict: ok fills=228 (45.1s)
[2454/4086] BANK2_BL-09_half_up__T_a_exec-set_holdings_cross_timing-both_days_input_field-adjusted_rsi_exit-cross_rsi_smoothing-simple_same_bar_reentry-allowed_warmup-strict: ok fills=217 (47.1s)
[2455/4086] BANK2_BL-09_half_up__T_a_exec-calc_shares_cross_timing-today_ma_input_field-raw_rsi_exit-cross_rsi_smoothing-simple_same_bar_reentry-wait_bar_warmup-strict: ok fills=228 (50.4s)
[2456/4086] BANK2_BL-09_half_up__T_a_exec-set_holdings_cross_timing-today_ma_input_field-adjusted_rsi_exit-cross_rsi_smoothing-simple_same_bar_reentry-allowed_warmup-strict: ok fills=217 (47.3s)
[2457/4086] BANK2_BL-09_half_up__T_a_exec-set_holdings_cross_timing-both_days_input_field-raw_rsi_exit-cross_rsi_smoothing-simple_same_bar_reentry-allowed_warmup-strict: ok fills=228 (49.1s)
[2458/4086] BANK2_BL-09_half_up__T_a_exec-set_holdings_cross_timing-today_ma_input_field-raw_rsi_exit-cross_rsi_smoothing-simple_same_bar_reentry-allowed_warmup-strict: ok fills=228 (45.8s)
[2459/4086] BANK2_BL-09_half_up__T_a_exec-set_holdings_cross_timing-both_days_input_field-adjusted_rsi_exit-cross_rsi_smoothing-simple_same_bar_reentry-wait_bar_warmup-strict: ok fills=217 (42.0s)
[2460/4086] BANK2_BL-09_half_up__T_a_exec-set_holdings_cross_timing-today_ma_input_field-adjusted_rsi_exit-cross_rsi_smoothing-simple_same_bar_reentry-wait_bar_warmup-strict: ok fills=217 (44.4s)
[2461/4086] BANK2_BL-09_half_up__T_a_exec-set_holdings_cross_timing-both_days_input_field-raw_rsi_exit-cross_rsi_smoothing-simple_same_bar_reentry-wait_bar_warmup-strict: ok fills=228 (39.2s)
[2462/4086] BANK2_BL-09_half_up__T_a_exec-set_holdings_cross_timing-today_ma_input_field-raw_rsi_exit-cross_rsi_smoothing-simple_same_bar_reentry-wait_bar_warmup-strict: ok fills=228 (41.4s)
[2463/4086] BANK2_BL-09_half_up__T_a_exec-calc_shares_cross_timing-today_ma_input_field-adjusted_rsi_exit-cross_rsi_smoothing-simple_same_bar_reentry-allowed_warmup-ready_check: ok fills=209 (42.0s)
[2464/4086] BANK2_BL-09_half_up__T_a_exec-calc_shares_cross_timing-both_days_input_field-adjusted_rsi_exit-cross_rsi_smoothing-simple_same_bar_reentry-allowed_warmup-ready_check: ok fills=209 (43.9s)
[2465/4086] BANK2_BL-09_half_up__T_a_exec-calc_shares_cross_timing-both_days_input_field-raw_rsi_exit-cross_rsi_smoothing-simple_same_bar_reentry-allowed_warmup-ready_check: ok fills=220 (41.9s)
[2466/4086] BANK2_BL-09_half_up__T_a_exec-calc_shares_cross_timing-today_ma_input_field-raw_rsi_exit-cross_rsi_smoothing-simple_same_bar_reentry-allowed_warmup-ready_check: ok fills=220 (48.0s)
[2467/4086] BANK2_BL-09_half_up__T_a_exec-calc_shares_cross_timing-both_days_input_field-adjusted_rsi_exit-cross_rsi_smoothing-simple_same_bar_reentry-wait_bar_warmup-ready_check: ok fills=209 (44.6s)
[2468/4086] BANK2_BL-09_half_up__T_a_exec-calc_shares_cross_timing-today_ma_input_field-adjusted_rsi_exit-cross_rsi_smoothing-simple_same_bar_reentry-wait_bar_warmup-ready_check: ok fills=209 (45.3s)
[2469/4086] BANK2_BL-09_half_up__T_a_exec-calc_shares_cross_timing-both_days_input_field-raw_rsi_exit-cross_rsi_smoothing-simple_same_bar_reentry-wait_bar_warmup-ready_check: ok fills=220 (44.2s)
[2470/4086] BANK2_BL-09_half_up__T_a_exec-calc_shares_cross_timing-today_ma_input_field-raw_rsi_exit-cross_rsi_smoothing-simple_same_bar_reentry-wait_bar_warmup-ready_check: ok fills=220 (45.1s)
[2471/4086] BANK2_BL-09_half_up__T_a_exec-set_holdings_cross_timing-both_days_input_field-adjusted_rsi_exit-cross_rsi_smoothing-simple_same_bar_reentry-allowed_warmup-ready_check: ok fills=209 (45.2s)
[2472/4086] BANK2_BL-09_half_up__T_a_exec-set_holdings_cross_timing-both_days_input_field-raw_rsi_exit-cross_rsi_smoothing-simple_same_bar_reentry-allowed_warmup-ready_check: ok fills=220 (42.7s)
[2473/4086] BANK2_BL-09_half_up__T_a_exec-set_holdings_cross_timing-today_ma_input_field-adjusted_rsi_exit-cross_rsi_smoothing-simple_same_bar_reentry-allowed_warmup-ready_check: ok fills=209 (45.9s)
[2474/4086] BANK2_BL-09_half_up__T_a_exec-calc_shares_cross_timing-today_ma_input_field-adjusted_rsi_exit-cross_rsi_smoothing-simple_same_bar_reentry-allowed_warmup-ready_per_rule: exit=1 fills=None (8.9s)
[2475/4086] BANK2_BL-09_half_up__T_a_exec-set_holdings_cross_timing-both_days_input_field-adjusted_rsi_exit-cross_rsi_smoothing-simple_same_bar_reentry-wait_bar_warmup-ready_check: ok fills=209 (41.9s)
[2476/4086] BANK2_BL-09_half_up__T_a_exec-set_holdings_cross_timing-today_ma_input_field-raw_rsi_exit-cross_rsi_smoothing-simple_same_bar_reentry-allowed_warmup-ready_check: ok fills=220 (42.4s)
[2477/4086] BANK2_BL-09_half_up__T_a_exec-set_holdings_cross_timing-today_ma_input_field-adjusted_rsi_exit-cross_rsi_smoothing-simple_same_bar_reentry-wait_bar_warmup-ready_check: ok fills=209 (41.4s)
[2478/4086] BANK2_BL-09_half_up__T_a_exec-set_holdings_cross_timing-both_days_input_field-raw_rsi_exit-cross_rsi_smoothing-simple_same_bar_reentry-wait_bar_warmup-ready_check: ok fills=220 (41.3s)
[2479/4086] BANK2_BL-09_half_up__T_a_exec-calc_shares_cross_timing-both_days_input_field-adjusted_rsi_exit-cross_rsi_smoothing-simple_same_bar_reentry-allowed_warmup-ready_per_rule: ok fills=215 (41.6s)
[2480/4086] BANK2_BL-09_half_up__T_a_exec-set_holdings_cross_timing-today_ma_input_field-raw_rsi_exit-cross_rsi_smoothing-simple_same_bar_reentry-wait_bar_warmup-ready_check: ok fills=220 (44.6s)
[2481/4086] BANK2_BL-09_half_up__T_a_exec-calc_shares_cross_timing-both_days_input_field-raw_rsi_exit-cross_rsi_smoothing-simple_same_bar_reentry-allowed_warmup-ready_per_rule: ok fills=226 (47.0s)
[2482/4086] BANK2_BL-09_half_up__T_a_exec-calc_shares_cross_timing-both_days_input_field-adjusted_rsi_exit-cross_rsi_smoothing-simple_same_bar_reentry-wait_bar_warmup-ready_per_rule: ok fills=215 (45.4s)
[2483/4086] BANK2_BL-09_half_up__T_a_exec-calc_shares_cross_timing-today_ma_input_field-adjusted_rsi_exit-cross_rsi_smoothing-simple_same_bar_reentry-wait_bar_warmup-ready_per_rule: ok fills=215 (49.9s)
[2484/4086] BANK2_BL-09_half_up__T_a_exec-calc_shares_cross_timing-today_ma_input_field-raw_rsi_exit-cross_rsi_smoothing-simple_same_bar_reentry-allowed_warmup-ready_per_rule: ok fills=226 (51.3s)
[2485/4086] BANK2_BL-09_half_up__T_a_exec-set_holdings_cross_timing-today_ma_input_field-raw_rsi_exit-cross_rsi_smoothing-simple_same_bar_reentry-allowed_warmup-ready_per_rule: exit=1 fills=None (7.2s)
[2486/4086] BANK2_BL-09_half_up__T_a_exec-calc_shares_cross_timing-both_days_input_field-raw_rsi_exit-cross_rsi_smoothing-simple_same_bar_reentry-wait_bar_warmup-ready_per_rule: ok fills=226 (47.7s)
[2487/4086] BANK2_BL-09_half_up__T_a_exec-set_holdings_cross_timing-both_days_input_field-adjusted_rsi_exit-cross_rsi_smoothing-simple_same_bar_reentry-wait_bar_warmup-ready_per_rule: exit=1 fills=None (10.6s)
[2488/4086] BANK2_BL-09_half_up__T_a_exec-calc_shares_cross_timing-today_ma_input_field-raw_rsi_exit-cross_rsi_smoothing-simple_same_bar_reentry-wait_bar_warmup-ready_per_rule: ok fills=226 (45.4s)
[2489/4086] BANK2_BL-09_half_up__T_a_exec-set_holdings_cross_timing-today_ma_input_field-adjusted_rsi_exit-cross_rsi_smoothing-simple_same_bar_reentry-allowed_warmup-ready_per_rule: ok fills=215 (40.9s)
[2490/4086] BANK2_BL-09_half_up__T_a_exec-set_holdings_cross_timing-both_days_input_field-adjusted_rsi_exit-cross_rsi_smoothing-simple_same_bar_reentry-allowed_warmup-ready_per_rule: ok fills=215 (42.4s)
[2491/4086] BANK2_BL-09_half_up__T_a_exec-set_holdings_cross_timing-both_days_input_field-raw_rsi_exit-cross_rsi_smoothing-simple_same_bar_reentry-allowed_warmup-ready_per_rule: ok fills=226 (40.0s)
[2492/4086] BANK2_ER-01_R1__T_cross_timing-today_ma_input_field-adjusted_same_bar_reentry-allowed_warmup-strict: exit=1 fills=None (7.0s)
[2493/4086] BANK2_BL-09_half_up__T_a_exec-set_holdings_cross_timing-today_ma_input_field-adjusted_rsi_exit-cross_rsi_smoothing-simple_same_bar_reentry-wait_bar_warmup-ready_per_rule: ok fills=215 (39.5s)
[2494/4086] BANK2_BL-09_half_up__T_a_exec-set_holdings_cross_timing-both_days_input_field-raw_rsi_exit-cross_rsi_smoothing-simple_same_bar_reentry-wait_bar_warmup-ready_per_rule: ok fills=226 (53.0s)
[2495/4086] BANK2_ER-01_R1__ref: ok fills=191 (45.3s)
[2496/4086] BANK2_BL-09_half_up__T_a_exec-set_holdings_cross_timing-today_ma_input_field-raw_rsi_exit-cross_rsi_smoothing-simple_same_bar_reentry-wait_bar_warmup-ready_per_rule: ok fills=226 (46.1s)
[2497/4086] BANK2_ER-01_R1__T_cross_timing-both_days_input_field-adjusted_same_bar_reentry-wait_bar_warmup-strict: ok fills=187 (47.1s)
[2498/4086] BANK2_ER-01_R1__T_cross_timing-today_ma_input_field-adjusted_same_bar_reentry-wait_bar_warmup-strict: ok fills=186 (49.0s)
[2499/4086] BANK2_ER-01_R1__T_cross_timing-both_days_input_field-raw_same_bar_reentry-allowed_warmup-strict: ok fills=189 (46.3s)
[2500/4086] BANK2_ER-01_R1__T_cross_timing-both_days_input_field-raw_same_bar_reentry-wait_bar_warmup-strict: ok fills=187 (46.5s)
[2501/4086] BANK2_ER-01_R1__T_cross_timing-today_ma_input_field-raw_same_bar_reentry-allowed_warmup-strict: ok fills=189 (42.4s)
[2502/4086] BANK2_ER-01_R1__T_cross_timing-both_days_input_field-raw_same_bar_reentry-wait_bar_warmup-ready_check: exit=1 fills=None (8.2s)
[2503/4086] BANK2_ER-01_R1__T_cross_timing-both_days_input_field-adjusted_same_bar_reentry-allowed_warmup-ready_check: ok fills=175 (37.7s)
[2504/4086] BANK2_ER-01_R1__T_cross_timing-both_days_input_field-adjusted_same_bar_reentry-wait_bar_warmup-ready_check: ok fills=171 (37.6s)
[2505/4086] BANK2_ER-01_R1__T_cross_timing-today_ma_input_field-raw_same_bar_reentry-wait_bar_warmup-strict: ok fills=187 (43.5s)
[2506/4086] BANK2_ER-01_R1__T_cross_timing-today_ma_input_field-adjusted_same_bar_reentry-allowed_warmup-ready_check: ok fills=174 (42.3s)
[2507/4086] BANK2_ER-01_R1__T_cross_timing-today_ma_input_field-adjusted_same_bar_reentry-wait_bar_warmup-ready_check: ok fills=170 (43.0s)
[2508/4086] BANK2_ER-01_R1__T_cross_timing-both_days_input_field-raw_same_bar_reentry-allowed_warmup-ready_check: ok fills=173 (45.6s)
[2509/4086] BANK2_ER-01_R1__T_cross_timing-both_days_input_field-raw_same_bar_reentry-allowed_warmup-ready_per_rule: exit=1 fills=None (5.7s)
[2510/4086] BANK2_ER-01_R1__T_cross_timing-today_ma_input_field-raw_same_bar_reentry-allowed_warmup-ready_check: ok fills=173 (45.8s)
[2511/4086] BANK2_ER-01_R1__T_cross_timing-today_ma_input_field-raw_same_bar_reentry-allowed_warmup-ready_per_rule: exit=1 fills=None (8.6s)
[2512/4086] BANK2_ER-01_R1__T_cross_timing-today_ma_input_field-raw_same_bar_reentry-wait_bar_warmup-ready_check: ok fills=171 (45.9s)
[2513/4086] BANK2_ER-01_R1__T_cross_timing-both_days_input_field-adjusted_same_bar_reentry-allowed_warmup-ready_per_rule: ok fills=187 (42.3s)
[2514/4086] BANK2_ER-01_R1__T_cross_timing-both_days_input_field-adjusted_same_bar_reentry-wait_bar_warmup-ready_per_rule: ok fills=183 (43.5s)
[2515/4086] BANK2_ER-01_R1__T_cross_timing-today_ma_input_field-adjusted_same_bar_reentry-wait_bar_warmup-ready_per_rule: ok fills=182 (41.5s)
[2516/4086] BANK2_ER-01_R1__T_cross_timing-today_ma_input_field-adjusted_same_bar_reentry-allowed_warmup-ready_per_rule: ok fills=186 (44.1s)
[2517/4086] BANK2_ER-01_R1__T_cross_timing-both_days_input_field-raw_same_bar_reentry-wait_bar_warmup-ready_per_rule: ok fills=183 (39.5s)
[2518/4086] BANK2_ER-01_R1__T_cross_timing-today_ma_input_field-raw_same_bar_reentry-wait_bar_warmup-ready_per_rule: ok fills=183 (40.4s)
[2519/4086] BANK2_ER-01_R1__OAT_rsi_exit-cross: ok fills=171 (40.7s)
[2520/4086] BANK2_ER-01_R1__OAT_rsi_smoothing-simple: ok fills=241 (42.5s)
[2521/4086] BANK2_ER-01_R2__ref: ok fills=193 (40.0s)
[2522/4086] BANK2_ER-01_R1__SPOT_all_excluded_off: ok fills=191 (49.0s)
[2523/4086] BANK2_ER-01_R1__OAT_a_exec-set_holdings: ok fills=191 (52.1s)
[2524/4086] BANK2_ER-01_R2__T_cross_timing-both_days_input_field-adjusted_same_bar_reentry-wait_bar_warmup-strict: ok fills=185 (46.5s)
[2525/4086] BANK2_ER-01_R2__T_cross_timing-today_ma_input_field-adjusted_same_bar_reentry-allowed_warmup-strict: ok fills=193 (42.7s)
[2526/4086] BANK2_ER-01_R2__T_cross_timing-both_days_input_field-raw_same_bar_reentry-allowed_warmup-strict: ok fills=188 (40.7s)
[2527/4086] BANK2_ER-01_R2__T_cross_timing-today_ma_input_field-adjusted_same_bar_reentry-wait_bar_warmup-strict: ok fills=185 (43.3s)
[2528/4086] BANK2_ER-01_R2__T_cross_timing-both_days_input_field-raw_same_bar_reentry-wait_bar_warmup-strict: ok fills=182 (41.3s)
[2529/4086] BANK2_ER-01_R2__T_cross_timing-today_ma_input_field-raw_same_bar_reentry-allowed_warmup-strict: ok fills=188 (37.4s)
[2530/4086] BANK2_ER-01_R2__T_cross_timing-both_days_input_field-adjusted_same_bar_reentry-allowed_warmup-ready_check: ok fills=175 (41.6s)
[2531/4086] BANK2_ER-01_R2__T_cross_timing-both_days_input_field-adjusted_same_bar_reentry-wait_bar_warmup-ready_check: ok fills=169 (41.2s)
[2532/4086] BANK2_ER-01_R2__T_cross_timing-today_ma_input_field-raw_same_bar_reentry-wait_bar_warmup-strict: ok fills=183 (45.4s)
[2533/4086] BANK2_ER-01_R2__T_cross_timing-today_ma_input_field-adjusted_same_bar_reentry-allowed_warmup-ready_check: ok fills=175 (40.9s)
[2534/4086] BANK2_ER-01_R2__T_cross_timing-today_ma_input_field-adjusted_same_bar_reentry-wait_bar_warmup-ready_check: ok fills=169 (44.3s)
[2535/4086] BANK2_ER-01_R2__T_cross_timing-both_days_input_field-raw_same_bar_reentry-wait_bar_warmup-ready_check: ok fills=166 (47.2s)
[2536/4086] BANK2_ER-01_R2__T_cross_timing-both_days_input_field-raw_same_bar_reentry-allowed_warmup-ready_check: ok fills=172 (48.3s)
[2537/4086] BANK2_ER-01_R2__T_cross_timing-today_ma_input_field-raw_same_bar_reentry-allowed_warmup-ready_check: ok fills=172 (44.3s)
[2538/4086] BANK2_ER-01_R2__T_cross_timing-today_ma_input_field-raw_same_bar_reentry-wait_bar_warmup-ready_check: ok fills=167 (41.7s)
[2539/4086] BANK2_ER-01_R2__T_cross_timing-both_days_input_field-adjusted_same_bar_reentry-allowed_warmup-ready_per_rule: ok fills=187 (41.7s)
[2540/4086] BANK2_ER-01_R2__T_cross_timing-both_days_input_field-adjusted_same_bar_reentry-wait_bar_warmup-ready_per_rule: ok fills=181 (46.8s)
[2541/4086] BANK2_ER-01_R2__T_cross_timing-today_ma_input_field-adjusted_same_bar_reentry-allowed_warmup-ready_per_rule: ok fills=187 (39.8s)
[2542/4086] BANK2_ER-01_R2__T_cross_timing-today_ma_input_field-adjusted_same_bar_reentry-wait_bar_warmup-ready_per_rule: ok fills=181 (43.0s)
[2543/4086] BANK2_ER-01_R2__T_cross_timing-both_days_input_field-raw_same_bar_reentry-allowed_warmup-ready_per_rule: ok fills=184 (43.9s)
[2544/4086] BANK2_ER-01_R2__T_cross_timing-both_days_input_field-raw_same_bar_reentry-wait_bar_warmup-ready_per_rule: ok fills=178 (47.0s)
[2545/4086] BANK2_ER-01_R2__T_cross_timing-today_ma_input_field-raw_same_bar_reentry-allowed_warmup-ready_per_rule: ok fills=184 (48.7s)
[2546/4086] BANK2_ER-01_R2__T_cross_timing-today_ma_input_field-raw_same_bar_reentry-wait_bar_warmup-ready_per_rule: ok fills=179 (49.9s)
[2547/4086] BANK2_ER-01_R2__OAT_rsi_smoothing-simple: ok fills=243 (48.5s)
[2548/4086] BANK2_ER-01_R2__OAT_rsi_exit-cross: ok fills=173 (49.8s)
[2549/4086] BANK2_ER-01_R2__OAT_a_exec-set_holdings: ok fills=193 (46.9s)
[2550/4086] BANK2_ER-01_R2__SPOT_all_excluded_off: ok fills=193 (41.2s)
[2551/4086] BANK2_ER-01_R3__ref: ok fills=166 (40.3s)
[2552/4086] BANK2_ER-01_R3__T_cross_timing-both_days_input_field-adjusted_same_bar_reentry-wait_bar_warmup-strict: ok fills=162 (43.3s)
[2553/4086] BANK2_ER-01_R3__T_cross_timing-both_days_input_field-adjusted_same_bar_reentry-allowed_warmup-ready_check: exit=1 fills=None (6.9s)
[2554/4086] BANK2_ER-01_R3__T_cross_timing-today_ma_input_field-adjusted_same_bar_reentry-allowed_warmup-strict: ok fills=166 (40.6s)
[2555/4086] BANK2_ER-01_R3__T_cross_timing-both_days_input_field-adjusted_same_bar_reentry-wait_bar_warmup-ready_check: exit=1 fills=None (1.8s)
[2556/4086] BANK2_ER-01_R3__T_cross_timing-today_ma_input_field-adjusted_same_bar_reentry-wait_bar_warmup-strict: ok fills=162 (39.4s)
[2557/4086] BANK2_ER-01_R3__T_cross_timing-both_days_input_field-raw_same_bar_reentry-allowed_warmup-ready_check: exit=1 fills=None (7.8s)
[2558/4086] BANK2_ER-01_R3__T_cross_timing-today_ma_input_field-adjusted_same_bar_reentry-allowed_warmup-ready_check: exit=1 fills=None (10.3s)
[2559/4086] BANK2_ER-01_R3__T_cross_timing-both_days_input_field-raw_same_bar_reentry-allowed_warmup-strict: ok fills=156 (43.0s)
[2560/4086] BANK2_ER-01_R3__T_cross_timing-both_days_input_field-raw_same_bar_reentry-wait_bar_warmup-strict: ok fills=154 (44.3s)
[2561/4086] BANK2_ER-01_R3__T_cross_timing-today_ma_input_field-raw_same_bar_reentry-allowed_warmup-strict: ok fills=156 (46.0s)
[2562/4086] BANK2_ER-01_R3__T_cross_timing-today_ma_input_field-raw_same_bar_reentry-wait_bar_warmup-strict: ok fills=154 (44.5s)
[2563/4086] BANK2_ER-01_R3__T_cross_timing-today_ma_input_field-adjusted_same_bar_reentry-wait_bar_warmup-ready_check: ok fills=148 (42.3s)
[2564/4086] BANK2_ER-01_R3__T_cross_timing-both_days_input_field-raw_same_bar_reentry-wait_bar_warmup-ready_check: ok fills=140 (39.2s)
[2565/4086] BANK2_ER-01_R3__T_cross_timing-both_days_input_field-raw_same_bar_reentry-allowed_warmup-ready_per_rule: exit=1 fills=None (5.6s)
[2566/4086] BANK2_ER-01_R3__T_cross_timing-today_ma_input_field-raw_same_bar_reentry-allowed_warmup-ready_check: ok fills=142 (41.8s)
[2567/4086] BANK2_ER-01_R3__T_cross_timing-both_days_input_field-adjusted_same_bar_reentry-allowed_warmup-ready_per_rule: ok fills=164 (42.3s)
[2568/4086] BANK2_ER-01_R3__T_cross_timing-today_ma_input_field-raw_same_bar_reentry-wait_bar_warmup-ready_check: ok fills=140 (48.0s)
[2569/4086] BANK2_ER-01_R3__T_cross_timing-both_days_input_field-adjusted_same_bar_reentry-wait_bar_warmup-ready_per_rule: ok fills=160 (39.9s)
[2570/4086] BANK2_ER-01_R3__T_cross_timing-today_ma_input_field-adjusted_same_bar_reentry-allowed_warmup-ready_per_rule: ok fills=164 (38.3s)
[2571/4086] BANK2_ER-01_R3__OAT_a_exec-set_holdings: exit=1 fills=None (1.8s)
[2572/4086] BANK2_ER-01_R3__T_cross_timing-today_ma_input_field-adjusted_same_bar_reentry-wait_bar_warmup-ready_per_rule: ok fills=160 (37.9s)
[2573/4086] BANK2_ER-01_R3__T_cross_timing-both_days_input_field-raw_same_bar_reentry-wait_bar_warmup-ready_per_rule: ok fills=152 (43.2s)
[2574/4086] BANK2_ER-01_R3__OAT_rsi_smoothing-simple: ok fills=216 (41.3s)
[2575/4086] BANK2_ER-01_R3__T_cross_timing-today_ma_input_field-raw_same_bar_reentry-wait_bar_warmup-ready_per_rule: ok fills=152 (45.9s)
[2576/4086] BANK2_ER-01_R3__T_cross_timing-today_ma_input_field-raw_same_bar_reentry-allowed_warmup-ready_per_rule: ok fills=154 (49.4s)
[2577/4086] BANK2_ER-01_R3__OAT_rsi_exit-cross: ok fills=146 (45.3s)
[2578/4086] BANK2_ER-01_R3__SPOT_all_excluded_off: ok fills=166 (44.9s)
[2579/4086] BANK2_ER-01_R4__ref: ok fills=166 (47.2s)
[2580/4086] BANK2_ER-01_R4__T_cross_timing-both_days_input_field-adjusted_same_bar_reentry-wait_bar_warmup-strict: ok fills=162 (43.1s)
[2581/4086] BANK2_ER-01_R4__T_cross_timing-today_ma_input_field-adjusted_same_bar_reentry-allowed_warmup-strict: ok fills=166 (37.7s)
[2582/4086] BANK2_ER-01_R4__T_cross_timing-today_ma_input_field-adjusted_same_bar_reentry-wait_bar_warmup-strict: ok fills=162 (37.2s)
[2583/4086] BANK2_ER-01_R4__T_cross_timing-both_days_input_field-raw_same_bar_reentry-wait_bar_warmup-strict: ok fills=154 (41.3s)
[2584/4086] BANK2_ER-01_R4__T_cross_timing-both_days_input_field-raw_same_bar_reentry-allowed_warmup-strict: ok fills=156 (43.5s)
[2585/4086] BANK2_ER-01_R4__T_cross_timing-today_ma_input_field-raw_same_bar_reentry-allowed_warmup-strict: ok fills=156 (39.3s)
[2586/4086] BANK2_ER-01_R4__T_cross_timing-today_ma_input_field-raw_same_bar_reentry-wait_bar_warmup-strict: ok fills=154 (41.7s)
[2587/4086] BANK2_ER-01_R4__T_cross_timing-both_days_input_field-adjusted_same_bar_reentry-allowed_warmup-ready_check: ok fills=152 (41.3s)
[2588/4086] BANK2_ER-01_R4__T_cross_timing-both_days_input_field-adjusted_same_bar_reentry-wait_bar_warmup-ready_check: ok fills=148 (40.6s)
[2589/4086] BANK2_ER-01_R4__T_cross_timing-today_ma_input_field-adjusted_same_bar_reentry-allowed_warmup-ready_check: ok fills=152 (44.7s)
[2590/4086] BANK2_ER-01_R4__T_cross_timing-today_ma_input_field-adjusted_same_bar_reentry-wait_bar_warmup-ready_check: ok fills=148 (45.2s)
[2591/4086] BANK2_ER-01_R4__T_cross_timing-both_days_input_field-raw_same_bar_reentry-wait_bar_warmup-ready_check: ok fills=140 (42.7s)
[2592/4086] BANK2_ER-01_R4__T_cross_timing-both_days_input_field-raw_same_bar_reentry-allowed_warmup-ready_check: ok fills=142 (45.7s)
[2593/4086] BANK2_ER-01_R4__T_cross_timing-today_ma_input_field-raw_same_bar_reentry-allowed_warmup-ready_check: ok fills=142 (44.8s)
[2594/4086] BANK2_ER-01_R4__T_cross_timing-today_ma_input_field-raw_same_bar_reentry-wait_bar_warmup-ready_check: ok fills=140 (43.4s)
[2595/4086] BANK2_ER-01_R4__T_cross_timing-both_days_input_field-adjusted_same_bar_reentry-wait_bar_warmup-ready_per_rule: ok fills=160 (40.4s)
[2596/4086] BANK2_ER-01_R4__T_cross_timing-both_days_input_field-adjusted_same_bar_reentry-allowed_warmup-ready_per_rule: ok fills=164 (43.8s)
[2597/4086] BANK2_ER-01_R4__T_cross_timing-today_ma_input_field-adjusted_same_bar_reentry-allowed_warmup-ready_per_rule: ok fills=164 (43.3s)
[2598/4086] BANK2_ER-01_R4__T_cross_timing-today_ma_input_field-adjusted_same_bar_reentry-wait_bar_warmup-ready_per_rule: ok fills=160 (48.6s)
[2599/4086] BANK2_ER-01_R4__T_cross_timing-both_days_input_field-raw_same_bar_reentry-wait_bar_warmup-ready_per_rule: ok fills=152 (44.3s)
[2600/4086] BANK2_ER-01_R4__T_cross_timing-today_ma_input_field-raw_same_bar_reentry-allowed_warmup-ready_per_rule: ok fills=154 (42.5s)
[2601/4086] BANK2_ER-01_R4__T_cross_timing-both_days_input_field-raw_same_bar_reentry-allowed_warmup-ready_per_rule: ok fills=154 (48.7s)
[2602/4086] BANK2_ER-01_R4__T_cross_timing-today_ma_input_field-raw_same_bar_reentry-wait_bar_warmup-ready_per_rule: ok fills=152 (42.0s)
[2603/4086] BANK2_ER-01_R4__OAT_rsi_smoothing-simple: ok fills=216 (44.6s)
[2604/4086] BANK2_ER-01_R4__OAT_rsi_exit-cross: ok fills=146 (46.5s)
[2605/4086] BANK2_ER-01_R4__OAT_a_exec-set_holdings: ok fills=166 (40.7s)
[2606/4086] BANK2_ER-01_R4__SPOT_all_excluded_off: ok fills=166 (40.7s)
[2607/4086] BANK2_ER-01_R5__T_cross_timing-today_ma_input_field-adjusted_same_bar_reentry-allowed_warmup-strict: ok fills=193 (40.7s)
[2608/4086] BANK2_ER-01_R5__ref: ok fills=193 (44.7s)
[2609/4086] BANK2_ER-01_R5__T_cross_timing-both_days_input_field-adjusted_same_bar_reentry-wait_bar_warmup-strict: ok fills=187 (48.0s)
[2610/4086] BANK2_ER-01_R5__T_cross_timing-today_ma_input_field-adjusted_same_bar_reentry-wait_bar_warmup-strict: ok fills=187 (43.8s)
[2611/4086] BANK2_ER-01_R5__T_cross_timing-both_days_input_field-raw_same_bar_reentry-allowed_warmup-strict: ok fills=191 (41.7s)
[2612/4086] BANK2_ER-01_R5__T_cross_timing-both_days_input_field-adjusted_same_bar_reentry-wait_bar_warmup-ready_check: exit=1 fills=None (6.5s)
[2613/4086] BANK2_ER-01_R5__T_cross_timing-both_days_input_field-raw_same_bar_reentry-wait_bar_warmup-strict: ok fills=187 (42.3s)
[2614/4086] BANK2_ER-01_R5__T_cross_timing-today_ma_input_field-raw_same_bar_reentry-allowed_warmup-strict: ok fills=191 (42.1s)
[2615/4086] BANK2_ER-01_R5__T_cross_timing-today_ma_input_field-raw_same_bar_reentry-wait_bar_warmup-strict: ok fills=187 (36.8s)
[2616/4086] BANK2_ER-01_R5__T_cross_timing-both_days_input_field-adjusted_same_bar_reentry-allowed_warmup-ready_check: ok fills=175 (36.2s)
[2617/4086] BANK2_ER-01_R5__T_cross_timing-today_ma_input_field-adjusted_same_bar_reentry-wait_bar_warmup-ready_check: ok fills=171 (38.4s)
[2618/4086] BANK2_ER-01_R5__T_cross_timing-both_days_input_field-raw_same_bar_reentry-allowed_warmup-ready_check: ok fills=175 (37.7s)
[2619/4086] BANK2_ER-01_R5__T_cross_timing-today_ma_input_field-adjusted_same_bar_reentry-allowed_warmup-ready_check: ok fills=175 (41.9s)
[2620/4086] BANK2_ER-01_R5__T_cross_timing-both_days_input_field-raw_same_bar_reentry-wait_bar_warmup-ready_check: ok fills=171 (43.0s)
[2621/4086] BANK2_ER-01_R5__T_cross_timing-today_ma_input_field-raw_same_bar_reentry-allowed_warmup-ready_check: ok fills=175 (44.0s)
[2622/4086] BANK2_ER-01_R5__T_cross_timing-today_ma_input_field-raw_same_bar_reentry-wait_bar_warmup-ready_check: ok fills=171 (44.8s)
[2623/4086] BANK2_ER-01_R5__T_cross_timing-both_days_input_field-adjusted_same_bar_reentry-allowed_warmup-ready_per_rule: ok fills=187 (46.7s)
[2624/4086] BANK2_ER-01_R5__T_cross_timing-both_days_input_field-adjusted_same_bar_reentry-wait_bar_warmup-ready_per_rule: ok fills=183 (45.1s)
[2625/4086] BANK2_ER-01_R5__T_cross_timing-today_ma_input_field-adjusted_same_bar_reentry-allowed_warmup-ready_per_rule: ok fills=187 (46.1s)
[2626/4086] BANK2_ER-01_R5__T_cross_timing-today_ma_input_field-adjusted_same_bar_reentry-wait_bar_warmup-ready_per_rule: ok fills=183 (45.2s)
[2627/4086] BANK2_ER-01_R5__T_cross_timing-both_days_input_field-raw_same_bar_reentry-wait_bar_warmup-ready_per_rule: ok fills=183 (40.1s)
[2628/4086] BANK2_ER-01_R5__T_cross_timing-both_days_input_field-raw_same_bar_reentry-allowed_warmup-ready_per_rule: ok fills=187 (44.8s)
[2629/4086] BANK2_ER-01_R5__T_cross_timing-today_ma_input_field-raw_same_bar_reentry-allowed_warmup-ready_per_rule: ok fills=187 (40.4s)
[2630/4086] BANK2_ER-01_R5__T_cross_timing-today_ma_input_field-raw_same_bar_reentry-wait_bar_warmup-ready_per_rule: ok fills=183 (38.6s)
[2631/4086] BANK2_ER-01_R5__OAT_rsi_smoothing-simple: ok fills=243 (42.3s)
[2632/4086] BANK2_ER-01_R5__OAT_rsi_exit-cross: ok fills=173 (45.3s)
[2633/4086] BANK2_ER-01_R5__OAT_a_exec-set_holdings: ok fills=193 (49.4s)
[2634/4086] BANK2_ER-01_R6__ref: ok fills=172 (49.5s)
[2635/4086] BANK2_ER-01_R6__T_cross_timing-both_days_input_field-adjusted_same_bar_reentry-wait_bar_warmup-strict: ok fills=168 (50.1s)
[2636/4086] BANK2_ER-01_R5__SPOT_all_excluded_off: ok fills=193 (51.7s)
[2637/4086] BANK2_ER-01_R6__T_cross_timing-today_ma_input_field-adjusted_same_bar_reentry-allowed_warmup-strict: ok fills=172 (49.0s)
[2638/4086] BANK2_ER-01_R6__T_cross_timing-today_ma_input_field-adjusted_same_bar_reentry-wait_bar_warmup-strict: ok fills=168 (44.7s)
[2639/4086] BANK2_ER-01_R6__T_cross_timing-both_days_input_field-raw_same_bar_reentry-allowed_warmup-strict: ok fills=164 (42.5s)
[2640/4086] BANK2_ER-01_R6__T_cross_timing-both_days_input_field-raw_same_bar_reentry-wait_bar_warmup-strict: ok fills=162 (42.0s)
[2641/4086] BANK2_ER-01_R6__T_cross_timing-both_days_input_field-adjusted_same_bar_reentry-allowed_warmup-ready_check: ok fills=158 (43.2s)
[2642/4086] BANK2_ER-01_R6__T_cross_timing-today_ma_input_field-adjusted_same_bar_reentry-allowed_warmup-ready_check: ok fills=158 (45.2s)
[2643/4086] BANK2_ER-01_R6__T_cross_timing-today_ma_input_field-raw_same_bar_reentry-allowed_warmup-strict: ok fills=164 (50.5s)
[2644/4086] BANK2_ER-01_R6__T_cross_timing-today_ma_input_field-raw_same_bar_reentry-allowed_warmup-ready_check: exit=1 fills=None (6.0s)
[2645/4086] BANK2_ER-01_R6__T_cross_timing-both_days_input_field-adjusted_same_bar_reentry-wait_bar_warmup-ready_check: ok fills=154 (49.2s)
[2646/4086] BANK2_ER-01_R6__T_cross_timing-today_ma_input_field-raw_same_bar_reentry-wait_bar_warmup-strict: ok fills=162 (51.0s)
[2647/4086] BANK2_ER-01_R6__T_cross_timing-today_ma_input_field-adjusted_same_bar_reentry-wait_bar_warmup-ready_check: ok fills=154 (40.2s)
[2648/4086] BANK2_ER-01_R6__T_cross_timing-both_days_input_field-adjusted_same_bar_reentry-allowed_warmup-ready_per_rule: exit=1 fills=None (5.4s)
[2649/4086] BANK2_ER-01_R6__T_cross_timing-both_days_input_field-raw_same_bar_reentry-allowed_warmup-ready_check: ok fills=148 (36.9s)
[2650/4086] BANK2_ER-01_R6__T_cross_timing-both_days_input_field-raw_same_bar_reentry-wait_bar_warmup-ready_check: ok fills=146 (36.6s)
[2651/4086] BANK2_ER-01_R6__T_cross_timing-both_days_input_field-adjusted_same_bar_reentry-wait_bar_warmup-ready_per_rule: ok fills=166 (39.9s)
[2652/4086] BANK2_ER-01_R6__T_cross_timing-today_ma_input_field-adjusted_same_bar_reentry-allowed_warmup-ready_per_rule: ok fills=170 (43.9s)
[2653/4086] BANK2_ER-01_R6__T_cross_timing-today_ma_input_field-adjusted_same_bar_reentry-wait_bar_warmup-ready_per_rule: ok fills=166 (44.8s)
[2654/4086] BANK2_ER-01_R6__T_cross_timing-both_days_input_field-raw_same_bar_reentry-allowed_warmup-ready_per_rule: ok fills=160 (42.7s)
[2655/4086] BANK2_ER-01_R6__T_cross_timing-both_days_input_field-raw_same_bar_reentry-wait_bar_warmup-ready_per_rule: ok fills=158 (47.4s)
[2656/4086] BANK2_ER-01_R6__T_cross_timing-today_ma_input_field-raw_same_bar_reentry-wait_bar_warmup-ready_check: ok fills=146 (53.6s)
[2657/4086] BANK2_ER-01_R6__SPOT_all_excluded_off: exit=1 fills=None (6.7s)
[2658/4086] BANK2_ER-01_R6__OAT_a_exec-set_holdings: exit=1 fills=None (8.8s)
[2659/4086] BANK2_ER-01_R6__T_cross_timing-today_ma_input_field-raw_same_bar_reentry-wait_bar_warmup-ready_per_rule: ok fills=158 (40.9s)
[2660/4086] BANK2_ER-01_R6__T_cross_timing-today_ma_input_field-raw_same_bar_reentry-allowed_warmup-ready_per_rule: ok fills=160 (45.9s)
[2661/4086] BANK2_ER-01_R6__OAT_rsi_smoothing-simple: ok fills=222 (37.4s)
[2662/4086] BANK2_ER-01_R6__OAT_rsi_exit-cross: ok fills=152 (35.2s)
[2663/4086] BANK2_OM-B_private__ref: ok fills=270 (38.4s)
[2664/4086] BANK2_OM-B_private__T_cross_timing-both_days_input_field-adjusted_rsi_exit-level_rsi_smoothing-wilder_same_bar_reentry-wait_bar_warmup-strict: ok fills=266 (39.8s)
[2665/4086] BANK2_OM-B_private__T_cross_timing-both_days_input_field-adjusted_rsi_exit-level_rsi_smoothing-wilder_same_bar_reentry-allowed_warmup-ready_check: ok fills=266 (41.4s)
[2666/4086] BANK2_OM-B_private__T_cross_timing-both_days_input_field-adjusted_rsi_exit-level_rsi_smoothing-wilder_same_bar_reentry-wait_bar_warmup-ready_check: ok fills=262 (40.8s)
[2667/4086] BANK2_OM-B_private__T_cross_timing-both_days_input_field-adjusted_rsi_exit-level_rsi_smoothing-wilder_same_bar_reentry-allowed_warmup-ready_per_rule: ok fills=270 (45.7s)
[2668/4086] BANK2_OM-B_private__T_cross_timing-both_days_input_field-adjusted_rsi_exit-level_rsi_smoothing-wilder_same_bar_reentry-wait_bar_warmup-ready_per_rule: ok fills=266 (46.2s)
[2669/4086] BANK2_OM-B_private__T_cross_timing-both_days_input_field-adjusted_rsi_exit-level_rsi_smoothing-simple_same_bar_reentry-allowed_warmup-strict: ok fills=320 (44.5s)
[2670/4086] BANK2_OM-B_private__T_cross_timing-both_days_input_field-adjusted_rsi_exit-level_rsi_smoothing-simple_same_bar_reentry-allowed_warmup-ready_check: ok fills=306 (43.6s)
[2671/4086] BANK2_OM-B_private__T_cross_timing-both_days_input_field-adjusted_rsi_exit-level_rsi_smoothing-simple_same_bar_reentry-wait_bar_warmup-strict: ok fills=306 (38.3s)
[2672/4086] BANK2_OM-B_private__T_cross_timing-both_days_input_field-adjusted_rsi_exit-level_rsi_smoothing-simple_same_bar_reentry-allowed_warmup-ready_per_rule: ok fills=318 (42.1s)
[2673/4086] BANK2_OM-B_private__T_cross_timing-both_days_input_field-adjusted_rsi_exit-level_rsi_smoothing-simple_same_bar_reentry-wait_bar_warmup-ready_check: ok fills=296 (43.5s)
[2674/4086] BANK2_OM-B_private__T_cross_timing-both_days_input_field-adjusted_rsi_exit-level_rsi_smoothing-simple_same_bar_reentry-wait_bar_warmup-ready_per_rule: ok fills=304 (43.6s)
[2675/4086] BANK2_OM-B_private__T_cross_timing-both_days_input_field-adjusted_rsi_exit-cross_rsi_smoothing-wilder_same_bar_reentry-allowed_warmup-strict: ok fills=250 (40.3s)
[2676/4086] BANK2_OM-B_private__T_cross_timing-both_days_input_field-adjusted_rsi_exit-cross_rsi_smoothing-wilder_same_bar_reentry-wait_bar_warmup-ready_per_rule: exit=1 fills=None (8.7s)
[2677/4086] BANK2_OM-B_private__T_cross_timing-both_days_input_field-adjusted_rsi_exit-cross_rsi_smoothing-wilder_same_bar_reentry-allowed_warmup-ready_check: ok fills=246 (41.2s)
[2678/4086] BANK2_OM-B_private__T_cross_timing-both_days_input_field-adjusted_rsi_exit-cross_rsi_smoothing-wilder_same_bar_reentry-wait_bar_warmup-strict: ok fills=250 (45.1s)
[2679/4086] BANK2_OM-B_private__T_cross_timing-both_days_input_field-adjusted_rsi_exit-cross_rsi_smoothing-wilder_same_bar_reentry-allowed_warmup-ready_per_rule: ok fills=250 (46.5s)
[2680/4086] BANK2_OM-B_private__T_cross_timing-both_days_input_field-adjusted_rsi_exit-cross_rsi_smoothing-wilder_same_bar_reentry-wait_bar_warmup-ready_check: ok fills=246 (44.0s)
[2681/4086] BANK2_OM-B_private__T_cross_timing-both_days_input_field-adjusted_rsi_exit-cross_rsi_smoothing-simple_same_bar_reentry-allowed_warmup-strict: ok fills=270 (43.2s)
[2682/4086] BANK2_OM-B_private__T_cross_timing-both_days_input_field-adjusted_rsi_exit-cross_rsi_smoothing-simple_same_bar_reentry-allowed_warmup-ready_per_rule: ok fills=268 (47.3s)
[2683/4086] BANK2_OM-B_private__T_cross_timing-both_days_input_field-adjusted_rsi_exit-cross_rsi_smoothing-simple_same_bar_reentry-allowed_warmup-ready_check: ok fills=262 (49.8s)
[2684/4086] BANK2_OM-B_private__T_cross_timing-both_days_input_field-adjusted_rsi_exit-cross_rsi_smoothing-simple_same_bar_reentry-wait_bar_warmup-strict: ok fills=270 (49.3s)
[2685/4086] BANK2_OM-B_private__T_cross_timing-both_days_input_field-adjusted_rsi_exit-cross_rsi_smoothing-simple_same_bar_reentry-wait_bar_warmup-ready_check: ok fills=262 (49.4s)
[2686/4086] BANK2_OM-B_private__T_cross_timing-both_days_input_field-raw_rsi_exit-level_rsi_smoothing-wilder_same_bar_reentry-allowed_warmup-strict: ok fills=280 (40.5s)
[2687/4086] BANK2_OM-B_private__T_cross_timing-both_days_input_field-adjusted_rsi_exit-cross_rsi_smoothing-simple_same_bar_reentry-wait_bar_warmup-ready_per_rule: ok fills=268 (44.4s)
[2688/4086] BANK2_OM-B_private__T_cross_timing-both_days_input_field-raw_rsi_exit-level_rsi_smoothing-wilder_same_bar_reentry-allowed_warmup-ready_check: ok fills=276 (42.2s)
[2689/4086] BANK2_OM-B_private__T_cross_timing-both_days_input_field-raw_rsi_exit-level_rsi_smoothing-wilder_same_bar_reentry-allowed_warmup-ready_per_rule: ok fills=280 (40.5s)
[2690/4086] BANK2_OM-B_private__T_cross_timing-both_days_input_field-raw_rsi_exit-level_rsi_smoothing-wilder_same_bar_reentry-wait_bar_warmup-strict: ok fills=278 (45.0s)
[2691/4086] BANK2_OM-B_private__T_cross_timing-both_days_input_field-raw_rsi_exit-level_rsi_smoothing-wilder_same_bar_reentry-wait_bar_warmup-ready_per_rule: ok fills=278 (42.5s)
[2692/4086] BANK2_OM-B_private__T_cross_timing-both_days_input_field-raw_rsi_exit-level_rsi_smoothing-wilder_same_bar_reentry-wait_bar_warmup-ready_check: ok fills=274 (45.2s)
[2693/4086] BANK2_OM-B_private__T_cross_timing-both_days_input_field-raw_rsi_exit-level_rsi_smoothing-simple_same_bar_reentry-allowed_warmup-strict: ok fills=338 (44.3s)
[2694/4086] BANK2_OM-B_private__T_cross_timing-both_days_input_field-raw_rsi_exit-level_rsi_smoothing-simple_same_bar_reentry-allowed_warmup-ready_check: ok fills=324 (46.4s)
[2695/4086] BANK2_OM-B_private__T_cross_timing-both_days_input_field-raw_rsi_exit-level_rsi_smoothing-simple_same_bar_reentry-wait_bar_warmup-strict: ok fills=324 (41.2s)
[2696/4086] BANK2_OM-B_private__T_cross_timing-both_days_input_field-raw_rsi_exit-level_rsi_smoothing-simple_same_bar_reentry-allowed_warmup-ready_per_rule: ok fills=336 (47.5s)
[2697/4086] BANK2_OM-B_private__T_cross_timing-both_days_input_field-raw_rsi_exit-level_rsi_smoothing-simple_same_bar_reentry-wait_bar_warmup-ready_check: ok fills=314 (41.3s)
[2698/4086] BANK2_OM-B_private__T_cross_timing-both_days_input_field-raw_rsi_exit-level_rsi_smoothing-simple_same_bar_reentry-wait_bar_warmup-ready_per_rule: ok fills=322 (38.3s)
[2699/4086] BANK2_OM-B_private__T_cross_timing-both_days_input_field-raw_rsi_exit-cross_rsi_smoothing-wilder_same_bar_reentry-allowed_warmup-ready_check: ok fills=260 (41.4s)
[2700/4086] BANK2_OM-B_private__T_cross_timing-both_days_input_field-raw_rsi_exit-cross_rsi_smoothing-wilder_same_bar_reentry-allowed_warmup-strict: ok fills=264 (46.3s)
[2701/4086] BANK2_OM-B_private__T_cross_timing-both_days_input_field-raw_rsi_exit-cross_rsi_smoothing-wilder_same_bar_reentry-allowed_warmup-ready_per_rule: ok fills=264 (43.4s)
[2702/4086] BANK2_OM-B_private__T_cross_timing-both_days_input_field-raw_rsi_exit-cross_rsi_smoothing-wilder_same_bar_reentry-wait_bar_warmup-strict: ok fills=264 (40.8s)
[2703/4086] BANK2_OM-B_private__T_cross_timing-both_days_input_field-raw_rsi_exit-cross_rsi_smoothing-wilder_same_bar_reentry-wait_bar_warmup-ready_per_rule: ok fills=264 (43.8s)
[2704/4086] BANK2_OM-B_private__T_cross_timing-both_days_input_field-raw_rsi_exit-cross_rsi_smoothing-simple_same_bar_reentry-allowed_warmup-strict: ok fills=290 (46.2s)
[2705/4086] BANK2_OM-B_private__T_cross_timing-both_days_input_field-raw_rsi_exit-cross_rsi_smoothing-wilder_same_bar_reentry-wait_bar_warmup-ready_check: ok fills=260 (49.3s)
[2706/4086] BANK2_OM-B_private__T_cross_timing-both_days_input_field-raw_rsi_exit-cross_rsi_smoothing-simple_same_bar_reentry-allowed_warmup-ready_check: ok fills=282 (43.2s)
[2707/4086] BANK2_OM-B_private__T_cross_timing-both_days_input_field-raw_rsi_exit-cross_rsi_smoothing-simple_same_bar_reentry-wait_bar_warmup-strict: ok fills=290 (42.4s)
[2708/4086] BANK2_OM-B_private__T_cross_timing-both_days_input_field-raw_rsi_exit-cross_rsi_smoothing-simple_same_bar_reentry-allowed_warmup-ready_per_rule: ok fills=288 (47.5s)
[2709/4086] BANK2_OM-B_private__T_cross_timing-both_days_input_field-raw_rsi_exit-cross_rsi_smoothing-simple_same_bar_reentry-wait_bar_warmup-ready_check: ok fills=282 (46.6s)
[2710/4086] BANK2_OM-B_private__T_cross_timing-both_days_input_field-raw_rsi_exit-cross_rsi_smoothing-simple_same_bar_reentry-wait_bar_warmup-ready_per_rule: ok fills=288 (41.9s)
[2711/4086] BANK2_OM-B_private__T_cross_timing-today_ma_input_field-adjusted_rsi_exit-level_rsi_smoothing-wilder_same_bar_reentry-allowed_warmup-strict: ok fills=266 (40.2s)
[2712/4086] BANK2_OM-B_private__T_cross_timing-today_ma_input_field-adjusted_rsi_exit-level_rsi_smoothing-wilder_same_bar_reentry-allowed_warmup-ready_per_rule: ok fills=266 (40.1s)
[2713/4086] BANK2_OM-B_private__T_cross_timing-today_ma_input_field-adjusted_rsi_exit-level_rsi_smoothing-wilder_same_bar_reentry-allowed_warmup-ready_check: ok fills=262 (44.0s)
[2714/4086] BANK2_OM-B_private__T_cross_timing-today_ma_input_field-adjusted_rsi_exit-level_rsi_smoothing-simple_same_bar_reentry-allowed_warmup-ready_per_rule: exit=1 fills=None (9.0s)
[2715/4086] BANK2_OM-B_private__T_cross_timing-today_ma_input_field-adjusted_rsi_exit-level_rsi_smoothing-wilder_same_bar_reentry-wait_bar_warmup-strict: ok fills=262 (39.5s)
[2716/4086] BANK2_OM-B_private__T_cross_timing-today_ma_input_field-adjusted_rsi_exit-level_rsi_smoothing-wilder_same_bar_reentry-wait_bar_warmup-ready_check: ok fills=258 (41.4s)
[2717/4086] BANK2_OM-B_private__T_cross_timing-today_ma_input_field-adjusted_rsi_exit-cross_rsi_smoothing-wilder_same_bar_reentry-allowed_warmup-strict: exit=1 fills=None (10.3s)
[2718/4086] BANK2_OM-B_private__T_cross_timing-today_ma_input_field-adjusted_rsi_exit-level_rsi_smoothing-simple_same_bar_reentry-wait_bar_warmup-ready_check: exit=1 fills=None (12.8s)
[2719/4086] BANK2_OM-B_private__T_cross_timing-today_ma_input_field-adjusted_rsi_exit-level_rsi_smoothing-simple_same_bar_reentry-allowed_warmup-strict: ok fills=316 (46.1s)
[2720/4086] BANK2_OM-B_private__T_cross_timing-today_ma_input_field-adjusted_rsi_exit-level_rsi_smoothing-wilder_same_bar_reentry-wait_bar_warmup-ready_per_rule: ok fills=262 (49.4s)
[2721/4086] BANK2_OM-B_private__T_cross_timing-today_ma_input_field-adjusted_rsi_exit-level_rsi_smoothing-simple_same_bar_reentry-allowed_warmup-ready_check: ok fills=302 (43.6s)
[2722/4086] BANK2_OM-B_private__T_cross_timing-today_ma_input_field-adjusted_rsi_exit-level_rsi_smoothing-simple_same_bar_reentry-wait_bar_warmup-strict: ok fills=302 (42.4s)
[2723/4086] BANK2_OM-B_private__T_cross_timing-today_ma_input_field-adjusted_rsi_exit-level_rsi_smoothing-simple_same_bar_reentry-wait_bar_warmup-ready_per_rule: ok fills=300 (46.0s)
[2724/4086] BANK2_OM-B_private__T_cross_timing-today_ma_input_field-adjusted_rsi_exit-cross_rsi_smoothing-wilder_same_bar_reentry-allowed_warmup-ready_per_rule: ok fills=246 (43.5s)
[2725/4086] BANK2_OM-B_private__T_cross_timing-today_ma_input_field-adjusted_rsi_exit-cross_rsi_smoothing-wilder_same_bar_reentry-allowed_warmup-ready_check: ok fills=242 (43.9s)
[2726/4086] BANK2_OM-B_private__T_cross_timing-today_ma_input_field-adjusted_rsi_exit-cross_rsi_smoothing-wilder_same_bar_reentry-wait_bar_warmup-ready_per_rule: ok fills=246 (41.1s)
[2727/4086] BANK2_OM-B_private__T_cross_timing-today_ma_input_field-adjusted_rsi_exit-cross_rsi_smoothing-wilder_same_bar_reentry-wait_bar_warmup-strict: ok fills=246 (49.3s)
[2728/4086] BANK2_OM-B_private__T_cross_timing-today_ma_input_field-adjusted_rsi_exit-cross_rsi_smoothing-simple_same_bar_reentry-wait_bar_warmup-strict: exit=1 fills=None (8.1s)
[2729/4086] BANK2_OM-B_private__T_cross_timing-today_ma_input_field-adjusted_rsi_exit-cross_rsi_smoothing-wilder_same_bar_reentry-wait_bar_warmup-ready_check: ok fills=242 (44.2s)
[2730/4086] BANK2_OM-B_private__T_cross_timing-today_ma_input_field-adjusted_rsi_exit-cross_rsi_smoothing-simple_same_bar_reentry-wait_bar_warmup-ready_check: exit=1 fills=None (10.7s)
[2731/4086] BANK2_OM-B_private__T_cross_timing-today_ma_input_field-adjusted_rsi_exit-cross_rsi_smoothing-simple_same_bar_reentry-allowed_warmup-strict: ok fills=266 (42.5s)
[2732/4086] BANK2_OM-B_private__T_cross_timing-today_ma_input_field-adjusted_rsi_exit-cross_rsi_smoothing-simple_same_bar_reentry-wait_bar_warmup-ready_per_rule: exit=1 fills=None (10.5s)
[2733/4086] BANK2_OM-B_private__T_cross_timing-today_ma_input_field-raw_rsi_exit-level_rsi_smoothing-wilder_same_bar_reentry-allowed_warmup-ready_per_rule: exit=1 fills=None (8.1s)
[2734/4086] BANK2_OM-B_private__T_cross_timing-today_ma_input_field-adjusted_rsi_exit-cross_rsi_smoothing-simple_same_bar_reentry-allowed_warmup-ready_check: ok fills=258 (40.3s)
[2735/4086] BANK2_OM-B_private__T_cross_timing-today_ma_input_field-adjusted_rsi_exit-cross_rsi_smoothing-simple_same_bar_reentry-allowed_warmup-ready_per_rule: ok fills=264 (42.1s)
[2736/4086] BANK2_OM-B_private__T_cross_timing-today_ma_input_field-raw_rsi_exit-level_rsi_smoothing-wilder_same_bar_reentry-wait_bar_warmup-strict: ok fills=276 (39.5s)
[2737/4086] BANK2_OM-B_private__T_cross_timing-today_ma_input_field-raw_rsi_exit-level_rsi_smoothing-wilder_same_bar_reentry-allowed_warmup-strict: ok fills=278 (43.5s)
[2738/4086] BANK2_OM-B_private__T_cross_timing-today_ma_input_field-raw_rsi_exit-level_rsi_smoothing-wilder_same_bar_reentry-allowed_warmup-ready_check: ok fills=274 (44.2s)
[2739/4086] BANK2_OM-B_private__T_cross_timing-today_ma_input_field-raw_rsi_exit-level_rsi_smoothing-wilder_same_bar_reentry-wait_bar_warmup-ready_per_rule: ok fills=276 (44.0s)
[2740/4086] BANK2_OM-B_private__T_cross_timing-today_ma_input_field-raw_rsi_exit-level_rsi_smoothing-wilder_same_bar_reentry-wait_bar_warmup-ready_check: ok fills=272 (45.0s)
[2741/4086] BANK2_OM-B_private__T_cross_timing-today_ma_input_field-raw_rsi_exit-level_rsi_smoothing-simple_same_bar_reentry-allowed_warmup-strict: ok fills=336 (46.4s)
[2742/4086] BANK2_OM-B_private__T_cross_timing-today_ma_input_field-raw_rsi_exit-level_rsi_smoothing-simple_same_bar_reentry-allowed_warmup-ready_check: ok fills=322 (39.7s)
[2743/4086] BANK2_OM-B_private__T_cross_timing-today_ma_input_field-raw_rsi_exit-level_rsi_smoothing-simple_same_bar_reentry-allowed_warmup-ready_per_rule: ok fills=334 (41.1s)
[2744/4086] BANK2_OM-B_private__T_cross_timing-today_ma_input_field-raw_rsi_exit-level_rsi_smoothing-simple_same_bar_reentry-wait_bar_warmup-strict: ok fills=322 (45.9s)
[2745/4086] BANK2_OM-B_private__T_cross_timing-today_ma_input_field-raw_rsi_exit-level_rsi_smoothing-simple_same_bar_reentry-wait_bar_warmup-ready_check: ok fills=312 (46.6s)
[2746/4086] BANK2_OM-B_private__T_cross_timing-today_ma_input_field-raw_rsi_exit-level_rsi_smoothing-simple_same_bar_reentry-wait_bar_warmup-ready_per_rule: ok fills=320 (47.1s)
[2747/4086] BANK2_OM-B_private__T_cross_timing-today_ma_input_field-raw_rsi_exit-cross_rsi_smoothing-wilder_same_bar_reentry-allowed_warmup-strict: ok fills=262 (44.7s)
[2748/4086] BANK2_OM-B_private__T_cross_timing-today_ma_input_field-raw_rsi_exit-cross_rsi_smoothing-wilder_same_bar_reentry-allowed_warmup-ready_per_rule: ok fills=262 (42.7s)
[2749/4086] BANK2_OM-B_private__T_cross_timing-today_ma_input_field-raw_rsi_exit-cross_rsi_smoothing-wilder_same_bar_reentry-allowed_warmup-ready_check: ok fills=258 (44.6s)
[2750/4086] BANK2_OM-B_private__T_cross_timing-today_ma_input_field-raw_rsi_exit-cross_rsi_smoothing-simple_same_bar_reentry-allowed_warmup-ready_check: exit=1 fills=None (8.0s)
[2751/4086] BANK2_OM-B_private__T_cross_timing-today_ma_input_field-raw_rsi_exit-cross_rsi_smoothing-wilder_same_bar_reentry-wait_bar_warmup-strict: ok fills=262 (45.2s)
[2752/4086] BANK2_OM-B_private__T_cross_timing-today_ma_input_field-raw_rsi_exit-cross_rsi_smoothing-wilder_same_bar_reentry-wait_bar_warmup-ready_check: ok fills=258 (38.6s)
[2753/4086] BANK2_OM-B_private__T_cross_timing-today_ma_input_field-raw_rsi_exit-cross_rsi_smoothing-simple_same_bar_reentry-wait_bar_warmup-strict: exit=1 fills=None (8.8s)
[2754/4086] BANK2_OM-B_private__T_cross_timing-today_ma_input_field-raw_rsi_exit-cross_rsi_smoothing-wilder_same_bar_reentry-wait_bar_warmup-ready_per_rule: ok fills=262 (38.7s)
[2755/4086] BANK2_OM-B_private__T_cross_timing-today_ma_input_field-raw_rsi_exit-cross_rsi_smoothing-simple_same_bar_reentry-allowed_warmup-strict: ok fills=288 (37.3s)
[2756/4086] BANK2_OM-B_private__T_cross_timing-today_ma_input_field-raw_rsi_exit-cross_rsi_smoothing-simple_same_bar_reentry-wait_bar_warmup-ready_check: ok fills=280 (38.6s)
[2757/4086] BANK2_OM-B_private__T_cross_timing-today_ma_input_field-raw_rsi_exit-cross_rsi_smoothing-simple_same_bar_reentry-allowed_warmup-ready_per_rule: ok fills=286 (41.0s)
[2758/4086] BANK2_OM-B_private__T_cross_timing-today_ma_input_field-raw_rsi_exit-cross_rsi_smoothing-simple_same_bar_reentry-wait_bar_warmup-ready_per_rule: ok fills=286 (42.3s)
[2759/4086] BANK2_OM-B_invested_gate__T_cross_timing-both_days_input_field-adjusted_rsi_exit-level_rsi_smoothing-wilder_same_bar_reentry-allowed_warmup-ready_check: ok fills=262 (43.9s)
[2760/4086] BANK2_OM-B_private__OAT_a_exec-set_holdings: ok fills=270 (50.0s)
[2761/4086] BANK2_OM-B_invested_gate__ref: ok fills=266 (47.2s)
[2762/4086] BANK2_OM-B_invested_gate__T_cross_timing-both_days_input_field-adjusted_rsi_exit-level_rsi_smoothing-wilder_same_bar_reentry-wait_bar_warmup-strict: ok fills=266 (43.0s)
[2763/4086] BANK2_OM-B_invested_gate__T_cross_timing-both_days_input_field-adjusted_rsi_exit-level_rsi_smoothing-wilder_same_bar_reentry-allowed_warmup-ready_per_rule: ok fills=266 (43.6s)
[2764/4086] BANK2_OM-B_invested_gate__T_cross_timing-both_days_input_field-adjusted_rsi_exit-level_rsi_smoothing-wilder_same_bar_reentry-wait_bar_warmup-ready_check: ok fills=262 (41.0s)
[2765/4086] BANK2_OM-B_invested_gate__T_cross_timing-both_days_input_field-adjusted_rsi_exit-level_rsi_smoothing-wilder_same_bar_reentry-wait_bar_warmup-ready_per_rule: ok fills=266 (39.9s)
[2766/4086] BANK2_OM-B_invested_gate__T_cross_timing-both_days_input_field-adjusted_rsi_exit-level_rsi_smoothing-simple_same_bar_reentry-allowed_warmup-strict: ok fills=306 (39.2s)
[2767/4086] BANK2_OM-B_invested_gate__T_cross_timing-both_days_input_field-adjusted_rsi_exit-level_rsi_smoothing-simple_same_bar_reentry-allowed_warmup-ready_per_rule: ok fills=304 (38.0s)
[2768/4086] BANK2_OM-B_invested_gate__T_cross_timing-both_days_input_field-adjusted_rsi_exit-cross_rsi_smoothing-wilder_same_bar_reentry-allowed_warmup-ready_check: exit=1 fills=None (10.9s)
[2769/4086] BANK2_OM-B_invested_gate__T_cross_timing-both_days_input_field-adjusted_rsi_exit-cross_rsi_smoothing-wilder_same_bar_reentry-allowed_warmup-ready_per_rule: exit=1 fills=None (9.2s)
[2770/4086] BANK2_OM-B_invested_gate__T_cross_timing-both_days_input_field-adjusted_rsi_exit-level_rsi_smoothing-simple_same_bar_reentry-allowed_warmup-ready_check: ok fills=296 (44.2s)
[2771/4086] BANK2_OM-B_invested_gate__T_cross_timing-both_days_input_field-adjusted_rsi_exit-level_rsi_smoothing-simple_same_bar_reentry-wait_bar_warmup-strict: ok fills=306 (43.4s)
[2772/4086] BANK2_OM-B_invested_gate__T_cross_timing-both_days_input_field-adjusted_rsi_exit-level_rsi_smoothing-simple_same_bar_reentry-wait_bar_warmup-ready_check: ok fills=296 (41.5s)
[2773/4086] BANK2_OM-B_invested_gate__T_cross_timing-both_days_input_field-adjusted_rsi_exit-level_rsi_smoothing-simple_same_bar_reentry-wait_bar_warmup-ready_per_rule: ok fills=304 (46.6s)
[2774/4086] BANK2_OM-B_invested_gate__T_cross_timing-both_days_input_field-adjusted_rsi_exit-cross_rsi_smoothing-wilder_same_bar_reentry-allowed_warmup-strict: ok fills=250 (45.1s)
[2775/4086] BANK2_OM-B_invested_gate__T_cross_timing-both_days_input_field-adjusted_rsi_exit-cross_rsi_smoothing-wilder_same_bar_reentry-wait_bar_warmup-ready_check: ok fills=246 (46.7s)
[2776/4086] BANK2_OM-B_invested_gate__T_cross_timing-both_days_input_field-adjusted_rsi_exit-cross_rsi_smoothing-wilder_same_bar_reentry-wait_bar_warmup-ready_per_rule: ok fills=250 (48.4s)
[2777/4086] BANK2_OM-B_invested_gate__T_cross_timing-both_days_input_field-adjusted_rsi_exit-cross_rsi_smoothing-simple_same_bar_reentry-allowed_warmup-strict: ok fills=270 (43.0s)
[2778/4086] BANK2_OM-B_invested_gate__T_cross_timing-both_days_input_field-adjusted_rsi_exit-cross_rsi_smoothing-wilder_same_bar_reentry-wait_bar_warmup-strict: ok fills=250 (49.2s)
[2779/4086] BANK2_OM-B_invested_gate__T_cross_timing-both_days_input_field-adjusted_rsi_exit-cross_rsi_smoothing-simple_same_bar_reentry-allowed_warmup-ready_check: ok fills=262 (42.8s)
[2780/4086] BANK2_OM-B_invested_gate__T_cross_timing-both_days_input_field-adjusted_rsi_exit-cross_rsi_smoothing-simple_same_bar_reentry-allowed_warmup-ready_per_rule: ok fills=268 (36.8s)
[2781/4086] BANK2_OM-B_invested_gate__T_cross_timing-both_days_input_field-raw_rsi_exit-level_rsi_smoothing-wilder_same_bar_reentry-allowed_warmup-strict: exit=1 fills=None (12.1s)
[2782/4086] BANK2_OM-B_invested_gate__T_cross_timing-both_days_input_field-adjusted_rsi_exit-cross_rsi_smoothing-simple_same_bar_reentry-wait_bar_warmup-strict: ok fills=270 (43.0s)
[2783/4086] BANK2_OM-B_invested_gate__T_cross_timing-both_days_input_field-adjusted_rsi_exit-cross_rsi_smoothing-simple_same_bar_reentry-wait_bar_warmup-ready_check: ok fills=262 (43.2s)
[2784/4086] BANK2_OM-B_invested_gate__T_cross_timing-both_days_input_field-raw_rsi_exit-level_rsi_smoothing-wilder_same_bar_reentry-wait_bar_warmup-strict: ok fills=278 (45.3s)
[2785/4086] BANK2_OM-B_invested_gate__T_cross_timing-both_days_input_field-raw_rsi_exit-level_rsi_smoothing-wilder_same_bar_reentry-allowed_warmup-ready_per_rule: ok fills=278 (45.7s)
[2786/4086] BANK2_OM-B_invested_gate__T_cross_timing-both_days_input_field-raw_rsi_exit-level_rsi_smoothing-wilder_same_bar_reentry-allowed_warmup-ready_check: ok fills=274 (46.9s)
[2787/4086] BANK2_OM-B_invested_gate__T_cross_timing-both_days_input_field-adjusted_rsi_exit-cross_rsi_smoothing-simple_same_bar_reentry-wait_bar_warmup-ready_per_rule: ok fills=268 (48.7s)
[2788/4086] BANK2_OM-B_invested_gate__T_cross_timing-both_days_input_field-raw_rsi_exit-level_rsi_smoothing-wilder_same_bar_reentry-wait_bar_warmup-ready_per_rule: ok fills=278 (40.5s)
[2789/4086] BANK2_OM-B_invested_gate__T_cross_timing-both_days_input_field-raw_rsi_exit-level_rsi_smoothing-wilder_same_bar_reentry-wait_bar_warmup-ready_check: ok fills=274 (45.3s)
[2790/4086] BANK2_OM-B_invested_gate__T_cross_timing-both_days_input_field-raw_rsi_exit-level_rsi_smoothing-simple_same_bar_reentry-allowed_warmup-strict: ok fills=324 (40.5s)
[2791/4086] BANK2_OM-B_invested_gate__T_cross_timing-both_days_input_field-raw_rsi_exit-level_rsi_smoothing-simple_same_bar_reentry-allowed_warmup-ready_check: ok fills=314 (41.1s)
[2792/4086] BANK2_OM-B_invested_gate__T_cross_timing-both_days_input_field-raw_rsi_exit-level_rsi_smoothing-simple_same_bar_reentry-wait_bar_warmup-strict: ok fills=324 (40.9s)
[2793/4086] BANK2_OM-B_invested_gate__T_cross_timing-both_days_input_field-raw_rsi_exit-level_rsi_smoothing-simple_same_bar_reentry-wait_bar_warmup-ready_check: ok fills=314 (40.5s)
[2794/4086] BANK2_OM-B_invested_gate__T_cross_timing-both_days_input_field-raw_rsi_exit-level_rsi_smoothing-simple_same_bar_reentry-wait_bar_warmup-ready_per_rule: ok fills=322 (42.2s)
[2795/4086] BANK2_OM-B_invested_gate__T_cross_timing-both_days_input_field-raw_rsi_exit-level_rsi_smoothing-simple_same_bar_reentry-allowed_warmup-ready_per_rule: ok fills=322 (44.7s)
[2796/4086] BANK2_OM-B_invested_gate__T_cross_timing-both_days_input_field-raw_rsi_exit-cross_rsi_smoothing-wilder_same_bar_reentry-allowed_warmup-ready_check: ok fills=260 (40.6s)
[2797/4086] BANK2_OM-B_invested_gate__T_cross_timing-both_days_input_field-raw_rsi_exit-cross_rsi_smoothing-wilder_same_bar_reentry-allowed_warmup-strict: ok fills=264 (47.1s)
[2798/4086] BANK2_OM-B_invested_gate__T_cross_timing-both_days_input_field-raw_rsi_exit-cross_rsi_smoothing-wilder_same_bar_reentry-allowed_warmup-ready_per_rule: ok fills=264 (42.9s)
[2799/4086] BANK2_OM-B_invested_gate__T_cross_timing-both_days_input_field-raw_rsi_exit-cross_rsi_smoothing-wilder_same_bar_reentry-wait_bar_warmup-strict: ok fills=264 (46.2s)
[2800/4086] BANK2_OM-B_invested_gate__T_cross_timing-both_days_input_field-raw_rsi_exit-cross_rsi_smoothing-wilder_same_bar_reentry-wait_bar_warmup-ready_per_rule: ok fills=264 (39.6s)
[2801/4086] BANK2_OM-B_invested_gate__T_cross_timing-both_days_input_field-raw_rsi_exit-cross_rsi_smoothing-simple_same_bar_reentry-allowed_warmup-strict: ok fills=290 (40.6s)
[2802/4086] BANK2_OM-B_invested_gate__T_cross_timing-both_days_input_field-raw_rsi_exit-cross_rsi_smoothing-wilder_same_bar_reentry-wait_bar_warmup-ready_check: ok fills=260 (44.7s)
[2803/4086] BANK2_OM-B_invested_gate__T_cross_timing-both_days_input_field-raw_rsi_exit-cross_rsi_smoothing-simple_same_bar_reentry-allowed_warmup-ready_check: ok fills=282 (46.0s)
[2804/4086] BANK2_OM-B_invested_gate__T_cross_timing-today_ma_input_field-adjusted_rsi_exit-level_rsi_smoothing-wilder_same_bar_reentry-allowed_warmup-strict: exit=1 fills=None (10.0s)
[2805/4086] BANK2_OM-B_invested_gate__T_cross_timing-both_days_input_field-raw_rsi_exit-cross_rsi_smoothing-simple_same_bar_reentry-allowed_warmup-ready_per_rule: ok fills=288 (42.0s)
[2806/4086] BANK2_OM-B_invested_gate__T_cross_timing-both_days_input_field-raw_rsi_exit-cross_rsi_smoothing-simple_same_bar_reentry-wait_bar_warmup-strict: ok fills=290 (39.0s)
[2807/4086] BANK2_OM-B_invested_gate__T_cross_timing-both_days_input_field-raw_rsi_exit-cross_rsi_smoothing-simple_same_bar_reentry-wait_bar_warmup-ready_check: ok fills=282 (37.0s)
[2808/4086] BANK2_OM-B_invested_gate__T_cross_timing-both_days_input_field-raw_rsi_exit-cross_rsi_smoothing-simple_same_bar_reentry-wait_bar_warmup-ready_per_rule: ok fills=288 (40.4s)
[2809/4086] BANK2_OM-B_invested_gate__T_cross_timing-today_ma_input_field-adjusted_rsi_exit-level_rsi_smoothing-wilder_same_bar_reentry-allowed_warmup-ready_check: ok fills=258 (43.0s)
[2810/4086] BANK2_OM-B_invested_gate__T_cross_timing-today_ma_input_field-adjusted_rsi_exit-level_rsi_smoothing-wilder_same_bar_reentry-allowed_warmup-ready_per_rule: ok fills=262 (41.8s)
[2811/4086] BANK2_OM-B_invested_gate__T_cross_timing-today_ma_input_field-adjusted_rsi_exit-level_rsi_smoothing-wilder_same_bar_reentry-wait_bar_warmup-strict: ok fills=262 (45.7s)
[2812/4086] BANK2_OM-B_invested_gate__T_cross_timing-today_ma_input_field-adjusted_rsi_exit-level_rsi_smoothing-simple_same_bar_reentry-wait_bar_warmup-strict: exit=1 fills=None (9.6s)
[2813/4086] BANK2_OM-B_invested_gate__T_cross_timing-today_ma_input_field-adjusted_rsi_exit-level_rsi_smoothing-wilder_same_bar_reentry-wait_bar_warmup-ready_per_rule: ok fills=262 (47.1s)
[2814/4086] BANK2_OM-B_invested_gate__T_cross_timing-today_ma_input_field-adjusted_rsi_exit-level_rsi_smoothing-simple_same_bar_reentry-allowed_warmup-strict: ok fills=302 (46.7s)
[2815/4086] BANK2_OM-B_invested_gate__T_cross_timing-today_ma_input_field-adjusted_rsi_exit-level_rsi_smoothing-simple_same_bar_reentry-allowed_warmup-ready_check: ok fills=292 (45.1s)
[2816/4086] BANK2_OM-B_invested_gate__T_cross_timing-today_ma_input_field-adjusted_rsi_exit-level_rsi_smoothing-wilder_same_bar_reentry-wait_bar_warmup-ready_check: ok fills=258 (50.7s)
[2817/4086] BANK2_OM-B_invested_gate__T_cross_timing-today_ma_input_field-adjusted_rsi_exit-level_rsi_smoothing-simple_same_bar_reentry-allowed_warmup-ready_per_rule: ok fills=300 (37.9s)
[2818/4086] BANK2_OM-B_invested_gate__T_cross_timing-today_ma_input_field-adjusted_rsi_exit-level_rsi_smoothing-simple_same_bar_reentry-wait_bar_warmup-ready_check: ok fills=292 (38.7s)
[2819/4086] BANK2_OM-B_invested_gate__T_cross_timing-today_ma_input_field-adjusted_rsi_exit-cross_rsi_smoothing-wilder_same_bar_reentry-allowed_warmup-strict: ok fills=246 (38.3s)
[2820/4086] BANK2_OM-B_invested_gate__T_cross_timing-today_ma_input_field-adjusted_rsi_exit-level_rsi_smoothing-simple_same_bar_reentry-wait_bar_warmup-ready_per_rule: ok fills=300 (43.4s)
[2821/4086] BANK2_OM-B_invested_gate__T_cross_timing-today_ma_input_field-adjusted_rsi_exit-cross_rsi_smoothing-wilder_same_bar_reentry-allowed_warmup-ready_per_rule: ok fills=246 (40.4s)
[2822/4086] BANK2_OM-B_invested_gate__T_cross_timing-today_ma_input_field-adjusted_rsi_exit-cross_rsi_smoothing-wilder_same_bar_reentry-allowed_warmup-ready_check: ok fills=242 (43.0s)
[2823/4086] BANK2_OM-B_invested_gate__T_cross_timing-today_ma_input_field-adjusted_rsi_exit-cross_rsi_smoothing-wilder_same_bar_reentry-wait_bar_warmup-ready_check: ok fills=242 (43.2s)
[2824/4086] BANK2_OM-B_invested_gate__T_cross_timing-today_ma_input_field-adjusted_rsi_exit-cross_rsi_smoothing-wilder_same_bar_reentry-wait_bar_warmup-strict: ok fills=246 (46.3s)
[2825/4086] BANK2_OM-B_invested_gate__T_cross_timing-today_ma_input_field-adjusted_rsi_exit-cross_rsi_smoothing-wilder_same_bar_reentry-wait_bar_warmup-ready_per_rule: ok fills=246 (43.3s)
[2826/4086] BANK2_OM-B_invested_gate__T_cross_timing-today_ma_input_field-adjusted_rsi_exit-cross_rsi_smoothing-simple_same_bar_reentry-wait_bar_warmup-ready_per_rule: exit=1 fills=None (7.3s)
[2827/4086] BANK2_OM-B_invested_gate__T_cross_timing-today_ma_input_field-adjusted_rsi_exit-cross_rsi_smoothing-simple_same_bar_reentry-allowed_warmup-strict: ok fills=266 (42.6s)
[2828/4086] BANK2_OM-B_invested_gate__T_cross_timing-today_ma_input_field-adjusted_rsi_exit-cross_rsi_smoothing-simple_same_bar_reentry-allowed_warmup-ready_check: ok fills=258 (43.1s)
[2829/4086] BANK2_OM-B_invested_gate__T_cross_timing-today_ma_input_field-adjusted_rsi_exit-cross_rsi_smoothing-simple_same_bar_reentry-allowed_warmup-ready_per_rule: ok fills=264 (38.9s)
[2830/4086] BANK2_OM-B_invested_gate__T_cross_timing-today_ma_input_field-adjusted_rsi_exit-cross_rsi_smoothing-simple_same_bar_reentry-wait_bar_warmup-strict: ok fills=266 (39.9s)
[2831/4086] BANK2_OM-B_invested_gate__T_cross_timing-today_ma_input_field-adjusted_rsi_exit-cross_rsi_smoothing-simple_same_bar_reentry-wait_bar_warmup-ready_check: ok fills=258 (38.3s)
[2832/4086] BANK2_OM-B_invested_gate__T_cross_timing-today_ma_input_field-raw_rsi_exit-level_rsi_smoothing-wilder_same_bar_reentry-allowed_warmup-strict: ok fills=276 (38.7s)
[2833/4086] BANK2_OM-B_invested_gate__T_cross_timing-today_ma_input_field-raw_rsi_exit-level_rsi_smoothing-wilder_same_bar_reentry-wait_bar_warmup-ready_per_rule: exit=1 fills=None (7.3s)
[2834/4086] BANK2_OM-B_invested_gate__T_cross_timing-today_ma_input_field-raw_rsi_exit-level_rsi_smoothing-wilder_same_bar_reentry-allowed_warmup-ready_check: ok fills=272 (38.8s)
[2835/4086] BANK2_OM-B_invested_gate__T_cross_timing-today_ma_input_field-raw_rsi_exit-level_rsi_smoothing-wilder_same_bar_reentry-allowed_warmup-ready_per_rule: ok fills=276 (40.9s)
[2836/4086] BANK2_OM-B_invested_gate__T_cross_timing-today_ma_input_field-raw_rsi_exit-level_rsi_smoothing-wilder_same_bar_reentry-wait_bar_warmup-strict: ok fills=276 (40.1s)
[2837/4086] BANK2_OM-B_invested_gate__T_cross_timing-today_ma_input_field-raw_rsi_exit-level_rsi_smoothing-simple_same_bar_reentry-allowed_warmup-strict: ok fills=322 (43.9s)
[2838/4086] BANK2_OM-B_invested_gate__T_cross_timing-today_ma_input_field-raw_rsi_exit-level_rsi_smoothing-wilder_same_bar_reentry-wait_bar_warmup-ready_check: ok fills=272 (46.7s)
[2839/4086] BANK2_OM-B_invested_gate__T_cross_timing-today_ma_input_field-raw_rsi_exit-level_rsi_smoothing-simple_same_bar_reentry-allowed_warmup-ready_check: ok fills=312 (46.6s)
[2840/4086] BANK2_OM-B_invested_gate__T_cross_timing-today_ma_input_field-raw_rsi_exit-level_rsi_smoothing-simple_same_bar_reentry-wait_bar_warmup-ready_check: ok fills=312 (46.1s)
[2841/4086] BANK2_OM-B_invested_gate__T_cross_timing-today_ma_input_field-raw_rsi_exit-level_rsi_smoothing-simple_same_bar_reentry-wait_bar_warmup-strict: ok fills=322 (50.1s)
[2842/4086] BANK2_OM-B_invested_gate__T_cross_timing-today_ma_input_field-raw_rsi_exit-level_rsi_smoothing-simple_same_bar_reentry-allowed_warmup-ready_per_rule: ok fills=320 (52.2s)
[2843/4086] BANK2_OM-B_invested_gate__T_cross_timing-today_ma_input_field-raw_rsi_exit-level_rsi_smoothing-simple_same_bar_reentry-wait_bar_warmup-ready_per_rule: ok fills=320 (47.9s)
[2844/4086] BANK2_OM-B_invested_gate__T_cross_timing-today_ma_input_field-raw_rsi_exit-cross_rsi_smoothing-wilder_same_bar_reentry-allowed_warmup-strict: ok fills=262 (42.4s)
[2845/4086] BANK2_OM-B_invested_gate__T_cross_timing-today_ma_input_field-raw_rsi_exit-cross_rsi_smoothing-wilder_same_bar_reentry-allowed_warmup-ready_check: ok fills=258 (42.8s)
[2846/4086] BANK2_OM-B_invested_gate__T_cross_timing-today_ma_input_field-raw_rsi_exit-cross_rsi_smoothing-wilder_same_bar_reentry-wait_bar_warmup-strict: ok fills=262 (40.4s)
[2847/4086] BANK2_OM-B_invested_gate__T_cross_timing-today_ma_input_field-raw_rsi_exit-cross_rsi_smoothing-wilder_same_bar_reentry-allowed_warmup-ready_per_rule: ok fills=262 (44.6s)
[2848/4086] BANK2_OM-B_invested_gate__T_cross_timing-today_ma_input_field-raw_rsi_exit-cross_rsi_smoothing-wilder_same_bar_reentry-wait_bar_warmup-ready_check: ok fills=258 (44.4s)
[2849/4086] BANK2_OM-B_invested_gate__T_cross_timing-today_ma_input_field-raw_rsi_exit-cross_rsi_smoothing-simple_same_bar_reentry-allowed_warmup-strict: ok fills=288 (44.2s)
[2850/4086] BANK2_OM-B_invested_gate__T_cross_timing-today_ma_input_field-raw_rsi_exit-cross_rsi_smoothing-wilder_same_bar_reentry-wait_bar_warmup-ready_per_rule: ok fills=262 (47.2s)
[2851/4086] BANK2_OM-B_invested_gate__T_cross_timing-today_ma_input_field-raw_rsi_exit-cross_rsi_smoothing-simple_same_bar_reentry-allowed_warmup-ready_check: ok fills=280 (48.5s)
[2852/4086] BANK2_OM-B_netting__ref: exit=1 fills=None (7.2s)
[2853/4086] BANK2_OM-B_invested_gate__T_cross_timing-today_ma_input_field-raw_rsi_exit-cross_rsi_smoothing-simple_same_bar_reentry-allowed_warmup-ready_per_rule: ok fills=286 (48.0s)
[2854/4086] BANK2_OM-B_invested_gate__T_cross_timing-today_ma_input_field-raw_rsi_exit-cross_rsi_smoothing-simple_same_bar_reentry-wait_bar_warmup-strict: ok fills=288 (44.3s)
[2855/4086] BANK2_OM-B_invested_gate__T_cross_timing-today_ma_input_field-raw_rsi_exit-cross_rsi_smoothing-simple_same_bar_reentry-wait_bar_warmup-ready_per_rule: ok fills=286 (42.3s)
[2856/4086] BANK2_OM-B_invested_gate__T_cross_timing-today_ma_input_field-raw_rsi_exit-cross_rsi_smoothing-simple_same_bar_reentry-wait_bar_warmup-ready_check: ok fills=280 (48.2s)
[2857/4086] BANK2_OM-B_invested_gate__OAT_a_exec-set_holdings: ok fills=266 (40.2s)
[2858/4086] BANK2_OM-B_netting__T_cross_timing-both_days_input_field-adjusted_rsi_exit-level_rsi_smoothing-wilder_same_bar_reentry-allowed_warmup-ready_check: ok fills=428 (48.6s)
[2859/4086] BANK2_OM-B_netting__T_cross_timing-both_days_input_field-adjusted_rsi_exit-level_rsi_smoothing-wilder_same_bar_reentry-wait_bar_warmup-strict: ok fills=448 (43.4s)
[2860/4086] BANK2_OM-B_netting__T_cross_timing-both_days_input_field-adjusted_rsi_exit-level_rsi_smoothing-wilder_same_bar_reentry-allowed_warmup-ready_per_rule: ok fills=446 (45.5s)
[2861/4086] BANK2_OM-B_netting__T_cross_timing-both_days_input_field-adjusted_rsi_exit-level_rsi_smoothing-wilder_same_bar_reentry-wait_bar_warmup-ready_check: ok fills=428 (44.3s)
[2862/4086] BANK2_OM-B_netting__T_cross_timing-both_days_input_field-adjusted_rsi_exit-level_rsi_smoothing-wilder_same_bar_reentry-wait_bar_warmup-ready_per_rule: ok fills=446 (44.5s)
[2863/4086] BANK2_OM-B_netting__T_cross_timing-both_days_input_field-adjusted_rsi_exit-level_rsi_smoothing-simple_same_bar_reentry-allowed_warmup-strict: ok fills=473 (49.4s)
[2864/4086] BANK2_OM-B_netting__T_cross_timing-both_days_input_field-adjusted_rsi_exit-cross_rsi_smoothing-wilder_same_bar_reentry-allowed_warmup-ready_check: exit=1 fills=None (6.8s)
[2865/4086] BANK2_OM-B_netting__T_cross_timing-both_days_input_field-adjusted_rsi_exit-level_rsi_smoothing-simple_same_bar_reentry-allowed_warmup-ready_check: ok fills=448 (47.0s)
[2866/4086] BANK2_OM-B_netting__T_cross_timing-both_days_input_field-adjusted_rsi_exit-level_rsi_smoothing-simple_same_bar_reentry-allowed_warmup-ready_per_rule: ok fills=470 (48.0s)
[2867/4086] BANK2_OM-B_netting__T_cross_timing-both_days_input_field-adjusted_rsi_exit-cross_rsi_smoothing-wilder_same_bar_reentry-wait_bar_warmup-strict: exit=1 fills=None (7.5s)
[2868/4086] BANK2_OM-B_netting__T_cross_timing-both_days_input_field-adjusted_rsi_exit-level_rsi_smoothing-simple_same_bar_reentry-wait_bar_warmup-ready_check: ok fills=448 (44.8s)
[2869/4086] BANK2_OM-B_netting__T_cross_timing-both_days_input_field-adjusted_rsi_exit-level_rsi_smoothing-simple_same_bar_reentry-wait_bar_warmup-ready_per_rule: ok fills=470 (43.4s)
[2870/4086] BANK2_OM-B_netting__T_cross_timing-both_days_input_field-adjusted_rsi_exit-level_rsi_smoothing-simple_same_bar_reentry-wait_bar_warmup-strict: ok fills=473 (47.7s)
[2871/4086] BANK2_OM-B_netting__T_cross_timing-both_days_input_field-adjusted_rsi_exit-cross_rsi_smoothing-wilder_same_bar_reentry-allowed_warmup-strict: ok fills=438 (42.0s)
[2872/4086] BANK2_OM-B_netting__T_cross_timing-both_days_input_field-adjusted_rsi_exit-cross_rsi_smoothing-wilder_same_bar_reentry-allowed_warmup-ready_per_rule: ok fills=436 (40.7s)
[2873/4086] BANK2_OM-B_netting__T_cross_timing-both_days_input_field-adjusted_rsi_exit-cross_rsi_smoothing-simple_same_bar_reentry-allowed_warmup-strict: ok fills=448 (39.5s)
[2874/4086] BANK2_OM-B_netting__T_cross_timing-both_days_input_field-adjusted_rsi_exit-cross_rsi_smoothing-wilder_same_bar_reentry-wait_bar_warmup-ready_check: ok fills=418 (47.9s)
[2875/4086] BANK2_OM-B_netting__T_cross_timing-both_days_input_field-adjusted_rsi_exit-cross_rsi_smoothing-wilder_same_bar_reentry-wait_bar_warmup-ready_per_rule: ok fills=436 (43.2s)
[2876/4086] BANK2_OM-B_netting__T_cross_timing-both_days_input_field-adjusted_rsi_exit-cross_rsi_smoothing-simple_same_bar_reentry-wait_bar_warmup-ready_per_rule: exit=1 fills=None (10.7s)
[2877/4086] BANK2_OM-B_netting__T_cross_timing-both_days_input_field-adjusted_rsi_exit-cross_rsi_smoothing-simple_same_bar_reentry-wait_bar_warmup-strict: ok fills=448 (44.2s)
[2878/4086] BANK2_OM-B_netting__T_cross_timing-both_days_input_field-adjusted_rsi_exit-cross_rsi_smoothing-simple_same_bar_reentry-allowed_warmup-ready_check: ok fills=426 (46.1s)
[2879/4086] BANK2_OM-B_netting__T_cross_timing-both_days_input_field-adjusted_rsi_exit-cross_rsi_smoothing-simple_same_bar_reentry-allowed_warmup-ready_per_rule: ok fills=445 (47.9s)
[2880/4086] BANK2_OM-B_netting__T_cross_timing-both_days_input_field-adjusted_rsi_exit-cross_rsi_smoothing-simple_same_bar_reentry-wait_bar_warmup-ready_check: ok fills=426 (46.7s)
[2881/4086] BANK2_OM-B_netting__T_cross_timing-both_days_input_field-raw_rsi_exit-level_rsi_smoothing-wilder_same_bar_reentry-wait_bar_warmup-ready_per_rule: exit=1 fills=None (8.2s)
[2882/4086] BANK2_OM-B_netting__T_cross_timing-both_days_input_field-raw_rsi_exit-level_rsi_smoothing-wilder_same_bar_reentry-allowed_warmup-ready_check: ok fills=443 (39.5s)
[2883/4086] BANK2_OM-B_netting__T_cross_timing-both_days_input_field-raw_rsi_exit-level_rsi_smoothing-wilder_same_bar_reentry-wait_bar_warmup-strict: ok fills=463 (40.3s)
[2884/4086] BANK2_OM-B_netting__T_cross_timing-both_days_input_field-raw_rsi_exit-level_rsi_smoothing-wilder_same_bar_reentry-allowed_warmup-strict: ok fills=463 (44.3s)
[2885/4086] BANK2_OM-B_netting__T_cross_timing-both_days_input_field-raw_rsi_exit-level_rsi_smoothing-wilder_same_bar_reentry-allowed_warmup-ready_per_rule: ok fills=461 (44.1s)
[2886/4086] BANK2_OM-B_netting__T_cross_timing-both_days_input_field-raw_rsi_exit-level_rsi_smoothing-simple_same_bar_reentry-allowed_warmup-strict: ok fills=492 (36.2s)
[2887/4086] BANK2_OM-B_netting__T_cross_timing-both_days_input_field-raw_rsi_exit-level_rsi_smoothing-wilder_same_bar_reentry-wait_bar_warmup-ready_check: ok fills=443 (39.3s)
[2888/4086] BANK2_OM-B_netting__T_cross_timing-both_days_input_field-raw_rsi_exit-level_rsi_smoothing-simple_same_bar_reentry-wait_bar_warmup-ready_per_rule: exit=1 fills=None (10.2s)
[2889/4086] BANK2_OM-B_netting__T_cross_timing-both_days_input_field-raw_rsi_exit-level_rsi_smoothing-simple_same_bar_reentry-allowed_warmup-ready_check: ok fills=467 (42.7s)
[2890/4086] BANK2_OM-B_netting__T_cross_timing-both_days_input_field-raw_rsi_exit-level_rsi_smoothing-simple_same_bar_reentry-allowed_warmup-ready_per_rule: ok fills=489 (47.6s)
[2891/4086] BANK2_OM-B_netting__T_cross_timing-both_days_input_field-raw_rsi_exit-level_rsi_smoothing-simple_same_bar_reentry-wait_bar_warmup-strict: ok fills=492 (46.8s)
[2892/4086] BANK2_OM-B_netting__T_cross_timing-both_days_input_field-raw_rsi_exit-level_rsi_smoothing-simple_same_bar_reentry-wait_bar_warmup-ready_check: ok fills=467 (51.2s)
[2893/4086] BANK2_OM-B_netting__T_cross_timing-both_days_input_field-raw_rsi_exit-cross_rsi_smoothing-wilder_same_bar_reentry-allowed_warmup-strict: ok fills=455 (47.9s)
[2894/4086] BANK2_OM-B_netting__T_cross_timing-both_days_input_field-raw_rsi_exit-cross_rsi_smoothing-simple_same_bar_reentry-allowed_warmup-strict: exit=1 fills=None (7.5s)
[2895/4086] BANK2_OM-B_netting__T_cross_timing-both_days_input_field-raw_rsi_exit-cross_rsi_smoothing-wilder_same_bar_reentry-allowed_warmup-ready_check: ok fills=435 (46.7s)
[2896/4086] BANK2_OM-B_netting__T_cross_timing-both_days_input_field-raw_rsi_exit-cross_rsi_smoothing-wilder_same_bar_reentry-allowed_warmup-ready_per_rule: ok fills=453 (46.4s)
[2897/4086] BANK2_OM-B_netting__T_cross_timing-both_days_input_field-raw_rsi_exit-cross_rsi_smoothing-wilder_same_bar_reentry-wait_bar_warmup-strict: ok fills=455 (48.2s)
[2898/4086] BANK2_OM-B_netting__T_cross_timing-both_days_input_field-raw_rsi_exit-cross_rsi_smoothing-wilder_same_bar_reentry-wait_bar_warmup-ready_check: ok fills=435 (44.7s)
[2899/4086] BANK2_OM-B_netting__T_cross_timing-both_days_input_field-raw_rsi_exit-cross_rsi_smoothing-wilder_same_bar_reentry-wait_bar_warmup-ready_per_rule: ok fills=453 (42.2s)
[2900/4086] BANK2_OM-B_netting__T_cross_timing-today_ma_input_field-adjusted_rsi_exit-level_rsi_smoothing-wilder_same_bar_reentry-allowed_warmup-strict: exit=1 fills=None (10.4s)
[2901/4086] BANK2_OM-B_netting__T_cross_timing-both_days_input_field-raw_rsi_exit-cross_rsi_smoothing-simple_same_bar_reentry-allowed_warmup-ready_check: ok fills=446 (44.5s)
[2902/4086] BANK2_OM-B_netting__T_cross_timing-both_days_input_field-raw_rsi_exit-cross_rsi_smoothing-simple_same_bar_reentry-wait_bar_warmup-strict: ok fills=468 (43.6s)
[2903/4086] BANK2_OM-B_netting__T_cross_timing-both_days_input_field-raw_rsi_exit-cross_rsi_smoothing-simple_same_bar_reentry-allowed_warmup-ready_per_rule: ok fills=465 (47.1s)
[2904/4086] BANK2_OM-B_netting__T_cross_timing-both_days_input_field-raw_rsi_exit-cross_rsi_smoothing-simple_same_bar_reentry-wait_bar_warmup-ready_check: ok fills=446 (42.5s)
[2905/4086] BANK2_OM-B_netting__T_cross_timing-both_days_input_field-raw_rsi_exit-cross_rsi_smoothing-simple_same_bar_reentry-wait_bar_warmup-ready_per_rule: ok fills=465 (43.4s)
[2906/4086] BANK2_OM-B_netting__T_cross_timing-today_ma_input_field-adjusted_rsi_exit-level_rsi_smoothing-wilder_same_bar_reentry-allowed_warmup-ready_check: ok fills=426 (44.6s)
[2907/4086] BANK2_OM-B_netting__T_cross_timing-today_ma_input_field-adjusted_rsi_exit-level_rsi_smoothing-simple_same_bar_reentry-allowed_warmup-ready_per_rule: exit=1 fills=None (12.0s)
[2908/4086] BANK2_OM-B_netting__T_cross_timing-today_ma_input_field-adjusted_rsi_exit-level_rsi_smoothing-wilder_same_bar_reentry-wait_bar_warmup-strict: ok fills=446 (46.4s)
[2909/4086] BANK2_OM-B_netting__T_cross_timing-today_ma_input_field-adjusted_rsi_exit-level_rsi_smoothing-wilder_same_bar_reentry-allowed_warmup-ready_per_rule: ok fills=444 (47.3s)
[2910/4086] BANK2_OM-B_netting__T_cross_timing-today_ma_input_field-adjusted_rsi_exit-level_rsi_smoothing-wilder_same_bar_reentry-wait_bar_warmup-ready_per_rule: ok fills=444 (47.4s)
[2911/4086] BANK2_OM-B_netting__T_cross_timing-today_ma_input_field-adjusted_rsi_exit-level_rsi_smoothing-simple_same_bar_reentry-allowed_warmup-strict: ok fills=471 (45.6s)
[2912/4086] BANK2_OM-B_netting__T_cross_timing-today_ma_input_field-adjusted_rsi_exit-level_rsi_smoothing-wilder_same_bar_reentry-wait_bar_warmup-ready_check: ok fills=426 (48.8s)
[2913/4086] BANK2_OM-B_netting__T_cross_timing-today_ma_input_field-adjusted_rsi_exit-level_rsi_smoothing-simple_same_bar_reentry-allowed_warmup-ready_check: ok fills=446 (45.2s)
[2914/4086] BANK2_OM-B_netting__T_cross_timing-today_ma_input_field-adjusted_rsi_exit-level_rsi_smoothing-simple_same_bar_reentry-wait_bar_warmup-ready_check: ok fills=446 (38.8s)
[2915/4086] BANK2_OM-B_netting__T_cross_timing-today_ma_input_field-adjusted_rsi_exit-cross_rsi_smoothing-wilder_same_bar_reentry-allowed_warmup-strict: ok fills=436 (38.5s)
[2916/4086] BANK2_OM-B_netting__T_cross_timing-today_ma_input_field-adjusted_rsi_exit-level_rsi_smoothing-simple_same_bar_reentry-wait_bar_warmup-strict: ok fills=471 (44.9s)
[2917/4086] BANK2_OM-B_netting__T_cross_timing-today_ma_input_field-adjusted_rsi_exit-level_rsi_smoothing-simple_same_bar_reentry-wait_bar_warmup-ready_per_rule: ok fills=468 (43.3s)
[2918/4086] BANK2_OM-B_netting__T_cross_timing-today_ma_input_field-adjusted_rsi_exit-cross_rsi_smoothing-wilder_same_bar_reentry-allowed_warmup-ready_per_rule: exit=1 fills=None (17.8s)
[2919/4086] BANK2_OM-B_netting__T_cross_timing-today_ma_input_field-adjusted_rsi_exit-cross_rsi_smoothing-wilder_same_bar_reentry-allowed_warmup-ready_check: ok fills=416 (44.2s)
[2920/4086] BANK2_OM-B_netting__T_cross_timing-today_ma_input_field-adjusted_rsi_exit-cross_rsi_smoothing-wilder_same_bar_reentry-wait_bar_warmup-strict: ok fills=436 (44.6s)
[2921/4086] BANK2_OM-B_netting__T_cross_timing-today_ma_input_field-adjusted_rsi_exit-cross_rsi_smoothing-wilder_same_bar_reentry-wait_bar_warmup-ready_check: ok fills=416 (45.3s)
[2922/4086] BANK2_OM-B_netting__T_cross_timing-today_ma_input_field-adjusted_rsi_exit-cross_rsi_smoothing-simple_same_bar_reentry-allowed_warmup-ready_check: ok fills=424 (45.8s)
[2923/4086] BANK2_OM-B_netting__T_cross_timing-today_ma_input_field-adjusted_rsi_exit-cross_rsi_smoothing-simple_same_bar_reentry-allowed_warmup-strict: ok fills=446 (47.9s)
[2924/4086] BANK2_OM-B_netting__T_cross_timing-today_ma_input_field-adjusted_rsi_exit-cross_rsi_smoothing-wilder_same_bar_reentry-wait_bar_warmup-ready_per_rule: ok fills=434 (52.1s)
[2925/4086] BANK2_OM-B_netting__T_cross_timing-today_ma_input_field-adjusted_rsi_exit-cross_rsi_smoothing-simple_same_bar_reentry-allowed_warmup-ready_per_rule: ok fills=443 (47.7s)
[2926/4086] BANK2_OM-B_netting__T_cross_timing-today_ma_input_field-adjusted_rsi_exit-cross_rsi_smoothing-simple_same_bar_reentry-wait_bar_warmup-strict: ok fills=446 (46.5s)
[2927/4086] BANK2_OM-B_netting__T_cross_timing-today_ma_input_field-adjusted_rsi_exit-cross_rsi_smoothing-simple_same_bar_reentry-wait_bar_warmup-ready_per_rule: ok fills=443 (43.3s)
[2928/4086] BANK2_OM-B_netting__T_cross_timing-today_ma_input_field-adjusted_rsi_exit-cross_rsi_smoothing-simple_same_bar_reentry-wait_bar_warmup-ready_check: ok fills=424 (45.6s)
[2929/4086] BANK2_OM-B_netting__T_cross_timing-today_ma_input_field-raw_rsi_exit-level_rsi_smoothing-wilder_same_bar_reentry-allowed_warmup-strict: ok fills=452 (44.6s)
[2930/4086] BANK2_OM-B_netting__T_cross_timing-today_ma_input_field-raw_rsi_exit-level_rsi_smoothing-wilder_same_bar_reentry-wait_bar_warmup-strict: ok fills=452 (41.0s)
[2931/4086] BANK2_OM-B_netting__T_cross_timing-today_ma_input_field-raw_rsi_exit-level_rsi_smoothing-simple_same_bar_reentry-allowed_warmup-ready_per_rule: exit=1 fills=None (10.3s)
[2932/4086] BANK2_OM-B_netting__T_cross_timing-today_ma_input_field-raw_rsi_exit-level_rsi_smoothing-wilder_same_bar_reentry-allowed_warmup-ready_per_rule: ok fills=450 (45.9s)
[2933/4086] BANK2_OM-B_netting__T_cross_timing-today_ma_input_field-raw_rsi_exit-level_rsi_smoothing-wilder_same_bar_reentry-allowed_warmup-ready_check: ok fills=431 (47.3s)
[2934/4086] BANK2_OM-B_netting__T_cross_timing-today_ma_input_field-raw_rsi_exit-level_rsi_smoothing-wilder_same_bar_reentry-wait_bar_warmup-ready_per_rule: ok fills=450 (45.8s)
[2935/4086] BANK2_OM-B_netting__T_cross_timing-today_ma_input_field-raw_rsi_exit-level_rsi_smoothing-wilder_same_bar_reentry-wait_bar_warmup-ready_check: ok fills=431 (50.0s)
[2936/4086] BANK2_OM-B_netting__T_cross_timing-today_ma_input_field-raw_rsi_exit-level_rsi_smoothing-simple_same_bar_reentry-allowed_warmup-ready_check: ok fills=467 (45.3s)
[2937/4086] BANK2_OM-B_netting__T_cross_timing-today_ma_input_field-raw_rsi_exit-level_rsi_smoothing-simple_same_bar_reentry-allowed_warmup-strict: ok fills=492 (47.2s)
[2938/4086] BANK2_OM-B_netting__T_cross_timing-today_ma_input_field-raw_rsi_exit-level_rsi_smoothing-simple_same_bar_reentry-wait_bar_warmup-strict: ok fills=492 (38.2s)
[2939/4086] BANK2_OM-B_netting__T_cross_timing-today_ma_input_field-raw_rsi_exit-level_rsi_smoothing-simple_same_bar_reentry-wait_bar_warmup-ready_check: ok fills=467 (39.2s)
[2940/4086] BANK2_OM-B_netting__T_cross_timing-today_ma_input_field-raw_rsi_exit-level_rsi_smoothing-simple_same_bar_reentry-wait_bar_warmup-ready_per_rule: ok fills=489 (46.4s)
[2941/4086] BANK2_OM-B_netting__T_cross_timing-today_ma_input_field-raw_rsi_exit-cross_rsi_smoothing-wilder_same_bar_reentry-allowed_warmup-strict: ok fills=444 (46.3s)
[2942/4086] BANK2_OM-B_netting__T_cross_timing-today_ma_input_field-raw_rsi_exit-cross_rsi_smoothing-simple_same_bar_reentry-allowed_warmup-strict: exit=1 fills=None (12.7s)
[2943/4086] BANK2_OM-B_netting__T_cross_timing-today_ma_input_field-raw_rsi_exit-cross_rsi_smoothing-wilder_same_bar_reentry-allowed_warmup-ready_check: ok fills=423 (43.4s)
[2944/4086] BANK2_OM-B_netting__T_cross_timing-today_ma_input_field-raw_rsi_exit-cross_rsi_smoothing-wilder_same_bar_reentry-allowed_warmup-ready_per_rule: ok fills=442 (41.5s)
[2945/4086] BANK2_OM-B_netting__T_cross_timing-today_ma_input_field-raw_rsi_exit-cross_rsi_smoothing-wilder_same_bar_reentry-wait_bar_warmup-strict: ok fills=444 (44.8s)
[2946/4086] BANK2_OM-B_netting__T_cross_timing-today_ma_input_field-raw_rsi_exit-cross_rsi_smoothing-wilder_same_bar_reentry-wait_bar_warmup-ready_check: ok fills=423 (47.8s)
[2947/4086] BANK2_OM-B_netting__T_cross_timing-today_ma_input_field-raw_rsi_exit-cross_rsi_smoothing-wilder_same_bar_reentry-wait_bar_warmup-ready_per_rule: ok fills=442 (46.2s)
[2948/4086] BANK2_OM-B_netting__T_cross_timing-today_ma_input_field-raw_rsi_exit-cross_rsi_smoothing-simple_same_bar_reentry-allowed_warmup-ready_check: ok fills=446 (44.4s)
[2949/4086] BANK2_OM-B_netting__T_cross_timing-today_ma_input_field-raw_rsi_exit-cross_rsi_smoothing-simple_same_bar_reentry-wait_bar_warmup-ready_per_rule: ok fills=465 (45.4s)
[2950/4086] BANK2_OM-B_netting__T_cross_timing-today_ma_input_field-raw_rsi_exit-cross_rsi_smoothing-simple_same_bar_reentry-wait_bar_warmup-strict: ok fills=468 (48.3s)
[2951/4086] BANK2_OM-B_netting__T_cross_timing-today_ma_input_field-raw_rsi_exit-cross_rsi_smoothing-simple_same_bar_reentry-allowed_warmup-ready_per_rule: ok fills=465 (50.0s)
[2952/4086] BANK2_OM-B_buys_first__T_cross_timing-both_days_input_field-adjusted_rsi_exit-level_rsi_smoothing-wilder_same_bar_reentry-allowed_warmup-ready_per_rule: exit=1 fills=None (7.4s)
[2953/4086] BANK2_OM-B_netting__T_cross_timing-today_ma_input_field-raw_rsi_exit-cross_rsi_smoothing-simple_same_bar_reentry-wait_bar_warmup-ready_check: ok fills=446 (52.4s)
[2954/4086] BANK2_OM-B_buys_first__ref: ok fills=266 (39.9s)
[2955/4086] BANK2_OM-B_netting__OAT_a_exec-set_holdings: ok fills=448 (45.5s)
[2956/4086] BANK2_OM-B_buys_first__T_cross_timing-both_days_input_field-adjusted_rsi_exit-level_rsi_smoothing-wilder_same_bar_reentry-allowed_warmup-ready_check: ok fills=262 (44.4s)
[2957/4086] BANK2_OM-B_buys_first__T_cross_timing-both_days_input_field-adjusted_rsi_exit-level_rsi_smoothing-wilder_same_bar_reentry-wait_bar_warmup-strict: ok fills=266 (43.6s)
[2958/4086] BANK2_OM-B_buys_first__T_cross_timing-both_days_input_field-adjusted_rsi_exit-level_rsi_smoothing-wilder_same_bar_reentry-wait_bar_warmup-ready_check: ok fills=262 (44.1s)
[2959/4086] BANK2_OM-B_buys_first__T_cross_timing-both_days_input_field-adjusted_rsi_exit-level_rsi_smoothing-simple_same_bar_reentry-allowed_warmup-strict: ok fills=306 (46.2s)
[2960/4086] BANK2_OM-B_buys_first__T_cross_timing-both_days_input_field-adjusted_rsi_exit-level_rsi_smoothing-wilder_same_bar_reentry-wait_bar_warmup-ready_per_rule: ok fills=266 (48.5s)
[2961/4086] BANK2_OM-B_buys_first__T_cross_timing-both_days_input_field-adjusted_rsi_exit-level_rsi_smoothing-simple_same_bar_reentry-allowed_warmup-ready_check: ok fills=296 (51.1s)
[2962/4086] BANK2_OM-B_buys_first__T_cross_timing-both_days_input_field-adjusted_rsi_exit-level_rsi_smoothing-simple_same_bar_reentry-allowed_warmup-ready_per_rule: ok fills=304 (44.9s)
[2963/4086] BANK2_OM-B_buys_first__T_cross_timing-both_days_input_field-adjusted_rsi_exit-level_rsi_smoothing-simple_same_bar_reentry-wait_bar_warmup-ready_check: ok fills=296 (45.0s)
[2964/4086] BANK2_OM-B_buys_first__T_cross_timing-both_days_input_field-adjusted_rsi_exit-level_rsi_smoothing-simple_same_bar_reentry-wait_bar_warmup-strict: ok fills=306 (50.1s)
[2965/4086] BANK2_OM-B_buys_first__T_cross_timing-both_days_input_field-adjusted_rsi_exit-level_rsi_smoothing-simple_same_bar_reentry-wait_bar_warmup-ready_per_rule: ok fills=304 (41.7s)
[2966/4086] BANK2_OM-B_buys_first__T_cross_timing-both_days_input_field-adjusted_rsi_exit-cross_rsi_smoothing-wilder_same_bar_reentry-allowed_warmup-strict: ok fills=250 (40.4s)
[2967/4086] BANK2_OM-B_buys_first__T_cross_timing-both_days_input_field-adjusted_rsi_exit-cross_rsi_smoothing-wilder_same_bar_reentry-allowed_warmup-ready_per_rule: ok fills=250 (41.3s)
[2968/4086] BANK2_OM-B_buys_first__T_cross_timing-both_days_input_field-adjusted_rsi_exit-cross_rsi_smoothing-wilder_same_bar_reentry-allowed_warmup-ready_check: ok fills=246 (43.6s)
[2969/4086] BANK2_OM-B_buys_first__T_cross_timing-both_days_input_field-adjusted_rsi_exit-cross_rsi_smoothing-wilder_same_bar_reentry-wait_bar_warmup-strict: ok fills=250 (43.0s)
[2970/4086] BANK2_OM-B_buys_first__T_cross_timing-both_days_input_field-adjusted_rsi_exit-cross_rsi_smoothing-wilder_same_bar_reentry-wait_bar_warmup-ready_check: ok fills=246 (44.6s)
[2971/4086] BANK2_OM-B_buys_first__T_cross_timing-both_days_input_field-adjusted_rsi_exit-cross_rsi_smoothing-simple_same_bar_reentry-allowed_warmup-strict: ok fills=270 (48.4s)
[2972/4086] BANK2_OM-B_buys_first__T_cross_timing-both_days_input_field-adjusted_rsi_exit-cross_rsi_smoothing-wilder_same_bar_reentry-wait_bar_warmup-ready_per_rule: ok fills=250 (50.4s)
[2973/4086] BANK2_OM-B_buys_first__T_cross_timing-both_days_input_field-adjusted_rsi_exit-cross_rsi_smoothing-simple_same_bar_reentry-allowed_warmup-ready_check: ok fills=262 (47.4s)
[2974/4086] BANK2_OM-B_buys_first__T_cross_timing-both_days_input_field-raw_rsi_exit-level_rsi_smoothing-wilder_same_bar_reentry-allowed_warmup-ready_per_rule: exit=1 fills=None (8.3s)
[2975/4086] BANK2_OM-B_buys_first__T_cross_timing-both_days_input_field-adjusted_rsi_exit-cross_rsi_smoothing-simple_same_bar_reentry-allowed_warmup-ready_per_rule: ok fills=268 (50.5s)
[2976/4086] BANK2_OM-B_buys_first__T_cross_timing-both_days_input_field-adjusted_rsi_exit-cross_rsi_smoothing-simple_same_bar_reentry-wait_bar_warmup-ready_check: ok fills=262 (45.2s)
[2977/4086] BANK2_OM-B_buys_first__T_cross_timing-both_days_input_field-adjusted_rsi_exit-cross_rsi_smoothing-simple_same_bar_reentry-wait_bar_warmup-strict: ok fills=270 (48.7s)
[2978/4086] BANK2_OM-B_buys_first__T_cross_timing-both_days_input_field-adjusted_rsi_exit-cross_rsi_smoothing-simple_same_bar_reentry-wait_bar_warmup-ready_per_rule: ok fills=268 (42.6s)
[2979/4086] BANK2_OM-B_buys_first__T_cross_timing-both_days_input_field-raw_rsi_exit-level_rsi_smoothing-wilder_same_bar_reentry-allowed_warmup-strict: ok fills=278 (37.1s)
[2980/4086] BANK2_OM-B_buys_first__T_cross_timing-both_days_input_field-raw_rsi_exit-level_rsi_smoothing-simple_same_bar_reentry-allowed_warmup-ready_per_rule: exit=1 fills=None (7.1s)
[2981/4086] BANK2_OM-B_buys_first__T_cross_timing-both_days_input_field-raw_rsi_exit-level_rsi_smoothing-wilder_same_bar_reentry-allowed_warmup-ready_check: ok fills=274 (42.1s)
[2982/4086] BANK2_OM-B_buys_first__T_cross_timing-both_days_input_field-raw_rsi_exit-level_rsi_smoothing-wilder_same_bar_reentry-wait_bar_warmup-ready_check: ok fills=274 (43.5s)
[2983/4086] BANK2_OM-B_buys_first__T_cross_timing-both_days_input_field-raw_rsi_exit-level_rsi_smoothing-wilder_same_bar_reentry-wait_bar_warmup-strict: ok fills=278 (45.9s)
[2984/4086] BANK2_OM-B_buys_first__T_cross_timing-both_days_input_field-raw_rsi_exit-level_rsi_smoothing-simple_same_bar_reentry-allowed_warmup-strict: ok fills=324 (41.0s)
[2985/4086] BANK2_OM-B_buys_first__T_cross_timing-both_days_input_field-raw_rsi_exit-level_rsi_smoothing-wilder_same_bar_reentry-wait_bar_warmup-ready_per_rule: ok fills=278 (44.6s)
[2986/4086] BANK2_OM-B_buys_first__T_cross_timing-both_days_input_field-raw_rsi_exit-level_rsi_smoothing-simple_same_bar_reentry-allowed_warmup-ready_check: ok fills=314 (42.5s)
[2987/4086] BANK2_OM-B_buys_first__T_cross_timing-both_days_input_field-raw_rsi_exit-cross_rsi_smoothing-wilder_same_bar_reentry-allowed_warmup-strict: exit=1 fills=None (8.1s)
[2988/4086] BANK2_OM-B_buys_first__T_cross_timing-both_days_input_field-raw_rsi_exit-level_rsi_smoothing-simple_same_bar_reentry-wait_bar_warmup-strict: ok fills=324 (45.2s)
[2989/4086] BANK2_OM-B_buys_first__T_cross_timing-both_days_input_field-raw_rsi_exit-level_rsi_smoothing-simple_same_bar_reentry-wait_bar_warmup-ready_check: ok fills=314 (47.3s)
[2990/4086] BANK2_OM-B_buys_first__T_cross_timing-both_days_input_field-raw_rsi_exit-level_rsi_smoothing-simple_same_bar_reentry-wait_bar_warmup-ready_per_rule: ok fills=322 (42.4s)
[2991/4086] BANK2_OM-B_buys_first__T_cross_timing-both_days_input_field-raw_rsi_exit-cross_rsi_smoothing-wilder_same_bar_reentry-allowed_warmup-ready_per_rule: ok fills=264 (39.8s)
[2992/4086] BANK2_OM-B_buys_first__T_cross_timing-both_days_input_field-raw_rsi_exit-cross_rsi_smoothing-wilder_same_bar_reentry-wait_bar_warmup-strict: ok fills=264 (38.8s)
[2993/4086] BANK2_OM-B_buys_first__T_cross_timing-both_days_input_field-raw_rsi_exit-cross_rsi_smoothing-wilder_same_bar_reentry-allowed_warmup-ready_check: ok fills=260 (45.9s)
[2994/4086] BANK2_OM-B_buys_first__T_cross_timing-both_days_input_field-raw_rsi_exit-cross_rsi_smoothing-wilder_same_bar_reentry-wait_bar_warmup-ready_check: ok fills=260 (42.6s)
[2995/4086] BANK2_OM-B_buys_first__T_cross_timing-both_days_input_field-raw_rsi_exit-cross_rsi_smoothing-wilder_same_bar_reentry-wait_bar_warmup-ready_per_rule: ok fills=264 (41.6s)
[2996/4086] BANK2_OM-B_buys_first__T_cross_timing-both_days_input_field-raw_rsi_exit-cross_rsi_smoothing-simple_same_bar_reentry-allowed_warmup-strict: ok fills=290 (40.4s)
[2997/4086] BANK2_OM-B_buys_first__T_cross_timing-both_days_input_field-raw_rsi_exit-cross_rsi_smoothing-simple_same_bar_reentry-allowed_warmup-ready_check: ok fills=282 (40.2s)
[2998/4086] BANK2_OM-B_buys_first__T_cross_timing-both_days_input_field-raw_rsi_exit-cross_rsi_smoothing-simple_same_bar_reentry-allowed_warmup-ready_per_rule: ok fills=288 (47.8s)
[2999/4086] BANK2_OM-B_buys_first__T_cross_timing-both_days_input_field-raw_rsi_exit-cross_rsi_smoothing-simple_same_bar_reentry-wait_bar_warmup-strict: ok fills=290 (43.2s)
[3000/4086] BANK2_OM-B_buys_first__T_cross_timing-both_days_input_field-raw_rsi_exit-cross_rsi_smoothing-simple_same_bar_reentry-wait_bar_warmup-ready_per_rule: ok fills=288 (41.0s)
[3001/4086] BANK2_OM-B_buys_first__T_cross_timing-today_ma_input_field-adjusted_rsi_exit-level_rsi_smoothing-wilder_same_bar_reentry-allowed_warmup-strict: ok fills=262 (42.8s)
[3002/4086] BANK2_OM-B_buys_first__T_cross_timing-both_days_input_field-raw_rsi_exit-cross_rsi_smoothing-simple_same_bar_reentry-wait_bar_warmup-ready_check: ok fills=282 (53.2s)
[3003/4086] BANK2_OM-B_buys_first__T_cross_timing-today_ma_input_field-adjusted_rsi_exit-level_rsi_smoothing-wilder_same_bar_reentry-allowed_warmup-ready_check: ok fills=258 (47.6s)
[3004/4086] BANK2_OM-B_buys_first__T_cross_timing-today_ma_input_field-adjusted_rsi_exit-level_rsi_smoothing-wilder_same_bar_reentry-wait_bar_warmup-strict: ok fills=262 (40.4s)
[3005/4086] BANK2_OM-B_buys_first__T_cross_timing-today_ma_input_field-adjusted_rsi_exit-level_rsi_smoothing-wilder_same_bar_reentry-allowed_warmup-ready_per_rule: ok fills=262 (43.0s)
[3006/4086] BANK2_OM-B_buys_first__T_cross_timing-today_ma_input_field-adjusted_rsi_exit-level_rsi_smoothing-wilder_same_bar_reentry-wait_bar_warmup-ready_check: ok fills=258 (43.8s)
[3007/4086] BANK2_OM-B_buys_first__T_cross_timing-today_ma_input_field-adjusted_rsi_exit-level_rsi_smoothing-wilder_same_bar_reentry-wait_bar_warmup-ready_per_rule: ok fills=262 (43.3s)
[3008/4086] BANK2_OM-B_buys_first__T_cross_timing-today_ma_input_field-adjusted_rsi_exit-level_rsi_smoothing-simple_same_bar_reentry-allowed_warmup-strict: ok fills=302 (43.2s)
[3009/4086] BANK2_OM-B_buys_first__T_cross_timing-today_ma_input_field-adjusted_rsi_exit-level_rsi_smoothing-simple_same_bar_reentry-wait_bar_warmup-strict: ok fills=302 (45.9s)
[3010/4086] BANK2_OM-B_buys_first__T_cross_timing-today_ma_input_field-adjusted_rsi_exit-level_rsi_smoothing-simple_same_bar_reentry-allowed_warmup-ready_check: ok fills=292 (51.8s)
[3011/4086] BANK2_OM-B_buys_first__T_cross_timing-today_ma_input_field-adjusted_rsi_exit-level_rsi_smoothing-simple_same_bar_reentry-allowed_warmup-ready_per_rule: ok fills=300 (50.4s)
[3012/4086] BANK2_OM-B_buys_first__T_cross_timing-today_ma_input_field-adjusted_rsi_exit-level_rsi_smoothing-simple_same_bar_reentry-wait_bar_warmup-ready_check: ok fills=292 (49.0s)
[3013/4086] BANK2_OM-B_buys_first__T_cross_timing-today_ma_input_field-adjusted_rsi_exit-cross_rsi_smoothing-wilder_same_bar_reentry-wait_bar_warmup-strict: exit=1 fills=None (7.6s)
[3014/4086] BANK2_OM-B_buys_first__T_cross_timing-today_ma_input_field-adjusted_rsi_exit-level_rsi_smoothing-simple_same_bar_reentry-wait_bar_warmup-ready_per_rule: ok fills=300 (49.0s)
[3015/4086] BANK2_OM-B_buys_first__T_cross_timing-today_ma_input_field-adjusted_rsi_exit-cross_rsi_smoothing-wilder_same_bar_reentry-allowed_warmup-strict: ok fills=246 (40.6s)
[3016/4086] BANK2_OM-B_buys_first__T_cross_timing-today_ma_input_field-adjusted_rsi_exit-cross_rsi_smoothing-wilder_same_bar_reentry-allowed_warmup-ready_check: ok fills=242 (41.3s)
[3017/4086] BANK2_OM-B_buys_first__T_cross_timing-today_ma_input_field-adjusted_rsi_exit-cross_rsi_smoothing-wilder_same_bar_reentry-allowed_warmup-ready_per_rule: ok fills=246 (42.6s)
[3018/4086] BANK2_OM-B_buys_first__T_cross_timing-today_ma_input_field-adjusted_rsi_exit-cross_rsi_smoothing-simple_same_bar_reentry-allowed_warmup-ready_check: ok fills=258 (38.8s)
[3019/4086] BANK2_OM-B_buys_first__T_cross_timing-today_ma_input_field-adjusted_rsi_exit-cross_rsi_smoothing-wilder_same_bar_reentry-wait_bar_warmup-ready_check: ok fills=242 (45.5s)
[3020/4086] BANK2_OM-B_buys_first__T_cross_timing-today_ma_input_field-adjusted_rsi_exit-cross_rsi_smoothing-wilder_same_bar_reentry-wait_bar_warmup-ready_per_rule: ok fills=246 (47.8s)
[3021/4086] BANK2_OM-B_buys_first__T_cross_timing-today_ma_input_field-adjusted_rsi_exit-cross_rsi_smoothing-simple_same_bar_reentry-allowed_warmup-strict: ok fills=266 (46.2s)
[3022/4086] BANK2_OM-B_buys_first__T_cross_timing-today_ma_input_field-adjusted_rsi_exit-cross_rsi_smoothing-simple_same_bar_reentry-allowed_warmup-ready_per_rule: ok fills=264 (47.7s)
[3023/4086] BANK2_OM-B_buys_first__T_cross_timing-today_ma_input_field-adjusted_rsi_exit-cross_rsi_smoothing-simple_same_bar_reentry-wait_bar_warmup-strict: ok fills=266 (43.4s)
[3024/4086] BANK2_OM-B_buys_first__T_cross_timing-today_ma_input_field-raw_rsi_exit-level_rsi_smoothing-wilder_same_bar_reentry-allowed_warmup-ready_per_rule: exit=1 fills=None (12.4s)
[3025/4086] BANK2_OM-B_buys_first__T_cross_timing-today_ma_input_field-adjusted_rsi_exit-cross_rsi_smoothing-simple_same_bar_reentry-wait_bar_warmup-ready_check: ok fills=258 (51.5s)
[3026/4086] BANK2_OM-B_buys_first__T_cross_timing-today_ma_input_field-adjusted_rsi_exit-cross_rsi_smoothing-simple_same_bar_reentry-wait_bar_warmup-ready_per_rule: ok fills=264 (47.9s)
[3027/4086] BANK2_OM-B_buys_first__T_cross_timing-today_ma_input_field-raw_rsi_exit-level_rsi_smoothing-wilder_same_bar_reentry-allowed_warmup-strict: ok fills=276 (51.0s)
[3028/4086] BANK2_OM-B_buys_first__T_cross_timing-today_ma_input_field-raw_rsi_exit-level_rsi_smoothing-wilder_same_bar_reentry-allowed_warmup-ready_check: ok fills=272 (51.0s)
[3029/4086] BANK2_OM-B_buys_first__T_cross_timing-today_ma_input_field-raw_rsi_exit-level_rsi_smoothing-wilder_same_bar_reentry-wait_bar_warmup-ready_per_rule: ok fills=276 (45.9s)
[3030/4086] BANK2_OM-B_buys_first__T_cross_timing-today_ma_input_field-raw_rsi_exit-level_rsi_smoothing-simple_same_bar_reentry-allowed_warmup-strict: ok fills=322 (46.1s)
[3031/4086] BANK2_OM-B_buys_first__T_cross_timing-today_ma_input_field-raw_rsi_exit-level_rsi_smoothing-wilder_same_bar_reentry-wait_bar_warmup-ready_check: ok fills=272 (54.4s)
[3032/4086] BANK2_OM-B_buys_first__T_cross_timing-today_ma_input_field-raw_rsi_exit-level_rsi_smoothing-wilder_same_bar_reentry-wait_bar_warmup-strict: ok fills=276 (56.3s)
[3033/4086] BANK2_OM-B_buys_first__T_cross_timing-today_ma_input_field-raw_rsi_exit-level_rsi_smoothing-simple_same_bar_reentry-allowed_warmup-ready_check: ok fills=312 (48.4s)
[3034/4086] BANK2_OM-B_buys_first__T_cross_timing-today_ma_input_field-raw_rsi_exit-level_rsi_smoothing-simple_same_bar_reentry-allowed_warmup-ready_per_rule: ok fills=320 (48.8s)
[3035/4086] BANK2_OM-B_buys_first__T_cross_timing-today_ma_input_field-raw_rsi_exit-level_rsi_smoothing-simple_same_bar_reentry-wait_bar_warmup-strict: ok fills=322 (44.5s)
[3036/4086] BANK2_OM-B_buys_first__T_cross_timing-today_ma_input_field-raw_rsi_exit-level_rsi_smoothing-simple_same_bar_reentry-wait_bar_warmup-ready_check: ok fills=312 (44.9s)
[3037/4086] BANK2_OM-B_buys_first__T_cross_timing-today_ma_input_field-raw_rsi_exit-level_rsi_smoothing-simple_same_bar_reentry-wait_bar_warmup-ready_per_rule: ok fills=320 (48.2s)
[3038/4086] BANK2_OM-B_buys_first__T_cross_timing-today_ma_input_field-raw_rsi_exit-cross_rsi_smoothing-wilder_same_bar_reentry-allowed_warmup-ready_per_rule: ok fills=262 (48.1s)
[3039/4086] BANK2_OM-B_buys_first__T_cross_timing-today_ma_input_field-raw_rsi_exit-cross_rsi_smoothing-wilder_same_bar_reentry-allowed_warmup-strict: ok fills=262 (49.5s)
[3040/4086] BANK2_OM-B_buys_first__T_cross_timing-today_ma_input_field-raw_rsi_exit-cross_rsi_smoothing-wilder_same_bar_reentry-allowed_warmup-ready_check: ok fills=258 (50.5s)
[3041/4086] BANK2_OM-B_buys_first__T_cross_timing-today_ma_input_field-raw_rsi_exit-cross_rsi_smoothing-wilder_same_bar_reentry-wait_bar_warmup-strict: ok fills=262 (42.4s)
[3042/4086] BANK2_OM-B_buys_first__T_cross_timing-today_ma_input_field-raw_rsi_exit-cross_rsi_smoothing-wilder_same_bar_reentry-wait_bar_warmup-ready_check: ok fills=258 (42.9s)
[3043/4086] BANK2_OM-B_buys_first__T_cross_timing-today_ma_input_field-raw_rsi_exit-cross_rsi_smoothing-simple_same_bar_reentry-allowed_warmup-strict: ok fills=288 (42.3s)
[3044/4086] BANK2_OM-B_buys_first__T_cross_timing-today_ma_input_field-raw_rsi_exit-cross_rsi_smoothing-wilder_same_bar_reentry-wait_bar_warmup-ready_per_rule: ok fills=262 (44.9s)
[3045/4086] BANK2_OM-B_buys_first__T_cross_timing-today_ma_input_field-raw_rsi_exit-cross_rsi_smoothing-simple_same_bar_reentry-wait_bar_warmup-strict: ok fills=288 (41.1s)
[3046/4086] BANK2_OM-B_buys_first__T_cross_timing-today_ma_input_field-raw_rsi_exit-cross_rsi_smoothing-simple_same_bar_reentry-allowed_warmup-ready_per_rule: ok fills=286 (44.3s)
[3047/4086] BANK2_OM-B_buys_first__T_cross_timing-today_ma_input_field-raw_rsi_exit-cross_rsi_smoothing-simple_same_bar_reentry-allowed_warmup-ready_check: ok fills=280 (45.2s)
[3048/4086] BANK2_OM-B_buys_first__T_cross_timing-today_ma_input_field-raw_rsi_exit-cross_rsi_smoothing-simple_same_bar_reentry-wait_bar_warmup-ready_check: ok fills=280 (42.7s)
[3049/4086] BANK2_OM-B_buys_first__T_cross_timing-today_ma_input_field-raw_rsi_exit-cross_rsi_smoothing-simple_same_bar_reentry-wait_bar_warmup-ready_per_rule: ok fills=286 (42.9s)
[3050/4086] BANK2_OM-B_buys_first__OAT_a_exec-set_holdings: ok fills=266 (41.9s)
[3051/4086] BANK2_OM-C_parallel__T_cross_timing-both_days_input_field-adjusted_rsi_exit-level_rsi_smoothing-wilder_same_bar_reentry-wait_bar_warmup-ready_check: exit=1 fills=None (11.9s)
[3052/4086] BANK2_OM-C_parallel__T_cross_timing-both_days_input_field-adjusted_rsi_exit-level_rsi_smoothing-wilder_same_bar_reentry-allowed_warmup-ready_check: ok fills=266 (44.7s)
[3053/4086] BANK2_OM-C_parallel__ref: ok fills=270 (47.0s)
[3054/4086] BANK2_OM-C_parallel__T_cross_timing-both_days_input_field-adjusted_rsi_exit-level_rsi_smoothing-wilder_same_bar_reentry-wait_bar_warmup-ready_per_rule: ok fills=266 (42.3s)
[3055/4086] BANK2_OM-C_parallel__T_cross_timing-both_days_input_field-adjusted_rsi_exit-level_rsi_smoothing-wilder_same_bar_reentry-wait_bar_warmup-strict: ok fills=266 (43.2s)
[3056/4086] BANK2_OM-C_parallel__T_cross_timing-both_days_input_field-adjusted_rsi_exit-level_rsi_smoothing-wilder_same_bar_reentry-allowed_warmup-ready_per_rule: ok fills=270 (45.7s)
[3057/4086] BANK2_OM-C_parallel__T_cross_timing-both_days_input_field-adjusted_rsi_exit-level_rsi_smoothing-simple_same_bar_reentry-allowed_warmup-strict: ok fills=320 (44.4s)
[3058/4086] BANK2_OM-C_parallel__T_cross_timing-both_days_input_field-adjusted_rsi_exit-level_rsi_smoothing-simple_same_bar_reentry-allowed_warmup-ready_check: ok fills=306 (45.9s)
[3059/4086] BANK2_OM-C_parallel__T_cross_timing-both_days_input_field-adjusted_rsi_exit-level_rsi_smoothing-simple_same_bar_reentry-allowed_warmup-ready_per_rule: ok fills=318 (45.5s)
[3060/4086] BANK2_OM-C_parallel__T_cross_timing-both_days_input_field-adjusted_rsi_exit-level_rsi_smoothing-simple_same_bar_reentry-wait_bar_warmup-ready_check: ok fills=296 (46.3s)
[3061/4086] BANK2_OM-C_parallel__T_cross_timing-both_days_input_field-adjusted_rsi_exit-level_rsi_smoothing-simple_same_bar_reentry-wait_bar_warmup-strict: ok fills=306 (47.0s)
[3062/4086] BANK2_OM-C_parallel__T_cross_timing-both_days_input_field-adjusted_rsi_exit-cross_rsi_smoothing-wilder_same_bar_reentry-allowed_warmup-strict: ok fills=250 (45.5s)
[3063/4086] BANK2_OM-C_parallel__T_cross_timing-both_days_input_field-adjusted_rsi_exit-level_rsi_smoothing-simple_same_bar_reentry-wait_bar_warmup-ready_per_rule: ok fills=304 (47.3s)
[3064/4086] BANK2_OM-C_parallel__T_cross_timing-both_days_input_field-adjusted_rsi_exit-cross_rsi_smoothing-wilder_same_bar_reentry-allowed_warmup-ready_check: ok fills=246 (46.9s)
[3065/4086] BANK2_OM-C_parallel__T_cross_timing-both_days_input_field-adjusted_rsi_exit-cross_rsi_smoothing-wilder_same_bar_reentry-allowed_warmup-ready_per_rule: ok fills=250 (44.8s)
[3066/4086] BANK2_OM-C_parallel__T_cross_timing-both_days_input_field-adjusted_rsi_exit-cross_rsi_smoothing-wilder_same_bar_reentry-wait_bar_warmup-ready_check: ok fills=246 (44.3s)
[3067/4086] BANK2_OM-C_parallel__T_cross_timing-both_days_input_field-adjusted_rsi_exit-cross_rsi_smoothing-simple_same_bar_reentry-allowed_warmup-ready_check: exit=1 fills=None (15.1s)
[3068/4086] BANK2_OM-C_parallel__T_cross_timing-both_days_input_field-adjusted_rsi_exit-cross_rsi_smoothing-wilder_same_bar_reentry-wait_bar_warmup-strict: ok fills=250 (47.7s)
[3069/4086] BANK2_OM-C_parallel__T_cross_timing-both_days_input_field-adjusted_rsi_exit-cross_rsi_smoothing-wilder_same_bar_reentry-wait_bar_warmup-ready_per_rule: ok fills=250 (39.6s)
[3070/4086] BANK2_OM-C_parallel__T_cross_timing-both_days_input_field-adjusted_rsi_exit-cross_rsi_smoothing-simple_same_bar_reentry-allowed_warmup-strict: ok fills=270 (40.8s)
[3071/4086] BANK2_OM-C_parallel__T_cross_timing-both_days_input_field-adjusted_rsi_exit-cross_rsi_smoothing-simple_same_bar_reentry-wait_bar_warmup-strict: ok fills=270 (42.8s)
[3072/4086] BANK2_OM-C_parallel__T_cross_timing-both_days_input_field-adjusted_rsi_exit-cross_rsi_smoothing-simple_same_bar_reentry-allowed_warmup-ready_per_rule: ok fills=268 (44.0s)
[3073/4086] BANK2_OM-C_parallel__T_cross_timing-both_days_input_field-adjusted_rsi_exit-cross_rsi_smoothing-simple_same_bar_reentry-wait_bar_warmup-ready_check: ok fills=262 (47.5s)
[3074/4086] BANK2_OM-C_parallel__T_cross_timing-both_days_input_field-raw_rsi_exit-level_rsi_smoothing-wilder_same_bar_reentry-allowed_warmup-strict: ok fills=280 (46.6s)
[3075/4086] BANK2_OM-C_parallel__T_cross_timing-both_days_input_field-raw_rsi_exit-level_rsi_smoothing-wilder_same_bar_reentry-allowed_warmup-ready_check: ok fills=276 (48.0s)
[3076/4086] BANK2_OM-C_parallel__T_cross_timing-both_days_input_field-adjusted_rsi_exit-cross_rsi_smoothing-simple_same_bar_reentry-wait_bar_warmup-ready_per_rule: ok fills=268 (51.2s)
[3077/4086] BANK2_OM-C_parallel__T_cross_timing-both_days_input_field-raw_rsi_exit-level_rsi_smoothing-wilder_same_bar_reentry-allowed_warmup-ready_per_rule: ok fills=280 (45.4s)
[3078/4086] BANK2_OM-C_parallel__T_cross_timing-both_days_input_field-raw_rsi_exit-level_rsi_smoothing-wilder_same_bar_reentry-wait_bar_warmup-strict: ok fills=278 (45.0s)
[3079/4086] BANK2_OM-C_parallel__T_cross_timing-both_days_input_field-raw_rsi_exit-level_rsi_smoothing-simple_same_bar_reentry-wait_bar_warmup-strict: exit=1 fills=None (8.4s)
[3080/4086] BANK2_OM-C_parallel__T_cross_timing-both_days_input_field-raw_rsi_exit-level_rsi_smoothing-wilder_same_bar_reentry-wait_bar_warmup-ready_per_rule: ok fills=278 (41.5s)
[3081/4086] BANK2_OM-C_parallel__T_cross_timing-both_days_input_field-raw_rsi_exit-level_rsi_smoothing-wilder_same_bar_reentry-wait_bar_warmup-ready_check: ok fills=274 (43.4s)
[3082/4086] BANK2_OM-C_parallel__T_cross_timing-both_days_input_field-raw_rsi_exit-level_rsi_smoothing-simple_same_bar_reentry-allowed_warmup-strict: ok fills=338 (42.9s)
[3083/4086] BANK2_OM-C_parallel__T_cross_timing-both_days_input_field-raw_rsi_exit-level_rsi_smoothing-simple_same_bar_reentry-allowed_warmup-ready_check: ok fills=324 (40.6s)
[3084/4086] BANK2_OM-C_parallel__T_cross_timing-both_days_input_field-raw_rsi_exit-level_rsi_smoothing-simple_same_bar_reentry-allowed_warmup-ready_per_rule: ok fills=336 (43.2s)
[3085/4086] BANK2_OM-C_parallel__T_cross_timing-both_days_input_field-raw_rsi_exit-level_rsi_smoothing-simple_same_bar_reentry-wait_bar_warmup-ready_per_rule: ok fills=322 (46.1s)
[3086/4086] BANK2_OM-C_parallel__T_cross_timing-both_days_input_field-raw_rsi_exit-level_rsi_smoothing-simple_same_bar_reentry-wait_bar_warmup-ready_check: ok fills=314 (49.6s)
[3087/4086] BANK2_OM-C_parallel__T_cross_timing-both_days_input_field-raw_rsi_exit-cross_rsi_smoothing-wilder_same_bar_reentry-allowed_warmup-strict: ok fills=264 (52.9s)
[3088/4086] BANK2_OM-C_parallel__T_cross_timing-both_days_input_field-raw_rsi_exit-cross_rsi_smoothing-wilder_same_bar_reentry-allowed_warmup-ready_check: ok fills=260 (48.4s)
[3089/4086] BANK2_OM-C_parallel__T_cross_timing-both_days_input_field-raw_rsi_exit-cross_rsi_smoothing-wilder_same_bar_reentry-allowed_warmup-ready_per_rule: ok fills=264 (47.8s)
[3090/4086] BANK2_OM-C_parallel__T_cross_timing-both_days_input_field-raw_rsi_exit-cross_rsi_smoothing-simple_same_bar_reentry-allowed_warmup-ready_per_rule: exit=1 fills=None (9.8s)
[3091/4086] BANK2_OM-C_parallel__T_cross_timing-both_days_input_field-raw_rsi_exit-cross_rsi_smoothing-wilder_same_bar_reentry-wait_bar_warmup-strict: ok fills=264 (45.9s)
[3092/4086] BANK2_OM-C_parallel__T_cross_timing-both_days_input_field-raw_rsi_exit-cross_rsi_smoothing-wilder_same_bar_reentry-wait_bar_warmup-ready_check: ok fills=260 (47.9s)
[3093/4086] BANK2_OM-C_parallel__T_cross_timing-both_days_input_field-raw_rsi_exit-cross_rsi_smoothing-wilder_same_bar_reentry-wait_bar_warmup-ready_per_rule: ok fills=264 (46.2s)
[3094/4086] BANK2_OM-C_parallel__T_cross_timing-both_days_input_field-raw_rsi_exit-cross_rsi_smoothing-simple_same_bar_reentry-allowed_warmup-strict: ok fills=290 (41.5s)
[3095/4086] BANK2_OM-C_parallel__T_cross_timing-today_ma_input_field-adjusted_rsi_exit-level_rsi_smoothing-wilder_same_bar_reentry-allowed_warmup-ready_per_rule: exit=1 fills=None (7.8s)
[3096/4086] BANK2_OM-C_parallel__T_cross_timing-both_days_input_field-raw_rsi_exit-cross_rsi_smoothing-simple_same_bar_reentry-allowed_warmup-ready_check: ok fills=282 (44.6s)
[3097/4086] BANK2_OM-C_parallel__T_cross_timing-both_days_input_field-raw_rsi_exit-cross_rsi_smoothing-simple_same_bar_reentry-wait_bar_warmup-ready_check: ok fills=282 (46.9s)
[3098/4086] BANK2_OM-C_parallel__T_cross_timing-both_days_input_field-raw_rsi_exit-cross_rsi_smoothing-simple_same_bar_reentry-wait_bar_warmup-strict: ok fills=290 (47.5s)
[3099/4086] BANK2_OM-C_parallel__T_cross_timing-both_days_input_field-raw_rsi_exit-cross_rsi_smoothing-simple_same_bar_reentry-wait_bar_warmup-ready_per_rule: ok fills=288 (47.3s)
[3100/4086] BANK2_OM-C_parallel__T_cross_timing-today_ma_input_field-adjusted_rsi_exit-level_rsi_smoothing-wilder_same_bar_reentry-allowed_warmup-strict: ok fills=266 (43.5s)
[3101/4086] BANK2_OM-C_parallel__T_cross_timing-today_ma_input_field-adjusted_rsi_exit-level_rsi_smoothing-simple_same_bar_reentry-allowed_warmup-ready_per_rule: exit=1 fills=None (7.7s)
[3102/4086] BANK2_OM-C_parallel__T_cross_timing-today_ma_input_field-adjusted_rsi_exit-level_rsi_smoothing-wilder_same_bar_reentry-allowed_warmup-ready_check: ok fills=262 (45.7s)
[3103/4086] BANK2_OM-C_parallel__T_cross_timing-today_ma_input_field-adjusted_rsi_exit-level_rsi_smoothing-wilder_same_bar_reentry-wait_bar_warmup-strict: ok fills=262 (48.2s)
[3104/4086] BANK2_OM-C_parallel__T_cross_timing-today_ma_input_field-adjusted_rsi_exit-level_rsi_smoothing-wilder_same_bar_reentry-wait_bar_warmup-ready_check: ok fills=258 (50.1s)
[3105/4086] BANK2_OM-C_parallel__T_cross_timing-today_ma_input_field-adjusted_rsi_exit-level_rsi_smoothing-wilder_same_bar_reentry-wait_bar_warmup-ready_per_rule: ok fills=262 (48.2s)
[3106/4086] BANK2_OM-C_parallel__T_cross_timing-today_ma_input_field-adjusted_rsi_exit-level_rsi_smoothing-simple_same_bar_reentry-allowed_warmup-strict: ok fills=316 (43.2s)
[3107/4086] BANK2_OM-C_parallel__T_cross_timing-today_ma_input_field-adjusted_rsi_exit-level_rsi_smoothing-simple_same_bar_reentry-allowed_warmup-ready_check: ok fills=302 (44.3s)
[3108/4086] BANK2_OM-C_parallel__T_cross_timing-today_ma_input_field-adjusted_rsi_exit-level_rsi_smoothing-simple_same_bar_reentry-wait_bar_warmup-strict: ok fills=302 (44.0s)
[3109/4086] BANK2_OM-C_parallel__T_cross_timing-today_ma_input_field-adjusted_rsi_exit-level_rsi_smoothing-simple_same_bar_reentry-wait_bar_warmup-ready_per_rule: ok fills=300 (41.7s)
[3110/4086] BANK2_OM-C_parallel__T_cross_timing-today_ma_input_field-adjusted_rsi_exit-cross_rsi_smoothing-wilder_same_bar_reentry-wait_bar_warmup-strict: exit=1 fills=None (12.2s)
[3111/4086] BANK2_OM-C_parallel__T_cross_timing-today_ma_input_field-adjusted_rsi_exit-level_rsi_smoothing-simple_same_bar_reentry-wait_bar_warmup-ready_check: ok fills=292 (47.3s)
[3112/4086] BANK2_OM-C_parallel__T_cross_timing-today_ma_input_field-adjusted_rsi_exit-cross_rsi_smoothing-wilder_same_bar_reentry-allowed_warmup-strict: ok fills=246 (47.2s)
[3113/4086] BANK2_OM-C_parallel__T_cross_timing-today_ma_input_field-adjusted_rsi_exit-cross_rsi_smoothing-wilder_same_bar_reentry-allowed_warmup-ready_check: ok fills=242 (45.8s)
[3114/4086] BANK2_OM-C_parallel__T_cross_timing-today_ma_input_field-adjusted_rsi_exit-cross_rsi_smoothing-wilder_same_bar_reentry-allowed_warmup-ready_per_rule: ok fills=246 (47.8s)
[3115/4086] BANK2_OM-C_parallel__T_cross_timing-today_ma_input_field-adjusted_rsi_exit-cross_rsi_smoothing-wilder_same_bar_reentry-wait_bar_warmup-ready_check: ok fills=242 (50.4s)
[3116/4086] BANK2_OM-C_parallel__T_cross_timing-today_ma_input_field-adjusted_rsi_exit-cross_rsi_smoothing-wilder_same_bar_reentry-wait_bar_warmup-ready_per_rule: ok fills=246 (46.1s)
[3117/4086] BANK2_OM-C_parallel__T_cross_timing-today_ma_input_field-adjusted_rsi_exit-cross_rsi_smoothing-simple_same_bar_reentry-allowed_warmup-ready_per_rule: ok fills=264 (48.5s)
[3118/4086] BANK2_OM-C_parallel__T_cross_timing-today_ma_input_field-adjusted_rsi_exit-cross_rsi_smoothing-simple_same_bar_reentry-allowed_warmup-strict: ok fills=266 (49.4s)
[3119/4086] BANK2_OM-C_parallel__T_cross_timing-today_ma_input_field-raw_rsi_exit-level_rsi_smoothing-wilder_same_bar_reentry-allowed_warmup-strict: exit=1 fills=None (9.3s)
[3120/4086] BANK2_OM-C_parallel__T_cross_timing-today_ma_input_field-adjusted_rsi_exit-cross_rsi_smoothing-simple_same_bar_reentry-allowed_warmup-ready_check: ok fills=258 (49.9s)
[3121/4086] BANK2_OM-C_parallel__T_cross_timing-today_ma_input_field-adjusted_rsi_exit-cross_rsi_smoothing-simple_same_bar_reentry-wait_bar_warmup-ready_per_rule: ok fills=264 (40.3s)
[3122/4086] BANK2_OM-C_parallel__T_cross_timing-today_ma_input_field-adjusted_rsi_exit-cross_rsi_smoothing-simple_same_bar_reentry-wait_bar_warmup-strict: ok fills=266 (47.2s)
[3123/4086] BANK2_OM-C_parallel__T_cross_timing-today_ma_input_field-adjusted_rsi_exit-cross_rsi_smoothing-simple_same_bar_reentry-wait_bar_warmup-ready_check: ok fills=258 (46.8s)
[3124/4086] BANK2_OM-C_parallel__T_cross_timing-today_ma_input_field-raw_rsi_exit-level_rsi_smoothing-wilder_same_bar_reentry-allowed_warmup-ready_check: ok fills=274 (40.0s)
[3125/4086] BANK2_OM-C_parallel__T_cross_timing-today_ma_input_field-raw_rsi_exit-level_rsi_smoothing-wilder_same_bar_reentry-wait_bar_warmup-ready_check: ok fills=272 (46.6s)
[3126/4086] BANK2_OM-C_parallel__T_cross_timing-today_ma_input_field-raw_rsi_exit-level_rsi_smoothing-wilder_same_bar_reentry-wait_bar_warmup-ready_per_rule: ok fills=276 (45.6s)
[3127/4086] BANK2_OM-C_parallel__T_cross_timing-today_ma_input_field-raw_rsi_exit-level_rsi_smoothing-wilder_same_bar_reentry-allowed_warmup-ready_per_rule: ok fills=278 (47.1s)
[3128/4086] BANK2_OM-C_parallel__T_cross_timing-today_ma_input_field-raw_rsi_exit-level_rsi_smoothing-wilder_same_bar_reentry-wait_bar_warmup-strict: ok fills=276 (47.3s)
[3129/4086] BANK2_OM-C_parallel__T_cross_timing-today_ma_input_field-raw_rsi_exit-level_rsi_smoothing-simple_same_bar_reentry-allowed_warmup-ready_per_rule: ok fills=334 (44.7s)
[3130/4086] BANK2_OM-C_parallel__T_cross_timing-today_ma_input_field-raw_rsi_exit-level_rsi_smoothing-simple_same_bar_reentry-allowed_warmup-strict: ok fills=336 (48.0s)
[3131/4086] BANK2_OM-C_parallel__T_cross_timing-today_ma_input_field-raw_rsi_exit-level_rsi_smoothing-simple_same_bar_reentry-allowed_warmup-ready_check: ok fills=322 (49.8s)
[3132/4086] BANK2_OM-C_parallel__T_cross_timing-today_ma_input_field-raw_rsi_exit-level_rsi_smoothing-simple_same_bar_reentry-wait_bar_warmup-strict: ok fills=322 (42.6s)
[3133/4086] BANK2_OM-C_parallel__T_cross_timing-today_ma_input_field-raw_rsi_exit-level_rsi_smoothing-simple_same_bar_reentry-wait_bar_warmup-ready_check: ok fills=312 (42.5s)
[3134/4086] BANK2_OM-C_parallel__T_cross_timing-today_ma_input_field-raw_rsi_exit-level_rsi_smoothing-simple_same_bar_reentry-wait_bar_warmup-ready_per_rule: ok fills=320 (43.3s)
[3135/4086] BANK2_OM-C_parallel__T_cross_timing-today_ma_input_field-raw_rsi_exit-cross_rsi_smoothing-wilder_same_bar_reentry-allowed_warmup-strict: ok fills=262 (44.0s)
[3136/4086] BANK2_OM-C_parallel__T_cross_timing-today_ma_input_field-raw_rsi_exit-cross_rsi_smoothing-wilder_same_bar_reentry-allowed_warmup-ready_check: ok fills=258 (45.4s)
[3137/4086] BANK2_OM-C_parallel__T_cross_timing-today_ma_input_field-raw_rsi_exit-cross_rsi_smoothing-wilder_same_bar_reentry-wait_bar_warmup-strict: ok fills=262 (40.8s)
[3138/4086] BANK2_OM-C_parallel__T_cross_timing-today_ma_input_field-raw_rsi_exit-cross_rsi_smoothing-wilder_same_bar_reentry-allowed_warmup-ready_per_rule: ok fills=262 (44.5s)
[3139/4086] BANK2_OM-C_parallel__T_cross_timing-today_ma_input_field-raw_rsi_exit-cross_rsi_smoothing-wilder_same_bar_reentry-wait_bar_warmup-ready_check: ok fills=258 (44.2s)
[3140/4086] BANK2_OM-C_parallel__T_cross_timing-today_ma_input_field-raw_rsi_exit-cross_rsi_smoothing-wilder_same_bar_reentry-wait_bar_warmup-ready_per_rule: ok fills=262 (42.5s)
[3141/4086] BANK2_OM-C_parallel__OAT_a_exec-set_holdings: exit=1 fills=None (8.7s)
[3142/4086] BANK2_OM-C_parallel__T_cross_timing-today_ma_input_field-raw_rsi_exit-cross_rsi_smoothing-simple_same_bar_reentry-allowed_warmup-ready_check: ok fills=280 (49.5s)
[3143/4086] BANK2_OM-C_parallel__T_cross_timing-today_ma_input_field-raw_rsi_exit-cross_rsi_smoothing-simple_same_bar_reentry-allowed_warmup-strict: ok fills=288 (50.7s)
[3144/4086] BANK2_OM-C_parallel__T_cross_timing-today_ma_input_field-raw_rsi_exit-cross_rsi_smoothing-simple_same_bar_reentry-wait_bar_warmup-strict: ok fills=288 (47.7s)
[3145/4086] BANK2_OM-C_parallel__T_cross_timing-today_ma_input_field-raw_rsi_exit-cross_rsi_smoothing-simple_same_bar_reentry-allowed_warmup-ready_per_rule: ok fills=286 (49.7s)
[3146/4086] BANK2_OM-C_parallel__T_cross_timing-today_ma_input_field-raw_rsi_exit-cross_rsi_smoothing-simple_same_bar_reentry-wait_bar_warmup-ready_check: ok fills=280 (42.3s)
[3147/4086] BANK2_OM-C_parallel__T_cross_timing-today_ma_input_field-raw_rsi_exit-cross_rsi_smoothing-simple_same_bar_reentry-wait_bar_warmup-ready_per_rule: ok fills=286 (41.6s)
[3148/4086] BANK2_OM-C_race__ref: ok fills=131 (39.7s)
[3149/4086] BANK2_OM-C_race__T_cross_timing-both_days_input_field-adjusted_rsi_exit-level_rsi_smoothing-wilder_same_bar_reentry-allowed_warmup-ready_check: ok fills=127 (40.4s)
[3150/4086] BANK2_OM-C_race__T_cross_timing-both_days_input_field-adjusted_rsi_exit-level_rsi_smoothing-wilder_same_bar_reentry-wait_bar_warmup-strict: ok fills=145 (40.3s)
[3151/4086] BANK2_OM-C_race__T_cross_timing-both_days_input_field-adjusted_rsi_exit-level_rsi_smoothing-wilder_same_bar_reentry-allowed_warmup-ready_per_rule: ok fills=131 (42.9s)
[3152/4086] BANK2_OM-C_race__T_cross_timing-both_days_input_field-adjusted_rsi_exit-level_rsi_smoothing-wilder_same_bar_reentry-wait_bar_warmup-ready_check: ok fills=141 (43.2s)
[3153/4086] BANK2_OM-C_race__T_cross_timing-both_days_input_field-adjusted_rsi_exit-level_rsi_smoothing-wilder_same_bar_reentry-wait_bar_warmup-ready_per_rule: ok fills=145 (44.3s)
[3154/4086] BANK2_OM-C_race__T_cross_timing-both_days_input_field-adjusted_rsi_exit-level_rsi_smoothing-simple_same_bar_reentry-allowed_warmup-strict: ok fills=179 (42.4s)
[3155/4086] BANK2_OM-C_race__T_cross_timing-both_days_input_field-adjusted_rsi_exit-level_rsi_smoothing-simple_same_bar_reentry-allowed_warmup-ready_check: ok fills=169 (42.0s)
[3156/4086] BANK2_OM-C_race__T_cross_timing-both_days_input_field-adjusted_rsi_exit-level_rsi_smoothing-simple_same_bar_reentry-allowed_warmup-ready_per_rule: ok fills=177 (41.5s)
[3157/4086] BANK2_OM-C_race__T_cross_timing-both_days_input_field-adjusted_rsi_exit-cross_rsi_smoothing-wilder_same_bar_reentry-wait_bar_warmup-strict: exit=1 fills=None (11.0s)
[3158/4086] BANK2_OM-C_race__T_cross_timing-both_days_input_field-adjusted_rsi_exit-level_rsi_smoothing-simple_same_bar_reentry-wait_bar_warmup-strict: ok fills=191 (46.0s)
[3159/4086] BANK2_OM-C_race__T_cross_timing-both_days_input_field-adjusted_rsi_exit-level_rsi_smoothing-simple_same_bar_reentry-wait_bar_warmup-ready_check: ok fills=181 (42.5s)
[3160/4086] BANK2_OM-C_race__T_cross_timing-both_days_input_field-adjusted_rsi_exit-cross_rsi_smoothing-wilder_same_bar_reentry-allowed_warmup-strict: ok fills=135 (44.6s)
[3161/4086] BANK2_OM-C_race__T_cross_timing-both_days_input_field-adjusted_rsi_exit-level_rsi_smoothing-simple_same_bar_reentry-wait_bar_warmup-ready_per_rule: ok fills=189 (46.8s)
[3162/4086] BANK2_OM-C_race__T_cross_timing-both_days_input_field-adjusted_rsi_exit-cross_rsi_smoothing-wilder_same_bar_reentry-allowed_warmup-ready_check: ok fills=131 (45.9s)
[3163/4086] BANK2_OM-C_race__T_cross_timing-both_days_input_field-adjusted_rsi_exit-cross_rsi_smoothing-wilder_same_bar_reentry-allowed_warmup-ready_per_rule: ok fills=135 (45.1s)
[3164/4086] BANK2_OM-C_race__T_cross_timing-both_days_input_field-adjusted_rsi_exit-cross_rsi_smoothing-wilder_same_bar_reentry-wait_bar_warmup-ready_per_rule: ok fills=135 (44.3s)
[3165/4086] BANK2_OM-C_race__T_cross_timing-both_days_input_field-adjusted_rsi_exit-cross_rsi_smoothing-wilder_same_bar_reentry-wait_bar_warmup-ready_check: ok fills=131 (45.8s)
[3166/4086] BANK2_OM-C_race__T_cross_timing-both_days_input_field-adjusted_rsi_exit-cross_rsi_smoothing-simple_same_bar_reentry-allowed_warmup-strict: ok fills=175 (43.9s)
[3167/4086] BANK2_OM-C_race__T_cross_timing-both_days_input_field-adjusted_rsi_exit-cross_rsi_smoothing-simple_same_bar_reentry-allowed_warmup-ready_check: ok fills=167 (45.9s)
[3168/4086] BANK2_OM-C_race__T_cross_timing-both_days_input_field-adjusted_rsi_exit-cross_rsi_smoothing-simple_same_bar_reentry-wait_bar_warmup-strict: ok fills=169 (45.6s)
[3169/4086] BANK2_OM-C_race__T_cross_timing-both_days_input_field-adjusted_rsi_exit-cross_rsi_smoothing-simple_same_bar_reentry-allowed_warmup-ready_per_rule: ok fills=173 (48.5s)
[3170/4086] BANK2_OM-C_race__T_cross_timing-both_days_input_field-adjusted_rsi_exit-cross_rsi_smoothing-simple_same_bar_reentry-wait_bar_warmup-ready_per_rule: ok fills=167 (43.8s)
[3171/4086] BANK2_OM-C_race__T_cross_timing-both_days_input_field-raw_rsi_exit-level_rsi_smoothing-wilder_same_bar_reentry-wait_bar_warmup-strict: exit=1 fills=None (9.1s)
[3172/4086] BANK2_OM-C_race__T_cross_timing-both_days_input_field-adjusted_rsi_exit-cross_rsi_smoothing-simple_same_bar_reentry-wait_bar_warmup-ready_check: ok fills=161 (47.9s)
[3173/4086] BANK2_OM-C_race__T_cross_timing-both_days_input_field-raw_rsi_exit-level_rsi_smoothing-wilder_same_bar_reentry-allowed_warmup-strict: ok fills=155 (37.9s)
[3174/4086] BANK2_OM-C_race__T_cross_timing-both_days_input_field-raw_rsi_exit-level_rsi_smoothing-wilder_same_bar_reentry-allowed_warmup-ready_check: ok fills=151 (39.0s)
[3175/4086] BANK2_OM-C_race__T_cross_timing-both_days_input_field-raw_rsi_exit-level_rsi_smoothing-wilder_same_bar_reentry-wait_bar_warmup-ready_per_rule: exit=1 fills=None (8.5s)
[3176/4086] BANK2_OM-C_race__T_cross_timing-both_days_input_field-raw_rsi_exit-level_rsi_smoothing-wilder_same_bar_reentry-allowed_warmup-ready_per_rule: ok fills=155 (39.7s)
[3177/4086] BANK2_OM-C_race__T_cross_timing-both_days_input_field-raw_rsi_exit-level_rsi_smoothing-wilder_same_bar_reentry-wait_bar_warmup-ready_check: ok fills=131 (42.3s)
[3178/4086] BANK2_OM-C_race__T_cross_timing-both_days_input_field-raw_rsi_exit-level_rsi_smoothing-simple_same_bar_reentry-allowed_warmup-ready_per_rule: ok fills=193 (43.2s)
[3179/4086] BANK2_OM-C_race__T_cross_timing-both_days_input_field-raw_rsi_exit-level_rsi_smoothing-simple_same_bar_reentry-allowed_warmup-ready_check: ok fills=185 (46.5s)
[3180/4086] BANK2_OM-C_race__T_cross_timing-both_days_input_field-raw_rsi_exit-level_rsi_smoothing-simple_same_bar_reentry-allowed_warmup-strict: ok fills=195 (48.1s)
[3181/4086] BANK2_OM-C_race__T_cross_timing-both_days_input_field-raw_rsi_exit-level_rsi_smoothing-simple_same_bar_reentry-wait_bar_warmup-strict: ok fills=177 (47.6s)
[3182/4086] BANK2_OM-C_race__T_cross_timing-both_days_input_field-raw_rsi_exit-level_rsi_smoothing-simple_same_bar_reentry-wait_bar_warmup-ready_per_rule: ok fills=175 (47.1s)
[3183/4086] BANK2_OM-C_race__T_cross_timing-both_days_input_field-raw_rsi_exit-level_rsi_smoothing-simple_same_bar_reentry-wait_bar_warmup-ready_check: ok fills=167 (48.4s)
[3184/4086] BANK2_OM-C_race__T_cross_timing-both_days_input_field-raw_rsi_exit-cross_rsi_smoothing-wilder_same_bar_reentry-allowed_warmup-strict: ok fills=149 (47.2s)
[3185/4086] BANK2_OM-C_race__T_cross_timing-both_days_input_field-raw_rsi_exit-cross_rsi_smoothing-wilder_same_bar_reentry-wait_bar_warmup-strict: exit=1 fills=None (12.1s)
[3186/4086] BANK2_OM-C_race__T_cross_timing-both_days_input_field-raw_rsi_exit-cross_rsi_smoothing-wilder_same_bar_reentry-allowed_warmup-ready_check: ok fills=145 (39.1s)
[3187/4086] BANK2_OM-C_race__T_cross_timing-both_days_input_field-raw_rsi_exit-cross_rsi_smoothing-wilder_same_bar_reentry-wait_bar_warmup-ready_check: ok fills=125 (36.4s)
[3188/4086] BANK2_OM-C_race__T_cross_timing-both_days_input_field-raw_rsi_exit-cross_rsi_smoothing-wilder_same_bar_reentry-allowed_warmup-ready_per_rule: ok fills=149 (40.9s)
[3189/4086] BANK2_OM-C_race__T_cross_timing-both_days_input_field-raw_rsi_exit-cross_rsi_smoothing-wilder_same_bar_reentry-wait_bar_warmup-ready_per_rule: ok fills=129 (42.0s)
[3190/4086] BANK2_OM-C_race__T_cross_timing-both_days_input_field-raw_rsi_exit-cross_rsi_smoothing-simple_same_bar_reentry-allowed_warmup-strict: ok fills=181 (42.9s)
[3191/4086] BANK2_OM-C_race__T_cross_timing-both_days_input_field-raw_rsi_exit-cross_rsi_smoothing-simple_same_bar_reentry-allowed_warmup-ready_check: ok fills=173 (47.7s)
[3192/4086] BANK2_OM-C_race__T_cross_timing-both_days_input_field-raw_rsi_exit-cross_rsi_smoothing-simple_same_bar_reentry-allowed_warmup-ready_per_rule: ok fills=179 (44.9s)
[3193/4086] BANK2_OM-C_race__T_cross_timing-both_days_input_field-raw_rsi_exit-cross_rsi_smoothing-simple_same_bar_reentry-wait_bar_warmup-strict: ok fills=159 (47.1s)
[3194/4086] BANK2_OM-C_race__T_cross_timing-both_days_input_field-raw_rsi_exit-cross_rsi_smoothing-simple_same_bar_reentry-wait_bar_warmup-ready_check: ok fills=151 (44.2s)
[3195/4086] BANK2_OM-C_race__T_cross_timing-today_ma_input_field-adjusted_rsi_exit-level_rsi_smoothing-wilder_same_bar_reentry-allowed_warmup-strict: ok fills=141 (45.4s)
[3196/4086] BANK2_OM-C_race__T_cross_timing-both_days_input_field-raw_rsi_exit-cross_rsi_smoothing-simple_same_bar_reentry-wait_bar_warmup-ready_per_rule: ok fills=157 (45.7s)
[3197/4086] BANK2_OM-C_race__T_cross_timing-today_ma_input_field-adjusted_rsi_exit-level_rsi_smoothing-simple_same_bar_reentry-allowed_warmup-strict: exit=1 fills=None (7.8s)
[3198/4086] BANK2_OM-C_race__T_cross_timing-today_ma_input_field-adjusted_rsi_exit-level_rsi_smoothing-wilder_same_bar_reentry-allowed_warmup-ready_per_rule: ok fills=141 (41.2s)
[3199/4086] BANK2_OM-C_race__T_cross_timing-today_ma_input_field-adjusted_rsi_exit-level_rsi_smoothing-simple_same_bar_reentry-wait_bar_warmup-strict: exit=1 fills=None (8.6s)
[3200/4086] BANK2_OM-C_race__T_cross_timing-today_ma_input_field-adjusted_rsi_exit-level_rsi_smoothing-wilder_same_bar_reentry-allowed_warmup-ready_check: ok fills=137 (45.3s)
[3201/4086] BANK2_OM-C_race__T_cross_timing-today_ma_input_field-adjusted_rsi_exit-level_rsi_smoothing-wilder_same_bar_reentry-wait_bar_warmup-strict: ok fills=157 (39.8s)
[3202/4086] BANK2_OM-C_race__T_cross_timing-today_ma_input_field-adjusted_rsi_exit-level_rsi_smoothing-wilder_same_bar_reentry-wait_bar_warmup-ready_per_rule: ok fills=157 (41.1s)
[3203/4086] BANK2_OM-C_race__T_cross_timing-today_ma_input_field-adjusted_rsi_exit-level_rsi_smoothing-wilder_same_bar_reentry-wait_bar_warmup-ready_check: ok fills=153 (43.8s)
[3204/4086] BANK2_OM-C_race__T_cross_timing-today_ma_input_field-adjusted_rsi_exit-level_rsi_smoothing-simple_same_bar_reentry-allowed_warmup-ready_check: ok fills=181 (47.8s)
[3205/4086] BANK2_OM-C_race__T_cross_timing-today_ma_input_field-adjusted_rsi_exit-level_rsi_smoothing-simple_same_bar_reentry-allowed_warmup-ready_per_rule: ok fills=189 (48.8s)
[3206/4086] BANK2_OM-C_race__T_cross_timing-today_ma_input_field-adjusted_rsi_exit-level_rsi_smoothing-simple_same_bar_reentry-wait_bar_warmup-ready_check: ok fills=195 (43.2s)
[3207/4086] BANK2_OM-C_race__T_cross_timing-today_ma_input_field-adjusted_rsi_exit-level_rsi_smoothing-simple_same_bar_reentry-wait_bar_warmup-ready_per_rule: ok fills=203 (46.7s)
[3208/4086] BANK2_OM-C_race__T_cross_timing-today_ma_input_field-adjusted_rsi_exit-cross_rsi_smoothing-wilder_same_bar_reentry-allowed_warmup-strict: ok fills=135 (46.9s)
[3209/4086] BANK2_OM-C_race__T_cross_timing-today_ma_input_field-adjusted_rsi_exit-cross_rsi_smoothing-wilder_same_bar_reentry-allowed_warmup-ready_check: ok fills=131 (47.3s)
[3210/4086] BANK2_OM-C_race__T_cross_timing-today_ma_input_field-adjusted_rsi_exit-cross_rsi_smoothing-wilder_same_bar_reentry-allowed_warmup-ready_per_rule: ok fills=135 (43.9s)
[3211/4086] BANK2_OM-C_race__T_cross_timing-today_ma_input_field-adjusted_rsi_exit-cross_rsi_smoothing-simple_same_bar_reentry-wait_bar_warmup-ready_check: exit=1 fills=None (1.2s)
[3212/4086] BANK2_OM-C_race__T_cross_timing-today_ma_input_field-adjusted_rsi_exit-cross_rsi_smoothing-wilder_same_bar_reentry-wait_bar_warmup-strict: ok fills=141 (46.9s)
[3213/4086] BANK2_OM-C_race__T_cross_timing-today_ma_input_field-adjusted_rsi_exit-cross_rsi_smoothing-simple_same_bar_reentry-allowed_warmup-ready_per_rule: exit=1 fills=None (8.7s)
[3214/4086] BANK2_OM-C_race__T_cross_timing-today_ma_input_field-adjusted_rsi_exit-cross_rsi_smoothing-wilder_same_bar_reentry-wait_bar_warmup-ready_check: ok fills=137 (42.0s)
[3215/4086] BANK2_OM-C_race__T_cross_timing-today_ma_input_field-adjusted_rsi_exit-cross_rsi_smoothing-wilder_same_bar_reentry-wait_bar_warmup-ready_per_rule: ok fills=141 (42.6s)
[3216/4086] BANK2_OM-C_race__T_cross_timing-today_ma_input_field-adjusted_rsi_exit-cross_rsi_smoothing-simple_same_bar_reentry-allowed_warmup-strict: ok fills=185 (41.9s)
[3217/4086] BANK2_OM-C_race__T_cross_timing-today_ma_input_field-adjusted_rsi_exit-cross_rsi_smoothing-simple_same_bar_reentry-allowed_warmup-ready_check: ok fills=177 (46.3s)
[3218/4086] BANK2_OM-C_race__T_cross_timing-today_ma_input_field-adjusted_rsi_exit-cross_rsi_smoothing-simple_same_bar_reentry-wait_bar_warmup-strict: ok fills=181 (48.4s)
[3219/4086] BANK2_OM-C_race__T_cross_timing-today_ma_input_field-raw_rsi_exit-level_rsi_smoothing-wilder_same_bar_reentry-allowed_warmup-strict: ok fills=155 (45.7s)
[3220/4086] BANK2_OM-C_race__T_cross_timing-today_ma_input_field-adjusted_rsi_exit-cross_rsi_smoothing-simple_same_bar_reentry-wait_bar_warmup-ready_per_rule: ok fills=179 (48.7s)
[3221/4086] BANK2_OM-C_race__T_cross_timing-today_ma_input_field-raw_rsi_exit-level_rsi_smoothing-wilder_same_bar_reentry-allowed_warmup-ready_check: ok fills=151 (45.5s)
[3222/4086] BANK2_OM-C_race__T_cross_timing-today_ma_input_field-raw_rsi_exit-level_rsi_smoothing-wilder_same_bar_reentry-allowed_warmup-ready_per_rule: ok fills=155 (41.6s)
[3223/4086] BANK2_OM-C_race__T_cross_timing-today_ma_input_field-raw_rsi_exit-level_rsi_smoothing-wilder_same_bar_reentry-wait_bar_warmup-strict: ok fills=135 (43.3s)
[3224/4086] BANK2_OM-C_race__T_cross_timing-today_ma_input_field-raw_rsi_exit-level_rsi_smoothing-wilder_same_bar_reentry-wait_bar_warmup-ready_check: ok fills=131 (41.1s)
[3225/4086] BANK2_OM-C_race__T_cross_timing-today_ma_input_field-raw_rsi_exit-level_rsi_smoothing-wilder_same_bar_reentry-wait_bar_warmup-ready_per_rule: ok fills=135 (39.9s)
[3226/4086] BANK2_OM-C_race__T_cross_timing-today_ma_input_field-raw_rsi_exit-level_rsi_smoothing-simple_same_bar_reentry-allowed_warmup-ready_check: ok fills=183 (41.4s)
[3227/4086] BANK2_OM-C_race__T_cross_timing-today_ma_input_field-raw_rsi_exit-cross_rsi_smoothing-wilder_same_bar_reentry-allowed_warmup-ready_check: exit=1 fills=None (9.5s)
[3228/4086] BANK2_OM-C_race__T_cross_timing-today_ma_input_field-raw_rsi_exit-level_rsi_smoothing-simple_same_bar_reentry-allowed_warmup-strict: ok fills=193 (45.9s)
[3229/4086] BANK2_OM-C_race__T_cross_timing-today_ma_input_field-raw_rsi_exit-level_rsi_smoothing-simple_same_bar_reentry-allowed_warmup-ready_per_rule: ok fills=191 (45.0s)
[3230/4086] BANK2_OM-C_race__T_cross_timing-today_ma_input_field-raw_rsi_exit-level_rsi_smoothing-simple_same_bar_reentry-wait_bar_warmup-strict: ok fills=175 (44.7s)
[3231/4086] BANK2_OM-C_race__T_cross_timing-today_ma_input_field-raw_rsi_exit-level_rsi_smoothing-simple_same_bar_reentry-wait_bar_warmup-ready_check: ok fills=165 (48.1s)
[3232/4086] BANK2_OM-C_race__T_cross_timing-today_ma_input_field-raw_rsi_exit-cross_rsi_smoothing-wilder_same_bar_reentry-allowed_warmup-strict: ok fills=149 (44.7s)
[3233/4086] BANK2_OM-C_race__T_cross_timing-today_ma_input_field-raw_rsi_exit-level_rsi_smoothing-simple_same_bar_reentry-wait_bar_warmup-ready_per_rule: ok fills=173 (48.9s)
[3234/4086] BANK2_OM-C_race__T_cross_timing-today_ma_input_field-raw_rsi_exit-cross_rsi_smoothing-wilder_same_bar_reentry-allowed_warmup-ready_per_rule: ok fills=149 (41.1s)
[3235/4086] BANK2_OM-C_race__T_cross_timing-today_ma_input_field-raw_rsi_exit-cross_rsi_smoothing-wilder_same_bar_reentry-wait_bar_warmup-strict: ok fills=129 (46.2s)
[3236/4086] BANK2_OM-C_race__T_cross_timing-today_ma_input_field-raw_rsi_exit-cross_rsi_smoothing-wilder_same_bar_reentry-wait_bar_warmup-ready_check: ok fills=125 (44.1s)
[3237/4086] BANK2_OM-C_race__T_cross_timing-today_ma_input_field-raw_rsi_exit-cross_rsi_smoothing-wilder_same_bar_reentry-wait_bar_warmup-ready_per_rule: ok fills=129 (45.0s)
[3238/4086] BANK2_OM-C_race__T_cross_timing-today_ma_input_field-raw_rsi_exit-cross_rsi_smoothing-simple_same_bar_reentry-allowed_warmup-strict: ok fills=179 (45.7s)
[3239/4086] BANK2_OM-C_race__T_cross_timing-today_ma_input_field-raw_rsi_exit-cross_rsi_smoothing-simple_same_bar_reentry-allowed_warmup-ready_per_rule: ok fills=177 (41.0s)
[3240/4086] BANK2_OM-C_race__T_cross_timing-today_ma_input_field-raw_rsi_exit-cross_rsi_smoothing-simple_same_bar_reentry-allowed_warmup-ready_check: ok fills=171 (42.0s)
[3241/4086] BANK2_OM-C_race__T_cross_timing-today_ma_input_field-raw_rsi_exit-cross_rsi_smoothing-simple_same_bar_reentry-wait_bar_warmup-strict: ok fills=157 (40.7s)
[3242/4086] BANK2_OM-C_race__T_cross_timing-today_ma_input_field-raw_rsi_exit-cross_rsi_smoothing-simple_same_bar_reentry-wait_bar_warmup-ready_check: ok fills=149 (40.8s)
[3243/4086] BANK2_OM-C_sequence__T_cross_timing-both_days_input_field-adjusted_rsi_exit-level_rsi_smoothing-wilder_same_bar_reentry-wait_bar_warmup-ready_check: exit=1 fills=None (9.1s)
[3244/4086] BANK2_OM-C_race__OAT_a_exec-set_holdings: ok fills=131 (41.0s)
[3245/4086] BANK2_OM-C_sequence__T_cross_timing-both_days_input_field-adjusted_rsi_exit-level_rsi_smoothing-wilder_same_bar_reentry-allowed_warmup-ready_check: ok fills=95 (40.6s)
[3246/4086] BANK2_OM-C_sequence__ref: ok fills=95 (47.2s)
[3247/4086] BANK2_OM-C_race__T_cross_timing-today_ma_input_field-raw_rsi_exit-cross_rsi_smoothing-simple_same_bar_reentry-wait_bar_warmup-ready_per_rule: ok fills=155 (50.9s)
[3248/4086] BANK2_OM-C_sequence__T_cross_timing-both_days_input_field-adjusted_rsi_exit-level_rsi_smoothing-wilder_same_bar_reentry-allowed_warmup-ready_per_rule: ok fills=95 (45.0s)
[3249/4086] BANK2_OM-C_sequence__T_cross_timing-both_days_input_field-adjusted_rsi_exit-level_rsi_smoothing-wilder_same_bar_reentry-wait_bar_warmup-strict: ok fills=91 (44.6s)
[3250/4086] BANK2_OM-C_sequence__T_cross_timing-both_days_input_field-adjusted_rsi_exit-level_rsi_smoothing-simple_same_bar_reentry-allowed_warmup-strict: ok fills=98 (41.8s)
[3251/4086] BANK2_OM-C_sequence__T_cross_timing-both_days_input_field-adjusted_rsi_exit-level_rsi_smoothing-wilder_same_bar_reentry-wait_bar_warmup-ready_per_rule: ok fills=91 (42.8s)
[3252/4086] BANK2_OM-C_sequence__T_cross_timing-both_days_input_field-adjusted_rsi_exit-level_rsi_smoothing-simple_same_bar_reentry-allowed_warmup-ready_per_rule: ok fills=98 (40.6s)
[3253/4086] BANK2_OM-C_sequence__T_cross_timing-both_days_input_field-adjusted_rsi_exit-level_rsi_smoothing-simple_same_bar_reentry-allowed_warmup-ready_check: ok fills=98 (46.1s)
[3254/4086] BANK2_OM-C_sequence__T_cross_timing-both_days_input_field-adjusted_rsi_exit-level_rsi_smoothing-simple_same_bar_reentry-wait_bar_warmup-ready_check: ok fills=94 (43.5s)
[3255/4086] BANK2_OM-C_sequence__T_cross_timing-both_days_input_field-adjusted_rsi_exit-level_rsi_smoothing-simple_same_bar_reentry-wait_bar_warmup-strict: ok fills=94 (49.3s)
[3256/4086] BANK2_OM-C_sequence__T_cross_timing-both_days_input_field-adjusted_rsi_exit-cross_rsi_smoothing-wilder_same_bar_reentry-allowed_warmup-strict: ok fills=95 (45.7s)
[3257/4086] BANK2_OM-C_sequence__T_cross_timing-both_days_input_field-adjusted_rsi_exit-level_rsi_smoothing-simple_same_bar_reentry-wait_bar_warmup-ready_per_rule: ok fills=94 (46.4s)
[3258/4086] BANK2_OM-C_sequence__T_cross_timing-both_days_input_field-adjusted_rsi_exit-cross_rsi_smoothing-wilder_same_bar_reentry-allowed_warmup-ready_check: ok fills=95 (45.0s)
[3259/4086] BANK2_OM-C_sequence__T_cross_timing-both_days_input_field-adjusted_rsi_exit-cross_rsi_smoothing-wilder_same_bar_reentry-allowed_warmup-ready_per_rule: ok fills=95 (47.8s)
[3260/4086] BANK2_OM-C_sequence__T_cross_timing-both_days_input_field-adjusted_rsi_exit-cross_rsi_smoothing-wilder_same_bar_reentry-wait_bar_warmup-ready_check: ok fills=91 (40.0s)
[3261/4086] BANK2_OM-C_sequence__T_cross_timing-both_days_input_field-adjusted_rsi_exit-cross_rsi_smoothing-wilder_same_bar_reentry-wait_bar_warmup-strict: ok fills=91 (45.9s)
[3262/4086] BANK2_OM-C_sequence__T_cross_timing-both_days_input_field-adjusted_rsi_exit-cross_rsi_smoothing-wilder_same_bar_reentry-wait_bar_warmup-ready_per_rule: ok fills=91 (45.6s)
[3263/4086] BANK2_OM-C_sequence__T_cross_timing-both_days_input_field-adjusted_rsi_exit-cross_rsi_smoothing-simple_same_bar_reentry-allowed_warmup-strict: ok fills=94 (40.9s)
[3264/4086] BANK2_OM-C_sequence__T_cross_timing-both_days_input_field-raw_rsi_exit-level_rsi_smoothing-wilder_same_bar_reentry-allowed_warmup-strict: exit=1 fills=None (10.5s)
[3265/4086] BANK2_OM-C_sequence__T_cross_timing-both_days_input_field-adjusted_rsi_exit-cross_rsi_smoothing-simple_same_bar_reentry-allowed_warmup-ready_check: ok fills=94 (46.5s)
[3266/4086] BANK2_OM-C_sequence__T_cross_timing-both_days_input_field-adjusted_rsi_exit-cross_rsi_smoothing-simple_same_bar_reentry-allowed_warmup-ready_per_rule: ok fills=94 (48.7s)
[3267/4086] BANK2_OM-C_sequence__T_cross_timing-both_days_input_field-adjusted_rsi_exit-cross_rsi_smoothing-simple_same_bar_reentry-wait_bar_warmup-ready_check: ok fills=90 (44.2s)
[3268/4086] BANK2_OM-C_sequence__T_cross_timing-both_days_input_field-adjusted_rsi_exit-cross_rsi_smoothing-simple_same_bar_reentry-wait_bar_warmup-strict: ok fills=90 (48.1s)
[3269/4086] BANK2_OM-C_sequence__T_cross_timing-both_days_input_field-adjusted_rsi_exit-cross_rsi_smoothing-simple_same_bar_reentry-wait_bar_warmup-ready_per_rule: ok fills=90 (47.2s)
[3270/4086] BANK2_OM-C_sequence__T_cross_timing-both_days_input_field-raw_rsi_exit-level_rsi_smoothing-wilder_same_bar_reentry-allowed_warmup-ready_per_rule: ok fills=115 (41.8s)
[3271/4086] BANK2_OM-C_sequence__T_cross_timing-both_days_input_field-raw_rsi_exit-level_rsi_smoothing-wilder_same_bar_reentry-allowed_warmup-ready_check: ok fills=115 (43.0s)
[3272/4086] BANK2_OM-C_sequence__T_cross_timing-both_days_input_field-raw_rsi_exit-level_rsi_smoothing-wilder_same_bar_reentry-wait_bar_warmup-strict: ok fills=111 (44.1s)
[3273/4086] BANK2_OM-C_sequence__T_cross_timing-both_days_input_field-raw_rsi_exit-level_rsi_smoothing-wilder_same_bar_reentry-wait_bar_warmup-ready_check: ok fills=111 (43.7s)
[3274/4086] BANK2_OM-C_sequence__T_cross_timing-both_days_input_field-raw_rsi_exit-level_rsi_smoothing-wilder_same_bar_reentry-wait_bar_warmup-ready_per_rule: ok fills=111 (48.3s)
[3275/4086] BANK2_OM-C_sequence__T_cross_timing-both_days_input_field-raw_rsi_exit-level_rsi_smoothing-simple_same_bar_reentry-allowed_warmup-strict: ok fills=114 (42.9s)
[3276/4086] BANK2_OM-C_sequence__T_cross_timing-both_days_input_field-raw_rsi_exit-cross_rsi_smoothing-wilder_same_bar_reentry-allowed_warmup-strict: exit=1 fills=None (8.4s)
[3277/4086] BANK2_OM-C_sequence__T_cross_timing-both_days_input_field-raw_rsi_exit-level_rsi_smoothing-simple_same_bar_reentry-allowed_warmup-ready_check: ok fills=114 (45.1s)
[3278/4086] BANK2_OM-C_sequence__T_cross_timing-both_days_input_field-raw_rsi_exit-level_rsi_smoothing-simple_same_bar_reentry-allowed_warmup-ready_per_rule: ok fills=114 (50.0s)
[3279/4086] BANK2_OM-C_sequence__T_cross_timing-both_days_input_field-raw_rsi_exit-level_rsi_smoothing-simple_same_bar_reentry-wait_bar_warmup-strict: ok fills=114 (45.1s)
[3280/4086] BANK2_OM-C_sequence__T_cross_timing-both_days_input_field-raw_rsi_exit-level_rsi_smoothing-simple_same_bar_reentry-wait_bar_warmup-ready_per_rule: ok fills=114 (45.8s)
[3281/4086] BANK2_OM-C_sequence__T_cross_timing-both_days_input_field-raw_rsi_exit-level_rsi_smoothing-simple_same_bar_reentry-wait_bar_warmup-ready_check: ok fills=114 (48.4s)
[3282/4086] BANK2_OM-C_sequence__T_cross_timing-both_days_input_field-raw_rsi_exit-cross_rsi_smoothing-wilder_same_bar_reentry-allowed_warmup-ready_check: ok fills=111 (38.8s)
[3283/4086] BANK2_OM-C_sequence__T_cross_timing-both_days_input_field-raw_rsi_exit-cross_rsi_smoothing-wilder_same_bar_reentry-allowed_warmup-ready_per_rule: ok fills=111 (40.6s)
[3284/4086] BANK2_OM-C_sequence__T_cross_timing-both_days_input_field-raw_rsi_exit-cross_rsi_smoothing-wilder_same_bar_reentry-wait_bar_warmup-strict: ok fills=107 (46.4s)
[3285/4086] BANK2_OM-C_sequence__T_cross_timing-both_days_input_field-raw_rsi_exit-cross_rsi_smoothing-wilder_same_bar_reentry-wait_bar_warmup-ready_check: ok fills=107 (43.6s)
[3286/4086] BANK2_OM-C_sequence__T_cross_timing-both_days_input_field-raw_rsi_exit-cross_rsi_smoothing-simple_same_bar_reentry-allowed_warmup-strict: ok fills=106 (41.7s)
[3287/4086] BANK2_OM-C_sequence__T_cross_timing-both_days_input_field-raw_rsi_exit-cross_rsi_smoothing-simple_same_bar_reentry-wait_bar_warmup-ready_per_rule: exit=1 fills=None (10.0s)
[3288/4086] BANK2_OM-C_sequence__T_cross_timing-both_days_input_field-raw_rsi_exit-cross_rsi_smoothing-wilder_same_bar_reentry-wait_bar_warmup-ready_per_rule: ok fills=107 (45.8s)
[3289/4086] BANK2_OM-C_sequence__T_cross_timing-today_ma_input_field-adjusted_rsi_exit-level_rsi_smoothing-wilder_same_bar_reentry-allowed_warmup-strict: exit=1 fills=None (11.5s)
[3290/4086] BANK2_OM-C_sequence__T_cross_timing-both_days_input_field-raw_rsi_exit-cross_rsi_smoothing-simple_same_bar_reentry-allowed_warmup-ready_check: ok fills=106 (42.5s)
[3291/4086] BANK2_OM-C_sequence__T_cross_timing-both_days_input_field-raw_rsi_exit-cross_rsi_smoothing-simple_same_bar_reentry-allowed_warmup-ready_per_rule: ok fills=106 (43.5s)
[3292/4086] BANK2_OM-C_sequence__T_cross_timing-both_days_input_field-raw_rsi_exit-cross_rsi_smoothing-simple_same_bar_reentry-wait_bar_warmup-strict: ok fills=106 (46.3s)
[3293/4086] BANK2_OM-C_sequence__T_cross_timing-both_days_input_field-raw_rsi_exit-cross_rsi_smoothing-simple_same_bar_reentry-wait_bar_warmup-ready_check: ok fills=106 (44.8s)
[3294/4086] BANK2_OM-C_sequence__T_cross_timing-today_ma_input_field-adjusted_rsi_exit-level_rsi_smoothing-wilder_same_bar_reentry-allowed_warmup-ready_check: ok fills=99 (35.9s)
[3295/4086] BANK2_OM-C_sequence__T_cross_timing-today_ma_input_field-adjusted_rsi_exit-level_rsi_smoothing-wilder_same_bar_reentry-allowed_warmup-ready_per_rule: ok fills=99 (37.3s)
[3296/4086] BANK2_OM-C_sequence__T_cross_timing-today_ma_input_field-adjusted_rsi_exit-level_rsi_smoothing-wilder_same_bar_reentry-wait_bar_warmup-ready_per_rule: ok fills=91 (40.4s)
[3297/4086] BANK2_OM-C_sequence__T_cross_timing-today_ma_input_field-adjusted_rsi_exit-level_rsi_smoothing-wilder_same_bar_reentry-wait_bar_warmup-ready_check: ok fills=91 (42.9s)
[3298/4086] BANK2_OM-C_sequence__T_cross_timing-today_ma_input_field-adjusted_rsi_exit-level_rsi_smoothing-simple_same_bar_reentry-allowed_warmup-strict: ok fills=102 (41.6s)
[3299/4086] BANK2_OM-C_sequence__T_cross_timing-today_ma_input_field-adjusted_rsi_exit-level_rsi_smoothing-wilder_same_bar_reentry-wait_bar_warmup-strict: ok fills=91 (45.4s)
[3300/4086] BANK2_OM-C_sequence__T_cross_timing-today_ma_input_field-adjusted_rsi_exit-level_rsi_smoothing-simple_same_bar_reentry-allowed_warmup-ready_per_rule: ok fills=102 (42.7s)
[3301/4086] BANK2_OM-C_sequence__T_cross_timing-today_ma_input_field-adjusted_rsi_exit-level_rsi_smoothing-simple_same_bar_reentry-allowed_warmup-ready_check: ok fills=102 (47.4s)
[3302/4086] BANK2_OM-C_sequence__T_cross_timing-today_ma_input_field-adjusted_rsi_exit-level_rsi_smoothing-simple_same_bar_reentry-wait_bar_warmup-ready_check: ok fills=94 (42.8s)
[3303/4086] BANK2_OM-C_sequence__T_cross_timing-today_ma_input_field-adjusted_rsi_exit-level_rsi_smoothing-simple_same_bar_reentry-wait_bar_warmup-strict: ok fills=94 (46.9s)
[3304/4086] BANK2_OM-C_sequence__T_cross_timing-today_ma_input_field-adjusted_rsi_exit-level_rsi_smoothing-simple_same_bar_reentry-wait_bar_warmup-ready_per_rule: ok fills=94 (44.5s)
[3305/4086] BANK2_OM-C_sequence__T_cross_timing-today_ma_input_field-adjusted_rsi_exit-cross_rsi_smoothing-wilder_same_bar_reentry-allowed_warmup-strict: ok fills=99 (47.8s)
[3306/4086] BANK2_OM-C_sequence__T_cross_timing-today_ma_input_field-adjusted_rsi_exit-cross_rsi_smoothing-wilder_same_bar_reentry-allowed_warmup-ready_per_rule: ok fills=99 (46.6s)
[3307/4086] BANK2_OM-C_sequence__T_cross_timing-today_ma_input_field-adjusted_rsi_exit-cross_rsi_smoothing-wilder_same_bar_reentry-allowed_warmup-ready_check: ok fills=99 (49.9s)
[3308/4086] BANK2_OM-C_sequence__T_cross_timing-today_ma_input_field-adjusted_rsi_exit-cross_rsi_smoothing-wilder_same_bar_reentry-wait_bar_warmup-strict: ok fills=91 (45.1s)
[3309/4086] BANK2_OM-C_sequence__T_cross_timing-today_ma_input_field-adjusted_rsi_exit-cross_rsi_smoothing-wilder_same_bar_reentry-wait_bar_warmup-ready_check: ok fills=91 (42.5s)
[3310/4086] BANK2_OM-C_sequence__T_cross_timing-today_ma_input_field-adjusted_rsi_exit-cross_rsi_smoothing-wilder_same_bar_reentry-wait_bar_warmup-ready_per_rule: ok fills=91 (44.4s)
[3311/4086] BANK2_OM-C_sequence__T_cross_timing-today_ma_input_field-raw_rsi_exit-level_rsi_smoothing-wilder_same_bar_reentry-allowed_warmup-strict: exit=1 fills=None (8.0s)
[3312/4086] BANK2_OM-C_sequence__T_cross_timing-today_ma_input_field-adjusted_rsi_exit-cross_rsi_smoothing-simple_same_bar_reentry-allowed_warmup-strict: ok fills=98 (45.3s)
[3313/4086] BANK2_OM-C_sequence__T_cross_timing-today_ma_input_field-adjusted_rsi_exit-cross_rsi_smoothing-simple_same_bar_reentry-allowed_warmup-ready_check: ok fills=98 (41.0s)
[3314/4086] BANK2_OM-C_sequence__T_cross_timing-today_ma_input_field-adjusted_rsi_exit-cross_rsi_smoothing-simple_same_bar_reentry-allowed_warmup-ready_per_rule: ok fills=98 (44.2s)
[3315/4086] BANK2_OM-C_sequence__T_cross_timing-today_ma_input_field-raw_rsi_exit-level_rsi_smoothing-wilder_same_bar_reentry-allowed_warmup-ready_check: exit=1 fills=None (12.5s)
[3316/4086] BANK2_OM-C_sequence__T_cross_timing-today_ma_input_field-adjusted_rsi_exit-cross_rsi_smoothing-simple_same_bar_reentry-wait_bar_warmup-strict: ok fills=90 (43.8s)
[3317/4086] BANK2_OM-C_sequence__T_cross_timing-today_ma_input_field-adjusted_rsi_exit-cross_rsi_smoothing-simple_same_bar_reentry-wait_bar_warmup-ready_check: ok fills=90 (45.0s)
[3318/4086] BANK2_OM-C_sequence__T_cross_timing-today_ma_input_field-adjusted_rsi_exit-cross_rsi_smoothing-simple_same_bar_reentry-wait_bar_warmup-ready_per_rule: ok fills=90 (44.2s)
[3319/4086] BANK2_OM-C_sequence__T_cross_timing-today_ma_input_field-raw_rsi_exit-level_rsi_smoothing-wilder_same_bar_reentry-allowed_warmup-ready_per_rule: ok fills=119 (43.1s)
[3320/4086] BANK2_OM-C_sequence__T_cross_timing-today_ma_input_field-raw_rsi_exit-level_rsi_smoothing-wilder_same_bar_reentry-wait_bar_warmup-ready_check: ok fills=111 (48.0s)
[3321/4086] BANK2_OM-C_sequence__T_cross_timing-today_ma_input_field-raw_rsi_exit-level_rsi_smoothing-wilder_same_bar_reentry-wait_bar_warmup-strict: ok fills=111 (50.7s)
[3322/4086] BANK2_OM-C_sequence__T_cross_timing-today_ma_input_field-raw_rsi_exit-level_rsi_smoothing-simple_same_bar_reentry-allowed_warmup-strict: ok fills=118 (44.1s)
[3323/4086] BANK2_OM-C_sequence__T_cross_timing-today_ma_input_field-raw_rsi_exit-level_rsi_smoothing-simple_same_bar_reentry-allowed_warmup-ready_check: ok fills=118 (44.3s)
[3324/4086] BANK2_OM-C_sequence__T_cross_timing-today_ma_input_field-raw_rsi_exit-level_rsi_smoothing-simple_same_bar_reentry-allowed_warmup-ready_per_rule: ok fills=118 (47.9s)
[3325/4086] BANK2_OM-C_sequence__T_cross_timing-today_ma_input_field-raw_rsi_exit-level_rsi_smoothing-wilder_same_bar_reentry-wait_bar_warmup-ready_per_rule: ok fills=111 (53.2s)
[3326/4086] BANK2_OM-C_sequence__T_cross_timing-today_ma_input_field-raw_rsi_exit-cross_rsi_smoothing-wilder_same_bar_reentry-allowed_warmup-strict: exit=1 fills=None (12.8s)
[3327/4086] BANK2_OM-C_sequence__T_cross_timing-today_ma_input_field-raw_rsi_exit-level_rsi_smoothing-simple_same_bar_reentry-wait_bar_warmup-strict: ok fills=114 (38.7s)
[3328/4086] BANK2_OM-C_sequence__T_cross_timing-today_ma_input_field-raw_rsi_exit-level_rsi_smoothing-simple_same_bar_reentry-wait_bar_warmup-ready_check: ok fills=114 (37.9s)
[3329/4086] BANK2_OM-C_sequence__T_cross_timing-today_ma_input_field-raw_rsi_exit-level_rsi_smoothing-simple_same_bar_reentry-wait_bar_warmup-ready_per_rule: ok fills=114 (42.3s)
[3330/4086] BANK2_OM-C_sequence__T_cross_timing-today_ma_input_field-raw_rsi_exit-cross_rsi_smoothing-wilder_same_bar_reentry-allowed_warmup-ready_check: ok fills=115 (43.5s)
[3331/4086] BANK2_OM-C_sequence__T_cross_timing-today_ma_input_field-raw_rsi_exit-cross_rsi_smoothing-wilder_same_bar_reentry-allowed_warmup-ready_per_rule: ok fills=115 (44.7s)
[3332/4086] BANK2_OM-C_sequence__T_cross_timing-today_ma_input_field-raw_rsi_exit-cross_rsi_smoothing-wilder_same_bar_reentry-wait_bar_warmup-strict: ok fills=107 (42.0s)
[3333/4086] BANK2_OM-C_sequence__T_cross_timing-today_ma_input_field-raw_rsi_exit-cross_rsi_smoothing-wilder_same_bar_reentry-wait_bar_warmup-ready_check: ok fills=107 (48.5s)
[3334/4086] BANK2_OM-C_sequence__T_cross_timing-today_ma_input_field-raw_rsi_exit-cross_rsi_smoothing-wilder_same_bar_reentry-wait_bar_warmup-ready_per_rule: ok fills=107 (48.7s)
[3335/4086] BANK2_OM-C_sequence__T_cross_timing-today_ma_input_field-raw_rsi_exit-cross_rsi_smoothing-simple_same_bar_reentry-wait_bar_warmup-ready_per_rule: exit=1 fills=None (10.3s)
[3336/4086] BANK2_OM-C_sequence__T_cross_timing-today_ma_input_field-raw_rsi_exit-cross_rsi_smoothing-simple_same_bar_reentry-allowed_warmup-strict: ok fills=110 (44.7s)
[3337/4086] BANK2_OM-C_sequence__T_cross_timing-today_ma_input_field-raw_rsi_exit-cross_rsi_smoothing-simple_same_bar_reentry-allowed_warmup-ready_check: ok fills=110 (48.1s)
[3338/4086] BANK2_OM-C_sequence__T_cross_timing-today_ma_input_field-raw_rsi_exit-cross_rsi_smoothing-simple_same_bar_reentry-allowed_warmup-ready_per_rule: ok fills=110 (45.7s)
[3339/4086] BANK2_OM-C_sequence__T_cross_timing-today_ma_input_field-raw_rsi_exit-cross_rsi_smoothing-simple_same_bar_reentry-wait_bar_warmup-strict: ok fills=106 (43.6s)
[3340/4086] BANK2_OM-C_sequence__T_cross_timing-today_ma_input_field-raw_rsi_exit-cross_rsi_smoothing-simple_same_bar_reentry-wait_bar_warmup-ready_check: ok fills=106 (45.3s)
[3341/4086] BANK2_OM-C_sequence__OAT_a_exec-set_holdings: ok fills=95 (37.5s)
[3342/4086] BANK2_OM-C_shared_state__ref: ok fills=125 (39.6s)
[3343/4086] BANK2_OM-C_shared_state__T_cross_timing-both_days_input_field-adjusted_rsi_exit-level_rsi_smoothing-wilder_same_bar_reentry-allowed_warmup-ready_check: ok fills=121 (46.2s)
[3344/4086] BANK2_OM-C_shared_state__T_cross_timing-both_days_input_field-adjusted_rsi_exit-level_rsi_smoothing-simple_same_bar_reentry-allowed_warmup-ready_per_rule: exit=1 fills=None (8.8s)
[3345/4086] BANK2_OM-C_shared_state__T_cross_timing-both_days_input_field-adjusted_rsi_exit-level_rsi_smoothing-wilder_same_bar_reentry-allowed_warmup-ready_per_rule: ok fills=125 (46.6s)
[3346/4086] BANK2_OM-C_shared_state__T_cross_timing-both_days_input_field-adjusted_rsi_exit-level_rsi_smoothing-wilder_same_bar_reentry-wait_bar_warmup-strict: ok fills=131 (46.2s)
[3347/4086] BANK2_OM-C_shared_state__T_cross_timing-both_days_input_field-adjusted_rsi_exit-level_rsi_smoothing-wilder_same_bar_reentry-wait_bar_warmup-ready_check: ok fills=127 (47.6s)
[3348/4086] BANK2_OM-C_shared_state__T_cross_timing-both_days_input_field-adjusted_rsi_exit-level_rsi_smoothing-simple_same_bar_reentry-allowed_warmup-ready_check: ok fills=179 (41.8s)
[3349/4086] BANK2_OM-C_shared_state__T_cross_timing-both_days_input_field-adjusted_rsi_exit-level_rsi_smoothing-simple_same_bar_reentry-allowed_warmup-strict: ok fills=193 (46.4s)
[3350/4086] BANK2_OM-C_shared_state__T_cross_timing-both_days_input_field-adjusted_rsi_exit-level_rsi_smoothing-wilder_same_bar_reentry-wait_bar_warmup-ready_per_rule: ok fills=131 (52.2s)
[3351/4086] BANK2_OM-C_shared_state__T_cross_timing-both_days_input_field-adjusted_rsi_exit-level_rsi_smoothing-simple_same_bar_reentry-wait_bar_warmup-ready_check: ok fills=169 (39.2s)
[3352/4086] BANK2_OM-C_shared_state__T_cross_timing-both_days_input_field-adjusted_rsi_exit-cross_rsi_smoothing-wilder_same_bar_reentry-wait_bar_warmup-strict: exit=1 fills=None (9.6s)
[3353/4086] BANK2_OM-C_shared_state__T_cross_timing-both_days_input_field-adjusted_rsi_exit-level_rsi_smoothing-simple_same_bar_reentry-wait_bar_warmup-strict: ok fills=179 (42.0s)
[3354/4086] BANK2_OM-C_shared_state__T_cross_timing-both_days_input_field-adjusted_rsi_exit-level_rsi_smoothing-simple_same_bar_reentry-wait_bar_warmup-ready_per_rule: ok fills=177 (42.8s)
[3355/4086] BANK2_OM-C_shared_state__T_cross_timing-both_days_input_field-adjusted_rsi_exit-cross_rsi_smoothing-wilder_same_bar_reentry-wait_bar_warmup-ready_check: exit=1 fills=None (14.6s)
[3356/4086] BANK2_OM-C_shared_state__T_cross_timing-both_days_input_field-adjusted_rsi_exit-cross_rsi_smoothing-wilder_same_bar_reentry-allowed_warmup-strict: ok fills=119 (38.2s)
[3357/4086] BANK2_OM-C_shared_state__T_cross_timing-both_days_input_field-adjusted_rsi_exit-cross_rsi_smoothing-wilder_same_bar_reentry-allowed_warmup-ready_check: ok fills=115 (44.9s)
[3358/4086] BANK2_OM-C_shared_state__T_cross_timing-both_days_input_field-adjusted_rsi_exit-cross_rsi_smoothing-wilder_same_bar_reentry-allowed_warmup-ready_per_rule: ok fills=119 (46.6s)
[3359/4086] BANK2_OM-C_shared_state__T_cross_timing-both_days_input_field-adjusted_rsi_exit-cross_rsi_smoothing-simple_same_bar_reentry-allowed_warmup-strict: ok fills=179 (43.8s)
[3360/4086] BANK2_OM-C_shared_state__T_cross_timing-both_days_input_field-raw_rsi_exit-level_rsi_smoothing-wilder_same_bar_reentry-allowed_warmup-strict: exit=1 fills=None (7.5s)
[3361/4086] BANK2_OM-C_shared_state__T_cross_timing-both_days_input_field-adjusted_rsi_exit-cross_rsi_smoothing-wilder_same_bar_reentry-wait_bar_warmup-ready_per_rule: ok fills=135 (46.2s)
[3362/4086] BANK2_OM-C_shared_state__T_cross_timing-both_days_input_field-adjusted_rsi_exit-cross_rsi_smoothing-simple_same_bar_reentry-allowed_warmup-ready_check: ok fills=171 (46.1s)
[3363/4086] BANK2_OM-C_shared_state__T_cross_timing-both_days_input_field-adjusted_rsi_exit-cross_rsi_smoothing-simple_same_bar_reentry-wait_bar_warmup-strict: ok fills=175 (45.4s)
[3364/4086] BANK2_OM-C_shared_state__T_cross_timing-both_days_input_field-adjusted_rsi_exit-cross_rsi_smoothing-simple_same_bar_reentry-allowed_warmup-ready_per_rule: ok fills=177 (46.7s)
[3365/4086] BANK2_OM-C_shared_state__T_cross_timing-both_days_input_field-raw_rsi_exit-level_rsi_smoothing-wilder_same_bar_reentry-allowed_warmup-ready_check: exit=1 fills=None (8.5s)
[3366/4086] BANK2_OM-C_shared_state__T_cross_timing-both_days_input_field-adjusted_rsi_exit-cross_rsi_smoothing-simple_same_bar_reentry-wait_bar_warmup-ready_check: ok fills=167 (42.9s)
[3367/4086] BANK2_OM-C_shared_state__T_cross_timing-both_days_input_field-adjusted_rsi_exit-cross_rsi_smoothing-simple_same_bar_reentry-wait_bar_warmup-ready_per_rule: ok fills=173 (42.9s)
[3368/4086] BANK2_OM-C_shared_state__T_cross_timing-both_days_input_field-raw_rsi_exit-level_rsi_smoothing-wilder_same_bar_reentry-allowed_warmup-ready_per_rule: ok fills=137 (41.5s)
[3369/4086] BANK2_OM-C_shared_state__T_cross_timing-both_days_input_field-raw_rsi_exit-level_rsi_smoothing-wilder_same_bar_reentry-wait_bar_warmup-strict: ok fills=155 (41.0s)
[3370/4086] BANK2_OM-C_shared_state__T_cross_timing-both_days_input_field-raw_rsi_exit-level_rsi_smoothing-wilder_same_bar_reentry-wait_bar_warmup-ready_check: ok fills=151 (46.0s)
[3371/4086] BANK2_OM-C_shared_state__T_cross_timing-both_days_input_field-raw_rsi_exit-level_rsi_smoothing-simple_same_bar_reentry-allowed_warmup-ready_check: ok fills=187 (44.8s)
[3372/4086] BANK2_OM-C_shared_state__T_cross_timing-both_days_input_field-raw_rsi_exit-level_rsi_smoothing-simple_same_bar_reentry-allowed_warmup-strict: ok fills=201 (49.5s)
[3373/4086] BANK2_OM-C_shared_state__T_cross_timing-both_days_input_field-raw_rsi_exit-cross_rsi_smoothing-wilder_same_bar_reentry-allowed_warmup-strict: exit=1 fills=None (7.3s)
[3374/4086] BANK2_OM-C_shared_state__T_cross_timing-both_days_input_field-raw_rsi_exit-level_rsi_smoothing-simple_same_bar_reentry-allowed_warmup-ready_per_rule: ok fills=199 (50.5s)
[3375/4086] BANK2_OM-C_shared_state__T_cross_timing-both_days_input_field-raw_rsi_exit-level_rsi_smoothing-wilder_same_bar_reentry-wait_bar_warmup-ready_per_rule: ok fills=155 (51.9s)
[3376/4086] BANK2_OM-C_shared_state__T_cross_timing-both_days_input_field-raw_rsi_exit-level_rsi_smoothing-simple_same_bar_reentry-wait_bar_warmup-strict: ok fills=195 (45.8s)
[3377/4086] BANK2_OM-C_shared_state__T_cross_timing-both_days_input_field-raw_rsi_exit-level_rsi_smoothing-simple_same_bar_reentry-wait_bar_warmup-ready_check: ok fills=185 (42.3s)
[3378/4086] BANK2_OM-C_shared_state__T_cross_timing-both_days_input_field-raw_rsi_exit-cross_rsi_smoothing-simple_same_bar_reentry-allowed_warmup-strict: exit=1 fills=None (8.8s)
[3379/4086] BANK2_OM-C_shared_state__T_cross_timing-both_days_input_field-raw_rsi_exit-level_rsi_smoothing-simple_same_bar_reentry-wait_bar_warmup-ready_per_rule: ok fills=193 (43.7s)
[3380/4086] BANK2_OM-C_shared_state__T_cross_timing-both_days_input_field-raw_rsi_exit-cross_rsi_smoothing-wilder_same_bar_reentry-wait_bar_warmup-strict: ok fills=149 (40.9s)
[3381/4086] BANK2_OM-C_shared_state__T_cross_timing-both_days_input_field-raw_rsi_exit-cross_rsi_smoothing-simple_same_bar_reentry-wait_bar_warmup-strict: exit=1 fills=None (12.6s)
[3382/4086] BANK2_OM-C_shared_state__T_cross_timing-both_days_input_field-raw_rsi_exit-cross_rsi_smoothing-wilder_same_bar_reentry-wait_bar_warmup-ready_per_rule: ok fills=149 (43.4s)
[3383/4086] BANK2_OM-C_shared_state__T_cross_timing-both_days_input_field-raw_rsi_exit-cross_rsi_smoothing-wilder_same_bar_reentry-allowed_warmup-ready_check: ok fills=129 (52.2s)
[3384/4086] BANK2_OM-C_shared_state__T_cross_timing-both_days_input_field-raw_rsi_exit-cross_rsi_smoothing-wilder_same_bar_reentry-allowed_warmup-ready_per_rule: ok fills=133 (48.9s)
[3385/4086] BANK2_OM-C_shared_state__T_cross_timing-both_days_input_field-raw_rsi_exit-cross_rsi_smoothing-wilder_same_bar_reentry-wait_bar_warmup-ready_check: ok fills=145 (49.2s)
[3386/4086] BANK2_OM-C_shared_state__T_cross_timing-both_days_input_field-raw_rsi_exit-cross_rsi_smoothing-simple_same_bar_reentry-allowed_warmup-ready_check: ok fills=167 (41.8s)
[3387/4086] BANK2_OM-C_shared_state__T_cross_timing-both_days_input_field-raw_rsi_exit-cross_rsi_smoothing-simple_same_bar_reentry-allowed_warmup-ready_per_rule: ok fills=173 (44.6s)
[3388/4086] BANK2_OM-C_shared_state__T_cross_timing-both_days_input_field-raw_rsi_exit-cross_rsi_smoothing-simple_same_bar_reentry-wait_bar_warmup-ready_check: ok fills=173 (36.4s)
[3389/4086] BANK2_OM-C_shared_state__T_cross_timing-both_days_input_field-raw_rsi_exit-cross_rsi_smoothing-simple_same_bar_reentry-wait_bar_warmup-ready_per_rule: ok fills=179 (37.4s)
[3390/4086] BANK2_OM-C_shared_state__T_cross_timing-today_ma_input_field-adjusted_rsi_exit-level_rsi_smoothing-wilder_same_bar_reentry-allowed_warmup-strict: ok fills=135 (42.6s)
[3391/4086] BANK2_OM-C_shared_state__T_cross_timing-today_ma_input_field-adjusted_rsi_exit-level_rsi_smoothing-simple_same_bar_reentry-allowed_warmup-ready_check: exit=1 fills=None (9.9s)
[3392/4086] BANK2_OM-C_shared_state__T_cross_timing-today_ma_input_field-adjusted_rsi_exit-level_rsi_smoothing-wilder_same_bar_reentry-allowed_warmup-ready_check: ok fills=131 (44.4s)
[3393/4086] BANK2_OM-C_shared_state__T_cross_timing-today_ma_input_field-adjusted_rsi_exit-level_rsi_smoothing-wilder_same_bar_reentry-wait_bar_warmup-strict: ok fills=141 (41.1s)
[3394/4086] BANK2_OM-C_shared_state__T_cross_timing-today_ma_input_field-adjusted_rsi_exit-level_rsi_smoothing-wilder_same_bar_reentry-allowed_warmup-ready_per_rule: ok fills=135 (44.5s)
[3395/4086] BANK2_OM-C_shared_state__T_cross_timing-today_ma_input_field-adjusted_rsi_exit-level_rsi_smoothing-wilder_same_bar_reentry-wait_bar_warmup-ready_check: ok fills=137 (45.7s)
[3396/4086] BANK2_OM-C_shared_state__T_cross_timing-today_ma_input_field-adjusted_rsi_exit-level_rsi_smoothing-wilder_same_bar_reentry-wait_bar_warmup-ready_per_rule: ok fills=141 (43.5s)
[3397/4086] BANK2_OM-C_shared_state__T_cross_timing-today_ma_input_field-adjusted_rsi_exit-level_rsi_smoothing-simple_same_bar_reentry-allowed_warmup-strict: ok fills=205 (44.4s)
[3398/4086] BANK2_OM-C_shared_state__T_cross_timing-today_ma_input_field-adjusted_rsi_exit-level_rsi_smoothing-simple_same_bar_reentry-wait_bar_warmup-strict: ok fills=191 (39.3s)
[3399/4086] BANK2_OM-C_shared_state__T_cross_timing-today_ma_input_field-adjusted_rsi_exit-level_rsi_smoothing-simple_same_bar_reentry-wait_bar_warmup-ready_check: ok fills=181 (40.0s)
[3400/4086] BANK2_OM-C_shared_state__T_cross_timing-today_ma_input_field-adjusted_rsi_exit-level_rsi_smoothing-simple_same_bar_reentry-allowed_warmup-ready_per_rule: ok fills=203 (43.8s)
[3401/4086] BANK2_OM-C_shared_state__T_cross_timing-today_ma_input_field-adjusted_rsi_exit-cross_rsi_smoothing-wilder_same_bar_reentry-allowed_warmup-strict: ok fills=129 (43.9s)
[3402/4086] BANK2_OM-C_shared_state__T_cross_timing-today_ma_input_field-adjusted_rsi_exit-level_rsi_smoothing-simple_same_bar_reentry-wait_bar_warmup-ready_per_rule: ok fills=189 (45.7s)
[3403/4086] BANK2_OM-C_shared_state__T_cross_timing-today_ma_input_field-adjusted_rsi_exit-cross_rsi_smoothing-wilder_same_bar_reentry-allowed_warmup-ready_check: ok fills=125 (42.2s)
[3404/4086] BANK2_OM-C_shared_state__T_cross_timing-today_ma_input_field-adjusted_rsi_exit-cross_rsi_smoothing-wilder_same_bar_reentry-allowed_warmup-ready_per_rule: ok fills=129 (43.3s)
[3405/4086] BANK2_OM-C_shared_state__T_cross_timing-today_ma_input_field-adjusted_rsi_exit-cross_rsi_smoothing-wilder_same_bar_reentry-wait_bar_warmup-strict: ok fills=135 (42.9s)
[3406/4086] BANK2_OM-C_shared_state__T_cross_timing-today_ma_input_field-adjusted_rsi_exit-cross_rsi_smoothing-wilder_same_bar_reentry-wait_bar_warmup-ready_check: ok fills=131 (40.9s)
[3407/4086] BANK2_OM-C_shared_state__T_cross_timing-today_ma_input_field-adjusted_rsi_exit-cross_rsi_smoothing-wilder_same_bar_reentry-wait_bar_warmup-ready_per_rule: ok fills=135 (44.4s)
[3408/4086] BANK2_OM-C_shared_state__T_cross_timing-today_ma_input_field-adjusted_rsi_exit-cross_rsi_smoothing-simple_same_bar_reentry-allowed_warmup-strict: ok fills=189 (50.0s)
[3409/4086] BANK2_OM-C_shared_state__T_cross_timing-today_ma_input_field-adjusted_rsi_exit-cross_rsi_smoothing-simple_same_bar_reentry-allowed_warmup-ready_check: ok fills=181 (47.2s)
[3410/4086] BANK2_OM-C_shared_state__T_cross_timing-today_ma_input_field-adjusted_rsi_exit-cross_rsi_smoothing-simple_same_bar_reentry-allowed_warmup-ready_per_rule: ok fills=187 (46.7s)
[3411/4086] BANK2_OM-C_shared_state__T_cross_timing-today_ma_input_field-adjusted_rsi_exit-cross_rsi_smoothing-simple_same_bar_reentry-wait_bar_warmup-strict: ok fills=185 (43.9s)
[3412/4086] BANK2_OM-C_shared_state__T_cross_timing-today_ma_input_field-adjusted_rsi_exit-cross_rsi_smoothing-simple_same_bar_reentry-wait_bar_warmup-ready_check: ok fills=177 (43.1s)
[3413/4086] BANK2_OM-C_shared_state__T_cross_timing-today_ma_input_field-adjusted_rsi_exit-cross_rsi_smoothing-simple_same_bar_reentry-wait_bar_warmup-ready_per_rule: ok fills=183 (43.0s)
[3414/4086] BANK2_OM-C_shared_state__T_cross_timing-today_ma_input_field-raw_rsi_exit-level_rsi_smoothing-wilder_same_bar_reentry-allowed_warmup-strict: ok fills=137 (41.0s)
[3415/4086] BANK2_OM-C_shared_state__T_cross_timing-today_ma_input_field-raw_rsi_exit-level_rsi_smoothing-wilder_same_bar_reentry-allowed_warmup-ready_check: ok fills=133 (38.0s)
[3416/4086] BANK2_OM-C_shared_state__T_cross_timing-today_ma_input_field-raw_rsi_exit-level_rsi_smoothing-wilder_same_bar_reentry-allowed_warmup-ready_per_rule: ok fills=137 (40.8s)
[3417/4086] BANK2_OM-C_shared_state__T_cross_timing-today_ma_input_field-raw_rsi_exit-level_rsi_smoothing-wilder_same_bar_reentry-wait_bar_warmup-strict: ok fills=155 (45.4s)
[3418/4086] BANK2_OM-C_shared_state__T_cross_timing-today_ma_input_field-raw_rsi_exit-level_rsi_smoothing-wilder_same_bar_reentry-wait_bar_warmup-ready_check: ok fills=151 (46.8s)
[3419/4086] BANK2_OM-C_shared_state__T_cross_timing-today_ma_input_field-raw_rsi_exit-level_rsi_smoothing-simple_same_bar_reentry-allowed_warmup-strict: ok fills=199 (41.4s)
[3420/4086] BANK2_OM-C_shared_state__T_cross_timing-today_ma_input_field-raw_rsi_exit-level_rsi_smoothing-wilder_same_bar_reentry-wait_bar_warmup-ready_per_rule: ok fills=155 (43.7s)
[3421/4086] BANK2_OM-C_shared_state__T_cross_timing-today_ma_input_field-raw_rsi_exit-level_rsi_smoothing-simple_same_bar_reentry-allowed_warmup-ready_check: ok fills=185 (43.4s)
[3422/4086] BANK2_OM-C_shared_state__T_cross_timing-today_ma_input_field-raw_rsi_exit-level_rsi_smoothing-simple_same_bar_reentry-allowed_warmup-ready_per_rule: ok fills=197 (51.5s)
[3423/4086] BANK2_OM-C_shared_state__T_cross_timing-today_ma_input_field-raw_rsi_exit-level_rsi_smoothing-simple_same_bar_reentry-wait_bar_warmup-strict: ok fills=193 (47.5s)
[3424/4086] BANK2_OM-C_shared_state__T_cross_timing-today_ma_input_field-raw_rsi_exit-level_rsi_smoothing-simple_same_bar_reentry-wait_bar_warmup-ready_check: ok fills=183 (45.5s)
[3425/4086] BANK2_OM-C_shared_state__T_cross_timing-today_ma_input_field-raw_rsi_exit-cross_rsi_smoothing-wilder_same_bar_reentry-allowed_warmup-strict: ok fills=133 (44.5s)
[3426/4086] BANK2_OM-C_shared_state__T_cross_timing-today_ma_input_field-raw_rsi_exit-level_rsi_smoothing-simple_same_bar_reentry-wait_bar_warmup-ready_per_rule: ok fills=191 (46.8s)
[3427/4086] BANK2_OM-C_shared_state__T_cross_timing-today_ma_input_field-raw_rsi_exit-cross_rsi_smoothing-wilder_same_bar_reentry-allowed_warmup-ready_per_rule: ok fills=133 (40.9s)
[3428/4086] BANK2_OM-C_shared_state__T_cross_timing-today_ma_input_field-raw_rsi_exit-cross_rsi_smoothing-simple_same_bar_reentry-allowed_warmup-ready_check: exit=1 fills=None (8.0s)
[3429/4086] BANK2_OM-C_shared_state__T_cross_timing-today_ma_input_field-raw_rsi_exit-cross_rsi_smoothing-wilder_same_bar_reentry-allowed_warmup-ready_check: ok fills=129 (44.3s)
[3430/4086] BANK2_OM-C_shared_state__T_cross_timing-today_ma_input_field-raw_rsi_exit-cross_rsi_smoothing-wilder_same_bar_reentry-wait_bar_warmup-strict: ok fills=149 (38.6s)
[3431/4086] BANK2_OM-C_shared_state__T_cross_timing-today_ma_input_field-raw_rsi_exit-cross_rsi_smoothing-wilder_same_bar_reentry-wait_bar_warmup-ready_per_rule: ok fills=149 (39.5s)
[3432/4086] BANK2_OM-C_shared_state__T_cross_timing-today_ma_input_field-raw_rsi_exit-cross_rsi_smoothing-wilder_same_bar_reentry-wait_bar_warmup-ready_check: ok fills=145 (44.2s)
[3433/4086] BANK2_OM-C_shared_state__T_cross_timing-today_ma_input_field-raw_rsi_exit-cross_rsi_smoothing-simple_same_bar_reentry-allowed_warmup-strict: ok fills=173 (42.6s)
[3434/4086] BANK2_PX-01_c5000__ref: exit=1 fills=None (10.4s)
[3435/4086] BANK2_OM-C_shared_state__T_cross_timing-today_ma_input_field-raw_rsi_exit-cross_rsi_smoothing-simple_same_bar_reentry-allowed_warmup-ready_per_rule: ok fills=171 (46.5s)
[3436/4086] BANK2_OM-C_shared_state__T_cross_timing-today_ma_input_field-raw_rsi_exit-cross_rsi_smoothing-simple_same_bar_reentry-wait_bar_warmup-ready_check: ok fills=171 (50.4s)
[3437/4086] BANK2_OM-C_shared_state__T_cross_timing-today_ma_input_field-raw_rsi_exit-cross_rsi_smoothing-simple_same_bar_reentry-wait_bar_warmup-strict: ok fills=179 (51.4s)
[3438/4086] BANK2_OM-C_shared_state__OAT_a_exec-set_holdings: ok fills=125 (47.8s)
[3439/4086] BANK2_OM-C_shared_state__T_cross_timing-today_ma_input_field-raw_rsi_exit-cross_rsi_smoothing-simple_same_bar_reentry-wait_bar_warmup-ready_per_rule: ok fills=177 (50.9s)
[3440/4086] BANK2_PX-01_c5000__T_input_field-raw_rsi_exit-level_rsi_smoothing-wilder_same_bar_reentry-allowed_warmup-strict: ok fills=280 (49.1s)
[3441/4086] BANK2_PX-01_c5000__T_input_field-raw_rsi_exit-level_rsi_smoothing-wilder_same_bar_reentry-wait_bar_warmup-strict: ok fills=278 (43.5s)
[3442/4086] BANK2_PX-01_c5000__T_input_field-adjusted_rsi_exit-level_rsi_smoothing-wilder_same_bar_reentry-wait_bar_warmup-strict: ok fills=266 (48.0s)
[3443/4086] BANK2_PX-01_c5000__T_input_field-adjusted_rsi_exit-level_rsi_smoothing-wilder_same_bar_reentry-allowed_warmup-ready_check: ok fills=266 (41.4s)
[3444/4086] BANK2_PX-01_c5000__T_input_field-adjusted_rsi_exit-level_rsi_smoothing-wilder_same_bar_reentry-wait_bar_warmup-ready_per_rule: exit=1 fills=None (9.2s)
[3445/4086] BANK2_PX-01_c5000__T_input_field-adjusted_rsi_exit-level_rsi_smoothing-wilder_same_bar_reentry-wait_bar_warmup-ready_check: ok fills=262 (38.4s)
[3446/4086] BANK2_PX-01_c5000__T_input_field-raw_rsi_exit-level_rsi_smoothing-wilder_same_bar_reentry-allowed_warmup-ready_check: ok fills=276 (42.9s)
[3447/4086] BANK2_PX-01_c5000__T_input_field-adjusted_rsi_exit-cross_rsi_smoothing-wilder_same_bar_reentry-allowed_warmup-strict: exit=1 fills=None (12.9s)
[3448/4086] BANK2_PX-01_c5000__T_input_field-raw_rsi_exit-level_rsi_smoothing-wilder_same_bar_reentry-wait_bar_warmup-ready_check: ok fills=274 (43.8s)
[3449/4086] BANK2_PX-01_c5000__T_input_field-adjusted_rsi_exit-level_rsi_smoothing-wilder_same_bar_reentry-allowed_warmup-ready_per_rule: ok fills=270 (44.8s)
[3450/4086] BANK2_PX-01_c5000__T_input_field-raw_rsi_exit-level_rsi_smoothing-wilder_same_bar_reentry-allowed_warmup-ready_per_rule: ok fills=280 (48.8s)
[3451/4086] BANK2_PX-01_c5000__T_input_field-raw_rsi_exit-level_rsi_smoothing-wilder_same_bar_reentry-wait_bar_warmup-ready_per_rule: ok fills=278 (44.5s)
[3452/4086] BANK2_PX-01_c5000__T_input_field-raw_rsi_exit-cross_rsi_smoothing-wilder_same_bar_reentry-allowed_warmup-strict: ok fills=264 (46.5s)
[3453/4086] BANK2_PX-01_c5000__T_input_field-adjusted_rsi_exit-cross_rsi_smoothing-wilder_same_bar_reentry-allowed_warmup-ready_check: ok fills=246 (44.7s)
[3454/4086] BANK2_PX-01_c5000__T_input_field-raw_rsi_exit-cross_rsi_smoothing-wilder_same_bar_reentry-wait_bar_warmup-strict: ok fills=264 (45.6s)
[3455/4086] BANK2_PX-01_c5000__T_input_field-adjusted_rsi_exit-cross_rsi_smoothing-wilder_same_bar_reentry-wait_bar_warmup-strict: ok fills=250 (50.6s)
[3456/4086] BANK2_PX-01_c5000__T_input_field-adjusted_rsi_exit-cross_rsi_smoothing-wilder_same_bar_reentry-wait_bar_warmup-ready_check: ok fills=246 (45.1s)
[3457/4086] BANK2_PX-01_c5000__T_input_field-raw_rsi_exit-cross_rsi_smoothing-wilder_same_bar_reentry-allowed_warmup-ready_check: ok fills=260 (46.7s)
[3458/4086] BANK2_PX-01_c5000__T_input_field-adjusted_rsi_exit-cross_rsi_smoothing-wilder_same_bar_reentry-allowed_warmup-ready_per_rule: ok fills=250 (42.1s)
[3459/4086] BANK2_PX-01_c5000__T_input_field-raw_rsi_exit-cross_rsi_smoothing-wilder_same_bar_reentry-wait_bar_warmup-ready_check: ok fills=260 (43.4s)
[3460/4086] BANK2_PX-01_c5000__T_input_field-raw_rsi_exit-cross_rsi_smoothing-wilder_same_bar_reentry-allowed_warmup-ready_per_rule: ok fills=264 (40.1s)
[3461/4086] BANK2_PX-01_c5000__T_input_field-adjusted_rsi_exit-cross_rsi_smoothing-wilder_same_bar_reentry-wait_bar_warmup-ready_per_rule: ok fills=250 (44.3s)
[3462/4086] BANK2_PX-01_c5000__T_input_field-raw_rsi_exit-cross_rsi_smoothing-wilder_same_bar_reentry-wait_bar_warmup-ready_per_rule: ok fills=264 (45.7s)
[3463/4086] BANK2_PX-01_c5000__T_input_field-adjusted_rsi_exit-level_rsi_smoothing-simple_same_bar_reentry-allowed_warmup-strict: ok fills=320 (45.0s)
[3464/4086] BANK2_PX-01_c5000__T_input_field-raw_rsi_exit-level_rsi_smoothing-simple_same_bar_reentry-allowed_warmup-strict: ok fills=338 (42.8s)
[3465/4086] BANK2_PX-01_c5000__T_input_field-adjusted_rsi_exit-level_rsi_smoothing-simple_same_bar_reentry-wait_bar_warmup-strict: ok fills=306 (46.2s)
[3466/4086] BANK2_PX-01_c5000__T_input_field-raw_rsi_exit-level_rsi_smoothing-simple_same_bar_reentry-wait_bar_warmup-ready_check: exit=1 fills=None (5.5s)
[3467/4086] BANK2_PX-01_c5000__T_input_field-raw_rsi_exit-level_rsi_smoothing-simple_same_bar_reentry-wait_bar_warmup-strict: ok fills=324 (46.1s)
[3468/4086] BANK2_PX-01_c5000__T_input_field-adjusted_rsi_exit-level_rsi_smoothing-simple_same_bar_reentry-allowed_warmup-ready_check: ok fills=306 (50.6s)
[3469/4086] BANK2_PX-01_c5000__T_input_field-raw_rsi_exit-level_rsi_smoothing-simple_same_bar_reentry-allowed_warmup-ready_check: ok fills=324 (46.1s)
[3470/4086] BANK2_PX-01_c5000__T_input_field-adjusted_rsi_exit-level_rsi_smoothing-simple_same_bar_reentry-wait_bar_warmup-ready_check: ok fills=296 (39.4s)
[3471/4086] BANK2_PX-01_c5000__T_input_field-adjusted_rsi_exit-level_rsi_smoothing-simple_same_bar_reentry-allowed_warmup-ready_per_rule: ok fills=318 (36.9s)
[3472/4086] BANK2_PX-01_c5000__T_input_field-raw_rsi_exit-level_rsi_smoothing-simple_same_bar_reentry-wait_bar_warmup-ready_per_rule: ok fills=322 (41.7s)
[3473/4086] BANK2_PX-01_c5000__T_input_field-raw_rsi_exit-level_rsi_smoothing-simple_same_bar_reentry-allowed_warmup-ready_per_rule: ok fills=336 (49.2s)
[3474/4086] BANK2_PX-01_c5000__T_input_field-adjusted_rsi_exit-level_rsi_smoothing-simple_same_bar_reentry-wait_bar_warmup-ready_per_rule: ok fills=304 (47.3s)
[3475/4086] BANK2_PX-01_c5000__T_input_field-adjusted_rsi_exit-cross_rsi_smoothing-simple_same_bar_reentry-allowed_warmup-strict: ok fills=270 (44.0s)
[3476/4086] BANK2_PX-01_c5000__T_input_field-adjusted_rsi_exit-cross_rsi_smoothing-simple_same_bar_reentry-wait_bar_warmup-strict: ok fills=270 (46.9s)
[3477/4086] BANK2_PX-01_c5000__T_input_field-raw_rsi_exit-cross_rsi_smoothing-simple_same_bar_reentry-allowed_warmup-strict: ok fills=290 (47.0s)
[3478/4086] BANK2_PX-01_c5000__T_input_field-raw_rsi_exit-cross_rsi_smoothing-simple_same_bar_reentry-wait_bar_warmup-strict: ok fills=290 (47.6s)
[3479/4086] BANK2_PX-01_c5000__T_input_field-adjusted_rsi_exit-cross_rsi_smoothing-simple_same_bar_reentry-allowed_warmup-ready_check: ok fills=262 (50.3s)
[3480/4086] BANK2_PX-01_c5000__T_input_field-raw_rsi_exit-cross_rsi_smoothing-simple_same_bar_reentry-allowed_warmup-ready_check: ok fills=282 (49.2s)
[3481/4086] BANK2_PX-01_c5000__OAT_a_exec-set_holdings: exit=1 fills=None (8.7s)
[3482/4086] BANK2_PX-01_c5000__T_input_field-raw_rsi_exit-cross_rsi_smoothing-simple_same_bar_reentry-wait_bar_warmup-ready_check: ok fills=282 (46.7s)
[3483/4086] BANK2_PX-01_c5000__T_input_field-adjusted_rsi_exit-cross_rsi_smoothing-simple_same_bar_reentry-wait_bar_warmup-ready_check: ok fills=262 (48.8s)
[3484/4086] BANK2_PX-01_c5000__T_input_field-adjusted_rsi_exit-cross_rsi_smoothing-simple_same_bar_reentry-allowed_warmup-ready_per_rule: ok fills=268 (44.1s)
[3485/4086] BANK2_PX-01_c5000__T_input_field-raw_rsi_exit-cross_rsi_smoothing-simple_same_bar_reentry-allowed_warmup-ready_per_rule: ok fills=288 (43.0s)
[3486/4086] BANK2_PX-01_c5000__T_input_field-adjusted_rsi_exit-cross_rsi_smoothing-simple_same_bar_reentry-wait_bar_warmup-ready_per_rule: ok fills=268 (42.9s)
[3487/4086] BANK2_PX-01_c5000__T_input_field-raw_rsi_exit-cross_rsi_smoothing-simple_same_bar_reentry-wait_bar_warmup-ready_per_rule: ok fills=288 (42.0s)
[3488/4086] BANK2_PX-01_c5000__OAT_cross_timing-today_ma: ok fills=266 (42.1s)
[3489/4086] BANK2_PX-01_c5000__SPOT_all_excluded_off: ok fills=266 (45.2s)
[3490/4086] BANK2_PX-01_c10000__T_input_field-raw_rsi_exit-level_rsi_smoothing-wilder_same_bar_reentry-allowed_warmup-strict: ok fills=280 (44.3s)
[3491/4086] BANK2_PX-01_c10000__ref: ok fills=270 (48.1s)
[3492/4086] BANK2_PX-01_c10000__T_input_field-adjusted_rsi_exit-level_rsi_smoothing-wilder_same_bar_reentry-wait_bar_warmup-strict: ok fills=266 (43.6s)
[3493/4086] BANK2_PX-01_c10000__T_input_field-raw_rsi_exit-level_rsi_smoothing-wilder_same_bar_reentry-allowed_warmup-ready_per_rule: exit=1 fills=None (7.5s)
[3494/4086] BANK2_PX-01_c10000__T_input_field-raw_rsi_exit-level_rsi_smoothing-wilder_same_bar_reentry-wait_bar_warmup-strict: ok fills=278 (48.4s)
[3495/4086] BANK2_PX-01_c10000__T_input_field-adjusted_rsi_exit-level_rsi_smoothing-wilder_same_bar_reentry-allowed_warmup-ready_check: ok fills=266 (49.9s)
[3496/4086] BANK2_PX-01_c10000__T_input_field-raw_rsi_exit-level_rsi_smoothing-wilder_same_bar_reentry-allowed_warmup-ready_check: ok fills=276 (47.5s)
[3497/4086] BANK2_PX-01_c10000__T_input_field-adjusted_rsi_exit-level_rsi_smoothing-wilder_same_bar_reentry-wait_bar_warmup-ready_check: ok fills=262 (42.6s)
[3498/4086] BANK2_PX-01_c10000__T_input_field-adjusted_rsi_exit-level_rsi_smoothing-wilder_same_bar_reentry-allowed_warmup-ready_per_rule: ok fills=270 (42.9s)
[3499/4086] BANK2_PX-01_c10000__T_input_field-raw_rsi_exit-level_rsi_smoothing-wilder_same_bar_reentry-wait_bar_warmup-ready_check: ok fills=274 (50.1s)
[3500/4086] BANK2_PX-01_c10000__T_input_field-adjusted_rsi_exit-level_rsi_smoothing-wilder_same_bar_reentry-wait_bar_warmup-ready_per_rule: ok fills=266 (42.7s)
[3501/4086] BANK2_PX-01_c10000__T_input_field-raw_rsi_exit-cross_rsi_smoothing-wilder_same_bar_reentry-allowed_warmup-ready_check: exit=1 fills=None (5.6s)
[3502/4086] BANK2_PX-01_c10000__T_input_field-raw_rsi_exit-level_rsi_smoothing-wilder_same_bar_reentry-wait_bar_warmup-ready_per_rule: ok fills=278 (44.2s)
[3503/4086] BANK2_PX-01_c10000__T_input_field-adjusted_rsi_exit-cross_rsi_smoothing-wilder_same_bar_reentry-allowed_warmup-strict: ok fills=250 (41.0s)
[3504/4086] BANK2_PX-01_c10000__T_input_field-raw_rsi_exit-cross_rsi_smoothing-wilder_same_bar_reentry-allowed_warmup-strict: ok fills=264 (43.3s)
[3505/4086] BANK2_PX-01_c10000__T_input_field-adjusted_rsi_exit-cross_rsi_smoothing-wilder_same_bar_reentry-wait_bar_warmup-strict: ok fills=250 (47.8s)
[3506/4086] BANK2_PX-01_c10000__T_input_field-raw_rsi_exit-cross_rsi_smoothing-wilder_same_bar_reentry-wait_bar_warmup-strict: ok fills=264 (45.2s)
[3507/4086] BANK2_PX-01_c10000__T_input_field-adjusted_rsi_exit-cross_rsi_smoothing-wilder_same_bar_reentry-allowed_warmup-ready_check: ok fills=246 (51.8s)
[3508/4086] BANK2_PX-01_c10000__T_input_field-adjusted_rsi_exit-cross_rsi_smoothing-wilder_same_bar_reentry-wait_bar_warmup-ready_check: ok fills=246 (48.0s)
[3509/4086] BANK2_PX-01_c10000__T_input_field-raw_rsi_exit-cross_rsi_smoothing-wilder_same_bar_reentry-wait_bar_warmup-ready_check: ok fills=260 (49.4s)
[3510/4086] BANK2_PX-01_c10000__T_input_field-adjusted_rsi_exit-cross_rsi_smoothing-wilder_same_bar_reentry-allowed_warmup-ready_per_rule: ok fills=250 (48.6s)
[3511/4086] BANK2_PX-01_c10000__T_input_field-adjusted_rsi_exit-cross_rsi_smoothing-wilder_same_bar_reentry-wait_bar_warmup-ready_per_rule: ok fills=250 (43.9s)
[3512/4086] BANK2_PX-01_c10000__T_input_field-raw_rsi_exit-cross_rsi_smoothing-wilder_same_bar_reentry-allowed_warmup-ready_per_rule: ok fills=264 (48.5s)
[3513/4086] BANK2_PX-01_c10000__T_input_field-raw_rsi_exit-cross_rsi_smoothing-wilder_same_bar_reentry-wait_bar_warmup-ready_per_rule: ok fills=264 (41.5s)
[3514/4086] BANK2_PX-01_c10000__T_input_field-adjusted_rsi_exit-level_rsi_smoothing-simple_same_bar_reentry-allowed_warmup-strict: ok fills=320 (43.4s)
[3515/4086] BANK2_PX-01_c10000__T_input_field-raw_rsi_exit-level_rsi_smoothing-simple_same_bar_reentry-allowed_warmup-strict: ok fills=338 (43.7s)
[3516/4086] BANK2_PX-01_c10000__T_input_field-adjusted_rsi_exit-level_rsi_smoothing-simple_same_bar_reentry-wait_bar_warmup-strict: ok fills=306 (47.9s)
[3517/4086] BANK2_PX-01_c10000__T_input_field-raw_rsi_exit-level_rsi_smoothing-simple_same_bar_reentry-wait_bar_warmup-strict: ok fills=324 (49.3s)
[3518/4086] BANK2_PX-01_c10000__T_input_field-adjusted_rsi_exit-level_rsi_smoothing-simple_same_bar_reentry-allowed_warmup-ready_check: ok fills=306 (52.5s)
[3519/4086] BANK2_PX-01_c10000__T_input_field-adjusted_rsi_exit-level_rsi_smoothing-simple_same_bar_reentry-wait_bar_warmup-ready_per_rule: exit=1 fills=None (6.9s)
[3520/4086] BANK2_PX-01_c10000__T_input_field-adjusted_rsi_exit-level_rsi_smoothing-simple_same_bar_reentry-wait_bar_warmup-ready_check: ok fills=296 (46.6s)
[3521/4086] BANK2_PX-01_c10000__T_input_field-raw_rsi_exit-level_rsi_smoothing-simple_same_bar_reentry-allowed_warmup-ready_check: ok fills=324 (48.2s)
[3522/4086] BANK2_PX-01_c10000__T_input_field-raw_rsi_exit-level_rsi_smoothing-simple_same_bar_reentry-wait_bar_warmup-ready_check: ok fills=314 (46.9s)
[3523/4086] BANK2_PX-01_c10000__T_input_field-adjusted_rsi_exit-level_rsi_smoothing-simple_same_bar_reentry-allowed_warmup-ready_per_rule: ok fills=318 (41.4s)
[3524/4086] BANK2_PX-01_c10000__T_input_field-raw_rsi_exit-level_rsi_smoothing-simple_same_bar_reentry-allowed_warmup-ready_per_rule: ok fills=336 (42.9s)
[3525/4086] BANK2_PX-01_c10000__T_input_field-raw_rsi_exit-level_rsi_smoothing-simple_same_bar_reentry-wait_bar_warmup-ready_per_rule: ok fills=322 (41.1s)
[3526/4086] BANK2_PX-01_c10000__T_input_field-raw_rsi_exit-cross_rsi_smoothing-simple_same_bar_reentry-allowed_warmup-strict: ok fills=290 (38.9s)
[3527/4086] BANK2_PX-01_c10000__T_input_field-raw_rsi_exit-cross_rsi_smoothing-simple_same_bar_reentry-wait_bar_warmup-strict: ok fills=290 (41.0s)
[3528/4086] BANK2_PX-01_c10000__T_input_field-raw_rsi_exit-cross_rsi_smoothing-simple_same_bar_reentry-allowed_warmup-ready_check: ok fills=282 (43.7s)
[3529/4086] BANK2_PX-01_c10000__T_input_field-adjusted_rsi_exit-cross_rsi_smoothing-simple_same_bar_reentry-wait_bar_warmup-strict: ok fills=270 (52.0s)
[3530/4086] BANK2_PX-01_c10000__T_input_field-adjusted_rsi_exit-cross_rsi_smoothing-simple_same_bar_reentry-allowed_warmup-strict: ok fills=270 (56.7s)
[3531/4086] BANK2_PX-01_c10000__T_input_field-adjusted_rsi_exit-cross_rsi_smoothing-simple_same_bar_reentry-allowed_warmup-ready_check: ok fills=262 (47.8s)
[3532/4086] BANK2_PX-01_c10000__T_input_field-adjusted_rsi_exit-cross_rsi_smoothing-simple_same_bar_reentry-wait_bar_warmup-ready_per_rule: exit=1 fills=None (3.8s)
[3533/4086] BANK2_PX-01_c10000__T_input_field-adjusted_rsi_exit-cross_rsi_smoothing-simple_same_bar_reentry-wait_bar_warmup-ready_check: ok fills=262 (45.9s)
[3534/4086] BANK2_PX-01_c10000__T_input_field-raw_rsi_exit-cross_rsi_smoothing-simple_same_bar_reentry-wait_bar_warmup-ready_check: ok fills=282 (44.0s)
[3535/4086] BANK2_PX-01_c10000__T_input_field-adjusted_rsi_exit-cross_rsi_smoothing-simple_same_bar_reentry-allowed_warmup-ready_per_rule: ok fills=268 (45.3s)
[3536/4086] BANK2_PX-01_c10000__T_input_field-raw_rsi_exit-cross_rsi_smoothing-simple_same_bar_reentry-allowed_warmup-ready_per_rule: ok fills=288 (47.1s)
[3537/4086] BANK2_PX-01_c20000__T_input_field-adjusted_rsi_exit-level_rsi_smoothing-wilder_same_bar_reentry-wait_bar_warmup-strict: exit=1 fills=None (7.4s)
[3538/4086] BANK2_PX-01_c10000__T_input_field-raw_rsi_exit-cross_rsi_smoothing-simple_same_bar_reentry-wait_bar_warmup-ready_per_rule: ok fills=288 (45.7s)
[3539/4086] BANK2_PX-01_c10000__OAT_a_exec-set_holdings: ok fills=270 (43.9s)
[3540/4086] BANK2_PX-01_c20000__T_input_field-raw_rsi_exit-level_rsi_smoothing-wilder_same_bar_reentry-wait_bar_warmup-strict: exit=1 fills=None (9.0s)
[3541/4086] BANK2_PX-01_c10000__SPOT_all_excluded_off: ok fills=266 (43.9s)
[3542/4086] BANK2_PX-01_c10000__OAT_cross_timing-today_ma: ok fills=266 (47.9s)
[3543/4086] BANK2_PX-01_c20000__T_input_field-raw_rsi_exit-level_rsi_smoothing-wilder_same_bar_reentry-allowed_warmup-ready_check: exit=1 fills=None (5.9s)
[3544/4086] BANK2_PX-01_c20000__ref: ok fills=270 (43.8s)
[3545/4086] BANK2_PX-01_c20000__T_input_field-adjusted_rsi_exit-level_rsi_smoothing-wilder_same_bar_reentry-wait_bar_warmup-ready_check: exit=1 fills=None (14.7s)
[3546/4086] BANK2_PX-01_c20000__T_input_field-raw_rsi_exit-level_rsi_smoothing-wilder_same_bar_reentry-allowed_warmup-strict: ok fills=280 (43.3s)
[3547/4086] BANK2_PX-01_c20000__T_input_field-adjusted_rsi_exit-level_rsi_smoothing-wilder_same_bar_reentry-allowed_warmup-ready_check: ok fills=266 (48.7s)
[3548/4086] BANK2_PX-01_c20000__T_input_field-raw_rsi_exit-level_rsi_smoothing-wilder_same_bar_reentry-wait_bar_warmup-ready_check: ok fills=274 (43.7s)
[3549/4086] BANK2_PX-01_c20000__T_input_field-adjusted_rsi_exit-level_rsi_smoothing-wilder_same_bar_reentry-allowed_warmup-ready_per_rule: ok fills=270 (43.5s)
[3550/4086] BANK2_PX-01_c20000__T_input_field-raw_rsi_exit-level_rsi_smoothing-wilder_same_bar_reentry-allowed_warmup-ready_per_rule: ok fills=280 (40.6s)
[3551/4086] BANK2_PX-01_c20000__T_input_field-adjusted_rsi_exit-level_rsi_smoothing-wilder_same_bar_reentry-wait_bar_warmup-ready_per_rule: ok fills=266 (44.4s)
[3552/4086] BANK2_PX-01_c20000__T_input_field-adjusted_rsi_exit-cross_rsi_smoothing-wilder_same_bar_reentry-allowed_warmup-strict: ok fills=250 (41.3s)
[3553/4086] BANK2_PX-01_c20000__T_input_field-raw_rsi_exit-level_rsi_smoothing-wilder_same_bar_reentry-wait_bar_warmup-ready_per_rule: ok fills=278 (42.3s)
[3554/4086] BANK2_PX-01_c20000__T_input_field-adjusted_rsi_exit-cross_rsi_smoothing-wilder_same_bar_reentry-allowed_warmup-ready_check: exit=1 fills=None (11.3s)
[3555/4086] BANK2_PX-01_c20000__T_input_field-raw_rsi_exit-cross_rsi_smoothing-wilder_same_bar_reentry-allowed_warmup-strict: ok fills=264 (41.8s)
[3556/4086] BANK2_PX-01_c20000__T_input_field-adjusted_rsi_exit-cross_rsi_smoothing-wilder_same_bar_reentry-wait_bar_warmup-strict: ok fills=250 (43.9s)
[3557/4086] BANK2_PX-01_c20000__T_input_field-raw_rsi_exit-cross_rsi_smoothing-wilder_same_bar_reentry-allowed_warmup-ready_check: ok fills=260 (47.3s)
[3558/4086] BANK2_PX-01_c20000__T_input_field-raw_rsi_exit-cross_rsi_smoothing-wilder_same_bar_reentry-wait_bar_warmup-strict: ok fills=264 (49.8s)
[3559/4086] BANK2_PX-01_c20000__T_input_field-adjusted_rsi_exit-cross_rsi_smoothing-wilder_same_bar_reentry-wait_bar_warmup-ready_check: ok fills=246 (45.2s)
[3560/4086] BANK2_PX-01_c20000__T_input_field-adjusted_rsi_exit-cross_rsi_smoothing-wilder_same_bar_reentry-allowed_warmup-ready_per_rule: ok fills=250 (46.3s)
[3561/4086] BANK2_PX-01_c20000__T_input_field-raw_rsi_exit-cross_rsi_smoothing-wilder_same_bar_reentry-wait_bar_warmup-ready_check: ok fills=260 (48.6s)
[3562/4086] BANK2_PX-01_c20000__T_input_field-raw_rsi_exit-cross_rsi_smoothing-wilder_same_bar_reentry-allowed_warmup-ready_per_rule: ok fills=264 (49.9s)
[3563/4086] BANK2_PX-01_c20000__T_input_field-raw_rsi_exit-level_rsi_smoothing-simple_same_bar_reentry-allowed_warmup-strict: exit=1 fills=None (13.1s)
[3564/4086] BANK2_PX-01_c20000__T_input_field-adjusted_rsi_exit-cross_rsi_smoothing-wilder_same_bar_reentry-wait_bar_warmup-ready_per_rule: ok fills=250 (45.7s)
[3565/4086] BANK2_PX-01_c20000__T_input_field-raw_rsi_exit-cross_rsi_smoothing-wilder_same_bar_reentry-wait_bar_warmup-ready_per_rule: ok fills=264 (39.2s)
[3566/4086] BANK2_PX-01_c20000__T_input_field-adjusted_rsi_exit-level_rsi_smoothing-simple_same_bar_reentry-allowed_warmup-strict: ok fills=320 (38.5s)
[3567/4086] BANK2_PX-01_c20000__T_input_field-adjusted_rsi_exit-level_rsi_smoothing-simple_same_bar_reentry-wait_bar_warmup-strict: ok fills=306 (43.8s)
[3568/4086] BANK2_PX-01_c20000__T_input_field-adjusted_rsi_exit-level_rsi_smoothing-simple_same_bar_reentry-allowed_warmup-ready_check: ok fills=306 (45.5s)
[3569/4086] BANK2_PX-01_c20000__T_input_field-raw_rsi_exit-level_rsi_smoothing-simple_same_bar_reentry-wait_bar_warmup-strict: ok fills=324 (48.8s)
[3570/4086] BANK2_PX-01_c20000__T_input_field-adjusted_rsi_exit-level_rsi_smoothing-simple_same_bar_reentry-wait_bar_warmup-ready_check: ok fills=296 (46.4s)
[3571/4086] BANK2_PX-01_c20000__T_input_field-raw_rsi_exit-level_rsi_smoothing-simple_same_bar_reentry-allowed_warmup-ready_check: ok fills=324 (52.1s)
[3572/4086] BANK2_PX-01_c20000__T_input_field-adjusted_rsi_exit-cross_rsi_smoothing-simple_same_bar_reentry-allowed_warmup-strict: exit=1 fills=None (7.5s)
[3573/4086] BANK2_PX-01_c20000__T_input_field-raw_rsi_exit-level_rsi_smoothing-simple_same_bar_reentry-wait_bar_warmup-ready_check: ok fills=314 (47.6s)
[3574/4086] BANK2_PX-01_c20000__T_input_field-adjusted_rsi_exit-level_rsi_smoothing-simple_same_bar_reentry-allowed_warmup-ready_per_rule: ok fills=318 (48.1s)
[3575/4086] BANK2_PX-01_c20000__T_input_field-raw_rsi_exit-level_rsi_smoothing-simple_same_bar_reentry-allowed_warmup-ready_per_rule: ok fills=336 (49.1s)
[3576/4086] BANK2_PX-01_c20000__T_input_field-adjusted_rsi_exit-level_rsi_smoothing-simple_same_bar_reentry-wait_bar_warmup-ready_per_rule: ok fills=304 (43.4s)
[3577/4086] BANK2_PX-01_c20000__T_input_field-raw_rsi_exit-level_rsi_smoothing-simple_same_bar_reentry-wait_bar_warmup-ready_per_rule: ok fills=322 (39.5s)
[3578/4086] BANK2_PX-01_c20000__T_input_field-raw_rsi_exit-cross_rsi_smoothing-simple_same_bar_reentry-allowed_warmup-strict: ok fills=290 (43.0s)
[3579/4086] BANK2_PX-01_c20000__T_input_field-adjusted_rsi_exit-cross_rsi_smoothing-simple_same_bar_reentry-wait_bar_warmup-strict: ok fills=270 (42.2s)
[3580/4086] BANK2_PX-01_c20000__T_input_field-adjusted_rsi_exit-cross_rsi_smoothing-simple_same_bar_reentry-allowed_warmup-ready_check: ok fills=262 (43.4s)
[3581/4086] BANK2_PX-01_c20000__T_input_field-raw_rsi_exit-cross_rsi_smoothing-simple_same_bar_reentry-wait_bar_warmup-strict: ok fills=290 (45.2s)
[3582/4086] BANK2_PX-01_c20000__T_input_field-raw_rsi_exit-cross_rsi_smoothing-simple_same_bar_reentry-allowed_warmup-ready_check: ok fills=282 (42.2s)
[3583/4086] BANK2_PX-01_c20000__T_input_field-raw_rsi_exit-cross_rsi_smoothing-simple_same_bar_reentry-wait_bar_warmup-ready_check: ok fills=282 (51.5s)
[3584/4086] BANK2_PX-01_c20000__T_input_field-adjusted_rsi_exit-cross_rsi_smoothing-simple_same_bar_reentry-wait_bar_warmup-ready_check: ok fills=262 (53.0s)
[3585/4086] BANK2_PX-01_c20000__T_input_field-adjusted_rsi_exit-cross_rsi_smoothing-simple_same_bar_reentry-allowed_warmup-ready_per_rule: ok fills=268 (53.7s)
[3586/4086] BANK2_PX-01_c20000__T_input_field-raw_rsi_exit-cross_rsi_smoothing-simple_same_bar_reentry-allowed_warmup-ready_per_rule: ok fills=288 (48.0s)
[3587/4086] BANK2_PX-01_c20000__T_input_field-raw_rsi_exit-cross_rsi_smoothing-simple_same_bar_reentry-wait_bar_warmup-ready_per_rule: ok fills=288 (45.9s)
[3588/4086] BANK2_PX-01_c20000__OAT_a_exec-set_holdings: ok fills=270 (45.6s)
[3589/4086] BANK2_PX-01_c20000__T_input_field-adjusted_rsi_exit-cross_rsi_smoothing-simple_same_bar_reentry-wait_bar_warmup-ready_per_rule: ok fills=268 (49.6s)
[3590/4086] BANK2_PX-01_c20000__OAT_cross_timing-today_ma: ok fills=266 (42.4s)
[3591/4086] BANK2_PX-01_c20000__SPOT_all_excluded_off: ok fills=266 (43.3s)
[3592/4086] BANK2_PX-01_c50000__ref: ok fills=270 (46.3s)
[3593/4086] BANK2_PX-01_c50000__T_input_field-raw_rsi_exit-level_rsi_smoothing-wilder_same_bar_reentry-allowed_warmup-strict: ok fills=280 (40.3s)
[3594/4086] BANK2_PX-01_c50000__T_input_field-raw_rsi_exit-level_rsi_smoothing-wilder_same_bar_reentry-allowed_warmup-ready_check: ok fills=276 (46.2s)
[3595/4086] BANK2_PX-01_c50000__T_input_field-adjusted_rsi_exit-level_rsi_smoothing-wilder_same_bar_reentry-allowed_warmup-ready_check: ok fills=266 (47.7s)
[3596/4086] BANK2_PX-01_c50000__T_input_field-adjusted_rsi_exit-level_rsi_smoothing-wilder_same_bar_reentry-wait_bar_warmup-strict: ok fills=266 (54.0s)
[3597/4086] BANK2_PX-01_c50000__T_input_field-raw_rsi_exit-level_rsi_smoothing-wilder_same_bar_reentry-wait_bar_warmup-strict: ok fills=278 (50.1s)
[3598/4086] BANK2_PX-01_c50000__T_input_field-adjusted_rsi_exit-level_rsi_smoothing-wilder_same_bar_reentry-wait_bar_warmup-ready_check: ok fills=262 (47.5s)
[3599/4086] BANK2_PX-01_c50000__T_input_field-raw_rsi_exit-level_rsi_smoothing-wilder_same_bar_reentry-wait_bar_warmup-ready_check: ok fills=274 (43.5s)
[3600/4086] BANK2_PX-01_c50000__T_input_field-adjusted_rsi_exit-level_rsi_smoothing-wilder_same_bar_reentry-allowed_warmup-ready_per_rule: ok fills=270 (44.1s)
[3601/4086] BANK2_PX-01_c50000__T_input_field-raw_rsi_exit-level_rsi_smoothing-wilder_same_bar_reentry-allowed_warmup-ready_per_rule: ok fills=280 (43.0s)
[3602/4086] BANK2_PX-01_c50000__T_input_field-raw_rsi_exit-cross_rsi_smoothing-wilder_same_bar_reentry-allowed_warmup-strict: ok fills=264 (41.8s)
[3603/4086] BANK2_PX-01_c50000__T_input_field-adjusted_rsi_exit-level_rsi_smoothing-wilder_same_bar_reentry-wait_bar_warmup-ready_per_rule: ok fills=266 (45.1s)
[3604/4086] BANK2_PX-01_c50000__T_input_field-adjusted_rsi_exit-cross_rsi_smoothing-wilder_same_bar_reentry-allowed_warmup-strict: ok fills=250 (44.3s)
[3605/4086] BANK2_PX-01_c50000__T_input_field-adjusted_rsi_exit-cross_rsi_smoothing-wilder_same_bar_reentry-wait_bar_warmup-strict: ok fills=250 (39.6s)
[3606/4086] BANK2_PX-01_c50000__T_input_field-raw_rsi_exit-level_rsi_smoothing-wilder_same_bar_reentry-wait_bar_warmup-ready_per_rule: ok fills=278 (45.6s)
[3607/4086] BANK2_PX-01_c50000__T_input_field-raw_rsi_exit-cross_rsi_smoothing-wilder_same_bar_reentry-wait_bar_warmup-strict: ok fills=264 (42.9s)
[3608/4086] BANK2_PX-01_c50000__T_input_field-raw_rsi_exit-cross_rsi_smoothing-wilder_same_bar_reentry-allowed_warmup-ready_check: ok fills=260 (46.5s)
[3609/4086] BANK2_PX-01_c50000__T_input_field-adjusted_rsi_exit-cross_rsi_smoothing-wilder_same_bar_reentry-allowed_warmup-ready_check: ok fills=246 (49.7s)
[3610/4086] BANK2_PX-01_c50000__T_input_field-adjusted_rsi_exit-cross_rsi_smoothing-wilder_same_bar_reentry-wait_bar_warmup-ready_check: ok fills=246 (45.1s)
[3611/4086] BANK2_PX-01_c50000__T_input_field-raw_rsi_exit-cross_rsi_smoothing-wilder_same_bar_reentry-allowed_warmup-ready_per_rule: ok fills=264 (45.2s)
[3612/4086] BANK2_PX-01_c50000__T_input_field-adjusted_rsi_exit-cross_rsi_smoothing-wilder_same_bar_reentry-allowed_warmup-ready_per_rule: ok fills=250 (48.3s)
[3613/4086] BANK2_PX-01_c50000__T_input_field-adjusted_rsi_exit-cross_rsi_smoothing-wilder_same_bar_reentry-wait_bar_warmup-ready_per_rule: ok fills=250 (49.5s)
[3614/4086] BANK2_PX-01_c50000__T_input_field-raw_rsi_exit-cross_rsi_smoothing-wilder_same_bar_reentry-wait_bar_warmup-ready_check: ok fills=260 (52.7s)
[3615/4086] BANK2_PX-01_c50000__T_input_field-raw_rsi_exit-cross_rsi_smoothing-wilder_same_bar_reentry-wait_bar_warmup-ready_per_rule: ok fills=264 (44.8s)
[3616/4086] BANK2_PX-01_c50000__T_input_field-raw_rsi_exit-level_rsi_smoothing-simple_same_bar_reentry-allowed_warmup-strict: ok fills=338 (42.2s)
[3617/4086] BANK2_PX-01_c50000__T_input_field-adjusted_rsi_exit-level_rsi_smoothing-simple_same_bar_reentry-allowed_warmup-strict: ok fills=320 (44.4s)
[3618/4086] BANK2_PX-01_c50000__T_input_field-adjusted_rsi_exit-level_rsi_smoothing-simple_same_bar_reentry-wait_bar_warmup-strict: ok fills=306 (42.2s)
[3619/4086] BANK2_PX-01_c50000__T_input_field-raw_rsi_exit-level_rsi_smoothing-simple_same_bar_reentry-wait_bar_warmup-strict: ok fills=324 (40.1s)
[3620/4086] BANK2_PX-01_c50000__T_input_field-adjusted_rsi_exit-level_rsi_smoothing-simple_same_bar_reentry-allowed_warmup-ready_check: ok fills=306 (45.9s)
[3621/4086] BANK2_PX-01_c50000__T_input_field-adjusted_rsi_exit-level_rsi_smoothing-simple_same_bar_reentry-wait_bar_warmup-ready_per_rule: exit=1 fills=None (9.4s)
[3622/4086] BANK2_PX-01_c50000__T_input_field-raw_rsi_exit-level_rsi_smoothing-simple_same_bar_reentry-allowed_warmup-ready_check: ok fills=324 (46.6s)
[3623/4086] BANK2_PX-01_c50000__T_input_field-adjusted_rsi_exit-level_rsi_smoothing-simple_same_bar_reentry-wait_bar_warmup-ready_check: ok fills=296 (47.0s)
[3624/4086] BANK2_PX-01_c50000__T_input_field-raw_rsi_exit-level_rsi_smoothing-simple_same_bar_reentry-wait_bar_warmup-ready_check: ok fills=314 (46.1s)
[3625/4086] BANK2_PX-01_c50000__T_input_field-adjusted_rsi_exit-level_rsi_smoothing-simple_same_bar_reentry-allowed_warmup-ready_per_rule: ok fills=318 (47.8s)
[3626/4086] BANK2_PX-01_c50000__T_input_field-raw_rsi_exit-level_rsi_smoothing-simple_same_bar_reentry-allowed_warmup-ready_per_rule: ok fills=336 (48.3s)
[3627/4086] BANK2_PX-01_c50000__T_input_field-raw_rsi_exit-level_rsi_smoothing-simple_same_bar_reentry-wait_bar_warmup-ready_per_rule: ok fills=322 (45.5s)
[3628/4086] BANK2_PX-01_c50000__T_input_field-raw_rsi_exit-cross_rsi_smoothing-simple_same_bar_reentry-wait_bar_warmup-strict: ok fills=290 (39.0s)
[3629/4086] BANK2_PX-01_c50000__T_input_field-raw_rsi_exit-cross_rsi_smoothing-simple_same_bar_reentry-allowed_warmup-strict: ok fills=290 (45.4s)
[3630/4086] BANK2_PX-01_c50000__T_input_field-adjusted_rsi_exit-cross_rsi_smoothing-simple_same_bar_reentry-allowed_warmup-strict: ok fills=270 (46.2s)
[3631/4086] BANK2_PX-01_c50000__T_input_field-adjusted_rsi_exit-cross_rsi_smoothing-simple_same_bar_reentry-wait_bar_warmup-strict: ok fills=270 (47.8s)
[3632/4086] BANK2_PX-01_c50000__T_input_field-adjusted_rsi_exit-cross_rsi_smoothing-simple_same_bar_reentry-allowed_warmup-ready_check: ok fills=262 (43.8s)
[3633/4086] BANK2_PX-01_c50000__T_input_field-raw_rsi_exit-cross_rsi_smoothing-simple_same_bar_reentry-allowed_warmup-ready_check: ok fills=282 (46.3s)
[3634/4086] BANK2_PX-01_c50000__T_input_field-adjusted_rsi_exit-cross_rsi_smoothing-simple_same_bar_reentry-wait_bar_warmup-ready_check: ok fills=262 (46.8s)
[3635/4086] BANK2_PX-01_c50000__T_input_field-raw_rsi_exit-cross_rsi_smoothing-simple_same_bar_reentry-wait_bar_warmup-ready_check: ok fills=282 (53.3s)
[3636/4086] BANK2_PX-01_c50000__T_input_field-raw_rsi_exit-cross_rsi_smoothing-simple_same_bar_reentry-allowed_warmup-ready_per_rule: ok fills=288 (45.7s)
[3637/4086] BANK2_PX-01_c50000__T_input_field-adjusted_rsi_exit-cross_rsi_smoothing-simple_same_bar_reentry-allowed_warmup-ready_per_rule: ok fills=268 (49.0s)
[3638/4086] BANK2_PX-01_c50000__T_input_field-adjusted_rsi_exit-cross_rsi_smoothing-simple_same_bar_reentry-wait_bar_warmup-ready_per_rule: ok fills=268 (48.6s)
[3639/4086] BANK2_PX-01_c50000__T_input_field-raw_rsi_exit-cross_rsi_smoothing-simple_same_bar_reentry-wait_bar_warmup-ready_per_rule: ok fills=288 (47.0s)
[3640/4086] BANK2_PX-01_c50000__OAT_a_exec-set_holdings: ok fills=270 (39.8s)
[3641/4086] BANK2_PX-01_c50000__OAT_cross_timing-today_ma: ok fills=266 (42.7s)
[3642/4086] BANK2_PX-01_c50000__SPOT_all_excluded_off: ok fills=266 (43.6s)
[3643/4086] BANK2_BL-06_skip__ref: ok fills=270 (47.2s)
[3644/4086] BANK2_BL-06_skip__T_input_field-adjusted_rsi_exit-level_rsi_smoothing-wilder_same_bar_reentry-wait_bar_warmup-strict: ok fills=266 (45.9s)
[3645/4086] BANK2_BL-06_skip__T_input_field-raw_rsi_exit-level_rsi_smoothing-wilder_same_bar_reentry-wait_bar_warmup-strict: ok fills=278 (45.0s)
[3646/4086] BANK2_BL-06_skip__T_input_field-raw_rsi_exit-level_rsi_smoothing-wilder_same_bar_reentry-allowed_warmup-strict: ok fills=280 (54.1s)
[3647/4086] BANK2_BL-06_skip__T_input_field-raw_rsi_exit-level_rsi_smoothing-wilder_same_bar_reentry-allowed_warmup-ready_check: ok fills=276 (45.4s)
[3648/4086] BANK2_BL-06_skip__T_input_field-adjusted_rsi_exit-level_rsi_smoothing-wilder_same_bar_reentry-wait_bar_warmup-ready_per_rule: exit=1 fills=None (7.2s)
[3649/4086] BANK2_BL-06_skip__T_input_field-adjusted_rsi_exit-level_rsi_smoothing-wilder_same_bar_reentry-allowed_warmup-ready_check: ok fills=266 (50.2s)
[3650/4086] BANK2_BL-06_skip__T_input_field-adjusted_rsi_exit-level_rsi_smoothing-wilder_same_bar_reentry-wait_bar_warmup-ready_check: ok fills=262 (45.5s)
[3651/4086] BANK2_BL-06_skip__T_input_field-raw_rsi_exit-level_rsi_smoothing-wilder_same_bar_reentry-wait_bar_warmup-ready_check: ok fills=274 (45.2s)
[3652/4086] BANK2_BL-06_skip__T_input_field-adjusted_rsi_exit-level_rsi_smoothing-wilder_same_bar_reentry-allowed_warmup-ready_per_rule: ok fills=270 (41.0s)
[3653/4086] BANK2_BL-06_skip__T_input_field-raw_rsi_exit-level_rsi_smoothing-wilder_same_bar_reentry-allowed_warmup-ready_per_rule: ok fills=280 (44.0s)
[3654/4086] BANK2_BL-06_skip__T_input_field-raw_rsi_exit-cross_rsi_smoothing-wilder_same_bar_reentry-allowed_warmup-strict: ok fills=264 (43.4s)
[3655/4086] BANK2_BL-06_skip__T_input_field-adjusted_rsi_exit-cross_rsi_smoothing-wilder_same_bar_reentry-wait_bar_warmup-ready_check: exit=1 fills=None (8.6s)
[3656/4086] BANK2_BL-06_skip__T_input_field-adjusted_rsi_exit-cross_rsi_smoothing-wilder_same_bar_reentry-wait_bar_warmup-strict: ok fills=250 (46.5s)
[3657/4086] BANK2_BL-06_skip__T_input_field-raw_rsi_exit-level_rsi_smoothing-wilder_same_bar_reentry-wait_bar_warmup-ready_per_rule: ok fills=278 (49.4s)
[3658/4086] BANK2_BL-06_skip__T_input_field-adjusted_rsi_exit-cross_rsi_smoothing-wilder_same_bar_reentry-allowed_warmup-strict: ok fills=250 (49.5s)
[3659/4086] BANK2_BL-06_skip__T_input_field-raw_rsi_exit-cross_rsi_smoothing-wilder_same_bar_reentry-wait_bar_warmup-strict: ok fills=264 (45.2s)
[3660/4086] BANK2_BL-06_skip__T_input_field-adjusted_rsi_exit-cross_rsi_smoothing-wilder_same_bar_reentry-allowed_warmup-ready_check: ok fills=246 (48.9s)
[3661/4086] BANK2_BL-06_skip__T_input_field-raw_rsi_exit-cross_rsi_smoothing-wilder_same_bar_reentry-allowed_warmup-ready_check: ok fills=260 (44.8s)
[3662/4086] BANK2_BL-06_skip__T_input_field-raw_rsi_exit-level_rsi_smoothing-simple_same_bar_reentry-allowed_warmup-strict: exit=1 fills=None (9.7s)
[3663/4086] BANK2_BL-06_skip__T_input_field-raw_rsi_exit-cross_rsi_smoothing-wilder_same_bar_reentry-allowed_warmup-ready_per_rule: ok fills=264 (39.7s)
[3664/4086] BANK2_BL-06_skip__T_input_field-adjusted_rsi_exit-level_rsi_smoothing-simple_same_bar_reentry-wait_bar_warmup-strict: exit=1 fills=None (10.2s)
[3665/4086] BANK2_BL-06_skip__T_input_field-adjusted_rsi_exit-cross_rsi_smoothing-wilder_same_bar_reentry-allowed_warmup-ready_per_rule: ok fills=250 (43.1s)
[3666/4086] BANK2_BL-06_skip__T_input_field-raw_rsi_exit-cross_rsi_smoothing-wilder_same_bar_reentry-wait_bar_warmup-ready_check: ok fills=260 (44.5s)
[3667/4086] BANK2_BL-06_skip__T_input_field-adjusted_rsi_exit-cross_rsi_smoothing-wilder_same_bar_reentry-wait_bar_warmup-ready_per_rule: ok fills=250 (43.2s)
[3668/4086] BANK2_BL-06_skip__T_input_field-raw_rsi_exit-cross_rsi_smoothing-wilder_same_bar_reentry-wait_bar_warmup-ready_per_rule: ok fills=264 (42.9s)
[3669/4086] BANK2_BL-06_skip__T_input_field-adjusted_rsi_exit-level_rsi_smoothing-simple_same_bar_reentry-allowed_warmup-strict: ok fills=320 (44.2s)
[3670/4086] BANK2_BL-06_skip__T_input_field-raw_rsi_exit-level_rsi_smoothing-simple_same_bar_reentry-wait_bar_warmup-strict: ok fills=324 (44.7s)
[3671/4086] BANK2_BL-06_skip__T_input_field-adjusted_rsi_exit-level_rsi_smoothing-simple_same_bar_reentry-allowed_warmup-ready_check: ok fills=306 (44.7s)
[3672/4086] BANK2_BL-06_skip__T_input_field-raw_rsi_exit-level_rsi_smoothing-simple_same_bar_reentry-wait_bar_warmup-ready_check: ok fills=314 (43.1s)
[3673/4086] BANK2_BL-06_skip__T_input_field-raw_rsi_exit-level_rsi_smoothing-simple_same_bar_reentry-allowed_warmup-ready_check: ok fills=324 (46.6s)
[3674/4086] BANK2_BL-06_skip__T_input_field-adjusted_rsi_exit-level_rsi_smoothing-simple_same_bar_reentry-wait_bar_warmup-ready_check: ok fills=296 (46.4s)
[3675/4086] BANK2_BL-06_skip__T_input_field-raw_rsi_exit-level_rsi_smoothing-simple_same_bar_reentry-allowed_warmup-ready_per_rule: ok fills=336 (41.9s)
[3676/4086] BANK2_BL-06_skip__T_input_field-adjusted_rsi_exit-level_rsi_smoothing-simple_same_bar_reentry-allowed_warmup-ready_per_rule: ok fills=318 (45.8s)
[3677/4086] BANK2_BL-06_skip__T_input_field-adjusted_rsi_exit-level_rsi_smoothing-simple_same_bar_reentry-wait_bar_warmup-ready_per_rule: ok fills=304 (39.9s)
[3678/4086] BANK2_BL-06_skip__T_input_field-raw_rsi_exit-cross_rsi_smoothing-simple_same_bar_reentry-wait_bar_warmup-strict: exit=1 fills=None (11.9s)
[3679/4086] BANK2_BL-06_skip__T_input_field-raw_rsi_exit-level_rsi_smoothing-simple_same_bar_reentry-wait_bar_warmup-ready_per_rule: ok fills=322 (45.0s)
[3680/4086] BANK2_BL-06_skip__T_input_field-adjusted_rsi_exit-cross_rsi_smoothing-simple_same_bar_reentry-allowed_warmup-strict: ok fills=270 (45.9s)
[3681/4086] BANK2_BL-06_skip__T_input_field-adjusted_rsi_exit-cross_rsi_smoothing-simple_same_bar_reentry-allowed_warmup-ready_check: ok fills=262 (45.3s)
[3682/4086] BANK2_BL-06_skip__T_input_field-adjusted_rsi_exit-cross_rsi_smoothing-simple_same_bar_reentry-wait_bar_warmup-strict: ok fills=270 (46.4s)
[3683/4086] BANK2_BL-06_skip__T_input_field-raw_rsi_exit-cross_rsi_smoothing-simple_same_bar_reentry-allowed_warmup-strict: ok fills=290 (48.8s)
[3684/4086] BANK2_BL-06_skip__T_input_field-raw_rsi_exit-cross_rsi_smoothing-simple_same_bar_reentry-allowed_warmup-ready_check: ok fills=282 (50.6s)
[3685/4086] BANK2_BL-06_skip__T_input_field-raw_rsi_exit-cross_rsi_smoothing-simple_same_bar_reentry-wait_bar_warmup-ready_check: ok fills=282 (42.0s)
[3686/4086] BANK2_BL-06_skip__T_input_field-adjusted_rsi_exit-cross_rsi_smoothing-simple_same_bar_reentry-wait_bar_warmup-ready_per_rule: exit=1 fills=None (8.5s)
[3687/4086] BANK2_BL-06_skip__T_input_field-adjusted_rsi_exit-cross_rsi_smoothing-simple_same_bar_reentry-wait_bar_warmup-ready_check: ok fills=262 (44.1s)
[3688/4086] BANK2_BL-06_skip__T_input_field-adjusted_rsi_exit-cross_rsi_smoothing-simple_same_bar_reentry-allowed_warmup-ready_per_rule: ok fills=268 (42.7s)
[3689/4086] BANK2_BL-06_skip__T_input_field-raw_rsi_exit-cross_rsi_smoothing-simple_same_bar_reentry-allowed_warmup-ready_per_rule: ok fills=288 (48.5s)
[3690/4086] BANK2_BL-06_skip__T_input_field-raw_rsi_exit-cross_rsi_smoothing-simple_same_bar_reentry-wait_bar_warmup-ready_per_rule: ok fills=288 (47.9s)
[3691/4086] BANK2_BL-06_skip__OAT_a_exec-set_holdings: ok fills=270 (49.0s)
[3692/4086] BANK2_BL-06_skip__OAT_cross_timing-today_ma: ok fills=266 (46.1s)
[3693/4086] BANK2_BL-06_skip__SPOT_all_excluded_off: ok fills=266 (46.4s)
[3694/4086] BANK2_BL-06_partial__ref: ok fills=270 (48.1s)
[3695/4086] BANK2_BL-06_partial__T_input_field-raw_rsi_exit-level_rsi_smoothing-wilder_same_bar_reentry-allowed_warmup-strict: ok fills=280 (48.8s)
[3696/4086] BANK2_BL-06_partial__T_input_field-adjusted_rsi_exit-level_rsi_smoothing-wilder_same_bar_reentry-wait_bar_warmup-strict: ok fills=266 (43.2s)
[3697/4086] BANK2_BL-06_partial__T_input_field-raw_rsi_exit-level_rsi_smoothing-wilder_same_bar_reentry-wait_bar_warmup-strict: ok fills=278 (39.7s)
[3698/4086] BANK2_BL-06_partial__T_input_field-adjusted_rsi_exit-level_rsi_smoothing-wilder_same_bar_reentry-allowed_warmup-ready_check: ok fills=266 (38.5s)
[3699/4086] BANK2_BL-06_partial__T_input_field-adjusted_rsi_exit-level_rsi_smoothing-wilder_same_bar_reentry-allowed_warmup-ready_per_rule: ok fills=270 (40.1s)
[3700/4086] BANK2_BL-06_partial__T_input_field-raw_rsi_exit-level_rsi_smoothing-wilder_same_bar_reentry-allowed_warmup-ready_check: ok fills=276 (48.5s)
[3701/4086] BANK2_BL-06_partial__T_input_field-adjusted_rsi_exit-level_rsi_smoothing-wilder_same_bar_reentry-wait_bar_warmup-ready_check: ok fills=262 (45.1s)
[3702/4086] BANK2_BL-06_partial__T_input_field-raw_rsi_exit-level_rsi_smoothing-wilder_same_bar_reentry-wait_bar_warmup-ready_check: ok fills=274 (46.1s)
[3703/4086] BANK2_BL-06_partial__T_input_field-raw_rsi_exit-level_rsi_smoothing-wilder_same_bar_reentry-allowed_warmup-ready_per_rule: ok fills=280 (44.9s)
[3704/4086] BANK2_BL-06_partial__T_input_field-adjusted_rsi_exit-level_rsi_smoothing-wilder_same_bar_reentry-wait_bar_warmup-ready_per_rule: ok fills=266 (49.4s)
[3705/4086] BANK2_BL-06_partial__T_input_field-raw_rsi_exit-level_rsi_smoothing-wilder_same_bar_reentry-wait_bar_warmup-ready_per_rule: ok fills=278 (43.1s)
[3706/4086] BANK2_BL-06_partial__T_input_field-adjusted_rsi_exit-cross_rsi_smoothing-wilder_same_bar_reentry-allowed_warmup-strict: ok fills=250 (45.7s)
[3707/4086] BANK2_BL-06_partial__T_input_field-raw_rsi_exit-cross_rsi_smoothing-wilder_same_bar_reentry-allowed_warmup-strict: ok fills=264 (40.1s)
[3708/4086] BANK2_BL-06_partial__T_input_field-raw_rsi_exit-cross_rsi_smoothing-wilder_same_bar_reentry-wait_bar_warmup-ready_check: exit=1 fills=None (8.2s)
[3709/4086] BANK2_BL-06_partial__T_input_field-adjusted_rsi_exit-cross_rsi_smoothing-wilder_same_bar_reentry-wait_bar_warmup-strict: ok fills=250 (41.7s)
[3710/4086] BANK2_BL-06_partial__T_input_field-raw_rsi_exit-cross_rsi_smoothing-wilder_same_bar_reentry-wait_bar_warmup-strict: ok fills=264 (45.4s)
[3711/4086] BANK2_BL-06_partial__T_input_field-adjusted_rsi_exit-cross_rsi_smoothing-wilder_same_bar_reentry-wait_bar_warmup-ready_per_rule: exit=1 fills=None (7.7s)
[3712/4086] BANK2_BL-06_partial__T_input_field-adjusted_rsi_exit-cross_rsi_smoothing-wilder_same_bar_reentry-allowed_warmup-ready_check: ok fills=246 (44.0s)
[3713/4086] BANK2_BL-06_partial__T_input_field-raw_rsi_exit-cross_rsi_smoothing-wilder_same_bar_reentry-allowed_warmup-ready_check: ok fills=260 (42.1s)
[3714/4086] BANK2_BL-06_partial__T_input_field-adjusted_rsi_exit-cross_rsi_smoothing-wilder_same_bar_reentry-wait_bar_warmup-ready_check: ok fills=246 (38.8s)
[3715/4086] BANK2_BL-06_partial__T_input_field-adjusted_rsi_exit-cross_rsi_smoothing-wilder_same_bar_reentry-allowed_warmup-ready_per_rule: ok fills=250 (47.4s)
[3716/4086] BANK2_BL-06_partial__T_input_field-raw_rsi_exit-cross_rsi_smoothing-wilder_same_bar_reentry-allowed_warmup-ready_per_rule: ok fills=264 (44.9s)
[3717/4086] BANK2_BL-06_partial__T_input_field-raw_rsi_exit-cross_rsi_smoothing-wilder_same_bar_reentry-wait_bar_warmup-ready_per_rule: ok fills=264 (44.3s)
[3718/4086] BANK2_BL-06_partial__T_input_field-adjusted_rsi_exit-level_rsi_smoothing-simple_same_bar_reentry-wait_bar_warmup-strict: ok fills=306 (47.7s)
[3719/4086] BANK2_BL-06_partial__T_input_field-raw_rsi_exit-level_rsi_smoothing-simple_same_bar_reentry-wait_bar_warmup-strict: ok fills=324 (48.2s)
[3720/4086] BANK2_BL-06_partial__T_input_field-raw_rsi_exit-level_rsi_smoothing-simple_same_bar_reentry-allowed_warmup-strict: ok fills=338 (48.9s)
[3721/4086] BANK2_BL-06_partial__T_input_field-adjusted_rsi_exit-level_rsi_smoothing-simple_same_bar_reentry-allowed_warmup-strict: ok fills=320 (51.3s)
[3722/4086] BANK2_BL-06_partial__T_input_field-adjusted_rsi_exit-level_rsi_smoothing-simple_same_bar_reentry-allowed_warmup-ready_check: ok fills=306 (42.9s)
[3723/4086] BANK2_BL-06_partial__T_input_field-raw_rsi_exit-level_rsi_smoothing-simple_same_bar_reentry-allowed_warmup-ready_check: ok fills=324 (40.3s)
[3724/4086] BANK2_BL-06_partial__T_input_field-adjusted_rsi_exit-level_rsi_smoothing-simple_same_bar_reentry-wait_bar_warmup-ready_check: ok fills=296 (40.9s)
[3725/4086] BANK2_BL-06_partial__T_input_field-raw_rsi_exit-level_rsi_smoothing-simple_same_bar_reentry-wait_bar_warmup-ready_check: ok fills=314 (39.5s)
[3726/4086] BANK2_BL-06_partial__T_input_field-raw_rsi_exit-level_rsi_smoothing-simple_same_bar_reentry-allowed_warmup-ready_per_rule: ok fills=336 (40.4s)
[3727/4086] BANK2_BL-06_partial__T_input_field-raw_rsi_exit-level_rsi_smoothing-simple_same_bar_reentry-wait_bar_warmup-ready_per_rule: ok fills=322 (41.2s)
[3728/4086] BANK2_BL-06_partial__T_input_field-adjusted_rsi_exit-level_rsi_smoothing-simple_same_bar_reentry-allowed_warmup-ready_per_rule: ok fills=318 (45.0s)
[3729/4086] BANK2_BL-06_partial__T_input_field-adjusted_rsi_exit-level_rsi_smoothing-simple_same_bar_reentry-wait_bar_warmup-ready_per_rule: ok fills=304 (46.8s)
[3730/4086] BANK2_BL-06_partial__T_input_field-adjusted_rsi_exit-cross_rsi_smoothing-simple_same_bar_reentry-allowed_warmup-strict: ok fills=270 (44.1s)
[3731/4086] BANK2_BL-06_partial__T_input_field-raw_rsi_exit-cross_rsi_smoothing-simple_same_bar_reentry-wait_bar_warmup-strict: ok fills=290 (42.1s)
[3732/4086] BANK2_BL-06_partial__T_input_field-raw_rsi_exit-cross_rsi_smoothing-simple_same_bar_reentry-allowed_warmup-strict: ok fills=290 (46.7s)
[3733/4086] BANK2_BL-06_partial__T_input_field-adjusted_rsi_exit-cross_rsi_smoothing-simple_same_bar_reentry-wait_bar_warmup-strict: ok fills=270 (44.4s)
[3734/4086] BANK2_BL-06_partial__T_input_field-adjusted_rsi_exit-cross_rsi_smoothing-simple_same_bar_reentry-wait_bar_warmup-ready_check: ok fills=262 (39.3s)
[3735/4086] BANK2_BL-06_partial__T_input_field-adjusted_rsi_exit-cross_rsi_smoothing-simple_same_bar_reentry-allowed_warmup-ready_check: ok fills=262 (43.4s)
[3736/4086] BANK2_BL-06_partial__T_input_field-raw_rsi_exit-cross_rsi_smoothing-simple_same_bar_reentry-wait_bar_warmup-ready_per_rule: exit=1 fills=None (9.8s)
[3737/4086] BANK2_BL-06_partial__T_input_field-raw_rsi_exit-cross_rsi_smoothing-simple_same_bar_reentry-allowed_warmup-ready_check: ok fills=282 (42.3s)
[3738/4086] BANK2_BL-06_partial__T_input_field-raw_rsi_exit-cross_rsi_smoothing-simple_same_bar_reentry-wait_bar_warmup-ready_check: ok fills=282 (42.5s)
[3739/4086] BANK2_BL-06_partial__T_input_field-adjusted_rsi_exit-cross_rsi_smoothing-simple_same_bar_reentry-allowed_warmup-ready_per_rule: ok fills=268 (40.6s)
[3740/4086] BANK2_BL-06_partial__T_input_field-raw_rsi_exit-cross_rsi_smoothing-simple_same_bar_reentry-allowed_warmup-ready_per_rule: ok fills=288 (46.3s)
[3741/4086] BANK2_BL-06_partial__T_input_field-adjusted_rsi_exit-cross_rsi_smoothing-simple_same_bar_reentry-wait_bar_warmup-ready_per_rule: ok fills=268 (48.9s)
[3742/4086] BANK2_BL-06_partial__OAT_cross_timing-today_ma: ok fills=266 (43.7s)
[3743/4086] BANK2_BL-06_partial__SPOT_all_excluded_off: ok fills=266 (44.1s)
[3744/4086] BANK2_BL-06_nocheck__T_input_field-raw_rsi_exit-level_rsi_smoothing-wilder_same_bar_reentry-wait_bar_warmup-strict: exit=1 fills=None (9.0s)
[3745/4086] BANK2_BL-06_partial__OAT_a_exec-set_holdings: ok fills=270 (45.2s)
[3746/4086] BANK2_BL-06_nocheck__T_input_field-adjusted_rsi_exit-level_rsi_smoothing-wilder_same_bar_reentry-wait_bar_warmup-strict: ok fills=266 (39.5s)
[3747/4086] BANK2_BL-06_nocheck__ref: ok fills=270 (49.1s)
[3748/4086] BANK2_BL-06_nocheck__T_input_field-raw_rsi_exit-level_rsi_smoothing-wilder_same_bar_reentry-allowed_warmup-strict: ok fills=280 (45.6s)
[3749/4086] BANK2_BL-06_nocheck__T_input_field-adjusted_rsi_exit-level_rsi_smoothing-wilder_same_bar_reentry-allowed_warmup-ready_check: ok fills=266 (40.4s)
[3750/4086] BANK2_BL-06_nocheck__T_input_field-raw_rsi_exit-level_rsi_smoothing-wilder_same_bar_reentry-allowed_warmup-ready_check: ok fills=276 (37.7s)
[3751/4086] BANK2_BL-06_nocheck__T_input_field-adjusted_rsi_exit-level_rsi_smoothing-wilder_same_bar_reentry-wait_bar_warmup-ready_check: ok fills=262 (42.7s)
[3752/4086] BANK2_BL-06_nocheck__T_input_field-raw_rsi_exit-level_rsi_smoothing-wilder_same_bar_reentry-wait_bar_warmup-ready_check: ok fills=274 (46.7s)
[3753/4086] BANK2_BL-06_nocheck__T_input_field-adjusted_rsi_exit-level_rsi_smoothing-wilder_same_bar_reentry-allowed_warmup-ready_per_rule: ok fills=270 (48.9s)
[3754/4086] BANK2_BL-06_nocheck__T_input_field-raw_rsi_exit-level_rsi_smoothing-wilder_same_bar_reentry-allowed_warmup-ready_per_rule: ok fills=280 (44.2s)
[3755/4086] BANK2_BL-06_nocheck__T_input_field-raw_rsi_exit-level_rsi_smoothing-wilder_same_bar_reentry-wait_bar_warmup-ready_per_rule: ok fills=278 (47.8s)
[3756/4086] BANK2_BL-06_nocheck__T_input_field-adjusted_rsi_exit-level_rsi_smoothing-wilder_same_bar_reentry-wait_bar_warmup-ready_per_rule: ok fills=266 (49.1s)
[3757/4086] BANK2_BL-06_nocheck__T_input_field-adjusted_rsi_exit-cross_rsi_smoothing-wilder_same_bar_reentry-allowed_warmup-strict: ok fills=250 (40.8s)
[3758/4086] BANK2_BL-06_nocheck__T_input_field-raw_rsi_exit-cross_rsi_smoothing-wilder_same_bar_reentry-allowed_warmup-strict: ok fills=264 (42.0s)
[3759/4086] BANK2_BL-06_nocheck__T_input_field-adjusted_rsi_exit-cross_rsi_smoothing-wilder_same_bar_reentry-wait_bar_warmup-strict: ok fills=250 (43.8s)
[3760/4086] BANK2_BL-06_nocheck__T_input_field-raw_rsi_exit-cross_rsi_smoothing-wilder_same_bar_reentry-wait_bar_warmup-strict: ok fills=264 (44.5s)
[3761/4086] BANK2_BL-06_nocheck__T_input_field-raw_rsi_exit-cross_rsi_smoothing-wilder_same_bar_reentry-allowed_warmup-ready_check: ok fills=260 (41.6s)
[3762/4086] BANK2_BL-06_nocheck__T_input_field-adjusted_rsi_exit-cross_rsi_smoothing-wilder_same_bar_reentry-allowed_warmup-ready_check: ok fills=246 (47.7s)
[3763/4086] BANK2_BL-06_nocheck__T_input_field-raw_rsi_exit-cross_rsi_smoothing-wilder_same_bar_reentry-wait_bar_warmup-ready_check: ok fills=260 (41.7s)
[3764/4086] BANK2_BL-06_nocheck__T_input_field-adjusted_rsi_exit-cross_rsi_smoothing-wilder_same_bar_reentry-wait_bar_warmup-ready_check: ok fills=246 (43.8s)
[3765/4086] BANK2_BL-06_nocheck__T_input_field-adjusted_rsi_exit-cross_rsi_smoothing-wilder_same_bar_reentry-allowed_warmup-ready_per_rule: ok fills=250 (45.8s)
[3766/4086] BANK2_BL-06_nocheck__T_input_field-raw_rsi_exit-cross_rsi_smoothing-wilder_same_bar_reentry-allowed_warmup-ready_per_rule: ok fills=264 (45.8s)
[3767/4086] BANK2_BL-06_nocheck__T_input_field-adjusted_rsi_exit-cross_rsi_smoothing-wilder_same_bar_reentry-wait_bar_warmup-ready_per_rule: ok fills=250 (42.3s)
[3768/4086] BANK2_BL-06_nocheck__T_input_field-adjusted_rsi_exit-level_rsi_smoothing-simple_same_bar_reentry-allowed_warmup-strict: ok fills=320 (38.3s)
[3769/4086] BANK2_BL-06_nocheck__T_input_field-raw_rsi_exit-cross_rsi_smoothing-wilder_same_bar_reentry-wait_bar_warmup-ready_per_rule: ok fills=264 (42.9s)
[3770/4086] BANK2_BL-06_nocheck__T_input_field-raw_rsi_exit-level_rsi_smoothing-simple_same_bar_reentry-wait_bar_warmup-strict: ok fills=324 (39.5s)
[3771/4086] BANK2_BL-06_nocheck__T_input_field-raw_rsi_exit-level_rsi_smoothing-simple_same_bar_reentry-allowed_warmup-strict: ok fills=338 (45.9s)
[3772/4086] BANK2_BL-06_nocheck__T_input_field-adjusted_rsi_exit-level_rsi_smoothing-simple_same_bar_reentry-wait_bar_warmup-strict: ok fills=306 (45.5s)
[3773/4086] BANK2_BL-06_nocheck__T_input_field-adjusted_rsi_exit-level_rsi_smoothing-simple_same_bar_reentry-allowed_warmup-ready_check: ok fills=306 (42.0s)
[3774/4086] BANK2_BL-06_nocheck__T_input_field-adjusted_rsi_exit-level_rsi_smoothing-simple_same_bar_reentry-wait_bar_warmup-ready_check: ok fills=296 (45.7s)
[3775/4086] BANK2_BL-06_nocheck__T_input_field-raw_rsi_exit-level_rsi_smoothing-simple_same_bar_reentry-wait_bar_warmup-ready_check: ok fills=314 (44.4s)
[3776/4086] BANK2_BL-06_nocheck__T_input_field-raw_rsi_exit-level_rsi_smoothing-simple_same_bar_reentry-allowed_warmup-ready_check: ok fills=324 (51.1s)
[3777/4086] BANK2_BL-06_nocheck__T_input_field-adjusted_rsi_exit-level_rsi_smoothing-simple_same_bar_reentry-allowed_warmup-ready_per_rule: ok fills=318 (45.2s)
[3778/4086] BANK2_BL-06_nocheck__T_input_field-raw_rsi_exit-level_rsi_smoothing-simple_same_bar_reentry-allowed_warmup-ready_per_rule: ok fills=336 (49.2s)
[3779/4086] BANK2_BL-06_nocheck__T_input_field-adjusted_rsi_exit-level_rsi_smoothing-simple_same_bar_reentry-wait_bar_warmup-ready_per_rule: ok fills=304 (44.8s)
[3780/4086] BANK2_BL-06_nocheck__T_input_field-raw_rsi_exit-level_rsi_smoothing-simple_same_bar_reentry-wait_bar_warmup-ready_per_rule: ok fills=322 (46.1s)
[3781/4086] BANK2_BL-06_nocheck__T_input_field-adjusted_rsi_exit-cross_rsi_smoothing-simple_same_bar_reentry-allowed_warmup-strict: ok fills=270 (42.8s)
[3782/4086] BANK2_BL-06_nocheck__T_input_field-adjusted_rsi_exit-cross_rsi_smoothing-simple_same_bar_reentry-wait_bar_warmup-strict: ok fills=270 (39.8s)
[3783/4086] BANK2_BL-06_nocheck__T_input_field-raw_rsi_exit-cross_rsi_smoothing-simple_same_bar_reentry-wait_bar_warmup-strict: ok fills=290 (40.1s)
[3784/4086] BANK2_BL-06_nocheck__T_input_field-raw_rsi_exit-cross_rsi_smoothing-simple_same_bar_reentry-allowed_warmup-strict: ok fills=290 (43.0s)
[3785/4086] BANK2_BL-06_nocheck__T_input_field-adjusted_rsi_exit-cross_rsi_smoothing-simple_same_bar_reentry-allowed_warmup-ready_check: ok fills=262 (40.8s)
[3786/4086] BANK2_BL-06_nocheck__T_input_field-adjusted_rsi_exit-cross_rsi_smoothing-simple_same_bar_reentry-wait_bar_warmup-ready_check: ok fills=262 (41.0s)
[3787/4086] BANK2_BL-06_nocheck__T_input_field-raw_rsi_exit-cross_rsi_smoothing-simple_same_bar_reentry-allowed_warmup-ready_check: ok fills=282 (43.9s)
[3788/4086] BANK2_BL-06_nocheck__OAT_a_exec-set_holdings: exit=1 fills=None (12.1s)
[3789/4086] BANK2_BL-06_nocheck__T_input_field-raw_rsi_exit-cross_rsi_smoothing-simple_same_bar_reentry-wait_bar_warmup-ready_check: ok fills=282 (45.5s)
[3790/4086] BANK2_BL-06_nocheck__T_input_field-adjusted_rsi_exit-cross_rsi_smoothing-simple_same_bar_reentry-allowed_warmup-ready_per_rule: ok fills=268 (43.5s)
[3791/4086] BANK2_BL-06_nocheck__T_input_field-raw_rsi_exit-cross_rsi_smoothing-simple_same_bar_reentry-wait_bar_warmup-ready_per_rule: ok fills=288 (40.8s)
[3792/4086] BANK2_BL-06_nocheck__T_input_field-raw_rsi_exit-cross_rsi_smoothing-simple_same_bar_reentry-allowed_warmup-ready_per_rule: ok fills=288 (43.8s)
[3793/4086] BANK2_BL-06_nocheck__T_input_field-adjusted_rsi_exit-cross_rsi_smoothing-simple_same_bar_reentry-wait_bar_warmup-ready_per_rule: ok fills=268 (43.3s)
[3794/4086] BANK2_OM-A_skip_all__ref: ok fills=270 (39.0s)
[3795/4086] BANK2_BL-06_nocheck__SPOT_all_excluded_off: ok fills=266 (42.2s)
[3796/4086] BANK2_BL-06_nocheck__OAT_cross_timing-today_ma: ok fills=266 (45.3s)
[3797/4086] BANK2_OM-A_skip_all__T_cross_timing-both_days_input_field-adjusted_rsi_exit-level_rsi_smoothing-wilder_same_bar_reentry-allowed_warmup-ready_check: ok fills=266 (41.7s)
[3798/4086] BANK2_OM-A_skip_all__T_cross_timing-both_days_input_field-adjusted_rsi_exit-level_rsi_smoothing-wilder_same_bar_reentry-allowed_warmup-ready_per_rule: ok fills=270 (44.5s)
[3799/4086] BANK2_OM-A_skip_all__T_cross_timing-both_days_input_field-adjusted_rsi_exit-level_rsi_smoothing-wilder_same_bar_reentry-wait_bar_warmup-strict: ok fills=266 (47.1s)
[3800/4086] BANK2_OM-A_skip_all__T_cross_timing-both_days_input_field-adjusted_rsi_exit-level_rsi_smoothing-wilder_same_bar_reentry-wait_bar_warmup-ready_check: ok fills=262 (47.2s)
[3801/4086] BANK2_OM-A_skip_all__T_cross_timing-both_days_input_field-adjusted_rsi_exit-level_rsi_smoothing-wilder_same_bar_reentry-wait_bar_warmup-ready_per_rule: ok fills=266 (47.7s)
[3802/4086] BANK2_OM-A_skip_all__T_cross_timing-both_days_input_field-adjusted_rsi_exit-level_rsi_smoothing-simple_same_bar_reentry-allowed_warmup-strict: ok fills=320 (46.0s)
[3803/4086] BANK2_OM-A_skip_all__T_cross_timing-both_days_input_field-adjusted_rsi_exit-cross_rsi_smoothing-wilder_same_bar_reentry-allowed_warmup-ready_check: exit=1 fills=None (10.2s)
[3804/4086] BANK2_OM-A_skip_all__T_cross_timing-both_days_input_field-adjusted_rsi_exit-level_rsi_smoothing-simple_same_bar_reentry-allowed_warmup-ready_check: ok fills=306 (44.7s)
[3805/4086] BANK2_OM-A_skip_all__T_cross_timing-both_days_input_field-adjusted_rsi_exit-level_rsi_smoothing-simple_same_bar_reentry-allowed_warmup-ready_per_rule: ok fills=318 (46.8s)
[3806/4086] BANK2_OM-A_skip_all__T_cross_timing-both_days_input_field-adjusted_rsi_exit-level_rsi_smoothing-simple_same_bar_reentry-wait_bar_warmup-strict: ok fills=306 (46.2s)
[3807/4086] BANK2_OM-A_skip_all__T_cross_timing-both_days_input_field-adjusted_rsi_exit-level_rsi_smoothing-simple_same_bar_reentry-wait_bar_warmup-ready_check: ok fills=296 (38.5s)
[3808/4086] BANK2_OM-A_skip_all__T_cross_timing-both_days_input_field-adjusted_rsi_exit-level_rsi_smoothing-simple_same_bar_reentry-wait_bar_warmup-ready_per_rule: ok fills=304 (39.7s)
[3809/4086] BANK2_OM-A_skip_all__T_cross_timing-both_days_input_field-adjusted_rsi_exit-cross_rsi_smoothing-wilder_same_bar_reentry-allowed_warmup-strict: ok fills=250 (42.9s)
[3810/4086] BANK2_OM-A_skip_all__T_cross_timing-both_days_input_field-adjusted_rsi_exit-cross_rsi_smoothing-wilder_same_bar_reentry-allowed_warmup-ready_per_rule: ok fills=250 (37.9s)
[3811/4086] BANK2_OM-A_skip_all__T_cross_timing-both_days_input_field-adjusted_rsi_exit-cross_rsi_smoothing-wilder_same_bar_reentry-wait_bar_warmup-strict: ok fills=250 (43.8s)
[3812/4086] BANK2_OM-A_skip_all__T_cross_timing-both_days_input_field-adjusted_rsi_exit-cross_rsi_smoothing-wilder_same_bar_reentry-wait_bar_warmup-ready_per_rule: ok fills=250 (46.0s)
[3813/4086] BANK2_OM-A_skip_all__T_cross_timing-both_days_input_field-adjusted_rsi_exit-cross_rsi_smoothing-wilder_same_bar_reentry-wait_bar_warmup-ready_check: ok fills=246 (49.5s)
[3814/4086] BANK2_OM-A_skip_all__T_cross_timing-both_days_input_field-adjusted_rsi_exit-cross_rsi_smoothing-simple_same_bar_reentry-allowed_warmup-strict: ok fills=270 (47.3s)
[3815/4086] BANK2_OM-A_skip_all__T_cross_timing-both_days_input_field-adjusted_rsi_exit-cross_rsi_smoothing-simple_same_bar_reentry-allowed_warmup-ready_check: ok fills=262 (45.5s)
[3816/4086] BANK2_OM-A_skip_all__T_cross_timing-both_days_input_field-adjusted_rsi_exit-cross_rsi_smoothing-simple_same_bar_reentry-allowed_warmup-ready_per_rule: ok fills=268 (44.9s)
[3817/4086] BANK2_OM-A_skip_all__T_cross_timing-both_days_input_field-adjusted_rsi_exit-cross_rsi_smoothing-simple_same_bar_reentry-wait_bar_warmup-strict: ok fills=270 (48.4s)
[3818/4086] BANK2_OM-A_skip_all__T_cross_timing-both_days_input_field-adjusted_rsi_exit-cross_rsi_smoothing-simple_same_bar_reentry-wait_bar_warmup-ready_check: ok fills=262 (43.3s)
[3819/4086] BANK2_OM-A_skip_all__T_cross_timing-both_days_input_field-adjusted_rsi_exit-cross_rsi_smoothing-simple_same_bar_reentry-wait_bar_warmup-ready_per_rule: ok fills=268 (47.6s)
[3820/4086] BANK2_OM-A_skip_all__T_cross_timing-both_days_input_field-raw_rsi_exit-level_rsi_smoothing-wilder_same_bar_reentry-allowed_warmup-ready_check: ok fills=276 (41.7s)
[3821/4086] BANK2_OM-A_skip_all__T_cross_timing-both_days_input_field-raw_rsi_exit-level_rsi_smoothing-wilder_same_bar_reentry-allowed_warmup-ready_per_rule: ok fills=280 (41.8s)
[3822/4086] BANK2_OM-A_skip_all__T_cross_timing-both_days_input_field-raw_rsi_exit-level_rsi_smoothing-wilder_same_bar_reentry-allowed_warmup-strict: ok fills=280 (47.4s)
[3823/4086] BANK2_OM-A_skip_all__T_cross_timing-both_days_input_field-raw_rsi_exit-level_rsi_smoothing-wilder_same_bar_reentry-wait_bar_warmup-strict: ok fills=278 (44.9s)
[3824/4086] BANK2_OM-A_skip_all__T_cross_timing-both_days_input_field-raw_rsi_exit-level_rsi_smoothing-wilder_same_bar_reentry-wait_bar_warmup-ready_check: ok fills=274 (45.8s)
[3825/4086] BANK2_OM-A_skip_all__T_cross_timing-both_days_input_field-raw_rsi_exit-level_rsi_smoothing-simple_same_bar_reentry-allowed_warmup-strict: ok fills=338 (44.0s)
[3826/4086] BANK2_OM-A_skip_all__T_cross_timing-both_days_input_field-raw_rsi_exit-level_rsi_smoothing-wilder_same_bar_reentry-wait_bar_warmup-ready_per_rule: ok fills=278 (47.2s)
[3827/4086] BANK2_OM-A_skip_all__T_cross_timing-both_days_input_field-raw_rsi_exit-level_rsi_smoothing-simple_same_bar_reentry-wait_bar_warmup-strict: ok fills=324 (42.7s)
[3828/4086] BANK2_OM-A_skip_all__T_cross_timing-both_days_input_field-raw_rsi_exit-level_rsi_smoothing-simple_same_bar_reentry-wait_bar_warmup-ready_check: ok fills=314 (42.3s)
[3829/4086] BANK2_OM-A_skip_all__T_cross_timing-both_days_input_field-raw_rsi_exit-level_rsi_smoothing-simple_same_bar_reentry-allowed_warmup-ready_per_rule: ok fills=336 (47.6s)
[3830/4086] BANK2_OM-A_skip_all__T_cross_timing-both_days_input_field-raw_rsi_exit-level_rsi_smoothing-simple_same_bar_reentry-allowed_warmup-ready_check: ok fills=324 (48.9s)
[3831/4086] BANK2_OM-A_skip_all__T_cross_timing-both_days_input_field-raw_rsi_exit-level_rsi_smoothing-simple_same_bar_reentry-wait_bar_warmup-ready_per_rule: ok fills=322 (40.8s)
[3832/4086] BANK2_OM-A_skip_all__T_cross_timing-both_days_input_field-raw_rsi_exit-cross_rsi_smoothing-wilder_same_bar_reentry-wait_bar_warmup-strict: exit=1 fills=None (9.4s)
[3833/4086] BANK2_OM-A_skip_all__T_cross_timing-both_days_input_field-raw_rsi_exit-cross_rsi_smoothing-simple_same_bar_reentry-allowed_warmup-strict: exit=1 fills=None (7.2s)
[3834/4086] BANK2_OM-A_skip_all__T_cross_timing-both_days_input_field-raw_rsi_exit-cross_rsi_smoothing-wilder_same_bar_reentry-allowed_warmup-strict: ok fills=264 (42.5s)
[3835/4086] BANK2_OM-A_skip_all__T_cross_timing-both_days_input_field-raw_rsi_exit-cross_rsi_smoothing-wilder_same_bar_reentry-allowed_warmup-ready_check: ok fills=260 (44.6s)
[3836/4086] BANK2_OM-A_skip_all__T_cross_timing-both_days_input_field-raw_rsi_exit-cross_rsi_smoothing-simple_same_bar_reentry-wait_bar_warmup-ready_check: exit=1 fills=None (9.2s)
[3837/4086] BANK2_OM-A_skip_all__T_cross_timing-both_days_input_field-raw_rsi_exit-cross_rsi_smoothing-wilder_same_bar_reentry-allowed_warmup-ready_per_rule: ok fills=264 (44.3s)
[3838/4086] BANK2_OM-A_skip_all__T_cross_timing-both_days_input_field-raw_rsi_exit-cross_rsi_smoothing-wilder_same_bar_reentry-wait_bar_warmup-ready_check: ok fills=260 (41.9s)
[3839/4086] BANK2_OM-A_skip_all__T_cross_timing-both_days_input_field-raw_rsi_exit-cross_rsi_smoothing-wilder_same_bar_reentry-wait_bar_warmup-ready_per_rule: ok fills=264 (43.2s)
[3840/4086] BANK2_OM-A_skip_all__T_cross_timing-both_days_input_field-raw_rsi_exit-cross_rsi_smoothing-simple_same_bar_reentry-allowed_warmup-ready_check: ok fills=282 (43.0s)
[3841/4086] BANK2_OM-A_skip_all__T_cross_timing-both_days_input_field-raw_rsi_exit-cross_rsi_smoothing-simple_same_bar_reentry-allowed_warmup-ready_per_rule: ok fills=288 (43.9s)
[3842/4086] BANK2_OM-A_skip_all__T_cross_timing-both_days_input_field-raw_rsi_exit-cross_rsi_smoothing-simple_same_bar_reentry-wait_bar_warmup-strict: ok fills=290 (46.2s)
[3843/4086] BANK2_OM-A_skip_all__T_cross_timing-today_ma_input_field-adjusted_rsi_exit-level_rsi_smoothing-wilder_same_bar_reentry-allowed_warmup-strict: ok fills=266 (40.3s)
[3844/4086] BANK2_OM-A_skip_all__T_cross_timing-today_ma_input_field-adjusted_rsi_exit-level_rsi_smoothing-wilder_same_bar_reentry-allowed_warmup-ready_check: ok fills=262 (40.4s)
[3845/4086] BANK2_OM-A_skip_all__T_cross_timing-both_days_input_field-raw_rsi_exit-cross_rsi_smoothing-simple_same_bar_reentry-wait_bar_warmup-ready_per_rule: ok fills=288 (43.1s)
[3846/4086] BANK2_OM-A_skip_all__T_cross_timing-today_ma_input_field-adjusted_rsi_exit-level_rsi_smoothing-wilder_same_bar_reentry-allowed_warmup-ready_per_rule: ok fills=266 (43.1s)
[3847/4086] BANK2_OM-A_skip_all__T_cross_timing-today_ma_input_field-adjusted_rsi_exit-level_rsi_smoothing-wilder_same_bar_reentry-wait_bar_warmup-strict: ok fills=262 (42.9s)
[3848/4086] BANK2_OM-A_skip_all__T_cross_timing-today_ma_input_field-adjusted_rsi_exit-level_rsi_smoothing-wilder_same_bar_reentry-wait_bar_warmup-ready_per_rule: ok fills=262 (45.6s)
[3849/4086] BANK2_OM-A_skip_all__T_cross_timing-today_ma_input_field-adjusted_rsi_exit-level_rsi_smoothing-wilder_same_bar_reentry-wait_bar_warmup-ready_check: ok fills=258 (48.0s)
[3850/4086] BANK2_OM-A_skip_all__T_cross_timing-today_ma_input_field-adjusted_rsi_exit-level_rsi_smoothing-simple_same_bar_reentry-allowed_warmup-strict: ok fills=316 (47.4s)
[3851/4086] BANK2_OM-A_skip_all__T_cross_timing-today_ma_input_field-adjusted_rsi_exit-level_rsi_smoothing-simple_same_bar_reentry-allowed_warmup-ready_check: ok fills=302 (43.0s)
[3852/4086] BANK2_OM-A_skip_all__T_cross_timing-today_ma_input_field-adjusted_rsi_exit-level_rsi_smoothing-simple_same_bar_reentry-wait_bar_warmup-strict: ok fills=302 (42.1s)
[3853/4086] BANK2_OM-A_skip_all__T_cross_timing-today_ma_input_field-adjusted_rsi_exit-level_rsi_smoothing-simple_same_bar_reentry-allowed_warmup-ready_per_rule: ok fills=314 (45.5s)
[3854/4086] BANK2_OM-A_skip_all__T_cross_timing-today_ma_input_field-adjusted_rsi_exit-level_rsi_smoothing-simple_same_bar_reentry-wait_bar_warmup-ready_check: ok fills=292 (41.6s)
[3855/4086] BANK2_OM-A_skip_all__T_cross_timing-today_ma_input_field-adjusted_rsi_exit-level_rsi_smoothing-simple_same_bar_reentry-wait_bar_warmup-ready_per_rule: ok fills=300 (41.4s)
[3856/4086] BANK2_OM-A_skip_all__T_cross_timing-today_ma_input_field-adjusted_rsi_exit-cross_rsi_smoothing-wilder_same_bar_reentry-allowed_warmup-ready_check: ok fills=242 (40.3s)
[3857/4086] BANK2_OM-A_skip_all__T_cross_timing-today_ma_input_field-adjusted_rsi_exit-cross_rsi_smoothing-wilder_same_bar_reentry-allowed_warmup-strict: ok fills=246 (43.7s)
[3858/4086] BANK2_OM-A_skip_all__T_cross_timing-today_ma_input_field-adjusted_rsi_exit-cross_rsi_smoothing-wilder_same_bar_reentry-allowed_warmup-ready_per_rule: ok fills=246 (48.1s)
[3859/4086] BANK2_OM-A_skip_all__T_cross_timing-today_ma_input_field-adjusted_rsi_exit-cross_rsi_smoothing-wilder_same_bar_reentry-wait_bar_warmup-strict: ok fills=246 (46.7s)
[3860/4086] BANK2_OM-A_skip_all__T_cross_timing-today_ma_input_field-adjusted_rsi_exit-cross_rsi_smoothing-wilder_same_bar_reentry-wait_bar_warmup-ready_per_rule: ok fills=246 (44.1s)
[3861/4086] BANK2_OM-A_skip_all__T_cross_timing-today_ma_input_field-adjusted_rsi_exit-cross_rsi_smoothing-wilder_same_bar_reentry-wait_bar_warmup-ready_check: ok fills=242 (46.9s)
[3862/4086] BANK2_OM-A_skip_all__T_cross_timing-today_ma_input_field-adjusted_rsi_exit-cross_rsi_smoothing-simple_same_bar_reentry-allowed_warmup-strict: ok fills=266 (41.9s)
[3863/4086] BANK2_OM-A_skip_all__T_cross_timing-today_ma_input_field-raw_rsi_exit-level_rsi_smoothing-wilder_same_bar_reentry-allowed_warmup-strict: exit=1 fills=None (10.6s)
[3864/4086] BANK2_OM-A_skip_all__T_cross_timing-today_ma_input_field-adjusted_rsi_exit-cross_rsi_smoothing-simple_same_bar_reentry-allowed_warmup-ready_check: ok fills=258 (44.3s)
[3865/4086] BANK2_OM-A_skip_all__T_cross_timing-today_ma_input_field-adjusted_rsi_exit-cross_rsi_smoothing-simple_same_bar_reentry-allowed_warmup-ready_per_rule: ok fills=264 (39.8s)
[3866/4086] BANK2_OM-A_skip_all__T_cross_timing-today_ma_input_field-adjusted_rsi_exit-cross_rsi_smoothing-simple_same_bar_reentry-wait_bar_warmup-strict: ok fills=266 (42.8s)
[3867/4086] BANK2_OM-A_skip_all__T_cross_timing-today_ma_input_field-raw_rsi_exit-level_rsi_smoothing-wilder_same_bar_reentry-wait_bar_warmup-strict: exit=1 fills=None (11.0s)
[3868/4086] BANK2_OM-A_skip_all__T_cross_timing-today_ma_input_field-adjusted_rsi_exit-cross_rsi_smoothing-simple_same_bar_reentry-wait_bar_warmup-ready_check: ok fills=258 (38.3s)
[3869/4086] BANK2_OM-A_skip_all__T_cross_timing-today_ma_input_field-adjusted_rsi_exit-cross_rsi_smoothing-simple_same_bar_reentry-wait_bar_warmup-ready_per_rule: ok fills=264 (41.6s)
[3870/4086] BANK2_OM-A_skip_all__T_cross_timing-today_ma_input_field-raw_rsi_exit-level_rsi_smoothing-wilder_same_bar_reentry-allowed_warmup-ready_check: ok fills=274 (43.2s)
[3871/4086] BANK2_OM-A_skip_all__T_cross_timing-today_ma_input_field-raw_rsi_exit-level_rsi_smoothing-wilder_same_bar_reentry-allowed_warmup-ready_per_rule: ok fills=278 (43.3s)
[3872/4086] BANK2_OM-A_skip_all__T_cross_timing-today_ma_input_field-raw_rsi_exit-level_rsi_smoothing-wilder_same_bar_reentry-wait_bar_warmup-ready_check: ok fills=272 (45.7s)
[3873/4086] BANK2_OM-A_skip_all__T_cross_timing-today_ma_input_field-raw_rsi_exit-level_rsi_smoothing-wilder_same_bar_reentry-wait_bar_warmup-ready_per_rule: ok fills=276 (45.2s)
[3874/4086] BANK2_OM-A_skip_all__T_cross_timing-today_ma_input_field-raw_rsi_exit-level_rsi_smoothing-simple_same_bar_reentry-allowed_warmup-strict: ok fills=336 (43.8s)
[3875/4086] BANK2_OM-A_skip_all__T_cross_timing-today_ma_input_field-raw_rsi_exit-level_rsi_smoothing-simple_same_bar_reentry-allowed_warmup-ready_check: ok fills=322 (46.5s)
[3876/4086] BANK2_OM-A_skip_all__T_cross_timing-today_ma_input_field-raw_rsi_exit-level_rsi_smoothing-simple_same_bar_reentry-allowed_warmup-ready_per_rule: ok fills=334 (46.1s)
[3877/4086] BANK2_OM-A_skip_all__T_cross_timing-today_ma_input_field-raw_rsi_exit-level_rsi_smoothing-simple_same_bar_reentry-wait_bar_warmup-strict: ok fills=322 (41.5s)
[3878/4086] BANK2_OM-A_skip_all__T_cross_timing-today_ma_input_field-raw_rsi_exit-level_rsi_smoothing-simple_same_bar_reentry-wait_bar_warmup-ready_check: ok fills=312 (41.2s)
[3879/4086] BANK2_OM-A_skip_all__T_cross_timing-today_ma_input_field-raw_rsi_exit-level_rsi_smoothing-simple_same_bar_reentry-wait_bar_warmup-ready_per_rule: ok fills=320 (46.7s)
[3880/4086] BANK2_OM-A_skip_all__T_cross_timing-today_ma_input_field-raw_rsi_exit-cross_rsi_smoothing-wilder_same_bar_reentry-allowed_warmup-strict: ok fills=262 (44.7s)
[3881/4086] BANK2_OM-A_skip_all__T_cross_timing-today_ma_input_field-raw_rsi_exit-cross_rsi_smoothing-wilder_same_bar_reentry-allowed_warmup-ready_check: ok fills=258 (41.6s)
[3882/4086] BANK2_OM-A_skip_all__T_cross_timing-today_ma_input_field-raw_rsi_exit-cross_rsi_smoothing-wilder_same_bar_reentry-allowed_warmup-ready_per_rule: ok fills=262 (46.8s)
[3883/4086] BANK2_OM-A_skip_all__T_cross_timing-today_ma_input_field-raw_rsi_exit-cross_rsi_smoothing-simple_same_bar_reentry-wait_bar_warmup-strict: exit=1 fills=None (9.3s)
[3884/4086] BANK2_OM-A_skip_all__T_cross_timing-today_ma_input_field-raw_rsi_exit-cross_rsi_smoothing-wilder_same_bar_reentry-wait_bar_warmup-strict: ok fills=262 (45.4s)
[3885/4086] BANK2_OM-A_skip_all__T_cross_timing-today_ma_input_field-raw_rsi_exit-cross_rsi_smoothing-wilder_same_bar_reentry-wait_bar_warmup-ready_check: ok fills=258 (44.9s)
[3886/4086] BANK2_OM-A_skip_all__T_cross_timing-today_ma_input_field-raw_rsi_exit-cross_rsi_smoothing-wilder_same_bar_reentry-wait_bar_warmup-ready_per_rule: ok fills=262 (46.1s)
[3887/4086] BANK2_OM-A_skip_all__T_cross_timing-today_ma_input_field-raw_rsi_exit-cross_rsi_smoothing-simple_same_bar_reentry-allowed_warmup-strict: ok fills=288 (45.6s)
[3888/4086] BANK2_OM-A_skip_all__T_cross_timing-today_ma_input_field-raw_rsi_exit-cross_rsi_smoothing-simple_same_bar_reentry-allowed_warmup-ready_check: ok fills=280 (44.0s)
[3889/4086] BANK2_OM-A_skip_all__T_cross_timing-today_ma_input_field-raw_rsi_exit-cross_rsi_smoothing-simple_same_bar_reentry-allowed_warmup-ready_per_rule: ok fills=286 (42.2s)
[3890/4086] BANK2_OM-A_skip_all__T_cross_timing-today_ma_input_field-raw_rsi_exit-cross_rsi_smoothing-simple_same_bar_reentry-wait_bar_warmup-ready_per_rule: ok fills=286 (42.6s)
[3891/4086] BANK2_OM-A_skip_all__T_cross_timing-today_ma_input_field-raw_rsi_exit-cross_rsi_smoothing-simple_same_bar_reentry-wait_bar_warmup-ready_check: ok fills=280 (43.5s)
[3892/4086] BANK2_OM-A_try_except__ref: ok fills=270 (42.8s)
[3893/4086] BANK2_OM-A_skip_all__OAT_a_exec-set_holdings: ok fills=270 (47.8s)
[3894/4086] BANK2_OM-A_try_except__T_cross_timing-both_days_input_field-adjusted_rsi_exit-level_rsi_smoothing-wilder_same_bar_reentry-allowed_warmup-ready_check: ok fills=266 (42.7s)
[3895/4086] BANK2_OM-A_try_except__T_cross_timing-both_days_input_field-adjusted_rsi_exit-level_rsi_smoothing-wilder_same_bar_reentry-allowed_warmup-ready_per_rule: ok fills=270 (48.6s)
[3896/4086] BANK2_OM-A_try_except__T_cross_timing-both_days_input_field-adjusted_rsi_exit-level_rsi_smoothing-wilder_same_bar_reentry-wait_bar_warmup-ready_check: ok fills=262 (45.5s)
[3897/4086] BANK2_OM-A_try_except__T_cross_timing-both_days_input_field-adjusted_rsi_exit-level_rsi_smoothing-wilder_same_bar_reentry-wait_bar_warmup-strict: ok fills=266 (48.1s)
[3898/4086] BANK2_OM-A_try_except__T_cross_timing-both_days_input_field-adjusted_rsi_exit-level_rsi_smoothing-simple_same_bar_reentry-allowed_warmup-strict: ok fills=320 (43.0s)
[3899/4086] BANK2_OM-A_try_except__T_cross_timing-both_days_input_field-adjusted_rsi_exit-level_rsi_smoothing-wilder_same_bar_reentry-wait_bar_warmup-ready_per_rule: ok fills=266 (45.2s)
[3900/4086] BANK2_OM-A_try_except__T_cross_timing-both_days_input_field-adjusted_rsi_exit-level_rsi_smoothing-simple_same_bar_reentry-allowed_warmup-ready_check: ok fills=306 (41.9s)
[3901/4086] BANK2_OM-A_try_except__T_cross_timing-both_days_input_field-adjusted_rsi_exit-level_rsi_smoothing-simple_same_bar_reentry-allowed_warmup-ready_per_rule: ok fills=318 (42.4s)
[3902/4086] BANK2_OM-A_try_except__T_cross_timing-both_days_input_field-adjusted_rsi_exit-level_rsi_smoothing-simple_same_bar_reentry-wait_bar_warmup-strict: ok fills=306 (39.7s)
[3903/4086] BANK2_OM-A_try_except__T_cross_timing-both_days_input_field-adjusted_rsi_exit-level_rsi_smoothing-simple_same_bar_reentry-wait_bar_warmup-ready_check: ok fills=296 (43.8s)
[3904/4086] BANK2_OM-A_try_except__T_cross_timing-both_days_input_field-adjusted_rsi_exit-level_rsi_smoothing-simple_same_bar_reentry-wait_bar_warmup-ready_per_rule: ok fills=304 (44.0s)
[3905/4086] BANK2_OM-A_try_except__T_cross_timing-both_days_input_field-adjusted_rsi_exit-cross_rsi_smoothing-wilder_same_bar_reentry-allowed_warmup-strict: ok fills=250 (45.0s)
[3906/4086] BANK2_OM-A_try_except__T_cross_timing-both_days_input_field-adjusted_rsi_exit-cross_rsi_smoothing-wilder_same_bar_reentry-allowed_warmup-ready_check: ok fills=246 (46.1s)
[3907/4086] BANK2_OM-A_try_except__T_cross_timing-both_days_input_field-adjusted_rsi_exit-cross_rsi_smoothing-wilder_same_bar_reentry-allowed_warmup-ready_per_rule: ok fills=250 (46.6s)
[3908/4086] BANK2_OM-A_try_except__T_cross_timing-both_days_input_field-adjusted_rsi_exit-cross_rsi_smoothing-wilder_same_bar_reentry-wait_bar_warmup-ready_check: ok fills=246 (44.7s)
[3909/4086] BANK2_OM-A_try_except__T_cross_timing-both_days_input_field-adjusted_rsi_exit-cross_rsi_smoothing-wilder_same_bar_reentry-wait_bar_warmup-strict: ok fills=250 (47.6s)
[3910/4086] BANK2_OM-A_try_except__T_cross_timing-both_days_input_field-adjusted_rsi_exit-cross_rsi_smoothing-wilder_same_bar_reentry-wait_bar_warmup-ready_per_rule: ok fills=250 (42.9s)
[3911/4086] BANK2_OM-A_try_except__T_cross_timing-both_days_input_field-adjusted_rsi_exit-cross_rsi_smoothing-simple_same_bar_reentry-allowed_warmup-strict: ok fills=270 (38.6s)
[3912/4086] BANK2_OM-A_try_except__T_cross_timing-both_days_input_field-adjusted_rsi_exit-cross_rsi_smoothing-simple_same_bar_reentry-allowed_warmup-ready_check: ok fills=262 (41.1s)
[3913/4086] BANK2_OM-A_try_except__T_cross_timing-both_days_input_field-adjusted_rsi_exit-cross_rsi_smoothing-simple_same_bar_reentry-allowed_warmup-ready_per_rule: ok fills=268 (40.1s)
[3914/4086] BANK2_OM-A_try_except__T_cross_timing-both_days_input_field-adjusted_rsi_exit-cross_rsi_smoothing-simple_same_bar_reentry-wait_bar_warmup-strict: ok fills=270 (39.1s)
[3915/4086] BANK2_OM-A_try_except__T_cross_timing-both_days_input_field-adjusted_rsi_exit-cross_rsi_smoothing-simple_same_bar_reentry-wait_bar_warmup-ready_per_rule: ok fills=268 (40.7s)
[3916/4086] BANK2_OM-A_try_except__T_cross_timing-both_days_input_field-adjusted_rsi_exit-cross_rsi_smoothing-simple_same_bar_reentry-wait_bar_warmup-ready_check: ok fills=262 (47.4s)
[3917/4086] BANK2_OM-A_try_except__T_cross_timing-both_days_input_field-raw_rsi_exit-level_rsi_smoothing-wilder_same_bar_reentry-allowed_warmup-strict: ok fills=280 (46.2s)
[3918/4086] BANK2_OM-A_try_except__T_cross_timing-both_days_input_field-raw_rsi_exit-level_rsi_smoothing-wilder_same_bar_reentry-allowed_warmup-ready_check: ok fills=276 (46.0s)
[3919/4086] BANK2_OM-A_try_except__T_cross_timing-both_days_input_field-raw_rsi_exit-level_rsi_smoothing-wilder_same_bar_reentry-allowed_warmup-ready_per_rule: ok fills=280 (46.9s)
[3920/4086] BANK2_OM-A_try_except__T_cross_timing-both_days_input_field-raw_rsi_exit-level_rsi_smoothing-simple_same_bar_reentry-wait_bar_warmup-strict: exit=1 fills=None (9.0s)
[3921/4086] BANK2_OM-A_try_except__T_cross_timing-both_days_input_field-raw_rsi_exit-level_rsi_smoothing-wilder_same_bar_reentry-wait_bar_warmup-strict: ok fills=278 (46.2s)
[3922/4086] BANK2_OM-A_try_except__T_cross_timing-both_days_input_field-raw_rsi_exit-level_rsi_smoothing-wilder_same_bar_reentry-wait_bar_warmup-ready_check: ok fills=274 (47.1s)
[3923/4086] BANK2_OM-A_try_except__T_cross_timing-both_days_input_field-raw_rsi_exit-level_rsi_smoothing-wilder_same_bar_reentry-wait_bar_warmup-ready_per_rule: ok fills=278 (45.1s)
[3924/4086] BANK2_OM-A_try_except__T_cross_timing-both_days_input_field-raw_rsi_exit-level_rsi_smoothing-simple_same_bar_reentry-allowed_warmup-strict: ok fills=338 (45.0s)
[3925/4086] BANK2_OM-A_try_except__T_cross_timing-both_days_input_field-raw_rsi_exit-level_rsi_smoothing-simple_same_bar_reentry-allowed_warmup-ready_per_rule: ok fills=336 (41.6s)
[3926/4086] BANK2_OM-A_try_except__T_cross_timing-both_days_input_field-raw_rsi_exit-level_rsi_smoothing-simple_same_bar_reentry-allowed_warmup-ready_check: ok fills=324 (43.8s)
[3927/4086] BANK2_OM-A_try_except__T_cross_timing-both_days_input_field-raw_rsi_exit-level_rsi_smoothing-simple_same_bar_reentry-wait_bar_warmup-ready_per_rule: ok fills=322 (40.0s)
[3928/4086] BANK2_OM-A_try_except__T_cross_timing-both_days_input_field-raw_rsi_exit-cross_rsi_smoothing-wilder_same_bar_reentry-wait_bar_warmup-ready_check: exit=1 fills=None (11.0s)
[3929/4086] BANK2_OM-A_try_except__T_cross_timing-both_days_input_field-raw_rsi_exit-level_rsi_smoothing-simple_same_bar_reentry-wait_bar_warmup-ready_check: ok fills=314 (40.6s)
[3930/4086] BANK2_OM-A_try_except__T_cross_timing-both_days_input_field-raw_rsi_exit-cross_rsi_smoothing-wilder_same_bar_reentry-allowed_warmup-strict: ok fills=264 (41.6s)
[3931/4086] BANK2_OM-A_try_except__T_cross_timing-both_days_input_field-raw_rsi_exit-cross_rsi_smoothing-wilder_same_bar_reentry-allowed_warmup-ready_check: ok fills=260 (47.9s)
[3932/4086] BANK2_OM-A_try_except__T_cross_timing-both_days_input_field-raw_rsi_exit-cross_rsi_smoothing-wilder_same_bar_reentry-allowed_warmup-ready_per_rule: ok fills=264 (45.8s)
[3933/4086] BANK2_OM-A_try_except__T_cross_timing-both_days_input_field-raw_rsi_exit-cross_rsi_smoothing-wilder_same_bar_reentry-wait_bar_warmup-strict: ok fills=264 (48.1s)
[3934/4086] BANK2_OM-A_try_except__T_cross_timing-both_days_input_field-raw_rsi_exit-cross_rsi_smoothing-wilder_same_bar_reentry-wait_bar_warmup-ready_per_rule: ok fills=264 (46.3s)
[3935/4086] BANK2_OM-A_try_except__T_cross_timing-both_days_input_field-raw_rsi_exit-cross_rsi_smoothing-simple_same_bar_reentry-allowed_warmup-ready_check: ok fills=282 (48.3s)
[3936/4086] BANK2_OM-A_try_except__T_cross_timing-both_days_input_field-raw_rsi_exit-cross_rsi_smoothing-simple_same_bar_reentry-allowed_warmup-strict: ok fills=290 (49.9s)
[3937/4086] BANK2_OM-A_try_except__T_cross_timing-both_days_input_field-raw_rsi_exit-cross_rsi_smoothing-simple_same_bar_reentry-allowed_warmup-ready_per_rule: ok fills=288 (50.2s)
[3938/4086] BANK2_OM-A_try_except__T_cross_timing-both_days_input_field-raw_rsi_exit-cross_rsi_smoothing-simple_same_bar_reentry-wait_bar_warmup-strict: ok fills=290 (45.9s)
[3939/4086] BANK2_OM-A_try_except__T_cross_timing-both_days_input_field-raw_rsi_exit-cross_rsi_smoothing-simple_same_bar_reentry-wait_bar_warmup-ready_check: ok fills=282 (43.1s)
[3940/4086] BANK2_OM-A_try_except__T_cross_timing-both_days_input_field-raw_rsi_exit-cross_rsi_smoothing-simple_same_bar_reentry-wait_bar_warmup-ready_per_rule: ok fills=288 (43.0s)
[3941/4086] BANK2_OM-A_try_except__T_cross_timing-today_ma_input_field-adjusted_rsi_exit-level_rsi_smoothing-simple_same_bar_reentry-allowed_warmup-strict: exit=1 fills=None (6.0s)
[3942/4086] BANK2_OM-A_try_except__T_cross_timing-today_ma_input_field-adjusted_rsi_exit-level_rsi_smoothing-wilder_same_bar_reentry-allowed_warmup-ready_check: ok fills=262 (42.1s)
[3943/4086] BANK2_OM-A_try_except__T_cross_timing-today_ma_input_field-adjusted_rsi_exit-level_rsi_smoothing-wilder_same_bar_reentry-allowed_warmup-strict: ok fills=266 (44.0s)
[3944/4086] BANK2_OM-A_try_except__T_cross_timing-today_ma_input_field-adjusted_rsi_exit-level_rsi_smoothing-wilder_same_bar_reentry-wait_bar_warmup-ready_check: ok fills=258 (40.9s)
[3945/4086] BANK2_OM-A_try_except__T_cross_timing-today_ma_input_field-adjusted_rsi_exit-level_rsi_smoothing-wilder_same_bar_reentry-allowed_warmup-ready_per_rule: ok fills=266 (43.6s)
[3946/4086] BANK2_OM-A_try_except__T_cross_timing-today_ma_input_field-adjusted_rsi_exit-level_rsi_smoothing-wilder_same_bar_reentry-wait_bar_warmup-strict: ok fills=262 (44.4s)
[3947/4086] BANK2_OM-A_try_except__T_cross_timing-today_ma_input_field-adjusted_rsi_exit-level_rsi_smoothing-wilder_same_bar_reentry-wait_bar_warmup-ready_per_rule: ok fills=262 (40.0s)
[3948/4086] BANK2_OM-A_try_except__T_cross_timing-today_ma_input_field-adjusted_rsi_exit-level_rsi_smoothing-simple_same_bar_reentry-allowed_warmup-ready_per_rule: ok fills=314 (44.9s)
[3949/4086] BANK2_OM-A_try_except__T_cross_timing-today_ma_input_field-adjusted_rsi_exit-level_rsi_smoothing-simple_same_bar_reentry-allowed_warmup-ready_check: ok fills=302 (48.3s)
[3950/4086] BANK2_OM-A_try_except__T_cross_timing-today_ma_input_field-adjusted_rsi_exit-level_rsi_smoothing-simple_same_bar_reentry-wait_bar_warmup-strict: ok fills=302 (48.2s)
[3951/4086] BANK2_OM-A_try_except__T_cross_timing-today_ma_input_field-adjusted_rsi_exit-level_rsi_smoothing-simple_same_bar_reentry-wait_bar_warmup-ready_check: ok fills=292 (48.9s)
[3952/4086] BANK2_OM-A_try_except__T_cross_timing-today_ma_input_field-adjusted_rsi_exit-level_rsi_smoothing-simple_same_bar_reentry-wait_bar_warmup-ready_per_rule: ok fills=300 (44.8s)
[3953/4086] BANK2_OM-A_try_except__T_cross_timing-today_ma_input_field-adjusted_rsi_exit-cross_rsi_smoothing-wilder_same_bar_reentry-allowed_warmup-strict: ok fills=246 (44.4s)
[3954/4086] BANK2_OM-A_try_except__T_cross_timing-today_ma_input_field-adjusted_rsi_exit-cross_rsi_smoothing-wilder_same_bar_reentry-allowed_warmup-ready_per_rule: ok fills=246 (43.5s)
[3955/4086] BANK2_OM-A_try_except__T_cross_timing-today_ma_input_field-adjusted_rsi_exit-cross_rsi_smoothing-wilder_same_bar_reentry-allowed_warmup-ready_check: ok fills=242 (49.4s)
[3956/4086] BANK2_OM-A_try_except__T_cross_timing-today_ma_input_field-adjusted_rsi_exit-cross_rsi_smoothing-wilder_same_bar_reentry-wait_bar_warmup-strict: ok fills=246 (41.9s)
[3957/4086] BANK2_OM-A_try_except__T_cross_timing-today_ma_input_field-adjusted_rsi_exit-cross_rsi_smoothing-wilder_same_bar_reentry-wait_bar_warmup-ready_check: ok fills=242 (42.1s)
[3958/4086] BANK2_OM-A_try_except__T_cross_timing-today_ma_input_field-adjusted_rsi_exit-cross_rsi_smoothing-simple_same_bar_reentry-allowed_warmup-strict: ok fills=266 (43.1s)
[3959/4086] BANK2_OM-A_try_except__T_cross_timing-today_ma_input_field-adjusted_rsi_exit-cross_rsi_smoothing-wilder_same_bar_reentry-wait_bar_warmup-ready_per_rule: ok fills=246 (44.3s)
[3960/4086] BANK2_OM-A_try_except__T_cross_timing-today_ma_input_field-adjusted_rsi_exit-cross_rsi_smoothing-simple_same_bar_reentry-allowed_warmup-ready_per_rule: ok fills=264 (41.0s)
[3961/4086] BANK2_OM-A_try_except__T_cross_timing-today_ma_input_field-adjusted_rsi_exit-cross_rsi_smoothing-simple_same_bar_reentry-allowed_warmup-ready_check: ok fills=258 (43.7s)
[3962/4086] BANK2_OM-A_try_except__T_cross_timing-today_ma_input_field-adjusted_rsi_exit-cross_rsi_smoothing-simple_same_bar_reentry-wait_bar_warmup-strict: ok fills=266 (47.7s)
[3963/4086] BANK2_OM-A_try_except__T_cross_timing-today_ma_input_field-adjusted_rsi_exit-cross_rsi_smoothing-simple_same_bar_reentry-wait_bar_warmup-ready_check: ok fills=258 (48.2s)
[3964/4086] BANK2_OM-A_try_except__T_cross_timing-today_ma_input_field-adjusted_rsi_exit-cross_rsi_smoothing-simple_same_bar_reentry-wait_bar_warmup-ready_per_rule: ok fills=264 (48.5s)
[3965/4086] BANK2_OM-A_try_except__T_cross_timing-today_ma_input_field-raw_rsi_exit-level_rsi_smoothing-wilder_same_bar_reentry-allowed_warmup-strict: ok fills=278 (46.3s)
[3966/4086] BANK2_OM-A_try_except__T_cross_timing-today_ma_input_field-raw_rsi_exit-level_rsi_smoothing-wilder_same_bar_reentry-allowed_warmup-ready_per_rule: ok fills=278 (40.3s)
[3967/4086] BANK2_OM-A_try_except__T_cross_timing-today_ma_input_field-raw_rsi_exit-level_rsi_smoothing-simple_same_bar_reentry-allowed_warmup-ready_check: exit=1 fills=None (6.1s)
[3968/4086] BANK2_OM-A_try_except__T_cross_timing-today_ma_input_field-raw_rsi_exit-level_rsi_smoothing-wilder_same_bar_reentry-allowed_warmup-ready_check: ok fills=274 (43.0s)
[3969/4086] BANK2_OM-A_try_except__T_cross_timing-today_ma_input_field-raw_rsi_exit-level_rsi_smoothing-wilder_same_bar_reentry-wait_bar_warmup-strict: ok fills=276 (40.8s)
[3970/4086] BANK2_OM-A_try_except__T_cross_timing-today_ma_input_field-raw_rsi_exit-level_rsi_smoothing-simple_same_bar_reentry-wait_bar_warmup-ready_check: exit=1 fills=None (7.0s)
[3971/4086] BANK2_OM-A_try_except__T_cross_timing-today_ma_input_field-raw_rsi_exit-level_rsi_smoothing-wilder_same_bar_reentry-wait_bar_warmup-ready_check: ok fills=272 (42.4s)
[3972/4086] BANK2_OM-A_try_except__T_cross_timing-today_ma_input_field-raw_rsi_exit-level_rsi_smoothing-simple_same_bar_reentry-wait_bar_warmup-ready_per_rule: exit=1 fills=None (10.8s)
[3973/4086] BANK2_OM-A_try_except__T_cross_timing-today_ma_input_field-raw_rsi_exit-level_rsi_smoothing-wilder_same_bar_reentry-wait_bar_warmup-ready_per_rule: ok fills=276 (42.0s)
[3974/4086] BANK2_OM-A_try_except__T_cross_timing-today_ma_input_field-raw_rsi_exit-cross_rsi_smoothing-wilder_same_bar_reentry-wait_bar_warmup-strict: exit=1 fills=None (8.9s)
[3975/4086] BANK2_OM-A_try_except__T_cross_timing-today_ma_input_field-raw_rsi_exit-level_rsi_smoothing-simple_same_bar_reentry-allowed_warmup-strict: ok fills=336 (44.3s)
[3976/4086] BANK2_OM-A_try_except__T_cross_timing-today_ma_input_field-raw_rsi_exit-level_rsi_smoothing-simple_same_bar_reentry-allowed_warmup-ready_per_rule: ok fills=334 (43.6s)
[3977/4086] BANK2_OM-A_try_except__T_cross_timing-today_ma_input_field-raw_rsi_exit-level_rsi_smoothing-simple_same_bar_reentry-wait_bar_warmup-strict: ok fills=322 (43.8s)
[3978/4086] BANK2_OM-A_try_except__T_cross_timing-today_ma_input_field-raw_rsi_exit-cross_rsi_smoothing-wilder_same_bar_reentry-allowed_warmup-ready_check: ok fills=258 (44.7s)
[3979/4086] BANK2_OM-A_try_except__T_cross_timing-today_ma_input_field-raw_rsi_exit-cross_rsi_smoothing-simple_same_bar_reentry-allowed_warmup-ready_per_rule: exit=1 fills=None (8.6s)
[3980/4086] BANK2_OM-A_try_except__T_cross_timing-today_ma_input_field-raw_rsi_exit-cross_rsi_smoothing-wilder_same_bar_reentry-allowed_warmup-strict: ok fills=262 (46.7s)
[3981/4086] BANK2_OM-A_try_except__T_cross_timing-today_ma_input_field-raw_rsi_exit-cross_rsi_smoothing-wilder_same_bar_reentry-allowed_warmup-ready_per_rule: ok fills=262 (42.6s)
[3982/4086] BANK2_OM-A_try_except__T_cross_timing-today_ma_input_field-raw_rsi_exit-cross_rsi_smoothing-wilder_same_bar_reentry-wait_bar_warmup-ready_check: ok fills=258 (38.5s)
[3983/4086] BANK2_OM-A_try_except__T_cross_timing-today_ma_input_field-raw_rsi_exit-cross_rsi_smoothing-wilder_same_bar_reentry-wait_bar_warmup-ready_per_rule: ok fills=262 (42.5s)
[3984/4086] BANK2_OM-A_try_except__T_cross_timing-today_ma_input_field-raw_rsi_exit-cross_rsi_smoothing-simple_same_bar_reentry-allowed_warmup-strict: ok fills=288 (41.6s)
[3985/4086] BANK2_OM-A_try_except__T_cross_timing-today_ma_input_field-raw_rsi_exit-cross_rsi_smoothing-simple_same_bar_reentry-allowed_warmup-ready_check: ok fills=280 (43.3s)
[3986/4086] BANK2_OM-A_try_except__T_cross_timing-today_ma_input_field-raw_rsi_exit-cross_rsi_smoothing-simple_same_bar_reentry-wait_bar_warmup-ready_per_rule: ok fills=286 (43.1s)
[3987/4086] BANK2_OM-A_try_except__T_cross_timing-today_ma_input_field-raw_rsi_exit-cross_rsi_smoothing-simple_same_bar_reentry-wait_bar_warmup-strict: ok fills=288 (45.9s)
[3988/4086] BANK2_OM-A_try_except__T_cross_timing-today_ma_input_field-raw_rsi_exit-cross_rsi_smoothing-simple_same_bar_reentry-wait_bar_warmup-ready_check: ok fills=280 (46.3s)
[3989/4086] BANK2_OM-A_per_ticker__ref: ok fills=270 (45.9s)
[3990/4086] BANK2_OM-A_per_ticker__T_cross_timing-both_days_input_field-adjusted_rsi_exit-level_rsi_smoothing-simple_same_bar_reentry-allowed_warmup-strict: exit=1 fills=None (7.8s)
[3991/4086] BANK2_OM-A_try_except__OAT_a_exec-set_holdings: ok fills=270 (53.7s)
[3992/4086] BANK2_OM-A_per_ticker__T_cross_timing-both_days_input_field-adjusted_rsi_exit-level_rsi_smoothing-wilder_same_bar_reentry-allowed_warmup-ready_check: ok fills=266 (46.7s)
[3993/4086] BANK2_OM-A_per_ticker__T_cross_timing-both_days_input_field-adjusted_rsi_exit-level_rsi_smoothing-wilder_same_bar_reentry-allowed_warmup-ready_per_rule: ok fills=270 (44.3s)
[3994/4086] BANK2_OM-A_per_ticker__T_cross_timing-both_days_input_field-adjusted_rsi_exit-level_rsi_smoothing-wilder_same_bar_reentry-wait_bar_warmup-strict: ok fills=266 (40.3s)
[3995/4086] BANK2_OM-A_per_ticker__T_cross_timing-both_days_input_field-adjusted_rsi_exit-level_rsi_smoothing-wilder_same_bar_reentry-wait_bar_warmup-ready_per_rule: ok fills=266 (40.8s)
[3996/4086] BANK2_OM-A_per_ticker__T_cross_timing-both_days_input_field-adjusted_rsi_exit-level_rsi_smoothing-wilder_same_bar_reentry-wait_bar_warmup-ready_check: ok fills=262 (42.8s)
[3997/4086] BANK2_OM-A_per_ticker__T_cross_timing-both_days_input_field-adjusted_rsi_exit-level_rsi_smoothing-simple_same_bar_reentry-wait_bar_warmup-strict: ok fills=306 (41.7s)
[3998/4086] BANK2_OM-A_per_ticker__T_cross_timing-both_days_input_field-adjusted_rsi_exit-level_rsi_smoothing-simple_same_bar_reentry-allowed_warmup-ready_per_rule: ok fills=318 (45.9s)
[3999/4086] BANK2_OM-A_per_ticker__T_cross_timing-both_days_input_field-adjusted_rsi_exit-level_rsi_smoothing-simple_same_bar_reentry-wait_bar_warmup-ready_per_rule: ok fills=304 (42.9s)
[4000/4086] BANK2_OM-A_per_ticker__T_cross_timing-both_days_input_field-adjusted_rsi_exit-level_rsi_smoothing-simple_same_bar_reentry-allowed_warmup-ready_check: ok fills=306 (48.4s)
[4001/4086] BANK2_OM-A_per_ticker__T_cross_timing-both_days_input_field-adjusted_rsi_exit-level_rsi_smoothing-simple_same_bar_reentry-wait_bar_warmup-ready_check: ok fills=296 (47.1s)
[4002/4086] BANK2_OM-A_per_ticker__T_cross_timing-both_days_input_field-adjusted_rsi_exit-cross_rsi_smoothing-wilder_same_bar_reentry-allowed_warmup-strict: ok fills=250 (43.6s)
[4003/4086] BANK2_OM-A_per_ticker__T_cross_timing-both_days_input_field-adjusted_rsi_exit-cross_rsi_smoothing-wilder_same_bar_reentry-allowed_warmup-ready_check: ok fills=246 (41.7s)
[4004/4086] BANK2_OM-A_per_ticker__T_cross_timing-both_days_input_field-adjusted_rsi_exit-cross_rsi_smoothing-wilder_same_bar_reentry-allowed_warmup-ready_per_rule: ok fills=250 (41.5s)
[4005/4086] BANK2_OM-A_per_ticker__T_cross_timing-both_days_input_field-adjusted_rsi_exit-cross_rsi_smoothing-wilder_same_bar_reentry-wait_bar_warmup-strict: ok fills=250 (41.1s)
[4006/4086] BANK2_OM-A_per_ticker__T_cross_timing-both_days_input_field-adjusted_rsi_exit-cross_rsi_smoothing-simple_same_bar_reentry-wait_bar_warmup-ready_check: exit=1 fills=None (9.2s)
[4007/4086] BANK2_OM-A_per_ticker__T_cross_timing-both_days_input_field-adjusted_rsi_exit-cross_rsi_smoothing-simple_same_bar_reentry-allowed_warmup-strict: ok fills=270 (39.4s)
[4008/4086] BANK2_OM-A_per_ticker__T_cross_timing-both_days_input_field-adjusted_rsi_exit-cross_rsi_smoothing-wilder_same_bar_reentry-wait_bar_warmup-ready_check: ok fills=246 (42.3s)
[4009/4086] BANK2_OM-A_per_ticker__T_cross_timing-both_days_input_field-adjusted_rsi_exit-cross_rsi_smoothing-simple_same_bar_reentry-allowed_warmup-ready_check: ok fills=262 (40.5s)
[4010/4086] BANK2_OM-A_per_ticker__T_cross_timing-both_days_input_field-adjusted_rsi_exit-cross_rsi_smoothing-wilder_same_bar_reentry-wait_bar_warmup-ready_per_rule: ok fills=250 (44.9s)
[4011/4086] BANK2_OM-A_per_ticker__T_cross_timing-both_days_input_field-adjusted_rsi_exit-cross_rsi_smoothing-simple_same_bar_reentry-allowed_warmup-ready_per_rule: ok fills=268 (41.9s)
[4012/4086] BANK2_OM-A_per_ticker__T_cross_timing-both_days_input_field-adjusted_rsi_exit-cross_rsi_smoothing-simple_same_bar_reentry-wait_bar_warmup-strict: ok fills=270 (44.5s)
[4013/4086] BANK2_OM-A_per_ticker__T_cross_timing-both_days_input_field-adjusted_rsi_exit-cross_rsi_smoothing-simple_same_bar_reentry-wait_bar_warmup-ready_per_rule: ok fills=268 (43.3s)
[4014/4086] BANK2_OM-A_per_ticker__T_cross_timing-both_days_input_field-raw_rsi_exit-level_rsi_smoothing-wilder_same_bar_reentry-allowed_warmup-strict: ok fills=280 (44.7s)
[4015/4086] BANK2_OM-A_per_ticker__T_cross_timing-both_days_input_field-raw_rsi_exit-level_rsi_smoothing-wilder_same_bar_reentry-allowed_warmup-ready_check: ok fills=276 (45.0s)
[4016/4086] BANK2_OM-A_per_ticker__T_cross_timing-both_days_input_field-raw_rsi_exit-level_rsi_smoothing-wilder_same_bar_reentry-allowed_warmup-ready_per_rule: ok fills=280 (50.4s)
[4017/4086] BANK2_OM-A_per_ticker__T_cross_timing-both_days_input_field-raw_rsi_exit-level_rsi_smoothing-simple_same_bar_reentry-wait_bar_warmup-strict: exit=1 fills=None (6.7s)
[4018/4086] BANK2_OM-A_per_ticker__T_cross_timing-both_days_input_field-raw_rsi_exit-level_rsi_smoothing-wilder_same_bar_reentry-wait_bar_warmup-strict: ok fills=278 (46.8s)
[4019/4086] BANK2_OM-A_per_ticker__T_cross_timing-both_days_input_field-raw_rsi_exit-level_rsi_smoothing-wilder_same_bar_reentry-wait_bar_warmup-ready_check: ok fills=274 (47.3s)
[4020/4086] BANK2_OM-A_per_ticker__T_cross_timing-both_days_input_field-raw_rsi_exit-level_rsi_smoothing-wilder_same_bar_reentry-wait_bar_warmup-ready_per_rule: ok fills=278 (41.0s)
[4021/4086] BANK2_OM-A_per_ticker__T_cross_timing-both_days_input_field-raw_rsi_exit-level_rsi_smoothing-simple_same_bar_reentry-allowed_warmup-strict: ok fills=338 (41.9s)
[4022/4086] BANK2_OM-A_per_ticker__T_cross_timing-both_days_input_field-raw_rsi_exit-level_rsi_smoothing-simple_same_bar_reentry-allowed_warmup-ready_check: ok fills=324 (40.0s)
[4023/4086] BANK2_OM-A_per_ticker__T_cross_timing-both_days_input_field-raw_rsi_exit-cross_rsi_smoothing-wilder_same_bar_reentry-wait_bar_warmup-strict: exit=1 fills=None (7.0s)
[4024/4086] BANK2_OM-A_per_ticker__T_cross_timing-both_days_input_field-raw_rsi_exit-level_rsi_smoothing-simple_same_bar_reentry-allowed_warmup-ready_per_rule: ok fills=336 (42.7s)
[4025/4086] BANK2_OM-A_per_ticker__T_cross_timing-both_days_input_field-raw_rsi_exit-level_rsi_smoothing-simple_same_bar_reentry-wait_bar_warmup-ready_check: ok fills=314 (38.9s)
[4026/4086] BANK2_OM-A_per_ticker__T_cross_timing-both_days_input_field-raw_rsi_exit-cross_rsi_smoothing-wilder_same_bar_reentry-allowed_warmup-ready_check: ok fills=260 (42.4s)
[4027/4086] BANK2_OM-A_per_ticker__T_cross_timing-both_days_input_field-raw_rsi_exit-cross_rsi_smoothing-wilder_same_bar_reentry-allowed_warmup-strict: ok fills=264 (46.8s)
[4028/4086] BANK2_OM-A_per_ticker__T_cross_timing-both_days_input_field-raw_rsi_exit-cross_rsi_smoothing-wilder_same_bar_reentry-allowed_warmup-ready_per_rule: ok fills=264 (43.5s)
[4029/4086] BANK2_OM-A_per_ticker__T_cross_timing-both_days_input_field-raw_rsi_exit-level_rsi_smoothing-simple_same_bar_reentry-wait_bar_warmup-ready_per_rule: ok fills=322 (47.2s)
[4030/4086] BANK2_OM-A_per_ticker__T_cross_timing-both_days_input_field-raw_rsi_exit-cross_rsi_smoothing-wilder_same_bar_reentry-wait_bar_warmup-ready_per_rule: ok fills=264 (44.8s)
[4031/4086] BANK2_OM-A_per_ticker__T_cross_timing-both_days_input_field-raw_rsi_exit-cross_rsi_smoothing-wilder_same_bar_reentry-wait_bar_warmup-ready_check: ok fills=260 (46.2s)
[4032/4086] BANK2_OM-A_per_ticker__T_cross_timing-both_days_input_field-raw_rsi_exit-cross_rsi_smoothing-simple_same_bar_reentry-allowed_warmup-strict: ok fills=290 (43.8s)
[4033/4086] BANK2_OM-A_per_ticker__T_cross_timing-both_days_input_field-raw_rsi_exit-cross_rsi_smoothing-simple_same_bar_reentry-allowed_warmup-ready_check: ok fills=282 (39.4s)
[4034/4086] BANK2_OM-A_per_ticker__T_cross_timing-both_days_input_field-raw_rsi_exit-cross_rsi_smoothing-simple_same_bar_reentry-wait_bar_warmup-ready_per_rule: ok fills=288 (40.6s)
[4035/4086] BANK2_OM-A_per_ticker__T_cross_timing-both_days_input_field-raw_rsi_exit-cross_rsi_smoothing-simple_same_bar_reentry-wait_bar_warmup-strict: ok fills=290 (42.2s)
[4036/4086] BANK2_OM-A_per_ticker__T_cross_timing-both_days_input_field-raw_rsi_exit-cross_rsi_smoothing-simple_same_bar_reentry-allowed_warmup-ready_per_rule: ok fills=288 (47.0s)
[4037/4086] BANK2_OM-A_per_ticker__T_cross_timing-both_days_input_field-raw_rsi_exit-cross_rsi_smoothing-simple_same_bar_reentry-wait_bar_warmup-ready_check: ok fills=282 (43.7s)
[4038/4086] BANK2_OM-A_per_ticker__T_cross_timing-today_ma_input_field-adjusted_rsi_exit-level_rsi_smoothing-wilder_same_bar_reentry-allowed_warmup-strict: ok fills=266 (44.2s)
[4039/4086] BANK2_OM-A_per_ticker__T_cross_timing-today_ma_input_field-adjusted_rsi_exit-level_rsi_smoothing-wilder_same_bar_reentry-allowed_warmup-ready_per_rule: ok fills=266 (41.8s)
[4040/4086] BANK2_OM-A_per_ticker__T_cross_timing-today_ma_input_field-adjusted_rsi_exit-level_rsi_smoothing-wilder_same_bar_reentry-wait_bar_warmup-strict: ok fills=262 (40.4s)
[4041/4086] BANK2_OM-A_per_ticker__T_cross_timing-today_ma_input_field-adjusted_rsi_exit-level_rsi_smoothing-wilder_same_bar_reentry-allowed_warmup-ready_check: ok fills=262 (46.5s)
[4042/4086] BANK2_OM-A_per_ticker__T_cross_timing-today_ma_input_field-adjusted_rsi_exit-level_rsi_smoothing-wilder_same_bar_reentry-wait_bar_warmup-ready_per_rule: ok fills=262 (39.9s)
[4043/4086] BANK2_OM-A_per_ticker__T_cross_timing-today_ma_input_field-adjusted_rsi_exit-level_rsi_smoothing-simple_same_bar_reentry-allowed_warmup-strict: ok fills=316 (45.5s)
[4044/4086] BANK2_OM-A_per_ticker__T_cross_timing-today_ma_input_field-adjusted_rsi_exit-level_rsi_smoothing-simple_same_bar_reentry-allowed_warmup-ready_check: ok fills=302 (46.5s)
[4045/4086] BANK2_OM-A_per_ticker__T_cross_timing-today_ma_input_field-adjusted_rsi_exit-level_rsi_smoothing-wilder_same_bar_reentry-wait_bar_warmup-ready_check: ok fills=258 (50.2s)
[4046/4086] BANK2_OM-A_per_ticker__T_cross_timing-today_ma_input_field-adjusted_rsi_exit-level_rsi_smoothing-simple_same_bar_reentry-allowed_warmup-ready_per_rule: ok fills=314 (40.9s)
[4047/4086] BANK2_OM-A_per_ticker__T_cross_timing-today_ma_input_field-adjusted_rsi_exit-level_rsi_smoothing-simple_same_bar_reentry-wait_bar_warmup-strict: ok fills=302 (40.8s)
[4048/4086] BANK2_OM-A_per_ticker__T_cross_timing-today_ma_input_field-adjusted_rsi_exit-level_rsi_smoothing-simple_same_bar_reentry-wait_bar_warmup-ready_check: ok fills=292 (42.6s)
[4049/4086] BANK2_OM-A_per_ticker__T_cross_timing-today_ma_input_field-adjusted_rsi_exit-level_rsi_smoothing-simple_same_bar_reentry-wait_bar_warmup-ready_per_rule: ok fills=300 (45.7s)
[4050/4086] BANK2_OM-A_per_ticker__T_cross_timing-today_ma_input_field-adjusted_rsi_exit-cross_rsi_smoothing-wilder_same_bar_reentry-allowed_warmup-strict: ok fills=246 (38.4s)
[4051/4086] BANK2_OM-A_per_ticker__T_cross_timing-today_ma_input_field-adjusted_rsi_exit-cross_rsi_smoothing-wilder_same_bar_reentry-wait_bar_warmup-ready_check: exit=1 fills=None (9.4s)
[4052/4086] BANK2_OM-A_per_ticker__T_cross_timing-today_ma_input_field-adjusted_rsi_exit-cross_rsi_smoothing-wilder_same_bar_reentry-allowed_warmup-ready_per_rule: ok fills=246 (39.6s)
[4053/4086] BANK2_OM-A_per_ticker__T_cross_timing-today_ma_input_field-adjusted_rsi_exit-cross_rsi_smoothing-wilder_same_bar_reentry-allowed_warmup-ready_check: ok fills=242 (41.5s)
[4054/4086] BANK2_OM-A_per_ticker__T_cross_timing-today_ma_input_field-adjusted_rsi_exit-cross_rsi_smoothing-simple_same_bar_reentry-allowed_warmup-ready_per_rule: exit=1 fills=None (9.6s)
[4055/4086] BANK2_OM-A_per_ticker__T_cross_timing-today_ma_input_field-adjusted_rsi_exit-cross_rsi_smoothing-wilder_same_bar_reentry-wait_bar_warmup-strict: ok fills=246 (40.5s)
[4056/4086] BANK2_OM-A_per_ticker__T_cross_timing-today_ma_input_field-adjusted_rsi_exit-cross_rsi_smoothing-simple_same_bar_reentry-wait_bar_warmup-strict: exit=1 fills=None (12.4s)
[4057/4086] BANK2_OM-A_per_ticker__T_cross_timing-today_ma_input_field-adjusted_rsi_exit-cross_rsi_smoothing-wilder_same_bar_reentry-wait_bar_warmup-ready_per_rule: ok fills=246 (47.0s)
[4058/4086] BANK2_OM-A_per_ticker__T_cross_timing-today_ma_input_field-adjusted_rsi_exit-cross_rsi_smoothing-simple_same_bar_reentry-allowed_warmup-strict: ok fills=266 (45.8s)
[4059/4086] BANK2_OM-A_per_ticker__T_cross_timing-today_ma_input_field-adjusted_rsi_exit-cross_rsi_smoothing-simple_same_bar_reentry-allowed_warmup-ready_check: ok fills=258 (41.0s)
[4060/4086] BANK2_OM-A_per_ticker__T_cross_timing-today_ma_input_field-adjusted_rsi_exit-cross_rsi_smoothing-simple_same_bar_reentry-wait_bar_warmup-ready_per_rule: ok fills=264 (42.0s)
[4061/4086] BANK2_OM-A_per_ticker__T_cross_timing-today_ma_input_field-raw_rsi_exit-level_rsi_smoothing-wilder_same_bar_reentry-allowed_warmup-strict: ok fills=278 (42.9s)
[4062/4086] BANK2_OM-A_per_ticker__T_cross_timing-today_ma_input_field-raw_rsi_exit-level_rsi_smoothing-wilder_same_bar_reentry-allowed_warmup-ready_check: ok fills=274 (42.5s)
[4063/4086] BANK2_OM-A_per_ticker__T_cross_timing-today_ma_input_field-adjusted_rsi_exit-cross_rsi_smoothing-simple_same_bar_reentry-wait_bar_warmup-ready_check: ok fills=258 (45.6s)
[4064/4086] BANK2_OM-A_per_ticker__T_cross_timing-today_ma_input_field-raw_rsi_exit-level_rsi_smoothing-wilder_same_bar_reentry-allowed_warmup-ready_per_rule: ok fills=278 (45.7s)
[4065/4086] BANK2_OM-A_per_ticker__T_cross_timing-today_ma_input_field-raw_rsi_exit-level_rsi_smoothing-wilder_same_bar_reentry-wait_bar_warmup-strict: ok fills=276 (39.8s)
[4066/4086] BANK2_OM-A_per_ticker__T_cross_timing-today_ma_input_field-raw_rsi_exit-level_rsi_smoothing-wilder_same_bar_reentry-wait_bar_warmup-ready_check: ok fills=272 (39.7s)
[4067/4086] BANK2_OM-A_per_ticker__T_cross_timing-today_ma_input_field-raw_rsi_exit-level_rsi_smoothing-wilder_same_bar_reentry-wait_bar_warmup-ready_per_rule: ok fills=276 (40.4s)
[4068/4086] BANK2_OM-A_per_ticker__T_cross_timing-today_ma_input_field-raw_rsi_exit-level_rsi_smoothing-simple_same_bar_reentry-allowed_warmup-ready_per_rule: ok fills=334 (37.7s)
[4069/4086] BANK2_OM-A_per_ticker__T_cross_timing-today_ma_input_field-raw_rsi_exit-cross_rsi_smoothing-wilder_same_bar_reentry-allowed_warmup-ready_check: exit=1 fills=None (10.8s)
[4070/4086] BANK2_OM-A_per_ticker__T_cross_timing-today_ma_input_field-raw_rsi_exit-level_rsi_smoothing-simple_same_bar_reentry-allowed_warmup-strict: ok fills=336 (40.9s)
[4071/4086] BANK2_OM-A_per_ticker__T_cross_timing-today_ma_input_field-raw_rsi_exit-level_rsi_smoothing-simple_same_bar_reentry-allowed_warmup-ready_check: ok fills=322 (41.3s)
[4072/4086] BANK2_OM-A_per_ticker__T_cross_timing-today_ma_input_field-raw_rsi_exit-level_rsi_smoothing-simple_same_bar_reentry-wait_bar_warmup-strict: ok fills=322 (46.2s)
[4073/4086] BANK2_OM-A_per_ticker__T_cross_timing-today_ma_input_field-raw_rsi_exit-level_rsi_smoothing-simple_same_bar_reentry-wait_bar_warmup-ready_check: ok fills=312 (44.9s)
[4074/4086] BANK2_OM-A_per_ticker__T_cross_timing-today_ma_input_field-raw_rsi_exit-level_rsi_smoothing-simple_same_bar_reentry-wait_bar_warmup-ready_per_rule: ok fills=320 (44.2s)
[4075/4086] BANK2_OM-A_per_ticker__T_cross_timing-today_ma_input_field-raw_rsi_exit-cross_rsi_smoothing-wilder_same_bar_reentry-allowed_warmup-strict: ok fills=262 (44.7s)
[4076/4086] BANK2_OM-A_per_ticker__T_cross_timing-today_ma_input_field-raw_rsi_exit-cross_rsi_smoothing-wilder_same_bar_reentry-wait_bar_warmup-strict: ok fills=262 (41.7s)
[4077/4086] BANK2_OM-A_per_ticker__T_cross_timing-today_ma_input_field-raw_rsi_exit-cross_rsi_smoothing-wilder_same_bar_reentry-wait_bar_warmup-ready_check: ok fills=258 (40.9s)
[4078/4086] BANK2_OM-A_per_ticker__T_cross_timing-today_ma_input_field-raw_rsi_exit-cross_rsi_smoothing-wilder_same_bar_reentry-allowed_warmup-ready_per_rule: ok fills=262 (42.0s)
[4079/4086] BANK2_OM-A_per_ticker__T_cross_timing-today_ma_input_field-raw_rsi_exit-cross_rsi_smoothing-wilder_same_bar_reentry-wait_bar_warmup-ready_per_rule: ok fills=262 (40.3s)
[4080/4086] BANK2_OM-A_per_ticker__T_cross_timing-today_ma_input_field-raw_rsi_exit-cross_rsi_smoothing-simple_same_bar_reentry-allowed_warmup-strict: ok fills=288 (39.2s)
[4081/4086] BANK2_OM-A_per_ticker__T_cross_timing-today_ma_input_field-raw_rsi_exit-cross_rsi_smoothing-simple_same_bar_reentry-wait_bar_warmup-ready_check: exit=1 fills=None (8.0s)
[4082/4086] BANK2_OM-A_per_ticker__T_cross_timing-today_ma_input_field-raw_rsi_exit-cross_rsi_smoothing-simple_same_bar_reentry-allowed_warmup-ready_check: ok fills=280 (39.4s)
[4083/4086] BANK2_OM-A_per_ticker__T_cross_timing-today_ma_input_field-raw_rsi_exit-cross_rsi_smoothing-simple_same_bar_reentry-wait_bar_warmup-strict: ok fills=288 (34.7s)
[4084/4086] BANK2_OM-A_per_ticker__T_cross_timing-today_ma_input_field-raw_rsi_exit-cross_rsi_smoothing-simple_same_bar_reentry-allowed_warmup-ready_per_rule: ok fills=286 (37.0s)
[4085/4086] BANK2_OM-A_per_ticker__OAT_a_exec-set_holdings: ok fills=270 (29.4s)
[4086/4086] BANK2_OM-A_per_ticker__T_cross_timing-today_ma_input_field-raw_rsi_exit-cross_rsi_smoothing-simple_same_bar_reentry-wait_bar_warmup-ready_per_rule: ok fills=286 (30.0s)
BUILD DONE
