undefined#undefined: no-program
undefined#undefined: no-program
undefined#undefined: no-program
undefined#undefined: no-program
undefined#undefined: no-program
undefined#undefined: no-program
undefined#undefined: no-program
undefined#undefined: no-program
undefined#undefined: no-program
undefined#undefined: no-program
undefined#undefined: no-program
undefined#undefined: no-program
undefined#undefined: no-program
undefined#undefined: no-program
undefined#undefined: no-program
undefined#undefined: no-program
undefined#undefined: no-program
undefined#undefined: no-program
undefined#undefined: no-program
undefined#undefined: no-program
undefined#undefined: no-program
undefined#undefined: no-program
undefined#undefined: no-program
undefined#undefined: no-program
undefined#undefined: no-program
undefined#undefined: no-program
undefined#undefined: no-program
undefined#undefined: no-program
undefined#undefined: no-program
undefined#undefined: no-program
undefined#undefined: no-program
undefined#undefined: no-program
undefined#undefined: no-program
undefined#undefined: no-program
undefined#undefined: no-program
undefined#undefined: no-program
undefined#undefined: no-program
undefined#undefined: no-program
undefined#undefined: no-program
undefined#undefined: no-program
undefined#undefined: no-program
cloud_auditrefs.jsonl: foreign schema - left to cloud-collect-special.js
BL-00#2: no-program
BL-00#0: no-program
BL-00#1: no-program
BL-00#4: no-program
BL-00#5: no-program
BL-00#3: no-program
BL-00#6: no-program
BL-00#7: no-program
BL-00#8: no-program
BL-00#9: no-program
BL-00#11: no-program
BL-00#10: no-program
BL-00#14: no-program
BL-00#12: no-program
BL-00#15: no-program
BL-00#13: no-program
BL-00#16: no-program
BL-00#17: no-program
BL-00#18: no-program
BL-00#20: no-program
BL-00#21: no-program
BL-00#19: no-program
BL-00#22: no-program
BL-00#23: no-program
BL-00#25: no-program
BL-00#24: no-program
BL-00#26: no-program
BL-00#28: no-program
BL-00#29: no-program
BL-00#27: no-program
BL-01a#33: no-program
BL-01a#34: no-program
BL-01a#31: no-program
BL-01a#30: no-program
BL-01a#32: no-program
BL-01a#36: no-program
BL-01a#35: no-program
BL-01a#37: no-program
BL-01a#38: no-program
BL-01a#41: no-program
BL-01a#40: no-program
BL-01a#43: no-program
BL-01a#39: no-program
BL-01a#44: no-program
BL-01a#45: no-program
BL-01a#42: no-program
BL-01a#49: no-program
BL-01a#51: no-program
BL-01a#47: no-program
BL-01a#48: no-program
BL-01a#53: no-program
BL-01a#50: no-program
BL-01a#46: no-program
BL-01a#52: no-program
BL-01a#66: no-program
BL-01a#65: no-program
BL-01a#62: no-program
BL-01a#63: no-program
BL-01a#69: no-program
BL-01a#64: no-program
BL-01a#68: no-program
BL-01a#67: no-program
BL-01a#71: no-program
BL-01a#72: no-program
BL-01a#70: no-program
BL-01a#73: no-program
BL-01a#77: no-program
BL-01a#76: no-program
BL-01a#75: no-program
BL-01a#74: no-program
BL-01a#81: no-program
BL-01a#78: no-program
BL-01a#79: no-program
BL-01a#80: no-program
BL-01a#82: no-program
BL-01a#85: no-program
BL-01a#84: no-program
BL-01a#83: no-program
BL-01a#91: no-program
BL-01a#88: no-program
BL-01a#94: no-program
BL-01a#96: no-program
BL-01a#97: no-program
BL-01a#98: no-program
BL-01a#99: no-program
BL-01a#55: no-program
BL-01a#54: no-program
BL-01a#59: no-program
BL-01a#58: no-program
BL-01a#60: no-program
BL-01a#61: no-program
BL-01a#57: no-program
BL-01a#56: no-program
BL-01a#86: no-program
BL-01a#93: no-program
BL-01a#92: no-program
BL-01a#89: no-program
BL-01a#90: no-program
BL-01a#87: no-program
BL-01a#95: no-program
BL-01b#40: no-program
BL-01b#41: no-program
BL-01b#42: no-program
BL-01b#43: no-program
BL-01b#45: no-program
BL-01b#44: no-program
BL-01b#52: no-program
BL-01b#53: no-program
BL-01b#54: no-program
BL-01b#56: no-program
BL-01b#55: no-program
BL-01b#57: no-program
BL-01b#58: no-program
BL-01b#59: no-program
BL-01b#60: no-program
BL-01b#63: no-program
BL-01b#61: no-program
BL-01b#62: no-program
BL-01b#66: no-program
BL-01b#65: no-program
BL-01b#67: no-program
BL-01b#64: no-program
BL-01b#68: no-program
BL-01b#69: no-program
BL-01b#70: no-program
BL-01b#71: no-program
BL-01b#76: no-program
BL-01b#78: no-program
BL-01b#79: no-program
BL-01b#77: no-program
BL-01b#80: no-program
BL-01b#81: no-program
BL-01b#83: no-program
BL-01b#82: no-program
BL-01b#85: no-program
BL-01b#84: no-program
BL-01b#87: no-program
BL-01b#86: no-program
BL-01b#88: no-program
BL-01b#89: no-program
BL-01b#90: no-program
BL-01b#92: no-program
BL-01b#93: no-program
BL-01b#91: no-program
BL-01b#94: no-program
BL-01b#95: no-program
BL-01b#96: no-program
BL-01b#97: no-program
BL-01b#100: no-program
BL-01b#101: no-program
BL-01b#102: no-program
BL-01b#103: no-program
BL-01b#104: no-program
BL-01b#105: no-program
BL-01b#111: no-program
BL-01b#107: no-program
BL-01b#109: no-program
BL-01b#108: no-program
BL-01b#110: no-program
BL-01b#106: no-program
BL-01b#113: no-program
BL-01b#112: no-program
BL-01b#114: no-program
BL-01b#116: no-program
BL-01b#115: no-program
BL-01b#117: no-program
BL-01b#118: no-program
BL-01b#119: no-program
BL-01b#121: no-program
BL-01b#120: no-program
BL-01b#122: no-program
BL-01b#123: no-program
BL-01b#133: no-program
BL-01b#134: no-program
BL-01b#135: no-program
BL-01b#136: no-program
BL-01b#137: no-program
BL-01b#141: no-program
BL-01b#138: no-program
BL-01b#139: no-program
BL-01b#140: no-program
BL-01b#142: no-program
BL-01b#143: no-program
BL-01b#144: no-program
BL-01b#146: no-program
BL-01b#147: no-program
BL-01b#145: no-program
BL-01b#46: no-program
BL-01b#48: no-program
BL-01b#47: no-program
BL-01b#51: no-program
BL-01b#49: no-program
BL-01b#50: no-program
BL-01b#75: no-program
BL-01b#99: no-program
BL-01b#73: no-program
BL-01b#72: no-program
BL-01b#98: no-program
BL-01b#74: no-program
BL-01b#125: no-program
BL-01b#124: no-program
BL-01b#127: no-program
BL-01b#129: no-program
BL-01b#126: no-program
BL-01b#128: no-program
BL-01b#130: no-program
BL-01b#132: no-program
BL-01b#149: no-program
BL-01b#131: no-program
BL-01b#148: no-program
BL-01b#150: no-program
BL-01b#152: no-program
BL-01b#151: no-program
BL-01b#153: no-program
BL-01b#155: no-program
BL-01b#154: no-program
BL-01b#157: no-program
BL-01b#156: no-program
BL-01b#158: no-program
BL-01b#159: no-program
BL-01b#162: no-program
BL-01b#160: no-program
BL-01b#161: no-program
BL-01b#164: no-program
BL-01b#163: no-program
BL-01b#165: no-program
BL-01b#174: no-program
BL-01b#177: no-program
BL-01b#175: no-program
BL-01b#176: no-program
BL-01b#178: no-program
BL-01b#179: no-program
BL-01b#180: no-program
BL-01b#181: no-program
BL-01b#182: no-program
BL-01b#183: no-program
BL-01b#185: no-program
BL-01b#184: no-program
BL-01b#195: no-program
BL-01b#196: no-program
BL-01b#197: no-program
BL-01b#198: no-program
BL-01b#200: no-program
BL-01b#203: no-program
BL-01b#199: no-program
BL-01b#202: no-program
BL-01b#204: no-program
BL-01b#205: no-program
BL-01b#201: no-program
BL-01b#208: no-program
BL-01b#230: no-program
BL-01b#232: no-program
BL-01b#234: no-program
BL-01b#231: no-program
BL-01b#233: no-program
BL-01b#236: no-program
BL-01b#237: no-program
BL-01b#235: no-program
BL-01b#238: no-program
BL-01b#240: no-program
BL-01b#239: no-program
BL-01b#242: no-program
BL-01b#245: no-program
BL-01b#244: no-program
BL-01b#241: no-program
BL-01b#243: no-program
BL-01b#246: no-program
BL-01b#247: no-program
BL-01b#249: no-program
BL-01b#248: no-program
BL-01b#166: no-program
BL-01b#189: no-program
BL-01b#187: no-program
BL-01b#188: no-program
BL-01b#186: no-program
BL-01b#192: no-program
BL-01b#191: no-program
BL-01b#190: no-program
BL-01b#193: no-program
BL-01b#194: no-program
BL-01b#211: no-program
BL-01b#212: no-program
BL-01b#213: no-program
BL-01b#207: no-program
BL-01b#209: no-program
BL-01b#210: no-program
BL-01b#206: no-program
BL-01b#217: no-program
BL-01b#215: no-program
BL-01b#214: no-program
BL-01b#216: no-program
BL-01b#218: no-program
BL-01b#220: no-program
BL-01b#221: no-program
BL-01b#219: no-program
BL-01b#223: no-program
BL-01b#222: no-program
BL-01b#225: no-program
BL-01b#227: no-program
BL-01b#224: no-program
BL-01b#167: no-program
BL-01b#168: no-program
BL-01b#169: no-program
BL-01b#172: no-program
BL-01b#171: no-program
BL-01b#226: no-program
BL-01b#170: no-program
BL-01b#173: no-program
BL-01b#228: no-program
BL-01b#229: no-program
BL-01b#0: no-program
BL-01b#1: no-program
BL-01b#4: no-program
BL-01b#3: no-program
BL-01b#2: no-program
BL-01b#5: no-program
BL-01b#7: no-program
BL-01b#6: no-program
BL-01b#9: no-program
BL-01b#11: no-program
BL-01b#10: no-program
BL-01b#8: no-program
BL-01b#12: no-program
BL-01b#14: no-program
BL-01b#13: no-program
BL-01b#15: no-program
BL-01b#16: no-program
BL-01b#17: no-program
BL-01b#18: no-program
BL-01b#19: no-program
BL-01b#24: no-program
BL-01b#25: no-program
BL-01b#26: no-program
BL-01b#29: no-program
BL-01b#28: no-program
BL-01b#27: no-program
BL-01b#21: no-program
BL-01b#20: no-program
BL-01b#23: no-program
BL-01b#22: no-program
BL-01b#31: no-program
BL-01b#32: no-program
BL-01b#30: no-program
BL-01b#33: no-program
BL-01b#42: no-program
BL-01b#43: no-program
BL-01b#45: no-program
BL-01b#44: no-program
BL-01b#46: no-program
BL-01b#48: no-program
BL-01b#47: no-program
BL-01b#49: no-program
BL-01b#50: no-program
BL-01b#51: no-program
BL-01b#53: no-program
BL-01b#52: no-program
BL-01b#54: no-program
BL-01b#65: no-program
BL-01b#64: no-program
BL-01b#67: no-program
BL-01b#66: no-program
BL-01b#68: no-program
BL-01b#69: no-program
BL-01b#70: no-program
BL-01b#72: no-program
BL-01b#71: no-program
BL-01b#73: no-program
BL-01b#75: no-program
BL-01b#76: no-program
BL-01b#74: no-program
BL-01b#79: no-program
BL-01b#39: no-program
BL-01b#40: no-program
BL-01b#41: no-program
BL-01b#55: no-program
BL-01b#57: no-program
BL-01b#56: no-program
BL-01b#58: no-program
BL-01b#60: no-program
BL-01b#59: no-program
BL-01b#61: no-program
BL-01b#62: no-program
BL-01b#63: no-program
BL-01b#77: no-program
BL-01b#78: no-program
BL-01b#35: no-program
BL-01b#34: no-program
BL-01b#36: no-program
BL-01b#37: no-program
BL-01b#38: no-program
BL-01b#0: no-program
BL-01b#2: no-program
BL-01b#1: no-program
BL-01b#6: no-program
BL-01b#7: no-program
BL-01b#8: no-program
BL-01b#9: no-program
BL-01b#10: no-program
BL-01b#11: no-program
BL-01b#12: no-program
BL-01b#13: no-program
BL-01b#15: no-program
BL-01b#14: no-program
BL-01b#16: no-program
BL-01b#17: no-program
BL-01b#18: no-program
BL-01b#20: no-program
BL-01b#21: no-program
BL-01b#19: no-program
BL-01b#22: no-program
BL-01b#23: no-program
BL-01b#3: no-program
BL-01b#24: no-program
BL-01b#4: no-program
BL-01b#5: no-program
BL-01b#25: no-program
BL-01b#26: no-program
BL-01b#27: no-program
BL-01b#28: no-program
BL-01b#29: no-program
BL-01b#22: no-program
BL-01b#20: no-program
BL-01b#21: no-program
BL-01b#23: no-program
BL-01b#28: no-program
BL-01b#25: no-program
BL-01b#26: no-program
BL-01b#24: no-program
BL-01b#27: no-program
BL-01b#29: no-program
BL-01c#1: no-program
BL-01c#6: no-program
BL-01c#13: no-program
BL-01c#19: no-program
BL-01c#9: no-program
BL-01c#12: no-program
BL-01c#16: no-program
BL-01c#14: no-program
BL-01c#4: no-program
BL-01c#17: no-program
BL-01c#5: no-program
BL-01c#15: no-program
BL-01c#2: no-program
BL-01c#11: no-program
BL-01c#8: no-program
BL-01c#18: no-program
BL-01c#10: no-program
BL-01c#0: no-program
BL-01c#3: no-program
BL-01c#7: no-program
BL-01c#23: no-program
BL-01c#25: no-program
BL-01c#22: no-program
BL-01c#20: no-program
BL-01c#29: no-program
BL-01c#31: no-program
BL-01c#34: no-program
BL-01c#30: no-program
BL-01c#21: no-program
BL-01c#26: no-program
BL-01c#32: no-program
BL-01c#24: no-program
BL-01c#27: no-program
BL-01c#38: no-program
BL-01c#28: no-program
BL-01c#35: no-program
BL-01c#33: no-program
BL-01c#36: no-program
BL-01c#39: no-program
BL-01c#37: no-program
BL-01c#40: no-program
BL-01c#41: no-program
BL-01c#43: no-program
BL-01c#45: no-program
BL-01c#44: no-program
BL-01c#42: no-program
BL-01c#46: no-program
BL-01c#47: no-program
BL-01c#48: no-program
BL-01c#50: no-program
BL-01c#49: no-program
BL-01c#51: no-program
BL-01c#53: no-program
BL-01c#52: no-program
BL-01c#54: no-program
BL-01c#57: no-program
BL-01c#55: no-program
BL-01c#56: no-program
BL-01c#58: no-program
BL-01c#60: no-program
BL-01c#61: no-program
BL-01c#59: no-program
BL-01c#62: no-program
BL-01c#63: no-program
BL-01c#65: no-program
BL-01c#67: no-program
BL-01c#68: no-program
BL-01c#66: no-program
BL-01c#64: no-program
BL-01c#69: no-program
BL-01c#71: no-program
BL-01c#70: no-program
BL-01c#72: no-program
BL-01c#73: no-program
BL-01c#75: no-program
BL-01c#74: no-program
BL-01c#76: no-program
BL-01c#77: no-program
BL-01c#78: no-program
BL-01c#79: no-program
BL-01c#80: no-program
BL-01c#81: no-program
BL-01c#84: no-program
BL-01c#82: no-program
BL-01c#83: no-program
BL-01c#86: no-program
BL-01c#87: no-program
BL-01c#85: no-program
BL-01c#96: no-program
BL-01c#95: no-program
BL-01c#97: no-program
BL-01c#98: no-program
BL-01c#99: no-program
BL-01c#100: no-program
BL-01c#101: no-program
BL-01c#103: no-program
BL-01c#102: no-program
BL-01c#104: no-program
BL-01c#105: no-program
BL-01c#106: no-program
BL-01c#109: no-program
BL-01c#108: no-program
BL-01c#107: no-program
BL-01c#110: no-program
BL-01c#111: no-program
BL-01c#112: no-program
BL-01c#113: no-program
BL-01c#114: no-program
BL-01c#116: no-program
BL-01c#117: no-program
BL-01c#115: no-program
BL-01c#118: no-program
BL-01c#119: no-program
BL-01c#88: no-program
BL-01c#90: no-program
BL-01c#93: no-program
BL-01c#92: no-program
BL-01c#91: no-program
BL-01c#89: no-program
BL-01c#94: no-program
BL-01c#121: no-program
BL-01c#123: no-program
BL-01c#120: no-program
BL-01c#125: no-program
BL-01c#122: no-program
BL-01c#124: no-program
BL-01c#126: no-program
BL-01c#127: no-program
BL-01c#128: no-program
BL-01c#132: no-program
BL-01c#133: no-program
BL-01c#129: no-program
BL-01c#134: no-program
BL-01c#130: no-program
BL-01c#131: no-program
BL-01c#135: no-program
BL-01c#136: no-program
BL-01c#138: no-program
BL-01c#139: no-program
BL-01c#137: no-program
BL-01c#140: no-program
BL-01c#141: no-program
BL-01c#142: no-program
BL-01c#143: no-program
BL-01c#144: no-program
BL-01c#146: no-program
BL-01c#150: no-program
BL-01c#147: no-program
BL-01c#145: no-program
BL-01c#148: no-program
BL-01c#149: no-program
BL-01c#151: no-program
BL-01c#153: no-program
BL-01c#152: no-program
BL-01c#154: no-program
BL-01c#155: no-program
BL-01c#156: no-program
BL-01c#157: no-program
BL-01c#159: no-program
BL-01c#158: no-program
BL-01c#161: no-program
BL-01c#160: no-program
BL-01c#165: no-program
BL-01c#162: no-program
BL-01c#163: no-program
BL-01c#164: no-program
BL-01c#166: no-program
BL-01c#167: no-program
BL-01c#169: no-program
BL-01c#170: no-program
BL-01c#168: no-program
BL-01c#173: no-program
BL-01c#171: no-program
BL-01c#174: no-program
BL-01c#175: no-program
BL-01c#172: no-program
BL-01c#179: no-program
BL-01c#177: no-program
BL-01c#178: no-program
BL-01c#180: no-program
BL-01c#176: no-program
BL-01c#183: no-program
BL-01c#182: no-program
BL-01c#181: no-program
BL-01c#188: no-program
BL-01c#185: no-program
BL-01c#187: no-program
BL-01c#191: no-program
BL-01c#190: no-program
BL-01c#186: no-program
BL-01c#184: no-program
BL-01c#189: no-program
BL-01c#192: no-program
BL-01c#193: no-program
BL-01c#194: no-program
BL-01c#199: no-program
BL-01c#195: no-program
BL-01c#198: no-program
BL-01c#196: no-program
BL-01c#197: no-program
BL-01c#0: no-program
BL-01c#1: no-program
BL-01c#3: no-program
BL-01c#2: no-program
BL-01c#4: no-program
BL-01c#5: no-program
BL-01c#6: no-program
BL-01c#7: no-program
BL-01c#9: no-program
BL-01c#10: no-program
BL-01c#8: no-program
BL-01c#11: no-program
BL-01c#13: no-program
BL-01c#15: no-program
BL-01c#16: no-program
BL-01c#12: no-program
BL-01c#14: no-program
BL-01c#17: no-program
BL-01c#22: no-program
BL-01c#20: no-program
BL-01c#21: no-program
BL-01c#23: no-program
BL-01c#19: no-program
BL-01c#18: no-program
BL-01c#24: no-program
BL-01c#28: no-program
BL-01c#25: no-program
BL-01c#27: no-program
BL-01c#26: no-program
BL-01c#29: no-program
BL-01c#33: no-program
BL-01c#37: no-program
BL-01c#36: no-program
BL-01c#44: no-program
BL-01c#40: no-program
BL-01c#41: no-program
BL-01c#45: no-program
BL-01c#42: no-program
BL-01c#43: no-program
BL-01c#38: no-program
BL-01c#39: no-program
BL-01c#46: no-program
BL-01c#47: no-program
BL-01c#49: no-program
BL-01c#50: no-program
BL-01c#48: no-program
BL-01c#53: no-program
BL-01c#52: no-program
BL-01c#51: no-program
BL-01c#55: no-program
BL-01c#58: no-program
BL-01c#57: no-program
BL-01c#56: no-program
BL-01c#59: no-program
BL-01c#60: no-program
BL-01c#54: no-program
BL-01c#74: no-program
BL-01c#76: no-program
BL-01c#73: no-program
BL-01c#71: no-program
BL-01c#77: no-program
BL-01c#78: no-program
BL-01c#79: no-program
BL-01c#32: no-program
BL-01c#34: no-program
BL-01c#35: no-program
BL-01c#66: no-program
BL-01c#65: no-program
BL-01c#64: no-program
BL-01c#67: no-program
BL-01c#70: no-program
BL-01c#69: no-program
BL-01c#68: no-program
BL-01c#72: no-program
BL-01c#75: no-program
BL-01c#63: no-program
BL-01c#31: no-program
BL-01c#30: no-program
BL-01c#61: no-program
BL-01c#62: no-program
BL-01c#0: no-program
BL-01c#1: no-program
BL-01c#4: no-program
BL-01c#2: no-program
BL-01c#3: no-program
BL-01c#5: no-program
BL-01c#18: no-program
BL-01c#19: no-program
BL-01c#20: no-program
BL-01c#21: no-program
BL-01c#23: no-program
BL-01c#22: no-program
BL-01c#24: no-program
BL-01c#26: no-program
BL-01c#25: no-program
BL-01c#27: no-program
BL-01c#29: no-program
BL-01c#28: no-program
BL-01c#6: no-program
BL-01c#7: no-program
BL-01c#8: no-program
BL-01c#9: no-program
BL-01c#10: no-program
BL-01c#11: no-program
BL-01c#14: no-program
BL-01c#12: no-program
BL-01c#13: no-program
BL-01c#15: no-program
BL-01c#16: no-program
BL-01c#17: no-program
BL-02b'#0: no-program
BL-02b'#2: no-program
BL-02b'#3: no-program
BL-02b'#4: no-program
BL-02b'#5: no-program
BL-02b'#1: no-program
BL-02b'#10: no-program
BL-02b'#8: no-program
BL-02b'#7: no-program
BL-02b'#6: no-program
BL-02b'#9: no-program
BL-02b'#11: no-program
BL-02b'#14: no-program
BL-02b'#13: no-program
BL-02b'#15: no-program
BL-02b'#17: no-program
BL-02b'#16: no-program
BL-02b'#12: no-program
BL-02b'#18: no-program
BL-02b'#20: no-program
BL-02b'#19: no-program
BL-02b'#21: no-program
BL-02b'#22: no-program
BL-02b'#23: no-program
BL-02b'#27: no-program
BL-02b'#26: no-program
BL-02b'#25: no-program
BL-02b'#24: no-program
BL-02b'#29: no-program
BL-02b'#28: no-program
BL-02b#0: no-program
BL-02b#2: no-program
BL-02b#3: no-program
BL-02b#5: no-program
BL-02b#4: no-program
BL-02b#1: no-program
BL-02b#7: no-program
BL-02b#6: no-program
BL-02b#8: no-program
BL-02b#9: no-program
BL-02b#10: no-program
BL-02b#11: no-program
BL-02b#13: no-program
BL-02b#12: no-program
BL-02b#16: no-program
BL-02b#15: no-program
BL-02b#14: no-program
BL-02b#17: no-program
BL-02b#19: no-program
BL-02b#18: no-program
BL-02b#20: no-program
BL-02b#22: no-program
BL-02b#21: no-program
BL-02b#23: no-program
BL-02b#25: no-program
BL-02b#24: no-program
BL-02b#26: no-program
BL-02b#27: no-program
BL-02b#28: no-program
BL-02b#29: no-program
BL-02c#0: no-program
BL-02c#1: no-program
BL-02c#3: no-program
BL-02c#2: no-program
BL-02c#4: no-program
BL-02c#5: no-program
BL-02c#6: no-program
BL-02c#7: no-program
BL-02c#8: no-program
BL-02c#9: no-program
BL-02c#11: no-program
BL-02c#10: no-program
BL-02c#12: no-program
BL-02c#13: no-program
BL-02c#15: no-program
BL-02c#14: no-program
BL-02c#16: no-program
BL-02c#17: no-program
BL-02c#18: no-program
BL-02c#19: no-program
BL-02c#22: no-program
BL-02c#20: no-program
BL-02c#21: no-program
BL-02c#23: no-program
BL-02c#24: no-program
BL-02c#27: no-program
BL-02c#25: no-program
BL-02c#26: no-program
BL-02c#28: no-program
BL-02c#29: no-program
BL-03#0: no-program
BL-03#3: no-program
BL-03#6: no-program
BL-03#22: no-program
BL-03#25: no-program
BL-03#20: no-program
BL-03#27: no-program
BL-03#24: no-program
BL-03#26: no-program
BL-03#23: no-program
BL-03#21: no-program
BL-03#28: no-program
BL-03#29: no-program
BL-03#1: no-program
BL-03#2: no-program
BL-03#5: no-program
BL-03#7: no-program
BL-03#4: no-program
BL-03#8: no-program
BL-03#11: no-program
BL-03#9: no-program
BL-03#10: no-program
BL-03#13: no-program
BL-03#14: no-program
BL-03#12: no-program
BL-03#15: no-program
BL-03#18: no-program
BL-03#16: no-program
BL-03#17: no-program
BL-03#19: no-program
BL-03#30: no-program
BL-03#32: no-program
BL-03#33: no-program
BL-03#31: no-program
BL-03#34: no-program
BL-03#35: no-program
BL-03#36: no-program
BL-03#37: no-program
BL-03#39: no-program
BL-03#38: no-program
BL-03#40: no-program
BL-03#41: no-program
BL-03#42: no-program
BL-03#44: no-program
BL-03#54: no-program
BL-03#58: no-program
BL-03#57: no-program
BL-03#55: no-program
BL-03#56: no-program
BL-03#59: no-program
BL-03#43: no-program
BL-03#45: no-program
BL-03#46: no-program
BL-03#47: no-program
BL-03#48: no-program
BL-03#49: no-program
BL-03#50: no-program
BL-03#51: no-program
BL-03#53: no-program
BL-03#52: no-program
BL-03#0: no-program
BL-03#1: no-program
BL-03#2: no-program
BL-03#3: no-program
BL-03#5: no-program
BL-03#4: no-program
BL-03#6: no-program
BL-03#7: no-program
BL-03#9: no-program
BL-03#8: no-program
BL-03#10: no-program
BL-03#11: no-program
BL-03#12: no-program
BL-03#13: no-program
BL-03#14: no-program
BL-03#15: no-program
BL-03#16: no-program
BL-03#17: no-program
BL-03#18: no-program
BL-03#19: no-program
BL-03#20: no-program
BL-03#25: no-program
BL-03#24: no-program
BL-03#26: no-program
BL-03#27: no-program
BL-03#28: no-program
BL-03#29: no-program
BL-03#21: no-program
BL-03#22: no-program
BL-03#23: no-program
BL-03#30: no-program
BL-03#32: no-program
BL-03#31: no-program
BL-03#33: no-program
BL-03#36: no-program
BL-03#34: no-program
BL-03#37: no-program
BL-03#35: no-program
BL-03#39: no-program
BL-03#42: no-program
BL-03#40: no-program
BL-03#41: no-program
BL-03#38: no-program
BL-03#44: no-program
BL-03#45: no-program
BL-03#43: no-program
BL-03#46: no-program
BL-03#48: no-program
BL-03#52: no-program
BL-03#49: no-program
BL-03#47: no-program
BL-03#50: no-program
BL-03#51: no-program
BL-03#53: no-program
BL-03#55: no-program
BL-03#56: no-program
BL-03#54: no-program
BL-03#57: no-program
BL-03#58: no-program
BL-03#59: no-program
BL-04#1: no-program
BL-04#0: no-program
BL-04#3: no-program
BL-04#2: no-program
BL-04#5: no-program
BL-04#4: no-program
BL-04#8: no-program
BL-04#10: no-program
BL-04#7: no-program
BL-04#9: no-program
BL-04#6: no-program
BL-04#11: no-program
BL-04#12: no-program
BL-04#13: no-program
BL-04#15: no-program
BL-04#16: no-program
BL-04#17: no-program
BL-04#18: no-program
BL-04#14: no-program
BL-04#19: no-program
BL-04#20: no-program
BL-04#21: no-program
BL-04#22: no-program
BL-04#23: no-program
BL-04#24: no-program
BL-04#25: no-program
BL-04#26: no-program
BL-04#27: no-program
BL-04#28: no-program
BL-04#29: no-program
BL-04#30: no-program
BL-04#31: no-program
BL-04#32: no-program
BL-04#33: no-program
BL-04#34: no-program
BL-04#35: no-program
BL-04#36: no-program
BL-04#37: no-program
BL-04#38: no-program
BL-04#39: no-program
BL-04#40: no-program
BL-04#41: no-program
BL-04#42: no-program
BL-04#43: no-program
BL-04#44: no-program
BL-04#45: no-program
BL-04#46: no-program
BL-04#47: no-program
BL-05#16: no-program
BL-05#11: no-program
BL-05#14: no-program
BL-05#7: no-program
BL-05#4: no-program
BL-05#17: no-program
BL-05#9: no-program
BL-05#0: no-program
BL-05#18: no-program
BL-05#13: no-program
BL-05#19: no-program
BL-05#12: no-program
BL-05#1: no-program
BL-05#2: no-program
BL-05#10: no-program
BL-05#3: no-program
BL-05#8: no-program
BL-05#15: no-program
BL-05#5: no-program
BL-05#6: no-program
BL-05#23: no-program
BL-05#25: no-program
BL-05#24: no-program
BL-05#26: no-program
BL-05#21: no-program
BL-05#20: no-program
BL-05#28: no-program
BL-05#27: no-program
BL-05#22: no-program
BL-05#29: no-program
BL-05#33: no-program
BL-05#31: no-program
BL-05#30: no-program
BL-05#32: no-program
BL-05#35: no-program
BL-05#34: no-program
BL-05#44: no-program
BL-05#43: no-program
BL-05#45: no-program
BL-05#46: no-program
BL-05#47: no-program
BL-05#48: no-program
BL-05#50: no-program
BL-05#52: no-program
BL-05#49: no-program
BL-05#51: no-program
BL-05#53: no-program
BL-05#38: no-program
BL-05#37: no-program
BL-05#36: no-program
BL-05#41: no-program
BL-05#40: no-program
BL-05#39: no-program
BL-05#42: no-program
BL-05#54: no-program
BL-05#55: no-program
BL-05#56: no-program
BL-05#58: no-program
BL-05#57: no-program
BL-05#59: no-program
BL-05#0: no-program
BL-05#1: no-program
BL-05#3: no-program
BL-05#5: no-program
BL-05#4: no-program
BL-05#2: no-program
BL-05#9: no-program
BL-05#10: no-program
BL-05#11: no-program
BL-05#12: no-program
BL-05#13: no-program
BL-05#14: no-program
BL-05#15: no-program
BL-05#16: no-program
BL-05#17: no-program
BL-05#18: no-program
BL-05#19: no-program
BL-05#20: no-program
BL-05#21: no-program
BL-05#23: no-program
BL-05#22: no-program
BL-05#24: no-program
BL-05#25: no-program
BL-05#26: no-program
BL-05#28: no-program
BL-05#29: no-program
BL-05#7: no-program
BL-05#6: no-program
BL-05#8: no-program
BL-05#27: no-program
BL-05#31: no-program
BL-05#34: no-program
BL-05#35: no-program
BL-05#30: no-program
BL-05#36: no-program
BL-05#37: no-program
BL-05#33: no-program
BL-05#32: no-program
BL-05#38: no-program
BL-05#39: no-program
BL-05#40: no-program
BL-05#41: no-program
BL-05#42: no-program
BL-05#43: no-program
BL-05#44: no-program
BL-05#45: no-program
BL-05#49: no-program
BL-05#46: no-program
BL-05#47: no-program
BL-05#51: no-program
BL-05#52: no-program
BL-05#53: no-program
BL-05#55: no-program
BL-05#56: no-program
BL-05#57: no-program
BL-05#54: no-program
BL-05#58: no-program
BL-05#59: no-program
BL-05#48: no-program
BL-05#50: no-program
BL-07#0: no-program
BL-07#1: no-program
BL-07#4: no-program
BL-07#5: no-program
BL-07#6: no-program
BL-07#7: no-program
BL-07#8: no-program
BL-07#9: no-program
BL-07#2: no-program
BL-07#10: no-program
BL-07#3: no-program
BL-07#11: no-program
BL-07#12: no-program
BL-07#13: no-program
BL-07#14: no-program
BL-07#15: no-program
BL-07#16: no-program
BL-07#17: no-program
BL-07#18: no-program
BL-07#19: no-program
BL-07#20: no-program
BL-07#21: no-program
BL-07#22: no-program
BL-07#23: no-program
BL-07#24: no-program
BL-07#25: no-program
BL-07#26: no-program
BL-07#27: no-program
BL-07#28: no-program
BL-07#29: no-program
BL-07#30: no-program
BL-07#31: no-program
BL-07#32: no-program
BL-07#33: no-program
BL-07#34: no-program
BL-07#35: no-program
BL-07#36: no-program
BL-07#37: no-program
BL-07#38: no-program
BL-07#39: no-program
BL-07#40: no-program
BL-07#41: no-program
BL-07#42: no-program
BL-07#43: no-program
BL-07#44: no-program
BL-07#45: no-program
BL-07#46: no-program
BL-07#47: no-program
BL-07#48: no-program
BL-08#0: no-program
BL-08#2: no-program
BL-08#1: no-program
BL-08#3: no-program
BL-08#4: no-program
BL-08#5: no-program
BL-08#10: no-program
BL-08#8: no-program
BL-08#9: no-program
BL-08#11: no-program
BL-08#7: no-program
BL-08#6: no-program
BL-08#15: no-program
BL-08#13: no-program
BL-08#16: no-program
BL-08#14: no-program
BL-08#12: no-program
BL-08#17: no-program
BL-08#21: no-program
BL-08#23: no-program
BL-08#18: no-program
BL-08#19: no-program
BL-08#20: no-program
BL-08#22: no-program
BL-08#25: no-program
BL-08#26: no-program
BL-08#28: no-program
BL-08#27: no-program
BL-08#24: no-program
BL-08#29: no-program
BL-08#30: no-program
BL-08#31: no-program
BL-08#32: no-program
BL-08#33: no-program
BL-08#34: no-program
BL-08#35: no-program
BL-08#40: no-program
BL-08#41: no-program
BL-08#38: no-program
BL-08#37: no-program
BL-08#39: no-program
BL-08#36: no-program
BL-08#45: no-program
BL-08#43: no-program
BL-08#51: no-program
BL-08#50: no-program
BL-08#53: no-program
BL-08#52: no-program
BL-08#56: no-program
BL-08#55: no-program
BL-08#57: no-program
BL-08#54: no-program
BL-08#58: no-program
BL-08#59: no-program
BL-08#42: no-program
BL-08#44: no-program
BL-08#46: no-program
BL-08#49: no-program
BL-08#48: no-program
BL-08#47: no-program
BL-08#0: no-program
BL-08#2: no-program
BL-08#3: no-program
BL-08#4: no-program
BL-08#1: no-program
BL-08#5: no-program
BL-08#6: no-program
BL-08#8: no-program
BL-08#7: no-program
BL-08#9: no-program
BL-08#16: no-program
BL-08#17: no-program
BL-08#18: no-program
BL-08#21: no-program
BL-08#20: no-program
BL-08#19: no-program
BL-08#22: no-program
BL-08#23: no-program
BL-08#25: no-program
BL-08#24: no-program
BL-08#27: no-program
BL-08#26: no-program
BL-08#29: no-program
BL-08#28: no-program
BL-08#13: no-program
BL-08#12: no-program
BL-08#11: no-program
BL-08#10: no-program
BL-08#14: no-program
BL-08#15: no-program
cloud_dose_E1.jsonl: foreign schema - left to cloud-collect-special.js
cloud_efamily.jsonl: foreign schema - left to cloud-collect-special.js
ER-01c#5: no-program
ER-01c#3: no-program
ER-01c#4: no-program
ER-01c#0: no-program
ER-01c#1: no-program
ER-01c#2: no-program
ER-01c#6: no-program
ER-01c#7: no-program
ER-01c#8: no-program
ER-01c#9: no-program
ER-01c#10: no-program
ER-01c#11: no-program
ER-01c#12: no-program
ER-01c#13: no-program
ER-01c#14: no-program
ER-01c#15: no-program
ER-01c#16: no-program
ER-01c#17: no-program
ER-01c#18: no-program
ER-01c#19: no-program
ER-01c#20: no-program
ER-01c#21: no-program
ER-01c#22: no-program
ER-01c#23: no-program
ER-01c#28: no-program
ER-01c#24: no-program
ER-01c#29: no-program
ER-01c#25: no-program
ER-01c#26: no-program
ER-01c#27: no-program
ER-01c#30: no-program
ER-01c#31: no-program
ER-01#3: no-program
ER-01#2: no-program
ER-01#1: no-program
ER-01#5: no-program
ER-01#4: no-program
ER-01#0: no-program
ER-01#7: no-program
ER-01#9: no-program
ER-01#10: no-program
ER-01#8: no-program
ER-01#11: no-program
ER-01#6: no-program
ER-01#12: no-program
ER-01#17: no-program
ER-01#13: no-program
ER-01#14: no-program
ER-01#16: no-program
ER-01#15: no-program
ER-01#19: no-program
ER-01#18: no-program
ER-01#20: no-program
ER-01#21: no-program
ER-01#22: no-program
ER-01#23: no-program
ER-01#24: no-program
ER-01#26: no-program
ER-01#25: no-program
ER-01#28: no-program
ER-01#27: no-program
ER-01#29: no-program
ER-01#30: no-program
ER-01#33: no-program
ER-01#34: no-program
ER-01#35: no-program
ER-01#37: no-program
ER-01#38: no-program
ER-01#36: no-program
ER-01#39: no-program
ER-01#41: no-program
ER-01#40: no-program
ER-01#42: no-program
ER-01#43: no-program
ER-01#44: no-program
ER-01#45: no-program
ER-01#46: no-program
ER-01#47: no-program
ER-01#50: no-program
ER-01#48: no-program
ER-01#49: no-program
ER-01#51: no-program
ER-01#52: no-program
ER-01#53: no-program
ER-01#54: no-program
ER-01#55: no-program
ER-01#56: no-program
ER-01#57: no-program
ER-01#59: no-program
ER-01#58: no-program
ER-01#32: no-program
ER-01#31: no-program
ER-01#1: no-program
ER-01#0: no-program
ER-01#5: no-program
ER-01#2: no-program
ER-01#4: no-program
ER-01#3: no-program
ER-01#6: no-program
ER-01#8: no-program
ER-01#11: no-program
ER-01#10: no-program
ER-01#7: no-program
ER-01#9: no-program
ER-01#12: no-program
ER-01#13: no-program
ER-01#14: no-program
ER-01#15: no-program
ER-01#16: no-program
ER-01#17: no-program
ER-01#19: no-program
ER-01#21: no-program
ER-01#18: no-program
ER-01#22: no-program
ER-01#23: no-program
ER-01#20: no-program
ER-01#26: no-program
ER-01#25: no-program
ER-01#27: no-program
ER-01#29: no-program
ER-01#28: no-program
ER-01#24: no-program
OM-B#2: no-program
OM-B#0: no-program
OM-B#4: no-program
OM-B#3: no-program
OM-B#1: no-program
OM-B#5: no-program
OM-B#6: no-program
OM-B#7: no-program
OM-B#8: no-program
OM-B#9: no-program
OM-B#10: no-program
OM-B#11: no-program
OM-B#12: no-program
OM-B#13: no-program
OM-B#14: no-program
OM-B#15: no-program
OM-B#16: no-program
OM-B#17: no-program
OM-B#18: no-program
OM-B#19: no-program
OM-B#20: no-program
OM-B#21: no-program
OM-B#22: no-program
OM-B#23: no-program
OM-B#24: no-program
OM-B#25: no-program
OM-B#26: no-program
OM-B#27: no-program
OM-B#28: no-program
OM-B#29: no-program
OM-B#30: no-program
OM-B#31: no-program
OM-B#32: no-program
OM-B#33: no-program
OM-B#34: no-program
OM-B#35: no-program
OM-B#36: no-program
OM-B#37: no-program
OM-B#38: no-program
OM-B#39: no-program
OM-B#40: no-program
OM-B#41: no-program
OM-B#42: no-program
OM-B#43: no-program
OM-B#44: no-program
OM-B#45: no-program
OM-B#46: no-program
OM-B#47: no-program
OM-B#48: no-program
OM-B#49: no-program
OM-B#50: no-program
OM-B#51: no-program
OM-B#52: no-program
OM-B#53: no-program
OM-B#54: no-program
OM-B#55: no-program
OM-B#56: no-program
OM-B#57: no-program
OM-B#58: no-program
OM-C#0: no-program
OM-C#3: no-program
OM-C#1: no-program
OM-C#2: no-program
OM-C#5: no-program
OM-C#4: no-program
OM-C#8: no-program
OM-C#7: no-program
OM-C#9: no-program
OM-C#6: no-program
OM-C#11: no-program
OM-C#10: no-program
OM-C#13: no-program
OM-C#12: no-program
OM-C#14: no-program
OM-C#15: no-program
OM-C#17: no-program
OM-C#16: no-program
OM-C#18: no-program
OM-C#19: no-program
OM-C#20: no-program
OM-C#21: no-program
OM-C#22: no-program
OM-C#23: no-program
OM-C#24: no-program
OM-C#25: no-program
OM-C#26: no-program
OM-C#27: no-program
OM-C#28: no-program
OM-C#29: no-program
OM-C#30: no-program
OM-C#31: no-program
OM-C#32: no-program
OM-C#33: no-program
OM-C#34: no-program
OM-C#35: no-program
OM-C#36: no-program
OM-C#37: no-program
OM-C#38: no-program
OM-C#39: no-program
OM-C#40: no-program
OM-C#41: no-program
OM-C#42: no-program
OM-C#43: no-program
OM-C#44: no-program
T1v0#2: no-program
T1v0#14: no-program
T1v0#0: no-program
T1v0#13: no-program
T1v0#15: no-program
T1v0#18: no-program
T1v0#11: no-program
T1v0#7: no-program
T1v0#20: no-program
T1v0#22: no-program
T1v0#24: no-program
T1v0#27: no-program
T1v0#23: no-program
T1v0#21: no-program
T1v0#26: no-program
T1v0#25: no-program
T1v0#29: no-program
T1v0#28: no-program
T1v0#3: no-program
T1v0#4: no-program
T1v0#1: no-program
T1v0#6: no-program
T1v0#8: no-program
T1v0#5: no-program
T1v0#10: no-program
T1v0#16: no-program
T1v0#19: no-program
T1v0#12: no-program
T1v0#9: no-program
T1v0#17: no-program
T1v0#30: no-program
T1v0#33: no-program
T1v0#34: no-program
T1v0#32: no-program
T1v0#31: no-program
T1v0#35: no-program
T1v0#37: no-program
T1v0#36: no-program
T1v0#38: no-program
T1v0#49: no-program
T1v0#46: no-program
T1v0#47: no-program
T1v0#53: no-program
T1v0#48: no-program
T1v0#51: no-program
T1v0#50: no-program
T1v0#52: no-program
T1v0#55: no-program
T1v0#57: no-program
T1v0#56: no-program
T1v0#54: no-program
T1v0#59: no-program
T1v0#58: no-program
T1v0#60: no-program
T1v0#61: no-program
T1v0#64: no-program
T1v0#63: no-program
T1v0#62: no-program
T1v0#65: no-program
T1v0#67: no-program
T1v0#68: no-program
T1v0#66: no-program
T1v0#69: no-program
T1v0#86: no-program
T1v0#88: no-program
T1v0#89: no-program
T1v0#87: no-program
T1v0#91: no-program
T1v0#90: no-program
T1v0#92: no-program
T1v0#93: no-program
T1v0#95: no-program
T1v0#98: no-program
T1v0#97: no-program
T1v0#96: no-program
T1v0#94: no-program
T1v0#99: no-program
T1v0#40: no-program
T1v0#39: no-program
T1v0#42: no-program
T1v0#41: no-program
T1v0#43: no-program
T1v0#45: no-program
T1v0#70: no-program
T1v0#44: no-program
T1v0#72: no-program
T1v0#73: no-program
T1v0#74: no-program
T1v0#71: no-program
T1v0#75: no-program
T1v0#76: no-program
T1v0#77: no-program
T1v0#78: no-program
T1v0#85: no-program
T1v0#82: no-program
T1v0#79: no-program
T1v0#84: no-program
T1v0#81: no-program
T1v0#83: no-program
T1v0#80: no-program
COLLECTION PASS DONE
=== cloud_dose_E1.jsonl: 271 rows, 0 already collected
  25 harvested | 0 unreachable | 0 running
  50 harvested | 0 unreachable | 0 running
  75 harvested | 0 unreachable | 0 running
  100 harvested | 0 unreachable | 0 running
  125 harvested | 0 unreachable | 0 running
  150 harvested | 0 unreachable | 0 running
  175 harvested | 0 unreachable | 0 running
  200 harvested | 0 unreachable | 0 running
  225 harvested | 0 unreachable | 0 running
=== cloud_efamily.jsonl: 240 rows, 0 already collected
  250 harvested | 0 unreachable | 0 running
  275 harvested | 0 unreachable | 0 running
  300 harvested | 0 unreachable | 0 running
  325 harvested | 0 unreachable | 0 running
  350 harvested | 0 unreachable | 0 running
  375 harvested | 0 unreachable | 0 running
  400 harvested | 0 unreachable | 0 running
  425 harvested | 0 unreachable | 0 running
=== cloud_auditrefs.jsonl: 60 rows, 0 already collected
  450 harvested | 0 unreachable | 0 running
  475 harvested | 0 unreachable | 0 running
SPECIAL COLLECT: 489 harvested, 0 unreachable (stay queued), 0 still running
cloud_auditrefs.jsonl: foreign schema - left to cloud-collect-special.js
BL-00#2: program
BL-00#0: program
BL-00#1: program
BL-00#4: program
BL-00#5: program
BL-00#3: program
BL-00#6: program
BL-00#7: program
BL-00#8: no-program
BL-00#9: program
BL-00#11: program
BL-00#10: program
BL-00#14: program
BL-00#12: program
BL-00#15: program
BL-00#13: program
BL-00#16: program
BL-00#17: program
BL-00#18: program
BL-00#20: program
BL-00#21: program
BL-00#19: program
BL-00#22: program
BL-00#23: program
BL-00#25: program
BL-00#24: program
BL-00#26: program
BL-00#28: program
BL-00#29: program
BL-00#27: program
BL-01a#33: program
BL-01a#34: program
BL-01a#31: program
BL-01a#30: program
BL-01a#32: program
BL-01a#36: program
BL-01a#35: program
BL-01a#37: program
BL-01a#38: program
BL-01a#41: program
BL-01a#40: program
BL-01a#43: program
BL-01a#39: program
BL-01a#44: program
BL-01a#45: program
BL-01a#42: program
BL-01a#49: program
BL-01a#51: program
BL-01a#47: program
BL-01a#48: program
BL-01a#53: program
BL-01a#50: program
BL-01a#46: program
BL-01a#52: program
BL-01a#66: program
BL-01a#65: program
BL-01a#62: program
BL-01a#63: program
BL-01a#69: program
BL-01a#64: program
BL-01a#68: program
BL-01a#67: program
BL-01a#71: program
BL-01a#72: program
BL-01a#70: program
BL-01a#73: program
BL-01a#77: program
BL-01a#76: program
BL-01a#75: program
BL-01a#74: program
BL-01a#81: program
BL-01a#78: program
BL-01a#79: no-program
BL-01a#80: program
BL-01a#82: program
BL-01a#85: program
BL-01a#84: no-program
BL-01a#83: program
BL-01a#91: program
BL-01a#88: program
BL-01a#94: program
BL-01a#96: program
BL-01a#97: program
BL-01a#98: no-program
BL-01a#99: UNREACHABLE (Error: http error: get_task_details failed: GET https://chat) - stays queued
BL-01a#55: UNREACHABLE (Error: http error: get_task_details failed: GET https://chat) - stays queued
BL-01a#54: UNREACHABLE (Error: http error: get_task_details failed: GET https://chat) - stays queued
BL-01a#59: UNREACHABLE (Error: http error: get_task_details failed: GET https://chat) - stays queued
BL-01a#58: program
BL-01a#60: program
BL-01a#61: no-program
BL-01a#57: UNREACHABLE (Error: http error: get_task_details failed: GET https://chat) - stays queued
BL-01a#56: UNREACHABLE (Error: http error: get_task_details failed: GET https://chat) - stays queued
BL-01a#86: UNREACHABLE (Error: http error: get_task_details failed: GET https://chat) - stays queued
BL-01a#93: UNREACHABLE (Error: http error: get_task_details failed: GET https://chat) - stays queued
BL-01a#92: UNREACHABLE (Error: http error: get_task_details failed: GET https://chat) - stays queued
BL-01a#89: UNREACHABLE (Error: http error: get_task_details failed: GET https://chat) - stays queued
BL-01a#90: UNREACHABLE (Error: http error: get_task_details failed: GET https://chat) - stays queued
BL-01a#87: UNREACHABLE (Error: http error: get_task_details failed: GET https://chat) - stays queued
BL-01a#95: UNREACHABLE (Error: http error: get_task_details failed: GET https://chat) - stays queued
BL-01b#40: no-program
BL-01b#41: UNREACHABLE (Error: http error: get_task_details failed: GET https://chat) - stays queued
BL-01b#42: UNREACHABLE (Error: http error: get_task_details failed: GET https://chat) - stays queued
BL-01b#43: UNREACHABLE (Error: http error: get_task_details failed: GET https://chat) - stays queued
BL-01b#45: UNREACHABLE (Error: http error: get_task_details failed: GET https://chat) - stays queued
BL-01b#44: UNREACHABLE (Error: http error: get_task_details failed: GET https://chat) - stays queued
BL-01b#52: UNREACHABLE (Error: http error: get_task_details failed: GET https://chat) - stays queued
BL-01b#53: UNREACHABLE (Error: http error: get_task_details failed: GET https://chat) - stays queued
BL-01b#54: UNREACHABLE (Error: http error: get_task_details failed: GET https://chat) - stays queued
BL-01b#56: UNREACHABLE (Error: http error: get_task_details failed: GET https://chat) - stays queued
BL-01b#55: UNREACHABLE (Error: http error: get_task_details failed: GET https://chat) - stays queued
BL-01b#57: UNREACHABLE (Error: http error: get_task_details failed: GET https://chat) - stays queued
BL-01b#58: program
BL-01b#59: program
BL-01b#60: program
BL-01b#63: program
BL-01b#61: program
BL-01b#62: program
BL-01b#66: UNREACHABLE (Error: http error: get_task_details failed: GET https://chat) - stays queued
BL-01b#65: UNREACHABLE (Error: http error: get_task_details failed: GET https://chat) - stays queued
BL-01b#67: UNREACHABLE (Error: http error: get_task_details failed: GET https://chat) - stays queued
BL-01b#64: UNREACHABLE (Error: http error: get_task_details failed: GET https://chat) - stays queued
BL-01b#68: UNREACHABLE (Error: http error: get_task_details failed: GET https://chat) - stays queued
BL-01b#69: program
BL-01b#70: program
BL-01b#71: UNREACHABLE (Error: http error: get_task_details failed: GET https://chat) - stays queued
BL-01b#76: UNREACHABLE (Error: http error: get_task_details failed: GET https://chat) - stays queued
BL-01b#78: UNREACHABLE (Error: http error: get_task_details failed: GET https://chat) - stays queued
BL-01b#79: UNREACHABLE (Error: http error: get_task_details failed: GET https://chat) - stays queued
BL-01b#77: UNREACHABLE (Error: http error: get_task_details failed: GET https://chat) - stays queued
BL-01b#80: UNREACHABLE (Error: http error: get_task_details failed: GET https://chat) - stays queued
BL-01b#81: UNREACHABLE (Error: http error: get_task_details failed: GET https://chat) - stays queued
BL-01b#83: UNREACHABLE (Error: http error: get_task_details failed: GET https://chat) - stays queued
BL-01b#82: UNREACHABLE (Error: http error: get_task_details failed: GET https://chat) - stays queued
BL-01b#85: UNREACHABLE (Error: http error: get_task_details failed: GET https://chat) - stays queued
BL-01b#84: UNREACHABLE (Error: http error: get_task_details failed: GET https://chat) - stays queued
BL-01b#87: UNREACHABLE (Error: http error: get_task_details failed: GET https://chat) - stays queued
BL-01b#86: UNREACHABLE (Error: http error: get_task_details failed: GET https://chat) - stays queued
BL-01b#88: UNREACHABLE (Error: http error: get_task_details failed: GET https://chat) - stays queued
BL-01b#89: UNREACHABLE (Error: http error: get_task_details failed: GET https://chat) - stays queued
BL-01b#90: UNREACHABLE (Error: http error: get_task_details failed: GET https://chat) - stays queued
BL-01b#92: UNREACHABLE (Error: http error: get_task_details failed: GET https://chat) - stays queued
BL-01b#93: program
BL-01b#91: program
BL-01b#94: no-program
BL-01b#95: UNREACHABLE (Error: http error: get_task_details failed: GET https://chat) - stays queued
BL-01b#96: UNREACHABLE (Error: http error: get_task_details failed: GET https://chat) - stays queued
BL-01b#97: UNREACHABLE (Error: http error: get_task_details failed: GET https://chat) - stays queued
BL-01b#100: UNREACHABLE (Error: http error: get_task_details failed: GET https://chat) - stays queued
BL-01b#101: UNREACHABLE (Error: http error: get_task_details failed: GET https://chat) - stays queued
BL-01b#102: UNREACHABLE (Error: http error: get_task_details failed: GET https://chat) - stays queued
BL-01b#103: UNREACHABLE (Error: http error: get_task_details failed: GET https://chat) - stays queued
BL-01b#104: UNREACHABLE (Error: http error: get_task_details failed: GET https://chat) - stays queued
BL-01b#105: UNREACHABLE (Error: http error: get_task_details failed: GET https://chat) - stays queued
BL-01b#111: UNREACHABLE (Error: http error: get_task_details failed: GET https://chat) - stays queued
BL-01b#107: program
BL-01b#109: program
BL-01b#108: no-program
BL-01b#110: UNREACHABLE (Error: http error: get_task_details failed: GET https://chat) - stays queued
BL-01b#106: UNREACHABLE (Error: http error: get_task_details failed: GET https://chat) - stays queued
BL-01b#113: UNREACHABLE (Error: http error: get_task_details failed: GET https://chat) - stays queued
BL-01b#112: UNREACHABLE (Error: http error: get_task_details failed: GET https://chat) - stays queued
BL-01b#114: UNREACHABLE (Error: http error: get_task_details failed: GET https://chat) - stays queued
BL-01b#116: UNREACHABLE (Error: http error: get_task_details failed: GET https://chat) - stays queued
BL-01b#115: UNREACHABLE (Error: http error: get_task_details failed: GET https://chat) - stays queued
BL-01b#117: UNREACHABLE (Error: http error: get_task_details failed: GET https://chat) - stays queued
BL-01b#118: UNREACHABLE (Error: http error: get_task_details failed: GET https://chat) - stays queued
BL-01b#119: UNREACHABLE (Error: http error: get_task_details failed: GET https://chat) - stays queued
BL-01b#121: UNREACHABLE (Error: http error: get_task_details failed: GET https://chat) - stays queued
BL-01b#120: UNREACHABLE (Error: http error: get_task_details failed: GET https://chat) - stays queued
BL-01b#122: UNREACHABLE (Error: http error: get_task_details failed: GET https://chat) - stays queued
BL-01b#123: UNREACHABLE (Error: http error: get_task_details failed: GET https://chat) - stays queued
BL-01b#133: UNREACHABLE (Error: http error: get_task_details failed: GET https://chat) - stays queued
BL-01b#134: program
BL-01b#135: program
BL-01b#136: program
BL-01b#137: program
BL-01b#141: program
BL-01b#138: program
BL-01b#139: no-program
BL-01b#140: UNREACHABLE (Error: http error: get_task_details failed: GET https://chat) - stays queued
BL-01b#142: program
BL-01b#143: program
BL-01b#144: no-program
BL-01b#146: UNREACHABLE (Error: http error: get_task_details failed: GET https://chat) - stays queued
BL-01b#147: UNREACHABLE (Error: http error: get_task_details failed: GET https://chat) - stays queued
BL-01b#145: UNREACHABLE (Error: http error: get_task_details failed: GET https://chat) - stays queued
BL-01b#46: UNREACHABLE (Error: http error: get_task_details failed: GET https://chat) - stays queued
BL-01b#48: UNREACHABLE (Error: http error: get_task_details failed: GET https://chat) - stays queued
BL-01b#47: UNREACHABLE (Error: http error: get_task_details failed: GET https://chat) - stays queued
BL-01b#51: UNREACHABLE (Error: http error: get_task_details failed: GET https://chat) - stays queued
BL-01b#49: UNREACHABLE (Error: http error: get_task_details failed: GET https://chat) - stays queued
BL-01b#50: UNREACHABLE (Error: http error: get_task_details failed: GET https://chat) - stays queued
BL-01b#75: UNREACHABLE (Error: http error: get_task_details failed: GET https://chat) - stays queued
BL-01b#99: program
BL-01b#73: program
BL-01b#72: program
BL-01b#98: no-program
BL-01b#74: UNREACHABLE (Error: http error: get_task_details failed: GET https://chat) - stays queued
BL-01b#125: UNREACHABLE (Error: http error: get_task_details failed: GET https://chat) - stays queued
BL-01b#124: UNREACHABLE (Error: http error: get_task_details failed: GET https://chat) - stays queued
BL-01b#127: UNREACHABLE (Error: http error: get_task_details failed: GET https://chat) - stays queued
BL-01b#129: UNREACHABLE (Error: http error: get_task_details failed: GET https://chat) - stays queued
BL-01b#126: UNREACHABLE (Error: http error: get_task_details failed: GET https://chat) - stays queued
BL-01b#128: UNREACHABLE (Error: http error: get_task_details failed: GET https://chat) - stays queued
BL-01b#130: UNREACHABLE (Error: http error: get_task_details failed: GET https://chat) - stays queued
BL-01b#132: UNREACHABLE (Error: http error: get_task_details failed: GET https://chat) - stays queued
BL-01b#149: UNREACHABLE (Error: http error: get_task_details failed: GET https://chat) - stays queued
BL-01b#131: UNREACHABLE (Error: http error: get_task_details failed: GET https://chat) - stays queued
BL-01b#148: UNREACHABLE (Error: http error: get_task_details failed: GET https://chat) - stays queued
BL-01b#150: UNREACHABLE (Error: http error: get_task_details failed: GET https://chat) - stays queued
BL-01b#152: UNREACHABLE (Error: http error: get_task_details failed: GET https://chat) - stays queued
BL-01b#151: UNREACHABLE (Error: http error: get_task_details failed: GET https://chat) - stays queued
BL-01b#153: UNREACHABLE (Error: http error: get_task_details failed: GET https://chat) - stays queued
BL-01b#155: program
BL-01b#154: program
BL-01b#157: no-program
BL-01b#156: UNREACHABLE (Error: http error: get_task_details failed: GET https://chat) - stays queued
BL-01b#158: UNREACHABLE (Error: http error: get_task_details failed: GET https://chat) - stays queued
BL-01b#159: UNREACHABLE (Error: http error: get_task_details failed: GET https://chat) - stays queued
BL-01b#162: UNREACHABLE (Error: http error: get_task_details failed: GET https://chat) - stays queued
BL-01b#160: UNREACHABLE (Error: http error: get_task_details failed: GET https://chat) - stays queued
BL-01b#161: UNREACHABLE (Error: http error: get_task_details failed: GET https://chat) - stays queued
BL-01b#164: UNREACHABLE (Error: http error: get_task_details failed: GET https://chat) - stays queued
BL-01b#163: UNREACHABLE (Error: http error: get_task_details failed: GET https://chat) - stays queued
BL-01b#165: UNREACHABLE (Error: http error: get_task_details failed: GET https://chat) - stays queued
BL-01b#174: UNREACHABLE (Error: http error: get_task_details failed: GET https://chat) - stays queued
BL-01b#177: UNREACHABLE (Error: http error: get_task_details failed: GET https://chat) - stays queued
BL-01b#175: UNREACHABLE (Error: http error: get_task_details failed: GET https://chat) - stays queued
BL-01b#176: UNREACHABLE (Error: http error: get_task_details failed: GET https://chat) - stays queued
BL-01b#178: UNREACHABLE (Error: http error: get_task_details failed: GET https://chat) - stays queued
BL-01b#179: UNREACHABLE (Error: http error: get_task_details failed: GET https://chat) - stays queued
BL-01b#180: UNREACHABLE (Error: http error: get_task_details failed: GET https://chat) - stays queued
BL-01b#181: UNREACHABLE (Error: http error: get_task_details failed: GET https://chat) - stays queued
BL-01b#182: UNREACHABLE (Error: http error: get_task_details failed: GET https://chat) - stays queued
BL-01b#183: UNREACHABLE (Error: http error: get_task_details failed: GET https://chat) - stays queued
BL-01b#185: UNREACHABLE (Error: http error: get_task_details failed: GET https://chat) - stays queued
BL-01b#184: UNREACHABLE (Error: http error: get_task_details failed: GET https://chat) - stays queued
BL-01b#195: UNREACHABLE (Error: http error: get_task_details failed: GET https://chat) - stays queued
BL-01b#196: program
BL-01b#197: program
BL-01b#198: no-program
BL-01b#200: program
BL-01b#203: program
BL-01b#199: program
BL-01b#202: no-program
BL-01b#204: UNREACHABLE (Error: http error: get_task_details failed: GET https://chat) - stays queued
BL-01b#205: UNREACHABLE (Error: http error: get_task_details failed: GET https://chat) - stays queued
BL-01b#201: UNREACHABLE (Error: http error: get_task_details failed: GET https://chat) - stays queued
BL-01b#208: UNREACHABLE (Error: http error: get_task_details failed: GET https://chat) - stays queued
BL-01b#230: UNREACHABLE (Error: http error: get_task_details failed: GET https://chat) - stays queued
BL-01b#232: UNREACHABLE (Error: http error: get_task_details failed: GET https://chat) - stays queued
BL-01b#234: UNREACHABLE (Error: http error: get_task_details failed: GET https://chat) - stays queued
BL-01b#231: UNREACHABLE (Error: http error: get_task_details failed: GET https://chat) - stays queued
BL-01b#233: UNREACHABLE (Error: http error: get_task_details failed: GET https://chat) - stays queued
BL-01b#236: program
BL-01b#237: program
BL-01b#235: program
BL-01b#238: program
BL-01b#240: UNREACHABLE (Error: http error: get_task_details failed: GET https://chat) - stays queued
BL-01b#239: UNREACHABLE (Error: http error: get_task_details failed: GET https://chat) - stays queued
BL-01b#242: UNREACHABLE (Error: http error: get_task_details failed: GET https://chat) - stays queued
BL-01b#245: UNREACHABLE (Error: http error: get_task_details failed: GET https://chat) - stays queued
BL-01b#244: UNREACHABLE (Error: http error: get_task_details failed: GET https://chat) - stays queued
BL-01b#241: UNREACHABLE (Error: http error: get_task_details failed: GET https://chat) - stays queued
BL-01b#243: UNREACHABLE (Error: http error: get_task_details failed: GET https://chat) - stays queued
BL-01b#246: UNREACHABLE (Error: http error: get_task_details failed: GET https://chat) - stays queued
BL-01b#247: UNREACHABLE (Error: http error: get_task_details failed: GET https://chat) - stays queued
BL-01b#249: UNREACHABLE (Error: http error: get_task_details failed: GET https://chat) - stays queued
BL-01b#248: UNREACHABLE (Error: http error: get_task_details failed: GET https://chat) - stays queued
BL-01b#166: program
BL-01b#189: program
BL-01b#187: no-program
BL-01b#188: UNREACHABLE (Error: http error: get_task_details failed: GET https://chat) - stays queued
BL-01b#186: UNREACHABLE (Error: http error: get_task_details failed: GET https://chat) - stays queued
BL-01b#192: UNREACHABLE (Error: http error: get_task_details failed: GET https://chat) - stays queued
BL-01b#191: UNREACHABLE (Error: http error: get_task_details failed: GET https://chat) - stays queued
BL-01b#190: UNREACHABLE (Error: http error: get_task_details failed: GET https://chat) - stays queued
BL-01b#193: UNREACHABLE (Error: http error: get_task_details failed: GET https://chat) - stays queued
BL-01b#194: UNREACHABLE (Error: http error: get_task_details failed: GET https://chat) - stays queued
BL-01b#211: UNREACHABLE (Error: http error: get_task_details failed: GET https://chat) - stays queued
BL-01b#212: UNREACHABLE (Error: http error: get_task_details failed: GET https://chat) - stays queued
BL-01b#213: UNREACHABLE (Error: http error: get_task_details failed: GET https://chat) - stays queued
BL-01b#207: UNREACHABLE (Error: http error: get_task_details failed: GET https://chat) - stays queued
BL-01b#209: UNREACHABLE (Error: http error: get_task_details failed: GET https://chat) - stays queued
BL-01b#210: UNREACHABLE (Error: http error: get_task_details failed: GET https://chat) - stays queued
BL-01b#206: UNREACHABLE (Error: http error: get_task_details failed: GET https://chat) - stays queued
BL-01b#217: program
BL-01b#215: program
BL-01b#214: program
BL-01b#216: program
BL-01b#218: program
BL-01b#220: program
BL-01b#221: UNREACHABLE (Error: http error: get_task_details failed: GET https://chat) - stays queued
BL-01b#219: UNREACHABLE (Error: http error: get_task_details failed: GET https://chat) - stays queued
BL-01b#223: UNREACHABLE (Error: http error: get_task_details failed: GET https://chat) - stays queued
BL-01b#222: program
BL-01b#225: program
BL-01b#227: no-program
BL-01b#224: UNREACHABLE (Error: http error: get_task_details failed: GET https://chat) - stays queued
BL-01b#167: UNREACHABLE (Error: http error: get_task_details failed: GET https://chat) - stays queued
BL-01b#168: UNREACHABLE (Error: http error: get_task_details failed: GET https://chat) - stays queued
BL-01b#169: UNREACHABLE (Error: http error: get_task_details failed: GET https://chat) - stays queued
BL-01b#172: UNREACHABLE (Error: http error: get_task_details failed: GET https://chat) - stays queued
BL-01b#171: UNREACHABLE (Error: http error: get_task_details failed: GET https://chat) - stays queued
BL-01b#226: UNREACHABLE (Error: http error: get_task_details failed: GET https://chat) - stays queued
BL-01b#170: UNREACHABLE (Error: http error: get_task_details failed: GET https://chat) - stays queued
BL-01b#173: UNREACHABLE (Error: http error: get_task_details failed: GET https://chat) - stays queued
BL-01b#228: program
BL-01b#229: program
BL-01b#0: program
BL-01b#1: UNREACHABLE (Error: http error: get_task_details failed: GET https://chat) - stays queued
BL-01b#4: UNREACHABLE (Error: http error: get_task_details failed: GET https://chat) - stays queued
BL-01b#3: UNREACHABLE (Error: http error: get_task_details failed: GET https://chat) - stays queued
BL-01b#2: UNREACHABLE (Error: http error: get_task_details failed: GET https://chat) - stays queued
BL-01b#5: UNREACHABLE (Error: http error: get_task_details failed: GET https://chat) - stays queued
BL-01b#7: UNREACHABLE (Error: http error: get_task_details failed: GET https://chat) - stays queued
BL-01b#6: UNREACHABLE (Error: http error: get_task_details failed: GET https://chat) - stays queued
BL-01b#9: UNREACHABLE (Error: http error: get_task_details failed: GET https://chat) - stays queued
BL-01b#11: UNREACHABLE (Error: http error: get_task_details failed: GET https://chat) - stays queued
BL-01b#10: UNREACHABLE (Error: http error: get_task_details failed: GET https://chat) - stays queued
BL-01b#8: program
BL-01b#12: program
BL-01b#14: no-program
BL-01b#13: UNREACHABLE (Error: http error: get_task_details failed: GET https://chat) - stays queued
BL-01b#15: UNREACHABLE (Error: http error: get_task_details failed: GET https://chat) - stays queued
BL-01b#16: UNREACHABLE (Error: http error: get_task_details failed: GET https://chat) - stays queued
BL-01b#17: UNREACHABLE (Error: http error: get_task_details failed: GET https://chat) - stays queued
BL-01b#18: UNREACHABLE (Error: http error: get_task_details failed: GET https://chat) - stays queued
BL-01b#19: UNREACHABLE (Error: http error: get_task_details failed: GET https://chat) - stays queued
BL-01b#24: UNREACHABLE (Error: http error: get_task_details failed: GET https://chat) - stays queued
BL-01b#25: UNREACHABLE (Error: http error: get_task_details failed: GET https://chat) - stays queued
BL-01b#26: UNREACHABLE (Error: http error: get_task_details failed: GET https://chat) - stays queued
BL-01b#29: UNREACHABLE (Error: http error: get_task_details failed: GET https://chat) - stays queued
BL-01b#28: UNREACHABLE (Error: http error: get_task_details failed: GET https://chat) - stays queued
BL-01b#27: UNREACHABLE (Error: http error: get_task_details failed: GET https://chat) - stays queued
BL-01b#21: UNREACHABLE (Error: http error: get_task_details failed: GET https://chat) - stays queued
BL-01b#20: UNREACHABLE (Error: http error: get_task_details failed: GET https://chat) - stays queued
BL-01b#23: program
BL-01b#22: program
BL-01b#31: program
BL-01b#32: program
BL-01b#30: program
BL-01b#33: no-program
BL-01b#42: UNREACHABLE (Error: http error: get_task_details failed: GET https://chat) - stays queued
BL-01b#43: UNREACHABLE (Error: http error: get_task_details failed: GET https://chat) - stays queued
BL-01b#45: UNREACHABLE (Error: http error: get_task_details failed: GET https://chat) - stays queued
BL-01b#44: UNREACHABLE (Error: http error: get_task_details failed: GET https://chat) - stays queued
BL-01b#46: UNREACHABLE (Error: http error: get_task_details failed: GET https://chat) - stays queued
BL-01b#48: UNREACHABLE (Error: http error: get_task_details failed: GET https://chat) - stays queued
BL-01b#47: program
BL-01b#49: program
BL-01b#50: program
BL-01b#51: no-program
BL-01b#53: UNREACHABLE (Error: http error: get_task_details failed: GET https://chat) - stays queued
BL-01b#52: UNREACHABLE (Error: http error: get_task_details failed: GET https://chat) - stays queued
BL-01b#54: UNREACHABLE (Error: http error: get_task_details failed: GET https://chat) - stays queued
BL-01b#65: UNREACHABLE (Error: http error: get_task_details failed: GET https://chat) - stays queued
BL-01b#64: UNREACHABLE (Error: http error: get_task_details failed: GET https://chat) - stays queued
BL-01b#67: UNREACHABLE (Error: http error: get_task_details failed: GET https://chat) - stays queued
BL-01b#66: UNREACHABLE (Error: http error: get_task_details failed: GET https://chat) - stays queued
BL-01b#68: UNREACHABLE (Error: http error: get_task_details failed: GET https://chat) - stays queued
BL-01b#69: UNREACHABLE (Error: http error: get_task_details failed: GET https://chat) - stays queued
BL-01b#70: UNREACHABLE (Error: http error: get_task_details failed: GET https://chat) - stays queued
BL-01b#72: UNREACHABLE (Error: http error: get_task_details failed: GET https://chat) - stays queued
BL-01b#71: UNREACHABLE (Error: http error: get_task_details failed: GET https://chat) - stays queued
BL-01b#73: UNREACHABLE (Error: http error: get_task_details failed: GET https://chat) - stays queued
BL-01b#75: program
BL-01b#76: program
BL-01b#74: program
BL-01b#79: program
BL-01b#39: program
BL-01b#40: program
BL-01b#41: program
BL-01b#55: no-program
BL-01b#57: UNREACHABLE (Error: http error: get_task_details failed: GET https://chat) - stays queued
BL-01b#56: UNREACHABLE (Error: http error: get_task_details failed: GET https://chat) - stays queued
BL-01b#58: program
BL-01b#60: program
BL-01b#59: program
BL-01b#61: no-program
BL-01b#62: UNREACHABLE (Error: http error: get_task_details failed: GET https://chat) - stays queued
BL-01b#63: UNREACHABLE (Error: http error: get_task_details failed: GET https://chat) - stays queued
BL-01b#77: UNREACHABLE (Error: http error: get_task_details failed: GET https://chat) - stays queued
BL-01b#78: UNREACHABLE (Error: http error: get_task_details failed: GET https://chat) - stays queued
BL-01b#35: UNREACHABLE (Error: http error: get_task_details failed: GET https://chat) - stays queued
BL-01b#34: UNREACHABLE (Error: http error: get_task_details failed: GET https://chat) - stays queued
BL-01b#36: UNREACHABLE (Error: http error: get_task_details failed: GET https://chat) - stays queued
BL-01b#37: UNREACHABLE (Error: http error: get_task_details failed: GET https://chat) - stays queued
BL-01b#38: UNREACHABLE (Error: http error: get_task_details failed: GET https://chat) - stays queued
BL-01b#0: UNREACHABLE (Error: http error: get_task_details failed: GET https://chat) - stays queued
BL-01b#2: UNREACHABLE (Error: http error: get_task_details failed: GET https://chat) - stays queued
BL-01b#1: UNREACHABLE (Error: http error: get_task_details failed: GET https://chat) - stays queued
BL-01b#6: program
BL-01b#7: program
BL-01b#8: program
BL-01b#9: program
BL-01b#10: no-program
BL-01b#11: UNREACHABLE (Error: http error: get_task_details failed: GET https://chat) - stays queued
BL-01b#12: UNREACHABLE (Error: http error: get_task_details failed: GET https://chat) - stays queued
BL-01b#13: UNREACHABLE (Error: http error: get_task_details failed: GET https://chat) - stays queued
BL-01b#15: UNREACHABLE (Error: http error: get_task_details failed: GET https://chat) - stays queued
BL-01b#14: UNREACHABLE (Error: http error: get_task_details failed: GET https://chat) - stays queued
BL-01b#16: UNREACHABLE (Error: http error: get_task_details failed: GET https://chat) - stays queued
BL-01b#17: UNREACHABLE (Error: http error: get_task_details failed: GET https://chat) - stays queued
BL-01b#18: UNREACHABLE (Error: http error: get_task_details failed: GET https://chat) - stays queued
BL-01b#20: no-program
BL-01b#21: program
BL-01b#19: program
BL-01b#22: UNREACHABLE (Error: http error: get_task_details failed: GET https://chat) - stays queued
BL-01b#23: UNREACHABLE (Error: http error: get_task_details failed: GET https://chat) - stays queued
BL-01b#3: UNREACHABLE (Error: http error: get_task_details failed: GET https://chat) - stays queued
BL-01b#24: UNREACHABLE (Error: http error: get_task_details failed: GET https://chat) - stays queued
BL-01b#4: UNREACHABLE (Error: http error: get_task_details failed: GET https://chat) - stays queued
BL-01b#5: UNREACHABLE (Error: http error: get_task_details failed: GET https://chat) - stays queued
BL-01b#25: UNREACHABLE (Error: http error: get_task_details failed: GET https://chat) - stays queued
BL-01b#26: UNREACHABLE (Error: http error: get_task_details failed: GET https://chat) - stays queued
BL-01b#27: UNREACHABLE (Error: http error: get_task_details failed: GET https://chat) - stays queued
BL-01b#28: UNREACHABLE (Error: http error: get_task_details failed: GET https://chat) - stays queued
BL-01b#29: UNREACHABLE (Error: http error: get_task_details failed: GET https://chat) - stays queued
BL-01b#22: UNREACHABLE (Error: http error: get_task_details failed: GET https://chat) - stays queued
BL-01b#20: UNREACHABLE (Error: http error: get_task_details failed: GET https://chat) - stays queued
BL-01b#21: UNREACHABLE (Error: http error: get_task_details failed: GET https://chat) - stays queued
BL-01b#23: UNREACHABLE (Error: http error: get_task_details failed: GET https://chat) - stays queued
BL-01b#28: UNREACHABLE (Error: http error: get_task_details failed: GET https://chat) - stays queued
BL-01b#25: UNREACHABLE (Error: http error: get_task_details failed: GET https://chat) - stays queued
BL-01b#26: UNREACHABLE (Error: http error: get_task_details failed: GET https://chat) - stays queued
BL-01b#24: UNREACHABLE (Error: http error: get_task_details failed: GET https://chat) - stays queued
BL-01b#27: UNREACHABLE (Error: http error: get_task_details failed: GET https://chat) - stays queued
BL-01b#29: UNREACHABLE (Error: http error: get_task_details failed: GET https://chat) - stays queued
BL-01c#1: UNREACHABLE (Error: http error: get_task_details failed: GET https://chat) - stays queued
BL-01c#6: UNREACHABLE (Error: http error: get_task_details failed: GET https://chat) - stays queued
BL-01c#13: UNREACHABLE (Error: http error: get_task_details failed: GET https://chat) - stays queued
BL-01c#19: UNREACHABLE (Error: http error: get_task_details failed: GET https://chat) - stays queued
BL-01c#9: UNREACHABLE (Error: http error: get_task_details failed: GET https://chat) - stays queued
BL-01c#12: UNREACHABLE (Error: http error: get_task_details failed: GET https://chat) - stays queued
BL-01c#16: program
BL-01c#14: no-program
BL-01c#4: program
BL-01c#17: program
BL-01c#5: program
BL-01c#15: UNREACHABLE (Error: http error: get_task_details failed: GET https://chat) - stays queued
BL-01c#2: UNREACHABLE (Error: http error: get_task_details failed: GET https://chat) - stays queued
BL-01c#11: UNREACHABLE (Error: http error: get_task_details failed: GET https://chat) - stays queued
BL-01c#8: UNREACHABLE (Error: http error: get_task_details failed: GET https://chat) - stays queued
BL-01c#18: UNREACHABLE (Error: http error: get_task_details failed: GET https://chat) - stays queued
BL-01c#10: UNREACHABLE (Error: http error: get_task_details failed: GET https://chat) - stays queued
BL-01c#0: UNREACHABLE (Error: http error: get_task_details failed: GET https://chat) - stays queued
BL-01c#3: UNREACHABLE (Error: http error: get_task_details failed: GET https://chat) - stays queued
BL-01c#7: UNREACHABLE (Error: http error: get_task_details failed: GET https://chat) - stays queued
BL-01c#23: UNREACHABLE (Error: http error: get_task_details failed: GET https://chat) - stays queued
BL-01c#25: program
BL-01c#22: program
BL-01c#20: no-program
BL-01c#29: UNREACHABLE (Error: http error: get_task_details failed: GET https://chat) - stays queued
BL-01c#31: UNREACHABLE (Error: http error: get_task_details failed: GET https://chat) - stays queued
BL-01c#34: UNREACHABLE (Error: http error: get_task_details failed: GET https://chat) - stays queued
BL-01c#30: UNREACHABLE (Error: http error: get_task_details failed: GET https://chat) - stays queued
BL-01c#21: UNREACHABLE (Error: http error: get_task_details failed: GET https://chat) - stays queued
BL-01c#26: UNREACHABLE (Error: http error: get_task_details failed: GET https://chat) - stays queued
BL-01c#32: UNREACHABLE (Error: http error: get_task_details failed: GET https://chat) - stays queued
BL-01c#24: UNREACHABLE (Error: http error: get_task_details failed: GET https://chat) - stays queued
BL-01c#27: UNREACHABLE (Error: http error: get_task_details failed: GET https://chat) - stays queued
BL-01c#38: UNREACHABLE (Error: http error: get_task_details failed: GET https://chat) - stays queued
BL-01c#28: UNREACHABLE (Error: http error: get_task_details failed: GET https://chat) - stays queued
BL-01c#35: UNREACHABLE (Error: http error: get_task_details failed: GET https://chat) - stays queued
BL-01c#33: UNREACHABLE (Error: http error: get_task_details failed: GET https://chat) - stays queued
BL-01c#36: UNREACHABLE (Error: http error: get_task_details failed: GET https://chat) - stays queued
BL-01c#39: UNREACHABLE (Error: http error: get_task_details failed: GET https://chat) - stays queued
BL-01c#37: UNREACHABLE (Error: http error: get_task_details failed: GET https://chat) - stays queued
BL-01c#40: UNREACHABLE (Error: http error: get_task_details failed: GET https://chat) - stays queued
BL-01c#41: UNREACHABLE (Error: http error: get_task_details failed: GET https://chat) - stays queued
BL-01c#43: UNREACHABLE (Error: http error: get_task_details failed: GET https://chat) - stays queued
BL-01c#45: UNREACHABLE (Error: http error: get_task_details failed: GET https://chat) - stays queued
BL-01c#44: UNREACHABLE (Error: http error: get_task_details failed: GET https://chat) - stays queued
BL-01c#42: UNREACHABLE (Error: http error: get_task_details failed: GET https://chat) - stays queued
BL-01c#46: UNREACHABLE (Error: http error: get_task_details failed: GET https://chat) - stays queued
BL-01c#47: UNREACHABLE (Error: http error: get_task_details failed: GET https://chat) - stays queued
BL-01c#48: UNREACHABLE (Error: http error: get_task_details failed: GET https://chat) - stays queued
BL-01c#50: UNREACHABLE (Error: http error: get_task_details failed: GET https://chat) - stays queued
BL-01c#49: UNREACHABLE (Error: http error: get_task_details failed: GET https://chat) - stays queued
BL-01c#51: UNREACHABLE (Error: http error: get_task_details failed: GET https://chat) - stays queued
BL-01c#53: UNREACHABLE (Error: http error: get_task_details failed: GET https://chat) - stays queued
BL-01c#52: UNREACHABLE (Error: http error: get_task_details failed: GET https://chat) - stays queued
BL-01c#54: program
BL-01c#57: program
BL-01c#55: program
BL-01c#56: program
BL-01c#58: program
BL-01c#60: program
BL-01c#61: no-program
BL-01c#59: UNREACHABLE (Error: http error: get_task_details failed: GET https://chat) - stays queued
BL-01c#62: UNREACHABLE (Error: http error: get_task_details failed: GET https://chat) - stays queued
BL-01c#63: UNREACHABLE (Error: http error: get_task_details failed: GET https://chat) - stays queued
BL-01c#65: UNREACHABLE (Error: http error: get_task_details failed: GET https://chat) - stays queued
BL-01c#67: UNREACHABLE (Error: http error: get_task_details failed: GET https://chat) - stays queued
BL-01c#68: UNREACHABLE (Error: http error: get_task_details failed: GET https://chat) - stays queued
BL-01c#66: UNREACHABLE (Error: http error: get_task_details failed: GET https://chat) - stays queued
BL-01c#64: UNREACHABLE (Error: http error: get_task_details failed: GET https://chat) - stays queued
BL-01c#69: UNREACHABLE (Error: http error: get_task_details failed: GET https://chat) - stays queued
BL-01c#71: UNREACHABLE (Error: http error: get_task_details failed: GET https://chat) - stays queued
BL-01c#70: UNREACHABLE (Error: http error: get_task_details failed: GET https://chat) - stays queued
BL-01c#72: UNREACHABLE (Error: http error: get_task_details failed: GET https://chat) - stays queued
BL-01c#73: UNREACHABLE (Error: http error: get_task_details failed: GET https://chat) - stays queued
BL-01c#75: UNREACHABLE (Error: http error: get_task_details failed: GET https://chat) - stays queued
BL-01c#74: UNREACHABLE (Error: http error: get_task_details failed: GET https://chat) - stays queued
BL-01c#76: UNREACHABLE (Error: http error: get_task_details failed: GET https://chat) - stays queued
BL-01c#77: UNREACHABLE (Error: http error: get_task_details failed: GET https://chat) - stays queued
BL-01c#78: UNREACHABLE (Error: http error: get_task_details failed: GET https://chat) - stays queued
BL-01c#79: UNREACHABLE (Error: http error: get_task_details failed: GET https://chat) - stays queued
BL-01c#80: program
BL-01c#81: program
BL-01c#84: program
BL-01c#82: program
BL-01c#83: no-program
BL-01c#86: UNREACHABLE (Error: http error: get_task_details failed: GET https://chat) - stays queued
BL-01c#87: UNREACHABLE (Error: http error: get_task_details failed: GET https://chat) - stays queued
BL-01c#85: UNREACHABLE (Error: http error: get_task_details failed: GET https://chat) - stays queued
BL-01c#96: UNREACHABLE (Error: http error: get_task_details failed: GET https://chat) - stays queued
BL-01c#95: UNREACHABLE (Error: http error: get_task_details failed: GET https://chat) - stays queued
BL-01c#97: UNREACHABLE (Error: http error: get_task_details failed: GET https://chat) - stays queued
BL-01c#98: UNREACHABLE (Error: http error: get_task_details failed: GET https://chat) - stays queued
BL-01c#99: UNREACHABLE (Error: http error: get_task_details failed: GET https://chat) - stays queued
BL-01c#100: UNREACHABLE (Error: http error: get_task_details failed: GET https://chat) - stays queued
BL-01c#101: UNREACHABLE (Error: http error: get_task_details failed: GET https://chat) - stays queued
BL-01c#103: UNREACHABLE (Error: http error: get_task_details failed: GET https://chat) - stays queued
BL-01c#102: UNREACHABLE (Error: http error: get_task_details failed: GET https://chat) - stays queued
BL-01c#104: UNREACHABLE (Error: http error: get_task_details failed: GET https://chat) - stays queued
BL-01c#105: program
BL-01c#106: program
BL-01c#109: program
BL-01c#108: UNREACHABLE (Error: http error: get_task_details failed: GET https://chat) - stays queued
BL-01c#107: UNREACHABLE (Error: http error: get_task_details failed: GET https://chat) - stays queued
BL-01c#110: UNREACHABLE (Error: http error: get_task_details failed: GET https://chat) - stays queued
BL-01c#111: UNREACHABLE (Error: http error: get_task_details failed: GET https://chat) - stays queued
BL-01c#112: UNREACHABLE (Error: http error: get_task_details failed: GET https://chat) - stays queued
BL-01c#113: UNREACHABLE (Error: http error: get_task_details failed: GET https://chat) - stays queued
BL-01c#114: UNREACHABLE (Error: http error: get_task_details failed: GET https://chat) - stays queued
BL-01c#116: UNREACHABLE (Error: http error: get_task_details failed: GET https://chat) - stays queued
BL-01c#117: UNREACHABLE (Error: http error: get_task_details failed: GET https://chat) - stays queued
BL-01c#115: UNREACHABLE (Error: http error: get_task_details failed: GET https://chat) - stays queued
BL-01c#118: UNREACHABLE (Error: http error: get_task_details failed: GET https://chat) - stays queued
BL-01c#119: UNREACHABLE (Error: http error: get_task_details failed: GET https://chat) - stays queued
BL-01c#88: UNREACHABLE (Error: http error: get_task_details failed: GET https://chat) - stays queued
BL-01c#90: UNREACHABLE (Error: http error: get_task_details failed: GET https://chat) - stays queued
BL-01c#93: UNREACHABLE (Error: http error: get_task_details failed: GET https://chat) - stays queued
BL-01c#92: UNREACHABLE (Error: http error: get_task_details failed: GET https://chat) - stays queued
BL-01c#91: no-program
BL-01c#89: program
BL-01c#94: program
BL-01c#121: program
BL-01c#123: program
BL-01c#120: program
BL-01c#125: program
BL-01c#122: UNREACHABLE (Error: http error: get_task_details failed: GET https://chat) - stays queued
BL-01c#124: UNREACHABLE (Error: http error: get_task_details failed: GET https://chat) - stays queued
BL-01c#126: UNREACHABLE (Error: http error: get_task_details failed: GET https://chat) - stays queued
BL-01c#127: UNREACHABLE (Error: http error: get_task_details failed: GET https://chat) - stays queued
BL-01c#128: UNREACHABLE (Error: http error: get_task_details failed: GET https://chat) - stays queued
BL-01c#132: UNREACHABLE (Error: http error: get_task_details failed: GET https://chat) - stays queued
BL-01c#133: UNREACHABLE (Error: http error: get_task_details failed: GET https://chat) - stays queued
BL-01c#129: UNREACHABLE (Error: http error: get_task_details failed: GET https://chat) - stays queued
BL-01c#134: UNREACHABLE (Error: http error: get_task_details failed: GET https://chat) - stays queued
BL-01c#130: UNREACHABLE (Error: http error: get_task_details failed: GET https://chat) - stays queued
BL-01c#131: UNREACHABLE (Error: http error: get_task_details failed: GET https://chat) - stays queued
BL-01c#135: program
BL-01c#136: program
BL-01c#138: program
BL-01c#139: program
BL-01c#137: program
BL-01c#140: program
BL-01c#141: program
BL-01c#142: program
BL-01c#143: program
BL-01c#144: program
BL-01c#146: program
BL-01c#150: program
BL-01c#147: program
BL-01c#145: program
BL-01c#148: program
BL-01c#149: program
BL-01c#151: program
BL-01c#153: program
BL-01c#152: program
BL-01c#154: program
BL-01c#155: program
BL-01c#156: program
BL-01c#157: program
BL-01c#159: program
BL-01c#158: program
BL-01c#161: program
BL-01c#160: program
BL-01c#165: program
BL-01c#162: program
BL-01c#163: program
BL-01c#164: program
BL-01c#166: program
BL-01c#167: program
BL-01c#169: program
BL-01c#170: program
BL-01c#168: program
BL-01c#173: program
BL-01c#171: program
BL-01c#174: program
BL-01c#175: no-program
BL-01c#172: program
BL-01c#179: program
BL-01c#177: program
BL-01c#178: program
BL-01c#180: program
BL-01c#176: program
BL-01c#183: program
BL-01c#182: program
BL-01c#181: program
BL-01c#188: program
BL-01c#185: program
BL-01c#187: program
BL-01c#191: program
BL-01c#190: program
BL-01c#186: program
BL-01c#184: program
BL-01c#189: program
BL-01c#192: program
BL-01c#193: program
BL-01c#194: program
BL-01c#199: program
BL-01c#195: program
BL-01c#198: program
BL-01c#196: program
BL-01c#197: program
BL-01c#0: program
BL-01c#1: program
BL-01c#3: program
BL-01c#2: program
BL-01c#4: program
BL-01c#5: program
BL-01c#6: program
BL-01c#7: program
BL-01c#9: program
BL-01c#10: program
BL-01c#8: program
BL-01c#11: program
BL-01c#13: program
BL-01c#15: program
BL-01c#16: program
BL-01c#12: no-program
BL-01c#14: program
BL-01c#17: program
BL-01c#22: program
BL-01c#20: program
BL-01c#21: program
BL-01c#23: program
BL-01c#19: program
BL-01c#18: program
BL-01c#24: program
BL-01c#28: program
BL-01c#25: program
BL-01c#27: program
BL-01c#26: program
BL-01c#29: program
BL-01c#33: program
BL-01c#37: program
BL-01c#36: program
BL-01c#44: program
BL-01c#40: program
BL-01c#41: program
BL-01c#45: program
BL-01c#42: program
BL-01c#43: program
BL-01c#38: program
BL-01c#39: program
BL-01c#46: program
BL-01c#47: program
BL-01c#49: program
BL-01c#50: no-program
BL-01c#48: program
BL-01c#53: program
BL-01c#52: program
BL-01c#51: program
BL-01c#55: program
BL-01c#58: program
BL-01c#57: program
BL-01c#56: program
BL-01c#59: program
BL-01c#60: program
BL-01c#54: program
BL-01c#74: program
BL-01c#76: no-program
BL-01c#73: UNREACHABLE (Error: http error: get_task_details failed: GET https://chat) - stays queued
BL-01c#71: program
BL-01c#77: program
BL-01c#78: program
BL-01c#79: program
BL-01c#32: program
BL-01c#34: program
BL-01c#35: program
BL-01c#66: program
BL-01c#65: program
BL-01c#64: program
BL-01c#67: program
BL-01c#70: no-program
BL-01c#69: UNREACHABLE (Error: http error: get_task_details failed: GET https://chat) - stays queued
BL-01c#68: UNREACHABLE (Error: http error: get_task_details failed: GET https://chat) - stays queued
BL-01c#72: program
BL-01c#75: program
BL-01c#63: program
BL-01c#31: program
BL-01c#30: program
BL-01c#61: program
BL-01c#62: program
BL-01c#0: program
BL-01c#1: program
BL-01c#4: program
BL-01c#2: program
BL-01c#3: program
BL-01c#5: no-program
BL-01c#18: UNREACHABLE (Error: http error: get_task_details failed: GET https://chat) - stays queued
BL-01c#19: UNREACHABLE (Error: http error: get_task_details failed: GET https://chat) - stays queued
BL-01c#20: UNREACHABLE (Error: http error: get_task_details failed: GET https://chat) - stays queued
BL-01c#21: program
BL-01c#23: program
BL-01c#22: program
BL-01c#24: program
BL-01c#26: program
BL-01c#25: program
BL-01c#27: program
BL-01c#29: program
BL-01c#28: no-program
BL-01c#6: program
BL-01c#7: program
BL-01c#8: program
BL-01c#9: program
BL-01c#10: program
BL-01c#11: program
BL-01c#14: program
BL-01c#12: program
BL-01c#13: program
BL-01c#15: program
BL-01c#16: program
BL-01c#17: program
BL-02b'#0: program
BL-02b'#2: program
BL-02b'#3: program
BL-02b'#4: program
BL-02b'#5: program
BL-02b'#1: program
BL-02b'#10: program
BL-02b'#8: program
BL-02b'#7: program
BL-02b'#6: no-program
BL-02b'#9: program
BL-02b'#11: program
BL-02b'#14: program
BL-02b'#13: program
BL-02b'#15: program
BL-02b'#17: program
BL-02b'#16: program
BL-02b'#12: program
BL-02b'#18: program
BL-02b'#20: program
BL-02b'#19: program
BL-02b'#21: program
BL-02b'#22: program
BL-02b'#23: program
BL-02b'#27: program
BL-02b'#26: program
BL-02b'#25: program
BL-02b'#24: program
BL-02b'#29: program
BL-02b'#28: program
BL-02b#0: program
BL-02b#2: program
BL-02b#3: program
BL-02b#5: program
BL-02b#4: program
BL-02b#1: program
BL-02b#7: program
BL-02b#6: program
BL-02b#8: program
BL-02b#9: program
BL-02b#10: program
BL-02b#11: program
BL-02b#13: program
BL-02b#12: program
BL-02b#16: program
BL-02b#15: program
BL-02b#14: program
BL-02b#17: program
BL-02b#19: program
BL-02b#18: program
BL-02b#20: program
BL-02b#22: program
BL-02b#21: program
BL-02b#23: program
BL-02b#25: program
BL-02b#24: program
BL-02b#26: program
BL-02b#27: program
BL-02b#28: program
BL-02b#29: program
BL-02c#0: program
BL-02c#1: program
BL-02c#3: program
BL-02c#2: program
BL-02c#4: program
BL-02c#5: program
BL-02c#6: program
BL-02c#7: program
BL-02c#8: program
BL-02c#9: program
BL-02c#11: program
BL-02c#10: program
BL-02c#12: program
BL-02c#13: program
BL-02c#15: program
BL-02c#14: program
BL-02c#16: program
BL-02c#17: no-program
BL-02c#18: program
BL-02c#19: program
BL-02c#22: program
BL-02c#20: program
BL-02c#21: program
BL-02c#23: program
BL-02c#24: program
BL-02c#27: program
BL-02c#25: program
BL-02c#26: no-program
BL-02c#28: UNREACHABLE (Error: http error: get_task_details failed: GET https://chat) - stays queued
BL-02c#29: UNREACHABLE (Error: http error: get_task_details failed: GET https://chat) - stays queued
BL-03#0: program
BL-03#3: program
BL-03#6: program
BL-03#22: program
BL-03#25: program
BL-03#20: program
BL-03#27: program
BL-03#24: program
BL-03#26: program
BL-03#23: program
BL-03#21: program
BL-03#28: program
BL-03#29: program
BL-03#1: no-program
BL-03#2: UNREACHABLE (Error: http error: get_task_details failed: GET https://chat) - stays queued
BL-03#5: UNREACHABLE (Error: http error: get_task_details failed: GET https://chat) - stays queued
BL-03#7: UNREACHABLE (Error: http error: get_task_details failed: GET https://chat) - stays queued
BL-03#4: UNREACHABLE (Error: http error: get_task_details failed: GET https://chat) - stays queued
BL-03#8: program
BL-03#11: program
BL-03#9: program
BL-03#10: program
BL-03#13: program
BL-03#14: program
BL-03#12: program
BL-03#15: program
BL-03#18: program
BL-03#16: program
BL-03#17: program
BL-03#19: program
BL-03#30: program
BL-03#32: no-program
BL-03#33: UNREACHABLE (Error: http error: get_task_details failed: GET https://chat) - stays queued
BL-03#31: program
BL-03#34: program
BL-03#35: program
BL-03#36: program
BL-03#37: program
BL-03#39: program
BL-03#38: program
BL-03#40: program
BL-03#41: program
BL-03#42: program
BL-03#44: program
BL-03#54: program
BL-03#58: program
BL-03#57: no-program
BL-03#55: UNREACHABLE (Error: http error: get_task_details failed: GET https://chat) - stays queued
BL-03#56: UNREACHABLE (Error: http error: get_task_details failed: GET https://chat) - stays queued
BL-03#59: UNREACHABLE (Error: http error: get_task_details failed: GET https://chat) - stays queued
BL-03#43: program
BL-03#45: program
BL-03#46: program
BL-03#47: program
BL-03#48: program
BL-03#49: program
BL-03#50: program
BL-03#51: program
BL-03#53: program
BL-03#52: program
BL-03#0: program
BL-03#1: program
BL-03#2: program
BL-03#3: program
BL-03#5: program
BL-03#4: program
BL-03#6: program
BL-03#7: program
BL-03#9: program
BL-03#8: program
BL-03#10: program
BL-03#11: program
BL-03#12: program
BL-03#13: program
BL-03#14: program
BL-03#15: program
BL-03#16: program
BL-03#17: program
BL-03#18: program
BL-03#19: program
BL-03#20: program
BL-03#25: program
BL-03#24: program
BL-03#26: program
BL-03#27: program
BL-03#28: program
BL-03#29: program
BL-03#21: program
BL-03#22: program
BL-03#23: program
BL-03#30: program
BL-03#32: program
BL-03#31: program
BL-03#33: program
BL-03#36: program
BL-03#34: program
BL-03#37: program
BL-03#35: program
BL-03#39: program
BL-03#42: program
BL-03#40: program
BL-03#41: no-program
BL-03#38: UNREACHABLE (Error: http error: get_task_details failed: GET https://chat) - stays queued
BL-03#44: UNREACHABLE (Error: http error: get_task_details failed: GET https://chat) - stays queued
BL-03#45: UNREACHABLE (Error: http error: get_task_details failed: GET https://chat) - stays queued
BL-03#43: UNREACHABLE (Error: http error: get_task_details failed: GET https://chat) - stays queued
BL-03#46: UNREACHABLE (Error: http error: get_task_details failed: GET https://chat) - stays queued
BL-03#48: UNREACHABLE (Error: http error: get_task_details failed: GET https://chat) - stays queued
BL-03#52: UNREACHABLE (Error: http error: get_task_details failed: GET https://chat) - stays queued
BL-03#49: UNREACHABLE (Error: http error: get_task_details failed: GET https://chat) - stays queued
BL-03#47: UNREACHABLE (Error: http error: get_task_details failed: GET https://chat) - stays queued
BL-03#50: program
BL-03#51: no-program
BL-03#53: program
BL-03#55: program
BL-03#56: program
BL-03#54: program
BL-03#57: program
BL-03#58: program
BL-03#59: program
BL-04#1: program
BL-04#0: no-program
BL-04#3: UNREACHABLE (Error: http error: get_task_details failed: GET https://chat) - stays queued
BL-04#2: UNREACHABLE (Error: http error: get_task_details failed: GET https://chat) - stays queued
BL-04#5: UNREACHABLE (Error: http error: get_task_details failed: GET https://chat) - stays queued
BL-04#4: UNREACHABLE (Error: http error: get_task_details failed: GET https://chat) - stays queued
BL-04#8: UNREACHABLE (Error: http error: get_task_details failed: GET https://chat) - stays queued
BL-04#10: UNREACHABLE (Error: http error: get_task_details failed: GET https://chat) - stays queued
BL-04#7: program
BL-04#9: no-program
BL-04#6: no-program
BL-04#11: UNREACHABLE (Error: http error: get_task_details failed: GET https://chat) - stays queued
BL-04#12: UNREACHABLE (Error: http error: get_task_details failed: GET https://chat) - stays queued
BL-04#13: UNREACHABLE (Error: http error: get_task_details failed: GET https://chat) - stays queued
BL-04#15: UNREACHABLE (Error: http error: get_task_details failed: GET https://chat) - stays queued
BL-04#16: UNREACHABLE (Error: http error: get_task_details failed: GET https://chat) - stays queued
BL-04#17: UNREACHABLE (Error: http error: get_task_details failed: GET https://chat) - stays queued
BL-04#18: UNREACHABLE (Error: http error: get_task_details failed: GET https://chat) - stays queued
BL-04#14: UNREACHABLE (Error: http error: get_task_details failed: GET https://chat) - stays queued
BL-04#19: UNREACHABLE (Error: http error: get_task_details failed: GET https://chat) - stays queued
BL-04#20: UNREACHABLE (Error: http error: get_task_details failed: GET https://chat) - stays queued
BL-04#21: UNREACHABLE (Error: http error: get_task_details failed: GET https://chat) - stays queued
BL-04#22: UNREACHABLE (Error: http error: get_task_details failed: GET https://chat) - stays queued
BL-04#23: UNREACHABLE (Error: http error: get_task_details failed: GET https://chat) - stays queued
BL-04#24: UNREACHABLE (Error: http error: get_task_details failed: GET https://chat) - stays queued
BL-04#25: UNREACHABLE (Error: http error: get_task_details failed: GET https://chat) - stays queued
BL-04#26: UNREACHABLE (Error: http error: get_task_details failed: GET https://chat) - stays queued
BL-04#27: UNREACHABLE (Error: http error: get_task_details failed: GET https://chat) - stays queued
BL-04#28: UNREACHABLE (Error: http error: get_task_details failed: GET https://chat) - stays queued
BL-04#29: UNREACHABLE (Error: http error: get_task_details failed: GET https://chat) - stays queued
BL-04#30: UNREACHABLE (Error: http error: get_task_details failed: GET https://chat) - stays queued
BL-04#31: UNREACHABLE (Error: http error: get_task_details failed: GET https://chat) - stays queued
BL-04#32: UNREACHABLE (Error: http error: get_task_details failed: GET https://chat) - stays queued
BL-04#33: UNREACHABLE (Error: http error: get_task_details failed: GET https://chat) - stays queued
BL-04#34: UNREACHABLE (Error: http error: get_task_details failed: GET https://chat) - stays queued
BL-04#35: UNREACHABLE (Error: http error: get_task_details failed: GET https://chat) - stays queued
BL-04#36: UNREACHABLE (Error: http error: get_task_details failed: GET https://chat) - stays queued
BL-04#37: UNREACHABLE (Error: http error: get_task_details failed: GET https://chat) - stays queued
BL-04#38: UNREACHABLE (Error: http error: get_task_details failed: GET https://chat) - stays queued
BL-04#39: UNREACHABLE (Error: http error: get_task_details failed: GET https://chat) - stays queued
BL-04#40: UNREACHABLE (Error: http error: get_task_details failed: GET https://chat) - stays queued
BL-04#41: UNREACHABLE (Error: http error: get_task_details failed: GET https://chat) - stays queued
BL-04#42: UNREACHABLE (Error: http error: get_task_details failed: GET https://chat) - stays queued
BL-04#43: UNREACHABLE (Error: http error: get_task_details failed: GET https://chat) - stays queued
BL-04#44: UNREACHABLE (Error: http error: get_task_details failed: GET https://chat) - stays queued
BL-04#45: UNREACHABLE (Error: http error: get_task_details failed: GET https://chat) - stays queued
BL-04#46: UNREACHABLE (Error: http error: get_task_details failed: GET https://chat) - stays queued
BL-04#47: UNREACHABLE (Error: http error: get_task_details failed: GET https://chat) - stays queued
BL-05#16: UNREACHABLE (Error: http error: get_task_details failed: GET https://chat) - stays queued
BL-05#11: UNREACHABLE (Error: http error: get_task_details failed: GET https://chat) - stays queued
BL-05#14: UNREACHABLE (Error: http error: get_task_details failed: GET https://chat) - stays queued
BL-05#7: UNREACHABLE (Error: http error: get_task_details failed: GET https://chat) - stays queued
BL-05#4: UNREACHABLE (Error: http error: get_task_details failed: GET https://chat) - stays queued
BL-05#17: UNREACHABLE (Error: http error: get_task_details failed: GET https://chat) - stays queued
BL-05#9: UNREACHABLE (Error: http error: get_task_details failed: GET https://chat) - stays queued
BL-05#0: UNREACHABLE (Error: http error: get_task_details failed: GET https://chat) - stays queued
BL-05#18: UNREACHABLE (Error: http error: get_task_details failed: GET https://chat) - stays queued
BL-05#13: UNREACHABLE (Error: http error: get_task_details failed: GET https://chat) - stays queued
BL-05#19: UNREACHABLE (Error: http error: get_task_details failed: GET https://chat) - stays queued
BL-05#12: UNREACHABLE (Error: http error: get_task_details failed: GET https://chat) - stays queued
BL-05#1: UNREACHABLE (Error: http error: get_task_details failed: GET https://chat) - stays queued
BL-05#2: UNREACHABLE (Error: http error: get_task_details failed: GET https://chat) - stays queued
BL-05#10: UNREACHABLE (Error: http error: get_task_details failed: GET https://chat) - stays queued
BL-05#3: UNREACHABLE (Error: http error: get_task_details failed: GET https://chat) - stays queued
BL-05#8: UNREACHABLE (Error: http error: get_task_details failed: GET https://chat) - stays queued
BL-05#15: UNREACHABLE (Error: http error: get_task_details failed: GET https://chat) - stays queued
BL-05#5: program
BL-05#6: program
BL-05#23: program
BL-05#25: program
BL-05#24: program
BL-05#26: program
BL-05#21: program
BL-05#20: UNREACHABLE (Error: http error: get_task_details failed: GET https://chat) - stays queued
BL-05#28: UNREACHABLE (Error: http error: get_task_details failed: GET https://chat) - stays queued
BL-05#27: UNREACHABLE (Error: http error: get_task_details failed: GET https://chat) - stays queued
BL-05#22: UNREACHABLE (Error: http error: get_task_details failed: GET https://chat) - stays queued
BL-05#29: UNREACHABLE (Error: http error: get_task_details failed: GET https://chat) - stays queued
BL-05#33: UNREACHABLE (Error: http error: get_task_details failed: GET https://chat) - stays queued
BL-05#31: UNREACHABLE (Error: http error: get_task_details failed: GET https://chat) - stays queued
BL-05#30: UNREACHABLE (Error: http error: get_task_details failed: GET https://chat) - stays queued
BL-05#32: UNREACHABLE (Error: http error: get_task_details failed: GET https://chat) - stays queued
BL-05#35: UNREACHABLE (Error: http error: get_task_details failed: GET https://chat) - stays queued
BL-05#34: UNREACHABLE (Error: http error: get_task_details failed: GET https://chat) - stays queued
BL-05#44: UNREACHABLE (Error: http error: get_task_details failed: GET https://chat) - stays queued
BL-05#43: UNREACHABLE (Error: http error: get_task_details failed: GET https://chat) - stays queued
BL-05#45: UNREACHABLE (Error: http error: get_task_details failed: GET https://chat) - stays queued
BL-05#46: UNREACHABLE (Error: http error: get_task_details failed: GET https://chat) - stays queued
BL-05#47: UNREACHABLE (Error: http error: get_task_details failed: GET https://chat) - stays queued
BL-05#48: UNREACHABLE (Error: http error: get_task_details failed: GET https://chat) - stays queued
BL-05#50: UNREACHABLE (Error: http error: get_task_details failed: GET https://chat) - stays queued
BL-05#52: UNREACHABLE (Error: http error: get_task_details failed: GET https://chat) - stays queued
BL-05#49: UNREACHABLE (Error: http error: get_task_details failed: GET https://chat) - stays queued
BL-05#51: UNREACHABLE (Error: http error: get_task_details failed: GET https://chat) - stays queued
BL-05#53: UNREACHABLE (Error: http error: get_task_details failed: GET https://chat) - stays queued
BL-05#38: UNREACHABLE (Error: http error: get_task_details failed: GET https://chat) - stays queued
BL-05#37: UNREACHABLE (Error: http error: get_task_details failed: GET https://chat) - stays queued
BL-05#36: UNREACHABLE (Error: http error: get_task_details failed: GET https://chat) - stays queued
BL-05#41: UNREACHABLE (Error: http error: get_task_details failed: GET https://chat) - stays queued
BL-05#40: UNREACHABLE (Error: http error: get_task_details failed: GET https://chat) - stays queued
BL-05#39: UNREACHABLE (Error: http error: get_task_details failed: GET https://chat) - stays queued
BL-05#42: UNREACHABLE (Error: http error: get_task_details failed: GET https://chat) - stays queued
BL-05#54: UNREACHABLE (Error: http error: get_task_details failed: GET https://chat) - stays queued
BL-05#55: UNREACHABLE (Error: http error: get_task_details failed: GET https://chat) - stays queued
BL-05#56: UNREACHABLE (Error: http error: get_task_details failed: GET https://chat) - stays queued
BL-05#58: UNREACHABLE (Error: http error: get_task_details failed: GET https://chat) - stays queued
BL-05#57: UNREACHABLE (Error: http error: get_task_details failed: GET https://chat) - stays queued
BL-05#59: UNREACHABLE (Error: http error: get_task_details failed: GET https://chat) - stays queued
BL-05#0: UNREACHABLE (Error: http error: get_task_details failed: GET https://chat) - stays queued
BL-05#1: UNREACHABLE (Error: http error: get_task_details failed: GET https://chat) - stays queued
BL-05#3: UNREACHABLE (Error: http error: get_task_details failed: GET https://chat) - stays queued
BL-05#5: UNREACHABLE (Error: http error: get_task_details failed: GET https://chat) - stays queued
BL-05#4: program
BL-05#2: program
BL-05#9: program
BL-05#10: program
BL-05#11: program
BL-05#12: program
BL-05#13: program
BL-05#14: program
BL-05#15: no-program
BL-05#16: UNREACHABLE (Error: http error: get_task_details failed: GET https://chat) - stays queued
BL-05#17: UNREACHABLE (Error: http error: get_task_details failed: GET https://chat) - stays queued
BL-05#18: UNREACHABLE (Error: http error: get_task_details failed: GET https://chat) - stays queued
BL-05#19: UNREACHABLE (Error: http error: get_task_details failed: GET https://chat) - stays queued
BL-05#20: UNREACHABLE (Error: http error: get_task_details failed: GET https://chat) - stays queued
BL-05#21: UNREACHABLE (Error: http error: get_task_details failed: GET https://chat) - stays queued
BL-05#23: UNREACHABLE (Error: http error: get_task_details failed: GET https://chat) - stays queued
BL-05#22: UNREACHABLE (Error: http error: get_task_details failed: GET https://chat) - stays queued
BL-05#24: UNREACHABLE (Error: http error: get_task_details failed: GET https://chat) - stays queued
BL-05#25: UNREACHABLE (Error: http error: get_task_details failed: GET https://chat) - stays queued
BL-05#26: UNREACHABLE (Error: http error: get_task_details failed: GET https://chat) - stays queued
BL-05#28: UNREACHABLE (Error: http error: get_task_details failed: GET https://chat) - stays queued
BL-05#29: UNREACHABLE (Error: http error: get_task_details failed: GET https://chat) - stays queued
BL-05#7: UNREACHABLE (Error: http error: get_task_details failed: GET https://chat) - stays queued
BL-05#6: UNREACHABLE (Error: http error: get_task_details failed: GET https://chat) - stays queued
BL-05#8: UNREACHABLE (Error: http error: get_task_details failed: GET https://chat) - stays queued
BL-05#27: UNREACHABLE (Error: http error: get_task_details failed: GET https://chat) - stays queued
BL-05#31: UNREACHABLE (Error: http error: get_task_details failed: GET https://chat) - stays queued
BL-05#34: UNREACHABLE (Error: http error: get_task_details failed: GET https://chat) - stays queued
BL-05#35: UNREACHABLE (Error: http error: get_task_details failed: GET https://chat) - stays queued
BL-05#30: UNREACHABLE (Error: http error: get_task_details failed: GET https://chat) - stays queued
BL-05#36: UNREACHABLE (Error: http error: get_task_details failed: GET https://chat) - stays queued
BL-05#37: UNREACHABLE (Error: http error: get_task_details failed: GET https://chat) - stays queued
BL-05#33: UNREACHABLE (Error: http error: get_task_details failed: GET https://chat) - stays queued
BL-05#32: UNREACHABLE (Error: http error: get_task_details failed: GET https://chat) - stays queued
BL-05#38: UNREACHABLE (Error: http error: get_task_details failed: GET https://chat) - stays queued
BL-05#39: UNREACHABLE (Error: http error: get_task_details failed: GET https://chat) - stays queued
BL-05#40: UNREACHABLE (Error: http error: get_task_details failed: GET https://chat) - stays queued
BL-05#41: UNREACHABLE (Error: http error: get_task_details failed: GET https://chat) - stays queued
BL-05#42: program
BL-05#43: program
BL-05#44: program
BL-05#45: no-program
BL-05#49: UNREACHABLE (Error: http error: get_task_details failed: GET https://chat) - stays queued
BL-05#46: UNREACHABLE (Error: http error: get_task_details failed: GET https://chat) - stays queued
BL-05#47: UNREACHABLE (Error: http error: get_task_details failed: GET https://chat) - stays queued
BL-05#51: UNREACHABLE (Error: http error: get_task_details failed: GET https://chat) - stays queued
BL-05#52: UNREACHABLE (Error: http error: get_task_details failed: GET https://chat) - stays queued
BL-05#53: UNREACHABLE (Error: http error: get_task_details failed: GET https://chat) - stays queued
BL-05#55: UNREACHABLE (Error: http error: get_task_details failed: GET https://chat) - stays queued
BL-05#56: UNREACHABLE (Error: http error: get_task_details failed: GET https://chat) - stays queued
BL-05#57: UNREACHABLE (Error: http error: get_task_details failed: GET https://chat) - stays queued
BL-05#54: UNREACHABLE (Error: http error: get_task_details failed: GET https://chat) - stays queued
BL-05#58: UNREACHABLE (Error: http error: get_task_details failed: GET https://chat) - stays queued
BL-05#59: UNREACHABLE (Error: http error: get_task_details failed: GET https://chat) - stays queued
BL-05#48: UNREACHABLE (Error: http error: get_task_details failed: GET https://chat) - stays queued
BL-05#50: UNREACHABLE (Error: http error: get_task_details failed: GET https://chat) - stays queued
BL-07#0: UNREACHABLE (Error: http error: get_task_details failed: GET https://chat) - stays queued
BL-07#1: UNREACHABLE (Error: http error: get_task_details failed: GET https://chat) - stays queued
BL-07#4: UNREACHABLE (Error: http error: get_task_details failed: GET https://chat) - stays queued
BL-07#5: UNREACHABLE (Error: http error: get_task_details failed: GET https://chat) - stays queued
BL-07#6: UNREACHABLE (Error: http error: get_task_details failed: GET https://chat) - stays queued
BL-07#7: UNREACHABLE (Error: http error: get_task_details failed: GET https://chat) - stays queued
BL-07#8: UNREACHABLE (Error: http error: get_task_details failed: GET https://chat) - stays queued
BL-07#9: UNREACHABLE (Error: http error: get_task_details failed: GET https://chat) - stays queued
BL-07#2: UNREACHABLE (Error: http error: get_task_details failed: GET https://chat) - stays queued
BL-07#10: UNREACHABLE (Error: http error: get_task_details failed: GET https://chat) - stays queued
BL-07#3: UNREACHABLE (Error: http error: get_task_details failed: GET https://chat) - stays queued
BL-07#11: UNREACHABLE (Error: http error: get_task_details failed: GET https://chat) - stays queued
BL-07#12: UNREACHABLE (Error: http error: get_task_details failed: GET https://chat) - stays queued
BL-07#13: UNREACHABLE (Error: http error: get_task_details failed: GET https://chat) - stays queued
BL-07#14: UNREACHABLE (Error: http error: get_task_details failed: GET https://chat) - stays queued
BL-07#15: UNREACHABLE (Error: http error: get_task_details failed: GET https://chat) - stays queued
BL-07#16: UNREACHABLE (Error: http error: get_task_details failed: GET https://chat) - stays queued
BL-07#17: UNREACHABLE (Error: http error: get_task_details failed: GET https://chat) - stays queued
BL-07#18: UNREACHABLE (Error: http error: get_task_details failed: GET https://chat) - stays queued
BL-07#19: UNREACHABLE (Error: http error: get_task_details failed: GET https://chat) - stays queued
BL-07#20: UNREACHABLE (Error: http error: get_task_details failed: GET https://chat) - stays queued
BL-07#21: UNREACHABLE (Error: http error: get_task_details failed: GET https://chat) - stays queued
BL-07#22: UNREACHABLE (Error: http error: get_task_details failed: GET https://chat) - stays queued
BL-07#23: UNREACHABLE (Error: http error: get_task_details failed: GET https://chat) - stays queued
BL-07#24: UNREACHABLE (Error: http error: get_task_details failed: GET https://chat) - stays queued
BL-07#25: UNREACHABLE (Error: http error: get_task_details failed: GET https://chat) - stays queued
BL-07#26: program
BL-07#27: program
BL-07#28: program
BL-07#29: program
BL-07#30: program
BL-07#31: no-program
BL-07#32: no-program
BL-07#33: UNREACHABLE (Error: http error: get_task_details failed: GET https://chat) - stays queued
BL-07#34: UNREACHABLE (Error: http error: get_task_details failed: GET https://chat) - stays queued
BL-07#35: UNREACHABLE (Error: http error: get_task_details failed: GET https://chat) - stays queued
BL-07#36: UNREACHABLE (Error: http error: get_task_details failed: GET https://chat) - stays queued
BL-07#37: UNREACHABLE (Error: http error: get_task_details failed: GET https://chat) - stays queued
BL-07#38: UNREACHABLE (Error: http error: get_task_details failed: GET https://chat) - stays queued
BL-07#39: UNREACHABLE (Error: http error: get_task_details failed: GET https://chat) - stays queued
BL-07#40: UNREACHABLE (Error: http error: get_task_details failed: GET https://chat) - stays queued
BL-07#41: UNREACHABLE (Error: http error: get_task_details failed: GET https://chat) - stays queued
BL-07#42: UNREACHABLE (Error: http error: get_task_details failed: GET https://chat) - stays queued
BL-07#43: UNREACHABLE (Error: http error: get_task_details failed: GET https://chat) - stays queued
BL-07#44: UNREACHABLE (Error: http error: get_task_details failed: GET https://chat) - stays queued
BL-07#45: UNREACHABLE (Error: http error: get_task_details failed: GET https://chat) - stays queued
BL-07#46: UNREACHABLE (Error: http error: get_task_details failed: GET https://chat) - stays queued
BL-07#47: UNREACHABLE (Error: http error: get_task_details failed: GET https://chat) - stays queued
BL-07#48: UNREACHABLE (Error: http error: get_task_details failed: GET https://chat) - stays queued
BL-08#0: UNREACHABLE (Error: http error: get_task_details failed: GET https://chat) - stays queued
BL-08#2: UNREACHABLE (Error: http error: get_task_details failed: GET https://chat) - stays queued
BL-08#1: UNREACHABLE (Error: http error: get_task_details failed: GET https://chat) - stays queued
BL-08#3: UNREACHABLE (Error: http error: get_task_details failed: GET https://chat) - stays queued
BL-08#4: UNREACHABLE (Error: http error: get_task_details failed: GET https://chat) - stays queued
BL-08#5: UNREACHABLE (Error: http error: get_task_details failed: GET https://chat) - stays queued
BL-08#10: UNREACHABLE (Error: http error: get_task_details failed: GET https://chat) - stays queued
BL-08#8: UNREACHABLE (Error: http error: get_task_details failed: GET https://chat) - stays queued
BL-08#9: UNREACHABLE (Error: http error: get_task_details failed: GET https://chat) - stays queued
BL-08#11: UNREACHABLE (Error: http error: get_task_details failed: GET https://chat) - stays queued
BL-08#7: UNREACHABLE (Error: http error: get_task_details failed: GET https://chat) - stays queued
BL-08#6: UNREACHABLE (Error: http error: get_task_details failed: GET https://chat) - stays queued
BL-08#15: UNREACHABLE (Error: http error: get_task_details failed: GET https://chat) - stays queued
BL-08#13: UNREACHABLE (Error: http error: get_task_details failed: GET https://chat) - stays queued
BL-08#16: program
BL-08#14: program
BL-08#12: UNREACHABLE (Error: http error: get_task_details failed: GET https://chat) - stays queued
BL-08#17: UNREACHABLE (Error: http error: get_task_details failed: GET https://chat) - stays queued
BL-08#21: UNREACHABLE (Error: http error: get_task_details failed: GET https://chat) - stays queued
BL-08#23: UNREACHABLE (Error: http error: get_task_details failed: GET https://chat) - stays queued
BL-08#18: UNREACHABLE (Error: http error: get_task_details failed: GET https://chat) - stays queued
BL-08#19: UNREACHABLE (Error: http error: get_task_details failed: GET https://chat) - stays queued
BL-08#20: UNREACHABLE (Error: http error: get_task_details failed: GET https://chat) - stays queued
BL-08#22: UNREACHABLE (Error: http error: get_task_details failed: GET https://chat) - stays queued
BL-08#25: UNREACHABLE (Error: http error: get_task_details failed: GET https://chat) - stays queued
BL-08#26: UNREACHABLE (Error: http error: get_task_details failed: GET https://chat) - stays queued
BL-08#28: UNREACHABLE (Error: http error: get_task_details failed: GET https://chat) - stays queued
BL-08#27: UNREACHABLE (Error: http error: get_task_details failed: GET https://chat) - stays queued
BL-08#24: UNREACHABLE (Error: http error: get_task_details failed: GET https://chat) - stays queued
BL-08#29: UNREACHABLE (Error: http error: get_task_details failed: GET https://chat) - stays queued
BL-08#30: UNREACHABLE (Error: http error: get_task_details failed: GET https://chat) - stays queued
BL-08#31: UNREACHABLE (Error: http error: get_task_details failed: GET https://chat) - stays queued
BL-08#32: UNREACHABLE (Error: http error: get_task_details failed: GET https://chat) - stays queued
BL-08#33: UNREACHABLE (Error: http error: get_task_details failed: GET https://chat) - stays queued
BL-08#34: UNREACHABLE (Error: http error: get_task_details failed: GET https://chat) - stays queued
BL-08#35: UNREACHABLE (Error: http error: get_task_details failed: GET https://chat) - stays queued
BL-08#40: UNREACHABLE (Error: http error: get_task_details failed: GET https://chat) - stays queued
BL-08#41: UNREACHABLE (Error: http error: get_task_details failed: GET https://chat) - stays queued
BL-08#38: UNREACHABLE (Error: http error: get_task_details failed: GET https://chat) - stays queued
BL-08#37: UNREACHABLE (Error: http error: get_task_details failed: GET https://chat) - stays queued
BL-08#39: UNREACHABLE (Error: http error: get_task_details failed: GET https://chat) - stays queued
BL-08#36: UNREACHABLE (Error: http error: get_task_details failed: GET https://chat) - stays queued
BL-08#45: UNREACHABLE (Error: http error: get_task_details failed: GET https://chat) - stays queued
BL-08#43: UNREACHABLE (Error: http error: get_task_details failed: GET https://chat) - stays queued
BL-08#51: UNREACHABLE (Error: http error: get_task_details failed: GET https://chat) - stays queued
BL-08#50: UNREACHABLE (Error: http error: get_task_details failed: GET https://chat) - stays queued
BL-08#53: UNREACHABLE (Error: http error: get_task_details failed: GET https://chat) - stays queued
BL-08#52: UNREACHABLE (Error: http error: get_task_details failed: GET https://chat) - stays queued
BL-08#56: UNREACHABLE (Error: http error: get_task_details failed: GET https://chat) - stays queued
BL-08#55: UNREACHABLE (Error: http error: get_task_details failed: GET https://chat) - stays queued
BL-08#57: UNREACHABLE (Error: http error: get_task_details failed: GET https://chat) - stays queued
BL-08#54: UNREACHABLE (Error: http error: get_task_details failed: GET https://chat) - stays queued
BL-08#58: UNREACHABLE (Error: http error: get_task_details failed: GET https://chat) - stays queued
BL-08#59: program
BL-08#42: program
BL-08#44: program
BL-08#46: program
BL-08#49: program
BL-08#48: program
BL-08#47: program
BL-08#0: no-program
BL-08#2: UNREACHABLE (Error: http error: get_task_details failed: GET https://chat) - stays queued
BL-08#3: UNREACHABLE (Error: http error: get_task_details failed: GET https://chat) - stays queued
BL-08#4: UNREACHABLE (Error: http error: get_task_details failed: GET https://chat) - stays queued
BL-08#1: UNREACHABLE (Error: http error: get_task_details failed: GET https://chat) - stays queued
BL-08#5: UNREACHABLE (Error: http error: get_task_details failed: GET https://chat) - stays queued
BL-08#6: UNREACHABLE (Error: http error: get_task_details failed: GET https://chat) - stays queued
BL-08#8: UNREACHABLE (Error: http error: get_task_details failed: GET https://chat) - stays queued
BL-08#7: UNREACHABLE (Error: http error: get_task_details failed: GET https://chat) - stays queued
BL-08#9: UNREACHABLE (Error: http error: get_task_details failed: GET https://chat) - stays queued
BL-08#16: UNREACHABLE (Error: http error: get_task_details failed: GET https://chat) - stays queued
BL-08#17: UNREACHABLE (Error: http error: get_task_details failed: GET https://chat) - stays queued
BL-08#18: UNREACHABLE (Error: http error: get_task_details failed: GET https://chat) - stays queued
BL-08#21: UNREACHABLE (Error: http error: get_task_details failed: GET https://chat) - stays queued
BL-08#20: UNREACHABLE (Error: http error: get_task_details failed: GET https://chat) - stays queued
BL-08#19: UNREACHABLE (Error: http error: get_task_details failed: GET https://chat) - stays queued
BL-08#22: UNREACHABLE (Error: http error: get_task_details failed: GET https://chat) - stays queued
BL-08#23: UNREACHABLE (Error: http error: get_task_details failed: GET https://chat) - stays queued
BL-08#25: UNREACHABLE (Error: http error: get_task_details failed: GET https://chat) - stays queued
BL-08#24: UNREACHABLE (Error: http error: get_task_details failed: GET https://chat) - stays queued
BL-08#27: UNREACHABLE (Error: http error: get_task_details failed: GET https://chat) - stays queued
BL-08#26: UNREACHABLE (Error: http error: get_task_details failed: GET https://chat) - stays queued
BL-08#29: UNREACHABLE (Error: http error: get_task_details failed: GET https://chat) - stays queued
BL-08#28: UNREACHABLE (Error: http error: get_task_details failed: GET https://chat) - stays queued
BL-08#13: UNREACHABLE (Error: http error: get_task_details failed: GET https://chat) - stays queued
BL-08#12: UNREACHABLE (Error: http error: get_task_details failed: GET https://chat) - stays queued
BL-08#11: UNREACHABLE (Error: http error: get_task_details failed: GET https://chat) - stays queued
BL-08#10: UNREACHABLE (Error: http error: get_task_details failed: GET https://chat) - stays queued
BL-08#14: UNREACHABLE (Error: http error: get_task_details failed: GET https://chat) - stays queued
BL-08#15: UNREACHABLE (Error: http error: get_task_details failed: GET https://chat) - stays queued
cloud_dose_E1.jsonl: foreign schema - left to cloud-collect-special.js
cloud_efamily.jsonl: foreign schema - left to cloud-collect-special.js
ER-01c#5: UNREACHABLE (Error: http error: get_task_details failed: GET https://chat) - stays queued
ER-01c#3: UNREACHABLE (Error: http error: get_task_details failed: GET https://chat) - stays queued
ER-01c#4: UNREACHABLE (Error: http error: get_task_details failed: GET https://chat) - stays queued
ER-01c#0: UNREACHABLE (Error: http error: get_task_details failed: GET https://chat) - stays queued
ER-01c#1: UNREACHABLE (Error: http error: get_task_details failed: GET https://chat) - stays queued
ER-01c#2: UNREACHABLE (Error: http error: get_task_details failed: GET https://chat) - stays queued
ER-01c#6: UNREACHABLE (Error: http error: get_task_details failed: GET https://chat) - stays queued
ER-01c#7: UNREACHABLE (Error: http error: get_task_details failed: GET https://chat) - stays queued
ER-01c#8: UNREACHABLE (Error: http error: get_task_details failed: GET https://chat) - stays queued
ER-01c#9: UNREACHABLE (Error: http error: get_task_details failed: GET https://chat) - stays queued
ER-01c#10: UNREACHABLE (Error: http error: get_task_details failed: GET https://chat) - stays queued
ER-01c#11: program
ER-01c#12: program
ER-01c#13: no-program
ER-01c#14: program
ER-01c#15: program
ER-01c#16: program
ER-01c#17: program
ER-01c#18: program
ER-01c#19: UNREACHABLE (Error: http error: get_task_details failed: GET https://chat) - stays queued
ER-01c#20: UNREACHABLE (Error: http error: get_task_details failed: GET https://chat) - stays queued
ER-01c#21: UNREACHABLE (Error: http error: get_task_details failed: GET https://chat) - stays queued
ER-01c#22: UNREACHABLE (Error: http error: get_task_details failed: GET https://chat) - stays queued
ER-01c#23: UNREACHABLE (Error: http error: get_task_details failed: GET https://chat) - stays queued
ER-01c#28: UNREACHABLE (Error: http error: get_task_details failed: GET https://chat) - stays queued
ER-01c#24: UNREACHABLE (Error: http error: get_task_details failed: GET https://chat) - stays queued
ER-01c#29: UNREACHABLE (Error: http error: get_task_details failed: GET https://chat) - stays queued
ER-01c#25: UNREACHABLE (Error: http error: get_task_details failed: GET https://chat) - stays queued
ER-01c#26: UNREACHABLE (Error: http error: get_task_details failed: GET https://chat) - stays queued
ER-01c#27: UNREACHABLE (Error: http error: get_task_details failed: GET https://chat) - stays queued
ER-01c#30: UNREACHABLE (Error: http error: get_task_details failed: GET https://chat) - stays queued
ER-01c#31: UNREACHABLE (Error: http error: get_task_details failed: GET https://chat) - stays queued
ER-01#3: UNREACHABLE (Error: http error: get_task_details failed: GET https://chat) - stays queued
ER-01#2: UNREACHABLE (Error: http error: get_task_details failed: GET https://chat) - stays queued
ER-01#1: UNREACHABLE (Error: http error: get_task_details failed: GET https://chat) - stays queued
ER-01#5: UNREACHABLE (Error: http error: get_task_details failed: GET https://chat) - stays queued
ER-01#4: UNREACHABLE (Error: http error: get_task_details failed: GET https://chat) - stays queued
ER-01#0: UNREACHABLE (Error: http error: get_task_details failed: GET https://chat) - stays queued
ER-01#7: UNREACHABLE (Error: http error: get_task_details failed: GET https://chat) - stays queued
ER-01#9: UNREACHABLE (Error: http error: get_task_details failed: GET https://chat) - stays queued
ER-01#10: UNREACHABLE (Error: http error: get_task_details failed: GET https://chat) - stays queued
ER-01#8: UNREACHABLE (Error: http error: get_task_details failed: GET https://chat) - stays queued
ER-01#11: UNREACHABLE (Error: http error: get_task_details failed: GET https://chat) - stays queued
ER-01#6: UNREACHABLE (Error: http error: get_task_details failed: GET https://chat) - stays queued
ER-01#12: UNREACHABLE (Error: http error: get_task_details failed: GET https://chat) - stays queued
ER-01#17: program
ER-01#13: program
ER-01#14: program
ER-01#16: no-program
ER-01#15: UNREACHABLE (Error: http error: get_task_details failed: GET https://chat) - stays queued
ER-01#19: UNREACHABLE (Error: http error: get_task_details failed: GET https://chat) - stays queued
ER-01#18: UNREACHABLE (Error: http error: get_task_details failed: GET https://chat) - stays queued
ER-01#20: UNREACHABLE (Error: http error: get_task_details failed: GET https://chat) - stays queued
ER-01#21: UNREACHABLE (Error: http error: get_task_details failed: GET https://chat) - stays queued
ER-01#22: UNREACHABLE (Error: http error: get_task_details failed: GET https://chat) - stays queued
ER-01#23: UNREACHABLE (Error: http error: get_task_details failed: GET https://chat) - stays queued
ER-01#24: UNREACHABLE (Error: http error: get_task_details failed: GET https://chat) - stays queued
ER-01#26: UNREACHABLE (Error: http error: get_task_details failed: GET https://chat) - stays queued
ER-01#25: UNREACHABLE (Error: http error: get_task_details failed: GET https://chat) - stays queued
ER-01#28: UNREACHABLE (Error: http error: get_task_details failed: GET https://chat) - stays queued
ER-01#27: UNREACHABLE (Error: http error: get_task_details failed: GET https://chat) - stays queued
ER-01#29: UNREACHABLE (Error: http error: get_task_details failed: GET https://chat) - stays queued
ER-01#30: UNREACHABLE (Error: http error: get_task_details failed: GET https://chat) - stays queued
ER-01#33: UNREACHABLE (Error: http error: get_task_details failed: GET https://chat) - stays queued
ER-01#34: UNREACHABLE (Error: http error: get_task_details failed: GET https://chat) - stays queued
ER-01#35: UNREACHABLE (Error: http error: get_task_details failed: GET https://chat) - stays queued
ER-01#37: UNREACHABLE (Error: http error: get_task_details failed: GET https://chat) - stays queued
ER-01#38: UNREACHABLE (Error: http error: get_task_details failed: GET https://chat) - stays queued
ER-01#36: UNREACHABLE (Error: http error: get_task_details failed: GET https://chat) - stays queued
ER-01#39: UNREACHABLE (Error: http error: get_task_details failed: GET https://chat) - stays queued
ER-01#41: UNREACHABLE (Error: http error: get_task_details failed: GET https://chat) - stays queued
ER-01#40: UNREACHABLE (Error: http error: get_task_details failed: GET https://chat) - stays queued
ER-01#42: UNREACHABLE (Error: http error: get_task_details failed: GET https://chat) - stays queued
ER-01#43: UNREACHABLE (Error: http error: get_task_details failed: GET https://chat) - stays queued
ER-01#44: UNREACHABLE (Error: http error: get_task_details failed: GET https://chat) - stays queued
ER-01#45: UNREACHABLE (Error: http error: get_task_details failed: GET https://chat) - stays queued
ER-01#46: UNREACHABLE (Error: http error: get_task_details failed: GET https://chat) - stays queued
ER-01#47: UNREACHABLE (Error: http error: get_task_details failed: GET https://chat) - stays queued
ER-01#50: UNREACHABLE (Error: http error: get_task_details failed: GET https://chat) - stays queued
ER-01#48: UNREACHABLE (Error: http error: get_task_details failed: GET https://chat) - stays queued
ER-01#49: UNREACHABLE (Error: http error: get_task_details failed: GET https://chat) - stays queued
ER-01#51: UNREACHABLE (Error: http error: get_task_details failed: GET https://chat) - stays queued
ER-01#52: UNREACHABLE (Error: http error: get_task_details failed: GET https://chat) - stays queued
ER-01#53: UNREACHABLE (Error: http error: get_task_details failed: GET https://chat) - stays queued
ER-01#54: UNREACHABLE (Error: http error: get_task_details failed: GET https://chat) - stays queued
ER-01#55: UNREACHABLE (Error: http error: get_task_details failed: GET https://chat) - stays queued
ER-01#56: UNREACHABLE (Error: http error: get_task_details failed: GET https://chat) - stays queued
ER-01#57: UNREACHABLE (Error: http error: get_task_details failed: GET https://chat) - stays queued
ER-01#59: UNREACHABLE (Error: http error: get_task_details failed: GET https://chat) - stays queued
ER-01#58: UNREACHABLE (Error: http error: get_task_details failed: GET https://chat) - stays queued
ER-01#32: UNREACHABLE (Error: http error: get_task_details failed: GET https://chat) - stays queued
ER-01#31: UNREACHABLE (Error: http error: get_task_details failed: GET https://chat) - stays queued
ER-01#1: UNREACHABLE (Error: http error: get_task_details failed: GET https://chat) - stays queued
ER-01#0: UNREACHABLE (Error: http error: get_task_details failed: GET https://chat) - stays queued
ER-01#5: UNREACHABLE (Error: http error: get_task_details failed: GET https://chat) - stays queued
ER-01#2: UNREACHABLE (Error: http error: get_task_details failed: GET https://chat) - stays queued
ER-01#4: UNREACHABLE (Error: http error: get_task_details failed: GET https://chat) - stays queued
ER-01#3: UNREACHABLE (Error: http error: get_task_details failed: GET https://chat) - stays queued
ER-01#6: program
ER-01#8: program
ER-01#11: program
ER-01#10: program
ER-01#7: program
ER-01#9: program
ER-01#12: program
ER-01#13: program
ER-01#14: program
ER-01#15: UNREACHABLE (Error: http error: get_task_details failed: GET https://chat) - stays queued
ER-01#16: UNREACHABLE (Error: http error: get_task_details failed: GET https://chat) - stays queued
ER-01#17: UNREACHABLE (Error: http error: get_task_details failed: GET https://chat) - stays queued
ER-01#19: UNREACHABLE (Error: http error: get_task_details failed: GET https://chat) - stays queued
ER-01#21: UNREACHABLE (Error: http error: get_task_details failed: GET https://chat) - stays queued
ER-01#18: UNREACHABLE (Error: http error: get_task_details failed: GET https://chat) - stays queued
ER-01#22: UNREACHABLE (Error: http error: get_task_details failed: GET https://chat) - stays queued
ER-01#23: UNREACHABLE (Error: http error: get_task_details failed: GET https://chat) - stays queued
ER-01#20: UNREACHABLE (Error: http error: get_task_details failed: GET https://chat) - stays queued
ER-01#26: UNREACHABLE (Error: http error: get_task_details failed: GET https://chat) - stays queued
ER-01#25: UNREACHABLE (Error: http error: get_task_details failed: GET https://chat) - stays queued
ER-01#27: UNREACHABLE (Error: http error: get_task_details failed: GET https://chat) - stays queued
ER-01#29: UNREACHABLE (Error: http error: get_task_details failed: GET https://chat) - stays queued
ER-01#28: UNREACHABLE (Error: http error: get_task_details failed: GET https://chat) - stays queued
ER-01#24: UNREACHABLE (Error: http error: get_task_details failed: GET https://chat) - stays queued
OM-B#2: UNREACHABLE (Error: http error: get_task_details failed: GET https://chat) - stays queued
OM-B#0: UNREACHABLE (Error: http error: get_task_details failed: GET https://chat) - stays queued
OM-B#4: UNREACHABLE (Error: http error: get_task_details failed: GET https://chat) - stays queued
OM-B#3: UNREACHABLE (Error: http error: get_task_details failed: GET https://chat) - stays queued
OM-B#1: UNREACHABLE (Error: http error: get_task_details failed: GET https://chat) - stays queued
OM-B#5: UNREACHABLE (Error: http error: get_task_details failed: GET https://chat) - stays queued
OM-B#6: UNREACHABLE (Error: http error: get_task_details failed: GET https://chat) - stays queued
OM-B#7: UNREACHABLE (Error: http error: get_task_details failed: GET https://chat) - stays queued
OM-B#8: UNREACHABLE (Error: http error: get_task_details failed: GET https://chat) - stays queued
OM-B#9: UNREACHABLE (Error: http error: get_task_details failed: GET https://chat) - stays queued
OM-B#10: UNREACHABLE (Error: http error: get_task_details failed: GET https://chat) - stays queued
OM-B#11: program
OM-B#12: program
OM-B#13: program
OM-B#14: UNREACHABLE (Error: http error: get_task_details failed: GET https://chat) - stays queued
OM-B#15: UNREACHABLE (Error: http error: get_task_details failed: GET https://chat) - stays queued
OM-B#16: UNREACHABLE (Error: http error: get_task_details failed: GET https://chat) - stays queued
OM-B#17: UNREACHABLE (Error: http error: get_task_details failed: GET https://chat) - stays queued
OM-B#18: UNREACHABLE (Error: http error: get_task_details failed: GET https://chat) - stays queued
OM-B#19: UNREACHABLE (Error: http error: get_task_details failed: GET https://chat) - stays queued
OM-B#20: UNREACHABLE (Error: http error: get_task_details failed: GET https://chat) - stays queued
OM-B#21: UNREACHABLE (Error: http error: get_task_details failed: GET https://chat) - stays queued
OM-B#22: UNREACHABLE (Error: http error: get_task_details failed: GET https://chat) - stays queued
OM-B#23: UNREACHABLE (Error: http error: get_task_details failed: GET https://chat) - stays queued
OM-B#24: UNREACHABLE (Error: http error: get_task_details failed: GET https://chat) - stays queued
OM-B#25: UNREACHABLE (Error: http error: get_task_details failed: GET https://chat) - stays queued
OM-B#26: UNREACHABLE (Error: http error: get_task_details failed: GET https://chat) - stays queued
OM-B#27: UNREACHABLE (Error: http error: get_task_details failed: GET https://chat) - stays queued
OM-B#28: UNREACHABLE (Error: http error: get_task_details failed: GET https://chat) - stays queued
OM-B#29: UNREACHABLE (Error: http error: get_task_details failed: GET https://chat) - stays queued
OM-B#30: UNREACHABLE (Error: http error: get_task_details failed: GET https://chat) - stays queued
OM-B#31: UNREACHABLE (Error: http error: get_task_details failed: GET https://chat) - stays queued
OM-B#32: UNREACHABLE (Error: http error: get_task_details failed: GET https://chat) - stays queued
OM-B#33: UNREACHABLE (Error: http error: get_task_details failed: GET https://chat) - stays queued
OM-B#34: UNREACHABLE (Error: http error: get_task_details failed: GET https://chat) - stays queued
OM-B#35: UNREACHABLE (Error: http error: get_task_details failed: GET https://chat) - stays queued
OM-B#36: UNREACHABLE (Error: http error: get_task_details failed: GET https://chat) - stays queued
OM-B#37: UNREACHABLE (Error: http error: get_task_details failed: GET https://chat) - stays queued
OM-B#38: UNREACHABLE (Error: http error: get_task_details failed: GET https://chat) - stays queued
OM-B#39: UNREACHABLE (Error: http error: get_task_details failed: GET https://chat) - stays queued
OM-B#40: UNREACHABLE (Error: http error: get_task_details failed: GET https://chat) - stays queued
OM-B#41: UNREACHABLE (Error: http error: get_task_details failed: GET https://chat) - stays queued
OM-B#42: UNREACHABLE (Error: http error: get_task_details failed: GET https://chat) - stays queued
OM-B#43: UNREACHABLE (Error: http error: get_task_details failed: GET https://chat) - stays queued
OM-B#44: UNREACHABLE (Error: http error: get_task_details failed: GET https://chat) - stays queued
OM-B#45: UNREACHABLE (Error: http error: get_task_details failed: GET https://chat) - stays queued
OM-B#46: UNREACHABLE (Error: http error: get_task_details failed: GET https://chat) - stays queued
OM-B#47: UNREACHABLE (Error: http error: get_task_details failed: GET https://chat) - stays queued
OM-B#48: UNREACHABLE (Error: http error: get_task_details failed: GET https://chat) - stays queued
OM-B#49: UNREACHABLE (Error: http error: get_task_details failed: GET https://chat) - stays queued
OM-B#50: UNREACHABLE (Error: http error: get_task_details failed: GET https://chat) - stays queued
OM-B#51: UNREACHABLE (Error: http error: get_task_details failed: GET https://chat) - stays queued
OM-B#52: UNREACHABLE (Error: http error: get_task_details failed: GET https://chat) - stays queued
OM-B#53: UNREACHABLE (Error: http error: get_task_details failed: GET https://chat) - stays queued
OM-B#54: UNREACHABLE (Error: http error: get_task_details failed: GET https://chat) - stays queued
OM-B#55: UNREACHABLE (Error: http error: get_task_details failed: GET https://chat) - stays queued
OM-B#56: UNREACHABLE (Error: http error: get_task_details failed: GET https://chat) - stays queued
OM-B#57: UNREACHABLE (Error: http error: get_task_details failed: GET https://chat) - stays queued
OM-B#58: UNREACHABLE (Error: http error: get_task_details failed: GET https://chat) - stays queued
OM-C#0: UNREACHABLE (Error: http error: get_task_details failed: GET https://chat) - stays queued
OM-C#3: UNREACHABLE (Error: http error: get_task_details failed: GET https://chat) - stays queued
OM-C#1: UNREACHABLE (Error: http error: get_task_details failed: GET https://chat) - stays queued
OM-C#2: UNREACHABLE (Error: http error: get_task_details failed: GET https://chat) - stays queued
OM-C#5: UNREACHABLE (Error: http error: get_task_details failed: GET https://chat) - stays queued
OM-C#4: program
OM-C#8: program
OM-C#7: program
OM-C#9: program
OM-C#6: program
OM-C#11: program
OM-C#10: no-program
OM-C#13: UNREACHABLE (Error: http error: get_task_details failed: GET https://chat) - stays queued
OM-C#12: UNREACHABLE (Error: http error: get_task_details failed: GET https://chat) - stays queued
OM-C#14: UNREACHABLE (Error: http error: get_task_details failed: GET https://chat) - stays queued
OM-C#15: UNREACHABLE (Error: http error: get_task_details failed: GET https://chat) - stays queued
OM-C#17: UNREACHABLE (Error: http error: get_task_details failed: GET https://chat) - stays queued
OM-C#16: UNREACHABLE (Error: http error: get_task_details failed: GET https://chat) - stays queued
OM-C#18: UNREACHABLE (Error: http error: get_task_details failed: GET https://chat) - stays queued
OM-C#19: UNREACHABLE (Error: http error: get_task_details failed: GET https://chat) - stays queued
OM-C#20: UNREACHABLE (Error: http error: get_task_details failed: GET https://chat) - stays queued
OM-C#21: UNREACHABLE (Error: http error: get_task_details failed: GET https://chat) - stays queued
OM-C#22: UNREACHABLE (Error: http error: get_task_details failed: GET https://chat) - stays queued
OM-C#23: UNREACHABLE (Error: http error: get_task_details failed: GET https://chat) - stays queued
OM-C#24: UNREACHABLE (Error: http error: get_task_details failed: GET https://chat) - stays queued
OM-C#25: UNREACHABLE (Error: http error: get_task_details failed: GET https://chat) - stays queued
OM-C#26: UNREACHABLE (Error: http error: get_task_details failed: GET https://chat) - stays queued
OM-C#27: UNREACHABLE (Error: http error: get_task_details failed: GET https://chat) - stays queued
OM-C#28: UNREACHABLE (Error: http error: get_task_details failed: GET https://chat) - stays queued
OM-C#29: UNREACHABLE (Error: http error: get_task_details failed: GET https://chat) - stays queued
OM-C#30: program
OM-C#31: program
OM-C#32: program
OM-C#33: program
OM-C#34: program
OM-C#35: program
OM-C#36: program
OM-C#37: program
OM-C#38: program
OM-C#39: program
OM-C#40: no-program
OM-C#41: UNREACHABLE (Error: http error: get_task_details failed: GET https://chat) - stays queued
OM-C#42: UNREACHABLE (Error: http error: get_task_details failed: GET https://chat) - stays queued
OM-C#43: UNREACHABLE (Error: http error: get_task_details failed: GET https://chat) - stays queued
OM-C#44: UNREACHABLE (Error: http error: get_task_details failed: GET https://chat) - stays queued
T1v0#2: UNREACHABLE (Error: http error: get_task_details failed: GET https://chat) - stays queued
T1v0#14: UNREACHABLE (Error: http error: get_task_details failed: GET https://chat) - stays queued
T1v0#0: UNREACHABLE (Error: http error: get_task_details failed: GET https://chat) - stays queued
T1v0#13: UNREACHABLE (Error: http error: get_task_details failed: GET https://chat) - stays queued
T1v0#15: UNREACHABLE (Error: http error: get_task_details failed: GET https://chat) - stays queued
T1v0#18: UNREACHABLE (Error: http error: get_task_details failed: GET https://chat) - stays queued
T1v0#11: UNREACHABLE (Error: http error: get_task_details failed: GET https://chat) - stays queued
T1v0#7: UNREACHABLE (Error: http error: get_task_details failed: GET https://chat) - stays queued
T1v0#20: UNREACHABLE (Error: http error: get_task_details failed: GET https://chat) - stays queued
T1v0#22: UNREACHABLE (Error: http error: get_task_details failed: GET https://chat) - stays queued
T1v0#24: UNREACHABLE (Error: http error: get_task_details failed: GET https://chat) - stays queued
T1v0#27: program
T1v0#23: program
T1v0#21: program
T1v0#26: program
T1v0#25: no-program
T1v0#29: UNREACHABLE (Error: http error: get_task_details failed: GET https://chat) - stays queued
T1v0#28: UNREACHABLE (Error: http error: get_task_details failed: GET https://chat) - stays queued
T1v0#3: UNREACHABLE (Error: http error: get_task_details failed: GET https://chat) - stays queued
T1v0#4: UNREACHABLE (Error: http error: get_task_details failed: GET https://chat) - stays queued
T1v0#1: UNREACHABLE (Error: http error: get_task_details failed: GET https://chat) - stays queued
T1v0#6: UNREACHABLE (Error: http error: get_task_details failed: GET https://chat) - stays queued
T1v0#8: UNREACHABLE (Error: http error: get_task_details failed: GET https://chat) - stays queued
T1v0#5: UNREACHABLE (Error: http error: get_task_details failed: GET https://chat) - stays queued
T1v0#10: UNREACHABLE (Error: http error: get_task_details failed: GET https://chat) - stays queued
T1v0#16: UNREACHABLE (Error: http error: get_task_details failed: GET https://chat) - stays queued
T1v0#19: UNREACHABLE (Error: http error: get_task_details failed: GET https://chat) - stays queued
T1v0#12: UNREACHABLE (Error: http error: get_task_details failed: GET https://chat) - stays queued
T1v0#9: UNREACHABLE (Error: http error: get_task_details failed: GET https://chat) - stays queued
T1v0#17: UNREACHABLE (Error: http error: get_task_details failed: GET https://chat) - stays queued
T1v0#30: UNREACHABLE (Error: http error: get_task_details failed: GET https://chat) - stays queued
T1v0#33: UNREACHABLE (Error: http error: get_task_details failed: GET https://chat) - stays queued
T1v0#34: UNREACHABLE (Error: http error: get_task_details failed: GET https://chat) - stays queued
T1v0#32: UNREACHABLE (Error: http error: get_task_details failed: GET https://chat) - stays queued
T1v0#31: UNREACHABLE (Error: http error: get_task_details failed: GET https://chat) - stays queued
T1v0#35: UNREACHABLE (Error: http error: get_task_details failed: GET https://chat) - stays queued
T1v0#37: UNREACHABLE (Error: http error: get_task_details failed: GET https://chat) - stays queued
T1v0#36: UNREACHABLE (Error: http error: get_task_details failed: GET https://chat) - stays queued
T1v0#38: UNREACHABLE (Error: http error: get_task_details failed: GET https://chat) - stays queued
T1v0#49: UNREACHABLE (Error: http error: get_task_details failed: GET https://chat) - stays queued
T1v0#46: UNREACHABLE (Error: http error: get_task_details failed: GET https://chat) - stays queued
T1v0#47: program
T1v0#53: program
T1v0#48: program
T1v0#51: program
T1v0#50: program
T1v0#52: program
T1v0#55: program
T1v0#57: program
T1v0#56: program
T1v0#54: no-program
T1v0#59: UNREACHABLE (Error: http error: get_task_details failed: GET https://chat) - stays queued
T1v0#58: UNREACHABLE (Error: http error: get_task_details failed: GET https://chat) - stays queued
T1v0#60: UNREACHABLE (Error: http error: get_task_details failed: GET https://chat) - stays queued
T1v0#61: UNREACHABLE (Error: http error: get_task_details failed: GET https://chat) - stays queued
T1v0#64: UNREACHABLE (Error: http error: get_task_details failed: GET https://chat) - stays queued
T1v0#63: UNREACHABLE (Error: http error: get_task_details failed: GET https://chat) - stays queued
T1v0#62: UNREACHABLE (Error: http error: get_task_details failed: GET https://chat) - stays queued
T1v0#65: UNREACHABLE (Error: http error: get_task_details failed: GET https://chat) - stays queued
T1v0#67: program
T1v0#68: program
T1v0#66: program
T1v0#69: program
T1v0#86: UNREACHABLE (Error: http error: get_task_details failed: GET https://chat) - stays queued
T1v0#88: UNREACHABLE (Error: http error: get_task_details failed: GET https://chat) - stays queued
T1v0#89: UNREACHABLE (Error: http error: get_task_details failed: GET https://chat) - stays queued
T1v0#87: UNREACHABLE (Error: http error: get_task_details failed: GET https://chat) - stays queued
T1v0#91: UNREACHABLE (Error: http error: get_task_details failed: GET https://chat) - stays queued
T1v0#90: UNREACHABLE (Error: http error: get_task_details failed: GET https://chat) - stays queued
T1v0#92: UNREACHABLE (Error: http error: get_task_details failed: GET https://chat) - stays queued
T1v0#93: UNREACHABLE (Error: http error: get_task_details failed: GET https://chat) - stays queued
T1v0#95: UNREACHABLE (Error: http error: get_task_details failed: GET https://chat) - stays queued
T1v0#98: UNREACHABLE (Error: http error: get_task_details failed: GET https://chat) - stays queued
T1v0#97: UNREACHABLE (Error: http error: get_task_details failed: GET https://chat) - stays queued
T1v0#96: UNREACHABLE (Error: http error: get_task_details failed: GET https://chat) - stays queued
T1v0#94: UNREACHABLE (Error: http error: get_task_details failed: GET https://chat) - stays queued
T1v0#99: UNREACHABLE (Error: http error: get_task_details failed: GET https://chat) - stays queued
T1v0#40: UNREACHABLE (Error: http error: get_task_details failed: GET https://chat) - stays queued
T1v0#39: UNREACHABLE (Error: http error: get_task_details failed: GET https://chat) - stays queued
T1v0#42: UNREACHABLE (Error: http error: get_task_details failed: GET https://chat) - stays queued
T1v0#41: UNREACHABLE (Error: http error: get_task_details failed: GET https://chat) - stays queued
T1v0#43: UNREACHABLE (Error: http error: get_task_details failed: GET https://chat) - stays queued
T1v0#45: UNREACHABLE (Error: http error: get_task_details failed: GET https://chat) - stays queued
T1v0#70: UNREACHABLE (Error: http error: get_task_details failed: GET https://chat) - stays queued
T1v0#44: UNREACHABLE (Error: http error: get_task_details failed: GET https://chat) - stays queued
T1v0#72: UNREACHABLE (Error: http error: get_task_details failed: GET https://chat) - stays queued
T1v0#73: UNREACHABLE (Error: http error: get_task_details failed: GET https://chat) - stays queued
T1v0#74: UNREACHABLE (Error: http error: get_task_details failed: GET https://chat) - stays queued
T1v0#71: UNREACHABLE (Error: http error: get_task_details failed: GET https://chat) - stays queued
T1v0#75: UNREACHABLE (Error: http error: get_task_details failed: GET https://chat) - stays queued
T1v0#76: UNREACHABLE (Error: http error: get_task_details failed: GET https://chat) - stays queued
T1v0#77: program
T1v0#78: program
T1v0#85: program
T1v0#82: program
T1v0#79: UNREACHABLE (Error: http error: get_task_details failed: GET https://chat) - stays queued
T1v0#84: UNREACHABLE (Error: http error: get_task_details failed: GET https://chat) - stays queued
T1v0#81: UNREACHABLE (Error: http error: get_task_details failed: GET https://chat) - stays queued
T1v0#83: UNREACHABLE (Error: http error: get_task_details failed: GET https://chat) - stays queued
T1v0#80: UNREACHABLE (Error: http error: get_task_details failed: GET https://chat) - stays queued
COLLECTION PASS DONE
cloud_auditrefs.jsonl: foreign schema - left to cloud-collect-special.js
BL-01a#99: UNREACHABLE (Error: http error: get_task_details failed: GET https://chat) - stays queued
BL-01a#55: UNREACHABLE (Error: http error: get_task_details failed: GET https://chat) - stays queued
BL-01a#54: UNREACHABLE (Error: http error: get_task_details failed: GET https://chat) - stays queued
BL-01a#59: UNREACHABLE (Error: http error: get_task_details failed: GET https://chat) - stays queued
BL-01a#57: UNREACHABLE (Error: http error: get_task_details failed: GET https://chat) - stays queued
BL-01a#56: UNREACHABLE (Error: http error: get_task_details failed: GET https://chat) - stays queued
BL-01a#86: UNREACHABLE (Error: http error: get_task_details failed: GET https://chat) - stays queued
BL-01a#93: UNREACHABLE (Error: http error: get_task_details failed: GET https://chat) - stays queued
BL-01a#92: UNREACHABLE (Error: http error: get_task_details failed: GET https://chat) - stays queued
BL-01a#89: UNREACHABLE (Error: http error: get_task_details failed: GET https://chat) - stays queued
BL-01a#90: UNREACHABLE (Error: http error: get_task_details failed: GET https://chat) - stays queued
BL-01a#87: UNREACHABLE (Error: http error: get_task_details failed: GET https://chat) - stays queued
BL-01a#95: UNREACHABLE (Error: http error: get_task_details failed: GET https://chat) - stays queued
BL-01b#41: UNREACHABLE (Error: http error: get_task_details failed: GET https://chat) - stays queued
BL-01b#42: UNREACHABLE (Error: http error: get_task_details failed: GET https://chat) - stays queued
BL-01b#43: UNREACHABLE (Error: http error: get_task_details failed: GET https://chat) - stays queued
BL-01b#45: UNREACHABLE (Error: http error: get_task_details failed: GET https://chat) - stays queued
BL-01b#44: UNREACHABLE (Error: http error: get_task_details failed: GET https://chat) - stays queued
BL-01b#52: UNREACHABLE (Error: http error: get_task_details failed: GET https://chat) - stays queued
BL-01b#53: UNREACHABLE (Error: http error: get_task_details failed: GET https://chat) - stays queued
BL-01b#54: UNREACHABLE (Error: http error: get_task_details failed: GET https://chat) - stays queued
BL-01b#56: UNREACHABLE (Error: http error: get_task_details failed: GET https://chat) - stays queued
BL-01b#55: UNREACHABLE (Error: http error: get_task_details failed: GET https://chat) - stays queued
BL-01b#57: UNREACHABLE (Error: http error: get_task_details failed: GET https://chat) - stays queued
BL-01b#66: UNREACHABLE (Error: http error: get_task_details failed: GET https://chat) - stays queued
BL-01b#65: UNREACHABLE (Error: http error: get_task_details failed: GET https://chat) - stays queued
BL-01b#67: UNREACHABLE (Error: http error: get_task_details failed: GET https://chat) - stays queued
BL-01b#64: UNREACHABLE (Error: http error: get_task_details failed: GET https://chat) - stays queued
BL-01b#68: UNREACHABLE (Error: http error: get_task_details failed: GET https://chat) - stays queued
BL-01b#71: program
BL-01b#76: program
BL-01b#78: program
BL-01b#79: program
BL-01b#77: program
BL-01b#80: program
BL-01b#81: program
BL-01b#83: program
BL-01b#82: program
BL-01b#85: no-program
BL-01b#84: UNREACHABLE (Error: http error: get_task_details failed: GET https://chat) - stays queued
BL-01b#87: UNREACHABLE (Error: http error: get_task_details failed: GET https://chat) - stays queued
BL-01b#86: UNREACHABLE (Error: http error: get_task_details failed: GET https://chat) - stays queued
BL-01b#88: UNREACHABLE (Error: http error: get_task_details failed: GET https://chat) - stays queued
BL-01b#89: UNREACHABLE (Error: http error: get_task_details failed: GET https://chat) - stays queued
BL-01b#90: UNREACHABLE (Error: http error: get_task_details failed: GET https://chat) - stays queued
BL-01b#92: UNREACHABLE (Error: http error: get_task_details failed: GET https://chat) - stays queued
BL-01b#95: UNREACHABLE (Error: http error: get_task_details failed: GET https://chat) - stays queued
BL-01b#96: UNREACHABLE (Error: http error: get_task_details failed: GET https://chat) - stays queued
BL-01b#97: UNREACHABLE (Error: http error: get_task_details failed: GET https://chat) - stays queued
BL-01b#100: UNREACHABLE (Error: http error: get_task_details failed: GET https://chat) - stays queued
BL-01b#101: UNREACHABLE (Error: http error: get_task_details failed: GET https://chat) - stays queued
BL-01b#102: UNREACHABLE (Error: http error: get_task_details failed: GET https://chat) - stays queued
BL-01b#103: program
BL-01b#104: no-program
BL-01b#105: program
BL-01b#111: program
BL-01b#110: program
BL-01b#106: program
BL-01b#113: program
BL-01b#112: program
BL-01b#114: program
BL-01b#116: program
BL-01b#115: no-program
BL-01b#117: UNREACHABLE (Error: http error: get_task_details failed: GET https://chat) - stays queued
BL-01b#118: UNREACHABLE (Error: http error: get_task_details failed: GET https://chat) - stays queued
BL-01b#119: UNREACHABLE (Error: http error: get_task_details failed: GET https://chat) - stays queued
BL-01b#121: UNREACHABLE (Error: http error: get_task_details failed: GET https://chat) - stays queued
BL-01b#120: UNREACHABLE (Error: http error: get_task_details failed: GET https://chat) - stays queued
BL-01b#122: UNREACHABLE (Error: http error: get_task_details failed: GET https://chat) - stays queued
BL-01b#123: UNREACHABLE (Error: http error: get_task_details failed: GET https://chat) - stays queued
BL-01b#133: UNREACHABLE (Error: http error: get_task_details failed: GET https://chat) - stays queued
BL-01b#140: UNREACHABLE (Error: http error: get_task_details failed: GET https://chat) - stays queued
BL-01b#146: UNREACHABLE (Error: http error: get_task_details failed: GET https://chat) - stays queued
BL-01b#147: no-program
BL-01b#145: program
BL-01b#46: program
BL-01b#48: program
BL-01b#47: UNREACHABLE (Error: http error: get_task_details failed: GET https://chat) - stays queued
BL-01b#51: UNREACHABLE (Error: http error: get_task_details failed: GET https://chat) - stays queued
BL-01b#49: UNREACHABLE (Error: http error: get_task_details failed: GET https://chat) - stays queued
BL-01b#50: UNREACHABLE (Error: http error: get_task_details failed: GET https://chat) - stays queued
BL-01b#75: UNREACHABLE (Error: http error: get_task_details failed: GET https://chat) - stays queued
BL-01b#74: UNREACHABLE (Error: http error: get_task_details failed: GET https://chat) - stays queued
BL-01b#125: UNREACHABLE (Error: http error: get_task_details failed: GET https://chat) - stays queued
BL-01b#124: UNREACHABLE (Error: http error: get_task_details failed: GET https://chat) - stays queued
BL-01b#127: UNREACHABLE (Error: http error: get_task_details failed: GET https://chat) - stays queued
BL-01b#129: UNREACHABLE (Error: http error: get_task_details failed: GET https://chat) - stays queued
BL-01b#126: UNREACHABLE (Error: http error: get_task_details failed: GET https://chat) - stays queued
BL-01b#128: UNREACHABLE (Error: http error: get_task_details failed: GET https://chat) - stays queued
BL-01b#130: UNREACHABLE (Error: http error: get_task_details failed: GET https://chat) - stays queued
BL-01b#132: UNREACHABLE (Error: http error: get_task_details failed: GET https://chat) - stays queued
BL-01b#149: UNREACHABLE (Error: http error: get_task_details failed: GET https://chat) - stays queued
BL-01b#131: UNREACHABLE (Error: http error: get_task_details failed: GET https://chat) - stays queued
BL-01b#148: UNREACHABLE (Error: http error: get_task_details failed: GET https://chat) - stays queued
BL-01b#150: UNREACHABLE (Error: http error: get_task_details failed: GET https://chat) - stays queued
BL-01b#152: UNREACHABLE (Error: http error: get_task_details failed: GET https://chat) - stays queued
BL-01b#151: UNREACHABLE (Error: http error: get_task_details failed: GET https://chat) - stays queued
BL-01b#153: UNREACHABLE (Error: http error: get_task_details failed: GET https://chat) - stays queued
BL-01b#156: UNREACHABLE (Error: http error: get_task_details failed: GET https://chat) - stays queued
BL-01b#158: UNREACHABLE (Error: http error: get_task_details failed: GET https://chat) - stays queued
BL-01b#159: UNREACHABLE (Error: http error: get_task_details failed: GET https://chat) - stays queued
BL-01b#162: program
BL-01b#160: program
BL-01b#161: program
BL-01b#164: program
BL-01b#163: no-program
BL-01b#165: UNREACHABLE (Error: http error: get_task_details failed: GET https://chat) - stays queued
BL-01b#174: UNREACHABLE (Error: http error: get_task_details failed: GET https://chat) - stays queued
BL-01b#177: UNREACHABLE (Error: http error: get_task_details failed: GET https://chat) - stays queued
BL-01b#175: UNREACHABLE (Error: http error: get_task_details failed: GET https://chat) - stays queued
BL-01b#176: UNREACHABLE (Error: http error: get_task_details failed: GET https://chat) - stays queued
BL-01b#178: program
BL-01b#179: program
BL-01b#180: program
BL-01b#181: no-program
BL-01b#182: UNREACHABLE (Error: http error: get_task_details failed: GET https://chat) - stays queued
BL-01b#183: UNREACHABLE (Error: http error: get_task_details failed: GET https://chat) - stays queued
BL-01b#185: UNREACHABLE (Error: http error: get_task_details failed: GET https://chat) - stays queued
BL-01b#184: UNREACHABLE (Error: http error: get_task_details failed: GET https://chat) - stays queued
BL-01b#195: UNREACHABLE (Error: http error: get_task_details failed: GET https://chat) - stays queued
BL-01b#204: UNREACHABLE (Error: http error: get_task_details failed: GET https://chat) - stays queued
BL-01b#205: UNREACHABLE (Error: http error: get_task_details failed: GET https://chat) - stays queued
BL-01b#201: UNREACHABLE (Error: http error: get_task_details failed: GET https://chat) - stays queued
BL-01b#208: UNREACHABLE (Error: http error: get_task_details failed: GET https://chat) - stays queued
BL-01b#230: UNREACHABLE (Error: http error: get_task_details failed: GET https://chat) - stays queued
BL-01b#232: UNREACHABLE (Error: http error: get_task_details failed: GET https://chat) - stays queued
BL-01b#234: UNREACHABLE (Error: http error: get_task_details failed: GET https://chat) - stays queued
BL-01b#231: UNREACHABLE (Error: http error: get_task_details failed: GET https://chat) - stays queued
BL-01b#233: UNREACHABLE (Error: http error: get_task_details failed: GET https://chat) - stays queued
BL-01b#240: UNREACHABLE (Error: http error: get_task_details failed: GET https://chat) - stays queued
BL-01b#239: UNREACHABLE (Error: http error: get_task_details failed: GET https://chat) - stays queued
BL-01b#242: UNREACHABLE (Error: http error: get_task_details failed: GET https://chat) - stays queued
BL-01b#245: UNREACHABLE (Error: http error: get_task_details failed: GET https://chat) - stays queued
BL-01b#244: UNREACHABLE (Error: http error: get_task_details failed: GET https://chat) - stays queued
BL-01b#241: UNREACHABLE (Error: http error: get_task_details failed: GET https://chat) - stays queued
BL-01b#243: UNREACHABLE (Error: http error: get_task_details failed: GET https://chat) - stays queued
BL-01b#246: UNREACHABLE (Error: http error: get_task_details failed: GET https://chat) - stays queued
BL-01b#247: UNREACHABLE (Error: http error: get_task_details failed: GET https://chat) - stays queued
BL-01b#249: UNREACHABLE (Error: http error: get_task_details failed: GET https://chat) - stays queued
BL-01b#248: UNREACHABLE (Error: http error: get_task_details failed: GET https://chat) - stays queued
BL-01b#188: UNREACHABLE (Error: http error: get_task_details failed: GET https://chat) - stays queued
BL-01b#186: UNREACHABLE (Error: http error: get_task_details failed: GET https://chat) - stays queued
BL-01b#192: program
BL-01b#191: program
BL-01b#190: no-program
BL-01b#193: program
BL-01b#194: program
BL-01b#211: program
BL-01b#212: program
BL-01b#213: program
BL-01b#207: no-program
BL-01b#209: UNREACHABLE (Error: http error: get_task_details failed: GET https://chat) - stays queued
BL-01b#210: UNREACHABLE (Error: http error: get_task_details failed: GET https://chat) - stays queued
BL-01b#206: UNREACHABLE (Error: http error: get_task_details failed: GET https://chat) - stays queued
BL-01b#221: UNREACHABLE (Error: http error: get_task_details failed: GET https://chat) - stays queued
BL-01b#219: UNREACHABLE (Error: http error: get_task_details failed: GET https://chat) - stays queued
BL-01b#223: UNREACHABLE (Error: http error: get_task_details failed: GET https://chat) - stays queued
BL-01b#224: UNREACHABLE (Error: http error: get_task_details failed: GET https://chat) - stays queued
BL-01b#167: UNREACHABLE (Error: http error: get_task_details failed: GET https://chat) - stays queued
BL-01b#168: UNREACHABLE (Error: http error: get_task_details failed: GET https://chat) - stays queued
BL-01b#169: UNREACHABLE (Error: http error: get_task_details failed: GET https://chat) - stays queued
BL-01b#172: UNREACHABLE (Error: http error: get_task_details failed: GET https://chat) - stays queued
BL-01b#171: UNREACHABLE (Error: http error: get_task_details failed: GET https://chat) - stays queued
BL-01b#226: UNREACHABLE (Error: http error: get_task_details failed: GET https://chat) - stays queued
BL-01b#170: UNREACHABLE (Error: http error: get_task_details failed: GET https://chat) - stays queued
BL-01b#173: program
BL-01b#1: program
BL-01b#4: program
BL-01b#3: no-program
BL-01b#2: UNREACHABLE (Error: http error: get_task_details failed: GET https://chat) - stays queued
BL-01b#5: UNREACHABLE (Error: http error: get_task_details failed: GET https://chat) - stays queued
BL-01b#7: UNREACHABLE (Error: http error: get_task_details failed: GET https://chat) - stays queued
BL-01b#6: UNREACHABLE (Error: http error: get_task_details failed: GET https://chat) - stays queued
BL-01b#9: UNREACHABLE (Error: http error: get_task_details failed: GET https://chat) - stays queued
BL-01b#11: UNREACHABLE (Error: http error: get_task_details failed: GET https://chat) - stays queued
BL-01b#10: UNREACHABLE (Error: http error: get_task_details failed: GET https://chat) - stays queued
BL-01b#13: UNREACHABLE (Error: http error: get_task_details failed: GET https://chat) - stays queued
BL-01b#15: UNREACHABLE (Error: http error: get_task_details failed: GET https://chat) - stays queued
BL-01b#16: UNREACHABLE (Error: http error: get_task_details failed: GET https://chat) - stays queued
BL-01b#17: UNREACHABLE (Error: http error: get_task_details failed: GET https://chat) - stays queued
BL-01b#18: UNREACHABLE (Error: http error: get_task_details failed: GET https://chat) - stays queued
BL-01b#19: UNREACHABLE (Error: http error: get_task_details failed: GET https://chat) - stays queued
BL-01b#24: UNREACHABLE (Error: http error: get_task_details failed: GET https://chat) - stays queued
BL-01b#25: UNREACHABLE (Error: http error: get_task_details failed: GET https://chat) - stays queued
BL-01b#26: UNREACHABLE (Error: http error: get_task_details failed: GET https://chat) - stays queued
BL-01b#29: UNREACHABLE (Error: http error: get_task_details failed: GET https://chat) - stays queued
BL-01b#28: program
BL-01b#27: program
BL-01b#21: program
BL-01b#20: program
BL-01b#42: program
BL-01b#43: no-program
BL-01b#45: program
BL-01b#44: program
BL-01b#46: UNREACHABLE (Error: http error: get_task_details failed: GET https://chat) - stays queued
BL-01b#48: UNREACHABLE (Error: http error: get_task_details failed: GET https://chat) - stays queued
BL-01b#53: UNREACHABLE (Error: http error: get_task_details failed: GET https://chat) - stays queued
BL-01b#52: UNREACHABLE (Error: http error: get_task_details failed: GET https://chat) - stays queued
BL-01b#54: UNREACHABLE (Error: http error: get_task_details failed: GET https://chat) - stays queued
BL-01b#65: UNREACHABLE (Error: http error: get_task_details failed: GET https://chat) - stays queued
BL-01b#64: program
BL-01b#67: no-program
BL-01b#66: program
BL-01b#68: no-program
BL-01b#69: UNREACHABLE (Error: http error: get_task_details failed: GET https://chat) - stays queued
BL-01b#70: UNREACHABLE (Error: http error: get_task_details failed: GET https://chat) - stays queued
BL-01b#72: UNREACHABLE (Error: http error: get_task_details failed: GET https://chat) - stays queued
BL-01b#71: UNREACHABLE (Error: http error: get_task_details failed: GET https://chat) - stays queued
BL-01b#73: UNREACHABLE (Error: http error: get_task_details failed: GET https://chat) - stays queued
BL-01b#57: UNREACHABLE (Error: http error: get_task_details failed: GET https://chat) - stays queued
BL-01b#56: UNREACHABLE (Error: http error: get_task_details failed: GET https://chat) - stays queued
BL-01b#62: UNREACHABLE (Error: http error: get_task_details failed: GET https://chat) - stays queued
BL-01b#63: UNREACHABLE (Error: http error: get_task_details failed: GET https://chat) - stays queued
BL-01b#77: UNREACHABLE (Error: http error: get_task_details failed: GET https://chat) - stays queued
BL-01b#78: UNREACHABLE (Error: http error: get_task_details failed: GET https://chat) - stays queued
BL-01b#35: UNREACHABLE (Error: http error: get_task_details failed: GET https://chat) - stays queued
BL-01b#34: UNREACHABLE (Error: http error: get_task_details failed: GET https://chat) - stays queued
BL-01b#36: UNREACHABLE (Error: http error: get_task_details failed: GET https://chat) - stays queued
BL-01b#37: UNREACHABLE (Error: http error: get_task_details failed: GET https://chat) - stays queued
BL-01b#38: UNREACHABLE (Error: http error: get_task_details failed: GET https://chat) - stays queued
BL-01b#0: UNREACHABLE (Error: http error: get_task_details failed: GET https://chat) - stays queued
BL-01b#2: UNREACHABLE (Error: http error: get_task_details failed: GET https://chat) - stays queued
BL-01b#1: UNREACHABLE (Error: http error: get_task_details failed: GET https://chat) - stays queued
BL-01b#11: UNREACHABLE (Error: http error: get_task_details failed: GET https://chat) - stays queued
BL-01b#12: UNREACHABLE (Error: http error: get_task_details failed: GET https://chat) - stays queued
BL-01b#13: UNREACHABLE (Error: http error: get_task_details failed: GET https://chat) - stays queued
BL-01b#15: UNREACHABLE (Error: http error: get_task_details failed: GET https://chat) - stays queued
BL-01b#14: UNREACHABLE (Error: http error: get_task_details failed: GET https://chat) - stays queued
BL-01b#16: UNREACHABLE (Error: http error: get_task_details failed: GET https://chat) - stays queued
BL-01b#17: UNREACHABLE (Error: http error: get_task_details failed: GET https://chat) - stays queued
BL-01b#18: UNREACHABLE (Error: http error: get_task_details failed: GET https://chat) - stays queued
BL-01b#22: UNREACHABLE (Error: http error: get_task_details failed: GET https://chat) - stays queued
BL-01b#23: UNREACHABLE (Error: http error: get_task_details failed: GET https://chat) - stays queued
BL-01b#3: UNREACHABLE (Error: http error: get_task_details failed: GET https://chat) - stays queued
BL-01b#24: UNREACHABLE (Error: http error: get_task_details failed: GET https://chat) - stays queued
BL-01b#4: UNREACHABLE (Error: http error: get_task_details failed: GET https://chat) - stays queued
BL-01b#5: UNREACHABLE (Error: http error: get_task_details failed: GET https://chat) - stays queued
BL-01b#25: UNREACHABLE (Error: http error: get_task_details failed: GET https://chat) - stays queued
BL-01b#26: program
BL-01b#27: program
BL-01b#28: no-program
BL-01b#29: program
BL-01b#22: no-program
BL-01b#20: UNREACHABLE (Error: http error: get_task_details failed: GET https://chat) - stays queued
BL-01b#21: UNREACHABLE (Error: http error: get_task_details failed: GET https://chat) - stays queued
BL-01b#23: UNREACHABLE (Error: http error: get_task_details failed: GET https://chat) - stays queued
BL-01b#28: UNREACHABLE (Error: http error: get_task_details failed: GET https://chat) - stays queued
BL-01b#25: UNREACHABLE (Error: http error: get_task_details failed: GET https://chat) - stays queued
BL-01b#26: UNREACHABLE (Error: http error: get_task_details failed: GET https://chat) - stays queued
BL-01b#24: UNREACHABLE (Error: http error: get_task_details failed: GET https://chat) - stays queued
BL-01b#27: UNREACHABLE (Error: http error: get_task_details failed: GET https://chat) - stays queued
BL-01b#29: UNREACHABLE (Error: http error: get_task_details failed: GET https://chat) - stays queued
BL-01c#1: UNREACHABLE (Error: http error: get_task_details failed: GET https://chat) - stays queued
BL-01c#6: UNREACHABLE (Error: http error: get_task_details failed: GET https://chat) - stays queued
BL-01c#13: UNREACHABLE (Error: http error: get_task_details failed: GET https://chat) - stays queued
BL-01c#19: UNREACHABLE (Error: http error: get_task_details failed: GET https://chat) - stays queued
BL-01c#9: UNREACHABLE (Error: http error: get_task_details failed: GET https://chat) - stays queued
BL-01c#12: UNREACHABLE (Error: http error: get_task_details failed: GET https://chat) - stays queued
BL-01c#15: UNREACHABLE (Error: http error: get_task_details failed: GET https://chat) - stays queued
BL-01c#2: UNREACHABLE (Error: http error: get_task_details failed: GET https://chat) - stays queued
BL-01c#11: UNREACHABLE (Error: http error: get_task_details failed: GET https://chat) - stays queued
BL-01c#8: UNREACHABLE (Error: http error: get_task_details failed: GET https://chat) - stays queued
BL-01c#18: UNREACHABLE (Error: http error: get_task_details failed: GET https://chat) - stays queued
BL-01c#10: UNREACHABLE (Error: http error: get_task_details failed: GET https://chat) - stays queued
BL-01c#0: UNREACHABLE (Error: http error: get_task_details failed: GET https://chat) - stays queued
BL-01c#3: UNREACHABLE (Error: http error: get_task_details failed: GET https://chat) - stays queued
BL-01c#7: UNREACHABLE (Error: http error: get_task_details failed: GET https://chat) - stays queued
BL-01c#23: UNREACHABLE (Error: http error: get_task_details failed: GET https://chat) - stays queued
BL-01c#29: program
BL-01c#31: program
BL-01c#34: UNREACHABLE (Error: http error: get_task_details failed: GET https://chat) - stays queued
BL-01c#30: UNREACHABLE (Error: http error: get_task_details failed: GET https://chat) - stays queued
BL-01c#21: UNREACHABLE (Error: http error: get_task_details failed: GET https://chat) - stays queued
BL-01c#26: UNREACHABLE (Error: http error: get_task_details failed: GET https://chat) - stays queued
BL-01c#32: UNREACHABLE (Error: http error: get_task_details failed: GET https://chat) - stays queued
BL-01c#24: UNREACHABLE (Error: http error: get_task_details failed: GET https://chat) - stays queued
BL-01c#27: UNREACHABLE (Error: http error: get_task_details failed: GET https://chat) - stays queued
BL-01c#38: UNREACHABLE (Error: http error: get_task_details failed: GET https://chat) - stays queued
BL-01c#28: UNREACHABLE (Error: http error: get_task_details failed: GET https://chat) - stays queued
BL-01c#35: UNREACHABLE (Error: http error: get_task_details failed: GET https://chat) - stays queued
BL-01c#33: UNREACHABLE (Error: http error: get_task_details failed: GET https://chat) - stays queued
BL-01c#36: UNREACHABLE (Error: http error: get_task_details failed: GET https://chat) - stays queued
BL-01c#39: UNREACHABLE (Error: http error: get_task_details failed: GET https://chat) - stays queued
BL-01c#37: UNREACHABLE (Error: http error: get_task_details failed: GET https://chat) - stays queued
BL-01c#40: UNREACHABLE (Error: http error: get_task_details failed: GET https://chat) - stays queued
BL-01c#41: UNREACHABLE (Error: http error: get_task_details failed: GET https://chat) - stays queued
BL-01c#43: UNREACHABLE (Error: http error: get_task_details failed: GET https://chat) - stays queued
BL-01c#45: UNREACHABLE (Error: http error: get_task_details failed: GET https://chat) - stays queued
BL-01c#44: UNREACHABLE (Error: http error: get_task_details failed: GET https://chat) - stays queued
BL-01c#42: UNREACHABLE (Error: http error: get_task_details failed: GET https://chat) - stays queued
BL-01c#46: UNREACHABLE (Error: http error: get_task_details failed: GET https://chat) - stays queued
BL-01c#47: UNREACHABLE (Error: http error: get_task_details failed: GET https://chat) - stays queued
BL-01c#48: UNREACHABLE (Error: http error: get_task_details failed: GET https://chat) - stays queued
BL-01c#50: UNREACHABLE (Error: http error: get_task_details failed: GET https://chat) - stays queued
BL-01c#49: UNREACHABLE (Error: http error: get_task_details failed: GET https://chat) - stays queued
BL-01c#51: UNREACHABLE (Error: http error: get_task_details failed: GET https://chat) - stays queued
BL-01c#53: UNREACHABLE (Error: http error: get_task_details failed: GET https://chat) - stays queued
BL-01c#52: program
BL-01c#59: program
BL-01c#62: program
BL-01c#63: program
BL-01c#65: program
BL-01c#67: program
BL-01c#68: no-program
BL-01c#66: UNREACHABLE (Error: http error: get_task_details failed: GET https://chat) - stays queued
BL-01c#64: UNREACHABLE (Error: http error: get_task_details failed: GET https://chat) - stays queued
BL-01c#69: UNREACHABLE (Error: http error: get_task_details failed: GET https://chat) - stays queued
BL-01c#71: UNREACHABLE (Error: http error: get_task_details failed: GET https://chat) - stays queued
BL-01c#70: UNREACHABLE (Error: http error: get_task_details failed: GET https://chat) - stays queued
BL-01c#72: UNREACHABLE (Error: http error: get_task_details failed: GET https://chat) - stays queued
BL-01c#73: UNREACHABLE (Error: http error: get_task_details failed: GET https://chat) - stays queued
BL-01c#75: UNREACHABLE (Error: http error: get_task_details failed: GET https://chat) - stays queued
BL-01c#74: UNREACHABLE (Error: http error: get_task_details failed: GET https://chat) - stays queued
BL-01c#76: UNREACHABLE (Error: http error: get_task_details failed: GET https://chat) - stays queued
BL-01c#77: UNREACHABLE (Error: http error: get_task_details failed: GET https://chat) - stays queued
BL-01c#78: UNREACHABLE (Error: http error: get_task_details failed: GET https://chat) - stays queued
BL-01c#79: UNREACHABLE (Error: http error: get_task_details failed: GET https://chat) - stays queued
BL-01c#86: UNREACHABLE (Error: http error: get_task_details failed: GET https://chat) - stays queued
BL-01c#87: UNREACHABLE (Error: http error: get_task_details failed: GET https://chat) - stays queued
BL-01c#85: UNREACHABLE (Error: http error: get_task_details failed: GET https://chat) - stays queued
BL-01c#96: program
BL-01c#95: program
BL-01c#97: program
BL-01c#98: UNREACHABLE (Error: http error: get_task_details failed: GET https://chat) - stays queued
BL-01c#99: UNREACHABLE (Error: http error: get_task_details failed: GET https://chat) - stays queued
BL-01c#100: UNREACHABLE (Error: http error: get_task_details failed: GET https://chat) - stays queued
BL-01c#101: UNREACHABLE (Error: http error: get_task_details failed: GET https://chat) - stays queued
BL-01c#103: UNREACHABLE (Error: http error: get_task_details failed: GET https://chat) - stays queued
BL-01c#102: UNREACHABLE (Error: http error: get_task_details failed: GET https://chat) - stays queued
BL-01c#104: UNREACHABLE (Error: http error: get_task_details failed: GET https://chat) - stays queued
BL-01c#108: UNREACHABLE (Error: http error: get_task_details failed: GET https://chat) - stays queued
BL-01c#107: UNREACHABLE (Error: http error: get_task_details failed: GET https://chat) - stays queued
BL-01c#110: UNREACHABLE (Error: http error: get_task_details failed: GET https://chat) - stays queued
BL-01c#111: UNREACHABLE (Error: http error: get_task_details failed: GET https://chat) - stays queued
BL-01c#112: UNREACHABLE (Error: http error: get_task_details failed: GET https://chat) - stays queued
BL-01c#113: UNREACHABLE (Error: http error: get_task_details failed: GET https://chat) - stays queued
BL-01c#114: UNREACHABLE (Error: http error: get_task_details failed: GET https://chat) - stays queued
BL-01c#116: UNREACHABLE (Error: http error: get_task_details failed: GET https://chat) - stays queued
BL-01c#117: UNREACHABLE (Error: http error: get_task_details failed: GET https://chat) - stays queued
BL-01c#115: UNREACHABLE (Error: http error: get_task_details failed: GET https://chat) - stays queued
BL-01c#118: UNREACHABLE (Error: http error: get_task_details failed: GET https://chat) - stays queued
BL-01c#119: UNREACHABLE (Error: http error: get_task_details failed: GET https://chat) - stays queued
BL-01c#88: UNREACHABLE (Error: http error: get_task_details failed: GET https://chat) - stays queued
BL-01c#90: UNREACHABLE (Error: http error: get_task_details failed: GET https://chat) - stays queued
BL-01c#93: program
BL-01c#92: no-program
BL-01c#122: UNREACHABLE (Error: http error: get_task_details failed: GET https://chat) - stays queued
BL-01c#124: UNREACHABLE (Error: http error: get_task_details failed: GET https://chat) - stays queued
BL-01c#126: UNREACHABLE (Error: http error: get_task_details failed: GET https://chat) - stays queued
BL-01c#127: UNREACHABLE (Error: http error: get_task_details failed: GET https://chat) - stays queued
BL-01c#128: UNREACHABLE (Error: http error: get_task_details failed: GET https://chat) - stays queued
BL-01c#132: UNREACHABLE (Error: http error: get_task_details failed: GET https://chat) - stays queued
BL-01c#133: UNREACHABLE (Error: http error: get_task_details failed: GET https://chat) - stays queued
BL-01c#129: UNREACHABLE (Error: http error: get_task_details failed: GET https://chat) - stays queued
BL-01c#134: UNREACHABLE (Error: http error: get_task_details failed: GET https://chat) - stays queued
BL-01c#130: UNREACHABLE (Error: http error: get_task_details failed: GET https://chat) - stays queued
BL-01c#131: UNREACHABLE (Error: http error: get_task_details failed: GET https://chat) - stays queued
BL-01c#73: UNREACHABLE (Error: http error: get_task_details failed: GET https://chat) - stays queued
BL-01c#69: UNREACHABLE (Error: http error: get_task_details failed: GET https://chat) - stays queued
BL-01c#68: UNREACHABLE (Error: http error: get_task_details failed: GET https://chat) - stays queued
BL-01c#18: UNREACHABLE (Error: http error: get_task_details failed: GET https://chat) - stays queued
BL-01c#19: UNREACHABLE (Error: http error: get_task_details failed: GET https://chat) - stays queued
BL-01c#20: UNREACHABLE (Error: http error: get_task_details failed: GET https://chat) - stays queued
BL-02c#28: UNREACHABLE (Error: http error: get_task_details failed: GET https://chat) - stays queued
BL-02c#29: UNREACHABLE (Error: http error: get_task_details failed: GET https://chat) - stays queued
BL-03#2: UNREACHABLE (Error: http error: get_task_details failed: GET https://chat) - stays queued
BL-03#5: UNREACHABLE (Error: http error: get_task_details failed: GET https://chat) - stays queued
BL-03#7: UNREACHABLE (Error: http error: get_task_details failed: GET https://chat) - stays queued
BL-03#4: UNREACHABLE (Error: http error: get_task_details failed: GET https://chat) - stays queued
BL-03#33: UNREACHABLE (Error: http error: get_task_details failed: GET https://chat) - stays queued
BL-03#55: UNREACHABLE (Error: http error: get_task_details failed: GET https://chat) - stays queued
BL-03#56: UNREACHABLE (Error: http error: get_task_details failed: GET https://chat) - stays queued
BL-03#59: UNREACHABLE (Error: http error: get_task_details failed: GET https://chat) - stays queued
BL-03#38: UNREACHABLE (Error: http error: get_task_details failed: GET https://chat) - stays queued
BL-03#44: UNREACHABLE (Error: http error: get_task_details failed: GET https://chat) - stays queued
BL-03#45: program
BL-03#43: no-program
BL-03#46: program
BL-03#48: program
BL-03#52: program
BL-03#49: no-program
BL-03#47: UNREACHABLE (Error: http error: get_task_details failed: GET https://chat) - stays queued
BL-04#3: UNREACHABLE (Error: http error: get_task_details failed: GET https://chat) - stays queued
BL-04#2: UNREACHABLE (Error: http error: get_task_details failed: GET https://chat) - stays queued
BL-04#5: UNREACHABLE (Error: http error: get_task_details failed: GET https://chat) - stays queued
BL-04#4: UNREACHABLE (Error: http error: get_task_details failed: GET https://chat) - stays queued
BL-04#8: UNREACHABLE (Error: http error: get_task_details failed: GET https://chat) - stays queued
BL-04#10: UNREACHABLE (Error: http error: get_task_details failed: GET https://chat) - stays queued
BL-04#11: UNREACHABLE (Error: http error: get_task_details failed: GET https://chat) - stays queued
BL-04#12: UNREACHABLE (Error: http error: get_task_details failed: GET https://chat) - stays queued
BL-04#13: UNREACHABLE (Error: http error: get_task_details failed: GET https://chat) - stays queued
BL-04#15: UNREACHABLE (Error: http error: get_task_details failed: GET https://chat) - stays queued
BL-04#16: UNREACHABLE (Error: http error: get_task_details failed: GET https://chat) - stays queued
BL-04#17: UNREACHABLE (Error: http error: get_task_details failed: GET https://chat) - stays queued
BL-04#18: UNREACHABLE (Error: http error: get_task_details failed: GET https://chat) - stays queued
BL-04#14: UNREACHABLE (Error: http error: get_task_details failed: GET https://chat) - stays queued
BL-04#19: UNREACHABLE (Error: http error: get_task_details failed: GET https://chat) - stays queued
BL-04#20: UNREACHABLE (Error: http error: get_task_details failed: GET https://chat) - stays queued
BL-04#21: UNREACHABLE (Error: http error: get_task_details failed: GET https://chat) - stays queued
BL-04#22: UNREACHABLE (Error: http error: get_task_details failed: GET https://chat) - stays queued
BL-04#23: UNREACHABLE (Error: http error: get_task_details failed: GET https://chat) - stays queued
BL-04#24: UNREACHABLE (Error: http error: get_task_details failed: GET https://chat) - stays queued
BL-04#25: UNREACHABLE (Error: http error: get_task_details failed: GET https://chat) - stays queued
BL-04#26: program
BL-04#27: program
BL-04#28: no-program
BL-04#29: UNREACHABLE (Error: http error: get_task_details failed: GET https://chat) - stays queued
BL-04#30: UNREACHABLE (Error: http error: get_task_details failed: GET https://chat) - stays queued
BL-04#31: UNREACHABLE (Error: http error: get_task_details failed: GET https://chat) - stays queued
BL-04#32: UNREACHABLE (Error: http error: get_task_details failed: GET https://chat) - stays queued
BL-04#33: UNREACHABLE (Error: http error: get_task_details failed: GET https://chat) - stays queued
BL-04#34: UNREACHABLE (Error: http error: get_task_details failed: GET https://chat) - stays queued
BL-04#35: UNREACHABLE (Error: http error: get_task_details failed: GET https://chat) - stays queued
BL-04#36: UNREACHABLE (Error: http error: get_task_details failed: GET https://chat) - stays queued
BL-04#37: UNREACHABLE (Error: http error: get_task_details failed: GET https://chat) - stays queued
BL-04#38: UNREACHABLE (Error: http error: get_task_details failed: GET https://chat) - stays queued
BL-04#39: UNREACHABLE (Error: http error: get_task_details failed: GET https://chat) - stays queued
BL-04#40: UNREACHABLE (Error: http error: get_task_details failed: GET https://chat) - stays queued
BL-04#41: UNREACHABLE (Error: http error: get_task_details failed: GET https://chat) - stays queued
BL-04#42: UNREACHABLE (Error: http error: get_task_details failed: GET https://chat) - stays queued
BL-04#43: UNREACHABLE (Error: http error: get_task_details failed: GET https://chat) - stays queued
BL-04#44: UNREACHABLE (Error: http error: get_task_details failed: GET https://chat) - stays queued
BL-04#45: UNREACHABLE (Error: http error: get_task_details failed: GET https://chat) - stays queued
BL-04#46: UNREACHABLE (Error: http error: get_task_details failed: GET https://chat) - stays queued
BL-04#47: UNREACHABLE (Error: http error: get_task_details failed: GET https://chat) - stays queued
BL-05#16: UNREACHABLE (Error: http error: get_task_details failed: GET https://chat) - stays queued
BL-05#11: UNREACHABLE (Error: http error: get_task_details failed: GET https://chat) - stays queued
BL-05#14: UNREACHABLE (Error: http error: get_task_details failed: GET https://chat) - stays queued
BL-05#7: UNREACHABLE (Error: http error: get_task_details failed: GET https://chat) - stays queued
BL-05#4: UNREACHABLE (Error: http error: get_task_details failed: GET https://chat) - stays queued
BL-05#17: UNREACHABLE (Error: http error: get_task_details failed: GET https://chat) - stays queued
BL-05#9: UNREACHABLE (Error: http error: get_task_details failed: GET https://chat) - stays queued
BL-05#0: UNREACHABLE (Error: http error: get_task_details failed: GET https://chat) - stays queued
BL-05#18: UNREACHABLE (Error: http error: get_task_details failed: GET https://chat) - stays queued
BL-05#13: program
BL-05#19: program
BL-05#12: program
BL-05#1: program
BL-05#2: UNREACHABLE (Error: http error: get_task_details failed: GET https://chat) - stays queued
BL-05#10: UNREACHABLE (Error: http error: get_task_details failed: GET https://chat) - stays queued
BL-05#3: UNREACHABLE (Error: http error: get_task_details failed: GET https://chat) - stays queued
BL-05#8: UNREACHABLE (Error: http error: get_task_details failed: GET https://chat) - stays queued
BL-05#15: UNREACHABLE (Error: http error: get_task_details failed: GET https://chat) - stays queued
BL-05#20: UNREACHABLE (Error: http error: get_task_details failed: GET https://chat) - stays queued
BL-05#28: UNREACHABLE (Error: http error: get_task_details failed: GET https://chat) - stays queued
BL-05#27: UNREACHABLE (Error: http error: get_task_details failed: GET https://chat) - stays queued
BL-05#22: UNREACHABLE (Error: http error: get_task_details failed: GET https://chat) - stays queued
BL-05#29: UNREACHABLE (Error: http error: get_task_details failed: GET https://chat) - stays queued
BL-05#33: UNREACHABLE (Error: http error: get_task_details failed: GET https://chat) - stays queued
BL-05#31: UNREACHABLE (Error: http error: get_task_details failed: GET https://chat) - stays queued
BL-05#30: UNREACHABLE (Error: http error: get_task_details failed: GET https://chat) - stays queued
BL-05#32: UNREACHABLE (Error: http error: get_task_details failed: GET https://chat) - stays queued
BL-05#35: UNREACHABLE (Error: http error: get_task_details failed: GET https://chat) - stays queued
BL-05#34: program
BL-05#44: program
BL-05#43: program
BL-05#45: no-program
BL-05#46: UNREACHABLE (Error: http error: get_task_details failed: GET https://chat) - stays queued
BL-05#47: UNREACHABLE (Error: http error: get_task_details failed: GET https://chat) - stays queued
BL-05#48: UNREACHABLE (Error: http error: get_task_details failed: GET https://chat) - stays queued
BL-05#50: UNREACHABLE (Error: http error: get_task_details failed: GET https://chat) - stays queued
BL-05#52: UNREACHABLE (Error: http error: get_task_details failed: GET https://chat) - stays queued
BL-05#49: UNREACHABLE (Error: http error: get_task_details failed: GET https://chat) - stays queued
BL-05#51: UNREACHABLE (Error: http error: get_task_details failed: GET https://chat) - stays queued
BL-05#53: UNREACHABLE (Error: http error: get_task_details failed: GET https://chat) - stays queued
BL-05#38: UNREACHABLE (Error: http error: get_task_details failed: GET https://chat) - stays queued
BL-05#37: UNREACHABLE (Error: http error: get_task_details failed: GET https://chat) - stays queued
BL-05#36: UNREACHABLE (Error: http error: get_task_details failed: GET https://chat) - stays queued
BL-05#41: UNREACHABLE (Error: http error: get_task_details failed: GET https://chat) - stays queued
BL-05#40: UNREACHABLE (Error: http error: get_task_details failed: GET https://chat) - stays queued
BL-05#39: UNREACHABLE (Error: http error: get_task_details failed: GET https://chat) - stays queued
BL-05#42: UNREACHABLE (Error: http error: get_task_details failed: GET https://chat) - stays queued
BL-05#54: UNREACHABLE (Error: http error: get_task_details failed: GET https://chat) - stays queued
BL-05#55: UNREACHABLE (Error: http error: get_task_details failed: GET https://chat) - stays queued
BL-05#56: UNREACHABLE (Error: http error: get_task_details failed: GET https://chat) - stays queued
BL-05#58: UNREACHABLE (Error: http error: get_task_details failed: GET https://chat) - stays queued
BL-05#57: UNREACHABLE (Error: http error: get_task_details failed: GET https://chat) - stays queued
BL-05#59: UNREACHABLE (Error: http error: get_task_details failed: GET https://chat) - stays queued
BL-05#0: UNREACHABLE (Error: http error: get_task_details failed: GET https://chat) - stays queued
BL-05#1: UNREACHABLE (Error: http error: get_task_details failed: GET https://chat) - stays queued
BL-05#3: UNREACHABLE (Error: http error: get_task_details failed: GET https://chat) - stays queued
BL-05#5: UNREACHABLE (Error: http error: get_task_details failed: GET https://chat) - stays queued
BL-05#16: UNREACHABLE (Error: http error: get_task_details failed: GET https://chat) - stays queued
BL-05#17: UNREACHABLE (Error: http error: get_task_details failed: GET https://chat) - stays queued
BL-05#18: UNREACHABLE (Error: http error: get_task_details failed: GET https://chat) - stays queued
BL-05#19: UNREACHABLE (Error: http error: get_task_details failed: GET https://chat) - stays queued
BL-05#20: UNREACHABLE (Error: http error: get_task_details failed: GET https://chat) - stays queued
BL-05#21: UNREACHABLE (Error: http error: get_task_details failed: GET https://chat) - stays queued
BL-05#23: UNREACHABLE (Error: http error: get_task_details failed: GET https://chat) - stays queued
BL-05#22: UNREACHABLE (Error: http error: get_task_details failed: GET https://chat) - stays queued
BL-05#24: program
BL-05#25: no-program
BL-05#26: program
BL-05#28: program
BL-05#29: program
BL-05#7: program
BL-05#6: no-program
BL-05#8: UNREACHABLE (Error: http error: get_task_details failed: GET https://chat) - stays queued
BL-05#27: UNREACHABLE (Error: http error: get_task_details failed: GET https://chat) - stays queued
BL-05#31: UNREACHABLE (Error: http error: get_task_details failed: GET https://chat) - stays queued
BL-05#34: UNREACHABLE (Error: http error: get_task_details failed: GET https://chat) - stays queued
BL-05#35: UNREACHABLE (Error: http error: get_task_details failed: GET https://chat) - stays queued
BL-05#30: UNREACHABLE (Error: http error: get_task_details failed: GET https://chat) - stays queued
BL-05#36: UNREACHABLE (Error: http error: get_task_details failed: GET https://chat) - stays queued
BL-05#37: UNREACHABLE (Error: http error: get_task_details failed: GET https://chat) - stays queued
BL-05#33: UNREACHABLE (Error: http error: get_task_details failed: GET https://chat) - stays queued
BL-05#32: UNREACHABLE (Error: http error: get_task_details failed: GET https://chat) - stays queued
BL-05#38: UNREACHABLE (Error: http error: get_task_details failed: GET https://chat) - stays queued
BL-05#39: UNREACHABLE (Error: http error: get_task_details failed: GET https://chat) - stays queued
BL-05#40: UNREACHABLE (Error: http error: get_task_details failed: GET https://chat) - stays queued
BL-05#41: UNREACHABLE (Error: http error: get_task_details failed: GET https://chat) - stays queued
BL-05#49: UNREACHABLE (Error: http error: get_task_details failed: GET https://chat) - stays queued
BL-05#46: UNREACHABLE (Error: http error: get_task_details failed: GET https://chat) - stays queued
BL-05#47: UNREACHABLE (Error: http error: get_task_details failed: GET https://chat) - stays queued
BL-05#51: UNREACHABLE (Error: http error: get_task_details failed: GET https://chat) - stays queued
BL-05#52: UNREACHABLE (Error: http error: get_task_details failed: GET https://chat) - stays queued
BL-05#53: UNREACHABLE (Error: http error: get_task_details failed: GET https://chat) - stays queued
BL-05#55: UNREACHABLE (Error: http error: get_task_details failed: GET https://chat) - stays queued
BL-05#56: UNREACHABLE (Error: http error: get_task_details failed: GET https://chat) - stays queued
BL-05#57: UNREACHABLE (Error: http error: get_task_details failed: GET https://chat) - stays queued
BL-05#54: UNREACHABLE (Error: http error: get_task_details failed: GET https://chat) - stays queued
BL-05#58: UNREACHABLE (Error: http error: get_task_details failed: GET https://chat) - stays queued
BL-05#59: UNREACHABLE (Error: http error: get_task_details failed: GET https://chat) - stays queued
BL-05#48: program
BL-05#50: program
BL-07#0: program
BL-07#1: no-program
BL-07#4: UNREACHABLE (Error: http error: get_task_details failed: GET https://chat) - stays queued
BL-07#5: UNREACHABLE (Error: http error: get_task_details failed: GET https://chat) - stays queued
BL-07#6: UNREACHABLE (Error: http error: get_task_details failed: GET https://chat) - stays queued
BL-07#7: UNREACHABLE (Error: http error: get_task_details failed: GET https://chat) - stays queued
BL-07#8: UNREACHABLE (Error: http error: get_task_details failed: GET https://chat) - stays queued
BL-07#9: UNREACHABLE (Error: http error: get_task_details failed: GET https://chat) - stays queued
BL-07#2: UNREACHABLE (Error: http error: get_task_details failed: GET https://chat) - stays queued
BL-07#10: UNREACHABLE (Error: http error: get_task_details failed: GET https://chat) - stays queued
BL-07#3: UNREACHABLE (Error: http error: get_task_details failed: GET https://chat) - stays queued
BL-07#11: UNREACHABLE (Error: http error: get_task_details failed: GET https://chat) - stays queued
BL-07#12: UNREACHABLE (Error: http error: get_task_details failed: GET https://chat) - stays queued
BL-07#13: UNREACHABLE (Error: http error: get_task_details failed: GET https://chat) - stays queued
BL-07#14: UNREACHABLE (Error: http error: get_task_details failed: GET https://chat) - stays queued
BL-07#15: UNREACHABLE (Error: http error: get_task_details failed: GET https://chat) - stays queued
BL-07#16: UNREACHABLE (Error: http error: get_task_details failed: GET https://chat) - stays queued
BL-07#17: UNREACHABLE (Error: http error: get_task_details failed: GET https://chat) - stays queued
BL-07#18: UNREACHABLE (Error: http error: get_task_details failed: GET https://chat) - stays queued
BL-07#19: UNREACHABLE (Error: http error: get_task_details failed: GET https://chat) - stays queued
BL-07#20: UNREACHABLE (Error: http error: get_task_details failed: GET https://chat) - stays queued
BL-07#21: UNREACHABLE (Error: http error: get_task_details failed: GET https://chat) - stays queued
BL-07#22: UNREACHABLE (Error: http error: get_task_details failed: GET https://chat) - stays queued
BL-07#23: UNREACHABLE (Error: http error: get_task_details failed: GET https://chat) - stays queued
BL-07#24: UNREACHABLE (Error: http error: get_task_details failed: GET https://chat) - stays queued
BL-07#25: UNREACHABLE (Error: http error: get_task_details failed: GET https://chat) - stays queued
BL-07#33: UNREACHABLE (Error: http error: get_task_details failed: GET https://chat) - stays queued
BL-07#34: UNREACHABLE (Error: http error: get_task_details failed: GET https://chat) - stays queued
BL-07#35: UNREACHABLE (Error: http error: get_task_details failed: GET https://chat) - stays queued
BL-07#36: UNREACHABLE (Error: http error: get_task_details failed: GET https://chat) - stays queued
BL-07#37: UNREACHABLE (Error: http error: get_task_details failed: GET https://chat) - stays queued
BL-07#38: UNREACHABLE (Error: http error: get_task_details failed: GET https://chat) - stays queued
BL-07#39: UNREACHABLE (Error: http error: get_task_details failed: GET https://chat) - stays queued
BL-07#40: UNREACHABLE (Error: http error: get_task_details failed: GET https://chat) - stays queued
BL-07#41: UNREACHABLE (Error: http error: get_task_details failed: GET https://chat) - stays queued
BL-07#42: UNREACHABLE (Error: http error: get_task_details failed: GET https://chat) - stays queued
BL-07#43: UNREACHABLE (Error: http error: get_task_details failed: GET https://chat) - stays queued
BL-07#44: program
BL-07#45: program
BL-07#46: program
BL-07#47: program
BL-07#48: program
BL-08#0: program
BL-08#2: program
BL-08#1: program
BL-08#3: no-program
BL-08#4: UNREACHABLE (Error: http error: get_task_details failed: GET https://chat) - stays queued
BL-08#5: UNREACHABLE (Error: http error: get_task_details failed: GET https://chat) - stays queued
BL-08#10: UNREACHABLE (Error: http error: get_task_details failed: GET https://chat) - stays queued
BL-08#8: UNREACHABLE (Error: http error: get_task_details failed: GET https://chat) - stays queued
BL-08#9: UNREACHABLE (Error: http error: get_task_details failed: GET https://chat) - stays queued
BL-08#11: UNREACHABLE (Error: http error: get_task_details failed: GET https://chat) - stays queued
BL-08#7: UNREACHABLE (Error: http error: get_task_details failed: GET https://chat) - stays queued
BL-08#6: UNREACHABLE (Error: http error: get_task_details failed: GET https://chat) - stays queued
BL-08#15: UNREACHABLE (Error: http error: get_task_details failed: GET https://chat) - stays queued
BL-08#13: UNREACHABLE (Error: http error: get_task_details failed: GET https://chat) - stays queued
BL-08#12: UNREACHABLE (Error: http error: get_task_details failed: GET https://chat) - stays queued
BL-08#17: UNREACHABLE (Error: http error: get_task_details failed: GET https://chat) - stays queued
BL-08#21: program
BL-08#23: program
BL-08#18: program
BL-08#19: program
BL-08#20: program
BL-08#22: program
BL-08#25: no-program
BL-08#26: UNREACHABLE (Error: http error: get_task_details failed: GET https://chat) - stays queued
BL-08#28: UNREACHABLE (Error: http error: get_task_details failed: GET https://chat) - stays queued
BL-08#27: UNREACHABLE (Error: http error: get_task_details failed: GET https://chat) - stays queued
BL-08#24: UNREACHABLE (Error: http error: get_task_details failed: GET https://chat) - stays queued
BL-08#29: UNREACHABLE (Error: http error: get_task_details failed: GET https://chat) - stays queued
BL-08#30: UNREACHABLE (Error: http error: get_task_details failed: GET https://chat) - stays queued
BL-08#31: UNREACHABLE (Error: http error: get_task_details failed: GET https://chat) - stays queued
BL-08#32: UNREACHABLE (Error: http error: get_task_details failed: GET https://chat) - stays queued
BL-08#33: UNREACHABLE (Error: http error: get_task_details failed: GET https://chat) - stays queued
BL-08#34: UNREACHABLE (Error: http error: get_task_details failed: GET https://chat) - stays queued
BL-08#35: UNREACHABLE (Error: http error: get_task_details failed: GET https://chat) - stays queued
BL-08#40: UNREACHABLE (Error: http error: get_task_details failed: GET https://chat) - stays queued
BL-08#41: UNREACHABLE (Error: http error: get_task_details failed: GET https://chat) - stays queued
BL-08#38: UNREACHABLE (Error: http error: get_task_details failed: GET https://chat) - stays queued
BL-08#37: UNREACHABLE (Error: http error: get_task_details failed: GET https://chat) - stays queued
BL-08#39: UNREACHABLE (Error: http error: get_task_details failed: GET https://chat) - stays queued
BL-08#36: UNREACHABLE (Error: http error: get_task_details failed: GET https://chat) - stays queued
BL-08#45: UNREACHABLE (Error: http error: get_task_details failed: GET https://chat) - stays queued
BL-08#43: UNREACHABLE (Error: http error: get_task_details failed: GET https://chat) - stays queued
BL-08#51: UNREACHABLE (Error: http error: get_task_details failed: GET https://chat) - stays queued
BL-08#50: UNREACHABLE (Error: http error: get_task_details failed: GET https://chat) - stays queued
BL-08#53: UNREACHABLE (Error: http error: get_task_details failed: GET https://chat) - stays queued
BL-08#52: UNREACHABLE (Error: http error: get_task_details failed: GET https://chat) - stays queued
BL-08#56: UNREACHABLE (Error: http error: get_task_details failed: GET https://chat) - stays queued
BL-08#55: UNREACHABLE (Error: http error: get_task_details failed: GET https://chat) - stays queued
BL-08#57: UNREACHABLE (Error: http error: get_task_details failed: GET https://chat) - stays queued
BL-08#54: UNREACHABLE (Error: http error: get_task_details failed: GET https://chat) - stays queued
BL-08#58: UNREACHABLE (Error: http error: get_task_details failed: GET https://chat) - stays queued
BL-08#2: UNREACHABLE (Error: http error: get_task_details failed: GET https://chat) - stays queued
BL-08#3: program
BL-08#4: program
BL-08#1: program
BL-08#5: program
BL-08#6: program
BL-08#8: program
BL-08#7: program
BL-08#9: no-program
BL-08#16: program
BL-08#17: program
BL-08#18: program
BL-08#21: program
BL-08#20: program
BL-08#19: program
BL-08#22: program
BL-08#23: program
BL-08#25: program
BL-08#24: program
BL-08#27: no-program
BL-08#26: UNREACHABLE (Error: http error: get_task_details failed: GET https://chat) - stays queued
BL-08#29: UNREACHABLE (Error: http error: get_task_details failed: GET https://chat) - stays queued
BL-08#28: UNREACHABLE (Error: http error: get_task_details failed: GET https://chat) - stays queued
BL-08#13: UNREACHABLE (Error: http error: get_task_details failed: GET https://chat) - stays queued
BL-08#12: UNREACHABLE (Error: http error: get_task_details failed: GET https://chat) - stays queued
BL-08#11: UNREACHABLE (Error: http error: get_task_details failed: GET https://chat) - stays queued
BL-08#10: UNREACHABLE (Error: http error: get_task_details failed: GET https://chat) - stays queued
BL-08#14: UNREACHABLE (Error: http error: get_task_details failed: GET https://chat) - stays queued
BL-08#15: UNREACHABLE (Error: http error: get_task_details failed: GET https://chat) - stays queued
cloud_dose_E1.jsonl: foreign schema - left to cloud-collect-special.js
cloud_efamily.jsonl: foreign schema - left to cloud-collect-special.js
ER-01c#5: UNREACHABLE (Error: http error: get_task_details failed: GET https://chat) - stays queued
ER-01c#3: UNREACHABLE (Error: http error: get_task_details failed: GET https://chat) - stays queued
ER-01c#4: UNREACHABLE (Error: http error: get_task_details failed: GET https://chat) - stays queued
ER-01c#0: UNREACHABLE (Error: http error: get_task_details failed: GET https://chat) - stays queued
ER-01c#1: UNREACHABLE (Error: http error: get_task_details failed: GET https://chat) - stays queued
ER-01c#2: UNREACHABLE (Error: http error: get_task_details failed: GET https://chat) - stays queued
ER-01c#6: UNREACHABLE (Error: http error: get_task_details failed: GET https://chat) - stays queued
ER-01c#7: UNREACHABLE (Error: http error: get_task_details failed: GET https://chat) - stays queued
ER-01c#8: UNREACHABLE (Error: http error: get_task_details failed: GET https://chat) - stays queued
ER-01c#9: UNREACHABLE (Error: http error: get_task_details failed: GET https://chat) - stays queued
ER-01c#10: UNREACHABLE (Error: http error: get_task_details failed: GET https://chat) - stays queued
ER-01c#19: UNREACHABLE (Error: http error: get_task_details failed: GET https://chat) - stays queued
ER-01c#20: program
ER-01c#21: program
ER-01c#22: program
ER-01c#23: program
ER-01c#28: UNREACHABLE (Error: http error: get_task_details failed: GET https://chat) - stays queued
ER-01c#24: UNREACHABLE (Error: http error: get_task_details failed: GET https://chat) - stays queued
ER-01c#29: UNREACHABLE (Error: http error: get_task_details failed: GET https://chat) - stays queued
ER-01c#25: UNREACHABLE (Error: http error: get_task_details failed: GET https://chat) - stays queued
ER-01c#26: UNREACHABLE (Error: http error: get_task_details failed: GET https://chat) - stays queued
ER-01c#27: UNREACHABLE (Error: http error: get_task_details failed: GET https://chat) - stays queued
ER-01c#30: UNREACHABLE (Error: http error: get_task_details failed: GET https://chat) - stays queued
ER-01c#31: UNREACHABLE (Error: http error: get_task_details failed: GET https://chat) - stays queued
ER-01#3: UNREACHABLE (Error: http error: get_task_details failed: GET https://chat) - stays queued
ER-01#2: UNREACHABLE (Error: http error: get_task_details failed: GET https://chat) - stays queued
ER-01#1: UNREACHABLE (Error: http error: get_task_details failed: GET https://chat) - stays queued
ER-01#5: UNREACHABLE (Error: http error: get_task_details failed: GET https://chat) - stays queued
ER-01#4: UNREACHABLE (Error: http error: get_task_details failed: GET https://chat) - stays queued
ER-01#0: program
ER-01#7: program
ER-01#9: program
ER-01#10: program
ER-01#8: no-program
ER-01#11: UNREACHABLE (Error: http error: get_task_details failed: GET https://chat) - stays queued
ER-01#6: UNREACHABLE (Error: http error: get_task_details failed: GET https://chat) - stays queued
ER-01#12: UNREACHABLE (Error: http error: get_task_details failed: GET https://chat) - stays queued
ER-01#15: UNREACHABLE (Error: http error: get_task_details failed: GET https://chat) - stays queued
ER-01#19: UNREACHABLE (Error: http error: get_task_details failed: GET https://chat) - stays queued
ER-01#18: UNREACHABLE (Error: http error: get_task_details failed: GET https://chat) - stays queued
ER-01#20: UNREACHABLE (Error: http error: get_task_details failed: GET https://chat) - stays queued
ER-01#21: UNREACHABLE (Error: http error: get_task_details failed: GET https://chat) - stays queued
ER-01#22: UNREACHABLE (Error: http error: get_task_details failed: GET https://chat) - stays queued
ER-01#23: no-program
ER-01#24: program
ER-01#26: program
ER-01#25: program
ER-01#28: no-program
ER-01#27: UNREACHABLE (Error: http error: get_task_details failed: GET https://chat) - stays queued
ER-01#29: UNREACHABLE (Error: http error: get_task_details failed: GET https://chat) - stays queued
ER-01#30: UNREACHABLE (Error: http error: get_task_details failed: GET https://chat) - stays queued
ER-01#33: UNREACHABLE (Error: http error: get_task_details failed: GET https://chat) - stays queued
ER-01#34: UNREACHABLE (Error: http error: get_task_details failed: GET https://chat) - stays queued
ER-01#35: UNREACHABLE (Error: http error: get_task_details failed: GET https://chat) - stays queued
ER-01#37: UNREACHABLE (Error: http error: get_task_details failed: GET https://chat) - stays queued
ER-01#38: UNREACHABLE (Error: http error: get_task_details failed: GET https://chat) - stays queued
ER-01#36: UNREACHABLE (Error: http error: get_task_details failed: GET https://chat) - stays queued
ER-01#39: UNREACHABLE (Error: http error: get_task_details failed: GET https://chat) - stays queued
ER-01#41: UNREACHABLE (Error: http error: get_task_details failed: GET https://chat) - stays queued
ER-01#40: UNREACHABLE (Error: http error: get_task_details failed: GET https://chat) - stays queued
ER-01#42: UNREACHABLE (Error: http error: get_task_details failed: GET https://chat) - stays queued
ER-01#43: UNREACHABLE (Error: http error: get_task_details failed: GET https://chat) - stays queued
ER-01#44: UNREACHABLE (Error: http error: get_task_details failed: GET https://chat) - stays queued
ER-01#45: UNREACHABLE (Error: http error: get_task_details failed: GET https://chat) - stays queued
ER-01#46: program
ER-01#47: program
ER-01#50: no-program
ER-01#48: UNREACHABLE (Error: http error: get_task_details failed: GET https://chat) - stays queued
ER-01#49: UNREACHABLE (Error: http error: get_task_details failed: GET https://chat) - stays queued
ER-01#51: UNREACHABLE (Error: http error: get_task_details failed: GET https://chat) - stays queued
ER-01#52: UNREACHABLE (Error: http error: get_task_details failed: GET https://chat) - stays queued
ER-01#53: UNREACHABLE (Error: http error: get_task_details failed: GET https://chat) - stays queued
ER-01#54: UNREACHABLE (Error: http error: get_task_details failed: GET https://chat) - stays queued
ER-01#55: UNREACHABLE (Error: http error: get_task_details failed: GET https://chat) - stays queued
ER-01#56: UNREACHABLE (Error: http error: get_task_details failed: GET https://chat) - stays queued
ER-01#57: UNREACHABLE (Error: http error: get_task_details failed: GET https://chat) - stays queued
ER-01#59: UNREACHABLE (Error: http error: get_task_details failed: GET https://chat) - stays queued
ER-01#58: UNREACHABLE (Error: http error: get_task_details failed: GET https://chat) - stays queued
ER-01#32: UNREACHABLE (Error: http error: get_task_details failed: GET https://chat) - stays queued
ER-01#31: UNREACHABLE (Error: http error: get_task_details failed: GET https://chat) - stays queued
ER-01#1: UNREACHABLE (Error: http error: get_task_details failed: GET https://chat) - stays queued
ER-01#0: UNREACHABLE (Error: http error: get_task_details failed: GET https://chat) - stays queued
ER-01#5: UNREACHABLE (Error: http error: get_task_details failed: GET https://chat) - stays queued
ER-01#2: UNREACHABLE (Error: http error: get_task_details failed: GET https://chat) - stays queued
ER-01#4: UNREACHABLE (Error: http error: get_task_details failed: GET https://chat) - stays queued
ER-01#3: UNREACHABLE (Error: http error: get_task_details failed: GET https://chat) - stays queued
ER-01#15: UNREACHABLE (Error: http error: get_task_details failed: GET https://chat) - stays queued
ER-01#16: UNREACHABLE (Error: http error: get_task_details failed: GET https://chat) - stays queued
ER-01#17: UNREACHABLE (Error: http error: get_task_details failed: GET https://chat) - stays queued
ER-01#19: program
ER-01#21: program
ER-01#18: program
ER-01#22: program
ER-01#23: program
ER-01#20: program
ER-01#26: program
ER-01#25: UNREACHABLE (Error: http error: get_task_details failed: GET https://chat) - stays queued
ER-01#27: UNREACHABLE (Error: http error: get_task_details failed: GET https://chat) - stays queued
ER-01#29: program
ER-01#28: program
ER-01#24: program
OM-B#2: no-program
OM-B#0: UNREACHABLE (Error: http error: get_task_details failed: GET https://chat) - stays queued
OM-B#4: UNREACHABLE (Error: http error: get_task_details failed: GET https://chat) - stays queued
OM-B#3: UNREACHABLE (Error: http error: get_task_details failed: GET https://chat) - stays queued
OM-B#1: UNREACHABLE (Error: http error: get_task_details failed: GET https://chat) - stays queued
OM-B#5: UNREACHABLE (Error: http error: get_task_details failed: GET https://chat) - stays queued
OM-B#6: UNREACHABLE (Error: http error: get_task_details failed: GET https://chat) - stays queued
OM-B#7: UNREACHABLE (Error: http error: get_task_details failed: GET https://chat) - stays queued
OM-B#8: UNREACHABLE (Error: http error: get_task_details failed: GET https://chat) - stays queued
OM-B#9: UNREACHABLE (Error: http error: get_task_details failed: GET https://chat) - stays queued
OM-B#10: UNREACHABLE (Error: http error: get_task_details failed: GET https://chat) - stays queued
OM-B#14: UNREACHABLE (Error: http error: get_task_details failed: GET https://chat) - stays queued
OM-B#15: UNREACHABLE (Error: http error: get_task_details failed: GET https://chat) - stays queued
OM-B#16: UNREACHABLE (Error: http error: get_task_details failed: GET https://chat) - stays queued
OM-B#17: UNREACHABLE (Error: http error: get_task_details failed: GET https://chat) - stays queued
OM-B#18: UNREACHABLE (Error: http error: get_task_details failed: GET https://chat) - stays queued
OM-B#19: UNREACHABLE (Error: http error: get_task_details failed: GET https://chat) - stays queued
OM-B#20: UNREACHABLE (Error: http error: get_task_details failed: GET https://chat) - stays queued
OM-B#21: program
OM-B#22: program
OM-B#23: program
OM-B#24: program
OM-B#25: no-program
OM-B#26: UNREACHABLE (Error: http error: get_task_details failed: GET https://chat) - stays queued
OM-B#27: UNREACHABLE (Error: http error: get_task_details failed: GET https://chat) - stays queued
OM-B#28: UNREACHABLE (Error: http error: get_task_details failed: GET https://chat) - stays queued
OM-B#29: UNREACHABLE (Error: http error: get_task_details failed: GET https://chat) - stays queued
OM-B#30: UNREACHABLE (Error: http error: get_task_details failed: GET https://chat) - stays queued
OM-B#31: UNREACHABLE (Error: http error: get_task_details failed: GET https://chat) - stays queued
OM-B#32: UNREACHABLE (Error: http error: get_task_details failed: GET https://chat) - stays queued
OM-B#33: UNREACHABLE (Error: http error: get_task_details failed: GET https://chat) - stays queued
OM-B#34: UNREACHABLE (Error: http error: get_task_details failed: GET https://chat) - stays queued
OM-B#35: UNREACHABLE (Error: http error: get_task_details failed: GET https://chat) - stays queued
OM-B#36: UNREACHABLE (Error: http error: get_task_details failed: GET https://chat) - stays queued
OM-B#37: UNREACHABLE (Error: http error: get_task_details failed: GET https://chat) - stays queued
OM-B#38: UNREACHABLE (Error: http error: get_task_details failed: GET https://chat) - stays queued
OM-B#39: UNREACHABLE (Error: http error: get_task_details failed: GET https://chat) - stays queued
OM-B#40: UNREACHABLE (Error: http error: get_task_details failed: GET https://chat) - stays queued
OM-B#41: UNREACHABLE (Error: http error: get_task_details failed: GET https://chat) - stays queued
OM-B#42: UNREACHABLE (Error: http error: get_task_details failed: GET https://chat) - stays queued
OM-B#43: UNREACHABLE (Error: http error: get_task_details failed: GET https://chat) - stays queued
OM-B#44: UNREACHABLE (Error: http error: get_task_details failed: GET https://chat) - stays queued
OM-B#45: UNREACHABLE (Error: http error: get_task_details failed: GET https://chat) - stays queued
OM-B#46: UNREACHABLE (Error: http error: get_task_details failed: GET https://chat) - stays queued
OM-B#47: UNREACHABLE (Error: http error: get_task_details failed: GET https://chat) - stays queued
OM-B#48: UNREACHABLE (Error: http error: get_task_details failed: GET https://chat) - stays queued
OM-B#49: UNREACHABLE (Error: http error: get_task_details failed: GET https://chat) - stays queued
OM-B#50: UNREACHABLE (Error: http error: get_task_details failed: GET https://chat) - stays queued
OM-B#51: UNREACHABLE (Error: http error: get_task_details failed: GET https://chat) - stays queued
OM-B#52: UNREACHABLE (Error: http error: get_task_details failed: GET https://chat) - stays queued
OM-B#53: program
OM-B#54: program
OM-B#55: program
OM-B#56: program
OM-B#57: program
OM-B#58: program
OM-C#0: no-program
OM-C#3: program
OM-C#1: program
OM-C#2: program
OM-C#5: program
OM-C#13: no-program
OM-C#12: UNREACHABLE (Error: http error: get_task_details failed: GET https://chat) - stays queued
OM-C#14: UNREACHABLE (Error: http error: get_task_details failed: GET https://chat) - stays queued
OM-C#15: UNREACHABLE (Error: http error: get_task_details failed: GET https://chat) - stays queued
OM-C#17: UNREACHABLE (Error: http error: get_task_details failed: GET https://chat) - stays queued
OM-C#16: UNREACHABLE (Error: http error: get_task_details failed: GET https://chat) - stays queued
OM-C#18: UNREACHABLE (Error: http error: get_task_details failed: GET https://chat) - stays queued
OM-C#19: program
OM-C#20: program
OM-C#21: program
OM-C#22: program
OM-C#23: program
OM-C#24: program
OM-C#25: program
OM-C#26: program
OM-C#27: program
OM-C#28: program
OM-C#29: program
OM-C#41: program
OM-C#42: program
OM-C#43: program
OM-C#44: program
T1v0#2: program
T1v0#14: program
T1v0#0: program
T1v0#13: program
T1v0#15: program
T1v0#18: program
T1v0#11: program
T1v0#7: program
T1v0#20: program
T1v0#22: program
T1v0#24: program
T1v0#29: program
T1v0#28: program
T1v0#3: program
T1v0#4: no-program
T1v0#1: program
T1v0#6: program
T1v0#8: program
T1v0#5: program
T1v0#10: program
T1v0#16: program
T1v0#19: program
T1v0#12: no-program
T1v0#9: program
T1v0#17: program
T1v0#30: no-program
T1v0#33: program
T1v0#34: program
T1v0#32: program
T1v0#31: program
T1v0#35: program
T1v0#37: no-program
T1v0#36: program
T1v0#38: no-program
T1v0#49: program
T1v0#46: program
T1v0#59: program
T1v0#58: program
T1v0#60: program
T1v0#61: program
T1v0#64: program
T1v0#63: program
T1v0#62: program
T1v0#65: program
T1v0#86: program
T1v0#88: no-program
T1v0#89: UNREACHABLE (Error: http error: get_task_details failed: GET https://chat) - stays queued
T1v0#87: program
T1v0#91: program
T1v0#90: program
T1v0#92: program
T1v0#93: program
T1v0#95: program
T1v0#98: program
T1v0#97: program
T1v0#96: program
T1v0#94: program
T1v0#99: program
T1v0#40: program
T1v0#39: program
T1v0#42: program
T1v0#41: program
T1v0#43: program
T1v0#45: program
T1v0#70: program
T1v0#44: program
T1v0#72: program
T1v0#73: program
T1v0#74: no-program
T1v0#71: UNREACHABLE (Error: http error: get_task_details failed: GET https://chat) - stays queued
T1v0#75: UNREACHABLE (Error: http error: get_task_details failed: GET https://chat) - stays queued
T1v0#76: UNREACHABLE (Error: http error: get_task_details failed: GET https://chat) - stays queued
T1v0#79: UNREACHABLE (Error: http error: get_task_details failed: GET https://chat) - stays queued
T1v0#84: UNREACHABLE (Error: http error: get_task_details failed: GET https://chat) - stays queued
T1v0#81: UNREACHABLE (Error: http error: get_task_details failed: GET https://chat) - stays queued
T1v0#83: UNREACHABLE (Error: http error: get_task_details failed: GET https://chat) - stays queued
T1v0#80: UNREACHABLE (Error: http error: get_task_details failed: GET https://chat) - stays queued
COLLECTION PASS DONE
=== cloud_dose_E1.jsonl: 271 rows, 228 already collected
=== cloud_efamily.jsonl: 240 rows, 207 already collected
=== cloud_auditrefs.jsonl: 60 rows, 54 already collected
SPECIAL COLLECT: 0 harvested, 0 unreachable (stay queued), 0 still running
cloud_auditrefs.jsonl: foreign schema - left to cloud-collect-special.js
BL-01a#99: program
BL-01a#55: program
BL-01a#54: program
BL-01a#59: program
BL-01a#57: program
BL-01a#56: program
BL-01a#86: program
BL-01a#93: program
BL-01a#92: program
BL-01a#89: program
BL-01a#90: program
BL-01a#87: program
BL-01a#95: program
BL-01b#41: no-program
BL-01b#42: UNREACHABLE (Error: http error: get_task_details failed: GET https://chat) - stays queued
BL-01b#43: UNREACHABLE (Error: http error: get_task_details failed: GET https://chat) - stays queued
BL-01b#45: UNREACHABLE (Error: http error: get_task_details failed: GET https://chat) - stays queued
BL-01b#44: no-program
BL-01b#52: program
BL-01b#53: program
BL-01b#54: program
BL-01b#56: program
BL-01b#55: program
BL-01b#57: program
BL-01b#66: program
BL-01b#65: program
BL-01b#67: no-program
BL-01b#64: program
BL-01b#68: program
BL-01b#84: program
BL-01b#87: program
BL-01b#86: program
BL-01b#88: program
BL-01b#89: program
BL-01b#90: program
BL-01b#92: program
BL-01b#95: program
BL-01b#96: program
BL-01b#97: program
BL-01b#100: no-program
BL-01b#101: program
BL-01b#102: program
BL-01b#117: program
BL-01b#118: program
BL-01b#119: program
BL-01b#121: program
BL-01b#120: program
BL-01b#122: program
BL-01b#123: program
BL-01b#133: program
BL-01b#140: program
BL-01b#146: program
BL-01b#47: program
BL-01b#51: program
BL-01b#49: program
BL-01b#50: program
BL-01b#75: UNREACHABLE (Error: http error: get_task_details failed: GET https://chat) - stays queued
BL-01b#74: UNREACHABLE (Error: http error: get_task_details failed: GET https://chat) - stays queued
BL-01b#125: UNREACHABLE (Error: http error: get_task_details failed: GET https://chat) - stays queued
BL-01b#124: UNREACHABLE (Error: http error: get_task_details failed: GET https://chat) - stays queued
BL-01b#127: UNREACHABLE (Error: http error: get_task_details failed: GET https://chat) - stays queued
BL-01b#129: no-program
BL-01b#126: program
BL-01b#128: program
BL-01b#130: program
BL-01b#132: program
BL-01b#149: program
BL-01b#131: program
BL-01b#148: program
BL-01b#150: program
BL-01b#152: program
BL-01b#151: no-program
BL-01b#153: UNREACHABLE (Error: http error: get_task_details failed: GET https://chat) - stays queued
BL-01b#156: UNREACHABLE (Error: http error: get_task_details failed: GET https://chat) - stays queued
BL-01b#158: UNREACHABLE (Error: http error: get_task_details failed: GET https://chat) - stays queued
BL-01b#159: UNREACHABLE (Error: http error: get_task_details failed: GET https://chat) - stays queued
BL-01b#165: UNREACHABLE (Error: http error: get_task_details failed: GET https://chat) - stays queued
BL-01b#174: UNREACHABLE (Error: http error: get_task_details failed: GET https://chat) - stays queued
BL-01b#177: UNREACHABLE (Error: http error: get_task_details failed: GET https://chat) - stays queued
BL-01b#175: UNREACHABLE (Error: http error: get_task_details failed: GET https://chat) - stays queued
BL-01b#176: UNREACHABLE (Error: http error: get_task_details failed: GET https://chat) - stays queued
BL-01b#182: UNREACHABLE (Error: http error: get_task_details failed: GET https://chat) - stays queued
BL-01b#183: UNREACHABLE (Error: http error: get_task_details failed: GET https://chat) - stays queued
BL-01b#185: UNREACHABLE (Error: http error: get_task_details failed: GET https://chat) - stays queued
BL-01b#184: UNREACHABLE (Error: http error: get_task_details failed: GET https://chat) - stays queued
BL-01b#195: UNREACHABLE (Error: http error: get_task_details failed: GET https://chat) - stays queued
BL-01b#204: program
BL-01b#205: program
BL-01b#201: program
BL-01b#208: program
BL-01b#230: program
BL-01b#232: program
BL-01b#234: program
BL-01b#231: program
BL-01b#233: program
BL-01b#240: program
BL-01b#239: program
BL-01b#242: program
BL-01b#245: program
BL-01b#244: no-program
BL-01b#241: UNREACHABLE (Error: http error: get_task_details failed: GET https://chat) - stays queued
BL-01b#243: UNREACHABLE (Error: http error: get_task_details failed: GET https://chat) - stays queued
BL-01b#246: UNREACHABLE (Error: http error: get_task_details failed: GET https://chat) - stays queued
BL-01b#247: UNREACHABLE (Error: http error: get_task_details failed: GET https://chat) - stays queued
BL-01b#249: UNREACHABLE (Error: http error: get_task_details failed: GET https://chat) - stays queued
BL-01b#248: program
BL-01b#188: no-program
BL-01b#186: program
BL-01b#209: program
BL-01b#210: program
BL-01b#206: program
BL-01b#221: program
BL-01b#219: program
BL-01b#223: program
BL-01b#224: program
BL-01b#167: program
BL-01b#168: program
BL-01b#169: program
BL-01b#172: no-program
BL-01b#171: UNREACHABLE (Error: http error: get_task_details failed: GET https://chat) - stays queued
BL-01b#226: program
BL-01b#170: program
BL-01b#2: program
BL-01b#5: program
BL-01b#7: program
BL-01b#6: program
BL-01b#9: program
BL-01b#11: program
BL-01b#10: program
BL-01b#13: program
BL-01b#15: program
BL-01b#16: program
BL-01b#17: program
BL-01b#18: no-program
BL-01b#19: UNREACHABLE (Error: http error: get_task_details failed: GET https://chat) - stays queued
BL-01b#24: UNREACHABLE (Error: http error: get_task_details failed: GET https://chat) - stays queued
BL-01b#25: UNREACHABLE (Error: http error: get_task_details failed: GET https://chat) - stays queued
BL-01b#26: program
BL-01b#29: program
BL-01b#46: program
BL-01b#48: program
BL-01b#53: no-program
BL-01b#52: UNREACHABLE (Error: http error: get_task_details failed: GET https://chat) - stays queued
BL-01b#54: UNREACHABLE (Error: http error: get_task_details failed: GET https://chat) - stays queued
BL-01b#65: UNREACHABLE (Error: http error: get_task_details failed: GET https://chat) - stays queued
BL-01b#69: UNREACHABLE (Error: http error: get_task_details failed: GET https://chat) - stays queued
BL-01b#70: UNREACHABLE (Error: http error: get_task_details failed: GET https://chat) - stays queued
BL-01b#72: UNREACHABLE (Error: http error: get_task_details failed: GET https://chat) - stays queued
BL-01b#71: UNREACHABLE (Error: http error: get_task_details failed: GET https://chat) - stays queued
BL-01b#73: UNREACHABLE (Error: http error: get_task_details failed: GET https://chat) - stays queued
BL-01b#57: UNREACHABLE (Error: http error: get_task_details failed: GET https://chat) - stays queued
BL-01b#56: UNREACHABLE (Error: http error: get_task_details failed: GET https://chat) - stays queued
BL-01b#62: UNREACHABLE (Error: http error: get_task_details failed: GET https://chat) - stays queued
BL-01b#63: UNREACHABLE (Error: http error: get_task_details failed: GET https://chat) - stays queued
BL-01b#77: UNREACHABLE (Error: http error: get_task_details failed: GET https://chat) - stays queued
BL-01b#78: UNREACHABLE (Error: http error: get_task_details failed: GET https://chat) - stays queued
BL-01b#35: UNREACHABLE (Error: http error: get_task_details failed: GET https://chat) - stays queued
BL-01b#34: UNREACHABLE (Error: http error: get_task_details failed: GET https://chat) - stays queued
BL-01b#36: UNREACHABLE (Error: http error: get_task_details failed: GET https://chat) - stays queued
BL-01b#37: UNREACHABLE (Error: http error: get_task_details failed: GET https://chat) - stays queued
BL-01b#38: UNREACHABLE (Error: http error: get_task_details failed: GET https://chat) - stays queued
BL-01b#0: UNREACHABLE (Error: http error: get_task_details failed: GET https://chat) - stays queued
BL-01b#2: UNREACHABLE (Error: http error: get_task_details failed: GET https://chat) - stays queued
BL-01b#1: UNREACHABLE (Error: http error: get_task_details failed: GET https://chat) - stays queued
BL-01b#11: UNREACHABLE (Error: http error: get_task_details failed: GET https://chat) - stays queued
BL-01b#12: UNREACHABLE (Error: http error: get_task_details failed: GET https://chat) - stays queued
BL-01b#13: UNREACHABLE (Error: http error: get_task_details failed: GET https://chat) - stays queued
BL-01b#15: UNREACHABLE (Error: http error: get_task_details failed: GET https://chat) - stays queued
BL-01b#14: UNREACHABLE (Error: http error: get_task_details failed: GET https://chat) - stays queued
BL-01b#16: UNREACHABLE (Error: http error: get_task_details failed: GET https://chat) - stays queued
BL-01b#17: UNREACHABLE (Error: http error: get_task_details failed: GET https://chat) - stays queued
BL-01b#18: UNREACHABLE (Error: http error: get_task_details failed: GET https://chat) - stays queued
BL-01b#22: UNREACHABLE (Error: http error: get_task_details failed: GET https://chat) - stays queued
BL-01b#23: UNREACHABLE (Error: http error: get_task_details failed: GET https://chat) - stays queued
BL-01b#3: UNREACHABLE (Error: http error: get_task_details failed: GET https://chat) - stays queued
BL-01b#24: UNREACHABLE (Error: http error: get_task_details failed: GET https://chat) - stays queued
BL-01b#4: UNREACHABLE (Error: http error: get_task_details failed: GET https://chat) - stays queued
BL-01b#5: UNREACHABLE (Error: http error: get_task_details failed: GET https://chat) - stays queued
BL-01b#25: UNREACHABLE (Error: http error: get_task_details failed: GET https://chat) - stays queued
BL-01b#20: program
BL-01b#21: program
BL-01b#23: program
BL-01b#28: program
BL-01b#25: program
BL-01b#26: program
BL-01b#24: program
BL-01b#27: no-program
BL-01b#29: UNREACHABLE (Error: http error: get_task_details failed: GET https://chat) - stays queued
BL-01c#1: UNREACHABLE (Error: http error: get_task_details failed: GET https://chat) - stays queued
BL-01c#6: UNREACHABLE (Error: http error: get_task_details failed: GET https://chat) - stays queued
BL-01c#13: UNREACHABLE (Error: http error: get_task_details failed: GET https://chat) - stays queued
BL-01c#19: UNREACHABLE (Error: http error: get_task_details failed: GET https://chat) - stays queued
BL-01c#9: UNREACHABLE (Error: http error: get_task_details failed: GET https://chat) - stays queued
BL-01c#12: UNREACHABLE (Error: http error: get_task_details failed: GET https://chat) - stays queued
BL-01c#15: UNREACHABLE (Error: http error: get_task_details failed: GET https://chat) - stays queued
BL-01c#2: UNREACHABLE (Error: http error: get_task_details failed: GET https://chat) - stays queued
BL-01c#11: UNREACHABLE (Error: http error: get_task_details failed: GET https://chat) - stays queued
BL-01c#8: UNREACHABLE (Error: http error: get_task_details failed: GET https://chat) - stays queued
BL-01c#18: UNREACHABLE (Error: http error: get_task_details failed: GET https://chat) - stays queued
BL-01c#10: UNREACHABLE (Error: http error: get_task_details failed: GET https://chat) - stays queued
BL-01c#0: UNREACHABLE (Error: http error: get_task_details failed: GET https://chat) - stays queued
BL-01c#3: UNREACHABLE (Error: http error: get_task_details failed: GET https://chat) - stays queued
BL-01c#7: UNREACHABLE (Error: http error: get_task_details failed: GET https://chat) - stays queued
BL-01c#23: UNREACHABLE (Error: http error: get_task_details failed: GET https://chat) - stays queued
BL-01c#34: UNREACHABLE (Error: http error: get_task_details failed: GET https://chat) - stays queued
BL-01c#30: UNREACHABLE (Error: http error: get_task_details failed: GET https://chat) - stays queued
BL-01c#21: program
BL-01c#26: program
BL-01c#32: program
BL-01c#24: program
BL-01c#27: program
BL-01c#38: UNREACHABLE (Error: http error: get_task_details failed: GET https://chat) - stays queued
BL-01c#28: UNREACHABLE (Error: http error: get_task_details failed: GET https://chat) - stays queued
BL-01c#35: UNREACHABLE (Error: http error: get_task_details failed: GET https://chat) - stays queued
BL-01c#33: UNREACHABLE (Error: http error: get_task_details failed: GET https://chat) - stays queued
BL-01c#36: UNREACHABLE (Error: http error: get_task_details failed: GET https://chat) - stays queued
BL-01c#39: UNREACHABLE (Error: http error: get_task_details failed: GET https://chat) - stays queued
BL-01c#37: UNREACHABLE (Error: http error: get_task_details failed: GET https://chat) - stays queued
BL-01c#40: UNREACHABLE (Error: http error: get_task_details failed: GET https://chat) - stays queued
BL-01c#41: UNREACHABLE (Error: http error: get_task_details failed: GET https://chat) - stays queued
BL-01c#43: UNREACHABLE (Error: http error: get_task_details failed: GET https://chat) - stays queued
BL-01c#45: UNREACHABLE (Error: http error: get_task_details failed: GET https://chat) - stays queued
BL-01c#44: UNREACHABLE (Error: http error: get_task_details failed: GET https://chat) - stays queued
BL-01c#42: UNREACHABLE (Error: http error: get_task_details failed: GET https://chat) - stays queued
BL-01c#46: UNREACHABLE (Error: http error: get_task_details failed: GET https://chat) - stays queued
BL-01c#47: UNREACHABLE (Error: http error: get_task_details failed: GET https://chat) - stays queued
BL-01c#48: UNREACHABLE (Error: http error: get_task_details failed: GET https://chat) - stays queued
BL-01c#50: UNREACHABLE (Error: http error: get_task_details failed: GET https://chat) - stays queued
BL-01c#49: UNREACHABLE (Error: http error: get_task_details failed: GET https://chat) - stays queued
BL-01c#51: UNREACHABLE (Error: http error: get_task_details failed: GET https://chat) - stays queued
BL-01c#53: UNREACHABLE (Error: http error: get_task_details failed: GET https://chat) - stays queued
BL-01c#66: UNREACHABLE (Error: http error: get_task_details failed: GET https://chat) - stays queued
BL-01c#64: UNREACHABLE (Error: http error: get_task_details failed: GET https://chat) - stays queued
BL-01c#69: UNREACHABLE (Error: http error: get_task_details failed: GET https://chat) - stays queued
BL-01c#71: UNREACHABLE (Error: http error: get_task_details failed: GET https://chat) - stays queued
BL-01c#70: UNREACHABLE (Error: http error: get_task_details failed: GET https://chat) - stays queued
BL-01c#72: UNREACHABLE (Error: http error: get_task_details failed: GET https://chat) - stays queued
BL-01c#73: UNREACHABLE (Error: http error: get_task_details failed: GET https://chat) - stays queued
BL-01c#75: UNREACHABLE (Error: http error: get_task_details failed: GET https://chat) - stays queued
BL-01c#74: UNREACHABLE (Error: http error: get_task_details failed: GET https://chat) - stays queued
BL-01c#76: UNREACHABLE (Error: http error: get_task_details failed: GET https://chat) - stays queued
BL-01c#77: UNREACHABLE (Error: http error: get_task_details failed: GET https://chat) - stays queued
BL-01c#78: UNREACHABLE (Error: http error: get_task_details failed: GET https://chat) - stays queued
BL-01c#79: program
BL-01c#86: program
BL-01c#87: program
BL-01c#85: program
BL-01c#98: program
BL-01c#99: program
BL-01c#100: program
BL-01c#101: program
BL-01c#103: program
BL-01c#102: UNREACHABLE (Error: http error: get_task_details failed: GET https://chat) - stays queued
BL-01c#104: UNREACHABLE (Error: http error: get_task_details failed: GET https://chat) - stays queued
BL-01c#108: UNREACHABLE (Error: http error: get_task_details failed: GET https://chat) - stays queued
BL-01c#107: UNREACHABLE (Error: http error: get_task_details failed: GET https://chat) - stays queued
BL-01c#110: UNREACHABLE (Error: http error: get_task_details failed: GET https://chat) - stays queued
BL-01c#111: UNREACHABLE (Error: http error: get_task_details failed: GET https://chat) - stays queued
BL-01c#112: UNREACHABLE (Error: http error: get_task_details failed: GET https://chat) - stays queued
BL-01c#113: UNREACHABLE (Error: http error: get_task_details failed: GET https://chat) - stays queued
BL-01c#114: UNREACHABLE (Error: http error: get_task_details failed: GET https://chat) - stays queued
BL-01c#116: UNREACHABLE (Error: http error: get_task_details failed: GET https://chat) - stays queued
BL-01c#117: UNREACHABLE (Error: http error: get_task_details failed: GET https://chat) - stays queued
BL-01c#115: UNREACHABLE (Error: http error: get_task_details failed: GET https://chat) - stays queued
BL-01c#118: UNREACHABLE (Error: http error: get_task_details failed: GET https://chat) - stays queued
BL-01c#119: UNREACHABLE (Error: http error: get_task_details failed: GET https://chat) - stays queued
BL-01c#88: UNREACHABLE (Error: http error: get_task_details failed: GET https://chat) - stays queued
BL-01c#90: UNREACHABLE (Error: http error: get_task_details failed: GET https://chat) - stays queued
BL-01c#122: UNREACHABLE (Error: http error: get_task_details failed: GET https://chat) - stays queued
BL-01c#124: UNREACHABLE (Error: http error: get_task_details failed: GET https://chat) - stays queued
BL-01c#126: UNREACHABLE (Error: http error: get_task_details failed: GET https://chat) - stays queued
BL-01c#127: UNREACHABLE (Error: http error: get_task_details failed: GET https://chat) - stays queued
BL-01c#128: UNREACHABLE (Error: http error: get_task_details failed: GET https://chat) - stays queued
BL-01c#132: UNREACHABLE (Error: http error: get_task_details failed: GET https://chat) - stays queued
BL-01c#133: UNREACHABLE (Error: http error: get_task_details failed: GET https://chat) - stays queued
BL-01c#129: UNREACHABLE (Error: http error: get_task_details failed: GET https://chat) - stays queued
BL-01c#134: UNREACHABLE (Error: http error: get_task_details failed: GET https://chat) - stays queued
BL-01c#130: UNREACHABLE (Error: http error: get_task_details failed: GET https://chat) - stays queued
BL-01c#131: UNREACHABLE (Error: http error: get_task_details failed: GET https://chat) - stays queued
BL-01c#73: program
BL-01c#69: program
BL-01c#68: program
BL-01c#18: program
BL-01c#19: no-program
BL-01c#20: UNREACHABLE (Error: http error: get_task_details failed: GET https://chat) - stays queued
BL-02c#28: UNREACHABLE (Error: http error: get_task_details failed: GET https://chat) - stays queued
BL-02c#29: UNREACHABLE (Error: http error: get_task_details failed: GET https://chat) - stays queued
BL-03#2: UNREACHABLE (Error: http error: get_task_details failed: GET https://chat) - stays queued
BL-03#5: UNREACHABLE (Error: http error: get_task_details failed: GET https://chat) - stays queued
BL-03#7: UNREACHABLE (Error: http error: get_task_details failed: GET https://chat) - stays queued
BL-03#4: UNREACHABLE (Error: http error: get_task_details failed: GET https://chat) - stays queued
BL-03#33: UNREACHABLE (Error: http error: get_task_details failed: GET https://chat) - stays queued
BL-03#55: UNREACHABLE (Error: http error: get_task_details failed: GET https://chat) - stays queued
BL-03#56: UNREACHABLE (Error: http error: get_task_details failed: GET https://chat) - stays queued
BL-03#59: UNREACHABLE (Error: http error: get_task_details failed: GET https://chat) - stays queued
BL-03#38: UNREACHABLE (Error: http error: get_task_details failed: GET https://chat) - stays queued
BL-03#44: UNREACHABLE (Error: http error: get_task_details failed: GET https://chat) - stays queued
BL-03#47: UNREACHABLE (Error: http error: get_task_details failed: GET https://chat) - stays queued
BL-04#3: UNREACHABLE (Error: http error: get_task_details failed: GET https://chat) - stays queued
BL-04#2: UNREACHABLE (Error: http error: get_task_details failed: GET https://chat) - stays queued
BL-04#5: UNREACHABLE (Error: http error: get_task_details failed: GET https://chat) - stays queued
BL-04#4: UNREACHABLE (Error: http error: get_task_details failed: GET https://chat) - stays queued
BL-04#8: UNREACHABLE (Error: http error: get_task_details failed: GET https://chat) - stays queued
BL-04#10: UNREACHABLE (Error: http error: get_task_details failed: GET https://chat) - stays queued
BL-04#11: UNREACHABLE (Error: http error: get_task_details failed: GET https://chat) - stays queued
BL-04#12: UNREACHABLE (Error: http error: get_task_details failed: GET https://chat) - stays queued
BL-04#13: UNREACHABLE (Error: http error: get_task_details failed: GET https://chat) - stays queued
BL-04#15: UNREACHABLE (Error: http error: get_task_details failed: GET https://chat) - stays queued
BL-04#16: UNREACHABLE (Error: http error: get_task_details failed: GET https://chat) - stays queued
BL-04#17: UNREACHABLE (Error: http error: get_task_details failed: GET https://chat) - stays queued
BL-04#18: UNREACHABLE (Error: http error: get_task_details failed: GET https://chat) - stays queued
BL-04#14: UNREACHABLE (Error: http error: get_task_details failed: GET https://chat) - stays queued
BL-04#19: UNREACHABLE (Error: http error: get_task_details failed: GET https://chat) - stays queued
BL-04#20: program
BL-04#21: program
BL-04#22: program
BL-04#23: program
BL-04#24: program
BL-04#25: program
BL-04#29: program
BL-04#30: program
BL-04#31: program
BL-04#32: program
BL-04#33: UNREACHABLE (Error: http error: get_task_details failed: GET https://chat) - stays queued
BL-04#34: UNREACHABLE (Error: http error: get_task_details failed: GET https://chat) - stays queued
BL-04#35: UNREACHABLE (Error: http error: get_task_details failed: GET https://chat) - stays queued
BL-04#36: UNREACHABLE (Error: http error: get_task_details failed: GET https://chat) - stays queued
BL-04#37: UNREACHABLE (Error: http error: get_task_details failed: GET https://chat) - stays queued
BL-04#38: UNREACHABLE (Error: http error: get_task_details failed: GET https://chat) - stays queued
BL-04#39: UNREACHABLE (Error: http error: get_task_details failed: GET https://chat) - stays queued
BL-04#40: UNREACHABLE (Error: http error: get_task_details failed: GET https://chat) - stays queued
BL-04#41: UNREACHABLE (Error: http error: get_task_details failed: GET https://chat) - stays queued
BL-04#42: UNREACHABLE (Error: http error: get_task_details failed: GET https://chat) - stays queued
BL-04#43: UNREACHABLE (Error: http error: get_task_details failed: GET https://chat) - stays queued
BL-04#44: UNREACHABLE (Error: http error: get_task_details failed: GET https://chat) - stays queued
BL-04#45: UNREACHABLE (Error: http error: get_task_details failed: GET https://chat) - stays queued
BL-04#46: UNREACHABLE (Error: http error: get_task_details failed: GET https://chat) - stays queued
BL-04#47: program
BL-05#16: program
BL-05#11: program
BL-05#14: program
BL-05#7: program
BL-05#4: no-program
BL-05#17: UNREACHABLE (Error: http error: get_task_details failed: GET https://chat) - stays queued
BL-05#9: UNREACHABLE (Error: http error: get_task_details failed: GET https://chat) - stays queued
BL-05#0: UNREACHABLE (Error: http error: get_task_details failed: GET https://chat) - stays queued
BL-05#18: UNREACHABLE (Error: http error: get_task_details failed: GET https://chat) - stays queued
BL-05#2: UNREACHABLE (Error: http error: get_task_details failed: GET https://chat) - stays queued
BL-05#10: UNREACHABLE (Error: http error: get_task_details failed: GET https://chat) - stays queued
BL-05#3: UNREACHABLE (Error: http error: get_task_details failed: GET https://chat) - stays queued
BL-05#8: UNREACHABLE (Error: http error: get_task_details failed: GET https://chat) - stays queued
BL-05#15: UNREACHABLE (Error: http error: get_task_details failed: GET https://chat) - stays queued
BL-05#20: UNREACHABLE (Error: http error: get_task_details failed: GET https://chat) - stays queued
BL-05#28: UNREACHABLE (Error: http error: get_task_details failed: GET https://chat) - stays queued
BL-05#27: UNREACHABLE (Error: http error: get_task_details failed: GET https://chat) - stays queued
BL-05#22: UNREACHABLE (Error: http error: get_task_details failed: GET https://chat) - stays queued
BL-05#29: UNREACHABLE (Error: http error: get_task_details failed: GET https://chat) - stays queued
BL-05#33: UNREACHABLE (Error: http error: get_task_details failed: GET https://chat) - stays queued
BL-05#31: UNREACHABLE (Error: http error: get_task_details failed: GET https://chat) - stays queued
BL-05#30: UNREACHABLE (Error: http error: get_task_details failed: GET https://chat) - stays queued
BL-05#32: UNREACHABLE (Error: http error: get_task_details failed: GET https://chat) - stays queued
BL-05#35: UNREACHABLE (Error: http error: get_task_details failed: GET https://chat) - stays queued
BL-05#46: UNREACHABLE (Error: http error: get_task_details failed: GET https://chat) - stays queued
BL-05#47: UNREACHABLE (Error: http error: get_task_details failed: GET https://chat) - stays queued
BL-05#48: UNREACHABLE (Error: http error: get_task_details failed: GET https://chat) - stays queued
BL-05#50: UNREACHABLE (Error: http error: get_task_details failed: GET https://chat) - stays queued
BL-05#52: program
BL-05#49: program
BL-05#51: program
BL-05#53: UNREACHABLE (Error: http error: get_task_details failed: GET https://chat) - stays queued
BL-05#38: UNREACHABLE (Error: http error: get_task_details failed: GET https://chat) - stays queued
BL-05#37: UNREACHABLE (Error: http error: get_task_details failed: GET https://chat) - stays queued
BL-05#36: UNREACHABLE (Error: http error: get_task_details failed: GET https://chat) - stays queued
BL-05#41: UNREACHABLE (Error: http error: get_task_details failed: GET https://chat) - stays queued
BL-05#40: UNREACHABLE (Error: http error: get_task_details failed: GET https://chat) - stays queued
BL-05#39: UNREACHABLE (Error: http error: get_task_details failed: GET https://chat) - stays queued
BL-05#42: UNREACHABLE (Error: http error: get_task_details failed: GET https://chat) - stays queued
BL-05#54: UNREACHABLE (Error: http error: get_task_details failed: GET https://chat) - stays queued
BL-05#55: UNREACHABLE (Error: http error: get_task_details failed: GET https://chat) - stays queued
BL-05#56: UNREACHABLE (Error: http error: get_task_details failed: GET https://chat) - stays queued
BL-05#58: UNREACHABLE (Error: http error: get_task_details failed: GET https://chat) - stays queued
BL-05#57: UNREACHABLE (Error: http error: get_task_details failed: GET https://chat) - stays queued
BL-05#59: UNREACHABLE (Error: http error: get_task_details failed: GET https://chat) - stays queued
BL-05#0: UNREACHABLE (Error: http error: get_task_details failed: GET https://chat) - stays queued
BL-05#1: UNREACHABLE (Error: http error: get_task_details failed: GET https://chat) - stays queued
BL-05#3: UNREACHABLE (Error: http error: get_task_details failed: GET https://chat) - stays queued
BL-05#5: UNREACHABLE (Error: http error: get_task_details failed: GET https://chat) - stays queued
BL-05#16: UNREACHABLE (Error: http error: get_task_details failed: GET https://chat) - stays queued
BL-05#17: UNREACHABLE (Error: http error: get_task_details failed: GET https://chat) - stays queued
BL-05#18: UNREACHABLE (Error: http error: get_task_details failed: GET https://chat) - stays queued
BL-05#19: UNREACHABLE (Error: http error: get_task_details failed: GET https://chat) - stays queued
BL-05#20: UNREACHABLE (Error: http error: get_task_details failed: GET https://chat) - stays queued
BL-05#21: UNREACHABLE (Error: http error: get_task_details failed: GET https://chat) - stays queued
BL-05#23: UNREACHABLE (Error: http error: get_task_details failed: GET https://chat) - stays queued
BL-05#22: program
BL-05#8: program
BL-05#27: program
BL-05#31: program
BL-05#34: program
BL-05#35: program
BL-05#30: no-program
BL-05#36: UNREACHABLE (Error: http error: get_task_details failed: GET https://chat) - stays queued
BL-05#37: UNREACHABLE (Error: http error: get_task_details failed: GET https://chat) - stays queued
BL-05#33: UNREACHABLE (Error: http error: get_task_details failed: GET https://chat) - stays queued
BL-05#32: UNREACHABLE (Error: http error: get_task_details failed: GET https://chat) - stays queued
BL-05#38: UNREACHABLE (Error: http error: get_task_details failed: GET https://chat) - stays queued
BL-05#39: UNREACHABLE (Error: http error: get_task_details failed: GET https://chat) - stays queued
BL-05#40: UNREACHABLE (Error: http error: get_task_details failed: GET https://chat) - stays queued
BL-05#41: UNREACHABLE (Error: http error: get_task_details failed: GET https://chat) - stays queued
BL-05#49: UNREACHABLE (Error: http error: get_task_details failed: GET https://chat) - stays queued
BL-05#46: UNREACHABLE (Error: http error: get_task_details failed: GET https://chat) - stays queued
BL-05#47: UNREACHABLE (Error: http error: get_task_details failed: GET https://chat) - stays queued
BL-05#51: UNREACHABLE (Error: http error: get_task_details failed: GET https://chat) - stays queued
BL-05#52: UNREACHABLE (Error: http error: get_task_details failed: GET https://chat) - stays queued
BL-05#53: UNREACHABLE (Error: http error: get_task_details failed: GET https://chat) - stays queued
BL-05#55: program
BL-05#56: program
BL-05#57: program
BL-05#54: no-program
BL-05#58: UNREACHABLE (Error: http error: get_task_details failed: GET https://chat) - stays queued
BL-05#59: UNREACHABLE (Error: http error: get_task_details failed: GET https://chat) - stays queued
BL-07#4: UNREACHABLE (Error: http error: get_task_details failed: GET https://chat) - stays queued
BL-07#5: UNREACHABLE (Error: http error: get_task_details failed: GET https://chat) - stays queued
BL-07#6: UNREACHABLE (Error: http error: get_task_details failed: GET https://chat) - stays queued
BL-07#7: UNREACHABLE (Error: http error: get_task_details failed: GET https://chat) - stays queued
BL-07#8: UNREACHABLE (Error: http error: get_task_details failed: GET https://chat) - stays queued
BL-07#9: UNREACHABLE (Error: http error: get_task_details failed: GET https://chat) - stays queued
BL-07#2: UNREACHABLE (Error: http error: get_task_details failed: GET https://chat) - stays queued
BL-07#10: UNREACHABLE (Error: http error: get_task_details failed: GET https://chat) - stays queued
BL-07#3: UNREACHABLE (Error: http error: get_task_details failed: GET https://chat) - stays queued
BL-07#11: UNREACHABLE (Error: http error: get_task_details failed: GET https://chat) - stays queued
BL-07#12: UNREACHABLE (Error: http error: get_task_details failed: GET https://chat) - stays queued
BL-07#13: UNREACHABLE (Error: http error: get_task_details failed: GET https://chat) - stays queued
BL-07#14: UNREACHABLE (Error: http error: get_task_details failed: GET https://chat) - stays queued
BL-07#15: UNREACHABLE (Error: http error: get_task_details failed: GET https://chat) - stays queued
BL-07#16: UNREACHABLE (Error: http error: get_task_details failed: GET https://chat) - stays queued
BL-07#17: UNREACHABLE (Error: http error: get_task_details failed: GET https://chat) - stays queued
BL-07#18: UNREACHABLE (Error: http error: get_task_details failed: GET https://chat) - stays queued
BL-07#19: UNREACHABLE (Error: http error: get_task_details failed: GET https://chat) - stays queued
BL-07#20: UNREACHABLE (Error: http error: get_task_details failed: GET https://chat) - stays queued
BL-07#21: program
BL-07#22: program
BL-07#23: program
BL-07#24: UNREACHABLE (Error: http error: get_task_details failed: GET https://chat) - stays queued
BL-07#25: UNREACHABLE (Error: http error: get_task_details failed: GET https://chat) - stays queued
BL-07#33: UNREACHABLE (Error: http error: get_task_details failed: GET https://chat) - stays queued
BL-07#34: UNREACHABLE (Error: http error: get_task_details failed: GET https://chat) - stays queued
BL-07#35: UNREACHABLE (Error: http error: get_task_details failed: GET https://chat) - stays queued
BL-07#36: UNREACHABLE (Error: http error: get_task_details failed: GET https://chat) - stays queued
BL-07#37: UNREACHABLE (Error: http error: get_task_details failed: GET https://chat) - stays queued
BL-07#38: UNREACHABLE (Error: http error: get_task_details failed: GET https://chat) - stays queued
BL-07#39: UNREACHABLE (Error: http error: get_task_details failed: GET https://chat) - stays queued
BL-07#40: UNREACHABLE (Error: http error: get_task_details failed: GET https://chat) - stays queued
BL-07#41: UNREACHABLE (Error: http error: get_task_details failed: GET https://chat) - stays queued
BL-07#42: UNREACHABLE (Error: http error: get_task_details failed: GET https://chat) - stays queued
BL-07#43: UNREACHABLE (Error: http error: get_task_details failed: GET https://chat) - stays queued
BL-08#4: UNREACHABLE (Error: http error: get_task_details failed: GET https://chat) - stays queued
BL-08#5: UNREACHABLE (Error: http error: get_task_details failed: GET https://chat) - stays queued
BL-08#10: UNREACHABLE (Error: http error: get_task_details failed: GET https://chat) - stays queued
BL-08#8: UNREACHABLE (Error: http error: get_task_details failed: GET https://chat) - stays queued
BL-08#9: UNREACHABLE (Error: http error: get_task_details failed: GET https://chat) - stays queued
BL-08#11: UNREACHABLE (Error: http error: get_task_details failed: GET https://chat) - stays queued
BL-08#7: UNREACHABLE (Error: http error: get_task_details failed: GET https://chat) - stays queued
BL-08#6: UNREACHABLE (Error: http error: get_task_details failed: GET https://chat) - stays queued
BL-08#15: UNREACHABLE (Error: http error: get_task_details failed: GET https://chat) - stays queued
BL-08#13: UNREACHABLE (Error: http error: get_task_details failed: GET https://chat) - stays queued
BL-08#12: UNREACHABLE (Error: http error: get_task_details failed: GET https://chat) - stays queued
BL-08#17: UNREACHABLE (Error: http error: get_task_details failed: GET https://chat) - stays queued
BL-08#26: UNREACHABLE (Error: http error: get_task_details failed: GET https://chat) - stays queued
BL-08#28: UNREACHABLE (Error: http error: get_task_details failed: GET https://chat) - stays queued
BL-08#27: UNREACHABLE (Error: http error: get_task_details failed: GET https://chat) - stays queued
BL-08#24: UNREACHABLE (Error: http error: get_task_details failed: GET https://chat) - stays queued
BL-08#29: UNREACHABLE (Error: http error: get_task_details failed: GET https://chat) - stays queued
BL-08#30: UNREACHABLE (Error: http error: get_task_details failed: GET https://chat) - stays queued
BL-08#31: UNREACHABLE (Error: http error: get_task_details failed: GET https://chat) - stays queued
BL-08#32: UNREACHABLE (Error: http error: get_task_details failed: GET https://chat) - stays queued
BL-08#33: UNREACHABLE (Error: http error: get_task_details failed: GET https://chat) - stays queued
BL-08#34: program
BL-08#35: program
BL-08#40: program
BL-08#41: program
BL-08#38: program
BL-08#37: no-program
BL-08#39: UNREACHABLE (Error: http error: get_task_details failed: GET https://chat) - stays queued
BL-08#36: UNREACHABLE (Error: http error: get_task_details failed: GET https://chat) - stays queued
BL-08#45: UNREACHABLE (Error: http error: get_task_details failed: GET https://chat) - stays queued
BL-08#43: UNREACHABLE (Error: http error: get_task_details failed: GET https://chat) - stays queued
BL-08#51: UNREACHABLE (Error: http error: get_task_details failed: GET https://chat) - stays queued
BL-08#50: UNREACHABLE (Error: http error: get_task_details failed: GET https://chat) - stays queued
BL-08#53: UNREACHABLE (Error: http error: get_task_details failed: GET https://chat) - stays queued
BL-08#52: UNREACHABLE (Error: http error: get_task_details failed: GET https://chat) - stays queued
BL-08#56: UNREACHABLE (Error: http error: get_task_details failed: GET https://chat) - stays queued
BL-08#55: UNREACHABLE (Error: http error: get_task_details failed: GET https://chat) - stays queued
BL-08#57: UNREACHABLE (Error: http error: get_task_details failed: GET https://chat) - stays queued
BL-08#54: UNREACHABLE (Error: http error: get_task_details failed: GET https://chat) - stays queued
BL-08#58: UNREACHABLE (Error: http error: get_task_details failed: GET https://chat) - stays queued
BL-08#2: UNREACHABLE (Error: http error: get_task_details failed: GET https://chat) - stays queued
BL-08#26: UNREACHABLE (Error: http error: get_task_details failed: GET https://chat) - stays queued
BL-08#29: UNREACHABLE (Error: http error: get_task_details failed: GET https://chat) - stays queued
BL-08#28: UNREACHABLE (Error: http error: get_task_details failed: GET https://chat) - stays queued
BL-08#13: program
BL-08#12: program
BL-08#11: program
BL-08#10: program
BL-08#14: UNREACHABLE (Error: http error: get_task_details failed: GET https://chat) - stays queued
BL-08#15: UNREACHABLE (Error: http error: get_task_details failed: GET https://chat) - stays queued
cloud_dose_E1.jsonl: foreign schema - left to cloud-collect-special.js
cloud_efamily.jsonl: foreign schema - left to cloud-collect-special.js
ER-01c#5: UNREACHABLE (Error: http error: get_task_details failed: GET https://chat) - stays queued
ER-01c#3: UNREACHABLE (Error: http error: get_task_details failed: GET https://chat) - stays queued
ER-01c#4: UNREACHABLE (Error: http error: get_task_details failed: GET https://chat) - stays queued
ER-01c#0: UNREACHABLE (Error: http error: get_task_details failed: GET https://chat) - stays queued
ER-01c#1: UNREACHABLE (Error: http error: get_task_details failed: GET https://chat) - stays queued
ER-01c#2: UNREACHABLE (Error: http error: get_task_details failed: GET https://chat) - stays queued
ER-01c#6: UNREACHABLE (Error: http error: get_task_details failed: GET https://chat) - stays queued
ER-01c#7: UNREACHABLE (Error: http error: get_task_details failed: GET https://chat) - stays queued
ER-01c#8: UNREACHABLE (Error: http error: get_task_details failed: GET https://chat) - stays queued
ER-01c#9: UNREACHABLE (Error: http error: get_task_details failed: GET https://chat) - stays queued
ER-01c#10: UNREACHABLE (Error: http error: get_task_details failed: GET https://chat) - stays queued
ER-01c#19: UNREACHABLE (Error: http error: get_task_details failed: GET https://chat) - stays queued
ER-01c#28: UNREACHABLE (Error: http error: get_task_details failed: GET https://chat) - stays queued
ER-01c#24: UNREACHABLE (Error: http error: get_task_details failed: GET https://chat) - stays queued
ER-01c#29: UNREACHABLE (Error: http error: get_task_details failed: GET https://chat) - stays queued
ER-01c#25: UNREACHABLE (Error: http error: get_task_details failed: GET https://chat) - stays queued
ER-01c#26: UNREACHABLE (Error: http error: get_task_details failed: GET https://chat) - stays queued
ER-01c#27: UNREACHABLE (Error: http error: get_task_details failed: GET https://chat) - stays queued
ER-01c#30: UNREACHABLE (Error: http error: get_task_details failed: GET https://chat) - stays queued
ER-01c#31: UNREACHABLE (Error: http error: get_task_details failed: GET https://chat) - stays queued
ER-01#3: UNREACHABLE (Error: http error: get_task_details failed: GET https://chat) - stays queued
ER-01#2: UNREACHABLE (Error: http error: get_task_details failed: GET https://chat) - stays queued
ER-01#1: UNREACHABLE (Error: http error: get_task_details failed: GET https://chat) - stays queued
ER-01#5: UNREACHABLE (Error: http error: get_task_details failed: GET https://chat) - stays queued
ER-01#4: program
ER-01#11: program
ER-01#6: program
ER-01#12: program
ER-01#15: program
ER-01#19: program
ER-01#18: program
ER-01#20: no-program
ER-01#21: UNREACHABLE (Error: http error: get_task_details failed: GET https://chat) - stays queued
ER-01#22: UNREACHABLE (Error: http error: get_task_details failed: GET https://chat) - stays queued
ER-01#27: UNREACHABLE (Error: http error: get_task_details failed: GET https://chat) - stays queued
ER-01#29: UNREACHABLE (Error: http error: get_task_details failed: GET https://chat) - stays queued
ER-01#30: UNREACHABLE (Error: http error: get_task_details failed: GET https://chat) - stays queued
ER-01#33: UNREACHABLE (Error: http error: get_task_details failed: GET https://chat) - stays queued
ER-01#34: program
ER-01#35: program
ER-01#37: no-program
ER-01#38: UNREACHABLE (Error: http error: get_task_details failed: GET https://chat) - stays queued
ER-01#36: UNREACHABLE (Error: http error: get_task_details failed: GET https://chat) - stays queued
ER-01#39: UNREACHABLE (Error: http error: get_task_details failed: GET https://chat) - stays queued
ER-01#41: UNREACHABLE (Error: http error: get_task_details failed: GET https://chat) - stays queued
ER-01#40: UNREACHABLE (Error: http error: get_task_details failed: GET https://chat) - stays queued
ER-01#42: UNREACHABLE (Error: http error: get_task_details failed: GET https://chat) - stays queued
ER-01#43: UNREACHABLE (Error: http error: get_task_details failed: GET https://chat) - stays queued
ER-01#44: UNREACHABLE (Error: http error: get_task_details failed: GET https://chat) - stays queued
ER-01#45: UNREACHABLE (Error: http error: get_task_details failed: GET https://chat) - stays queued
ER-01#48: UNREACHABLE (Error: http error: get_task_details failed: GET https://chat) - stays queued
ER-01#49: UNREACHABLE (Error: http error: get_task_details failed: GET https://chat) - stays queued
ER-01#51: UNREACHABLE (Error: http error: get_task_details failed: GET https://chat) - stays queued
ER-01#52: UNREACHABLE (Error: http error: get_task_details failed: GET https://chat) - stays queued
ER-01#53: UNREACHABLE (Error: http error: get_task_details failed: GET https://chat) - stays queued
ER-01#54: UNREACHABLE (Error: http error: get_task_details failed: GET https://chat) - stays queued
ER-01#55: UNREACHABLE (Error: http error: get_task_details failed: GET https://chat) - stays queued
ER-01#56: UNREACHABLE (Error: http error: get_task_details failed: GET https://chat) - stays queued
ER-01#57: UNREACHABLE (Error: http error: get_task_details failed: GET https://chat) - stays queued
ER-01#59: UNREACHABLE (Error: http error: get_task_details failed: GET https://chat) - stays queued
ER-01#58: UNREACHABLE (Error: http error: get_task_details failed: GET https://chat) - stays queued
ER-01#32: UNREACHABLE (Error: http error: get_task_details failed: GET https://chat) - stays queued
ER-01#31: UNREACHABLE (Error: http error: get_task_details failed: GET https://chat) - stays queued
ER-01#1: UNREACHABLE (Error: http error: get_task_details failed: GET https://chat) - stays queued
ER-01#0: UNREACHABLE (Error: http error: get_task_details failed: GET https://chat) - stays queued
ER-01#5: UNREACHABLE (Error: http error: get_task_details failed: GET https://chat) - stays queued
ER-01#2: UNREACHABLE (Error: http error: get_task_details failed: GET https://chat) - stays queued
ER-01#4: UNREACHABLE (Error: http error: get_task_details failed: GET https://chat) - stays queued
ER-01#3: UNREACHABLE (Error: http error: get_task_details failed: GET https://chat) - stays queued
ER-01#15: UNREACHABLE (Error: http error: get_task_details failed: GET https://chat) - stays queued
ER-01#16: UNREACHABLE (Error: http error: get_task_details failed: GET https://chat) - stays queued
ER-01#17: UNREACHABLE (Error: http error: get_task_details failed: GET https://chat) - stays queued
ER-01#25: UNREACHABLE (Error: http error: get_task_details failed: GET https://chat) - stays queued
ER-01#27: program
OM-B#0: program
OM-B#4: program
OM-B#3: program
OM-B#1: program
OM-B#5: program
OM-B#6: program
OM-B#7: UNREACHABLE (Error: http error: get_task_details failed: GET https://chat) - stays queued
OM-B#8: UNREACHABLE (Error: http error: get_task_details failed: GET https://chat) - stays queued
OM-B#9: UNREACHABLE (Error: http error: get_task_details failed: GET https://chat) - stays queued
OM-B#10: UNREACHABLE (Error: http error: get_task_details failed: GET https://chat) - stays queued
OM-B#14: UNREACHABLE (Error: http error: get_task_details failed: GET https://chat) - stays queued
OM-B#15: UNREACHABLE (Error: http error: get_task_details failed: GET https://chat) - stays queued
OM-B#16: UNREACHABLE (Error: http error: get_task_details failed: GET https://chat) - stays queued
OM-B#17: UNREACHABLE (Error: http error: get_task_details failed: GET https://chat) - stays queued
OM-B#18: UNREACHABLE (Error: http error: get_task_details failed: GET https://chat) - stays queued
OM-B#19: UNREACHABLE (Error: http error: get_task_details failed: GET https://chat) - stays queued
OM-B#20: UNREACHABLE (Error: http error: get_task_details failed: GET https://chat) - stays queued
OM-B#26: UNREACHABLE (Error: http error: get_task_details failed: GET https://chat) - stays queued
OM-B#27: UNREACHABLE (Error: http error: get_task_details failed: GET https://chat) - stays queued
OM-B#28: UNREACHABLE (Error: http error: get_task_details failed: GET https://chat) - stays queued
OM-B#29: UNREACHABLE (Error: http error: get_task_details failed: GET https://chat) - stays queued
OM-B#30: UNREACHABLE (Error: http error: get_task_details failed: GET https://chat) - stays queued
OM-B#31: UNREACHABLE (Error: http error: get_task_details failed: GET https://chat) - stays queued
OM-B#32: UNREACHABLE (Error: http error: get_task_details failed: GET https://chat) - stays queued
OM-B#33: UNREACHABLE (Error: http error: get_task_details failed: GET https://chat) - stays queued
OM-B#34: UNREACHABLE (Error: http error: get_task_details failed: GET https://chat) - stays queued
OM-B#35: UNREACHABLE (Error: http error: get_task_details failed: GET https://chat) - stays queued
OM-B#36: UNREACHABLE (Error: http error: get_task_details failed: GET https://chat) - stays queued
OM-B#37: UNREACHABLE (Error: http error: get_task_details failed: GET https://chat) - stays queued
OM-B#38: program
OM-B#39: program
OM-B#40: no-program
OM-B#41: UNREACHABLE (Error: http error: get_task_details failed: GET https://chat) - stays queued
OM-B#42: UNREACHABLE (Error: http error: get_task_details failed: GET https://chat) - stays queued
OM-B#43: UNREACHABLE (Error: http error: get_task_details failed: GET https://chat) - stays queued
OM-B#44: UNREACHABLE (Error: http error: get_task_details failed: GET https://chat) - stays queued
OM-B#45: UNREACHABLE (Error: http error: get_task_details failed: GET https://chat) - stays queued
OM-B#46: UNREACHABLE (Error: http error: get_task_details failed: GET https://chat) - stays queued
OM-B#47: UNREACHABLE (Error: http error: get_task_details failed: GET https://chat) - stays queued
OM-B#48: UNREACHABLE (Error: http error: get_task_details failed: GET https://chat) - stays queued
OM-B#49: UNREACHABLE (Error: http error: get_task_details failed: GET https://chat) - stays queued
OM-B#50: UNREACHABLE (Error: http error: get_task_details failed: GET https://chat) - stays queued
OM-B#51: UNREACHABLE (Error: http error: get_task_details failed: GET https://chat) - stays queued
OM-B#52: UNREACHABLE (Error: http error: get_task_details failed: GET https://chat) - stays queued
OM-C#12: UNREACHABLE (Error: http error: get_task_details failed: GET https://chat) - stays queued
OM-C#14: UNREACHABLE (Error: http error: get_task_details failed: GET https://chat) - stays queued
OM-C#15: UNREACHABLE (Error: http error: get_task_details failed: GET https://chat) - stays queued
OM-C#17: UNREACHABLE (Error: http error: get_task_details failed: GET https://chat) - stays queued
OM-C#16: UNREACHABLE (Error: http error: get_task_details failed: GET https://chat) - stays queued
OM-C#18: UNREACHABLE (Error: http error: get_task_details failed: GET https://chat) - stays queued
T1v0#89: UNREACHABLE (Error: http error: get_task_details failed: GET https://chat) - stays queued
T1v0#71: UNREACHABLE (Error: http error: get_task_details failed: GET https://chat) - stays queued
T1v0#75: UNREACHABLE (Error: http error: get_task_details failed: GET https://chat) - stays queued
T1v0#76: UNREACHABLE (Error: http error: get_task_details failed: GET https://chat) - stays queued
T1v0#79: UNREACHABLE (Error: http error: get_task_details failed: GET https://chat) - stays queued
T1v0#84: UNREACHABLE (Error: http error: get_task_details failed: GET https://chat) - stays queued
T1v0#81: UNREACHABLE (Error: http error: get_task_details failed: GET https://chat) - stays queued
T1v0#83: UNREACHABLE (Error: http error: get_task_details failed: GET https://chat) - stays queued
T1v0#80: UNREACHABLE (Error: http error: get_task_details failed: GET https://chat) - stays queued
COLLECTION PASS DONE
=== cloud_dose_E1.jsonl: 271 rows, 228 already collected
=== cloud_efamily.jsonl: 240 rows, 207 already collected
=== cloud_auditrefs.jsonl: 60 rows, 54 already collected
SPECIAL COLLECT: 0 harvested, 0 unreachable (stay queued), 0 still running
cloud_auditrefs.jsonl: foreign schema - left to cloud-collect-special.js
BL-01b#42: UNREACHABLE (Error: http error: get_task_details failed: GET https://chat) - stays queued
BL-01b#43: UNREACHABLE (Error: http error: get_task_details failed: GET https://chat) - stays queued
BL-01b#45: UNREACHABLE (Error: http error: get_task_details failed: GET https://chat) - stays queued
BL-01b#75: UNREACHABLE (Error: http error: get_task_details failed: GET https://chat) - stays queued
BL-01b#74: UNREACHABLE (Error: http error: get_task_details failed: GET https://chat) - stays queued
BL-01b#125: UNREACHABLE (Error: http error: get_task_details failed: GET https://chat) - stays queued
BL-01b#124: UNREACHABLE (Error: http error: get_task_details failed: GET https://chat) - stays queued
BL-01b#127: UNREACHABLE (Error: http error: get_task_details failed: GET https://chat) - stays queued
BL-01b#153: UNREACHABLE (Error: http error: get_task_details failed: GET https://chat) - stays queued
BL-01b#156: UNREACHABLE (Error: http error: get_task_details failed: GET https://chat) - stays queued
BL-01b#158: UNREACHABLE (Error: http error: get_task_details failed: GET https://chat) - stays queued
BL-01b#159: UNREACHABLE (Error: http error: get_task_details failed: GET https://chat) - stays queued
BL-01b#165: UNREACHABLE (Error: http error: get_task_details failed: GET https://chat) - stays queued
BL-01b#174: UNREACHABLE (Error: http error: get_task_details failed: GET https://chat) - stays queued
BL-01b#177: UNREACHABLE (Error: http error: get_task_details failed: GET https://chat) - stays queued
BL-01b#175: UNREACHABLE (Error: http error: get_task_details failed: GET https://chat) - stays queued
BL-01b#176: UNREACHABLE (Error: http error: get_task_details failed: GET https://chat) - stays queued
BL-01b#182: UNREACHABLE (Error: http error: get_task_details failed: GET https://chat) - stays queued
BL-01b#183: UNREACHABLE (Error: http error: get_task_details failed: GET https://chat) - stays queued
BL-01b#185: UNREACHABLE (Error: http error: get_task_details failed: GET https://chat) - stays queued
BL-01b#184: UNREACHABLE (Error: http error: get_task_details failed: GET https://chat) - stays queued
BL-01b#195: UNREACHABLE (Error: http error: get_task_details failed: GET https://chat) - stays queued
BL-01b#241: UNREACHABLE (Error: http error: get_task_details failed: GET https://chat) - stays queued
BL-01b#243: UNREACHABLE (Error: http error: get_task_details failed: GET https://chat) - stays queued
BL-01b#246: UNREACHABLE (Error: http error: get_task_details failed: GET https://chat) - stays queued
BL-01b#247: UNREACHABLE (Error: http error: get_task_details failed: GET https://chat) - stays queued
BL-01b#249: UNREACHABLE (Error: http error: get_task_details failed: GET https://chat) - stays queued
BL-01b#171: UNREACHABLE (Error: http error: get_task_details failed: GET https://chat) - stays queued
BL-01b#19: UNREACHABLE (Error: http error: get_task_details failed: GET https://chat) - stays queued
BL-01b#24: program
BL-01b#25: program
BL-01b#52: program
BL-01b#54: program
BL-01b#65: program
BL-01b#69: program
BL-01b#70: program
BL-01b#72: program
BL-01b#71: UNREACHABLE (Error: http error: get_task_details failed: GET https://chat) - stays queued
BL-01b#73: UNREACHABLE (Error: http error: get_task_details failed: GET https://chat) - stays queued
BL-01b#57: UNREACHABLE (Error: http error: get_task_details failed: GET https://chat) - stays queued
BL-01b#56: UNREACHABLE (Error: http error: get_task_details failed: GET https://chat) - stays queued
BL-01b#62: UNREACHABLE (Error: http error: get_task_details failed: GET https://chat) - stays queued
BL-01b#63: UNREACHABLE (Error: http error: get_task_details failed: GET https://chat) - stays queued
BL-01b#77: UNREACHABLE (Error: http error: get_task_details failed: GET https://chat) - stays queued
BL-01b#78: UNREACHABLE (Error: http error: get_task_details failed: GET https://chat) - stays queued
BL-01b#35: UNREACHABLE (Error: http error: get_task_details failed: GET https://chat) - stays queued
BL-01b#34: UNREACHABLE (Error: http error: get_task_details failed: GET https://chat) - stays queued
BL-01b#36: UNREACHABLE (Error: http error: get_task_details failed: GET https://chat) - stays queued
BL-01b#37: UNREACHABLE (Error: http error: get_task_details failed: GET https://chat) - stays queued
BL-01b#38: UNREACHABLE (Error: http error: get_task_details failed: GET https://chat) - stays queued
BL-01b#0: UNREACHABLE (Error: http error: get_task_details failed: GET https://chat) - stays queued
BL-01b#2: UNREACHABLE (Error: http error: get_task_details failed: GET https://chat) - stays queued
BL-01b#1: UNREACHABLE (Error: http error: get_task_details failed: GET https://chat) - stays queued
BL-01b#11: UNREACHABLE (Error: http error: get_task_details failed: GET https://chat) - stays queued
BL-01b#12: UNREACHABLE (Error: http error: get_task_details failed: GET https://chat) - stays queued
BL-01b#13: UNREACHABLE (Error: http error: get_task_details failed: GET https://chat) - stays queued
BL-01b#15: UNREACHABLE (Error: http error: get_task_details failed: GET https://chat) - stays queued
BL-01b#14: UNREACHABLE (Error: http error: get_task_details failed: GET https://chat) - stays queued
BL-01b#16: UNREACHABLE (Error: http error: get_task_details failed: GET https://chat) - stays queued
BL-01b#17: UNREACHABLE (Error: http error: get_task_details failed: GET https://chat) - stays queued
BL-01b#18: UNREACHABLE (Error: http error: get_task_details failed: GET https://chat) - stays queued
BL-01b#22: UNREACHABLE (Error: http error: get_task_details failed: GET https://chat) - stays queued
BL-01b#23: UNREACHABLE (Error: http error: get_task_details failed: GET https://chat) - stays queued
BL-01b#3: program
BL-01b#24: program
BL-01b#4: no-program
BL-01b#5: UNREACHABLE (Error: http error: get_task_details failed: GET https://chat) - stays queued
BL-01b#25: UNREACHABLE (Error: http error: get_task_details failed: GET https://chat) - stays queued
BL-01b#29: UNREACHABLE (Error: http error: get_task_details failed: GET https://chat) - stays queued
BL-01c#1: UNREACHABLE (Error: http error: get_task_details failed: GET https://chat) - stays queued
BL-01c#6: UNREACHABLE (Error: http error: get_task_details failed: GET https://chat) - stays queued
BL-01c#13: UNREACHABLE (Error: http error: get_task_details failed: GET https://chat) - stays queued
BL-01c#19: UNREACHABLE (Error: http error: get_task_details failed: GET https://chat) - stays queued
BL-01c#9: UNREACHABLE (Error: http error: get_task_details failed: GET https://chat) - stays queued
BL-01c#12: UNREACHABLE (Error: http error: get_task_details failed: GET https://chat) - stays queued
BL-01c#15: UNREACHABLE (Error: http error: get_task_details failed: GET https://chat) - stays queued
BL-01c#2: UNREACHABLE (Error: http error: get_task_details failed: GET https://chat) - stays queued
BL-01c#11: UNREACHABLE (Error: http error: get_task_details failed: GET https://chat) - stays queued
BL-01c#8: UNREACHABLE (Error: http error: get_task_details failed: GET https://chat) - stays queued
BL-01c#18: UNREACHABLE (Error: http error: get_task_details failed: GET https://chat) - stays queued
BL-01c#10: UNREACHABLE (Error: http error: get_task_details failed: GET https://chat) - stays queued
BL-01c#0: UNREACHABLE (Error: http error: get_task_details failed: GET https://chat) - stays queued
BL-01c#3: UNREACHABLE (Error: http error: get_task_details failed: GET https://chat) - stays queued
BL-01c#7: UNREACHABLE (Error: http error: get_task_details failed: GET https://chat) - stays queued
BL-01c#23: UNREACHABLE (Error: http error: get_task_details failed: GET https://chat) - stays queued
BL-01c#34: UNREACHABLE (Error: http error: get_task_details failed: GET https://chat) - stays queued
BL-01c#30: UNREACHABLE (Error: http error: get_task_details failed: GET https://chat) - stays queued
BL-01c#38: UNREACHABLE (Error: http error: get_task_details failed: GET https://chat) - stays queued
BL-01c#28: UNREACHABLE (Error: http error: get_task_details failed: GET https://chat) - stays queued
BL-01c#35: UNREACHABLE (Error: http error: get_task_details failed: GET https://chat) - stays queued
BL-01c#33: UNREACHABLE (Error: http error: get_task_details failed: GET https://chat) - stays queued
BL-01c#36: UNREACHABLE (Error: http error: get_task_details failed: GET https://chat) - stays queued
BL-01c#39: UNREACHABLE (Error: http error: get_task_details failed: GET https://chat) - stays queued
BL-01c#37: UNREACHABLE (Error: http error: get_task_details failed: GET https://chat) - stays queued
BL-01c#40: UNREACHABLE (Error: http error: get_task_details failed: GET https://chat) - stays queued
BL-01c#41: UNREACHABLE (Error: http error: get_task_details failed: GET https://chat) - stays queued
BL-01c#43: UNREACHABLE (Error: http error: get_task_details failed: GET https://chat) - stays queued
BL-01c#45: UNREACHABLE (Error: http error: get_task_details failed: GET https://chat) - stays queued
BL-01c#44: UNREACHABLE (Error: http error: get_task_details failed: GET https://chat) - stays queued
BL-01c#42: UNREACHABLE (Error: http error: get_task_details failed: GET https://chat) - stays queued
BL-01c#46: UNREACHABLE (Error: http error: get_task_details failed: GET https://chat) - stays queued
BL-01c#47: UNREACHABLE (Error: http error: get_task_details failed: GET https://chat) - stays queued
BL-01c#48: UNREACHABLE (Error: http error: get_task_details failed: GET https://chat) - stays queued
BL-01c#50: UNREACHABLE (Error: http error: get_task_details failed: GET https://chat) - stays queued
BL-01c#49: UNREACHABLE (Error: http error: get_task_details failed: GET https://chat) - stays queued
BL-01c#51: program
BL-01c#53: program
BL-01c#66: no-program
BL-01c#64: program
BL-01c#69: program
BL-01c#71: program
BL-01c#70: program
BL-01c#72: UNREACHABLE (Error: http error: get_task_details failed: GET https://chat) - stays queued
BL-01c#73: UNREACHABLE (Error: http error: get_task_details failed: GET https://chat) - stays queued
BL-01c#75: UNREACHABLE (Error: http error: get_task_details failed: GET https://chat) - stays queued
BL-01c#74: UNREACHABLE (Error: http error: get_task_details failed: GET https://chat) - stays queued
BL-01c#76: UNREACHABLE (Error: http error: get_task_details failed: GET https://chat) - stays queued
BL-01c#77: UNREACHABLE (Error: http error: get_task_details failed: GET https://chat) - stays queued
BL-01c#78: UNREACHABLE (Error: http error: get_task_details failed: GET https://chat) - stays queued
BL-01c#102: UNREACHABLE (Error: http error: get_task_details failed: GET https://chat) - stays queued
BL-01c#104: UNREACHABLE (Error: http error: get_task_details failed: GET https://chat) - stays queued
BL-01c#108: UNREACHABLE (Error: http error: get_task_details failed: GET https://chat) - stays queued
BL-01c#107: UNREACHABLE (Error: http error: get_task_details failed: GET https://chat) - stays queued
BL-01c#110: UNREACHABLE (Error: http error: get_task_details failed: GET https://chat) - stays queued
BL-01c#111: UNREACHABLE (Error: http error: get_task_details failed: GET https://chat) - stays queued
BL-01c#112: UNREACHABLE (Error: http error: get_task_details failed: GET https://chat) - stays queued
BL-01c#113: UNREACHABLE (Error: http error: get_task_details failed: GET https://chat) - stays queued
BL-01c#114: UNREACHABLE (Error: http error: get_task_details failed: GET https://chat) - stays queued
BL-01c#116: UNREACHABLE (Error: http error: get_task_details failed: GET https://chat) - stays queued
BL-01c#117: UNREACHABLE (Error: http error: get_task_details failed: GET https://chat) - stays queued
BL-01c#115: UNREACHABLE (Error: http error: get_task_details failed: GET https://chat) - stays queued
BL-01c#118: UNREACHABLE (Error: http error: get_task_details failed: GET https://chat) - stays queued
BL-01c#119: UNREACHABLE (Error: http error: get_task_details failed: GET https://chat) - stays queued
BL-01c#88: UNREACHABLE (Error: http error: get_task_details failed: GET https://chat) - stays queued
BL-01c#90: UNREACHABLE (Error: http error: get_task_details failed: GET https://chat) - stays queued
BL-01c#122: UNREACHABLE (Error: http error: get_task_details failed: GET https://chat) - stays queued
BL-01c#124: UNREACHABLE (Error: http error: get_task_details failed: GET https://chat) - stays queued
BL-01c#126: UNREACHABLE (Error: http error: get_task_details failed: GET https://chat) - stays queued
BL-01c#127: program
BL-01c#128: program
BL-01c#132: program
BL-01c#133: program
BL-01c#129: program
BL-01c#134: program
BL-01c#130: program
BL-01c#131: program
BL-01c#20: program
BL-02c#28: no-program
BL-02c#29: UNREACHABLE (Error: http error: get_task_details failed: GET https://chat) - stays queued
BL-03#2: UNREACHABLE (Error: http error: get_task_details failed: GET https://chat) - stays queued
BL-03#5: UNREACHABLE (Error: http error: get_task_details failed: GET https://chat) - stays queued
BL-03#7: UNREACHABLE (Error: http error: get_task_details failed: GET https://chat) - stays queued
BL-03#4: UNREACHABLE (Error: http error: get_task_details failed: GET https://chat) - stays queued
BL-03#33: UNREACHABLE (Error: http error: get_task_details failed: GET https://chat) - stays queued
BL-03#55: UNREACHABLE (Error: http error: get_task_details failed: GET https://chat) - stays queued
BL-03#56: UNREACHABLE (Error: http error: get_task_details failed: GET https://chat) - stays queued
BL-03#59: UNREACHABLE (Error: http error: get_task_details failed: GET https://chat) - stays queued
BL-03#38: UNREACHABLE (Error: http error: get_task_details failed: GET https://chat) - stays queued
BL-03#44: UNREACHABLE (Error: http error: get_task_details failed: GET https://chat) - stays queued
BL-03#47: UNREACHABLE (Error: http error: get_task_details failed: GET https://chat) - stays queued
BL-04#3: UNREACHABLE (Error: http error: get_task_details failed: GET https://chat) - stays queued
BL-04#2: UNREACHABLE (Error: http error: get_task_details failed: GET https://chat) - stays queued
BL-04#5: UNREACHABLE (Error: http error: get_task_details failed: GET https://chat) - stays queued
BL-04#4: UNREACHABLE (Error: http error: get_task_details failed: GET https://chat) - stays queued
BL-04#8: UNREACHABLE (Error: http error: get_task_details failed: GET https://chat) - stays queued
BL-04#10: program
BL-04#11: no-program
BL-04#12: program
BL-04#13: program
BL-04#15: program
BL-04#16: no-program
BL-04#17: UNREACHABLE (Error: http error: get_task_details failed: GET https://chat) - stays queued
BL-04#18: UNREACHABLE (Error: http error: get_task_details failed: GET https://chat) - stays queued
BL-04#14: UNREACHABLE (Error: http error: get_task_details failed: GET https://chat) - stays queued
BL-04#19: UNREACHABLE (Error: http error: get_task_details failed: GET https://chat) - stays queued
BL-04#33: UNREACHABLE (Error: http error: get_task_details failed: GET https://chat) - stays queued
BL-04#34: UNREACHABLE (Error: http error: get_task_details failed: GET https://chat) - stays queued
BL-04#35: UNREACHABLE (Error: http error: get_task_details failed: GET https://chat) - stays queued
BL-04#36: UNREACHABLE (Error: http error: get_task_details failed: GET https://chat) - stays queued
BL-04#37: UNREACHABLE (Error: http error: get_task_details failed: GET https://chat) - stays queued
BL-04#38: UNREACHABLE (Error: http error: get_task_details failed: GET https://chat) - stays queued
BL-04#39: UNREACHABLE (Error: http error: get_task_details failed: GET https://chat) - stays queued
BL-04#40: UNREACHABLE (Error: http error: get_task_details failed: GET https://chat) - stays queued
BL-04#41: UNREACHABLE (Error: http error: get_task_details failed: GET https://chat) - stays queued
BL-04#42: UNREACHABLE (Error: http error: get_task_details failed: GET https://chat) - stays queued
BL-04#43: UNREACHABLE (Error: http error: get_task_details failed: GET https://chat) - stays queued
BL-04#44: UNREACHABLE (Error: http error: get_task_details failed: GET https://chat) - stays queued
BL-04#45: UNREACHABLE (Error: http error: get_task_details failed: GET https://chat) - stays queued
BL-04#46: UNREACHABLE (Error: http error: get_task_details failed: GET https://chat) - stays queued
BL-05#17: UNREACHABLE (Error: http error: get_task_details failed: GET https://chat) - stays queued
BL-05#9: UNREACHABLE (Error: http error: get_task_details failed: GET https://chat) - stays queued
BL-05#0: UNREACHABLE (Error: http error: get_task_details failed: GET https://chat) - stays queued
BL-05#18: UNREACHABLE (Error: http error: get_task_details failed: GET https://chat) - stays queued
BL-05#2: UNREACHABLE (Error: http error: get_task_details failed: GET https://chat) - stays queued
BL-05#10: UNREACHABLE (Error: http error: get_task_details failed: GET https://chat) - stays queued
BL-05#3: UNREACHABLE (Error: http error: get_task_details failed: GET https://chat) - stays queued
BL-05#8: program
BL-05#15: no-program
BL-05#20: program
BL-05#28: program
BL-05#27: program
BL-05#22: program
BL-05#29: program
BL-05#33: program
BL-05#31: UNREACHABLE (Error: http error: get_task_details failed: GET https://chat) - stays queued
BL-05#30: UNREACHABLE (Error: http error: get_task_details failed: GET https://chat) - stays queued
BL-05#32: UNREACHABLE (Error: http error: get_task_details failed: GET https://chat) - stays queued
BL-05#35: UNREACHABLE (Error: http error: get_task_details failed: GET https://chat) - stays queued
BL-05#46: UNREACHABLE (Error: http error: get_task_details failed: GET https://chat) - stays queued
BL-05#47: UNREACHABLE (Error: http error: get_task_details failed: GET https://chat) - stays queued
BL-05#48: UNREACHABLE (Error: http error: get_task_details failed: GET https://chat) - stays queued
BL-05#50: UNREACHABLE (Error: http error: get_task_details failed: GET https://chat) - stays queued
BL-05#53: UNREACHABLE (Error: http error: get_task_details failed: GET https://chat) - stays queued
BL-05#38: UNREACHABLE (Error: http error: get_task_details failed: GET https://chat) - stays queued
BL-05#37: UNREACHABLE (Error: http error: get_task_details failed: GET https://chat) - stays queued
BL-05#36: UNREACHABLE (Error: http error: get_task_details failed: GET https://chat) - stays queued
BL-05#41: UNREACHABLE (Error: http error: get_task_details failed: GET https://chat) - stays queued
BL-05#40: UNREACHABLE (Error: http error: get_task_details failed: GET https://chat) - stays queued
BL-05#39: UNREACHABLE (Error: http error: get_task_details failed: GET https://chat) - stays queued
BL-05#42: UNREACHABLE (Error: http error: get_task_details failed: GET https://chat) - stays queued
BL-05#54: UNREACHABLE (Error: http error: get_task_details failed: GET https://chat) - stays queued
BL-05#55: UNREACHABLE (Error: http error: get_task_details failed: GET https://chat) - stays queued
BL-05#56: UNREACHABLE (Error: http error: get_task_details failed: GET https://chat) - stays queued
BL-05#58: UNREACHABLE (Error: http error: get_task_details failed: GET https://chat) - stays queued
BL-05#57: program
BL-05#59: program
BL-05#0: program
BL-05#1: program
BL-05#3: no-program
BL-05#5: UNREACHABLE (Error: http error: get_task_details failed: GET https://chat) - stays queued
BL-05#16: UNREACHABLE (Error: http error: get_task_details failed: GET https://chat) - stays queued
BL-05#17: UNREACHABLE (Error: http error: get_task_details failed: GET https://chat) - stays queued
BL-05#18: UNREACHABLE (Error: http error: get_task_details failed: GET https://chat) - stays queued
BL-05#19: UNREACHABLE (Error: http error: get_task_details failed: GET https://chat) - stays queued
BL-05#20: UNREACHABLE (Error: http error: get_task_details failed: GET https://chat) - stays queued
BL-05#21: UNREACHABLE (Error: http error: get_task_details failed: GET https://chat) - stays queued
BL-05#23: UNREACHABLE (Error: http error: get_task_details failed: GET https://chat) - stays queued
BL-05#36: UNREACHABLE (Error: http error: get_task_details failed: GET https://chat) - stays queued
BL-05#37: UNREACHABLE (Error: http error: get_task_details failed: GET https://chat) - stays queued
BL-05#33: UNREACHABLE (Error: http error: get_task_details failed: GET https://chat) - stays queued
BL-05#32: UNREACHABLE (Error: http error: get_task_details failed: GET https://chat) - stays queued
BL-05#38: UNREACHABLE (Error: http error: get_task_details failed: GET https://chat) - stays queued
BL-05#39: UNREACHABLE (Error: http error: get_task_details failed: GET https://chat) - stays queued
BL-05#40: UNREACHABLE (Error: http error: get_task_details failed: GET https://chat) - stays queued
BL-05#41: UNREACHABLE (Error: http error: get_task_details failed: GET https://chat) - stays queued
BL-05#49: UNREACHABLE (Error: http error: get_task_details failed: GET https://chat) - stays queued
BL-05#46: UNREACHABLE (Error: http error: get_task_details failed: GET https://chat) - stays queued
BL-05#47: UNREACHABLE (Error: http error: get_task_details failed: GET https://chat) - stays queued
BL-05#51: UNREACHABLE (Error: http error: get_task_details failed: GET https://chat) - stays queued
BL-05#52: UNREACHABLE (Error: http error: get_task_details failed: GET https://chat) - stays queued
BL-05#53: UNREACHABLE (Error: http error: get_task_details failed: GET https://chat) - stays queued
BL-05#58: UNREACHABLE (Error: http error: get_task_details failed: GET https://chat) - stays queued
BL-05#59: UNREACHABLE (Error: http error: get_task_details failed: GET https://chat) - stays queued
BL-07#4: UNREACHABLE (Error: http error: get_task_details failed: GET https://chat) - stays queued
BL-07#5: UNREACHABLE (Error: http error: get_task_details failed: GET https://chat) - stays queued
BL-07#6: UNREACHABLE (Error: http error: get_task_details failed: GET https://chat) - stays queued
BL-07#7: UNREACHABLE (Error: http error: get_task_details failed: GET https://chat) - stays queued
BL-07#8: UNREACHABLE (Error: http error: get_task_details failed: GET https://chat) - stays queued
BL-07#9: UNREACHABLE (Error: http error: get_task_details failed: GET https://chat) - stays queued
BL-07#2: UNREACHABLE (Error: http error: get_task_details failed: GET https://chat) - stays queued
BL-07#10: program
BL-07#3: program
BL-07#11: program
BL-07#12: program
BL-07#13: program
BL-07#14: program
BL-07#15: program
BL-07#16: program
BL-07#17: no-program
BL-07#18: UNREACHABLE (Error: http error: get_task_details failed: GET https://chat) - stays queued
BL-07#19: UNREACHABLE (Error: http error: get_task_details failed: GET https://chat) - stays queued
BL-07#20: UNREACHABLE (Error: http error: get_task_details failed: GET https://chat) - stays queued
BL-07#24: UNREACHABLE (Error: http error: get_task_details failed: GET https://chat) - stays queued
BL-07#25: UNREACHABLE (Error: http error: get_task_details failed: GET https://chat) - stays queued
BL-07#33: UNREACHABLE (Error: http error: get_task_details failed: GET https://chat) - stays queued
BL-07#34: UNREACHABLE (Error: http error: get_task_details failed: GET https://chat) - stays queued
BL-07#35: UNREACHABLE (Error: http error: get_task_details failed: GET https://chat) - stays queued
BL-07#36: UNREACHABLE (Error: http error: get_task_details failed: GET https://chat) - stays queued
BL-07#37: UNREACHABLE (Error: http error: get_task_details failed: GET https://chat) - stays queued
BL-07#38: UNREACHABLE (Error: http error: get_task_details failed: GET https://chat) - stays queued
BL-07#39: UNREACHABLE (Error: http error: get_task_details failed: GET https://chat) - stays queued
BL-07#40: UNREACHABLE (Error: http error: get_task_details failed: GET https://chat) - stays queued
BL-07#41: UNREACHABLE (Error: http error: get_task_details failed: GET https://chat) - stays queued
BL-07#42: UNREACHABLE (Error: http error: get_task_details failed: GET https://chat) - stays queued
BL-07#43: UNREACHABLE (Error: http error: get_task_details failed: GET https://chat) - stays queued
BL-08#4: UNREACHABLE (Error: http error: get_task_details failed: GET https://chat) - stays queued
BL-08#5: program
BL-08#10: program
BL-08#8: program
BL-08#9: program
BL-08#11: no-program
BL-08#7: UNREACHABLE (Error: http error: get_task_details failed: GET https://chat) - stays queued
BL-08#6: UNREACHABLE (Error: http error: get_task_details failed: GET https://chat) - stays queued
BL-08#15: UNREACHABLE (Error: http error: get_task_details failed: GET https://chat) - stays queued
BL-08#13: UNREACHABLE (Error: http error: get_task_details failed: GET https://chat) - stays queued
BL-08#12: UNREACHABLE (Error: http error: get_task_details failed: GET https://chat) - stays queued
BL-08#17: UNREACHABLE (Error: http error: get_task_details failed: GET https://chat) - stays queued
BL-08#26: UNREACHABLE (Error: http error: get_task_details failed: GET https://chat) - stays queued
BL-08#28: UNREACHABLE (Error: http error: get_task_details failed: GET https://chat) - stays queued
BL-08#27: UNREACHABLE (Error: http error: get_task_details failed: GET https://chat) - stays queued
BL-08#24: UNREACHABLE (Error: http error: get_task_details failed: GET https://chat) - stays queued
BL-08#29: UNREACHABLE (Error: http error: get_task_details failed: GET https://chat) - stays queued
BL-08#30: UNREACHABLE (Error: http error: get_task_details failed: GET https://chat) - stays queued
BL-08#31: UNREACHABLE (Error: http error: get_task_details failed: GET https://chat) - stays queued
BL-08#32: UNREACHABLE (Error: http error: get_task_details failed: GET https://chat) - stays queued
BL-08#33: UNREACHABLE (Error: http error: get_task_details failed: GET https://chat) - stays queued
BL-08#39: UNREACHABLE (Error: http error: get_task_details failed: GET https://chat) - stays queued
BL-08#36: UNREACHABLE (Error: http error: get_task_details failed: GET https://chat) - stays queued
BL-08#45: UNREACHABLE (Error: http error: get_task_details failed: GET https://chat) - stays queued
BL-08#43: UNREACHABLE (Error: http error: get_task_details failed: GET https://chat) - stays queued
BL-08#51: UNREACHABLE (Error: http error: get_task_details failed: GET https://chat) - stays queued
BL-08#50: UNREACHABLE (Error: http error: get_task_details failed: GET https://chat) - stays queued
BL-08#53: UNREACHABLE (Error: http error: get_task_details failed: GET https://chat) - stays queued
BL-08#52: UNREACHABLE (Error: http error: get_task_details failed: GET https://chat) - stays queued
BL-08#56: UNREACHABLE (Error: http error: get_task_details failed: GET https://chat) - stays queued
BL-08#55: UNREACHABLE (Error: http error: get_task_details failed: GET https://chat) - stays queued
BL-08#57: UNREACHABLE (Error: http error: get_task_details failed: GET https://chat) - stays queued
BL-08#54: UNREACHABLE (Error: http error: get_task_details failed: GET https://chat) - stays queued
BL-08#58: UNREACHABLE (Error: http error: get_task_details failed: GET https://chat) - stays queued
BL-08#2: UNREACHABLE (Error: http error: get_task_details failed: GET https://chat) - stays queued
BL-08#26: UNREACHABLE (Error: http error: get_task_details failed: GET https://chat) - stays queued
BL-08#29: UNREACHABLE (Error: http error: get_task_details failed: GET https://chat) - stays queued
BL-08#28: UNREACHABLE (Error: http error: get_task_details failed: GET https://chat) - stays queued
BL-08#14: UNREACHABLE (Error: http error: get_task_details failed: GET https://chat) - stays queued
BL-08#15: UNREACHABLE (Error: http error: get_task_details failed: GET https://chat) - stays queued
cloud_dose_E1.jsonl: foreign schema - left to cloud-collect-special.js
cloud_efamily.jsonl: foreign schema - left to cloud-collect-special.js
ER-01c#5: UNREACHABLE (Error: http error: get_task_details failed: GET https://chat) - stays queued
ER-01c#3: UNREACHABLE (Error: http error: get_task_details failed: GET https://chat) - stays queued
ER-01c#4: program
ER-01c#0: no-program
ER-01c#1: program
ER-01c#2: program
ER-01c#6: program
ER-01c#7: program
ER-01c#8: program
ER-01c#9: program
ER-01c#10: program
ER-01c#19: UNREACHABLE (Error: http error: get_task_details failed: GET https://chat) - stays queued
ER-01c#28: UNREACHABLE (Error: http error: get_task_details failed: GET https://chat) - stays queued
ER-01c#24: UNREACHABLE (Error: http error: get_task_details failed: GET https://chat) - stays queued
ER-01c#29: UNREACHABLE (Error: http error: get_task_details failed: GET https://chat) - stays queued
ER-01c#25: UNREACHABLE (Error: http error: get_task_details failed: GET https://chat) - stays queued
ER-01c#26: UNREACHABLE (Error: http error: get_task_details failed: GET https://chat) - stays queued
ER-01c#27: UNREACHABLE (Error: http error: get_task_details failed: GET https://chat) - stays queued
ER-01c#30: UNREACHABLE (Error: http error: get_task_details failed: GET https://chat) - stays queued
ER-01c#31: UNREACHABLE (Error: http error: get_task_details failed: GET https://chat) - stays queued
ER-01#3: UNREACHABLE (Error: http error: get_task_details failed: GET https://chat) - stays queued
ER-01#2: UNREACHABLE (Error: http error: get_task_details failed: GET https://chat) - stays queued
ER-01#1: UNREACHABLE (Error: http error: get_task_details failed: GET https://chat) - stays queued
ER-01#5: UNREACHABLE (Error: http error: get_task_details failed: GET https://chat) - stays queued
ER-01#21: UNREACHABLE (Error: http error: get_task_details failed: GET https://chat) - stays queued
ER-01#22: UNREACHABLE (Error: http error: get_task_details failed: GET https://chat) - stays queued
ER-01#27: UNREACHABLE (Error: http error: get_task_details failed: GET https://chat) - stays queued
ER-01#29: program
ER-01#30: program
ER-01#33: program
ER-01#38: program
ER-01#36: program
ER-01#39: program
ER-01#41: UNREACHABLE (Error: http error: get_task_details failed: GET https://chat) - stays queued
ER-01#40: UNREACHABLE (Error: http error: get_task_details failed: GET https://chat) - stays queued
ER-01#42: UNREACHABLE (Error: http error: get_task_details failed: GET https://chat) - stays queued
ER-01#43: UNREACHABLE (Error: http error: get_task_details failed: GET https://chat) - stays queued
ER-01#44: UNREACHABLE (Error: http error: get_task_details failed: GET https://chat) - stays queued
ER-01#45: UNREACHABLE (Error: http error: get_task_details failed: GET https://chat) - stays queued
ER-01#48: UNREACHABLE (Error: http error: get_task_details failed: GET https://chat) - stays queued
ER-01#49: UNREACHABLE (Error: http error: get_task_details failed: GET https://chat) - stays queued
ER-01#51: UNREACHABLE (Error: http error: get_task_details failed: GET https://chat) - stays queued
ER-01#52: UNREACHABLE (Error: http error: get_task_details failed: GET https://chat) - stays queued
ER-01#53: UNREACHABLE (Error: http error: get_task_details failed: GET https://chat) - stays queued
ER-01#54: UNREACHABLE (Error: http error: get_task_details failed: GET https://chat) - stays queued
ER-01#55: UNREACHABLE (Error: http error: get_task_details failed: GET https://chat) - stays queued
ER-01#56: UNREACHABLE (Error: http error: get_task_details failed: GET https://chat) - stays queued
ER-01#57: UNREACHABLE (Error: http error: get_task_details failed: GET https://chat) - stays queued
ER-01#59: UNREACHABLE (Error: http error: get_task_details failed: GET https://chat) - stays queued
ER-01#58: UNREACHABLE (Error: http error: get_task_details failed: GET https://chat) - stays queued
ER-01#32: UNREACHABLE (Error: http error: get_task_details failed: GET https://chat) - stays queued
ER-01#31: UNREACHABLE (Error: http error: get_task_details failed: GET https://chat) - stays queued
ER-01#1: UNREACHABLE (Error: http error: get_task_details failed: GET https://chat) - stays queued
ER-01#0: UNREACHABLE (Error: http error: get_task_details failed: GET https://chat) - stays queued
ER-01#5: UNREACHABLE (Error: http error: get_task_details failed: GET https://chat) - stays queued
ER-01#2: UNREACHABLE (Error: http error: get_task_details failed: GET https://chat) - stays queued
ER-01#4: UNREACHABLE (Error: http error: get_task_details failed: GET https://chat) - stays queued
ER-01#3: UNREACHABLE (Error: http error: get_task_details failed: GET https://chat) - stays queued
ER-01#15: UNREACHABLE (Error: http error: get_task_details failed: GET https://chat) - stays queued
ER-01#16: UNREACHABLE (Error: http error: get_task_details failed: GET https://chat) - stays queued
ER-01#17: UNREACHABLE (Error: http error: get_task_details failed: GET https://chat) - stays queued
ER-01#25: UNREACHABLE (Error: http error: get_task_details failed: GET https://chat) - stays queued
OM-B#7: UNREACHABLE (Error: http error: get_task_details failed: GET https://chat) - stays queued
OM-B#8: UNREACHABLE (Error: http error: get_task_details failed: GET https://chat) - stays queued
OM-B#9: UNREACHABLE (Error: http error: get_task_details failed: GET https://chat) - stays queued
OM-B#10: UNREACHABLE (Error: http error: get_task_details failed: GET https://chat) - stays queued
OM-B#14: UNREACHABLE (Error: http error: get_task_details failed: GET https://chat) - stays queued
OM-B#15: UNREACHABLE (Error: http error: get_task_details failed: GET https://chat) - stays queued
OM-B#16: UNREACHABLE (Error: http error: get_task_details failed: GET https://chat) - stays queued
OM-B#17: UNREACHABLE (Error: http error: get_task_details failed: GET https://chat) - stays queued
OM-B#18: UNREACHABLE (Error: http error: get_task_details failed: GET https://chat) - stays queued
OM-B#19: UNREACHABLE (Error: http error: get_task_details failed: GET https://chat) - stays queued
OM-B#20: UNREACHABLE (Error: http error: get_task_details failed: GET https://chat) - stays queued
OM-B#26: UNREACHABLE (Error: http error: get_task_details failed: GET https://chat) - stays queued
OM-B#27: UNREACHABLE (Error: http error: get_task_details failed: GET https://chat) - stays queued
OM-B#28: UNREACHABLE (Error: http error: get_task_details failed: GET https://chat) - stays queued
OM-B#29: UNREACHABLE (Error: http error: get_task_details failed: GET https://chat) - stays queued
OM-B#30: program
OM-B#31: program
OM-B#32: program
OM-B#33: program
OM-B#34: program
OM-B#35: program
OM-B#36: program
OM-B#37: program
OM-B#41: program
OM-B#42: no-program
OM-B#43: UNREACHABLE (Error: http error: get_task_details failed: GET https://chat) - stays queued
OM-B#44: UNREACHABLE (Error: http error: get_task_details failed: GET https://chat) - stays queued
OM-B#45: UNREACHABLE (Error: http error: get_task_details failed: GET https://chat) - stays queued
OM-B#46: UNREACHABLE (Error: http error: get_task_details failed: GET https://chat) - stays queued
OM-B#47: UNREACHABLE (Error: http error: get_task_details failed: GET https://chat) - stays queued
OM-B#48: UNREACHABLE (Error: http error: get_task_details failed: GET https://chat) - stays queued
OM-B#49: UNREACHABLE (Error: http error: get_task_details failed: GET https://chat) - stays queued
OM-B#50: UNREACHABLE (Error: http error: get_task_details failed: GET https://chat) - stays queued
OM-B#51: UNREACHABLE (Error: http error: get_task_details failed: GET https://chat) - stays queued
OM-B#52: UNREACHABLE (Error: http error: get_task_details failed: GET https://chat) - stays queued
OM-C#12: UNREACHABLE (Error: http error: get_task_details failed: GET https://chat) - stays queued
OM-C#14: UNREACHABLE (Error: http error: get_task_details failed: GET https://chat) - stays queued
OM-C#15: UNREACHABLE (Error: http error: get_task_details failed: GET https://chat) - stays queued
OM-C#17: UNREACHABLE (Error: http error: get_task_details failed: GET https://chat) - stays queued
OM-C#16: UNREACHABLE (Error: http error: get_task_details failed: GET https://chat) - stays queued
OM-C#18: UNREACHABLE (Error: http error: get_task_details failed: GET https://chat) - stays queued
T1v0#89: UNREACHABLE (Error: http error: get_task_details failed: GET https://chat) - stays queued
T1v0#71: UNREACHABLE (Error: http error: get_task_details failed: GET https://chat) - stays queued
T1v0#75: UNREACHABLE (Error: http error: get_task_details failed: GET https://chat) - stays queued
T1v0#76: UNREACHABLE (Error: http error: get_task_details failed: GET https://chat) - stays queued
T1v0#79: UNREACHABLE (Error: http error: get_task_details failed: GET https://chat) - stays queued
T1v0#84: UNREACHABLE (Error: http error: get_task_details failed: GET https://chat) - stays queued
T1v0#81: UNREACHABLE (Error: http error: get_task_details failed: GET https://chat) - stays queued
T1v0#83: UNREACHABLE (Error: http error: get_task_details failed: GET https://chat) - stays queued
T1v0#80: UNREACHABLE (Error: http error: get_task_details failed: GET https://chat) - stays queued
COLLECTION PASS DONE
=== cloud_dose_E1.jsonl: 271 rows, 228 already collected
=== cloud_efamily.jsonl: 240 rows, 207 already collected
=== cloud_auditrefs.jsonl: 60 rows, 54 already collected
SPECIAL COLLECT: 0 harvested, 0 unreachable (stay queued), 0 still running
cloud_auditrefs.jsonl: foreign schema - left to cloud-collect-special.js
BL-01b#42: UNREACHABLE (Error: http error: get_task_details failed: GET https://chat) - stays queued
BL-01b#43: UNREACHABLE (Error: http error: get_task_details failed: GET https://chat) - stays queued
BL-01b#45: UNREACHABLE (Error: http error: get_task_details failed: GET https://chat) - stays queued
BL-01b#75: UNREACHABLE (Error: http error: get_task_details failed: GET https://chat) - stays queued
BL-01b#74: UNREACHABLE (Error: http error: get_task_details failed: GET https://chat) - stays queued
BL-01b#125: UNREACHABLE (Error: http error: get_task_details failed: GET https://chat) - stays queued
BL-01b#124: UNREACHABLE (Error: http error: get_task_details failed: GET https://chat) - stays queued
BL-01b#127: UNREACHABLE (Error: http error: get_task_details failed: GET https://chat) - stays queued
BL-01b#153: UNREACHABLE (Error: http error: get_task_details failed: GET https://chat) - stays queued
BL-01b#156: UNREACHABLE (Error: http error: get_task_details failed: GET https://chat) - stays queued
BL-01b#158: UNREACHABLE (Error: http error: get_task_details failed: GET https://chat) - stays queued
BL-01b#159: program
BL-01b#165: program
BL-01b#174: program
BL-01b#177: program
BL-01b#175: UNREACHABLE (Error: http error: get_task_details failed: GET https://chat) - stays queued
BL-01b#176: UNREACHABLE (Error: http error: get_task_details failed: GET https://chat) - stays queued
BL-01b#182: UNREACHABLE (Error: http error: get_task_details failed: GET https://chat) - stays queued
BL-01b#183: UNREACHABLE (Error: http error: get_task_details failed: GET https://chat) - stays queued
BL-01b#185: UNREACHABLE (Error: http error: get_task_details failed: GET https://chat) - stays queued
BL-01b#184: UNREACHABLE (Error: http error: get_task_details failed: GET https://chat) - stays queued
BL-01b#195: UNREACHABLE (Error: http error: get_task_details failed: GET https://chat) - stays queued
BL-01b#241: UNREACHABLE (Error: http error: get_task_details failed: GET https://chat) - stays queued
BL-01b#243: UNREACHABLE (Error: http error: get_task_details failed: GET https://chat) - stays queued
BL-01b#246: UNREACHABLE (Error: http error: get_task_details failed: GET https://chat) - stays queued
BL-01b#247: UNREACHABLE (Error: http error: get_task_details failed: GET https://chat) - stays queued
BL-01b#249: UNREACHABLE (Error: http error: get_task_details failed: GET https://chat) - stays queued
BL-01b#171: UNREACHABLE (Error: http error: get_task_details failed: GET https://chat) - stays queued
BL-01b#19: UNREACHABLE (Error: http error: get_task_details failed: GET https://chat) - stays queued
BL-01b#71: UNREACHABLE (Error: http error: get_task_details failed: GET https://chat) - stays queued
BL-01b#73: UNREACHABLE (Error: http error: get_task_details failed: GET https://chat) - stays queued
BL-01b#57: UNREACHABLE (Error: http error: get_task_details failed: GET https://chat) - stays queued
BL-01b#56: UNREACHABLE (Error: http error: get_task_details failed: GET https://chat) - stays queued
BL-01b#62: UNREACHABLE (Error: http error: get_task_details failed: GET https://chat) - stays queued
BL-01b#63: UNREACHABLE (Error: http error: get_task_details failed: GET https://chat) - stays queued
BL-01b#77: UNREACHABLE (Error: http error: get_task_details failed: GET https://chat) - stays queued
BL-01b#78: UNREACHABLE (Error: http error: get_task_details failed: GET https://chat) - stays queued
BL-01b#35: UNREACHABLE (Error: http error: get_task_details failed: GET https://chat) - stays queued
BL-01b#34: UNREACHABLE (Error: http error: get_task_details failed: GET https://chat) - stays queued
BL-01b#36: UNREACHABLE (Error: http error: get_task_details failed: GET https://chat) - stays queued
BL-01b#37: UNREACHABLE (Error: http error: get_task_details failed: GET https://chat) - stays queued
BL-01b#38: UNREACHABLE (Error: http error: get_task_details failed: GET https://chat) - stays queued
BL-01b#0: UNREACHABLE (Error: http error: get_task_details failed: GET https://chat) - stays queued
BL-01b#2: UNREACHABLE (Error: http error: get_task_details failed: GET https://chat) - stays queued
BL-01b#1: UNREACHABLE (Error: http error: get_task_details failed: GET https://chat) - stays queued
BL-01b#11: UNREACHABLE (Error: http error: get_task_details failed: GET https://chat) - stays queued
BL-01b#12: UNREACHABLE (Error: http error: get_task_details failed: GET https://chat) - stays queued
BL-01b#13: UNREACHABLE (Error: http error: get_task_details failed: GET https://chat) - stays queued
BL-01b#15: UNREACHABLE (Error: http error: get_task_details failed: GET https://chat) - stays queued
BL-01b#14: UNREACHABLE (Error: http error: get_task_details failed: GET https://chat) - stays queued
BL-01b#16: UNREACHABLE (Error: http error: get_task_details failed: GET https://chat) - stays queued
BL-01b#17: UNREACHABLE (Error: http error: get_task_details failed: GET https://chat) - stays queued
BL-01b#18: UNREACHABLE (Error: http error: get_task_details failed: GET https://chat) - stays queued
BL-01b#22: UNREACHABLE (Error: http error: get_task_details failed: GET https://chat) - stays queued
BL-01b#23: UNREACHABLE (Error: http error: get_task_details failed: GET https://chat) - stays queued
BL-01b#5: UNREACHABLE (Error: http error: get_task_details failed: GET https://chat) - stays queued
BL-01b#25: program
BL-01b#29: program
BL-01c#1: program
BL-01c#6: program
BL-01c#13: program
BL-01c#19: no-program
BL-01c#9: program
BL-01c#12: program
BL-01c#15: no-program
BL-01c#2: UNREACHABLE (Error: http error: get_task_details failed: GET https://chat) - stays queued
BL-01c#11: UNREACHABLE (Error: http error: get_task_details failed: GET https://chat) - stays queued
BL-01c#8: UNREACHABLE (Error: http error: get_task_details failed: GET https://chat) - stays queued
BL-01c#18: UNREACHABLE (Error: http error: get_task_details failed: GET https://chat) - stays queued
BL-01c#10: UNREACHABLE (Error: http error: get_task_details failed: GET https://chat) - stays queued
BL-01c#0: UNREACHABLE (Error: http error: get_task_details failed: GET https://chat) - stays queued
BL-01c#3: UNREACHABLE (Error: http error: get_task_details failed: GET https://chat) - stays queued
BL-01c#7: UNREACHABLE (Error: http error: get_task_details failed: GET https://chat) - stays queued
BL-01c#23: UNREACHABLE (Error: http error: get_task_details failed: GET https://chat) - stays queued
BL-01c#34: UNREACHABLE (Error: http error: get_task_details failed: GET https://chat) - stays queued
BL-01c#30: UNREACHABLE (Error: http error: get_task_details failed: GET https://chat) - stays queued
BL-01c#38: UNREACHABLE (Error: http error: get_task_details failed: GET https://chat) - stays queued
BL-01c#28: UNREACHABLE (Error: http error: get_task_details failed: GET https://chat) - stays queued
BL-01c#35: UNREACHABLE (Error: http error: get_task_details failed: GET https://chat) - stays queued
BL-01c#33: UNREACHABLE (Error: http error: get_task_details failed: GET https://chat) - stays queued
BL-01c#36: UNREACHABLE (Error: http error: get_task_details failed: GET https://chat) - stays queued
BL-01c#39: UNREACHABLE (Error: http error: get_task_details failed: GET https://chat) - stays queued
BL-01c#37: UNREACHABLE (Error: http error: get_task_details failed: GET https://chat) - stays queued
BL-01c#40: UNREACHABLE (Error: http error: get_task_details failed: GET https://chat) - stays queued
BL-01c#41: UNREACHABLE (Error: http error: get_task_details failed: GET https://chat) - stays queued
BL-01c#43: UNREACHABLE (Error: http error: get_task_details failed: GET https://chat) - stays queued
BL-01c#45: UNREACHABLE (Error: http error: get_task_details failed: GET https://chat) - stays queued
BL-01c#44: UNREACHABLE (Error: http error: get_task_details failed: GET https://chat) - stays queued
BL-01c#42: UNREACHABLE (Error: http error: get_task_details failed: GET https://chat) - stays queued
BL-01c#46: UNREACHABLE (Error: http error: get_task_details failed: GET https://chat) - stays queued
BL-01c#47: UNREACHABLE (Error: http error: get_task_details failed: GET https://chat) - stays queued
BL-01c#48: program
BL-01c#50: program
BL-01c#49: no-program
BL-01c#72: UNREACHABLE (Error: http error: get_task_details failed: GET https://chat) - stays queued
BL-01c#73: UNREACHABLE (Error: http error: get_task_details failed: GET https://chat) - stays queued
BL-01c#75: UNREACHABLE (Error: http error: get_task_details failed: GET https://chat) - stays queued
BL-01c#74: UNREACHABLE (Error: http error: get_task_details failed: GET https://chat) - stays queued
BL-01c#76: UNREACHABLE (Error: http error: get_task_details failed: GET https://chat) - stays queued
BL-01c#77: UNREACHABLE (Error: http error: get_task_details failed: GET https://chat) - stays queued
BL-01c#78: UNREACHABLE (Error: http error: get_task_details failed: GET https://chat) - stays queued
BL-01c#102: UNREACHABLE (Error: http error: get_task_details failed: GET https://chat) - stays queued
BL-01c#104: UNREACHABLE (Error: http error: get_task_details failed: GET https://chat) - stays queued
BL-01c#108: UNREACHABLE (Error: http error: get_task_details failed: GET https://chat) - stays queued
BL-01c#107: UNREACHABLE (Error: http error: get_task_details failed: GET https://chat) - stays queued
BL-01c#110: UNREACHABLE (Error: http error: get_task_details failed: GET https://chat) - stays queued
BL-01c#111: UNREACHABLE (Error: http error: get_task_details failed: GET https://chat) - stays queued
BL-01c#112: UNREACHABLE (Error: http error: get_task_details failed: GET https://chat) - stays queued
BL-01c#113: UNREACHABLE (Error: http error: get_task_details failed: GET https://chat) - stays queued
BL-01c#114: UNREACHABLE (Error: http error: get_task_details failed: GET https://chat) - stays queued
BL-01c#116: UNREACHABLE (Error: http error: get_task_details failed: GET https://chat) - stays queued
BL-01c#117: UNREACHABLE (Error: http error: get_task_details failed: GET https://chat) - stays queued
BL-01c#115: UNREACHABLE (Error: http error: get_task_details failed: GET https://chat) - stays queued
BL-01c#118: UNREACHABLE (Error: http error: get_task_details failed: GET https://chat) - stays queued
BL-01c#119: UNREACHABLE (Error: http error: get_task_details failed: GET https://chat) - stays queued
BL-01c#88: UNREACHABLE (Error: http error: get_task_details failed: GET https://chat) - stays queued
BL-01c#90: UNREACHABLE (Error: http error: get_task_details failed: GET https://chat) - stays queued
BL-01c#122: UNREACHABLE (Error: http error: get_task_details failed: GET https://chat) - stays queued
BL-01c#124: UNREACHABLE (Error: http error: get_task_details failed: GET https://chat) - stays queued
BL-01c#126: UNREACHABLE (Error: http error: get_task_details failed: GET https://chat) - stays queued
BL-02c#29: UNREACHABLE (Error: http error: get_task_details failed: GET https://chat) - stays queued
BL-03#2: UNREACHABLE (Error: http error: get_task_details failed: GET https://chat) - stays queued
BL-03#5: UNREACHABLE (Error: http error: get_task_details failed: GET https://chat) - stays queued
BL-03#7: UNREACHABLE (Error: http error: get_task_details failed: GET https://chat) - stays queued
BL-03#4: UNREACHABLE (Error: http error: get_task_details failed: GET https://chat) - stays queued
BL-03#33: UNREACHABLE (Error: http error: get_task_details failed: GET https://chat) - stays queued
BL-03#55: UNREACHABLE (Error: http error: get_task_details failed: GET https://chat) - stays queued
BL-03#56: UNREACHABLE (Error: http error: get_task_details failed: GET https://chat) - stays queued
BL-03#59: UNREACHABLE (Error: http error: get_task_details failed: GET https://chat) - stays queued
BL-03#38: UNREACHABLE (Error: http error: get_task_details failed: GET https://chat) - stays queued
BL-03#44: UNREACHABLE (Error: http error: get_task_details failed: GET https://chat) - stays queued
BL-03#47: UNREACHABLE (Error: http error: get_task_details failed: GET https://chat) - stays queued
BL-04#3: UNREACHABLE (Error: http error: get_task_details failed: GET https://chat) - stays queued
BL-04#2: UNREACHABLE (Error: http error: get_task_details failed: GET https://chat) - stays queued
BL-04#5: UNREACHABLE (Error: http error: get_task_details failed: GET https://chat) - stays queued
BL-04#4: UNREACHABLE (Error: http error: get_task_details failed: GET https://chat) - stays queued
BL-04#8: UNREACHABLE (Error: http error: get_task_details failed: GET https://chat) - stays queued
BL-04#17: UNREACHABLE (Error: http error: get_task_details failed: GET https://chat) - stays queued
BL-04#18: UNREACHABLE (Error: http error: get_task_details failed: GET https://chat) - stays queued
BL-04#14: UNREACHABLE (Error: http error: get_task_details failed: GET https://chat) - stays queued
BL-04#19: UNREACHABLE (Error: http error: get_task_details failed: GET https://chat) - stays queued
BL-04#33: UNREACHABLE (Error: http error: get_task_details failed: GET https://chat) - stays queued
BL-04#34: UNREACHABLE (Error: http error: get_task_details failed: GET https://chat) - stays queued
BL-04#35: UNREACHABLE (Error: http error: get_task_details failed: GET https://chat) - stays queued
BL-04#36: UNREACHABLE (Error: http error: get_task_details failed: GET https://chat) - stays queued
BL-04#37: UNREACHABLE (Error: http error: get_task_details failed: GET https://chat) - stays queued
BL-04#38: UNREACHABLE (Error: http error: get_task_details failed: GET https://chat) - stays queued
BL-04#39: UNREACHABLE (Error: http error: get_task_details failed: GET https://chat) - stays queued
BL-04#40: UNREACHABLE (Error: http error: get_task_details failed: GET https://chat) - stays queued
BL-04#41: UNREACHABLE (Error: http error: get_task_details failed: GET https://chat) - stays queued
BL-04#42: UNREACHABLE (Error: http error: get_task_details failed: GET https://chat) - stays queued
BL-04#43: UNREACHABLE (Error: http error: get_task_details failed: GET https://chat) - stays queued
BL-04#44: UNREACHABLE (Error: http error: get_task_details failed: GET https://chat) - stays queued
BL-04#45: program
BL-04#46: program
BL-05#17: program
BL-05#9: program
BL-05#0: program
BL-05#18: UNREACHABLE (Error: http error: get_task_details failed: GET https://chat) - stays queued
BL-05#2: UNREACHABLE (Error: http error: get_task_details failed: GET https://chat) - stays queued
BL-05#10: UNREACHABLE (Error: http error: get_task_details failed: GET https://chat) - stays queued
BL-05#3: UNREACHABLE (Error: http error: get_task_details failed: GET https://chat) - stays queued
BL-05#31: UNREACHABLE (Error: http error: get_task_details failed: GET https://chat) - stays queued
BL-05#30: UNREACHABLE (Error: http error: get_task_details failed: GET https://chat) - stays queued
BL-05#32: UNREACHABLE (Error: http error: get_task_details failed: GET https://chat) - stays queued
BL-05#35: UNREACHABLE (Error: http error: get_task_details failed: GET https://chat) - stays queued
BL-05#46: UNREACHABLE (Error: http error: get_task_details failed: GET https://chat) - stays queued
BL-05#47: UNREACHABLE (Error: http error: get_task_details failed: GET https://chat) - stays queued
BL-05#48: UNREACHABLE (Error: http error: get_task_details failed: GET https://chat) - stays queued
BL-05#50: UNREACHABLE (Error: http error: get_task_details failed: GET https://chat) - stays queued
BL-05#53: UNREACHABLE (Error: http error: get_task_details failed: GET https://chat) - stays queued
BL-05#38: UNREACHABLE (Error: http error: get_task_details failed: GET https://chat) - stays queued
BL-05#37: UNREACHABLE (Error: http error: get_task_details failed: GET https://chat) - stays queued
BL-05#36: UNREACHABLE (Error: http error: get_task_details failed: GET https://chat) - stays queued
BL-05#41: UNREACHABLE (Error: http error: get_task_details failed: GET https://chat) - stays queued
BL-05#40: UNREACHABLE (Error: http error: get_task_details failed: GET https://chat) - stays queued
BL-05#39: UNREACHABLE (Error: http error: get_task_details failed: GET https://chat) - stays queued
BL-05#42: UNREACHABLE (Error: http error: get_task_details failed: GET https://chat) - stays queued
BL-05#54: UNREACHABLE (Error: http error: get_task_details failed: GET https://chat) - stays queued
BL-05#55: UNREACHABLE (Error: http error: get_task_details failed: GET https://chat) - stays queued
BL-05#56: UNREACHABLE (Error: http error: get_task_details failed: GET https://chat) - stays queued
BL-05#58: UNREACHABLE (Error: http error: get_task_details failed: GET https://chat) - stays queued
BL-05#5: UNREACHABLE (Error: http error: get_task_details failed: GET https://chat) - stays queued
BL-05#16: UNREACHABLE (Error: http error: get_task_details failed: GET https://chat) - stays queued
BL-05#17: UNREACHABLE (Error: http error: get_task_details failed: GET https://chat) - stays queued
BL-05#18: UNREACHABLE (Error: http error: get_task_details failed: GET https://chat) - stays queued
BL-05#19: UNREACHABLE (Error: http error: get_task_details failed: GET https://chat) - stays queued
BL-05#20: UNREACHABLE (Error: http error: get_task_details failed: GET https://chat) - stays queued
BL-05#21: UNREACHABLE (Error: http error: get_task_details failed: GET https://chat) - stays queued
BL-05#23: UNREACHABLE (Error: http error: get_task_details failed: GET https://chat) - stays queued
BL-05#36: UNREACHABLE (Error: http error: get_task_details failed: GET https://chat) - stays queued
BL-05#37: UNREACHABLE (Error: http error: get_task_details failed: GET https://chat) - stays queued
BL-05#33: UNREACHABLE (Error: http error: get_task_details failed: GET https://chat) - stays queued
BL-05#32: UNREACHABLE (Error: http error: get_task_details failed: GET https://chat) - stays queued
BL-05#38: UNREACHABLE (Error: http error: get_task_details failed: GET https://chat) - stays queued
BL-05#39: UNREACHABLE (Error: http error: get_task_details failed: GET https://chat) - stays queued
BL-05#40: UNREACHABLE (Error: http error: get_task_details failed: GET https://chat) - stays queued
BL-05#41: UNREACHABLE (Error: http error: get_task_details failed: GET https://chat) - stays queued
BL-05#49: UNREACHABLE (Error: http error: get_task_details failed: GET https://chat) - stays queued
BL-05#46: UNREACHABLE (Error: http error: get_task_details failed: GET https://chat) - stays queued
BL-05#47: UNREACHABLE (Error: http error: get_task_details failed: GET https://chat) - stays queued
BL-05#51: UNREACHABLE (Error: http error: get_task_details failed: GET https://chat) - stays queued
BL-05#52: UNREACHABLE (Error: http error: get_task_details failed: GET https://chat) - stays queued
BL-05#53: program
BL-05#58: program
BL-05#59: program
BL-07#4: program
BL-07#5: program
BL-07#6: program
BL-07#7: program
BL-07#8: program
BL-07#9: program
BL-07#2: program
BL-07#18: no-program
BL-07#19: UNREACHABLE (Error: http error: get_task_details failed: GET https://chat) - stays queued
BL-07#20: UNREACHABLE (Error: http error: get_task_details failed: GET https://chat) - stays queued
BL-07#24: UNREACHABLE (Error: http error: get_task_details failed: GET https://chat) - stays queued
BL-07#25: UNREACHABLE (Error: http error: get_task_details failed: GET https://chat) - stays queued
BL-07#33: UNREACHABLE (Error: http error: get_task_details failed: GET https://chat) - stays queued
BL-07#34: UNREACHABLE (Error: http error: get_task_details failed: GET https://chat) - stays queued
BL-07#35: UNREACHABLE (Error: http error: get_task_details failed: GET https://chat) - stays queued
BL-07#36: UNREACHABLE (Error: http error: get_task_details failed: GET https://chat) - stays queued
BL-07#37: UNREACHABLE (Error: http error: get_task_details failed: GET https://chat) - stays queued
BL-07#38: UNREACHABLE (Error: http error: get_task_details failed: GET https://chat) - stays queued
BL-07#39: UNREACHABLE (Error: http error: get_task_details failed: GET https://chat) - stays queued
BL-07#40: UNREACHABLE (Error: http error: get_task_details failed: GET https://chat) - stays queued
BL-07#41: UNREACHABLE (Error: http error: get_task_details failed: GET https://chat) - stays queued
BL-07#42: UNREACHABLE (Error: http error: get_task_details failed: GET https://chat) - stays queued
BL-07#43: UNREACHABLE (Error: http error: get_task_details failed: GET https://chat) - stays queued
BL-08#4: UNREACHABLE (Error: http error: get_task_details failed: GET https://chat) - stays queued
BL-08#7: UNREACHABLE (Error: http error: get_task_details failed: GET https://chat) - stays queued
BL-08#6: UNREACHABLE (Error: http error: get_task_details failed: GET https://chat) - stays queued
BL-08#15: UNREACHABLE (Error: http error: get_task_details failed: GET https://chat) - stays queued
BL-08#13: UNREACHABLE (Error: http error: get_task_details failed: GET https://chat) - stays queued
BL-08#12: UNREACHABLE (Error: http error: get_task_details failed: GET https://chat) - stays queued
BL-08#17: UNREACHABLE (Error: http error: get_task_details failed: GET https://chat) - stays queued
BL-08#26: UNREACHABLE (Error: http error: get_task_details failed: GET https://chat) - stays queued
BL-08#28: UNREACHABLE (Error: http error: get_task_details failed: GET https://chat) - stays queued
BL-08#27: UNREACHABLE (Error: http error: get_task_details failed: GET https://chat) - stays queued
BL-08#24: UNREACHABLE (Error: http error: get_task_details failed: GET https://chat) - stays queued
BL-08#29: UNREACHABLE (Error: http error: get_task_details failed: GET https://chat) - stays queued
BL-08#30: UNREACHABLE (Error: http error: get_task_details failed: GET https://chat) - stays queued
BL-08#31: UNREACHABLE (Error: http error: get_task_details failed: GET https://chat) - stays queued
BL-08#32: UNREACHABLE (Error: http error: get_task_details failed: GET https://chat) - stays queued
BL-08#33: UNREACHABLE (Error: http error: get_task_details failed: GET https://chat) - stays queued
BL-08#39: UNREACHABLE (Error: http error: get_task_details failed: GET https://chat) - stays queued
BL-08#36: UNREACHABLE (Error: http error: get_task_details failed: GET https://chat) - stays queued
BL-08#45: UNREACHABLE (Error: http error: get_task_details failed: GET https://chat) - stays queued
BL-08#43: UNREACHABLE (Error: http error: get_task_details failed: GET https://chat) - stays queued
BL-08#51: program
BL-08#50: program
BL-08#53: program
BL-08#52: UNREACHABLE (Error: http error: get_task_details failed: GET https://chat) - stays queued
BL-08#56: UNREACHABLE (Error: http error: get_task_details failed: GET https://chat) - stays queued
BL-08#55: UNREACHABLE (Error: http error: get_task_details failed: GET https://chat) - stays queued
BL-08#57: UNREACHABLE (Error: http error: get_task_details failed: GET https://chat) - stays queued
BL-08#54: UNREACHABLE (Error: http error: get_task_details failed: GET https://chat) - stays queued
BL-08#58: UNREACHABLE (Error: http error: get_task_details failed: GET https://chat) - stays queued
BL-08#2: UNREACHABLE (Error: http error: get_task_details failed: GET https://chat) - stays queued
BL-08#26: UNREACHABLE (Error: http error: get_task_details failed: GET https://chat) - stays queued
BL-08#29: UNREACHABLE (Error: http error: get_task_details failed: GET https://chat) - stays queued
BL-08#28: UNREACHABLE (Error: http error: get_task_details failed: GET https://chat) - stays queued
BL-08#14: UNREACHABLE (Error: http error: get_task_details failed: GET https://chat) - stays queued
BL-08#15: UNREACHABLE (Error: http error: get_task_details failed: GET https://chat) - stays queued
cloud_dose_E1.jsonl: foreign schema - left to cloud-collect-special.js
cloud_efamily.jsonl: foreign schema - left to cloud-collect-special.js
ER-01c#5: UNREACHABLE (Error: http error: get_task_details failed: GET https://chat) - stays queued
ER-01c#3: UNREACHABLE (Error: http error: get_task_details failed: GET https://chat) - stays queued
ER-01c#19: UNREACHABLE (Error: http error: get_task_details failed: GET https://chat) - stays queued
ER-01c#28: UNREACHABLE (Error: http error: get_task_details failed: GET https://chat) - stays queued
ER-01c#24: UNREACHABLE (Error: http error: get_task_details failed: GET https://chat) - stays queued
ER-01c#29: UNREACHABLE (Error: http error: get_task_details failed: GET https://chat) - stays queued
ER-01c#25: UNREACHABLE (Error: http error: get_task_details failed: GET https://chat) - stays queued
ER-01c#26: UNREACHABLE (Error: http error: get_task_details failed: GET https://chat) - stays queued
ER-01c#27: UNREACHABLE (Error: http error: get_task_details failed: GET https://chat) - stays queued
ER-01c#30: UNREACHABLE (Error: http error: get_task_details failed: GET https://chat) - stays queued
ER-01c#31: UNREACHABLE (Error: http error: get_task_details failed: GET https://chat) - stays queued
ER-01#3: UNREACHABLE (Error: http error: get_task_details failed: GET https://chat) - stays queued
ER-01#2: UNREACHABLE (Error: http error: get_task_details failed: GET https://chat) - stays queued
ER-01#1: UNREACHABLE (Error: http error: get_task_details failed: GET https://chat) - stays queued
ER-01#5: UNREACHABLE (Error: http error: get_task_details failed: GET https://chat) - stays queued
ER-01#21: UNREACHABLE (Error: http error: get_task_details failed: GET https://chat) - stays queued
ER-01#22: UNREACHABLE (Error: http error: get_task_details failed: GET https://chat) - stays queued
ER-01#27: UNREACHABLE (Error: http error: get_task_details failed: GET https://chat) - stays queued
ER-01#41: UNREACHABLE (Error: http error: get_task_details failed: GET https://chat) - stays queued
ER-01#40: UNREACHABLE (Error: http error: get_task_details failed: GET https://chat) - stays queued
ER-01#42: UNREACHABLE (Error: http error: get_task_details failed: GET https://chat) - stays queued
ER-01#43: UNREACHABLE (Error: http error: get_task_details failed: GET https://chat) - stays queued
ER-01#44: UNREACHABLE (Error: http error: get_task_details failed: GET https://chat) - stays queued
ER-01#45: UNREACHABLE (Error: http error: get_task_details failed: GET https://chat) - stays queued
ER-01#48: UNREACHABLE (Error: http error: get_task_details failed: GET https://chat) - stays queued
ER-01#49: UNREACHABLE (Error: http error: get_task_details failed: GET https://chat) - stays queued
ER-01#51: UNREACHABLE (Error: http error: get_task_details failed: GET https://chat) - stays queued
ER-01#52: UNREACHABLE (Error: http error: get_task_details failed: GET https://chat) - stays queued
ER-01#53: UNREACHABLE (Error: http error: get_task_details failed: GET https://chat) - stays queued
ER-01#54: UNREACHABLE (Error: http error: get_task_details failed: GET https://chat) - stays queued
ER-01#55: UNREACHABLE (Error: http error: get_task_details failed: GET https://chat) - stays queued
ER-01#56: UNREACHABLE (Error: http error: get_task_details failed: GET https://chat) - stays queued
ER-01#57: UNREACHABLE (Error: http error: get_task_details failed: GET https://chat) - stays queued
ER-01#59: UNREACHABLE (Error: http error: get_task_details failed: GET https://chat) - stays queued
ER-01#58: UNREACHABLE (Error: http error: get_task_details failed: GET https://chat) - stays queued
ER-01#32: UNREACHABLE (Error: http error: get_task_details failed: GET https://chat) - stays queued
ER-01#31: UNREACHABLE (Error: http error: get_task_details failed: GET https://chat) - stays queued
ER-01#1: UNREACHABLE (Error: http error: get_task_details failed: GET https://chat) - stays queued
ER-01#0: UNREACHABLE (Error: http error: get_task_details failed: GET https://chat) - stays queued
ER-01#5: UNREACHABLE (Error: http error: get_task_details failed: GET https://chat) - stays queued
ER-01#2: UNREACHABLE (Error: http error: get_task_details failed: GET https://chat) - stays queued
ER-01#4: UNREACHABLE (Error: http error: get_task_details failed: GET https://chat) - stays queued
ER-01#3: program
ER-01#15: program
ER-01#16: program
ER-01#17: program
ER-01#25: program
OM-B#7: program
OM-B#8: program
OM-B#9: program
OM-B#10: no-program
OM-B#14: UNREACHABLE (Error: http error: get_task_details failed: GET https://chat) - stays queued
OM-B#15: UNREACHABLE (Error: http error: get_task_details failed: GET https://chat) - stays queued
OM-B#16: UNREACHABLE (Error: http error: get_task_details failed: GET https://chat) - stays queued
OM-B#17: UNREACHABLE (Error: http error: get_task_details failed: GET https://chat) - stays queued
OM-B#18: UNREACHABLE (Error: http error: get_task_details failed: GET https://chat) - stays queued
OM-B#19: UNREACHABLE (Error: http error: get_task_details failed: GET https://chat) - stays queued
OM-B#20: UNREACHABLE (Error: http error: get_task_details failed: GET https://chat) - stays queued
OM-B#26: UNREACHABLE (Error: http error: get_task_details failed: GET https://chat) - stays queued
OM-B#27: UNREACHABLE (Error: http error: get_task_details failed: GET https://chat) - stays queued
OM-B#28: UNREACHABLE (Error: http error: get_task_details failed: GET https://chat) - stays queued
OM-B#29: UNREACHABLE (Error: http error: get_task_details failed: GET https://chat) - stays queued
OM-B#43: UNREACHABLE (Error: http error: get_task_details failed: GET https://chat) - stays queued
OM-B#44: UNREACHABLE (Error: http error: get_task_details failed: GET https://chat) - stays queued
OM-B#45: UNREACHABLE (Error: http error: get_task_details failed: GET https://chat) - stays queued
OM-B#46: UNREACHABLE (Error: http error: get_task_details failed: GET https://chat) - stays queued
OM-B#47: UNREACHABLE (Error: http error: get_task_details failed: GET https://chat) - stays queued
OM-B#48: UNREACHABLE (Error: http error: get_task_details failed: GET https://chat) - stays queued
OM-B#49: UNREACHABLE (Error: http error: get_task_details failed: GET https://chat) - stays queued
OM-B#50: UNREACHABLE (Error: http error: get_task_details failed: GET https://chat) - stays queued
OM-B#51: UNREACHABLE (Error: http error: get_task_details failed: GET https://chat) - stays queued
OM-B#52: UNREACHABLE (Error: http error: get_task_details failed: GET https://chat) - stays queued
OM-C#12: UNREACHABLE (Error: http error: get_task_details failed: GET https://chat) - stays queued
OM-C#14: UNREACHABLE (Error: http error: get_task_details failed: GET https://chat) - stays queued
OM-C#15: UNREACHABLE (Error: http error: get_task_details failed: GET https://chat) - stays queued
OM-C#17: UNREACHABLE (Error: http error: get_task_details failed: GET https://chat) - stays queued
OM-C#16: UNREACHABLE (Error: http error: get_task_details failed: GET https://chat) - stays queued
OM-C#18: UNREACHABLE (Error: http error: get_task_details failed: GET https://chat) - stays queued
T1v0#89: UNREACHABLE (Error: http error: get_task_details failed: GET https://chat) - stays queued
T1v0#71: UNREACHABLE (Error: http error: get_task_details failed: GET https://chat) - stays queued
T1v0#75: UNREACHABLE (Error: http error: get_task_details failed: GET https://chat) - stays queued
T1v0#76: UNREACHABLE (Error: http error: get_task_details failed: GET https://chat) - stays queued
T1v0#79: UNREACHABLE (Error: http error: get_task_details failed: GET https://chat) - stays queued
T1v0#84: UNREACHABLE (Error: http error: get_task_details failed: GET https://chat) - stays queued
T1v0#81: UNREACHABLE (Error: http error: get_task_details failed: GET https://chat) - stays queued
T1v0#83: UNREACHABLE (Error: http error: get_task_details failed: GET https://chat) - stays queued
T1v0#80: UNREACHABLE (Error: http error: get_task_details failed: GET https://chat) - stays queued
COLLECTION PASS DONE
=== cloud_dose_E1.jsonl: 271 rows, 228 already collected
=== cloud_efamily.jsonl: 240 rows, 207 already collected
=== cloud_auditrefs.jsonl: 60 rows, 54 already collected
SPECIAL COLLECT: 0 harvested, 0 unreachable (stay queued), 0 still running
cloud_auditrefs.jsonl: foreign schema - left to cloud-collect-special.js
BL-01b#42: UNREACHABLE (Error: http error: get_task_details failed: GET https://chat) - stays queued
BL-01b#43: UNREACHABLE (Error: http error: get_task_details failed: GET https://chat) - stays queued
BL-01b#45: UNREACHABLE (Error: http error: get_task_details failed: GET https://chat) - stays queued
BL-01b#75: program
BL-01b#74: program
BL-01b#125: program
BL-01b#124: UNREACHABLE (Error: http error: get_task_details failed: GET https://chat) - stays queued
BL-01b#127: UNREACHABLE (Error: http error: get_task_details failed: GET https://chat) - stays queued
BL-01b#153: UNREACHABLE (Error: http error: get_task_details failed: GET https://chat) - stays queued
BL-01b#156: UNREACHABLE (Error: http error: get_task_details failed: GET https://chat) - stays queued
BL-01b#158: UNREACHABLE (Error: http error: get_task_details failed: GET https://chat) - stays queued
BL-01b#175: UNREACHABLE (Error: http error: get_task_details failed: GET https://chat) - stays queued
BL-01b#176: UNREACHABLE (Error: http error: get_task_details failed: GET https://chat) - stays queued
BL-01b#182: UNREACHABLE (Error: http error: get_task_details failed: GET https://chat) - stays queued
BL-01b#183: UNREACHABLE (Error: http error: get_task_details failed: GET https://chat) - stays queued
BL-01b#185: UNREACHABLE (Error: http error: get_task_details failed: GET https://chat) - stays queued
BL-01b#184: UNREACHABLE (Error: http error: get_task_details failed: GET https://chat) - stays queued
BL-01b#195: UNREACHABLE (Error: http error: get_task_details failed: GET https://chat) - stays queued
BL-01b#241: UNREACHABLE (Error: http error: get_task_details failed: GET https://chat) - stays queued
BL-01b#243: UNREACHABLE (Error: http error: get_task_details failed: GET https://chat) - stays queued
BL-01b#246: UNREACHABLE (Error: http error: get_task_details failed: GET https://chat) - stays queued
BL-01b#247: UNREACHABLE (Error: http error: get_task_details failed: GET https://chat) - stays queued
BL-01b#249: UNREACHABLE (Error: http error: get_task_details failed: GET https://chat) - stays queued
BL-01b#171: UNREACHABLE (Error: http error: get_task_details failed: GET https://chat) - stays queued
BL-01b#19: UNREACHABLE (Error: http error: get_task_details failed: GET https://chat) - stays queued
BL-01b#71: UNREACHABLE (Error: http error: get_task_details failed: GET https://chat) - stays queued
BL-01b#73: UNREACHABLE (Error: http error: get_task_details failed: GET https://chat) - stays queued
BL-01b#57: UNREACHABLE (Error: http error: get_task_details failed: GET https://chat) - stays queued
BL-01b#56: UNREACHABLE (Error: http error: get_task_details failed: GET https://chat) - stays queued
BL-01b#62: UNREACHABLE (Error: http error: get_task_details failed: GET https://chat) - stays queued
BL-01b#63: UNREACHABLE (Error: http error: get_task_details failed: GET https://chat) - stays queued
BL-01b#77: UNREACHABLE (Error: http error: get_task_details failed: GET https://chat) - stays queued
BL-01b#78: UNREACHABLE (Error: http error: get_task_details failed: GET https://chat) - stays queued
BL-01b#35: UNREACHABLE (Error: http error: get_task_details failed: GET https://chat) - stays queued
BL-01b#34: UNREACHABLE (Error: http error: get_task_details failed: GET https://chat) - stays queued
BL-01b#36: UNREACHABLE (Error: http error: get_task_details failed: GET https://chat) - stays queued
BL-01b#37: UNREACHABLE (Error: http error: get_task_details failed: GET https://chat) - stays queued
BL-01b#38: UNREACHABLE (Error: http error: get_task_details failed: GET https://chat) - stays queued
BL-01b#0: UNREACHABLE (Error: http error: get_task_details failed: GET https://chat) - stays queued
BL-01b#2: UNREACHABLE (Error: http error: get_task_details failed: GET https://chat) - stays queued
BL-01b#1: UNREACHABLE (Error: http error: get_task_details failed: GET https://chat) - stays queued
BL-01b#11: UNREACHABLE (Error: http error: get_task_details failed: GET https://chat) - stays queued
BL-01b#12: UNREACHABLE (Error: http error: get_task_details failed: GET https://chat) - stays queued
BL-01b#13: UNREACHABLE (Error: http error: get_task_details failed: GET https://chat) - stays queued
BL-01b#15: UNREACHABLE (Error: http error: get_task_details failed: GET https://chat) - stays queued
BL-01b#14: UNREACHABLE (Error: http error: get_task_details failed: GET https://chat) - stays queued
BL-01b#16: UNREACHABLE (Error: http error: get_task_details failed: GET https://chat) - stays queued
BL-01b#17: UNREACHABLE (Error: http error: get_task_details failed: GET https://chat) - stays queued
BL-01b#18: UNREACHABLE (Error: http error: get_task_details failed: GET https://chat) - stays queued
BL-01b#22: UNREACHABLE (Error: http error: get_task_details failed: GET https://chat) - stays queued
BL-01b#23: UNREACHABLE (Error: http error: get_task_details failed: GET https://chat) - stays queued
BL-01b#5: UNREACHABLE (Error: http error: get_task_details failed: GET https://chat) - stays queued
BL-01c#2: UNREACHABLE (Error: http error: get_task_details failed: GET https://chat) - stays queued
BL-01c#11: UNREACHABLE (Error: http error: get_task_details failed: GET https://chat) - stays queued
BL-01c#8: UNREACHABLE (Error: http error: get_task_details failed: GET https://chat) - stays queued
BL-01c#18: UNREACHABLE (Error: http error: get_task_details failed: GET https://chat) - stays queued
BL-01c#10: UNREACHABLE (Error: http error: get_task_details failed: GET https://chat) - stays queued
BL-01c#0: program
BL-01c#3: program
BL-01c#7: program
BL-01c#23: program
BL-01c#34: no-program
BL-01c#30: program
BL-01c#38: no-program
BL-01c#28: UNREACHABLE (Error: http error: get_task_details failed: GET https://chat) - stays queued
BL-01c#35: UNREACHABLE (Error: http error: get_task_details failed: GET https://chat) - stays queued
BL-01c#33: UNREACHABLE (Error: http error: get_task_details failed: GET https://chat) - stays queued
BL-01c#36: UNREACHABLE (Error: http error: get_task_details failed: GET https://chat) - stays queued
BL-01c#39: UNREACHABLE (Error: http error: get_task_details failed: GET https://chat) - stays queued
BL-01c#37: UNREACHABLE (Error: http error: get_task_details failed: GET https://chat) - stays queued
BL-01c#40: UNREACHABLE (Error: http error: get_task_details failed: GET https://chat) - stays queued
BL-01c#41: UNREACHABLE (Error: http error: get_task_details failed: GET https://chat) - stays queued
BL-01c#43: UNREACHABLE (Error: http error: get_task_details failed: GET https://chat) - stays queued
BL-01c#45: UNREACHABLE (Error: http error: get_task_details failed: GET https://chat) - stays queued
BL-01c#44: UNREACHABLE (Error: http error: get_task_details failed: GET https://chat) - stays queued
BL-01c#42: UNREACHABLE (Error: http error: get_task_details failed: GET https://chat) - stays queued
BL-01c#46: UNREACHABLE (Error: http error: get_task_details failed: GET https://chat) - stays queued
BL-01c#47: UNREACHABLE (Error: http error: get_task_details failed: GET https://chat) - stays queued
BL-01c#72: UNREACHABLE (Error: http error: get_task_details failed: GET https://chat) - stays queued
BL-01c#73: UNREACHABLE (Error: http error: get_task_details failed: GET https://chat) - stays queued
BL-01c#75: UNREACHABLE (Error: http error: get_task_details failed: GET https://chat) - stays queued
BL-01c#74: UNREACHABLE (Error: http error: get_task_details failed: GET https://chat) - stays queued
BL-01c#76: UNREACHABLE (Error: http error: get_task_details failed: GET https://chat) - stays queued
BL-01c#77: UNREACHABLE (Error: http error: get_task_details failed: GET https://chat) - stays queued
BL-01c#78: UNREACHABLE (Error: http error: get_task_details failed: GET https://chat) - stays queued
BL-01c#102: UNREACHABLE (Error: http error: get_task_details failed: GET https://chat) - stays queued
BL-01c#104: UNREACHABLE (Error: http error: get_task_details failed: GET https://chat) - stays queued
BL-01c#108: UNREACHABLE (Error: http error: get_task_details failed: GET https://chat) - stays queued
BL-01c#107: UNREACHABLE (Error: http error: get_task_details failed: GET https://chat) - stays queued
BL-01c#110: UNREACHABLE (Error: http error: get_task_details failed: GET https://chat) - stays queued
BL-01c#111: UNREACHABLE (Error: http error: get_task_details failed: GET https://chat) - stays queued
BL-01c#112: UNREACHABLE (Error: http error: get_task_details failed: GET https://chat) - stays queued
BL-01c#113: UNREACHABLE (Error: http error: get_task_details failed: GET https://chat) - stays queued
BL-01c#114: UNREACHABLE (Error: http error: get_task_details failed: GET https://chat) - stays queued
BL-01c#116: UNREACHABLE (Error: http error: get_task_details failed: GET https://chat) - stays queued
BL-01c#117: UNREACHABLE (Error: http error: get_task_details failed: GET https://chat) - stays queued
BL-01c#115: UNREACHABLE (Error: http error: get_task_details failed: GET https://chat) - stays queued
BL-01c#118: UNREACHABLE (Error: http error: get_task_details failed: GET https://chat) - stays queued
BL-01c#119: UNREACHABLE (Error: http error: get_task_details failed: GET https://chat) - stays queued
BL-01c#88: UNREACHABLE (Error: http error: get_task_details failed: GET https://chat) - stays queued
BL-01c#90: program
BL-01c#122: program
BL-01c#124: program
BL-01c#126: program
BL-02c#29: program
BL-03#2: program
BL-03#5: program
BL-03#7: program
BL-03#4: program
BL-03#33: no-program
BL-03#55: UNREACHABLE (Error: http error: get_task_details failed: GET https://chat) - stays queued
BL-03#56: UNREACHABLE (Error: http error: get_task_details failed: GET https://chat) - stays queued
BL-03#59: UNREACHABLE (Error: http error: get_task_details failed: GET https://chat) - stays queued
BL-03#38: UNREACHABLE (Error: http error: get_task_details failed: GET https://chat) - stays queued
BL-03#44: UNREACHABLE (Error: http error: get_task_details failed: GET https://chat) - stays queued
BL-03#47: UNREACHABLE (Error: http error: get_task_details failed: GET https://chat) - stays queued
BL-04#3: UNREACHABLE (Error: http error: get_task_details failed: GET https://chat) - stays queued
BL-04#2: UNREACHABLE (Error: http error: get_task_details failed: GET https://chat) - stays queued
BL-04#5: UNREACHABLE (Error: http error: get_task_details failed: GET https://chat) - stays queued
BL-04#4: UNREACHABLE (Error: http error: get_task_details failed: GET https://chat) - stays queued
BL-04#8: UNREACHABLE (Error: http error: get_task_details failed: GET https://chat) - stays queued
BL-04#17: UNREACHABLE (Error: http error: get_task_details failed: GET https://chat) - stays queued
BL-04#18: UNREACHABLE (Error: http error: get_task_details failed: GET https://chat) - stays queued
BL-04#14: UNREACHABLE (Error: http error: get_task_details failed: GET https://chat) - stays queued
BL-04#19: UNREACHABLE (Error: http error: get_task_details failed: GET https://chat) - stays queued
BL-04#33: UNREACHABLE (Error: http error: get_task_details failed: GET https://chat) - stays queued
BL-04#34: program
BL-04#35: program
BL-04#36: program
BL-04#37: program
BL-04#38: UNREACHABLE (Error: http error: get_task_details failed: GET https://chat) - stays queued
BL-04#39: UNREACHABLE (Error: http error: get_task_details failed: GET https://chat) - stays queued
BL-04#40: UNREACHABLE (Error: http error: get_task_details failed: GET https://chat) - stays queued
BL-04#41: UNREACHABLE (Error: http error: get_task_details failed: GET https://chat) - stays queued
BL-04#42: UNREACHABLE (Error: http error: get_task_details failed: GET https://chat) - stays queued
BL-04#43: UNREACHABLE (Error: http error: get_task_details failed: GET https://chat) - stays queued
BL-04#44: UNREACHABLE (Error: http error: get_task_details failed: GET https://chat) - stays queued
BL-05#18: UNREACHABLE (Error: http error: get_task_details failed: GET https://chat) - stays queued
BL-05#2: UNREACHABLE (Error: http error: get_task_details failed: GET https://chat) - stays queued
BL-05#10: UNREACHABLE (Error: http error: get_task_details failed: GET https://chat) - stays queued
BL-05#3: UNREACHABLE (Error: http error: get_task_details failed: GET https://chat) - stays queued
BL-05#31: UNREACHABLE (Error: http error: get_task_details failed: GET https://chat) - stays queued
BL-05#30: UNREACHABLE (Error: http error: get_task_details failed: GET https://chat) - stays queued
BL-05#32: UNREACHABLE (Error: http error: get_task_details failed: GET https://chat) - stays queued
BL-05#35: UNREACHABLE (Error: http error: get_task_details failed: GET https://chat) - stays queued
BL-05#46: UNREACHABLE (Error: http error: get_task_details failed: GET https://chat) - stays queued
BL-05#47: UNREACHABLE (Error: http error: get_task_details failed: GET https://chat) - stays queued
BL-05#48: UNREACHABLE (Error: http error: get_task_details failed: GET https://chat) - stays queued
BL-05#50: UNREACHABLE (Error: http error: get_task_details failed: GET https://chat) - stays queued
BL-05#53: UNREACHABLE (Error: http error: get_task_details failed: GET https://chat) - stays queued
BL-05#38: UNREACHABLE (Error: http error: get_task_details failed: GET https://chat) - stays queued
BL-05#37: UNREACHABLE (Error: http error: get_task_details failed: GET https://chat) - stays queued
BL-05#36: UNREACHABLE (Error: http error: get_task_details failed: GET https://chat) - stays queued
BL-05#41: UNREACHABLE (Error: http error: get_task_details failed: GET https://chat) - stays queued
BL-05#40: UNREACHABLE (Error: http error: get_task_details failed: GET https://chat) - stays queued
BL-05#39: UNREACHABLE (Error: http error: get_task_details failed: GET https://chat) - stays queued
BL-05#42: UNREACHABLE (Error: http error: get_task_details failed: GET https://chat) - stays queued
BL-05#54: UNREACHABLE (Error: http error: get_task_details failed: GET https://chat) - stays queued
BL-05#55: UNREACHABLE (Error: http error: get_task_details failed: GET https://chat) - stays queued
BL-05#56: UNREACHABLE (Error: http error: get_task_details failed: GET https://chat) - stays queued
BL-05#58: UNREACHABLE (Error: http error: get_task_details failed: GET https://chat) - stays queued
BL-05#5: UNREACHABLE (Error: http error: get_task_details failed: GET https://chat) - stays queued
BL-05#16: UNREACHABLE (Error: http error: get_task_details failed: GET https://chat) - stays queued
BL-05#17: UNREACHABLE (Error: http error: get_task_details failed: GET https://chat) - stays queued
BL-05#18: UNREACHABLE (Error: http error: get_task_details failed: GET https://chat) - stays queued
BL-05#19: UNREACHABLE (Error: http error: get_task_details failed: GET https://chat) - stays queued
BL-05#20: UNREACHABLE (Error: http error: get_task_details failed: GET https://chat) - stays queued
BL-05#21: UNREACHABLE (Error: http error: get_task_details failed: GET https://chat) - stays queued
BL-05#23: UNREACHABLE (Error: http error: get_task_details failed: GET https://chat) - stays queued
BL-05#36: UNREACHABLE (Error: http error: get_task_details failed: GET https://chat) - stays queued
BL-05#37: UNREACHABLE (Error: http error: get_task_details failed: GET https://chat) - stays queued
BL-05#33: UNREACHABLE (Error: http error: get_task_details failed: GET https://chat) - stays queued
BL-05#32: UNREACHABLE (Error: http error: get_task_details failed: GET https://chat) - stays queued
BL-05#38: UNREACHABLE (Error: http error: get_task_details failed: GET https://chat) - stays queued
BL-05#39: UNREACHABLE (Error: http error: get_task_details failed: GET https://chat) - stays queued
BL-05#40: UNREACHABLE (Error: http error: get_task_details failed: GET https://chat) - stays queued
BL-05#41: UNREACHABLE (Error: http error: get_task_details failed: GET https://chat) - stays queued
BL-05#49: UNREACHABLE (Error: http error: get_task_details failed: GET https://chat) - stays queued
BL-05#46: UNREACHABLE (Error: http error: get_task_details failed: GET https://chat) - stays queued
BL-05#47: UNREACHABLE (Error: http error: get_task_details failed: GET https://chat) - stays queued
BL-05#51: UNREACHABLE (Error: http error: get_task_details failed: GET https://chat) - stays queued
BL-05#52: program
BL-07#19: program
BL-07#20: program
BL-07#24: program
BL-07#25: program
BL-07#33: program
BL-07#34: program
BL-07#35: program
BL-07#36: no-program
BL-07#37: UNREACHABLE (Error: http error: get_task_details failed: GET https://chat) - stays queued
BL-07#38: UNREACHABLE (Error: http error: get_task_details failed: GET https://chat) - stays queued
BL-07#39: UNREACHABLE (Error: http error: get_task_details failed: GET https://chat) - stays queued
BL-07#40: UNREACHABLE (Error: http error: get_task_details failed: GET https://chat) - stays queued
BL-07#41: UNREACHABLE (Error: http error: get_task_details failed: GET https://chat) - stays queued
BL-07#42: UNREACHABLE (Error: http error: get_task_details failed: GET https://chat) - stays queued
BL-07#43: UNREACHABLE (Error: http error: get_task_details failed: GET https://chat) - stays queued
BL-08#4: UNREACHABLE (Error: http error: get_task_details failed: GET https://chat) - stays queued
BL-08#7: UNREACHABLE (Error: http error: get_task_details failed: GET https://chat) - stays queued
BL-08#6: UNREACHABLE (Error: http error: get_task_details failed: GET https://chat) - stays queued
BL-08#15: UNREACHABLE (Error: http error: get_task_details failed: GET https://chat) - stays queued
BL-08#13: UNREACHABLE (Error: http error: get_task_details failed: GET https://chat) - stays queued
BL-08#12: UNREACHABLE (Error: http error: get_task_details failed: GET https://chat) - stays queued
BL-08#17: UNREACHABLE (Error: http error: get_task_details failed: GET https://chat) - stays queued
BL-08#26: UNREACHABLE (Error: http error: get_task_details failed: GET https://chat) - stays queued
BL-08#28: UNREACHABLE (Error: http error: get_task_details failed: GET https://chat) - stays queued
BL-08#27: UNREACHABLE (Error: http error: get_task_details failed: GET https://chat) - stays queued
BL-08#24: UNREACHABLE (Error: http error: get_task_details failed: GET https://chat) - stays queued
BL-08#29: UNREACHABLE (Error: http error: get_task_details failed: GET https://chat) - stays queued
BL-08#30: UNREACHABLE (Error: http error: get_task_details failed: GET https://chat) - stays queued
BL-08#31: UNREACHABLE (Error: http error: get_task_details failed: GET https://chat) - stays queued
BL-08#32: UNREACHABLE (Error: http error: get_task_details failed: GET https://chat) - stays queued
BL-08#33: UNREACHABLE (Error: http error: get_task_details failed: GET https://chat) - stays queued
BL-08#39: UNREACHABLE (Error: http error: get_task_details failed: GET https://chat) - stays queued
BL-08#36: UNREACHABLE (Error: http error: get_task_details failed: GET https://chat) - stays queued
BL-08#45: UNREACHABLE (Error: http error: get_task_details failed: GET https://chat) - stays queued
BL-08#43: program
BL-08#52: program
BL-08#56: no-program
BL-08#55: UNREACHABLE (Error: http error: get_task_details failed: GET https://chat) - stays queued
BL-08#57: UNREACHABLE (Error: http error: get_task_details failed: GET https://chat) - stays queued
BL-08#54: UNREACHABLE (Error: http error: get_task_details failed: GET https://chat) - stays queued
BL-08#58: UNREACHABLE (Error: http error: get_task_details failed: GET https://chat) - stays queued
BL-08#2: UNREACHABLE (Error: http error: get_task_details failed: GET https://chat) - stays queued
BL-08#26: UNREACHABLE (Error: http error: get_task_details failed: GET https://chat) - stays queued
BL-08#29: UNREACHABLE (Error: http error: get_task_details failed: GET https://chat) - stays queued
BL-08#28: UNREACHABLE (Error: http error: get_task_details failed: GET https://chat) - stays queued
BL-08#14: UNREACHABLE (Error: http error: get_task_details failed: GET https://chat) - stays queued
BL-08#15: UNREACHABLE (Error: http error: get_task_details failed: GET https://chat) - stays queued
cloud_dose_E1.jsonl: foreign schema - left to cloud-collect-special.js
cloud_efamily.jsonl: foreign schema - left to cloud-collect-special.js
ER-01c#5: UNREACHABLE (Error: http error: get_task_details failed: GET https://chat) - stays queued
ER-01c#3: UNREACHABLE (Error: http error: get_task_details failed: GET https://chat) - stays queued
ER-01c#19: UNREACHABLE (Error: http error: get_task_details failed: GET https://chat) - stays queued
ER-01c#28: UNREACHABLE (Error: http error: get_task_details failed: GET https://chat) - stays queued
ER-01c#24: UNREACHABLE (Error: http error: get_task_details failed: GET https://chat) - stays queued
ER-01c#29: UNREACHABLE (Error: http error: get_task_details failed: GET https://chat) - stays queued
ER-01c#25: UNREACHABLE (Error: http error: get_task_details failed: GET https://chat) - stays queued
ER-01c#26: UNREACHABLE (Error: http error: get_task_details failed: GET https://chat) - stays queued
ER-01c#27: UNREACHABLE (Error: http error: get_task_details failed: GET https://chat) - stays queued
ER-01c#30: UNREACHABLE (Error: http error: get_task_details failed: GET https://chat) - stays queued
ER-01c#31: UNREACHABLE (Error: http error: get_task_details failed: GET https://chat) - stays queued
ER-01#3: UNREACHABLE (Error: http error: get_task_details failed: GET https://chat) - stays queued
ER-01#2: UNREACHABLE (Error: http error: get_task_details failed: GET https://chat) - stays queued
ER-01#1: UNREACHABLE (Error: http error: get_task_details failed: GET https://chat) - stays queued
ER-01#5: UNREACHABLE (Error: http error: get_task_details failed: GET https://chat) - stays queued
ER-01#21: UNREACHABLE (Error: http error: get_task_details failed: GET https://chat) - stays queued
ER-01#22: UNREACHABLE (Error: http error: get_task_details failed: GET https://chat) - stays queued
ER-01#27: UNREACHABLE (Error: http error: get_task_details failed: GET https://chat) - stays queued
ER-01#41: UNREACHABLE (Error: http error: get_task_details failed: GET https://chat) - stays queued
ER-01#40: UNREACHABLE (Error: http error: get_task_details failed: GET https://chat) - stays queued
ER-01#42: UNREACHABLE (Error: http error: get_task_details failed: GET https://chat) - stays queued
ER-01#43: UNREACHABLE (Error: http error: get_task_details failed: GET https://chat) - stays queued
ER-01#44: UNREACHABLE (Error: http error: get_task_details failed: GET https://chat) - stays queued
ER-01#45: UNREACHABLE (Error: http error: get_task_details failed: GET https://chat) - stays queued
ER-01#48: UNREACHABLE (Error: http error: get_task_details failed: GET https://chat) - stays queued
ER-01#49: UNREACHABLE (Error: http error: get_task_details failed: GET https://chat) - stays queued
ER-01#51: UNREACHABLE (Error: http error: get_task_details failed: GET https://chat) - stays queued
ER-01#52: UNREACHABLE (Error: http error: get_task_details failed: GET https://chat) - stays queued
ER-01#53: UNREACHABLE (Error: http error: get_task_details failed: GET https://chat) - stays queued
ER-01#54: UNREACHABLE (Error: http error: get_task_details failed: GET https://chat) - stays queued
ER-01#55: UNREACHABLE (Error: http error: get_task_details failed: GET https://chat) - stays queued
ER-01#56: UNREACHABLE (Error: http error: get_task_details failed: GET https://chat) - stays queued
ER-01#57: UNREACHABLE (Error: http error: get_task_details failed: GET https://chat) - stays queued
ER-01#59: UNREACHABLE (Error: http error: get_task_details failed: GET https://chat) - stays queued
ER-01#58: UNREACHABLE (Error: http error: get_task_details failed: GET https://chat) - stays queued
ER-01#32: UNREACHABLE (Error: http error: get_task_details failed: GET https://chat) - stays queued
ER-01#31: UNREACHABLE (Error: http error: get_task_details failed: GET https://chat) - stays queued
ER-01#1: UNREACHABLE (Error: http error: get_task_details failed: GET https://chat) - stays queued
ER-01#0: UNREACHABLE (Error: http error: get_task_details failed: GET https://chat) - stays queued
ER-01#5: UNREACHABLE (Error: http error: get_task_details failed: GET https://chat) - stays queued
ER-01#2: UNREACHABLE (Error: http error: get_task_details failed: GET https://chat) - stays queued
ER-01#4: UNREACHABLE (Error: http error: get_task_details failed: GET https://chat) - stays queued
OM-B#14: program
OM-B#15: program
OM-B#16: program
OM-B#17: program
OM-B#18: program
OM-B#19: program
OM-B#20: program
OM-B#26: UNREACHABLE (Error: http error: get_task_details failed: GET https://chat) - stays queued
OM-B#27: UNREACHABLE (Error: http error: get_task_details failed: GET https://chat) - stays queued
OM-B#28: UNREACHABLE (Error: http error: get_task_details failed: GET https://chat) - stays queued
OM-B#29: UNREACHABLE (Error: http error: get_task_details failed: GET https://chat) - stays queued
OM-B#43: UNREACHABLE (Error: http error: get_task_details failed: GET https://chat) - stays queued
OM-B#44: UNREACHABLE (Error: http error: get_task_details failed: GET https://chat) - stays queued
OM-B#45: UNREACHABLE (Error: http error: get_task_details failed: GET https://chat) - stays queued
OM-B#46: UNREACHABLE (Error: http error: get_task_details failed: GET https://chat) - stays queued
OM-B#47: UNREACHABLE (Error: http error: get_task_details failed: GET https://chat) - stays queued
OM-B#48: UNREACHABLE (Error: http error: get_task_details failed: GET https://chat) - stays queued
OM-B#49: UNREACHABLE (Error: http error: get_task_details failed: GET https://chat) - stays queued
OM-B#50: UNREACHABLE (Error: http error: get_task_details failed: GET https://chat) - stays queued
OM-B#51: UNREACHABLE (Error: http error: get_task_details failed: GET https://chat) - stays queued
OM-B#52: UNREACHABLE (Error: http error: get_task_details failed: GET https://chat) - stays queued
OM-C#12: UNREACHABLE (Error: http error: get_task_details failed: GET https://chat) - stays queued
OM-C#14: UNREACHABLE (Error: http error: get_task_details failed: GET https://chat) - stays queued
OM-C#15: UNREACHABLE (Error: http error: get_task_details failed: GET https://chat) - stays queued
OM-C#17: UNREACHABLE (Error: http error: get_task_details failed: GET https://chat) - stays queued
OM-C#16: UNREACHABLE (Error: http error: get_task_details failed: GET https://chat) - stays queued
OM-C#18: UNREACHABLE (Error: http error: get_task_details failed: GET https://chat) - stays queued
T1v0#89: UNREACHABLE (Error: http error: get_task_details failed: GET https://chat) - stays queued
T1v0#71: UNREACHABLE (Error: http error: get_task_details failed: GET https://chat) - stays queued
T1v0#75: UNREACHABLE (Error: http error: get_task_details failed: GET https://chat) - stays queued
T1v0#76: UNREACHABLE (Error: http error: get_task_details failed: GET https://chat) - stays queued
T1v0#79: UNREACHABLE (Error: http error: get_task_details failed: GET https://chat) - stays queued
T1v0#84: UNREACHABLE (Error: http error: get_task_details failed: GET https://chat) - stays queued
T1v0#81: UNREACHABLE (Error: http error: get_task_details failed: GET https://chat) - stays queued
T1v0#83: UNREACHABLE (Error: http error: get_task_details failed: GET https://chat) - stays queued
T1v0#80: UNREACHABLE (Error: http error: get_task_details failed: GET https://chat) - stays queued
COLLECTION PASS DONE
=== cloud_dose_E1.jsonl: 271 rows, 228 already collected
=== cloud_efamily.jsonl: 240 rows, 207 already collected
=== cloud_auditrefs.jsonl: 60 rows, 54 already collected
SPECIAL COLLECT: 0 harvested, 0 unreachable (stay queued), 0 still running
cloud_auditrefs.jsonl: foreign schema - left to cloud-collect-special.js
BL-01b#42: UNREACHABLE (Error: http error: get_task_details failed: GET https://chat) - stays queued
BL-01b#43: UNREACHABLE (Error: http error: get_task_details failed: GET https://chat) - stays queued
BL-01b#45: UNREACHABLE (Error: http error: get_task_details failed: GET https://chat) - stays queued
BL-01b#124: UNREACHABLE (Error: http error: get_task_details failed: GET https://chat) - stays queued
BL-01b#127: UNREACHABLE (Error: http error: get_task_details failed: GET https://chat) - stays queued
BL-01b#153: UNREACHABLE (Error: http error: get_task_details failed: GET https://chat) - stays queued
BL-01b#156: UNREACHABLE (Error: http error: get_task_details failed: GET https://chat) - stays queued
BL-01b#158: UNREACHABLE (Error: http error: get_task_details failed: GET https://chat) - stays queued
BL-01b#175: UNREACHABLE (Error: http error: get_task_details failed: GET https://chat) - stays queued
BL-01b#176: UNREACHABLE (Error: http error: get_task_details failed: GET https://chat) - stays queued
BL-01b#182: UNREACHABLE (Error: http error: get_task_details failed: GET https://chat) - stays queued
BL-01b#183: UNREACHABLE (Error: http error: get_task_details failed: GET https://chat) - stays queued
BL-01b#185: UNREACHABLE (Error: http error: get_task_details failed: GET https://chat) - stays queued
BL-01b#184: UNREACHABLE (Error: http error: get_task_details failed: GET https://chat) - stays queued
BL-01b#195: UNREACHABLE (Error: http error: get_task_details failed: GET https://chat) - stays queued
BL-01b#241: UNREACHABLE (Error: http error: get_task_details failed: GET https://chat) - stays queued
BL-01b#243: UNREACHABLE (Error: http error: get_task_details failed: GET https://chat) - stays queued
BL-01b#246: UNREACHABLE (Error: http error: get_task_details failed: GET https://chat) - stays queued
BL-01b#247: UNREACHABLE (Error: http error: get_task_details failed: GET https://chat) - stays queued
BL-01b#249: UNREACHABLE (Error: http error: get_task_details failed: GET https://chat) - stays queued
BL-01b#171: UNREACHABLE (Error: http error: get_task_details failed: GET https://chat) - stays queued
BL-01b#19: UNREACHABLE (Error: http error: get_task_details failed: GET https://chat) - stays queued
BL-01b#71: UNREACHABLE (Error: http error: get_task_details failed: GET https://chat) - stays queued
BL-01b#73: UNREACHABLE (Error: http error: get_task_details failed: GET https://chat) - stays queued
BL-01b#57: UNREACHABLE (Error: http error: get_task_details failed: GET https://chat) - stays queued
BL-01b#56: UNREACHABLE (Error: http error: get_task_details failed: GET https://chat) - stays queued
BL-01b#62: UNREACHABLE (Error: http error: get_task_details failed: GET https://chat) - stays queued
BL-01b#63: UNREACHABLE (Error: http error: get_task_details failed: GET https://chat) - stays queued
BL-01b#77: UNREACHABLE (Error: http error: get_task_details failed: GET https://chat) - stays queued
BL-01b#78: UNREACHABLE (Error: http error: get_task_details failed: GET https://chat) - stays queued
BL-01b#35: UNREACHABLE (Error: http error: get_task_details failed: GET https://chat) - stays queued
BL-01b#34: UNREACHABLE (Error: http error: get_task_details failed: GET https://chat) - stays queued
BL-01b#36: UNREACHABLE (Error: http error: get_task_details failed: GET https://chat) - stays queued
BL-01b#37: UNREACHABLE (Error: http error: get_task_details failed: GET https://chat) - stays queued
BL-01b#38: UNREACHABLE (Error: http error: get_task_details failed: GET https://chat) - stays queued
BL-01b#0: program
BL-01b#2: program
BL-01b#1: program
BL-01b#11: program
BL-01b#12: program
BL-01b#13: program
BL-01b#15: program
BL-01b#14: no-program
BL-01b#16: UNREACHABLE (Error: http error: get_task_details failed: GET https://chat) - stays queued
BL-01b#17: UNREACHABLE (Error: http error: get_task_details failed: GET https://chat) - stays queued
BL-01b#18: UNREACHABLE (Error: http error: get_task_details failed: GET https://chat) - stays queued
BL-01b#22: UNREACHABLE (Error: http error: get_task_details failed: GET https://chat) - stays queued
BL-01b#23: UNREACHABLE (Error: http error: get_task_details failed: GET https://chat) - stays queued
BL-01b#5: UNREACHABLE (Error: http error: get_task_details failed: GET https://chat) - stays queued
BL-01c#2: UNREACHABLE (Error: http error: get_task_details failed: GET https://chat) - stays queued
BL-01c#11: UNREACHABLE (Error: http error: get_task_details failed: GET https://chat) - stays queued
BL-01c#8: UNREACHABLE (Error: http error: get_task_details failed: GET https://chat) - stays queued
BL-01c#18: UNREACHABLE (Error: http error: get_task_details failed: GET https://chat) - stays queued
BL-01c#10: UNREACHABLE (Error: http error: get_task_details failed: GET https://chat) - stays queued
BL-01c#28: UNREACHABLE (Error: http error: get_task_details failed: GET https://chat) - stays queued
BL-01c#35: UNREACHABLE (Error: http error: get_task_details failed: GET https://chat) - stays queued
BL-01c#33: UNREACHABLE (Error: http error: get_task_details failed: GET https://chat) - stays queued
BL-01c#36: UNREACHABLE (Error: http error: get_task_details failed: GET https://chat) - stays queued
BL-01c#39: UNREACHABLE (Error: http error: get_task_details failed: GET https://chat) - stays queued
BL-01c#37: UNREACHABLE (Error: http error: get_task_details failed: GET https://chat) - stays queued
BL-01c#40: UNREACHABLE (Error: http error: get_task_details failed: GET https://chat) - stays queued
BL-01c#41: UNREACHABLE (Error: http error: get_task_details failed: GET https://chat) - stays queued
BL-01c#43: UNREACHABLE (Error: http error: get_task_details failed: GET https://chat) - stays queued
BL-01c#45: UNREACHABLE (Error: http error: get_task_details failed: GET https://chat) - stays queued
BL-01c#44: UNREACHABLE (Error: http error: get_task_details failed: GET https://chat) - stays queued
BL-01c#42: UNREACHABLE (Error: http error: get_task_details failed: GET https://chat) - stays queued
BL-01c#46: UNREACHABLE (Error: http error: get_task_details failed: GET https://chat) - stays queued
BL-01c#47: UNREACHABLE (Error: http error: get_task_details failed: GET https://chat) - stays queued
BL-01c#72: UNREACHABLE (Error: http error: get_task_details failed: GET https://chat) - stays queued
BL-01c#73: UNREACHABLE (Error: http error: get_task_details failed: GET https://chat) - stays queued
BL-01c#75: UNREACHABLE (Error: http error: get_task_details failed: GET https://chat) - stays queued
BL-01c#74: UNREACHABLE (Error: http error: get_task_details failed: GET https://chat) - stays queued
BL-01c#76: UNREACHABLE (Error: http error: get_task_details failed: GET https://chat) - stays queued
BL-01c#77: UNREACHABLE (Error: http error: get_task_details failed: GET https://chat) - stays queued
BL-01c#78: UNREACHABLE (Error: http error: get_task_details failed: GET https://chat) - stays queued
BL-01c#102: program
BL-01c#104: program
BL-01c#108: program
BL-01c#107: program
BL-01c#110: program
BL-01c#111: program
BL-01c#112: program
BL-01c#113: program
BL-01c#114: no-program
BL-01c#116: program
BL-01c#117: UNREACHABLE (Error: http error: get_task_details failed: GET https://chat) - stays queued
BL-01c#115: UNREACHABLE (Error: http error: get_task_details failed: GET https://chat) - stays queued
BL-01c#118: UNREACHABLE (Error: http error: get_task_details failed: GET https://chat) - stays queued
BL-01c#119: UNREACHABLE (Error: http error: get_task_details failed: GET https://chat) - stays queued
BL-01c#88: UNREACHABLE (Error: http error: get_task_details failed: GET https://chat) - stays queued
BL-03#55: UNREACHABLE (Error: http error: get_task_details failed: GET https://chat) - stays queued
BL-03#56: UNREACHABLE (Error: http error: get_task_details failed: GET https://chat) - stays queued
BL-03#59: UNREACHABLE (Error: http error: get_task_details failed: GET https://chat) - stays queued
BL-03#38: UNREACHABLE (Error: http error: get_task_details failed: GET https://chat) - stays queued
BL-03#44: UNREACHABLE (Error: http error: get_task_details failed: GET https://chat) - stays queued
BL-03#47: UNREACHABLE (Error: http error: get_task_details failed: GET https://chat) - stays queued
BL-04#3: UNREACHABLE (Error: http error: get_task_details failed: GET https://chat) - stays queued
BL-04#2: UNREACHABLE (Error: http error: get_task_details failed: GET https://chat) - stays queued
BL-04#5: UNREACHABLE (Error: http error: get_task_details failed: GET https://chat) - stays queued
BL-04#4: UNREACHABLE (Error: http error: get_task_details failed: GET https://chat) - stays queued
BL-04#8: UNREACHABLE (Error: http error: get_task_details failed: GET https://chat) - stays queued
BL-04#17: UNREACHABLE (Error: http error: get_task_details failed: GET https://chat) - stays queued
BL-04#18: UNREACHABLE (Error: http error: get_task_details failed: GET https://chat) - stays queued
BL-04#14: UNREACHABLE (Error: http error: get_task_details failed: GET https://chat) - stays queued
BL-04#19: UNREACHABLE (Error: http error: get_task_details failed: GET https://chat) - stays queued
BL-04#33: program
BL-04#38: program
BL-04#39: program
BL-04#40: program
BL-04#41: no-program
BL-04#42: UNREACHABLE (Error: http error: get_task_details failed: GET https://chat) - stays queued
BL-04#43: UNREACHABLE (Error: http error: get_task_details failed: GET https://chat) - stays queued
BL-04#44: UNREACHABLE (Error: http error: get_task_details failed: GET https://chat) - stays queued
BL-05#18: UNREACHABLE (Error: http error: get_task_details failed: GET https://chat) - stays queued
BL-05#2: UNREACHABLE (Error: http error: get_task_details failed: GET https://chat) - stays queued
BL-05#10: UNREACHABLE (Error: http error: get_task_details failed: GET https://chat) - stays queued
BL-05#3: UNREACHABLE (Error: http error: get_task_details failed: GET https://chat) - stays queued
BL-05#31: UNREACHABLE (Error: http error: get_task_details failed: GET https://chat) - stays queued
BL-05#30: UNREACHABLE (Error: http error: get_task_details failed: GET https://chat) - stays queued
BL-05#32: UNREACHABLE (Error: http error: get_task_details failed: GET https://chat) - stays queued
BL-05#35: UNREACHABLE (Error: http error: get_task_details failed: GET https://chat) - stays queued
BL-05#46: UNREACHABLE (Error: http error: get_task_details failed: GET https://chat) - stays queued
BL-05#47: UNREACHABLE (Error: http error: get_task_details failed: GET https://chat) - stays queued
BL-05#48: UNREACHABLE (Error: http error: get_task_details failed: GET https://chat) - stays queued
BL-05#50: UNREACHABLE (Error: http error: get_task_details failed: GET https://chat) - stays queued
BL-05#53: UNREACHABLE (Error: http error: get_task_details failed: GET https://chat) - stays queued
BL-05#38: UNREACHABLE (Error: http error: get_task_details failed: GET https://chat) - stays queued
BL-05#37: UNREACHABLE (Error: http error: get_task_details failed: GET https://chat) - stays queued
BL-05#36: UNREACHABLE (Error: http error: get_task_details failed: GET https://chat) - stays queued
BL-05#41: UNREACHABLE (Error: http error: get_task_details failed: GET https://chat) - stays queued
BL-05#40: UNREACHABLE (Error: http error: get_task_details failed: GET https://chat) - stays queued
BL-05#39: UNREACHABLE (Error: http error: get_task_details failed: GET https://chat) - stays queued
BL-05#42: UNREACHABLE (Error: http error: get_task_details failed: GET https://chat) - stays queued
BL-05#54: UNREACHABLE (Error: http error: get_task_details failed: GET https://chat) - stays queued
BL-05#55: UNREACHABLE (Error: http error: get_task_details failed: GET https://chat) - stays queued
BL-05#56: UNREACHABLE (Error: http error: get_task_details failed: GET https://chat) - stays queued
BL-05#58: UNREACHABLE (Error: http error: get_task_details failed: GET https://chat) - stays queued
BL-05#5: UNREACHABLE (Error: http error: get_task_details failed: GET https://chat) - stays queued
BL-05#16: UNREACHABLE (Error: http error: get_task_details failed: GET https://chat) - stays queued
BL-05#17: program
BL-05#18: program
BL-05#19: no-program
BL-05#20: program
BL-05#21: program
BL-05#23: program
BL-05#36: program
BL-05#37: program
BL-05#33: no-program
BL-05#32: UNREACHABLE (Error: http error: get_task_details failed: GET https://chat) - stays queued
BL-05#38: UNREACHABLE (Error: http error: get_task_details failed: GET https://chat) - stays queued
BL-05#39: UNREACHABLE (Error: http error: get_task_details failed: GET https://chat) - stays queued
BL-05#40: UNREACHABLE (Error: http error: get_task_details failed: GET https://chat) - stays queued
BL-05#41: UNREACHABLE (Error: http error: get_task_details failed: GET https://chat) - stays queued
BL-05#49: UNREACHABLE (Error: http error: get_task_details failed: GET https://chat) - stays queued
BL-05#46: UNREACHABLE (Error: http error: get_task_details failed: GET https://chat) - stays queued
BL-05#47: UNREACHABLE (Error: http error: get_task_details failed: GET https://chat) - stays queued
BL-05#51: UNREACHABLE (Error: http error: get_task_details failed: GET https://chat) - stays queued
BL-07#37: UNREACHABLE (Error: http error: get_task_details failed: GET https://chat) - stays queued
BL-07#38: UNREACHABLE (Error: http error: get_task_details failed: GET https://chat) - stays queued
BL-07#39: UNREACHABLE (Error: http error: get_task_details failed: GET https://chat) - stays queued
BL-07#40: UNREACHABLE (Error: http error: get_task_details failed: GET https://chat) - stays queued
BL-07#41: UNREACHABLE (Error: http error: get_task_details failed: GET https://chat) - stays queued
BL-07#42: UNREACHABLE (Error: http error: get_task_details failed: GET https://chat) - stays queued
BL-07#43: UNREACHABLE (Error: http error: get_task_details failed: GET https://chat) - stays queued
BL-08#4: UNREACHABLE (Error: http error: get_task_details failed: GET https://chat) - stays queued
BL-08#7: UNREACHABLE (Error: http error: get_task_details failed: GET https://chat) - stays queued
BL-08#6: UNREACHABLE (Error: http error: get_task_details failed: GET https://chat) - stays queued
BL-08#15: UNREACHABLE (Error: http error: get_task_details failed: GET https://chat) - stays queued
BL-08#13: UNREACHABLE (Error: http error: get_task_details failed: GET https://chat) - stays queued
BL-08#12: UNREACHABLE (Error: http error: get_task_details failed: GET https://chat) - stays queued
BL-08#17: UNREACHABLE (Error: http error: get_task_details failed: GET https://chat) - stays queued
BL-08#26: UNREACHABLE (Error: http error: get_task_details failed: GET https://chat) - stays queued
BL-08#28: UNREACHABLE (Error: http error: get_task_details failed: GET https://chat) - stays queued
BL-08#27: UNREACHABLE (Error: http error: get_task_details failed: GET https://chat) - stays queued
BL-08#24: UNREACHABLE (Error: http error: get_task_details failed: GET https://chat) - stays queued
BL-08#29: UNREACHABLE (Error: http error: get_task_details failed: GET https://chat) - stays queued
BL-08#30: UNREACHABLE (Error: http error: get_task_details failed: GET https://chat) - stays queued
BL-08#31: UNREACHABLE (Error: http error: get_task_details failed: GET https://chat) - stays queued
BL-08#32: UNREACHABLE (Error: http error: get_task_details failed: GET https://chat) - stays queued
BL-08#33: UNREACHABLE (Error: http error: get_task_details failed: GET https://chat) - stays queued
BL-08#39: UNREACHABLE (Error: http error: get_task_details failed: GET https://chat) - stays queued
BL-08#36: UNREACHABLE (Error: http error: get_task_details failed: GET https://chat) - stays queued
BL-08#45: UNREACHABLE (Error: http error: get_task_details failed: GET https://chat) - stays queued
BL-08#55: UNREACHABLE (Error: http error: get_task_details failed: GET https://chat) - stays queued
BL-08#57: program
BL-08#54: program
BL-08#58: program
BL-08#2: program
BL-08#26: program
BL-08#29: UNREACHABLE (Error: http error: get_task_details failed: GET https://chat) - stays queued
BL-08#28: UNREACHABLE (Error: http error: get_task_details failed: GET https://chat) - stays queued
BL-08#14: UNREACHABLE (Error: http error: get_task_details failed: GET https://chat) - stays queued
BL-08#15: UNREACHABLE (Error: http error: get_task_details failed: GET https://chat) - stays queued
cloud_dose_E1.jsonl: foreign schema - left to cloud-collect-special.js
cloud_efamily.jsonl: foreign schema - left to cloud-collect-special.js
ER-01c#5: UNREACHABLE (Error: http error: get_task_details failed: GET https://chat) - stays queued
ER-01c#3: UNREACHABLE (Error: http error: get_task_details failed: GET https://chat) - stays queued
ER-01c#19: UNREACHABLE (Error: http error: get_task_details failed: GET https://chat) - stays queued
ER-01c#28: UNREACHABLE (Error: http error: get_task_details failed: GET https://chat) - stays queued
ER-01c#24: UNREACHABLE (Error: http error: get_task_details failed: GET https://chat) - stays queued
ER-01c#29: UNREACHABLE (Error: http error: get_task_details failed: GET https://chat) - stays queued
ER-01c#25: UNREACHABLE (Error: http error: get_task_details failed: GET https://chat) - stays queued
ER-01c#26: UNREACHABLE (Error: http error: get_task_details failed: GET https://chat) - stays queued
ER-01c#27: UNREACHABLE (Error: http error: get_task_details failed: GET https://chat) - stays queued
ER-01c#30: UNREACHABLE (Error: http error: get_task_details failed: GET https://chat) - stays queued
ER-01c#31: UNREACHABLE (Error: http error: get_task_details failed: GET https://chat) - stays queued
ER-01#3: UNREACHABLE (Error: http error: get_task_details failed: GET https://chat) - stays queued
ER-01#2: UNREACHABLE (Error: http error: get_task_details failed: GET https://chat) - stays queued
ER-01#1: UNREACHABLE (Error: http error: get_task_details failed: GET https://chat) - stays queued
ER-01#5: UNREACHABLE (Error: http error: get_task_details failed: GET https://chat) - stays queued
ER-01#21: UNREACHABLE (Error: http error: get_task_details failed: GET https://chat) - stays queued
ER-01#22: UNREACHABLE (Error: http error: get_task_details failed: GET https://chat) - stays queued
ER-01#27: UNREACHABLE (Error: http error: get_task_details failed: GET https://chat) - stays queued
ER-01#41: UNREACHABLE (Error: http error: get_task_details failed: GET https://chat) - stays queued
ER-01#40: UNREACHABLE (Error: http error: get_task_details failed: GET https://chat) - stays queued
ER-01#42: UNREACHABLE (Error: http error: get_task_details failed: GET https://chat) - stays queued
ER-01#43: UNREACHABLE (Error: http error: get_task_details failed: GET https://chat) - stays queued
ER-01#44: UNREACHABLE (Error: http error: get_task_details failed: GET https://chat) - stays queued
ER-01#45: UNREACHABLE (Error: http error: get_task_details failed: GET https://chat) - stays queued
ER-01#48: UNREACHABLE (Error: http error: get_task_details failed: GET https://chat) - stays queued
ER-01#49: UNREACHABLE (Error: http error: get_task_details failed: GET https://chat) - stays queued
ER-01#51: UNREACHABLE (Error: http error: get_task_details failed: GET https://chat) - stays queued
ER-01#52: UNREACHABLE (Error: http error: get_task_details failed: GET https://chat) - stays queued
ER-01#53: UNREACHABLE (Error: http error: get_task_details failed: GET https://chat) - stays queued
ER-01#54: UNREACHABLE (Error: http error: get_task_details failed: GET https://chat) - stays queued
ER-01#55: UNREACHABLE (Error: http error: get_task_details failed: GET https://chat) - stays queued
ER-01#56: UNREACHABLE (Error: http error: get_task_details failed: GET https://chat) - stays queued
ER-01#57: UNREACHABLE (Error: http error: get_task_details failed: GET https://chat) - stays queued
ER-01#59: UNREACHABLE (Error: http error: get_task_details failed: GET https://chat) - stays queued
ER-01#58: UNREACHABLE (Error: http error: get_task_details failed: GET https://chat) - stays queued
ER-01#32: UNREACHABLE (Error: http error: get_task_details failed: GET https://chat) - stays queued
ER-01#31: UNREACHABLE (Error: http error: get_task_details failed: GET https://chat) - stays queued
ER-01#1: UNREACHABLE (Error: http error: get_task_details failed: GET https://chat) - stays queued
ER-01#0: UNREACHABLE (Error: http error: get_task_details failed: GET https://chat) - stays queued
ER-01#5: UNREACHABLE (Error: http error: get_task_details failed: GET https://chat) - stays queued
ER-01#2: UNREACHABLE (Error: http error: get_task_details failed: GET https://chat) - stays queued
ER-01#4: UNREACHABLE (Error: http error: get_task_details failed: GET https://chat) - stays queued
OM-B#26: UNREACHABLE (Error: http error: get_task_details failed: GET https://chat) - stays queued
OM-B#27: UNREACHABLE (Error: http error: get_task_details failed: GET https://chat) - stays queued
OM-B#28: UNREACHABLE (Error: http error: get_task_details failed: GET https://chat) - stays queued
OM-B#29: UNREACHABLE (Error: http error: get_task_details failed: GET https://chat) - stays queued
OM-B#43: UNREACHABLE (Error: http error: get_task_details failed: GET https://chat) - stays queued
OM-B#44: UNREACHABLE (Error: http error: get_task_details failed: GET https://chat) - stays queued
OM-B#45: UNREACHABLE (Error: http error: get_task_details failed: GET https://chat) - stays queued
OM-B#46: UNREACHABLE (Error: http error: get_task_details failed: GET https://chat) - stays queued
OM-B#47: program
OM-B#48: program
OM-B#49: program
OM-B#50: program
OM-B#51: program
OM-B#52: program
OM-C#12: program
OM-C#14: program
OM-C#15: program
OM-C#17: UNREACHABLE (Error: http error: get_task_details failed: GET https://chat) - stays queued
OM-C#16: UNREACHABLE (Error: http error: get_task_details failed: GET https://chat) - stays queued
OM-C#18: UNREACHABLE (Error: http error: get_task_details failed: GET https://chat) - stays queued
T1v0#89: UNREACHABLE (Error: http error: get_task_details failed: GET https://chat) - stays queued
T1v0#71: UNREACHABLE (Error: http error: get_task_details failed: GET https://chat) - stays queued
T1v0#75: UNREACHABLE (Error: http error: get_task_details failed: GET https://chat) - stays queued
T1v0#76: UNREACHABLE (Error: http error: get_task_details failed: GET https://chat) - stays queued
T1v0#79: UNREACHABLE (Error: http error: get_task_details failed: GET https://chat) - stays queued
T1v0#84: UNREACHABLE (Error: http error: get_task_details failed: GET https://chat) - stays queued
T1v0#81: UNREACHABLE (Error: http error: get_task_details failed: GET https://chat) - stays queued
T1v0#83: UNREACHABLE (Error: http error: get_task_details failed: GET https://chat) - stays queued
T1v0#80: UNREACHABLE (Error: http error: get_task_details failed: GET https://chat) - stays queued
COLLECTION PASS DONE
=== cloud_dose_E1.jsonl: 271 rows, 228 already collected
=== cloud_efamily.jsonl: 240 rows, 207 already collected
=== cloud_auditrefs.jsonl: 60 rows, 54 already collected
SPECIAL COLLECT: 0 harvested, 0 unreachable (stay queued), 0 still running
cloud_auditrefs.jsonl: foreign schema - left to cloud-collect-special.js
BL-01b#42: program
BL-01b#43: program
BL-01b#45: no-program
BL-01b#124: UNREACHABLE (Error: http error: get_task_details failed: GET https://chat) - stays queued
BL-01b#127: UNREACHABLE (Error: http error: get_task_details failed: GET https://chat) - stays queued
BL-01b#153: UNREACHABLE (Error: http error: get_task_details failed: GET https://chat) - stays queued
BL-01b#156: UNREACHABLE (Error: http error: get_task_details failed: GET https://chat) - stays queued
BL-01b#158: UNREACHABLE (Error: http error: get_task_details failed: GET https://chat) - stays queued
BL-01b#175: UNREACHABLE (Error: http error: get_task_details failed: GET https://chat) - stays queued
BL-01b#176: UNREACHABLE (Error: http error: get_task_details failed: GET https://chat) - stays queued
BL-01b#182: UNREACHABLE (Error: http error: get_task_details failed: GET https://chat) - stays queued
BL-01b#183: UNREACHABLE (Error: http error: get_task_details failed: GET https://chat) - stays queued
BL-01b#185: UNREACHABLE (Error: http error: get_task_details failed: GET https://chat) - stays queued
BL-01b#184: UNREACHABLE (Error: http error: get_task_details failed: GET https://chat) - stays queued
BL-01b#195: UNREACHABLE (Error: http error: get_task_details failed: GET https://chat) - stays queued
BL-01b#241: UNREACHABLE (Error: http error: get_task_details failed: GET https://chat) - stays queued
BL-01b#243: UNREACHABLE (Error: http error: get_task_details failed: GET https://chat) - stays queued
BL-01b#246: UNREACHABLE (Error: http error: get_task_details failed: GET https://chat) - stays queued
BL-01b#247: UNREACHABLE (Error: http error: get_task_details failed: GET https://chat) - stays queued
BL-01b#249: UNREACHABLE (Error: http error: get_task_details failed: GET https://chat) - stays queued
BL-01b#171: UNREACHABLE (Error: http error: get_task_details failed: GET https://chat) - stays queued
BL-01b#19: no-program
BL-01b#71: program
BL-01b#73: program
BL-01b#57: program
BL-01b#56: no-program
BL-01b#62: UNREACHABLE (Error: http error: get_task_details failed: GET https://chat) - stays queued
BL-01b#63: UNREACHABLE (Error: http error: get_task_details failed: GET https://chat) - stays queued
BL-01b#77: UNREACHABLE (Error: http error: get_task_details failed: GET https://chat) - stays queued
BL-01b#78: UNREACHABLE (Error: http error: get_task_details failed: GET https://chat) - stays queued
BL-01b#35: UNREACHABLE (Error: http error: get_task_details failed: GET https://chat) - stays queued
BL-01b#34: UNREACHABLE (Error: http error: get_task_details failed: GET https://chat) - stays queued
BL-01b#36: UNREACHABLE (Error: http error: get_task_details failed: GET https://chat) - stays queued
BL-01b#37: UNREACHABLE (Error: http error: get_task_details failed: GET https://chat) - stays queued
BL-01b#38: UNREACHABLE (Error: http error: get_task_details failed: GET https://chat) - stays queued
BL-01b#16: UNREACHABLE (Error: http error: get_task_details failed: GET https://chat) - stays queued
BL-01b#17: UNREACHABLE (Error: http error: get_task_details failed: GET https://chat) - stays queued
BL-01b#18: UNREACHABLE (Error: http error: get_task_details failed: GET https://chat) - stays queued
BL-01b#22: UNREACHABLE (Error: http error: get_task_details failed: GET https://chat) - stays queued
BL-01b#23: UNREACHABLE (Error: http error: get_task_details failed: GET https://chat) - stays queued
BL-01b#5: UNREACHABLE (Error: http error: get_task_details failed: GET https://chat) - stays queued
BL-01c#2: UNREACHABLE (Error: http error: get_task_details failed: GET https://chat) - stays queued
BL-01c#11: UNREACHABLE (Error: http error: get_task_details failed: GET https://chat) - stays queued
BL-01c#8: UNREACHABLE (Error: http error: get_task_details failed: GET https://chat) - stays queued
BL-01c#18: UNREACHABLE (Error: http error: get_task_details failed: GET https://chat) - stays queued
BL-01c#10: UNREACHABLE (Error: http error: get_task_details failed: GET https://chat) - stays queued
BL-01c#28: UNREACHABLE (Error: http error: get_task_details failed: GET https://chat) - stays queued
BL-01c#35: UNREACHABLE (Error: http error: get_task_details failed: GET https://chat) - stays queued
BL-01c#33: UNREACHABLE (Error: http error: get_task_details failed: GET https://chat) - stays queued
BL-01c#36: UNREACHABLE (Error: http error: get_task_details failed: GET https://chat) - stays queued
BL-01c#39: UNREACHABLE (Error: http error: get_task_details failed: GET https://chat) - stays queued
BL-01c#37: UNREACHABLE (Error: http error: get_task_details failed: GET https://chat) - stays queued
BL-01c#40: UNREACHABLE (Error: http error: get_task_details failed: GET https://chat) - stays queued
BL-01c#41: UNREACHABLE (Error: http error: get_task_details failed: GET https://chat) - stays queued
BL-01c#43: UNREACHABLE (Error: http error: get_task_details failed: GET https://chat) - stays queued
BL-01c#45: UNREACHABLE (Error: http error: get_task_details failed: GET https://chat) - stays queued
BL-01c#44: UNREACHABLE (Error: http error: get_task_details failed: GET https://chat) - stays queued
BL-01c#42: UNREACHABLE (Error: http error: get_task_details failed: GET https://chat) - stays queued
BL-01c#46: UNREACHABLE (Error: http error: get_task_details failed: GET https://chat) - stays queued
BL-01c#47: UNREACHABLE (Error: http error: get_task_details failed: GET https://chat) - stays queued
BL-01c#72: UNREACHABLE (Error: http error: get_task_details failed: GET https://chat) - stays queued
BL-01c#73: UNREACHABLE (Error: http error: get_task_details failed: GET https://chat) - stays queued
BL-01c#75: UNREACHABLE (Error: http error: get_task_details failed: GET https://chat) - stays queued
BL-01c#74: UNREACHABLE (Error: http error: get_task_details failed: GET https://chat) - stays queued
BL-01c#76: UNREACHABLE (Error: http error: get_task_details failed: GET https://chat) - stays queued
BL-01c#77: program
BL-01c#78: program
BL-01c#117: program
BL-01c#115: no-program
BL-01c#118: program
BL-01c#119: program
BL-01c#88: program
BL-03#55: program
BL-03#56: program
BL-03#59: program
BL-03#38: no-program
BL-03#44: UNREACHABLE (Error: http error: get_task_details failed: GET https://chat) - stays queued
BL-03#47: UNREACHABLE (Error: http error: get_task_details failed: GET https://chat) - stays queued
BL-04#3: UNREACHABLE (Error: http error: get_task_details failed: GET https://chat) - stays queued
BL-04#2: UNREACHABLE (Error: http error: get_task_details failed: GET https://chat) - stays queued
BL-04#5: UNREACHABLE (Error: http error: get_task_details failed: GET https://chat) - stays queued
BL-04#4: UNREACHABLE (Error: http error: get_task_details failed: GET https://chat) - stays queued
BL-04#8: UNREACHABLE (Error: http error: get_task_details failed: GET https://chat) - stays queued
BL-04#17: UNREACHABLE (Error: http error: get_task_details failed: GET https://chat) - stays queued
BL-04#18: UNREACHABLE (Error: http error: get_task_details failed: GET https://chat) - stays queued
BL-04#14: UNREACHABLE (Error: http error: get_task_details failed: GET https://chat) - stays queued
BL-04#19: UNREACHABLE (Error: http error: get_task_details failed: GET https://chat) - stays queued
BL-04#42: UNREACHABLE (Error: http error: get_task_details failed: GET https://chat) - stays queued
BL-04#43: UNREACHABLE (Error: http error: get_task_details failed: GET https://chat) - stays queued
BL-04#44: UNREACHABLE (Error: http error: get_task_details failed: GET https://chat) - stays queued
BL-05#18: UNREACHABLE (Error: http error: get_task_details failed: GET https://chat) - stays queued
BL-05#2: UNREACHABLE (Error: http error: get_task_details failed: GET https://chat) - stays queued
BL-05#10: UNREACHABLE (Error: http error: get_task_details failed: GET https://chat) - stays queued
BL-05#3: UNREACHABLE (Error: http error: get_task_details failed: GET https://chat) - stays queued
BL-05#31: UNREACHABLE (Error: http error: get_task_details failed: GET https://chat) - stays queued
BL-05#30: UNREACHABLE (Error: http error: get_task_details failed: GET https://chat) - stays queued
BL-05#32: UNREACHABLE (Error: http error: get_task_details failed: GET https://chat) - stays queued
BL-05#35: UNREACHABLE (Error: http error: get_task_details failed: GET https://chat) - stays queued
BL-05#46: UNREACHABLE (Error: http error: get_task_details failed: GET https://chat) - stays queued
BL-05#47: UNREACHABLE (Error: http error: get_task_details failed: GET https://chat) - stays queued
BL-05#48: UNREACHABLE (Error: http error: get_task_details failed: GET https://chat) - stays queued
BL-05#50: program
BL-05#53: program
BL-05#38: program
BL-05#37: program
BL-05#36: program
BL-05#41: program
BL-05#40: UNREACHABLE (Error: http error: get_task_details failed: GET https://chat) - stays queued
BL-05#39: UNREACHABLE (Error: http error: get_task_details failed: GET https://chat) - stays queued
BL-05#42: UNREACHABLE (Error: http error: get_task_details failed: GET https://chat) - stays queued
BL-05#54: UNREACHABLE (Error: http error: get_task_details failed: GET https://chat) - stays queued
BL-05#55: UNREACHABLE (Error: http error: get_task_details failed: GET https://chat) - stays queued
BL-05#56: UNREACHABLE (Error: http error: get_task_details failed: GET https://chat) - stays queued
BL-05#58: UNREACHABLE (Error: http error: get_task_details failed: GET https://chat) - stays queued
BL-05#5: UNREACHABLE (Error: http error: get_task_details failed: GET https://chat) - stays queued
BL-05#16: UNREACHABLE (Error: http error: get_task_details failed: GET https://chat) - stays queued
BL-05#32: UNREACHABLE (Error: http error: get_task_details failed: GET https://chat) - stays queued
BL-05#38: UNREACHABLE (Error: http error: get_task_details failed: GET https://chat) - stays queued
BL-05#39: UNREACHABLE (Error: http error: get_task_details failed: GET https://chat) - stays queued
BL-05#40: UNREACHABLE (Error: http error: get_task_details failed: GET https://chat) - stays queued
BL-05#41: UNREACHABLE (Error: http error: get_task_details failed: GET https://chat) - stays queued
BL-05#49: UNREACHABLE (Error: http error: get_task_details failed: GET https://chat) - stays queued
BL-05#46: UNREACHABLE (Error: http error: get_task_details failed: GET https://chat) - stays queued
BL-05#47: UNREACHABLE (Error: http error: get_task_details failed: GET https://chat) - stays queued
BL-05#51: UNREACHABLE (Error: http error: get_task_details failed: GET https://chat) - stays queued
BL-07#37: UNREACHABLE (Error: http error: get_task_details failed: GET https://chat) - stays queued
BL-07#38: UNREACHABLE (Error: http error: get_task_details failed: GET https://chat) - stays queued
BL-07#39: UNREACHABLE (Error: http error: get_task_details failed: GET https://chat) - stays queued
BL-07#40: UNREACHABLE (Error: http error: get_task_details failed: GET https://chat) - stays queued
BL-07#41: UNREACHABLE (Error: http error: get_task_details failed: GET https://chat) - stays queued
BL-07#42: UNREACHABLE (Error: http error: get_task_details failed: GET https://chat) - stays queued
BL-07#43: UNREACHABLE (Error: http error: get_task_details failed: GET https://chat) - stays queued
BL-08#4: UNREACHABLE (Error: http error: get_task_details failed: GET https://chat) - stays queued
BL-08#7: UNREACHABLE (Error: http error: get_task_details failed: GET https://chat) - stays queued
BL-08#6: UNREACHABLE (Error: http error: get_task_details failed: GET https://chat) - stays queued
BL-08#15: UNREACHABLE (Error: http error: get_task_details failed: GET https://chat) - stays queued
BL-08#13: UNREACHABLE (Error: http error: get_task_details failed: GET https://chat) - stays queued
BL-08#12: UNREACHABLE (Error: http error: get_task_details failed: GET https://chat) - stays queued
BL-08#17: UNREACHABLE (Error: http error: get_task_details failed: GET https://chat) - stays queued
BL-08#26: UNREACHABLE (Error: http error: get_task_details failed: GET https://chat) - stays queued
BL-08#28: UNREACHABLE (Error: http error: get_task_details failed: GET https://chat) - stays queued
BL-08#27: UNREACHABLE (Error: http error: get_task_details failed: GET https://chat) - stays queued
BL-08#24: UNREACHABLE (Error: http error: get_task_details failed: GET https://chat) - stays queued
BL-08#29: UNREACHABLE (Error: http error: get_task_details failed: GET https://chat) - stays queued
BL-08#30: UNREACHABLE (Error: http error: get_task_details failed: GET https://chat) - stays queued
BL-08#31: UNREACHABLE (Error: http error: get_task_details failed: GET https://chat) - stays queued
BL-08#32: UNREACHABLE (Error: http error: get_task_details failed: GET https://chat) - stays queued
BL-08#33: UNREACHABLE (Error: http error: get_task_details failed: GET https://chat) - stays queued
BL-08#39: UNREACHABLE (Error: http error: get_task_details failed: GET https://chat) - stays queued
BL-08#36: UNREACHABLE (Error: http error: get_task_details failed: GET https://chat) - stays queued
BL-08#45: UNREACHABLE (Error: http error: get_task_details failed: GET https://chat) - stays queued
BL-08#55: UNREACHABLE (Error: http error: get_task_details failed: GET https://chat) - stays queued
BL-08#29: UNREACHABLE (Error: http error: get_task_details failed: GET https://chat) - stays queued
BL-08#28: UNREACHABLE (Error: http error: get_task_details failed: GET https://chat) - stays queued
BL-08#14: UNREACHABLE (Error: http error: get_task_details failed: GET https://chat) - stays queued
BL-08#15: UNREACHABLE (Error: http error: get_task_details failed: GET https://chat) - stays queued
cloud_dose_E1.jsonl: foreign schema - left to cloud-collect-special.js
cloud_efamily.jsonl: foreign schema - left to cloud-collect-special.js
ER-01c#5: UNREACHABLE (Error: http error: get_task_details failed: GET https://chat) - stays queued
ER-01c#3: UNREACHABLE (Error: http error: get_task_details failed: GET https://chat) - stays queued
ER-01c#19: UNREACHABLE (Error: http error: get_task_details failed: GET https://chat) - stays queued
ER-01c#28: UNREACHABLE (Error: http error: get_task_details failed: GET https://chat) - stays queued
ER-01c#24: UNREACHABLE (Error: http error: get_task_details failed: GET https://chat) - stays queued
ER-01c#29: UNREACHABLE (Error: http error: get_task_details failed: GET https://chat) - stays queued
ER-01c#25: UNREACHABLE (Error: http error: get_task_details failed: GET https://chat) - stays queued
ER-01c#26: UNREACHABLE (Error: http error: get_task_details failed: GET https://chat) - stays queued
ER-01c#27: UNREACHABLE (Error: http error: get_task_details failed: GET https://chat) - stays queued
ER-01c#30: UNREACHABLE (Error: http error: get_task_details failed: GET https://chat) - stays queued
ER-01c#31: UNREACHABLE (Error: http error: get_task_details failed: GET https://chat) - stays queued
ER-01#3: UNREACHABLE (Error: http error: get_task_details failed: GET https://chat) - stays queued
ER-01#2: UNREACHABLE (Error: http error: get_task_details failed: GET https://chat) - stays queued
ER-01#1: UNREACHABLE (Error: http error: get_task_details failed: GET https://chat) - stays queued
ER-01#5: UNREACHABLE (Error: http error: get_task_details failed: GET https://chat) - stays queued
ER-01#21: UNREACHABLE (Error: http error: get_task_details failed: GET https://chat) - stays queued
ER-01#22: program
ER-01#27: program
ER-01#41: program
ER-01#40: program
ER-01#42: program
ER-01#43: program
ER-01#44: no-program
ER-01#45: program
ER-01#48: program
ER-01#49: no-program
ER-01#51: UNREACHABLE (Error: http error: get_task_details failed: GET https://chat) - stays queued
ER-01#52: UNREACHABLE (Error: http error: get_task_details failed: GET https://chat) - stays queued
ER-01#53: UNREACHABLE (Error: http error: get_task_details failed: GET https://chat) - stays queued
ER-01#54: UNREACHABLE (Error: http error: get_task_details failed: GET https://chat) - stays queued
ER-01#55: UNREACHABLE (Error: http error: get_task_details failed: GET https://chat) - stays queued
ER-01#56: UNREACHABLE (Error: http error: get_task_details failed: GET https://chat) - stays queued
ER-01#57: UNREACHABLE (Error: http error: get_task_details failed: GET https://chat) - stays queued
ER-01#59: UNREACHABLE (Error: http error: get_task_details failed: GET https://chat) - stays queued
ER-01#58: UNREACHABLE (Error: http error: get_task_details failed: GET https://chat) - stays queued
ER-01#32: UNREACHABLE (Error: http error: get_task_details failed: GET https://chat) - stays queued
ER-01#31: UNREACHABLE (Error: http error: get_task_details failed: GET https://chat) - stays queued
ER-01#1: UNREACHABLE (Error: http error: get_task_details failed: GET https://chat) - stays queued
ER-01#0: UNREACHABLE (Error: http error: get_task_details failed: GET https://chat) - stays queued
ER-01#5: UNREACHABLE (Error: http error: get_task_details failed: GET https://chat) - stays queued
ER-01#2: UNREACHABLE (Error: http error: get_task_details failed: GET https://chat) - stays queued
ER-01#4: UNREACHABLE (Error: http error: get_task_details failed: GET https://chat) - stays queued
OM-B#26: UNREACHABLE (Error: http error: get_task_details failed: GET https://chat) - stays queued
OM-B#27: UNREACHABLE (Error: http error: get_task_details failed: GET https://chat) - stays queued
OM-B#28: UNREACHABLE (Error: http error: get_task_details failed: GET https://chat) - stays queued
OM-B#29: UNREACHABLE (Error: http error: get_task_details failed: GET https://chat) - stays queued
OM-B#43: UNREACHABLE (Error: http error: get_task_details failed: GET https://chat) - stays queued
OM-B#44: UNREACHABLE (Error: http error: get_task_details failed: GET https://chat) - stays queued
OM-B#45: UNREACHABLE (Error: http error: get_task_details failed: GET https://chat) - stays queued
OM-B#46: UNREACHABLE (Error: http error: get_task_details failed: GET https://chat) - stays queued
OM-C#17: UNREACHABLE (Error: http error: get_task_details failed: GET https://chat) - stays queued
OM-C#16: UNREACHABLE (Error: http error: get_task_details failed: GET https://chat) - stays queued
OM-C#18: UNREACHABLE (Error: http error: get_task_details failed: GET https://chat) - stays queued
T1v0#89: UNREACHABLE (Error: http error: get_task_details failed: GET https://chat) - stays queued
T1v0#71: UNREACHABLE (Error: http error: get_task_details failed: GET https://chat) - stays queued
T1v0#75: UNREACHABLE (Error: http error: get_task_details failed: GET https://chat) - stays queued
T1v0#76: UNREACHABLE (Error: http error: get_task_details failed: GET https://chat) - stays queued
T1v0#79: UNREACHABLE (Error: http error: get_task_details failed: GET https://chat) - stays queued
T1v0#84: UNREACHABLE (Error: http error: get_task_details failed: GET https://chat) - stays queued
T1v0#81: UNREACHABLE (Error: http error: get_task_details failed: GET https://chat) - stays queued
T1v0#83: UNREACHABLE (Error: http error: get_task_details failed: GET https://chat) - stays queued
T1v0#80: UNREACHABLE (Error: http error: get_task_details failed: GET https://chat) - stays queued
COLLECTION PASS DONE
=== cloud_dose_E1.jsonl: 271 rows, 228 already collected
=== cloud_efamily.jsonl: 240 rows, 207 already collected
=== cloud_auditrefs.jsonl: 60 rows, 54 already collected
SPECIAL COLLECT: 0 harvested, 0 unreachable (stay queued), 0 still running
cloud_auditrefs.jsonl: foreign schema - left to cloud-collect-special.js
BL-01b#124: UNREACHABLE (Error: http error: get_task_details failed: GET https://chat) - stays queued
BL-01b#127: UNREACHABLE (Error: http error: get_task_details failed: GET https://chat) - stays queued
BL-01b#153: UNREACHABLE (Error: http error: get_task_details failed: GET https://chat) - stays queued
BL-01b#156: UNREACHABLE (Error: http error: get_task_details failed: GET https://chat) - stays queued
BL-01b#158: UNREACHABLE (Error: http error: get_task_details failed: GET https://chat) - stays queued
BL-01b#175: UNREACHABLE (Error: http error: get_task_details failed: GET https://chat) - stays queued
BL-01b#176: UNREACHABLE (Error: http error: get_task_details failed: GET https://chat) - stays queued
BL-01b#182: UNREACHABLE (Error: http error: get_task_details failed: GET https://chat) - stays queued
BL-01b#183: UNREACHABLE (Error: http error: get_task_details failed: GET https://chat) - stays queued
BL-01b#185: UNREACHABLE (Error: http error: get_task_details failed: GET https://chat) - stays queued
BL-01b#184: UNREACHABLE (Error: http error: get_task_details failed: GET https://chat) - stays queued
BL-01b#195: UNREACHABLE (Error: http error: get_task_details failed: GET https://chat) - stays queued
BL-01b#241: UNREACHABLE (Error: http error: get_task_details failed: GET https://chat) - stays queued
BL-01b#243: UNREACHABLE (Error: http error: get_task_details failed: GET https://chat) - stays queued
BL-01b#246: UNREACHABLE (Error: http error: get_task_details failed: GET https://chat) - stays queued
BL-01b#247: UNREACHABLE (Error: http error: get_task_details failed: GET https://chat) - stays queued
BL-01b#249: UNREACHABLE (Error: http error: get_task_details failed: GET https://chat) - stays queued
BL-01b#171: UNREACHABLE (Error: http error: get_task_details failed: GET https://chat) - stays queued
BL-01b#62: UNREACHABLE (Error: http error: get_task_details failed: GET https://chat) - stays queued
BL-01b#63: UNREACHABLE (Error: http error: get_task_details failed: GET https://chat) - stays queued
BL-01b#77: UNREACHABLE (Error: http error: get_task_details failed: GET https://chat) - stays queued
BL-01b#78: UNREACHABLE (Error: http error: get_task_details failed: GET https://chat) - stays queued
BL-01b#35: UNREACHABLE (Error: http error: get_task_details failed: GET https://chat) - stays queued
BL-01b#34: UNREACHABLE (Error: http error: get_task_details failed: GET https://chat) - stays queued
BL-01b#36: UNREACHABLE (Error: http error: get_task_details failed: GET https://chat) - stays queued
BL-01b#37: UNREACHABLE (Error: http error: get_task_details failed: GET https://chat) - stays queued
BL-01b#38: UNREACHABLE (Error: http error: get_task_details failed: GET https://chat) - stays queued
BL-01b#16: UNREACHABLE (Error: http error: get_task_details failed: GET https://chat) - stays queued
BL-01b#17: UNREACHABLE (Error: http error: get_task_details failed: GET https://chat) - stays queued
BL-01b#18: UNREACHABLE (Error: http error: get_task_details failed: GET https://chat) - stays queued
BL-01b#22: program
BL-01b#23: program
BL-01b#5: program
BL-01c#2: program
BL-01c#11: program
BL-01c#8: program
BL-01c#18: program
BL-01c#10: program
BL-01c#28: UNREACHABLE (Error: http error: get_task_details failed: GET https://chat) - stays queued
BL-01c#35: UNREACHABLE (Error: http error: get_task_details failed: GET https://chat) - stays queued
BL-01c#33: UNREACHABLE (Error: http error: get_task_details failed: GET https://chat) - stays queued
BL-01c#36: UNREACHABLE (Error: http error: get_task_details failed: GET https://chat) - stays queued
BL-01c#39: UNREACHABLE (Error: http error: get_task_details failed: GET https://chat) - stays queued
BL-01c#37: UNREACHABLE (Error: http error: get_task_details failed: GET https://chat) - stays queued
BL-01c#40: UNREACHABLE (Error: http error: get_task_details failed: GET https://chat) - stays queued
BL-01c#41: UNREACHABLE (Error: http error: get_task_details failed: GET https://chat) - stays queued
BL-01c#43: UNREACHABLE (Error: http error: get_task_details failed: GET https://chat) - stays queued
BL-01c#45: UNREACHABLE (Error: http error: get_task_details failed: GET https://chat) - stays queued
BL-01c#44: UNREACHABLE (Error: http error: get_task_details failed: GET https://chat) - stays queued
BL-01c#42: UNREACHABLE (Error: http error: get_task_details failed: GET https://chat) - stays queued
BL-01c#46: UNREACHABLE (Error: http error: get_task_details failed: GET https://chat) - stays queued
BL-01c#47: UNREACHABLE (Error: http error: get_task_details failed: GET https://chat) - stays queued
BL-01c#72: UNREACHABLE (Error: http error: get_task_details failed: GET https://chat) - stays queued
BL-01c#73: UNREACHABLE (Error: http error: get_task_details failed: GET https://chat) - stays queued
BL-01c#75: UNREACHABLE (Error: http error: get_task_details failed: GET https://chat) - stays queued
BL-01c#74: UNREACHABLE (Error: http error: get_task_details failed: GET https://chat) - stays queued
BL-01c#76: UNREACHABLE (Error: http error: get_task_details failed: GET https://chat) - stays queued
BL-03#44: UNREACHABLE (Error: http error: get_task_details failed: GET https://chat) - stays queued
BL-03#47: UNREACHABLE (Error: http error: get_task_details failed: GET https://chat) - stays queued
BL-04#3: UNREACHABLE (Error: http error: get_task_details failed: GET https://chat) - stays queued
BL-04#2: UNREACHABLE (Error: http error: get_task_details failed: GET https://chat) - stays queued
BL-04#5: UNREACHABLE (Error: http error: get_task_details failed: GET https://chat) - stays queued
BL-04#4: UNREACHABLE (Error: http error: get_task_details failed: GET https://chat) - stays queued
BL-04#8: UNREACHABLE (Error: http error: get_task_details failed: GET https://chat) - stays queued
BL-04#17: UNREACHABLE (Error: http error: get_task_details failed: GET https://chat) - stays queued
BL-04#18: UNREACHABLE (Error: http error: get_task_details failed: GET https://chat) - stays queued
BL-04#14: UNREACHABLE (Error: http error: get_task_details failed: GET https://chat) - stays queued
BL-04#19: UNREACHABLE (Error: http error: get_task_details failed: GET https://chat) - stays queued
BL-04#42: UNREACHABLE (Error: http error: get_task_details failed: GET https://chat) - stays queued
BL-04#43: UNREACHABLE (Error: http error: get_task_details failed: GET https://chat) - stays queued
BL-04#44: UNREACHABLE (Error: http error: get_task_details failed: GET https://chat) - stays queued
BL-05#18: UNREACHABLE (Error: http error: get_task_details failed: GET https://chat) - stays queued
BL-05#2: UNREACHABLE (Error: http error: get_task_details failed: GET https://chat) - stays queued
BL-05#10: UNREACHABLE (Error: http error: get_task_details failed: GET https://chat) - stays queued
BL-05#3: UNREACHABLE (Error: http error: get_task_details failed: GET https://chat) - stays queued
BL-05#31: UNREACHABLE (Error: http error: get_task_details failed: GET https://chat) - stays queued
BL-05#30: UNREACHABLE (Error: http error: get_task_details failed: GET https://chat) - stays queued
BL-05#32: UNREACHABLE (Error: http error: get_task_details failed: GET https://chat) - stays queued
BL-05#35: UNREACHABLE (Error: http error: get_task_details failed: GET https://chat) - stays queued
BL-05#46: UNREACHABLE (Error: http error: get_task_details failed: GET https://chat) - stays queued
BL-05#47: UNREACHABLE (Error: http error: get_task_details failed: GET https://chat) - stays queued
BL-05#48: UNREACHABLE (Error: http error: get_task_details failed: GET https://chat) - stays queued
BL-05#40: UNREACHABLE (Error: http error: get_task_details failed: GET https://chat) - stays queued
BL-05#39: UNREACHABLE (Error: http error: get_task_details failed: GET https://chat) - stays queued
BL-05#42: UNREACHABLE (Error: http error: get_task_details failed: GET https://chat) - stays queued
BL-05#54: UNREACHABLE (Error: http error: get_task_details failed: GET https://chat) - stays queued
BL-05#55: UNREACHABLE (Error: http error: get_task_details failed: GET https://chat) - stays queued
BL-05#56: UNREACHABLE (Error: http error: get_task_details failed: GET https://chat) - stays queued
BL-05#58: UNREACHABLE (Error: http error: get_task_details failed: GET https://chat) - stays queued
BL-05#5: program
BL-05#16: program
BL-05#32: program
BL-05#38: program
BL-05#39: program
BL-05#40: program
BL-05#41: program
BL-05#49: program
BL-05#46: program
BL-05#47: program
BL-05#51: program
BL-07#37: no-program
BL-07#38: UNREACHABLE (Error: http error: get_task_details failed: GET https://chat) - stays queued
BL-07#39: UNREACHABLE (Error: http error: get_task_details failed: GET https://chat) - stays queued
BL-07#40: UNREACHABLE (Error: http error: get_task_details failed: GET https://chat) - stays queued
BL-07#41: UNREACHABLE (Error: http error: get_task_details failed: GET https://chat) - stays queued
BL-07#42: UNREACHABLE (Error: http error: get_task_details failed: GET https://chat) - stays queued
BL-07#43: UNREACHABLE (Error: http error: get_task_details failed: GET https://chat) - stays queued
BL-08#4: UNREACHABLE (Error: http error: get_task_details failed: GET https://chat) - stays queued
BL-08#7: UNREACHABLE (Error: http error: get_task_details failed: GET https://chat) - stays queued
BL-08#6: UNREACHABLE (Error: http error: get_task_details failed: GET https://chat) - stays queued
BL-08#15: UNREACHABLE (Error: http error: get_task_details failed: GET https://chat) - stays queued
BL-08#13: UNREACHABLE (Error: http error: get_task_details failed: GET https://chat) - stays queued
BL-08#12: UNREACHABLE (Error: http error: get_task_details failed: GET https://chat) - stays queued
BL-08#17: UNREACHABLE (Error: http error: get_task_details failed: GET https://chat) - stays queued
BL-08#26: UNREACHABLE (Error: http error: get_task_details failed: GET https://chat) - stays queued
BL-08#28: UNREACHABLE (Error: http error: get_task_details failed: GET https://chat) - stays queued
BL-08#27: UNREACHABLE (Error: http error: get_task_details failed: GET https://chat) - stays queued
BL-08#24: UNREACHABLE (Error: http error: get_task_details failed: GET https://chat) - stays queued
BL-08#29: UNREACHABLE (Error: http error: get_task_details failed: GET https://chat) - stays queued
BL-08#30: UNREACHABLE (Error: http error: get_task_details failed: GET https://chat) - stays queued
BL-08#31: UNREACHABLE (Error: http error: get_task_details failed: GET https://chat) - stays queued
BL-08#32: UNREACHABLE (Error: http error: get_task_details failed: GET https://chat) - stays queued
BL-08#33: UNREACHABLE (Error: http error: get_task_details failed: GET https://chat) - stays queued
BL-08#39: UNREACHABLE (Error: http error: get_task_details failed: GET https://chat) - stays queued
BL-08#36: UNREACHABLE (Error: http error: get_task_details failed: GET https://chat) - stays queued
BL-08#45: UNREACHABLE (Error: http error: get_task_details failed: GET https://chat) - stays queued
BL-08#55: UNREACHABLE (Error: http error: get_task_details failed: GET https://chat) - stays queued
BL-08#29: UNREACHABLE (Error: http error: get_task_details failed: GET https://chat) - stays queued
BL-08#28: UNREACHABLE (Error: http error: get_task_details failed: GET https://chat) - stays queued
BL-08#14: UNREACHABLE (Error: http error: get_task_details failed: GET https://chat) - stays queued
BL-08#15: UNREACHABLE (Error: http error: get_task_details failed: GET https://chat) - stays queued
cloud_dose_E1.jsonl: foreign schema - left to cloud-collect-special.js
cloud_efamily.jsonl: foreign schema - left to cloud-collect-special.js
ER-01c#5: UNREACHABLE (Error: http error: get_task_details failed: GET https://chat) - stays queued
ER-01c#3: UNREACHABLE (Error: http error: get_task_details failed: GET https://chat) - stays queued
ER-01c#19: UNREACHABLE (Error: http error: get_task_details failed: GET https://chat) - stays queued
ER-01c#28: UNREACHABLE (Error: http error: get_task_details failed: GET https://chat) - stays queued
ER-01c#24: UNREACHABLE (Error: http error: get_task_details failed: GET https://chat) - stays queued
ER-01c#29: UNREACHABLE (Error: http error: get_task_details failed: GET https://chat) - stays queued
ER-01c#25: UNREACHABLE (Error: http error: get_task_details failed: GET https://chat) - stays queued
ER-01c#26: UNREACHABLE (Error: http error: get_task_details failed: GET https://chat) - stays queued
ER-01c#27: UNREACHABLE (Error: http error: get_task_details failed: GET https://chat) - stays queued
ER-01c#30: UNREACHABLE (Error: http error: get_task_details failed: GET https://chat) - stays queued
ER-01c#31: UNREACHABLE (Error: http error: get_task_details failed: GET https://chat) - stays queued
ER-01#3: UNREACHABLE (Error: http error: get_task_details failed: GET https://chat) - stays queued
ER-01#2: UNREACHABLE (Error: http error: get_task_details failed: GET https://chat) - stays queued
ER-01#1: UNREACHABLE (Error: http error: get_task_details failed: GET https://chat) - stays queued
ER-01#5: program
ER-01#21: no-program
ER-01#51: program
ER-01#52: no-program
ER-01#53: UNREACHABLE (Error: http error: get_task_details failed: GET https://chat) - stays queued
ER-01#54: UNREACHABLE (Error: http error: get_task_details failed: GET https://chat) - stays queued
ER-01#55: UNREACHABLE (Error: http error: get_task_details failed: GET https://chat) - stays queued
ER-01#56: UNREACHABLE (Error: http error: get_task_details failed: GET https://chat) - stays queued
ER-01#57: UNREACHABLE (Error: http error: get_task_details failed: GET https://chat) - stays queued
ER-01#59: UNREACHABLE (Error: http error: get_task_details failed: GET https://chat) - stays queued
ER-01#58: UNREACHABLE (Error: http error: get_task_details failed: GET https://chat) - stays queued
ER-01#32: UNREACHABLE (Error: http error: get_task_details failed: GET https://chat) - stays queued
ER-01#31: UNREACHABLE (Error: http error: get_task_details failed: GET https://chat) - stays queued
ER-01#1: UNREACHABLE (Error: http error: get_task_details failed: GET https://chat) - stays queued
ER-01#0: UNREACHABLE (Error: http error: get_task_details failed: GET https://chat) - stays queued
ER-01#5: UNREACHABLE (Error: http error: get_task_details failed: GET https://chat) - stays queued
ER-01#2: UNREACHABLE (Error: http error: get_task_details failed: GET https://chat) - stays queued
ER-01#4: UNREACHABLE (Error: http error: get_task_details failed: GET https://chat) - stays queued
OM-B#26: UNREACHABLE (Error: http error: get_task_details failed: GET https://chat) - stays queued
OM-B#27: UNREACHABLE (Error: http error: get_task_details failed: GET https://chat) - stays queued
OM-B#28: UNREACHABLE (Error: http error: get_task_details failed: GET https://chat) - stays queued
OM-B#29: UNREACHABLE (Error: http error: get_task_details failed: GET https://chat) - stays queued
OM-B#43: UNREACHABLE (Error: http error: get_task_details failed: GET https://chat) - stays queued
OM-B#44: UNREACHABLE (Error: http error: get_task_details failed: GET https://chat) - stays queued
OM-B#45: UNREACHABLE (Error: http error: get_task_details failed: GET https://chat) - stays queued
OM-B#46: UNREACHABLE (Error: http error: get_task_details failed: GET https://chat) - stays queued
OM-C#17: UNREACHABLE (Error: http error: get_task_details failed: GET https://chat) - stays queued
OM-C#16: UNREACHABLE (Error: http error: get_task_details failed: GET https://chat) - stays queued
OM-C#18: UNREACHABLE (Error: http error: get_task_details failed: GET https://chat) - stays queued
T1v0#89: UNREACHABLE (Error: http error: get_task_details failed: GET https://chat) - stays queued
T1v0#71: UNREACHABLE (Error: http error: get_task_details failed: GET https://chat) - stays queued
T1v0#75: UNREACHABLE (Error: http error: get_task_details failed: GET https://chat) - stays queued
T1v0#76: UNREACHABLE (Error: http error: get_task_details failed: GET https://chat) - stays queued
T1v0#79: UNREACHABLE (Error: http error: get_task_details failed: GET https://chat) - stays queued
T1v0#84: UNREACHABLE (Error: http error: get_task_details failed: GET https://chat) - stays queued
T1v0#81: UNREACHABLE (Error: http error: get_task_details failed: GET https://chat) - stays queued
T1v0#83: UNREACHABLE (Error: http error: get_task_details failed: GET https://chat) - stays queued
T1v0#80: UNREACHABLE (Error: http error: get_task_details failed: GET https://chat) - stays queued
COLLECTION PASS DONE
=== cloud_dose_E1.jsonl: 271 rows, 228 already collected
=== cloud_efamily.jsonl: 240 rows, 207 already collected
=== cloud_auditrefs.jsonl: 60 rows, 54 already collected
SPECIAL COLLECT: 0 harvested, 0 unreachable (stay queued), 0 still running
cloud_auditrefs.jsonl: foreign schema - left to cloud-collect-special.js
BL-01b#124: program
BL-01b#127: program
BL-01b#153: program
BL-01b#156: program
BL-01b#158: program
BL-01b#175: program
BL-01b#176: program
BL-01b#182: program
BL-01b#183: program
BL-01b#185: program
BL-01b#184: program
BL-01b#195: no-program
BL-01b#241: program
BL-01b#243: no-program
BL-01b#246: UNREACHABLE (Error: http error: get_task_details failed: GET https://chat) - stays queued
BL-01b#247: UNREACHABLE (Error: http error: get_task_details failed: GET https://chat) - stays queued
BL-01b#249: UNREACHABLE (Error: http error: get_task_details failed: GET https://chat) - stays queued
BL-01b#171: UNREACHABLE (Error: http error: get_task_details failed: GET https://chat) - stays queued
BL-01b#62: UNREACHABLE (Error: http error: get_task_details failed: GET https://chat) - stays queued
BL-01b#63: UNREACHABLE (Error: http error: get_task_details failed: GET https://chat) - stays queued
BL-01b#77: UNREACHABLE (Error: http error: get_task_details failed: GET https://chat) - stays queued
BL-01b#78: UNREACHABLE (Error: http error: get_task_details failed: GET https://chat) - stays queued
BL-01b#35: UNREACHABLE (Error: http error: get_task_details failed: GET https://chat) - stays queued
BL-01b#34: UNREACHABLE (Error: http error: get_task_details failed: GET https://chat) - stays queued
BL-01b#36: UNREACHABLE (Error: http error: get_task_details failed: GET https://chat) - stays queued
BL-01b#37: UNREACHABLE (Error: http error: get_task_details failed: GET https://chat) - stays queued
BL-01b#38: UNREACHABLE (Error: http error: get_task_details failed: GET https://chat) - stays queued
BL-01b#16: UNREACHABLE (Error: http error: get_task_details failed: GET https://chat) - stays queued
BL-01b#17: UNREACHABLE (Error: http error: get_task_details failed: GET https://chat) - stays queued
BL-01b#18: UNREACHABLE (Error: http error: get_task_details failed: GET https://chat) - stays queued
BL-01c#28: UNREACHABLE (Error: http error: get_task_details failed: GET https://chat) - stays queued
BL-01c#35: UNREACHABLE (Error: http error: get_task_details failed: GET https://chat) - stays queued
BL-01c#33: UNREACHABLE (Error: http error: get_task_details failed: GET https://chat) - stays queued
BL-01c#36: UNREACHABLE (Error: http error: get_task_details failed: GET https://chat) - stays queued
BL-01c#39: UNREACHABLE (Error: http error: get_task_details failed: GET https://chat) - stays queued
BL-01c#37: program
BL-01c#40: program
BL-01c#41: program
BL-01c#43: no-program
BL-01c#45: program
BL-01c#44: program
BL-01c#42: program
BL-01c#46: program
BL-01c#47: no-program
BL-01c#72: program
BL-01c#73: program
BL-01c#75: no-program
BL-01c#74: program
BL-01c#76: no-program
BL-03#44: UNREACHABLE (Error: http error: get_task_details failed: GET https://chat) - stays queued
BL-03#47: UNREACHABLE (Error: http error: get_task_details failed: GET https://chat) - stays queued
BL-04#3: UNREACHABLE (Error: http error: get_task_details failed: GET https://chat) - stays queued
BL-04#2: UNREACHABLE (Error: http error: get_task_details failed: GET https://chat) - stays queued
BL-04#5: UNREACHABLE (Error: http error: get_task_details failed: GET https://chat) - stays queued
BL-04#4: UNREACHABLE (Error: http error: get_task_details failed: GET https://chat) - stays queued
BL-04#8: UNREACHABLE (Error: http error: get_task_details failed: GET https://chat) - stays queued
BL-04#17: UNREACHABLE (Error: http error: get_task_details failed: GET https://chat) - stays queued
BL-04#18: UNREACHABLE (Error: http error: get_task_details failed: GET https://chat) - stays queued
BL-04#14: UNREACHABLE (Error: http error: get_task_details failed: GET https://chat) - stays queued
BL-04#19: UNREACHABLE (Error: http error: get_task_details failed: GET https://chat) - stays queued
BL-04#42: UNREACHABLE (Error: http error: get_task_details failed: GET https://chat) - stays queued
BL-04#43: UNREACHABLE (Error: http error: get_task_details failed: GET https://chat) - stays queued
BL-04#44: UNREACHABLE (Error: http error: get_task_details failed: GET https://chat) - stays queued
BL-05#18: UNREACHABLE (Error: http error: get_task_details failed: GET https://chat) - stays queued
BL-05#2: UNREACHABLE (Error: http error: get_task_details failed: GET https://chat) - stays queued
BL-05#10: UNREACHABLE (Error: http error: get_task_details failed: GET https://chat) - stays queued
BL-05#3: UNREACHABLE (Error: http error: get_task_details failed: GET https://chat) - stays queued
BL-05#31: UNREACHABLE (Error: http error: get_task_details failed: GET https://chat) - stays queued
BL-05#30: program
BL-05#32: program
BL-05#35: program
BL-05#46: program
BL-05#47: program
BL-05#48: program
BL-05#40: program
BL-05#39: program
BL-05#42: program
BL-05#54: program
BL-05#55: program
BL-05#56: program
BL-05#58: program
BL-07#38: no-program
BL-07#39: UNREACHABLE (Error: http error: get_task_details failed: GET https://chat) - stays queued
BL-07#40: UNREACHABLE (Error: http error: get_task_details failed: GET https://chat) - stays queued
BL-07#41: UNREACHABLE (Error: http error: get_task_details failed: GET https://chat) - stays queued
BL-07#42: UNREACHABLE (Error: http error: get_task_details failed: GET https://chat) - stays queued
BL-07#43: UNREACHABLE (Error: http error: get_task_details failed: GET https://chat) - stays queued
BL-08#4: UNREACHABLE (Error: http error: get_task_details failed: GET https://chat) - stays queued
BL-08#7: UNREACHABLE (Error: http error: get_task_details failed: GET https://chat) - stays queued
BL-08#6: UNREACHABLE (Error: http error: get_task_details failed: GET https://chat) - stays queued
BL-08#15: UNREACHABLE (Error: http error: get_task_details failed: GET https://chat) - stays queued
BL-08#13: UNREACHABLE (Error: http error: get_task_details failed: GET https://chat) - stays queued
BL-08#12: UNREACHABLE (Error: http error: get_task_details failed: GET https://chat) - stays queued
BL-08#17: UNREACHABLE (Error: http error: get_task_details failed: GET https://chat) - stays queued
BL-08#26: program
BL-08#28: program
BL-08#27: program
BL-08#24: program
BL-08#29: program
BL-08#30: program
BL-08#31: program
BL-08#32: program
BL-08#33: program
BL-08#39: program
BL-08#36: program
BL-08#45: program
BL-08#55: program
BL-08#29: no-program
BL-08#28: UNREACHABLE (Error: http error: get_task_details failed: GET https://chat) - stays queued
BL-08#14: UNREACHABLE (Error: http error: get_task_details failed: GET https://chat) - stays queued
BL-08#15: UNREACHABLE (Error: http error: get_task_details failed: GET https://chat) - stays queued
cloud_dose_E1.jsonl: foreign schema - left to cloud-collect-special.js
cloud_efamily.jsonl: foreign schema - left to cloud-collect-special.js
ER-01c#5: UNREACHABLE (Error: http error: get_task_details failed: GET https://chat) - stays queued
ER-01c#3: UNREACHABLE (Error: http error: get_task_details failed: GET https://chat) - stays queued
ER-01c#19: UNREACHABLE (Error: http error: get_task_details failed: GET https://chat) - stays queued
ER-01c#28: UNREACHABLE (Error: http error: get_task_details failed: GET https://chat) - stays queued
ER-01c#24: UNREACHABLE (Error: http error: get_task_details failed: GET https://chat) - stays queued
ER-01c#29: UNREACHABLE (Error: http error: get_task_details failed: GET https://chat) - stays queued
ER-01c#25: UNREACHABLE (Error: http error: get_task_details failed: GET https://chat) - stays queued
ER-01c#26: UNREACHABLE (Error: http error: get_task_details failed: GET https://chat) - stays queued
ER-01c#27: UNREACHABLE (Error: http error: get_task_details failed: GET https://chat) - stays queued
ER-01c#30: UNREACHABLE (Error: http error: get_task_details failed: GET https://chat) - stays queued
ER-01c#31: UNREACHABLE (Error: http error: get_task_details failed: GET https://chat) - stays queued
ER-01#3: UNREACHABLE (Error: http error: get_task_details failed: GET https://chat) - stays queued
ER-01#2: UNREACHABLE (Error: http error: get_task_details failed: GET https://chat) - stays queued
ER-01#1: UNREACHABLE (Error: http error: get_task_details failed: GET https://chat) - stays queued
ER-01#53: program
ER-01#54: program
ER-01#55: program
ER-01#56: program
ER-01#57: program
ER-01#59: program
ER-01#58: program
ER-01#32: program
ER-01#31: program
ER-01#1: program
ER-01#0: program
ER-01#5: program
ER-01#2: program
ER-01#4: no-program
OM-B#26: UNREACHABLE (Error: http error: get_task_details failed: GET https://chat) - stays queued
OM-B#27: UNREACHABLE (Error: http error: get_task_details failed: GET https://chat) - stays queued
OM-B#28: UNREACHABLE (Error: http error: get_task_details failed: GET https://chat) - stays queued
OM-B#29: UNREACHABLE (Error: http error: get_task_details failed: GET https://chat) - stays queued
OM-B#43: UNREACHABLE (Error: http error: get_task_details failed: GET https://chat) - stays queued
OM-B#44: UNREACHABLE (Error: http error: get_task_details failed: GET https://chat) - stays queued
OM-B#45: UNREACHABLE (Error: http error: get_task_details failed: GET https://chat) - stays queued
OM-B#46: UNREACHABLE (Error: http error: get_task_details failed: GET https://chat) - stays queued
OM-C#17: UNREACHABLE (Error: http error: get_task_details failed: GET https://chat) - stays queued
OM-C#16: UNREACHABLE (Error: http error: get_task_details failed: GET https://chat) - stays queued
OM-C#18: UNREACHABLE (Error: http error: get_task_details failed: GET https://chat) - stays queued
T1v0#89: UNREACHABLE (Error: http error: get_task_details failed: GET https://chat) - stays queued
T1v0#71: UNREACHABLE (Error: http error: get_task_details failed: GET https://chat) - stays queued
T1v0#75: UNREACHABLE (Error: http error: get_task_details failed: GET https://chat) - stays queued
T1v0#76: UNREACHABLE (Error: http error: get_task_details failed: GET https://chat) - stays queued
T1v0#79: UNREACHABLE (Error: http error: get_task_details failed: GET https://chat) - stays queued
T1v0#84: UNREACHABLE (Error: http error: get_task_details failed: GET https://chat) - stays queued
T1v0#81: UNREACHABLE (Error: http error: get_task_details failed: GET https://chat) - stays queued
T1v0#83: UNREACHABLE (Error: http error: get_task_details failed: GET https://chat) - stays queued
T1v0#80: UNREACHABLE (Error: http error: get_task_details failed: GET https://chat) - stays queued
COLLECTION PASS DONE
=== cloud_dose_E1.jsonl: 271 rows, 228 already collected
=== cloud_efamily.jsonl: 240 rows, 207 already collected
=== cloud_auditrefs.jsonl: 60 rows, 54 already collected
SPECIAL COLLECT: 0 harvested, 0 unreachable (stay queued), 0 still running
cloud_auditrefs.jsonl: foreign schema - left to cloud-collect-special.js
BL-01b#246: program
BL-01b#247: program
BL-01b#249: program
BL-01b#171: program
BL-01b#62: program
BL-01b#63: program
BL-01b#77: program
BL-01b#78: program
BL-01b#35: program
BL-01b#34: program
BL-01b#36: program
BL-01b#37: program
BL-01b#38: program
BL-01b#16: no-program
BL-01b#17: UNREACHABLE (Error: http error: get_task_details failed: GET https://chat) - stays queued
BL-01b#18: UNREACHABLE (Error: http error: get_task_details failed: GET https://chat) - stays queued
BL-01c#28: UNREACHABLE (Error: http error: get_task_details failed: GET https://chat) - stays queued
BL-01c#35: UNREACHABLE (Error: http error: get_task_details failed: GET https://chat) - stays queued
BL-01c#33: UNREACHABLE (Error: http error: get_task_details failed: GET https://chat) - stays queued
BL-01c#36: UNREACHABLE (Error: http error: get_task_details failed: GET https://chat) - stays queued
BL-01c#39: UNREACHABLE (Error: http error: get_task_details failed: GET https://chat) - stays queued
BL-03#44: UNREACHABLE (Error: http error: get_task_details failed: GET https://chat) - stays queued
BL-03#47: UNREACHABLE (Error: http error: get_task_details failed: GET https://chat) - stays queued
BL-04#3: UNREACHABLE (Error: http error: get_task_details failed: GET https://chat) - stays queued
BL-04#2: UNREACHABLE (Error: http error: get_task_details failed: GET https://chat) - stays queued
BL-04#5: UNREACHABLE (Error: http error: get_task_details failed: GET https://chat) - stays queued
BL-04#4: UNREACHABLE (Error: http error: get_task_details failed: GET https://chat) - stays queued
BL-04#8: UNREACHABLE (Error: http error: get_task_details failed: GET https://chat) - stays queued
BL-04#17: UNREACHABLE (Error: http error: get_task_details failed: GET https://chat) - stays queued
BL-04#18: UNREACHABLE (Error: http error: get_task_details failed: GET https://chat) - stays queued
BL-04#14: UNREACHABLE (Error: http error: get_task_details failed: GET https://chat) - stays queued
BL-04#19: UNREACHABLE (Error: http error: get_task_details failed: GET https://chat) - stays queued
BL-04#42: UNREACHABLE (Error: http error: get_task_details failed: GET https://chat) - stays queued
BL-04#43: UNREACHABLE (Error: http error: get_task_details failed: GET https://chat) - stays queued
BL-04#44: UNREACHABLE (Error: http error: get_task_details failed: GET https://chat) - stays queued
BL-05#18: UNREACHABLE (Error: http error: get_task_details failed: GET https://chat) - stays queued
BL-05#2: UNREACHABLE (Error: http error: get_task_details failed: GET https://chat) - stays queued
BL-05#10: UNREACHABLE (Error: http error: get_task_details failed: GET https://chat) - stays queued
BL-05#3: UNREACHABLE (Error: http error: get_task_details failed: GET https://chat) - stays queued
BL-05#31: UNREACHABLE (Error: http error: get_task_details failed: GET https://chat) - stays queued
BL-07#39: UNREACHABLE (Error: http error: get_task_details failed: GET https://chat) - stays queued
BL-07#40: program
BL-07#41: program
BL-07#42: program
BL-07#43: program
BL-08#4: program
BL-08#7: program
BL-08#6: program
BL-08#15: program
BL-08#13: no-program
BL-08#12: program
BL-08#17: no-program
BL-08#28: program
BL-08#14: program
BL-08#15: no-program
cloud_dose_E1.jsonl: foreign schema - left to cloud-collect-special.js
cloud_efamily.jsonl: foreign schema - left to cloud-collect-special.js
ER-01c#5: UNREACHABLE (Error: http error: get_task_details failed: GET https://chat) - stays queued
ER-01c#3: UNREACHABLE (Error: http error: get_task_details failed: GET https://chat) - stays queued
ER-01c#19: UNREACHABLE (Error: http error: get_task_details failed: GET https://chat) - stays queued
ER-01c#28: UNREACHABLE (Error: http error: get_task_details failed: GET https://chat) - stays queued
ER-01c#24: UNREACHABLE (Error: http error: get_task_details failed: GET https://chat) - stays queued
ER-01c#29: UNREACHABLE (Error: http error: get_task_details failed: GET https://chat) - stays queued
ER-01c#25: UNREACHABLE (Error: http error: get_task_details failed: GET https://chat) - stays queued
ER-01c#26: UNREACHABLE (Error: http error: get_task_details failed: GET https://chat) - stays queued
ER-01c#27: UNREACHABLE (Error: http error: get_task_details failed: GET https://chat) - stays queued
ER-01c#30: UNREACHABLE (Error: http error: get_task_details failed: GET https://chat) - stays queued
ER-01c#31: UNREACHABLE (Error: http error: get_task_details failed: GET https://chat) - stays queued
ER-01#3: UNREACHABLE (Error: http error: get_task_details failed: GET https://chat) - stays queued
ER-01#2: UNREACHABLE (Error: http error: get_task_details failed: GET https://chat) - stays queued
ER-01#1: UNREACHABLE (Error: http error: get_task_details failed: GET https://chat) - stays queued
OM-B#26: UNREACHABLE (Error: http error: get_task_details failed: GET https://chat) - stays queued
OM-B#27: UNREACHABLE (Error: http error: get_task_details failed: GET https://chat) - stays queued
OM-B#28: UNREACHABLE (Error: http error: get_task_details failed: GET https://chat) - stays queued
OM-B#29: program
OM-B#43: program
OM-B#44: program
OM-B#45: program
OM-B#46: program
OM-C#17: program
OM-C#16: program
OM-C#18: program
T1v0#89: program
T1v0#71: program
T1v0#75: program
T1v0#76: program
T1v0#79: program
T1v0#84: no-program
T1v0#81: UNREACHABLE (Error: http error: get_task_details failed: GET https://chat) - stays queued
T1v0#83: UNREACHABLE (Error: http error: get_task_details failed: GET https://chat) - stays queued
T1v0#80: UNREACHABLE (Error: http error: get_task_details failed: GET https://chat) - stays queued
COLLECTION PASS DONE
=== cloud_dose_E1.jsonl: 271 rows, 228 already collected
=== cloud_efamily.jsonl: 240 rows, 207 already collected
=== cloud_auditrefs.jsonl: 60 rows, 54 already collected
SPECIAL COLLECT: 0 harvested, 0 unreachable (stay queued), 0 still running
cloud_auditrefs.jsonl: foreign schema - left to cloud-collect-special.js
BL-01b#17: program
BL-01b#18: program
BL-01c#28: still running
BL-01c#35: program
BL-01c#33: UNREACHABLE (Error: http error: get_task_details failed: GET https://chat) - stays queued
BL-01c#36: UNREACHABLE (Error: http error: get_task_details failed: GET https://chat) - stays queued
BL-01c#39: UNREACHABLE (Error: http error: get_task_details failed: GET https://chat) - stays queued
BL-03#44: UNREACHABLE (Error: http error: get_task_details failed: GET https://chat) - stays queued
BL-03#47: UNREACHABLE (Error: http error: get_task_details failed: GET https://chat) - stays queued
BL-04#3: UNREACHABLE (Error: http error: get_task_details failed: GET https://chat) - stays queued
BL-04#2: UNREACHABLE (Error: http error: get_task_details failed: GET https://chat) - stays queued
BL-04#5: UNREACHABLE (Error: http error: get_task_details failed: GET https://chat) - stays queued
BL-04#4: UNREACHABLE (Error: http error: get_task_details failed: GET https://chat) - stays queued
BL-04#8: UNREACHABLE (Error: http error: get_task_details failed: GET https://chat) - stays queued
BL-04#17: UNREACHABLE (Error: http error: get_task_details failed: GET https://chat) - stays queued
BL-04#18: UNREACHABLE (Error: http error: get_task_details failed: GET https://chat) - stays queued
BL-04#14: UNREACHABLE (Error: http error: get_task_details failed: GET https://chat) - stays queued
BL-04#19: UNREACHABLE (Error: http error: get_task_details failed: GET https://chat) - stays queued
BL-04#42: UNREACHABLE (Error: http error: get_task_details failed: GET https://chat) - stays queued
BL-04#43: UNREACHABLE (Error: http error: get_task_details failed: GET https://chat) - stays queued
BL-04#44: UNREACHABLE (Error: http error: get_task_details failed: GET https://chat) - stays queued
BL-05#18: UNREACHABLE (Error: http error: get_task_details failed: GET https://chat) - stays queued
BL-05#2: UNREACHABLE (Error: http error: get_task_details failed: GET https://chat) - stays queued
BL-05#10: UNREACHABLE (Error: http error: get_task_details failed: GET https://chat) - stays queued
BL-05#3: UNREACHABLE (Error: http error: get_task_details failed: GET https://chat) - stays queued
BL-05#31: UNREACHABLE (Error: http error: get_task_details failed: GET https://chat) - stays queued
BL-07#39: UNREACHABLE (Error: http error: get_task_details failed: GET https://chat) - stays queued
cloud_dose_E1.jsonl: foreign schema - left to cloud-collect-special.js
cloud_efamily.jsonl: foreign schema - left to cloud-collect-special.js
ER-01c#5: UNREACHABLE (Error: http error: get_task_details failed: GET https://chat) - stays queued
ER-01c#3: UNREACHABLE (Error: http error: get_task_details failed: GET https://chat) - stays queued
ER-01c#19: UNREACHABLE (Error: http error: get_task_details failed: GET https://chat) - stays queued
ER-01c#28: UNREACHABLE (Error: http error: get_task_details failed: GET https://chat) - stays queued
ER-01c#24: UNREACHABLE (Error: http error: get_task_details failed: GET https://chat) - stays queued
ER-01c#29: UNREACHABLE (Error: http error: get_task_details failed: GET https://chat) - stays queued
ER-01c#25: UNREACHABLE (Error: http error: get_task_details failed: GET https://chat) - stays queued
ER-01c#26: UNREACHABLE (Error: http error: get_task_details failed: GET https://chat) - stays queued
ER-01c#27: UNREACHABLE (Error: http error: get_task_details failed: GET https://chat) - stays queued
ER-01c#30: UNREACHABLE (Error: http error: get_task_details failed: GET https://chat) - stays queued
ER-01c#31: UNREACHABLE (Error: http error: get_task_details failed: GET https://chat) - stays queued
ER-01#3: UNREACHABLE (Error: http error: get_task_details failed: GET https://chat) - stays queued
ER-01#2: UNREACHABLE (Error: http error: get_task_details failed: GET https://chat) - stays queued
ER-01#1: UNREACHABLE (Error: http error: get_task_details failed: GET https://chat) - stays queued
OM-B#26: UNREACHABLE (Error: http error: get_task_details failed: GET https://chat) - stays queued
OM-B#27: UNREACHABLE (Error: http error: get_task_details failed: GET https://chat) - stays queued
OM-B#28: UNREACHABLE (Error: http error: get_task_details failed: GET https://chat) - stays queued
T1v0#81: UNREACHABLE (Error: http error: get_task_details failed: GET https://chat) - stays queued
T1v0#83: UNREACHABLE (Error: http error: get_task_details failed: GET https://chat) - stays queued
T1v0#80: UNREACHABLE (Error: http error: get_task_details failed: GET https://chat) - stays queued
COLLECTION PASS DONE
=== cloud_dose_E1.jsonl: 271 rows, 228 already collected
=== cloud_efamily.jsonl: 240 rows, 207 already collected
=== cloud_auditrefs.jsonl: 60 rows, 54 already collected
SPECIAL COLLECT: 0 harvested, 0 unreachable (stay queued), 0 still running
cloud_auditrefs.jsonl: foreign schema - left to cloud-collect-special.js
BL-01c#28: still running
BL-01c#33: program
BL-01c#36: program
BL-01c#39: program
BL-03#44: program
BL-03#47: program
BL-04#3: program
BL-04#2: program
BL-04#5: program
BL-04#4: program
BL-04#8: program
BL-04#17: program
BL-04#18: program
BL-04#14: program
BL-04#19: UNREACHABLE (Error: http error: get_task_details failed: GET https://chat) - stays queued
BL-04#42: UNREACHABLE (Error: http error: get_task_details failed: GET https://chat) - stays queued
BL-04#43: UNREACHABLE (Error: http error: get_task_details failed: GET https://chat) - stays queued
BL-04#44: UNREACHABLE (Error: http error: get_task_details failed: GET https://chat) - stays queued
BL-05#18: UNREACHABLE (Error: http error: get_task_details failed: GET https://chat) - stays queued
BL-05#2: UNREACHABLE (Error: http error: get_task_details failed: GET https://chat) - stays queued
BL-05#10: UNREACHABLE (Error: http error: get_task_details failed: GET https://chat) - stays queued
BL-05#3: UNREACHABLE (Error: http error: get_task_details failed: GET https://chat) - stays queued
BL-05#31: UNREACHABLE (Error: http error: get_task_details failed: GET https://chat) - stays queued
BL-07#39: UNREACHABLE (Error: http error: get_task_details failed: GET https://chat) - stays queued
cloud_dose_E1.jsonl: foreign schema - left to cloud-collect-special.js
cloud_efamily.jsonl: foreign schema - left to cloud-collect-special.js
ER-01c#5: UNREACHABLE (Error: http error: get_task_details failed: GET https://chat) - stays queued
ER-01c#3: UNREACHABLE (Error: http error: get_task_details failed: GET https://chat) - stays queued
ER-01c#19: UNREACHABLE (Error: http error: get_task_details failed: GET https://chat) - stays queued
ER-01c#28: UNREACHABLE (Error: http error: get_task_details failed: GET https://chat) - stays queued
ER-01c#24: UNREACHABLE (Error: http error: get_task_details failed: GET https://chat) - stays queued
ER-01c#29: UNREACHABLE (Error: http error: get_task_details failed: GET https://chat) - stays queued
ER-01c#25: UNREACHABLE (Error: http error: get_task_details failed: GET https://chat) - stays queued
ER-01c#26: UNREACHABLE (Error: http error: get_task_details failed: GET https://chat) - stays queued
ER-01c#27: UNREACHABLE (Error: http error: get_task_details failed: GET https://chat) - stays queued
ER-01c#30: UNREACHABLE (Error: http error: get_task_details failed: GET https://chat) - stays queued
ER-01c#31: UNREACHABLE (Error: http error: get_task_details failed: GET https://chat) - stays queued
ER-01#3: UNREACHABLE (Error: http error: get_task_details failed: GET https://chat) - stays queued
ER-01#2: program
ER-01#1: program
OM-B#26: program
OM-B#27: program
OM-B#28: program
T1v0#81: program
T1v0#83: program
T1v0#80: program
COLLECTION PASS DONE
=== cloud_dose_E1.jsonl: 271 rows, 228 already collected
=== cloud_efamily.jsonl: 240 rows, 207 already collected
=== cloud_auditrefs.jsonl: 60 rows, 54 already collected
SPECIAL COLLECT: 0 harvested, 0 unreachable (stay queued), 0 still running
cloud_auditrefs.jsonl: foreign schema - left to cloud-collect-special.js
BL-01c#28: still running
BL-04#19: program
BL-04#42: program
BL-04#43: program
BL-04#44: program
BL-05#18: program
BL-05#2: program
BL-05#10: program
BL-05#3: program
BL-05#31: program
BL-07#39: program
cloud_dose_E1.jsonl: foreign schema - left to cloud-collect-special.js
cloud_efamily.jsonl: foreign schema - left to cloud-collect-special.js
ER-01c#5: program
ER-01c#3: program
ER-01c#19: program
ER-01c#28: UNREACHABLE (Error: http error: get_task_details failed: GET https://chat) - stays queued
ER-01c#24: UNREACHABLE (Error: http error: get_task_details failed: GET https://chat) - stays queued
ER-01c#29: UNREACHABLE (Error: http error: get_task_details failed: GET https://chat) - stays queued
ER-01c#25: UNREACHABLE (Error: http error: get_task_details failed: GET https://chat) - stays queued
ER-01c#26: UNREACHABLE (Error: http error: get_task_details failed: GET https://chat) - stays queued
ER-01c#27: UNREACHABLE (Error: http error: get_task_details failed: GET https://chat) - stays queued
ER-01c#30: UNREACHABLE (Error: http error: get_task_details failed: GET https://chat) - stays queued
ER-01c#31: UNREACHABLE (Error: http error: get_task_details failed: GET https://chat) - stays queued
ER-01#3: UNREACHABLE (Error: http error: get_task_details failed: GET https://chat) - stays queued
COLLECTION PASS DONE
=== cloud_dose_E1.jsonl: 271 rows, 228 already collected
=== cloud_efamily.jsonl: 240 rows, 207 already collected
=== cloud_auditrefs.jsonl: 60 rows, 54 already collected
SPECIAL COLLECT: 0 harvested, 0 unreachable (stay queued), 0 still running
cloud_auditrefs.jsonl: foreign schema - left to cloud-collect-special.js
BL-01c#28: still running
cloud_dose_E1.jsonl: foreign schema - left to cloud-collect-special.js
cloud_efamily.jsonl: foreign schema - left to cloud-collect-special.js
ER-01c#28: program
ER-01c#24: program
ER-01c#29: program
ER-01c#25: program
ER-01c#26: program
ER-01c#27: program
ER-01c#30: program
ER-01c#31: program
ER-01#3: program
COLLECTION PASS DONE
=== cloud_dose_E1.jsonl: 271 rows, 228 already collected
=== cloud_efamily.jsonl: 240 rows, 207 already collected
=== cloud_auditrefs.jsonl: 60 rows, 54 already collected
SPECIAL COLLECT: 0 harvested, 0 unreachable (stay queued), 0 still running
